0.659796 0.659321 0.660437 0.648963 0.638034 0.628956 0.621610 0.615900 0.611754 0.609121 0.607969 0.608284 0.610070 0.613349 0.618160 0.624564 0.632642 0.642499 0.654270 0.668120 0.684253 0.702920 0.724427 0.743964 0.734487 0.726978 0.721341 0.717507 0.715427 0.715077 0.716452 0.719570 0.724467 0.731206 0.739870 0.750572 0.763454 0.778695 0.796515 0.817184 0.841034 0.868474 0.900006 0.905877 0.878107 0.853986 0.833107 0.815142 0.799822 0.786927 0.776282 0.767747 0.761211 0.756592 0.753834 0.752904 0.753789 0.756501 0.755976 0.732900 0.712857 0.695512 0.680592 0.667873 0.657176 0.648353 0.641288 0.635891 0.632094 0.629850 0.629133 0.629933 0.632260 0.636143 0.641629 0.648787 0.657709 0.668513 0.681346 0.696392 0.713877 0.734076 0.757329 0.768409 0.747860 0.730094 0.714834 0.701856 0.690975 0.682045 0.674947 0.669593 0.665914 0.663866 0.663424 0.664583 0.667356 0.671777 0.677902 0.685806 0.695593 0.707392 0.721365 0.737715 0.756689 0.778590 0.803790 0.832749 0.866037 0.904367 0.948638 1.000000 0.971177 0.923288 0.881924 0.846058 0.814882 0.787752 0.764152 0.743664 0.725950 0.710732 0.697785 0.686927 0.678011 0.670918 0.665559 0.661866 6577.000000 1.283512 0.845157
0.667356 0.671777 0.677902 0.685806 0.695593 0.707392 0.721365 0.737715 0.756689 0.778590 0.803790 0.832749 0.866037 0.904367 0.948638 1.000000 0.971177 0.923288 0.881924 0.846058 0.814882 0.787752 0.764152 0.743664 0.725950 0.710732 0.697785 0.686927 0.678011 0.670918 0.665559 0.661866 0.659796 0.659321 0.660437 0.648963 0.638034 0.628956 0.621610 0.615900 0.611754 0.609121 0.607969 0.608284 0.610070 0.613349 0.618160 0.624564 0.632642 0.642499 0.654270 0.668120 0.684253 0.702920 0.724427 0.743964 0.734487 0.726978 0.721341 0.717507 0.715427 0.715077 0.716452 0.719570 0.724467 0.731206 0.739870 0.750572 0.763454 0.778695 0.796515 0.817184 0.841034 0.868474 0.900006 0.905877 0.878107 0.853986 0.833107 0.815142 0.799822 0.786927 0.776282 0.767747 0.761211 0.756592 0.753834 0.752904 0.753789 0.756501 0.755976 0.732900 0.712857 0.695512 0.680592 0.667873 0.657176 0.648353 0.641288 0.635891 0.632094 0.629850 0.629133 0.629933 0.632260 0.636143 0.641629 0.648787 0.657709 0.668513 0.681346 0.696392 0.713877 0.734076 0.757329 0.768409 0.747860 0.730094 0.714834 0.701856 0.690975 0.682045 0.674947 0.669593 0.665914 0.663866 0.663424 0.664583 6577.000000 1.283512 0.845157
0.657176 0.648353 0.641288 0.635891 0.632094 0.629850 0.629133 0.629933 0.632260 0.636143 0.641629 0.648787 0.657709 0.668513 0.681346 0.696392 0.713877 0.734076 0.757329 0.768409 0.747860 0.730094 0.714834 0.701856 0.690975 0.682045 0.674947 0.669593 0.665914 0.663866 0.663424 0.664583 0.667356 0.671777 0.677902 0.685806 0.695593 0.707392 0.721365 0.737715 0.756689 0.778590 0.803790 0.832749 0.866037 0.904367 0.948638 1.000000 0.971177 0.923288 0.881924 0.846058 0.814882 0.787752 0.764152 0.743664 0.725950 0.710732 0.697785 0.686927 0.678011 0.670918 0.665559 0.661866 0.659796 0.659321 0.660437 0.648963 0.638034 0.628956 0.621610 0.615900 0.611754 0.609121 0.607969 0.608284 0.610070 0.613349 0.618160 0.624564 0.632642 0.642499 0.654270 0.668120 0.684253 0.702920 0.724427 0.743964 0.734487 0.726978 0.721341 0.717507 0.715427 0.715077 0.716452 0.719570 0.724467 0.731206 0.739870 0.750572 0.763454 0.778695 0.796515 0.817184 0.841034 0.868474 0.900006 0.905877 0.878107 0.853986 0.833107 0.815142 0.799822 0.786927 0.776282 0.767747 0.761211 0.756592 0.753834 0.752904 0.753789 0.756501 0.755976 0.732900 0.712857 0.695512 0.680592 0.667873 6577.000000 1.283512 0.845157
0.724467 0.731206 0.739870 0.750572 0.763454 0.778695 0.796515 0.817184 0.841034 0.868474 0.900006 0.905877 0.878107 0.853986 0.833107 0.815142 0.799822 0.786927 0.776282 0.767747 0.761211 0.756592 0.753834 0.752904 0.753789 0.756501 0.755976 0.732900 0.712857 0.695512 0.680592 0.667873 0.657176 0.648353 0.641288 0.635891 0.632094 0.629850 0.629133 0.629933 0.632260 0.636143 0.641629 0.648787 0.657709 0.668513 0.681346 0.696392 0.713877 0.734076 0.757329 0.768409 0.747860 0.730094 0.714834 0.701856 0.690975 0.682045 0.674947 0.669593 0.665914 0.663866 0.663424 0.664583 0.667356 0.671777 0.677902 0.685806 0.695593 0.707392 0.721365 0.737715 0.756689 0.778590 0.803790 0.832749 0.866037 0.904367 0.948638 1.000000 0.971177 0.923288 0.881924 0.846058 0.814882 0.787752 0.764152 0.743664 0.725950 0.710732 0.697785 0.686927 0.678011 0.670918 0.665559 0.661866 0.659796 0.659321 0.660437 0.648963 0.638034 0.628956 0.621610 0.615900 0.611754 0.609121 0.607969 0.608284 0.610070 0.613349 0.618160 0.624564 0.632642 0.642499 0.654270 0.668120 0.684253 0.702920 0.724427 0.743964 0.734487 0.726978 0.721341 0.717507 0.715427 0.715077 0.716452 0.719570 6577.000000 1.283512 0.845157
0.767542 0.746069 0.727470 0.711447 0.697761 0.686212 0.676644 0.668927 0.662965 0.658680 0.656020 0.654953 0.655467 0.657566 0.661277 0.666646 0.673739 0.682646 0.693485 0.706404 0.721584 0.739250 0.759680 0.783211 0.810261 0.841346 0.877109 0.918357 0.910871 0.872211 0.838637 0.809430 0.784014 0.761925 0.742787 0.726294 0.712196 0.700289 0.690410 0.682427 0.676237 0.671762 0.668947 0.667758 0.668179 0.670217 0.673895 0.679260 0.686377 0.695338 0.687627 0.668959 0.652809 0.638923 0.627095 0.617157 0.608973 0.602435 0.597461 0.593987 0.591971 0.591389 0.592233 0.594514 0.598259 0.603516 0.610348 0.618845 0.629119 0.641311 0.655595 0.672187 0.691349 0.713404 0.738751 0.767884 0.801419 0.840133 0.885018 0.937355 0.998829 1.000000 0.945449 0.898596 0.858136 0.823060 0.792573 0.766044 0.742965 0.722927 0.705597 0.690702 0.678024 0.667381 0.658629 0.651654 0.646365 0.642698 0.640606 0.640065 0.641068 0.643627 0.647774 0.653559 0.661055 0.670359 0.665831 0.658258 0.652409 0.648211 0.645612 0.644580 0.645104 0.647188 0.650859 0.656162 0.663163 0.671951 0.682641 0.695380 0.710347 0.727764 0.747904 0.771101 0.797766 0.828408 0.820650 0.792252 7968.500000 1.171802 0.795511
0.646365 0.642698 0.640606 0.640065 0.641068 0.643627 0.647774 0.653559 0.661055 0.670359 0.665831 0.658258 0.652409 0.648211 0.645612 0.644580 0.645104 0.647188 0.650859 0.656162 0.663163 0.671951 0.682641 0.695380 0.710347 0.727764 0.747904 0.771101 0.797766 0.828408 0.820650 0.792252 0.767542 0.746069 0.727470 0.711447 0.697761 0.686212 0.676644 0.668927 0.662965 0.658680 0.656020 0.654953 0.655467 0.657566 0.661277 0.666646 0.673739 0.682646 0.693485 0.706404 0.721584 0.739250 0.759680 0.783211 0.810261 0.841346 0.877109 0.918357 0.910871 0.872211 0.838637 0.809430 0.784014 0.761925 0.742787 0.726294 0.712196 0.700289 0.690410 0.682427 0.676237 0.671762 0.668947 0.667758 0.668179 0.670217 0.673895 0.679260 0.686377 0.695338 0.687627 0.668959 0.652809 0.638923 0.627095 0.617157 0.608973 0.602435 0.597461 0.593987 0.591971 0.591389 0.592233 0.594514 0.598259 0.603516 0.610348 0.618845 0.629119 0.641311 0.655595 0.672187 0.691349 0.713404 0.738751 0.767884 0.801419 0.840133 0.885018 0.937355 0.998829 1.000000 0.945449 0.898596 0.858136 0.823060 0.792573 0.766044 0.742965 0.722927 0.705597 0.690702 0.678024 0.667381 0.658629 0.651654 7968.500000 1.171802 0.795511
0.598259 0.603516 0.610348 0.618845 0.629119 0.641311 0.655595 0.672187 0.691349 0.713404 0.738751 0.767884 0.801419 0.840133 0.885018 0.937355 0.998829 1.000000 0.945449 0.898596 0.858136 0.823060 0.792573 0.766044 0.742965 0.722927 0.705597 0.690702 0.678024 0.667381 0.658629 0.651654 0.646365 0.642698 0.640606 0.640065 0.641068 0.643627 0.647774 0.653559 0.661055 0.670359 0.665831 0.658258 0.652409 0.648211 0.645612 0.644580 0.645104 0.647188 0.650859 0.656162 0.663163 0.671951 0.682641 0.695380 0.710347 0.727764 0.747904 0.771101 0.797766 0.828408 0.820650 0.792252 0.767542 0.746069 0.727470 0.711447 0.697761 0.686212 0.676644 0.668927 0.662965 0.658680 0.656020 0.654953 0.655467 0.657566 0.661277 0.666646 0.673739 0.682646 0.693485 0.706404 0.721584 0.739250 0.759680 0.783211 0.810261 0.841346 0.877109 0.918357 0.910871 0.872211 0.838637 0.809430 0.784014 0.761925 0.742787 0.726294 0.712196 0.700289 0.690410 0.682427 0.676237 0.671762 0.668947 0.667758 0.668179 0.670217 0.673895 0.679260 0.686377 0.695338 0.687627 0.668959 0.652809 0.638923 0.627095 0.617157 0.608973 0.602435 0.597461 0.593987 0.591971 0.591389 0.592233 0.594514 7968.500000 1.171802 0.795511
0.784014 0.761925 0.742787 0.726294 0.712196 0.700289 0.690410 0.682427 0.676237 0.671762 0.668947 0.667758 0.668179 0.670217 0.673895 0.679260 0.686377 0.695338 0.687627 0.668959 0.652809 0.638923 0.627095 0.617157 0.608973 0.602435 0.597461 0.593987 0.591971 0.591389 0.592233 0.594514 0.598259 0.603516 0.610348 0.618845 0.629119 0.641311 0.655595 0.672187 0.691349 0.713404 0.738751 0.767884 0.801419 0.840133 0.885018 0.937355 0.998829 1.000000 0.945449 0.898596 0.858136 0.823060 0.792573 0.766044 0.742965 0.722927 0.705597 0.690702 0.678024 0.667381 0.658629 0.651654 0.646365 0.642698 0.640606 0.640065 0.641068 0.643627 0.647774 0.653559 0.661055 0.670359 0.665831 0.658258 0.652409 0.648211 0.645612 0.644580 0.645104 0.647188 0.650859 0.656162 0.663163 0.671951 0.682641 0.695380 0.710347 0.727764 0.747904 0.771101 0.797766 0.828408 0.820650 0.792252 0.767542 0.746069 0.727470 0.711447 0.697761 0.686212 0.676644 0.668927 0.662965 0.658680 0.656020 0.654953 0.655467 0.657566 0.661277 0.666646 0.673739 0.682646 0.693485 0.706404 0.721584 0.739250 0.759680 0.783211 0.810261 0.841346 0.877109 0.918357 0.910871 0.872211 0.838637 0.809430 7968.500000 1.171802 0.795511
0.379782 0.378239 0.377615 0.377901 0.379102 0.383513 0.390378 0.398471 0.407910 0.418840 0.431440 0.445929 0.462579 0.481726 0.503792 0.529313 0.558976 0.593677 0.634601 0.683353 0.742155 0.814176 0.904090 1.000000 0.937755 0.884811 0.839440 0.800329 0.766465 0.737053 0.711467 0.689201 0.669852 0.653090 0.638647 0.626306 0.602273 0.576755 0.554592 0.535312 0.518535 0.503954 0.491322 0.480437 0.471135 0.463280 0.456766 0.451505 0.447429 0.444487 0.442644 0.441875 0.442173 0.443540 0.445994 0.449564 0.454295 0.460247 0.467498 0.476147 0.482906 0.488150 0.494713 0.502683 0.512168 0.523303 0.536253 0.551222 0.568459 0.588273 0.611042 0.637242 0.667470 0.702485 0.743266 0.791098 0.818957 0.772717 0.733092 0.698934 0.669359 0.643672 0.621326 0.601880 0.584982 0.570342 0.558277 0.554736 0.552563 0.551730 0.552229 0.554064 0.557258 0.561851 0.567900 0.575482 0.584697 0.595670 0.608556 0.623549 0.640881 0.660842 0.683787 0.710155 0.740493 0.775491 0.816024 0.863222 0.814935 0.745841 0.689077 0.641780 0.601915 0.568001 0.538934 0.513875 0.492176 0.473329 0.456933 0.442665 0.430266 0.419527 0.410274 0.402370 0.395699 0.390171 0.385711 0.382263 6749.000000 1.439379 0.619714
0.584697 0.595670 0.608556 0.623549 0.640881 0.660842 0.683787 0.710155 0.740493 0.775491 0.816024 0.863222 0.814935 0.745841 0.689077 0.641780 0.601915 0.568001 0.538934 0.513875 0.492176 0.473329 0.456933 0.442665 0.430266 0.419527 0.410274 0.402370 0.395699 0.390171 0.385711 0.382263 0.379782 0.378239 0.377615 0.377901 0.379102 0.383513 0.390378 0.398471 0.407910 0.418840 0.431440 0.445929 0.462579 0.481726 0.503792 0.529313 0.558976 0.593677 0.634601 0.683353 0.742155 0.814176 0.904090 1.000000 0.937755 0.884811 0.839440 0.800329 0.766465 0.737053 0.711467 0.689201 0.669852 0.653090 0.638647 0.626306 0.602273 0.576755 0.554592 0.535312 0.518535 0.503954 0.491322 0.480437 0.471135 0.463280 0.456766 0.451505 0.447429 0.444487 0.442644 0.441875 0.442173 0.443540 0.445994 0.449564 0.454295 0.460247 0.467498 0.476147 0.482906 0.488150 0.494713 0.502683 0.512168 0.523303 0.536253 0.551222 0.568459 0.588273 0.611042 0.637242 0.667470 0.702485 0.743266 0.791098 0.818957 0.772717 0.733092 0.698934 0.669359 0.643672 0.621326 0.601880 0.584982 0.570342 0.558277 0.554736 0.552563 0.551730 0.552229 0.554064 0.557258 0.561851 0.567900 0.575482 6749.000000 1.439379 0.619714
0.512168 0.523303 0.536253 0.551222 0.568459 0.588273 0.611042 0.637242 0.667470 0.702485 0.743266 0.791098 0.818957 0.772717 0.733092 0.698934 0.669359 0.643672 0.621326 0.601880 0.584982 0.570342 0.558277 0.554736 0.552563 0.551730 0.552229 0.554064 0.557258 0.561851 0.567900 0.575482 0.584697 0.595670 0.608556 0.623549 0.640881 0.660842 0.683787 0.710155 0.740493 0.775491 0.816024 0.863222 0.814935 0.745841 0.689077 0.641780 0.601915 0.568001 0.538934 0.513875 0.492176 0.473329 0.456933 0.442665 0.430266 0.419527 0.410274 0.402370 0.395699 0.390171 0.385711 0.382263 0.379782 0.378239 0.377615 0.377901 0.379102 0.383513 0.390378 0.398471 0.407910 0.418840 0.431440 0.445929 0.462579 0.481726 0.503792 0.529313 0.558976 0.593677 0.634601 0.683353 0.742155 0.814176 0.904090 1.000000 0.937755 0.884811 0.839440 0.800329 0.766465 0.737053 0.711467 0.689201 0.669852 0.653090 0.638647 0.626306 0.602273 0.576755 0.554592 0.535312 0.518535 0.503954 0.491322 0.480437 0.471135 0.463280 0.456766 0.451505 0.447429 0.444487 0.442644 0.441875 0.442173 0.443540 0.445994 0.449564 0.454295 0.460247 0.467498 0.476147 0.482906 0.488150 0.494713 0.502683 6749.000000 1.439379 0.619714
0.669852 0.653090 0.638647 0.626306 0.602273 0.576755 0.554592 0.535312 0.518535 0.503954 0.491322 0.480437 0.471135 0.463280 0.456766 0.451505 0.447429 0.444487 0.442644 0.441875 0.442173 0.443540 0.445994 0.449564 0.454295 0.460247 0.467498 0.476147 0.482906 0.488150 0.494713 0.502683 0.512168 0.523303 0.536253 0.551222 0.568459 0.588273 0.611042 0.637242 0.667470 0.702485 0.743266 0.791098 0.818957 0.772717 0.733092 0.698934 0.669359 0.643672 0.621326 0.601880 0.584982 0.570342 0.558277 0.554736 0.552563 0.551730 0.552229 0.554064 0.557258 0.561851 0.567900 0.575482 0.584697 0.595670 0.608556 0.623549 0.640881 0.660842 0.683787 0.710155 0.740493 0.775491 0.816024 0.863222 0.814935 0.745841 0.689077 0.641780 0.601915 0.568001 0.538934 0.513875 0.492176 0.473329 0.456933 0.442665 0.430266 0.419527 0.410274 0.402370 0.395699 0.390171 0.385711 0.382263 0.379782 0.378239 0.377615 0.377901 0.379102 0.383513 0.390378 0.398471 0.407910 0.418840 0.431440 0.445929 0.462579 0.481726 0.503792 0.529313 0.558976 0.593677 0.634601 0.683353 0.742155 0.814176 0.904090 1.000000 0.937755 0.884811 0.839440 0.800329 0.766465 0.737053 0.711467 0.689201 6749.000000 1.439379 0.619714
0.581406 0.555492 0.533018 0.513481 0.496479 0.481691 0.468854 0.457758 0.448231 0.440130 0.433342 0.427776 0.423358 0.420031 0.417755 0.416501 0.416255 0.417013 0.418785 0.421592 0.425468 0.430463 0.436641 0.444085 0.452896 0.463203 0.475162 0.488963 0.504842 0.523091 0.544067 0.568223 0.596125 0.628502 0.666296 0.710746 0.763523 0.826919 0.904170 1.000000 0.988335 0.872009 0.781867 0.710166 0.651950 0.603900 0.563711 0.529734 0.500758 0.475875 0.454390 0.435766 0.419579 0.405494 0.393240 0.382600 0.373396 0.365485 0.358748 0.353090 0.348434 0.344719 0.341898 0.339934 0.338805 0.338496 0.339003 0.340333 0.342502 0.345536 0.349474 0.354367 0.360278 0.367290 0.375503 0.385041 0.396054 0.408730 0.423298 0.440041 0.459316 0.481570 0.507375 0.537470 0.572827 0.614750 0.665021 0.726152 0.801786 0.897421 0.888227 0.830296 0.781226 0.739313 0.703277 0.672135 0.645122 0.621636 0.601198 0.583421 0.567995 0.554665 0.543225 0.533507 0.525374 0.518716 0.513446 0.509497 0.506820 0.505382 0.505166 0.506169 0.508403 0.511896 0.516690 0.522847 0.530445 0.539587 0.550398 0.563035 0.577691 0.594601 0.614055 0.636410 0.662109 0.687185 0.646303 0.611402 5247.500000 1.636161 0.552379
0.645122 0.621636 0.601198 0.583421 0.567995 0.554665 0.543225 0.533507 0.525374 0.518716 0.513446 0.509497 0.506820 0.505382 0.505166 0.506169 0.508403 0.511896 0.516690 0.522847 0.530445 0.539587 0.550398 0.563035 0.577691 0.594601 0.614055 0.636410 0.662109 0.687185 0.646303 0.611402 0.581406 0.555492 0.533018 0.513481 0.496479 0.481691 0.468854 0.457758 0.448231 0.440130 0.433342 0.427776 0.423358 0.420031 0.417755 0.416501 0.416255 0.417013 0.418785 0.421592 0.425468 0.430463 0.436641 0.444085 0.452896 0.463203 0.475162 0.488963 0.504842 0.523091 0.544067 0.568223 0.596125 0.628502 0.666296 0.710746 0.763523 0.826919 0.904170 1.000000 0.988335 0.872009 0.781867 0.710166 0.651950 0.603900 0.563711 0.529734 0.500758 0.475875 0.454390 0.435766 0.419579 0.405494 0.393240 0.382600 0.373396 0.365485 0.358748 0.353090 0.348434 0.344719 0.341898 0.339934 0.338805 0.338496 0.339003 0.340333 0.342502 0.345536 0.349474 0.354367 0.360278 0.367290 0.375503 0.385041 0.396054 0.408730 0.423298 0.440041 0.459316 0.481570 0.507375 0.537470 0.572827 0.614750 0.665021 0.726152 0.801786 0.897421 0.888227 0.830296 0.781226 0.739313 0.703277 0.672135 5247.500000 1.636161 0.552379
0.338805 0.338496 0.339003 0.340333 0.342502 0.345536 0.349474 0.354367 0.360278 0.367290 0.375503 0.385041 0.396054 0.408730 0.423298 0.440041 0.459316 0.481570 0.507375 0.537470 0.572827 0.614750 0.665021 0.726152 0.801786 0.897421 0.888227 0.830296 0.781226 0.739313 0.703277 0.672135 0.645122 0.621636 0.601198 0.583421 0.567995 0.554665 0.543225 0.533507 0.525374 0.518716 0.513446 0.509497 0.506820 0.505382 0.505166 0.506169 0.508403 0.511896 0.516690 0.522847 0.530445 0.539587 0.550398 0.563035 0.577691 0.594601 0.614055 0.636410 0.662109 0.687185 0.646303 0.611402 0.581406 0.555492 0.533018 0.513481 0.496479 0.481691 0.468854 0.457758 0.448231 0.440130 0.433342 0.427776 0.423358 0.420031 0.417755 0.416501 0.416255 0.417013 0.418785 0.421592 0.425468 0.430463 0.436641 0.444085 0.452896 0.463203 0.475162 0.488963 0.504842 0.523091 0.544067 0.568223 0.596125 0.628502 0.666296 0.710746 0.763523 0.826919 0.904170 1.000000 0.988335 0.872009 0.781867 0.710166 0.651950 0.603900 0.563711 0.529734 0.500758 0.475875 0.454390 0.435766 0.419579 0.405494 0.393240 0.382600 0.373396 0.365485 0.358748 0.353090 0.348434 0.344719 0.341898 0.339934 5247.500000 1.636161 0.552379
0.596125 0.628502 0.666296 0.710746 0.763523 0.826919 0.904170 1.000000 0.988335 0.872009 0.781867 0.710166 0.651950 0.603900 0.563711 0.529734 0.500758 0.475875 0.454390 0.435766 0.419579 0.405494 0.393240 0.382600 0.373396 0.365485 0.358748 0.353090 0.348434 0.344719 0.341898 0.339934 0.338805 0.338496 0.339003 0.340333 0.342502 0.345536 0.349474 0.354367 0.360278 0.367290 0.375503 0.385041 0.396054 0.408730 0.423298 0.440041 0.459316 0.481570 0.507375 0.537470 0.572827 0.614750 0.665021 0.726152 0.801786 0.897421 0.888227 0.830296 0.781226 0.739313 0.703277 0.672135 0.645122 0.621636 0.601198 0.583421 0.567995 0.554665 0.543225 0.533507 0.525374 0.518716 0.513446 0.509497 0.506820 0.505382 0.505166 0.506169 0.508403 0.511896 0.516690 0.522847 0.530445 0.539587 0.550398 0.563035 0.577691 0.594601 0.614055 0.636410 0.662109 0.687185 0.646303 0.611402 0.581406 0.555492 0.533018 0.513481 0.496479 0.481691 0.468854 0.457758 0.448231 0.440130 0.433342 0.427776 0.423358 0.420031 0.417755 0.416501 0.416255 0.417013 0.418785 0.421592 0.425468 0.430463 0.436641 0.444085 0.452896 0.463203 0.475162 0.488963 0.504842 0.523091 0.544067 0.568223 5247.500000 1.636161 0.552379
0.777642 0.799528 0.798961 0.797297 0.797558 0.799746 0.803888 0.810035 0.818263 0.828677 0.841412 0.856641 0.874577 0.895484 0.919684 0.947576 0.979645 1.000000 0.949066 0.905143 0.867103 0.834059 0.805311 0.780295 0.758559 0.739735 0.723524 0.709680 0.698007 0.688343 0.680560 0.674557 0.670261 0.667617 0.661069 0.647410 0.635804 0.626089 0.618133 0.611832 0.607106 0.603896 0.602163 0.601886 0.603061 0.605703 0.609844 0.615535 0.622847 0.631877 0.642742 0.655595 0.670622 0.688049 0.708158 0.731293 0.757878 0.788440 0.823638 0.819969 0.816080 0.814180 0.814245 0.816277 0.820301 0.826364 0.834544 0.844943 0.857697 0.872977 0.890997 0.912020 0.936369 0.930258 0.898214 0.870331 0.846103 0.825123 0.807054 0.791627 0.778618 0.767850 0.759180 0.752496 0.747715 0.744776 0.743646 0.744309 0.746773 0.751070 0.757251 0.765394 0.775603 0.773463 0.753872 0.736981 0.722532 0.710318 0.700168 0.691948 0.685551 0.680896 0.677927 0.676606 0.676917 0.678866 0.682474 0.687787 0.694870 0.703814 0.714736 0.727783 0.717229 0.707516 0.699725 0.693757 0.689537 0.687013 0.686155 0.686951 0.689413 0.693568 0.699470 0.707191 0.716831 0.728516 0.742407 0.758701 1195.500000 1.283831 0.875539
0.722532 0.710318 0.700168 0.691948 0.685551 0.680896 0.677927 0.676606 0.676917 0.678866 0.682474 0.687787 0.694870 0.703814 0.714736 0.727783 0.717229 0.707516 0.699725 0.693757 0.689537 0.687013 0.686155 0.686951 0.689413 0.693568 0.699470 0.707191 0.716831 0.728516 0.742407 0.758701 0.777642 0.799528 0.798961 0.797297 0.797558 0.799746 0.803888 0.810035 0.818263 0.828677 0.841412 0.856641 0.874577 0.895484 0.919684 0.947576 0.979645 1.000000 0.949066 0.905143 0.867103 0.834059 0.805311 0.780295 0.758559 0.739735 0.723524 0.709680 0.698007 0.688343 0.680560 0.674557 0.670261 0.667617 0.661069 0.647410 0.635804 0.626089 0.618133 0.611832 0.607106 0.603896 0.602163 0.601886 0.603061 0.605703 0.609844 0.615535 0.622847 0.631877 0.642742 0.655595 0.670622 0.688049 0.708158 0.731293 0.757878 0.788440 0.823638 0.819969 0.816080 0.814180 0.814245 0.816277 0.820301 0.826364 0.834544 0.844943 0.857697 0.872977 0.890997 0.912020 0.936369 0.930258 0.898214 0.870331 0.846103 0.825123 0.807054 0.791627 0.778618 0.767850 0.759180 0.752496 0.747715 0.744776 0.743646 0.744309 0.746773 0.751070 0.757251 0.765394 0.775603 0.773463 0.753872 0.736981 1195.500000 1.283831 0.875539
0.820301 0.826364 0.834544 0.844943 0.857697 0.872977 0.890997 0.912020 0.936369 0.930258 0.898214 0.870331 0.846103 0.825123 0.807054 0.791627 0.778618 0.767850 0.759180 0.752496 0.747715 0.744776 0.743646 0.744309 0.746773 0.751070 0.757251 0.765394 0.775603 0.773463 0.753872 0.736981 0.722532 0.710318 0.700168 0.691948 0.685551 0.680896 0.677927 0.676606 0.676917 0.678866 0.682474 0.687787 0.694870 0.703814 0.714736 0.727783 0.717229 0.707516 0.699725 0.693757 0.689537 0.687013 0.686155 0.686951 0.689413 0.693568 0.699470 0.707191 0.716831 0.728516 0.742407 0.758701 0.777642 0.799528 0.798961 0.797297 0.797558 0.799746 0.803888 0.810035 0.818263 0.828677 0.841412 0.856641 0.874577 0.895484 0.919684 0.947576 0.979645 1.000000 0.949066 0.905143 0.867103 0.834059 0.805311 0.780295 0.758559 0.739735 0.723524 0.709680 0.698007 0.688343 0.680560 0.674557 0.670261 0.667617 0.661069 0.647410 0.635804 0.626089 0.618133 0.611832 0.607106 0.603896 0.602163 0.601886 0.603061 0.605703 0.609844 0.615535 0.622847 0.631877 0.642742 0.655595 0.670622 0.688049 0.708158 0.731293 0.757878 0.788440 0.823638 0.819969 0.816080 0.814180 0.814245 0.816277 1195.500000 1.283831 0.875539
0.670261 0.667617 0.661069 0.647410 0.635804 0.626089 0.618133 0.611832 0.607106 0.603896 0.602163 0.601886 0.603061 0.605703 0.609844 0.615535 0.622847 0.631877 0.642742 0.655595 0.670622 0.688049 0.708158 0.731293 0.757878 0.788440 0.823638 0.819969 0.816080 0.814180 0.814245 0.816277 0.820301 0.826364 0.834544 0.844943 0.857697 0.872977 0.890997 0.912020 0.936369 0.930258 0.898214 0.870331 0.846103 0.825123 0.807054 0.791627 0.778618 0.767850 0.759180 0.752496 0.747715 0.744776 0.743646 0.744309 0.746773 0.751070 0.757251 0.765394 0.775603 0.773463 0.753872 0.736981 0.722532 0.710318 0.700168 0.691948 0.685551 0.680896 0.677927 0.676606 0.676917 0.678866 0.682474 0.687787 0.694870 0.703814 0.714736 0.727783 0.717229 0.707516 0.699725 0.693757 0.689537 0.687013 0.686155 0.686951 0.689413 0.693568 0.699470 0.707191 0.716831 0.728516 0.742407 0.758701 0.777642 0.799528 0.798961 0.797297 0.797558 0.799746 0.803888 0.810035 0.818263 0.828677 0.841412 0.856641 0.874577 0.895484 0.919684 0.947576 0.979645 1.000000 0.949066 0.905143 0.867103 0.834059 0.805311 0.780295 0.758559 0.739735 0.723524 0.709680 0.698007 0.688343 0.680560 0.674557 1195.500000 1.283831 0.875539
1.000000 0.932704 0.864605 0.807586 0.759339 0.718164 0.682785 0.652226 0.625727 0.602694 0.582649 0.565213 0.550076 0.536990 0.525748 0.516186 0.508167 0.501584 0.496350 0.492397 0.489678 0.488158 0.487819 0.488656 0.490681 0.493917 0.498406 0.504202 0.511381 0.520038 0.530293 0.542294 0.556221 0.572297 0.590796 0.612055 0.636491 0.651079 0.635042 0.621236 0.609455 0.599529 0.591324 0.584729 0.579662 0.576057 0.573870 0.573076 0.573664 0.575641 0.579032 0.583878 0.590239 0.598198 0.607859 0.619353 0.632844 0.648534 0.666668 0.687549 0.711551 0.739133 0.770873 0.807493 0.849916 0.861987 0.816252 0.776902 0.742880 0.713359 0.687688 0.665347 0.645920 0.629067 0.614514 0.602037 0.591453 0.582614 0.575401 0.569720 0.565499 0.562686 0.561246 0.561162 0.562433 0.565073 0.569117 0.574613 0.581631 0.590262 0.600621 0.612854 0.627138 0.631182 0.608437 0.588642 0.571429 0.556495 0.543599 0.532541 0.523159 0.515322 0.508924 0.503882 0.500132 0.497627 0.496337 0.496246 0.497354 0.499672 0.503230 0.508072 0.514259 0.521872 0.531011 0.541805 0.554411 0.569020 0.585869 0.605250 0.627520 0.653125 0.682622 0.716719 0.756319 0.802597 0.857108 0.921945 4763.000000 1.502328 0.720809
0.571429 0.556495 0.543599 0.532541 0.523159 0.515322 0.508924 0.503882 0.500132 0.497627 0.496337 0.496246 0.497354 0.499672 0.503230 0.508072 0.514259 0.521872 0.531011 0.541805 0.554411 0.569020 0.585869 0.605250 0.627520 0.653125 0.682622 0.716719 0.756319 0.802597 0.857108 0.921945 1.000000 0.932704 0.864605 0.807586 0.759339 0.718164 0.682785 0.652226 0.625727 0.602694 0.582649 0.565213 0.550076 0.536990 0.525748 0.516186 0.508167 0.501584 0.496350 0.492397 0.489678 0.488158 0.487819 0.488656 0.490681 0.493917 0.498406 0.504202 0.511381 0.520038 0.530293 0.542294 0.556221 0.572297 0.590796 0.612055 0.636491 0.651079 0.635042 0.621236 0.609455 0.599529 0.591324 0.584729 0.579662 0.576057 0.573870 0.573076 0.573664 0.575641 0.579032 0.583878 0.590239 0.598198 0.607859 0.619353 0.632844 0.648534 0.666668 0.687549 0.711551 0.739133 0.770873 0.807493 0.849916 0.861987 0.816252 0.776902 0.742880 0.713359 0.687688 0.665347 0.645920 0.629067 0.614514 0.602037 0.591453 0.582614 0.575401 0.569720 0.565499 0.562686 0.561246 0.561162 0.562433 0.565073 0.569117 0.574613 0.581631 0.590262 0.600621 0.612854 0.627138 0.631182 0.608437 0.588642 4763.000000 1.502328 0.720809
0.849916 0.861987 0.816252 0.776902 0.742880 0.713359 0.687688 0.665347 0.645920 0.629067 0.614514 0.602037 0.591453 0.582614 0.575401 0.569720 0.565499 0.562686 0.561246 0.561162 0.562433 0.565073 0.569117 0.574613 0.581631 0.590262 0.600621 0.612854 0.627138 0.631182 0.608437 0.588642 0.571429 0.556495 0.543599 0.532541 0.523159 0.515322 0.508924 0.503882 0.500132 0.497627 0.496337 0.496246 0.497354 0.499672 0.503230 0.508072 0.514259 0.521872 0.531011 0.541805 0.554411 0.569020 0.585869 0.605250 0.627520 0.653125 0.682622 0.716719 0.756319 0.802597 0.857108 0.921945 1.000000 0.932704 0.864605 0.807586 0.759339 0.718164 0.682785 0.652226 0.625727 0.602694 0.582649 0.565213 0.550076 0.536990 0.525748 0.516186 0.508167 0.501584 0.496350 0.492397 0.489678 0.488158 0.487819 0.488656 0.490681 0.493917 0.498406 0.504202 0.511381 0.520038 0.530293 0.542294 0.556221 0.572297 0.590796 0.612055 0.636491 0.651079 0.635042 0.621236 0.609455 0.599529 0.591324 0.584729 0.579662 0.576057 0.573870 0.573076 0.573664 0.575641 0.579032 0.583878 0.590239 0.598198 0.607859 0.619353 0.632844 0.648534 0.666668 0.687549 0.711551 0.739133 0.770873 0.807493 4763.000000 1.502328 0.720809
0.556221 0.572297 0.590796 0.612055 0.636491 0.651079 0.635042 0.621236 0.609455 0.599529 0.591324 0.584729 0.579662 0.576057 0.573870 0.573076 0.573664 0.575641 0.579032 0.583878 0.590239 0.598198 0.607859 0.619353 0.632844 0.648534 0.666668 0.687549 0.711551 0.739133 0.770873 0.807493 0.849916 0.861987 0.816252 0.776902 0.742880 0.713359 0.687688 0.665347 0.645920 0.629067 0.614514 0.602037 0.591453 0.582614 0.575401 0.569720 0.565499 0.562686 0.561246 0.561162 0.562433 0.565073 0.569117 0.574613 0.581631 0.590262 0.600621 0.612854 0.627138 0.631182 0.608437 0.588642 0.571429 0.556495 0.543599 0.532541 0.523159 0.515322 0.508924 0.503882 0.500132 0.497627 0.496337 0.496246 0.497354 0.499672 0.503230 0.508072 0.514259 0.521872 0.531011 0.541805 0.554411 0.569020 0.585869 0.605250 0.627520 0.653125 0.682622 0.716719 0.756319 0.802597 0.857108 0.921945 1.000000 0.932704 0.864605 0.807586 0.759339 0.718164 0.682785 0.652226 0.625727 0.602694 0.582649 0.565213 0.550076 0.536990 0.525748 0.516186 0.508167 0.501584 0.496350 0.492397 0.489678 0.488158 0.487819 0.488656 0.490681 0.493917 0.498406 0.504202 0.511381 0.520038 0.530293 0.542294 4763.000000 1.502328 0.720809
0.721499 0.709757 0.700051 0.692252 0.686259 0.681999 0.679418 0.678484 0.679187 0.681536 0.685557 0.691302 0.698842 0.708273 0.719720 0.733338 0.749322 0.767909 0.789392 0.807810 0.801840 0.797866 0.795839 0.795734 0.797550 0.801310 0.807059 0.814867 0.824835 0.837092 0.851801 0.869168 0.889445 0.912943 0.940042 0.971210 1.000000 0.982907 0.968682 0.957136 0.948120 0.941518 0.937251 0.935264 0.935536 0.938068 0.942891 0.950065 0.959678 0.971853 0.986749 0.934761 0.857009 0.792962 0.739480 0.694323 0.655854 0.622844 0.594362 0.569683 0.548240 0.529582 0.518452 0.527281 0.537734 0.549962 0.564149 0.580523 0.599363 0.621014 0.645901 0.674560 0.707664 0.746074 0.790908 0.843638 0.855959 0.841061 0.828635 0.818514 0.810567 0.804692 0.800817 0.798895 0.798902 0.800838 0.804727 0.810617 0.818580 0.828717 0.841160 0.856076 0.873674 0.894209 0.917998 0.909883 0.901023 0.894467 0.890135 0.887974 0.887957 0.890085 0.894382 0.900902 0.909726 0.920965 0.934765 0.951311 0.970835 0.992679 0.951287 0.915325 0.884035 0.856810 0.833158 0.812683 0.795059 0.780022 0.767358 0.756893 0.748489 0.742037 0.737457 0.734692 0.733709 0.734495 0.737061 0.735437 9464.000000 1.244326 0.818462
0.901023 0.894467 0.890135 0.887974 0.887957 0.890085 0.894382 0.900902 0.909726 0.920965 0.934765 0.951311 0.970835 0.992679 0.951287 0.915325 0.884035 0.856810 0.833158 0.812683 0.795059 0.780022 0.767358 0.756893 0.748489 0.742037 0.737457 0.734692 0.733709 0.734495 0.737061 0.735437 0.721499 0.709757 0.700051 0.692252 0.686259 0.681999 0.679418 0.678484 0.679187 0.681536 0.685557 0.691302 0.698842 0.708273 0.719720 0.733338 0.749322 0.767909 0.789392 0.807810 0.801840 0.797866 0.795839 0.795734 0.797550 0.801310 0.807059 0.814867 0.824835 0.837092 0.851801 0.869168 0.889445 0.912943 0.940042 0.971210 1.000000 0.982907 0.968682 0.957136 0.948120 0.941518 0.937251 0.935264 0.935536 0.938068 0.942891 0.950065 0.959678 0.971853 0.986749 0.934761 0.857009 0.792962 0.739480 0.694323 0.655854 0.622844 0.594362 0.569683 0.548240 0.529582 0.518452 0.527281 0.537734 0.549962 0.564149 0.580523 0.599363 0.621014 0.645901 0.674560 0.707664 0.746074 0.790908 0.843638 0.855959 0.841061 0.828635 0.818514 0.810567 0.804692 0.800817 0.798895 0.798902 0.800838 0.804727 0.810617 0.818580 0.828717 0.841160 0.856076 0.873674 0.894209 0.917998 0.909883 9464.000000 1.244326 0.818462
0.537734 0.549962 0.564149 0.580523 0.599363 0.621014 0.645901 0.674560 0.707664 0.746074 0.790908 0.843638 0.855959 0.841061 0.828635 0.818514 0.810567 0.804692 0.800817 0.798895 0.798902 0.800838 0.804727 0.810617 0.818580 0.828717 0.841160 0.856076 0.873674 0.894209 0.917998 0.909883 0.901023 0.894467 0.890135 0.887974 0.887957 0.890085 0.894382 0.900902 0.909726 0.920965 0.934765 0.951311 0.970835 0.992679 0.951287 0.915325 0.884035 0.856810 0.833158 0.812683 0.795059 0.780022 0.767358 0.756893 0.748489 0.742037 0.737457 0.734692 0.733709 0.734495 0.737061 0.735437 0.721499 0.709757 0.700051 0.692252 0.686259 0.681999 0.679418 0.678484 0.679187 0.681536 0.685557 0.691302 0.698842 0.708273 0.719720 0.733338 0.749322 0.767909 0.789392 0.807810 0.801840 0.797866 0.795839 0.795734 0.797550 0.801310 0.807059 0.814867 0.824835 0.837092 0.851801 0.869168 0.889445 0.912943 0.940042 0.971210 1.000000 0.982907 0.968682 0.957136 0.948120 0.941518 0.937251 0.935264 0.935536 0.938068 0.942891 0.950065 0.959678 0.971853 0.986749 0.934761 0.857009 0.792962 0.739480 0.694323 0.655854 0.622844 0.594362 0.569683 0.548240 0.529582 0.518452 0.527281 9464.000000 1.244326 0.818462
0.889445 0.912943 0.940042 0.971210 1.000000 0.982907 0.968682 0.957136 0.948120 0.941518 0.937251 0.935264 0.935536 0.938068 0.942891 0.950065 0.959678 0.971853 0.986749 0.934761 0.857009 0.792962 0.739480 0.694323 0.655854 0.622844 0.594362 0.569683 0.548240 0.529582 0.518452 0.527281 0.537734 0.549962 0.564149 0.580523 0.599363 0.621014 0.645901 0.674560 0.707664 0.746074 0.790908 0.843638 0.855959 0.841061 0.828635 0.818514 0.810567 0.804692 0.800817 0.798895 0.798902 0.800838 0.804727 0.810617 0.818580 0.828717 0.841160 0.856076 0.873674 0.894209 0.917998 0.909883 0.901023 0.894467 0.890135 0.887974 0.887957 0.890085 0.894382 0.900902 0.909726 0.920965 0.934765 0.951311 0.970835 0.992679 0.951287 0.915325 0.884035 0.856810 0.833158 0.812683 0.795059 0.780022 0.767358 0.756893 0.748489 0.742037 0.737457 0.734692 0.733709 0.734495 0.737061 0.735437 0.721499 0.709757 0.700051 0.692252 0.686259 0.681999 0.679418 0.678484 0.679187 0.681536 0.685557 0.691302 0.698842 0.708273 0.719720 0.733338 0.749322 0.767909 0.789392 0.807810 0.801840 0.797866 0.795839 0.795734 0.797550 0.801310 0.807059 0.814867 0.824835 0.837092 0.851801 0.869168 9464.000000 1.244326 0.818462
0.923104 0.951849 0.984890 1.000000 0.968575 0.941263 0.917599 0.897204 0.879770 0.865044 0.852824 0.842947 0.835285 0.829742 0.826250 0.824765 0.825270 0.816818 0.800497 0.786673 0.775155 0.765788 0.758449 0.753047 0.749514 0.747807 0.747905 0.749810 0.753545 0.759155 0.766711 0.776307 0.788069 0.802155 0.818763 0.838134 0.826637 0.814006 0.803662 0.795470 0.789325 0.785152 0.782899 0.782539 0.784067 0.787501 0.792885 0.800284 0.809791 0.821530 0.835658 0.852368 0.871905 0.886201 0.872371 0.861008 0.851964 0.845123 0.840399 0.837735 0.837098 0.838480 0.841898 0.847394 0.855036 0.864919 0.877172 0.891956 0.909476 0.929983 0.953787 0.981267 0.945388 0.912917 0.884663 0.860114 0.838858 0.820557 0.804934 0.791767 0.780875 0.772114 0.765370 0.760559 0.757622 0.756523 0.757250 0.759809 0.764234 0.770577 0.778919 0.789366 0.802056 0.817161 0.834895 0.855524 0.850756 0.833581 0.819020 0.806870 0.796967 0.789182 0.783416 0.779599 0.777684 0.777646 0.779486 0.783227 0.788913 0.796615 0.806432 0.818489 0.820579 0.811319 0.804182 0.799078 0.795943 0.794740 0.795454 0.798094 0.802692 0.809303 0.818012 0.828929 0.842197 0.857998 0.876555 0.898144 1948.000000 1.114342 0.906307
0.850756 0.833581 0.819020 0.806870 0.796967 0.789182 0.783416 0.779599 0.777684 0.777646 0.779486 0.783227 0.788913 0.796615 0.806432 0.818489 0.820579 0.811319 0.804182 0.799078 0.795943 0.794740 0.795454 0.798094 0.802692 0.809303 0.818012 0.828929 0.842197 0.857998 0.876555 0.898144 0.923104 0.951849 0.984890 1.000000 0.968575 0.941263 0.917599 0.897204 0.879770 0.865044 0.852824 0.842947 0.835285 0.829742 0.826250 0.824765 0.825270 0.816818 0.800497 0.786673 0.775155 0.765788 0.758449 0.753047 0.749514 0.747807 0.747905 0.749810 0.753545 0.759155 0.766711 0.776307 0.788069 0.802155 0.818763 0.838134 0.826637 0.814006 0.803662 0.795470 0.789325 0.785152 0.782899 0.782539 0.784067 0.787501 0.792885 0.800284 0.809791 0.821530 0.835658 0.852368 0.871905 0.886201 0.872371 0.861008 0.851964 0.845123 0.840399 0.837735 0.837098 0.838480 0.841898 0.847394 0.855036 0.864919 0.877172 0.891956 0.909476 0.929983 0.953787 0.981267 0.945388 0.912917 0.884663 0.860114 0.838858 0.820557 0.804934 0.791767 0.780875 0.772114 0.765370 0.760559 0.757622 0.756523 0.757250 0.759809 0.764234 0.770577 0.778919 0.789366 0.802056 0.817161 0.834895 0.855524 1948.000000 1.114342 0.906307
0.855036 0.864919 0.877172 0.891956 0.909476 0.929983 0.953787 0.981267 0.945388 0.912917 0.884663 0.860114 0.838858 0.820557 0.804934 0.791767 0.780875 0.772114 0.765370 0.760559 0.757622 0.756523 0.757250 0.759809 0.764234 0.770577 0.778919 0.789366 0.802056 0.817161 0.834895 0.855524 0.850756 0.833581 0.819020 0.806870 0.796967 0.789182 0.783416 0.779599 0.777684 0.777646 0.779486 0.783227 0.788913 0.796615 0.806432 0.818489 0.820579 0.811319 0.804182 0.799078 0.795943 0.794740 0.795454 0.798094 0.802692 0.809303 0.818012 0.828929 0.842197 0.857998 0.876555 0.898144 0.923104 0.951849 0.984890 1.000000 0.968575 0.941263 0.917599 0.897204 0.879770 0.865044 0.852824 0.842947 0.835285 0.829742 0.826250 0.824765 0.825270 0.816818 0.800497 0.786673 0.775155 0.765788 0.758449 0.753047 0.749514 0.747807 0.747905 0.749810 0.753545 0.759155 0.766711 0.776307 0.788069 0.802155 0.818763 0.838134 0.826637 0.814006 0.803662 0.795470 0.789325 0.785152 0.782899 0.782539 0.784067 0.787501 0.792885 0.800284 0.809791 0.821530 0.835658 0.852368 0.871905 0.886201 0.872371 0.861008 0.851964 0.845123 0.840399 0.837735 0.837098 0.838480 0.841898 0.847394 1948.000000 1.114342 0.906307
0.788069 0.802155 0.818763 0.838134 0.826637 0.814006 0.803662 0.795470 0.789325 0.785152 0.782899 0.782539 0.784067 0.787501 0.792885 0.800284 0.809791 0.821530 0.835658 0.852368 0.871905 0.886201 0.872371 0.861008 0.851964 0.845123 0.840399 0.837735 0.837098 0.838480 0.841898 0.847394 0.855036 0.864919 0.877172 0.891956 0.909476 0.929983 0.953787 0.981267 0.945388 0.912917 0.884663 0.860114 0.838858 0.820557 0.804934 0.791767 0.780875 0.772114 0.765370 0.760559 0.757622 0.756523 0.757250 0.759809 0.764234 0.770577 0.778919 0.789366 0.802056 0.817161 0.834895 0.855524 0.850756 0.833581 0.819020 0.806870 0.796967 0.789182 0.783416 0.779599 0.777684 0.777646 0.779486 0.783227 0.788913 0.796615 0.806432 0.818489 0.820579 0.811319 0.804182 0.799078 0.795943 0.794740 0.795454 0.798094 0.802692 0.809303 0.818012 0.828929 0.842197 0.857998 0.876555 0.898144 0.923104 0.951849 0.984890 1.000000 0.968575 0.941263 0.917599 0.897204 0.879770 0.865044 0.852824 0.842947 0.835285 0.829742 0.826250 0.824765 0.825270 0.816818 0.800497 0.786673 0.775155 0.765788 0.758449 0.753047 0.749514 0.747807 0.747905 0.749810 0.753545 0.759155 0.766711 0.776307 1948.000000 1.114342 0.906307
0.465652 0.459980 0.455528 0.452241 0.450078 0.449011 0.449029 0.450132 0.452332 0.455657 0.460148 0.465861 0.472872 0.481275 0.491186 0.502750 0.516146 0.531591 0.549352 0.569762 0.593231 0.620276 0.651548 0.687886 0.730381 0.780475 0.840120 0.912014 1.000000 0.918437 0.848028 0.789412 0.740043 0.698068 0.662108 0.631118 0.604290 0.580992 0.560725 0.543088 0.527760 0.514478 0.503031 0.493244 0.484977 0.478116 0.472568 0.468263 0.465146 0.463179 0.462337 0.462611 0.464004 0.466532 0.470227 0.475135 0.481318 0.488858 0.497856 0.508439 0.520764 0.535022 0.551448 0.570333 0.592034 0.616997 0.624132 0.604393 0.587236 0.572366 0.559546 0.548580 0.539310 0.531608 0.525370 0.520516 0.516985 0.514734 0.513734 0.513974 0.515456 0.518199 0.522237 0.527618 0.534413 0.542710 0.552620 0.564284 0.577873 0.593598 0.611717 0.632550 0.656488 0.684023 0.715768 0.752504 0.795235 0.845269 0.904348 0.926069 0.851014 0.788971 0.737015 0.693045 0.655517 0.623269 0.595411 0.571255 0.550257 0.531983 0.516088 0.502290 0.490361 0.480115 0.471401 0.464096 0.458101 0.453336 0.449743 0.447274 0.445901 0.445607 0.446388 0.448253 0.451225 0.455342 0.460654 0.467230 895.000000 1.683946 0.651857
0.795235 0.845269 0.904348 0.926069 0.851014 0.788971 0.737015 0.693045 0.655517 0.623269 0.595411 0.571255 0.550257 0.531983 0.516088 0.502290 0.490361 0.480115 0.471401 0.464096 0.458101 0.453336 0.449743 0.447274 0.445901 0.445607 0.446388 0.448253 0.451225 0.455342 0.460654 0.467230 0.465652 0.459980 0.455528 0.452241 0.450078 0.449011 0.449029 0.450132 0.452332 0.455657 0.460148 0.465861 0.472872 0.481275 0.491186 0.502750 0.516146 0.531591 0.549352 0.569762 0.593231 0.620276 0.651548 0.687886 0.730381 0.780475 0.840120 0.912014 1.000000 0.918437 0.848028 0.789412 0.740043 0.698068 0.662108 0.631118 0.604290 0.580992 0.560725 0.543088 0.527760 0.514478 0.503031 0.493244 0.484977 0.478116 0.472568 0.468263 0.465146 0.463179 0.462337 0.462611 0.464004 0.466532 0.470227 0.475135 0.481318 0.488858 0.497856 0.508439 0.520764 0.535022 0.551448 0.570333 0.592034 0.616997 0.624132 0.604393 0.587236 0.572366 0.559546 0.548580 0.539310 0.531608 0.525370 0.520516 0.516985 0.514734 0.513734 0.513974 0.515456 0.518199 0.522237 0.527618 0.534413 0.542710 0.552620 0.564284 0.577873 0.593598 0.611717 0.632550 0.656488 0.684023 0.715768 0.752504 895.000000 1.683946 0.651857
0.592034 0.616997 0.624132 0.604393 0.587236 0.572366 0.559546 0.548580 0.539310 0.531608 0.525370 0.520516 0.516985 0.514734 0.513734 0.513974 0.515456 0.518199 0.522237 0.527618 0.534413 0.542710 0.552620 0.564284 0.577873 0.593598 0.611717 0.632550 0.656488 0.684023 0.715768 0.752504 0.795235 0.845269 0.904348 0.926069 0.851014 0.788971 0.737015 0.693045 0.655517 0.623269 0.595411 0.571255 0.550257 0.531983 0.516088 0.502290 0.490361 0.480115 0.471401 0.464096 0.458101 0.453336 0.449743 0.447274 0.445901 0.445607 0.446388 0.448253 0.451225 0.455342 0.460654 0.467230 0.465652 0.459980 0.455528 0.452241 0.450078 0.449011 0.449029 0.450132 0.452332 0.455657 0.460148 0.465861 0.472872 0.481275 0.491186 0.502750 0.516146 0.531591 0.549352 0.569762 0.593231 0.620276 0.651548 0.687886 0.730381 0.780475 0.840120 0.912014 1.000000 0.918437 0.848028 0.789412 0.740043 0.698068 0.662108 0.631118 0.604290 0.580992 0.560725 0.543088 0.527760 0.514478 0.503031 0.493244 0.484977 0.478116 0.472568 0.468263 0.465146 0.463179 0.462337 0.462611 0.464004 0.466532 0.470227 0.475135 0.481318 0.488858 0.497856 0.508439 0.520764 0.535022 0.551448 0.570333 895.000000 1.683946 0.651857
0.740043 0.698068 0.662108 0.631118 0.604290 0.580992 0.560725 0.543088 0.527760 0.514478 0.503031 0.493244 0.484977 0.478116 0.472568 0.468263 0.465146 0.463179 0.462337 0.462611 0.464004 0.466532 0.470227 0.475135 0.481318 0.488858 0.497856 0.508439 0.520764 0.535022 0.551448 0.570333 0.592034 0.616997 0.624132 0.604393 0.587236 0.572366 0.559546 0.548580 0.539310 0.531608 0.525370 0.520516 0.516985 0.514734 0.513734 0.513974 0.515456 0.518199 0.522237 0.527618 0.534413 0.542710 0.552620 0.564284 0.577873 0.593598 0.611717 0.632550 0.656488 0.684023 0.715768 0.752504 0.795235 0.845269 0.904348 0.926069 0.851014 0.788971 0.737015 0.693045 0.655517 0.623269 0.595411 0.571255 0.550257 0.531983 0.516088 0.502290 0.490361 0.480115 0.471401 0.464096 0.458101 0.453336 0.449743 0.447274 0.445901 0.445607 0.446388 0.448253 0.451225 0.455342 0.460654 0.467230 0.465652 0.459980 0.455528 0.452241 0.450078 0.449011 0.449029 0.450132 0.452332 0.455657 0.460148 0.465861 0.472872 0.481275 0.491186 0.502750 0.516146 0.531591 0.549352 0.569762 0.593231 0.620276 0.651548 0.687886 0.730381 0.780475 0.840120 0.912014 1.000000 0.918437 0.848028 0.789412 895.000000 1.683946 0.651857
0.574192 0.547050 0.523562 0.503171 0.485434 0.469998 0.456580 0.444949 0.434918 0.426333 0.419071 0.413031 0.408131 0.404309 0.401516 0.399717 0.398892 0.399029 0.400131 0.402210 0.405292 0.409416 0.414634 0.421014 0.428643 0.437626 0.448097 0.460217 0.474185 0.490245 0.508700 0.529925 0.554392 0.582700 0.615617 0.654146 0.699617 0.753834 0.819300 0.899591 1.000000 0.897754 0.809554 0.738755 0.680852 0.632779 0.592380 0.558094 0.528764 0.503515 0.481675 0.462719 0.446233 0.431886 0.419412 0.408595 0.399259 0.391262 0.384487 0.378840 0.374245 0.370642 0.367987 0.366244 0.365395 0.365427 0.366343 0.368152 0.370877 0.374551 0.379222 0.384950 0.391812 0.399904 0.409344 0.420278 0.432883 0.447379 0.464036 0.483190 0.505263 0.530789 0.560454 0.595150 0.636058 0.684777 0.743518 0.815431 0.814222 0.766575 0.725848 0.690811 0.660518 0.634234 0.611379 0.591489 0.574192 0.559187 0.546228 0.535116 0.525689 0.517814 0.511385 0.506319 0.502550 0.500034 0.498737 0.498646 0.499759 0.502088 0.505664 0.510529 0.516746 0.524395 0.533579 0.544425 0.557091 0.571771 0.588702 0.608176 0.630554 0.656283 0.685923 0.720185 0.737346 0.685843 0.642512 0.605703 624.000000 1.429370 0.577043
0.574192 0.559187 0.546228 0.535116 0.525689 0.517814 0.511385 0.506319 0.502550 0.500034 0.498737 0.498646 0.499759 0.502088 0.505664 0.510529 0.516746 0.524395 0.533579 0.544425 0.557091 0.571771 0.588702 0.608176 0.630554 0.656283 0.685923 0.720185 0.737346 0.685843 0.642512 0.605703 0.574192 0.547050 0.523562 0.503171 0.485434 0.469998 0.456580 0.444949 0.434918 0.426333 0.419071 0.413031 0.408131 0.404309 0.401516 0.399717 0.398892 0.399029 0.400131 0.402210 0.405292 0.409416 0.414634 0.421014 0.428643 0.437626 0.448097 0.460217 0.474185 0.490245 0.508700 0.529925 0.554392 0.582700 0.615617 0.654146 0.699617 0.753834 0.819300 0.899591 1.000000 0.897754 0.809554 0.738755 0.680852 0.632779 0.592380 0.558094 0.528764 0.503515 0.481675 0.462719 0.446233 0.431886 0.419412 0.408595 0.399259 0.391262 0.384487 0.378840 0.374245 0.370642 0.367987 0.366244 0.365395 0.365427 0.366343 0.368152 0.370877 0.374551 0.379222 0.384950 0.391812 0.399904 0.409344 0.420278 0.432883 0.447379 0.464036 0.483190 0.505263 0.530789 0.560454 0.595150 0.636058 0.684777 0.743518 0.815431 0.814222 0.766575 0.725848 0.690811 0.660518 0.634234 0.611379 0.591489 624.000000 1.429370 0.577043
0.365395 0.365427 0.366343 0.368152 0.370877 0.374551 0.379222 0.384950 0.391812 0.399904 0.409344 0.420278 0.432883 0.447379 0.464036 0.483190 0.505263 0.530789 0.560454 0.595150 0.636058 0.684777 0.743518 0.815431 0.814222 0.766575 0.725848 0.690811 0.660518 0.634234 0.611379 0.591489 0.574192 0.559187 0.546228 0.535116 0.525689 0.517814 0.511385 0.506319 0.502550 0.500034 0.498737 0.498646 0.499759 0.502088 0.505664 0.510529 0.516746 0.524395 0.533579 0.544425 0.557091 0.571771 0.588702 0.608176 0.630554 0.656283 0.685923 0.720185 0.737346 0.685843 0.642512 0.605703 0.574192 0.547050 0.523562 0.503171 0.485434 0.469998 0.456580 0.444949 0.434918 0.426333 0.419071 0.413031 0.408131 0.404309 0.401516 0.399717 0.398892 0.399029 0.400131 0.402210 0.405292 0.409416 0.414634 0.421014 0.428643 0.437626 0.448097 0.460217 0.474185 0.490245 0.508700 0.529925 0.554392 0.582700 0.615617 0.654146 0.699617 0.753834 0.819300 0.899591 1.000000 0.897754 0.809554 0.738755 0.680852 0.632779 0.592380 0.558094 0.528764 0.503515 0.481675 0.462719 0.446233 0.431886 0.419412 0.408595 0.399259 0.391262 0.384487 0.378840 0.374245 0.370642 0.367987 0.366244 624.000000 1.429370 0.577043
0.554392 0.582700 0.615617 0.654146 0.699617 0.753834 0.819300 0.899591 1.000000 0.897754 0.809554 0.738755 0.680852 0.632779 0.592380 0.558094 0.528764 0.503515 0.481675 0.462719 0.446233 0.431886 0.419412 0.408595 0.399259 0.391262 0.384487 0.378840 0.374245 0.370642 0.367987 0.366244 0.365395 0.365427 0.366343 0.368152 0.370877 0.374551 0.379222 0.384950 0.391812 0.399904 0.409344 0.420278 0.432883 0.447379 0.464036 0.483190 0.505263 0.530789 0.560454 0.595150 0.636058 0.684777 0.743518 0.815431 0.814222 0.766575 0.725848 0.690811 0.660518 0.634234 0.611379 0.591489 0.574192 0.559187 0.546228 0.535116 0.525689 0.517814 0.511385 0.506319 0.502550 0.500034 0.498737 0.498646 0.499759 0.502088 0.505664 0.510529 0.516746 0.524395 0.533579 0.544425 0.557091 0.571771 0.588702 0.608176 0.630554 0.656283 0.685923 0.720185 0.737346 0.685843 0.642512 0.605703 0.574192 0.547050 0.523562 0.503171 0.485434 0.469998 0.456580 0.444949 0.434918 0.426333 0.419071 0.413031 0.408131 0.404309 0.401516 0.399717 0.398892 0.399029 0.400131 0.402210 0.405292 0.409416 0.414634 0.421014 0.428643 0.437626 0.448097 0.460217 0.474185 0.490245 0.508700 0.529925 624.000000 1.429370 0.577043
0.776536 0.765386 0.756349 0.749306 0.744170 0.740876 0.739384 0.739677 0.741758 0.745652 0.751407 0.759095 0.768812 0.780687 0.794879 0.811589 0.831061 0.853597 0.879567 0.882192 0.885327 0.890639 0.898191 0.908078 0.920428 0.935403 0.953208 0.974095 0.998378 0.994248 0.955180 0.921202 0.891632 0.865923 0.843630 0.824393 0.807916 0.793960 0.782331 0.772873 0.765462 0.760006 0.756437 0.754710 0.754806 0.756725 0.760491 0.766149 0.773770 0.783450 0.795316 0.809528 0.826283 0.845827 0.868461 0.865820 0.853893 0.844297 0.836907 0.831632 0.828406 0.827190 0.827969 0.830754 0.835576 0.842497 0.851601 0.838301 0.822955 0.810076 0.799491 0.791061 0.784676 0.780259 0.777754 0.777132 0.778384 0.781526 0.786596 0.793657 0.802798 0.814135 0.827820 0.844041 0.843979 0.839796 0.837662 0.837552 0.839464 0.843421 0.849471 0.857691 0.868182 0.881083 0.896565 0.914845 0.936188 0.960920 0.989443 1.000000 0.955868 0.917584 0.884297 0.855328 0.830134 0.808273 0.789387 0.773184 0.759425 0.747917 0.738505 0.733428 0.740542 0.749619 0.760777 0.774164 0.789969 0.808421 0.829802 0.854459 0.882818 0.915406 0.899148 0.870624 0.845828 0.824336 0.805803 0.789946 1756.500000 1.088009 0.873549
0.936188 0.960920 0.989443 1.000000 0.955868 0.917584 0.884297 0.855328 0.830134 0.808273 0.789387 0.773184 0.759425 0.747917 0.738505 0.733428 0.740542 0.749619 0.760777 0.774164 0.789969 0.808421 0.829802 0.854459 0.882818 0.915406 0.899148 0.870624 0.845828 0.824336 0.805803 0.789946 0.776536 0.765386 0.756349 0.749306 0.744170 0.740876 0.739384 0.739677 0.741758 0.745652 0.751407 0.759095 0.768812 0.780687 0.794879 0.811589 0.831061 0.853597 0.879567 0.882192 0.885327 0.890639 0.898191 0.908078 0.920428 0.935403 0.953208 0.974095 0.998378 0.994248 0.955180 0.921202 0.891632 0.865923 0.843630 0.824393 0.807916 0.793960 0.782331 0.772873 0.765462 0.760006 0.756437 0.754710 0.754806 0.756725 0.760491 0.766149 0.773770 0.783450 0.795316 0.809528 0.826283 0.845827 0.868461 0.865820 0.853893 0.844297 0.836907 0.831632 0.828406 0.827190 0.827969 0.830754 0.835576 0.842497 0.851601 0.838301 0.822955 0.810076 0.799491 0.791061 0.784676 0.780259 0.777754 0.777132 0.778384 0.781526 0.786596 0.793657 0.802798 0.814135 0.827820 0.844041 0.843979 0.839796 0.837662 0.837552 0.839464 0.843421 0.849471 0.857691 0.868182 0.881083 0.896565 0.914845 1756.500000 1.088009 0.873549
0.835576 0.842497 0.851601 0.838301 0.822955 0.810076 0.799491 0.791061 0.784676 0.780259 0.777754 0.777132 0.778384 0.781526 0.786596 0.793657 0.802798 0.814135 0.827820 0.844041 0.843979 0.839796 0.837662 0.837552 0.839464 0.843421 0.849471 0.857691 0.868182 0.881083 0.896565 0.914845 0.936188 0.960920 0.989443 1.000000 0.955868 0.917584 0.884297 0.855328 0.830134 0.808273 0.789387 0.773184 0.759425 0.747917 0.738505 0.733428 0.740542 0.749619 0.760777 0.774164 0.789969 0.808421 0.829802 0.854459 0.882818 0.915406 0.899148 0.870624 0.845828 0.824336 0.805803 0.789946 0.776536 0.765386 0.756349 0.749306 0.744170 0.740876 0.739384 0.739677 0.741758 0.745652 0.751407 0.759095 0.768812 0.780687 0.794879 0.811589 0.831061 0.853597 0.879567 0.882192 0.885327 0.890639 0.898191 0.908078 0.920428 0.935403 0.953208 0.974095 0.998378 0.994248 0.955180 0.921202 0.891632 0.865923 0.843630 0.824393 0.807916 0.793960 0.782331 0.772873 0.765462 0.760006 0.756437 0.754710 0.754806 0.756725 0.760491 0.766149 0.773770 0.783450 0.795316 0.809528 0.826283 0.845827 0.868461 0.865820 0.853893 0.844297 0.836907 0.831632 0.828406 0.827190 0.827969 0.830754 1756.500000 1.088009 0.873549
0.891632 0.865923 0.843630 0.824393 0.807916 0.793960 0.782331 0.772873 0.765462 0.760006 0.756437 0.754710 0.754806 0.756725 0.760491 0.766149 0.773770 0.783450 0.795316 0.809528 0.826283 0.845827 0.868461 0.865820 0.853893 0.844297 0.836907 0.831632 0.828406 0.827190 0.827969 0.830754 0.835576 0.842497 0.851601 0.838301 0.822955 0.810076 0.799491 0.791061 0.784676 0.780259 0.777754 0.777132 0.778384 0.781526 0.786596 0.793657 0.802798 0.814135 0.827820 0.844041 0.843979 0.839796 0.837662 0.837552 0.839464 0.843421 0.849471 0.857691 0.868182 0.881083 0.896565 0.914845 0.936188 0.960920 0.989443 1.000000 0.955868 0.917584 0.884297 0.855328 0.830134 0.808273 0.789387 0.773184 0.759425 0.747917 0.738505 0.733428 0.740542 0.749619 0.760777 0.774164 0.789969 0.808421 0.829802 0.854459 0.882818 0.915406 0.899148 0.870624 0.845828 0.824336 0.805803 0.789946 0.776536 0.765386 0.756349 0.749306 0.744170 0.740876 0.739384 0.739677 0.741758 0.745652 0.751407 0.759095 0.768812 0.780687 0.794879 0.811589 0.831061 0.853597 0.879567 0.882192 0.885327 0.890639 0.898191 0.908078 0.920428 0.935403 0.953208 0.974095 0.998378 0.994248 0.955180 0.921202 1756.500000 1.088009 0.873549
0.812469 0.782429 0.756288 0.733547 0.713803 0.696728 0.682057 0.669570 0.659091 0.650478 0.643618 0.638423 0.634829 0.632790 0.632283 0.633301 0.635857 0.639982 0.645726 0.653162 0.662385 0.667967 0.658687 0.651209 0.645437 0.641297 0.638738 0.637731 0.638262 0.640337 0.643983 0.649243 0.656184 0.664894 0.675487 0.688108 0.702936 0.720189 0.740139 0.763117 0.789529 0.819882 0.854803 0.895084 0.941730 0.941208 0.925792 0.913036 0.902773 0.894869 0.889226 0.885775 0.884473 0.885304 0.888279 0.893433 0.900831 0.910564 0.922757 0.937570 0.955205 0.975912 1.000000 0.986838 0.926701 0.875460 0.831487 0.793541 0.760659 0.732088 0.707227 0.685597 0.666809 0.650549 0.636560 0.624633 0.614598 0.606318 0.599684 0.594610 0.591034 0.588910 0.588214 0.588936 0.591086 0.594689 0.599791 0.606454 0.605110 0.603882 0.604113 0.605803 0.608974 0.613664 0.619932 0.627858 0.637545 0.649124 0.662757 0.678646 0.697035 0.718227 0.742593 0.770593 0.802796 0.839919 0.882873 0.932825 0.980590 0.963204 0.948670 0.936791 0.927412 0.920414 0.915711 0.913245 0.912985 0.914929 0.919101 0.925550 0.934358 0.945634 0.959526 0.976219 0.986792 0.933055 0.886895 0.847031 10256.500000 1.483184 0.824080
0.637545 0.649124 0.662757 0.678646 0.697035 0.718227 0.742593 0.770593 0.802796 0.839919 0.882873 0.932825 0.980590 0.963204 0.948670 0.936791 0.927412 0.920414 0.915711 0.913245 0.912985 0.914929 0.919101 0.925550 0.934358 0.945634 0.959526 0.976219 0.986792 0.933055 0.886895 0.847031 0.812469 0.782429 0.756288 0.733547 0.713803 0.696728 0.682057 0.669570 0.659091 0.650478 0.643618 0.638423 0.634829 0.632790 0.632283 0.633301 0.635857 0.639982 0.645726 0.653162 0.662385 0.667967 0.658687 0.651209 0.645437 0.641297 0.638738 0.637731 0.638262 0.640337 0.643983 0.649243 0.656184 0.664894 0.675487 0.688108 0.702936 0.720189 0.740139 0.763117 0.789529 0.819882 0.854803 0.895084 0.941730 0.941208 0.925792 0.913036 0.902773 0.894869 0.889226 0.885775 0.884473 0.885304 0.888279 0.893433 0.900831 0.910564 0.922757 0.937570 0.955205 0.975912 1.000000 0.986838 0.926701 0.875460 0.831487 0.793541 0.760659 0.732088 0.707227 0.685597 0.666809 0.650549 0.636560 0.624633 0.614598 0.606318 0.599684 0.594610 0.591034 0.588910 0.588214 0.588936 0.591086 0.594689 0.599791 0.606454 0.605110 0.603882 0.604113 0.605803 0.608974 0.613664 0.619932 0.627858 10256.500000 1.483184 0.824080
0.926701 0.875460 0.831487 0.793541 0.760659 0.732088 0.707227 0.685597 0.666809 0.650549 0.636560 0.624633 0.614598 0.606318 0.599684 0.594610 0.591034 0.588910 0.588214 0.588936 0.591086 0.594689 0.599791 0.606454 0.605110 0.603882 0.604113 0.605803 0.608974 0.613664 0.619932 0.627858 0.637545 0.649124 0.662757 0.678646 0.697035 0.718227 0.742593 0.770593 0.802796 0.839919 0.882873 0.932825 0.980590 0.963204 0.948670 0.936791 0.927412 0.920414 0.915711 0.913245 0.912985 0.914929 0.919101 0.925550 0.934358 0.945634 0.959526 0.976219 0.986792 0.933055 0.886895 0.847031 0.812469 0.782429 0.756288 0.733547 0.713803 0.696728 0.682057 0.669570 0.659091 0.650478 0.643618 0.638423 0.634829 0.632790 0.632283 0.633301 0.635857 0.639982 0.645726 0.653162 0.662385 0.667967 0.658687 0.651209 0.645437 0.641297 0.638738 0.637731 0.638262 0.640337 0.643983 0.649243 0.656184 0.664894 0.675487 0.688108 0.702936 0.720189 0.740139 0.763117 0.789529 0.819882 0.854803 0.895084 0.941730 0.941208 0.925792 0.913036 0.902773 0.894869 0.889226 0.885775 0.884473 0.885304 0.888279 0.893433 0.900831 0.910564 0.922757 0.937570 0.955205 0.975912 1.000000 0.986838 10256.500000 1.483184 0.824080
0.656184 0.664894 0.675487 0.688108 0.702936 0.720189 0.740139 0.763117 0.789529 0.819882 0.854803 0.895084 0.941730 0.941208 0.925792 0.913036 0.902773 0.894869 0.889226 0.885775 0.884473 0.885304 0.888279 0.893433 0.900831 0.910564 0.922757 0.937570 0.955205 0.975912 1.000000 0.986838 0.926701 0.875460 0.831487 0.793541 0.760659 0.732088 0.707227 0.685597 0.666809 0.650549 0.636560 0.624633 0.614598 0.606318 0.599684 0.594610 0.591034 0.588910 0.588214 0.588936 0.591086 0.594689 0.599791 0.606454 0.605110 0.603882 0.604113 0.605803 0.608974 0.613664 0.619932 0.627858 0.637545 0.649124 0.662757 0.678646 0.697035 0.718227 0.742593 0.770593 0.802796 0.839919 0.882873 0.932825 0.980590 0.963204 0.948670 0.936791 0.927412 0.920414 0.915711 0.913245 0.912985 0.914929 0.919101 0.925550 0.934358 0.945634 0.959526 0.976219 0.986792 0.933055 0.886895 0.847031 0.812469 0.782429 0.756288 0.733547 0.713803 0.696728 0.682057 0.669570 0.659091 0.650478 0.643618 0.638423 0.634829 0.632790 0.632283 0.633301 0.635857 0.639982 0.645726 0.653162 0.662385 0.667967 0.658687 0.651209 0.645437 0.641297 0.638738 0.637731 0.638262 0.640337 0.643983 0.649243 10256.500000 1.483184 0.824080
0.867736 0.848768 0.832574 0.818922 0.807626 0.798534 0.791530 0.786526 0.783461 0.782297 0.783020 0.785639 0.790185 0.796714 0.805309 0.816079 0.829165 0.844746 0.863043 0.884327 0.908933 0.929862 0.855173 0.793359 0.741545 0.697662 0.660184 0.627963 0.600119 0.575968 0.554972 0.536699 0.520806 0.507014 0.495095 0.484865 0.476174 0.468898 0.462939 0.462083 0.472095 0.483740 0.497203 0.512707 0.530529 0.551009 0.574574 0.601759 0.633245 0.669911 0.712908 0.763768 0.824581 0.898268 0.989034 1.000000 0.963151 0.931085 0.903191 0.878976 0.858038 0.840051 0.824749 0.811915 0.801376 0.792993 0.786659 0.782295 0.779847 0.779286 0.780605 0.783820 0.788971 0.796120 0.794541 0.779569 0.766964 0.756553 0.748200 0.741797 0.737264 0.734544 0.733606 0.734437 0.737047 0.741469 0.747756 0.731600 0.713901 0.698681 0.685715 0.674817 0.665839 0.658662 0.653196 0.649371 0.647140 0.646477 0.647373 0.649840 0.653906 0.659623 0.667062 0.676319 0.687515 0.700805 0.716380 0.734471 0.727592 0.718057 0.710459 0.704699 0.700707 0.698433 0.697849 0.698949 0.701745 0.706272 0.712586 0.720766 0.730917 0.743173 0.757705 0.774720 0.794474 0.817283 0.843532 0.873697 1540.500000 1.152012 0.774641
0.647140 0.646477 0.647373 0.649840 0.653906 0.659623 0.667062 0.676319 0.687515 0.700805 0.716380 0.734471 0.727592 0.718057 0.710459 0.704699 0.700707 0.698433 0.697849 0.698949 0.701745 0.706272 0.712586 0.720766 0.730917 0.743173 0.757705 0.774720 0.794474 0.817283 0.843532 0.873697 0.867736 0.848768 0.832574 0.818922 0.807626 0.798534 0.791530 0.786526 0.783461 0.782297 0.783020 0.785639 0.790185 0.796714 0.805309 0.816079 0.829165 0.844746 0.863043 0.884327 0.908933 0.929862 0.855173 0.793359 0.741545 0.697662 0.660184 0.627963 0.600119 0.575968 0.554972 0.536699 0.520806 0.507014 0.495095 0.484865 0.476174 0.468898 0.462939 0.462083 0.472095 0.483740 0.497203 0.512707 0.530529 0.551009 0.574574 0.601759 0.633245 0.669911 0.712908 0.763768 0.824581 0.898268 0.989034 1.000000 0.963151 0.931085 0.903191 0.878976 0.858038 0.840051 0.824749 0.811915 0.801376 0.792993 0.786659 0.782295 0.779847 0.779286 0.780605 0.783820 0.788971 0.796120 0.794541 0.779569 0.766964 0.756553 0.748200 0.741797 0.737264 0.734544 0.733606 0.734437 0.737047 0.741469 0.747756 0.731600 0.713901 0.698681 0.685715 0.674817 0.665839 0.658662 0.653196 0.649371 1540.500000 1.152012 0.774641
0.801376 0.792993 0.786659 0.782295 0.779847 0.779286 0.780605 0.783820 0.788971 0.796120 0.794541 0.779569 0.766964 0.756553 0.748200 0.741797 0.737264 0.734544 0.733606 0.734437 0.737047 0.741469 0.747756 0.731600 0.713901 0.698681 0.685715 0.674817 0.665839 0.658662 0.653196 0.649371 0.647140 0.646477 0.647373 0.649840 0.653906 0.659623 0.667062 0.676319 0.687515 0.700805 0.716380 0.734471 0.727592 0.718057 0.710459 0.704699 0.700707 0.698433 0.697849 0.698949 0.701745 0.706272 0.712586 0.720766 0.730917 0.743173 0.757705 0.774720 0.794474 0.817283 0.843532 0.873697 0.867736 0.848768 0.832574 0.818922 0.807626 0.798534 0.791530 0.786526 0.783461 0.782297 0.783020 0.785639 0.790185 0.796714 0.805309 0.816079 0.829165 0.844746 0.863043 0.884327 0.908933 0.929862 0.855173 0.793359 0.741545 0.697662 0.660184 0.627963 0.600119 0.575968 0.554972 0.536699 0.520806 0.507014 0.495095 0.484865 0.476174 0.468898 0.462939 0.462083 0.472095 0.483740 0.497203 0.512707 0.530529 0.551009 0.574574 0.601759 0.633245 0.669911 0.712908 0.763768 0.824581 0.898268 0.989034 1.000000 0.963151 0.931085 0.903191 0.878976 0.858038 0.840051 0.824749 0.811915 1540.500000 1.152012 0.774641
0.520806 0.507014 0.495095 0.484865 0.476174 0.468898 0.462939 0.462083 0.472095 0.483740 0.497203 0.512707 0.530529 0.551009 0.574574 0.601759 0.633245 0.669911 0.712908 0.763768 0.824581 0.898268 0.989034 1.000000 0.963151 0.931085 0.903191 0.878976 0.858038 0.840051 0.824749 0.811915 0.801376 0.792993 0.786659 0.782295 0.779847 0.779286 0.780605 0.783820 0.788971 0.796120 0.794541 0.779569 0.766964 0.756553 0.748200 0.741797 0.737264 0.734544 0.733606 0.734437 0.737047 0.741469 0.747756 0.731600 0.713901 0.698681 0.685715 0.674817 0.665839 0.658662 0.653196 0.649371 0.647140 0.646477 0.647373 0.649840 0.653906 0.659623 0.667062 0.676319 0.687515 0.700805 0.716380 0.734471 0.727592 0.718057 0.710459 0.704699 0.700707 0.698433 0.697849 0.698949 0.701745 0.706272 0.712586 0.720766 0.730917 0.743173 0.757705 0.774720 0.794474 0.817283 0.843532 0.873697 0.867736 0.848768 0.832574 0.818922 0.807626 0.798534 0.791530 0.786526 0.783461 0.782297 0.783020 0.785639 0.790185 0.796714 0.805309 0.816079 0.829165 0.844746 0.863043 0.884327 0.908933 0.929862 0.855173 0.793359 0.741545 0.697662 0.660184 0.627963 0.600119 0.575968 0.554972 0.536699 1540.500000 1.152012 0.774641
0.961012 1.000000 0.934057 0.878258 0.830638 0.789721 0.754378 0.723731 0.697092 0.673909 0.653744 0.636238 0.621102 0.608101 0.597042 0.587769 0.580155 0.574102 0.569531 0.566387 0.564630 0.564238 0.565208 0.567551 0.571296 0.576488 0.583193 0.591498 0.601513 0.613376 0.627258 0.643368 0.661965 0.683364 0.707955 0.736222 0.768769 0.806360 0.798509 0.780025 0.764178 0.750734 0.739506 0.730342 0.723123 0.717758 0.714180 0.712345 0.712230 0.713836 0.717180 0.722303 0.729270 0.738169 0.749114 0.762252 0.777767 0.795884 0.816880 0.841094 0.868946 0.860107 0.820070 0.785402 0.755292 0.729097 0.706303 0.686495 0.669335 0.654551 0.641919 0.631258 0.622420 0.615287 0.609769 0.605795 0.603316 0.602303 0.602743 0.604641 0.608021 0.612923 0.619410 0.627563 0.637490 0.649326 0.663237 0.679430 0.698158 0.719731 0.744530 0.773027 0.805812 0.843623 0.867130 0.827322 0.792835 0.762872 0.736802 0.714118 0.694412 0.677353 0.662670 0.650143 0.639593 0.630875 0.623875 0.618502 0.614689 0.612389 0.611574 0.612234 0.614377 0.618029 0.623236 0.630061 0.638593 0.648945 0.661257 0.675704 0.692502 0.711916 0.734269 0.759962 0.789489 0.823467 0.862673 0.908096 2032.000000 1.182445 0.761476
0.792835 0.762872 0.736802 0.714118 0.694412 0.677353 0.662670 0.650143 0.639593 0.630875 0.623875 0.618502 0.614689 0.612389 0.611574 0.612234 0.614377 0.618029 0.623236 0.630061 0.638593 0.648945 0.661257 0.675704 0.692502 0.711916 0.734269 0.759962 0.789489 0.823467 0.862673 0.908096 0.961012 1.000000 0.934057 0.878258 0.830638 0.789721 0.754378 0.723731 0.697092 0.673909 0.653744 0.636238 0.621102 0.608101 0.597042 0.587769 0.580155 0.574102 0.569531 0.566387 0.564630 0.564238 0.565208 0.567551 0.571296 0.576488 0.583193 0.591498 0.601513 0.613376 0.627258 0.643368 0.661965 0.683364 0.707955 0.736222 0.768769 0.806360 0.798509 0.780025 0.764178 0.750734 0.739506 0.730342 0.723123 0.717758 0.714180 0.712345 0.712230 0.713836 0.717180 0.722303 0.729270 0.738169 0.749114 0.762252 0.777767 0.795884 0.816880 0.841094 0.868946 0.860107 0.820070 0.785402 0.755292 0.729097 0.706303 0.686495 0.669335 0.654551 0.641919 0.631258 0.622420 0.615287 0.609769 0.605795 0.603316 0.602303 0.602743 0.604641 0.608021 0.612923 0.619410 0.627563 0.637490 0.649326 0.663237 0.679430 0.698158 0.719731 0.744530 0.773027 0.805812 0.843623 0.867130 0.827322 2032.000000 1.182445 0.761476
0.755292 0.729097 0.706303 0.686495 0.669335 0.654551 0.641919 0.631258 0.622420 0.615287 0.609769 0.605795 0.603316 0.602303 0.602743 0.604641 0.608021 0.612923 0.619410 0.627563 0.637490 0.649326 0.663237 0.679430 0.698158 0.719731 0.744530 0.773027 0.805812 0.843623 0.867130 0.827322 0.792835 0.762872 0.736802 0.714118 0.694412 0.677353 0.662670 0.650143 0.639593 0.630875 0.623875 0.618502 0.614689 0.612389 0.611574 0.612234 0.614377 0.618029 0.623236 0.630061 0.638593 0.648945 0.661257 0.675704 0.692502 0.711916 0.734269 0.759962 0.789489 0.823467 0.862673 0.908096 0.961012 1.000000 0.934057 0.878258 0.830638 0.789721 0.754378 0.723731 0.697092 0.673909 0.653744 0.636238 0.621102 0.608101 0.597042 0.587769 0.580155 0.574102 0.569531 0.566387 0.564630 0.564238 0.565208 0.567551 0.571296 0.576488 0.583193 0.591498 0.601513 0.613376 0.627258 0.643368 0.661965 0.683364 0.707955 0.736222 0.768769 0.806360 0.798509 0.780025 0.764178 0.750734 0.739506 0.730342 0.723123 0.717758 0.714180 0.712345 0.712230 0.713836 0.717180 0.722303 0.729270 0.738169 0.749114 0.762252 0.777767 0.795884 0.816880 0.841094 0.868946 0.860107 0.820070 0.785402 2032.000000 1.182445 0.761476
0.661965 0.683364 0.707955 0.736222 0.768769 0.806360 0.798509 0.780025 0.764178 0.750734 0.739506 0.730342 0.723123 0.717758 0.714180 0.712345 0.712230 0.713836 0.717180 0.722303 0.729270 0.738169 0.749114 0.762252 0.777767 0.795884 0.816880 0.841094 0.868946 0.860107 0.820070 0.785402 0.755292 0.729097 0.706303 0.686495 0.669335 0.654551 0.641919 0.631258 0.622420 0.615287 0.609769 0.605795 0.603316 0.602303 0.602743 0.604641 0.608021 0.612923 0.619410 0.627563 0.637490 0.649326 0.663237 0.679430 0.698158 0.719731 0.744530 0.773027 0.805812 0.843623 0.867130 0.827322 0.792835 0.762872 0.736802 0.714118 0.694412 0.677353 0.662670 0.650143 0.639593 0.630875 0.623875 0.618502 0.614689 0.612389 0.611574 0.612234 0.614377 0.618029 0.623236 0.630061 0.638593 0.648945 0.661257 0.675704 0.692502 0.711916 0.734269 0.759962 0.789489 0.823467 0.862673 0.908096 0.961012 1.000000 0.934057 0.878258 0.830638 0.789721 0.754378 0.723731 0.697092 0.673909 0.653744 0.636238 0.621102 0.608101 0.597042 0.587769 0.580155 0.574102 0.569531 0.566387 0.564630 0.564238 0.565208 0.567551 0.571296 0.576488 0.583193 0.591498 0.601513 0.613376 0.627258 0.643368 2032.000000 1.182445 0.761476
0.697823 0.689660 0.670786 0.654453 0.640403 0.628425 0.618350 0.610039 0.603382 0.598295 0.594714 0.592595 0.591912 0.592656 0.594837 0.598481 0.603633 0.610358 0.618742 0.628896 0.640958 0.655101 0.671537 0.690525 0.689944 0.683006 0.677823 0.674331 0.672486 0.672266 0.673669 0.676711 0.681430 0.687884 0.696155 0.706349 0.718603 0.733087 0.750011 0.769633 0.792269 0.818308 0.848230 0.882630 0.922254 0.954814 0.905975 0.863870 0.827409 0.795741 0.768190 0.744216 0.723383 0.705337 0.689791 0.676510 0.665304 0.656017 0.648527 0.642737 0.638574 0.635987 0.634945 0.635434 0.637461 0.641050 0.646245 0.653112 0.661737 0.672234 0.684746 0.699450 0.716563 0.705726 0.682901 0.663053 0.645839 0.630977 0.618240 0.607441 0.598430 0.591085 0.585312 0.581037 0.578206 0.576786 0.576758 0.578124 0.580898 0.585116 0.590829 0.598110 0.607053 0.617779 0.630437 0.645211 0.662328 0.682066 0.704766 0.730851 0.760844 0.795403 0.835359 0.881777 0.936046 1.000000 0.956065 0.911584 0.873068 0.839615 0.810512 0.785187 0.763180 0.744116 0.727692 0.713660 0.701817 0.692001 0.684080 0.677954 0.673545 0.670798 0.669681 0.670178 0.672298 0.676065 0.681525 0.688747 6092.500000 1.347996 0.804003
0.662328 0.682066 0.704766 0.730851 0.760844 0.795403 0.835359 0.881777 0.936046 1.000000 0.956065 0.911584 0.873068 0.839615 0.810512 0.785187 0.763180 0.744116 0.727692 0.713660 0.701817 0.692001 0.684080 0.677954 0.673545 0.670798 0.669681 0.670178 0.672298 0.676065 0.681525 0.688747 0.697823 0.689660 0.670786 0.654453 0.640403 0.628425 0.618350 0.610039 0.603382 0.598295 0.594714 0.592595 0.591912 0.592656 0.594837 0.598481 0.603633 0.610358 0.618742 0.628896 0.640958 0.655101 0.671537 0.690525 0.689944 0.683006 0.677823 0.674331 0.672486 0.672266 0.673669 0.676711 0.681430 0.687884 0.696155 0.706349 0.718603 0.733087 0.750011 0.769633 0.792269 0.818308 0.848230 0.882630 0.922254 0.954814 0.905975 0.863870 0.827409 0.795741 0.768190 0.744216 0.723383 0.705337 0.689791 0.676510 0.665304 0.656017 0.648527 0.642737 0.638574 0.635987 0.634945 0.635434 0.637461 0.641050 0.646245 0.653112 0.661737 0.672234 0.684746 0.699450 0.716563 0.705726 0.682901 0.663053 0.645839 0.630977 0.618240 0.607441 0.598430 0.591085 0.585312 0.581037 0.578206 0.576786 0.576758 0.578124 0.580898 0.585116 0.590829 0.598110 0.607053 0.617779 0.630437 0.645211 6092.500000 1.347996 0.804003
0.637461 0.641050 0.646245 0.653112 0.661737 0.672234 0.684746 0.699450 0.716563 0.705726 0.682901 0.663053 0.645839 0.630977 0.618240 0.607441 0.598430 0.591085 0.585312 0.581037 0.578206 0.576786 0.576758 0.578124 0.580898 0.585116 0.590829 0.598110 0.607053 0.617779 0.630437 0.645211 0.662328 0.682066 0.704766 0.730851 0.760844 0.795403 0.835359 0.881777 0.936046 1.000000 0.956065 0.911584 0.873068 0.839615 0.810512 0.785187 0.763180 0.744116 0.727692 0.713660 0.701817 0.692001 0.684080 0.677954 0.673545 0.670798 0.669681 0.670178 0.672298 0.676065 0.681525 0.688747 0.697823 0.689660 0.670786 0.654453 0.640403 0.628425 0.618350 0.610039 0.603382 0.598295 0.594714 0.592595 0.591912 0.592656 0.594837 0.598481 0.603633 0.610358 0.618742 0.628896 0.640958 0.655101 0.671537 0.690525 0.689944 0.683006 0.677823 0.674331 0.672486 0.672266 0.673669 0.676711 0.681430 0.687884 0.696155 0.706349 0.718603 0.733087 0.750011 0.769633 0.792269 0.818308 0.848230 0.882630 0.922254 0.954814 0.905975 0.863870 0.827409 0.795741 0.768190 0.744216 0.723383 0.705337 0.689791 0.676510 0.665304 0.656017 0.648527 0.642737 0.638574 0.635987 0.634945 0.635434 6092.500000 1.347996 0.804003
0.681430 0.687884 0.696155 0.706349 0.718603 0.733087 0.750011 0.769633 0.792269 0.818308 0.848230 0.882630 0.922254 0.954814 0.905975 0.863870 0.827409 0.795741 0.768190 0.744216 0.723383 0.705337 0.689791 0.676510 0.665304 0.656017 0.648527 0.642737 0.638574 0.635987 0.634945 0.635434 0.637461 0.641050 0.646245 0.653112 0.661737 0.672234 0.684746 0.699450 0.716563 0.705726 0.682901 0.663053 0.645839 0.630977 0.618240 0.607441 0.598430 0.591085 0.585312 0.581037 0.578206 0.576786 0.576758 0.578124 0.580898 0.585116 0.590829 0.598110 0.607053 0.617779 0.630437 0.645211 0.662328 0.682066 0.704766 0.730851 0.760844 0.795403 0.835359 0.881777 0.936046 1.000000 0.956065 0.911584 0.873068 0.839615 0.810512 0.785187 0.763180 0.744116 0.727692 0.713660 0.701817 0.692001 0.684080 0.677954 0.673545 0.670798 0.669681 0.670178 0.672298 0.676065 0.681525 0.688747 0.697823 0.689660 0.670786 0.654453 0.640403 0.628425 0.618350 0.610039 0.603382 0.598295 0.594714 0.592595 0.591912 0.592656 0.594837 0.598481 0.603633 0.610358 0.618742 0.628896 0.640958 0.655101 0.671537 0.690525 0.689944 0.683006 0.677823 0.674331 0.672486 0.672266 0.673669 0.676711 6092.500000 1.347996 0.804003
0.836157 0.802233 0.772743 0.747081 0.724757 0.705380 0.688627 0.674238 0.662001 0.651741 0.643321 0.636630 0.631583 0.628116 0.626188 0.625774 0.626870 0.629489 0.633663 0.639443 0.646903 0.656138 0.667271 0.680456 0.695883 0.713786 0.734449 0.758226 0.785550 0.816958 0.837243 0.823020 0.811194 0.801607 0.794134 0.788682 0.785183 0.783595 0.783897 0.786095 0.790213 0.796304 0.804442 0.814731 0.827306 0.842336 0.860032 0.880655 0.904524 0.932031 0.963658 1.000000 0.981773 0.940753 0.905115 0.874108 0.847128 0.823689 0.803395 0.785925 0.771017 0.758457 0.748073 0.739727 0.733312 0.728749 0.725980 0.724972 0.725712 0.728210 0.732496 0.738623 0.746667 0.756732 0.768949 0.783486 0.794977 0.770999 0.750180 0.732172 0.716695 0.703519 0.692457 0.683357 0.676102 0.670597 0.666775 0.664588 0.664010 0.665033 0.667671 0.671955 0.677938 0.685695 0.695326 0.706959 0.720754 0.736909 0.755666 0.777325 0.802252 0.830898 0.863824 0.901730 0.921408 0.900638 0.882864 0.867828 0.855321 0.845178 0.837265 0.831484 0.827762 0.826055 0.826342 0.828625 0.832934 0.839320 0.847863 0.858672 0.871887 0.887688 0.906295 0.927983 0.953086 0.973272 0.920568 0.875279 3827.000000 1.314412 0.840916
0.720754 0.736909 0.755666 0.777325 0.802252 0.830898 0.863824 0.901730 0.921408 0.900638 0.882864 0.867828 0.855321 0.845178 0.837265 0.831484 0.827762 0.826055 0.826342 0.828625 0.832934 0.839320 0.847863 0.858672 0.871887 0.887688 0.906295 0.927983 0.953086 0.973272 0.920568 0.875279 0.836157 0.802233 0.772743 0.747081 0.724757 0.705380 0.688627 0.674238 0.662001 0.651741 0.643321 0.636630 0.631583 0.628116 0.626188 0.625774 0.626870 0.629489 0.633663 0.639443 0.646903 0.656138 0.667271 0.680456 0.695883 0.713786 0.734449 0.758226 0.785550 0.816958 0.837243 0.823020 0.811194 0.801607 0.794134 0.788682 0.785183 0.783595 0.783897 0.786095 0.790213 0.796304 0.804442 0.814731 0.827306 0.842336 0.860032 0.880655 0.904524 0.932031 0.963658 1.000000 0.981773 0.940753 0.905115 0.874108 0.847128 0.823689 0.803395 0.785925 0.771017 0.758457 0.748073 0.739727 0.733312 0.728749 0.725980 0.724972 0.725712 0.728210 0.732496 0.738623 0.746667 0.756732 0.768949 0.783486 0.794977 0.770999 0.750180 0.732172 0.716695 0.703519 0.692457 0.683357 0.676102 0.670597 0.666775 0.664588 0.664010 0.665033 0.667671 0.671955 0.677938 0.685695 0.695326 0.706959 3827.000000 1.314412 0.840916
0.733312 0.728749 0.725980 0.724972 0.725712 0.728210 0.732496 0.738623 0.746667 0.756732 0.768949 0.783486 0.794977 0.770999 0.750180 0.732172 0.716695 0.703519 0.692457 0.683357 0.676102 0.670597 0.666775 0.664588 0.664010 0.665033 0.667671 0.671955 0.677938 0.685695 0.695326 0.706959 0.720754 0.736909 0.755666 0.777325 0.802252 0.830898 0.863824 0.901730 0.921408 0.900638 0.882864 0.867828 0.855321 0.845178 0.837265 0.831484 0.827762 0.826055 0.826342 0.828625 0.832934 0.839320 0.847863 0.858672 0.871887 0.887688 0.906295 0.927983 0.953086 0.973272 0.920568 0.875279 0.836157 0.802233 0.772743 0.747081 0.724757 0.705380 0.688627 0.674238 0.662001 0.651741 0.643321 0.636630 0.631583 0.628116 0.626188 0.625774 0.626870 0.629489 0.633663 0.639443 0.646903 0.656138 0.667271 0.680456 0.695883 0.713786 0.734449 0.758226 0.785550 0.816958 0.837243 0.823020 0.811194 0.801607 0.794134 0.788682 0.785183 0.783595 0.783897 0.786095 0.790213 0.796304 0.804442 0.814731 0.827306 0.842336 0.860032 0.880655 0.904524 0.932031 0.963658 1.000000 0.981773 0.940753 0.905115 0.874108 0.847128 0.823689 0.803395 0.785925 0.771017 0.758457 0.748073 0.739727 3827.000000 1.314412 0.840916
0.811194 0.801607 0.794134 0.788682 0.785183 0.783595 0.783897 0.786095 0.790213 0.796304 0.804442 0.814731 0.827306 0.842336 0.860032 0.880655 0.904524 0.932031 0.963658 1.000000 0.981773 0.940753 0.905115 0.874108 0.847128 0.823689 0.803395 0.785925 0.771017 0.758457 0.748073 0.739727 0.733312 0.728749 0.725980 0.724972 0.725712 0.728210 0.732496 0.738623 0.746667 0.756732 0.768949 0.783486 0.794977 0.770999 0.750180 0.732172 0.716695 0.703519 0.692457 0.683357 0.676102 0.670597 0.666775 0.664588 0.664010 0.665033 0.667671 0.671955 0.677938 0.685695 0.695326 0.706959 0.720754 0.736909 0.755666 0.777325 0.802252 0.830898 0.863824 0.901730 0.921408 0.900638 0.882864 0.867828 0.855321 0.845178 0.837265 0.831484 0.827762 0.826055 0.826342 0.828625 0.832934 0.839320 0.847863 0.858672 0.871887 0.887688 0.906295 0.927983 0.953086 0.973272 0.920568 0.875279 0.836157 0.802233 0.772743 0.747081 0.724757 0.705380 0.688627 0.674238 0.662001 0.651741 0.643321 0.636630 0.631583 0.628116 0.626188 0.625774 0.626870 0.629489 0.633663 0.639443 0.646903 0.656138 0.667271 0.680456 0.695883 0.713786 0.734449 0.758226 0.785550 0.816958 0.837243 0.823020 3827.000000 1.314412 0.840916
1.000000 0.911635 0.839476 0.779644 0.729413 0.686817 0.650402 0.619071 0.591980 0.568473 0.548031 0.530241 0.514771 0.501352 0.489765 0.479831 0.471405 0.464369 0.458628 0.454109 0.450753 0.448519 0.447379 0.447320 0.448342 0.450455 0.453687 0.458076 0.463680 0.470570 0.478839 0.488601 0.500000 0.513209 0.528443 0.545964 0.566097 0.589247 0.615917 0.646748 0.682559 0.724415 0.773727 0.832394 0.807712 0.763888 0.726235 0.693712 0.665512 0.640999 0.619668 0.601111 0.585003 0.571075 0.559110 0.548932 0.540396 0.533387 0.527813 0.523602 0.520703 0.519079 0.518710 0.519594 0.521739 0.525173 0.529937 0.536092 0.543716 0.552912 0.563806 0.576555 0.591351 0.608431 0.628085 0.650671 0.676633 0.706526 0.741049 0.781099 0.827832 0.882776 0.888464 0.814536 0.753642 0.702795 0.659865 0.623292 0.591912 0.564835 0.541375 0.520991 0.503254 0.487822 0.474417 0.462814 0.452830 0.444316 0.437149 0.431233 0.426488 0.422854 0.420285 0.418750 0.418230 0.418719 0.420223 0.422759 0.426360 0.431070 0.436950 0.444077 0.452548 0.462485 0.474036 0.487383 0.502749 0.520410 0.540707 0.564066 0.591023 0.622259 0.658657 0.701372 0.751949 0.812496 0.885969 0.976639 1164.000000 1.281650 0.591001
0.452830 0.444316 0.437149 0.431233 0.426488 0.422854 0.420285 0.418750 0.418230 0.418719 0.420223 0.422759 0.426360 0.431070 0.436950 0.444077 0.452548 0.462485 0.474036 0.487383 0.502749 0.520410 0.540707 0.564066 0.591023 0.622259 0.658657 0.701372 0.751949 0.812496 0.885969 0.976639 1.000000 0.911635 0.839476 0.779644 0.729413 0.686817 0.650402 0.619071 0.591980 0.568473 0.548031 0.530241 0.514771 0.501352 0.489765 0.479831 0.471405 0.464369 0.458628 0.454109 0.450753 0.448519 0.447379 0.447320 0.448342 0.450455 0.453687 0.458076 0.463680 0.470570 0.478839 0.488601 0.500000 0.513209 0.528443 0.545964 0.566097 0.589247 0.615917 0.646748 0.682559 0.724415 0.773727 0.832394 0.807712 0.763888 0.726235 0.693712 0.665512 0.640999 0.619668 0.601111 0.585003 0.571075 0.559110 0.548932 0.540396 0.533387 0.527813 0.523602 0.520703 0.519079 0.518710 0.519594 0.521739 0.525173 0.529937 0.536092 0.543716 0.552912 0.563806 0.576555 0.591351 0.608431 0.628085 0.650671 0.676633 0.706526 0.741049 0.781099 0.827832 0.882776 0.888464 0.814536 0.753642 0.702795 0.659865 0.623292 0.591912 0.564835 0.541375 0.520991 0.503254 0.487822 0.474417 0.462814 1164.000000 1.281650 0.591001
0.521739 0.525173 0.529937 0.536092 0.543716 0.552912 0.563806 0.576555 0.591351 0.608431 0.628085 0.650671 0.676633 0.706526 0.741049 0.781099 0.827832 0.882776 0.888464 0.814536 0.753642 0.702795 0.659865 0.623292 0.591912 0.564835 0.541375 0.520991 0.503254 0.487822 0.474417 0.462814 0.452830 0.444316 0.437149 0.431233 0.426488 0.422854 0.420285 0.418750 0.418230 0.418719 0.420223 0.422759 0.426360 0.431070 0.436950 0.444077 0.452548 0.462485 0.474036 0.487383 0.502749 0.520410 0.540707 0.564066 0.591023 0.622259 0.658657 0.701372 0.751949 0.812496 0.885969 0.976639 1.000000 0.911635 0.839476 0.779644 0.729413 0.686817 0.650402 0.619071 0.591980 0.568473 0.548031 0.530241 0.514771 0.501352 0.489765 0.479831 0.471405 0.464369 0.458628 0.454109 0.450753 0.448519 0.447379 0.447320 0.448342 0.450455 0.453687 0.458076 0.463680 0.470570 0.478839 0.488601 0.500000 0.513209 0.528443 0.545964 0.566097 0.589247 0.615917 0.646748 0.682559 0.724415 0.773727 0.832394 0.807712 0.763888 0.726235 0.693712 0.665512 0.640999 0.619668 0.601111 0.585003 0.571075 0.559110 0.548932 0.540396 0.533387 0.527813 0.523602 0.520703 0.519079 0.518710 0.519594 1164.000000 1.281650 0.591001
0.500000 0.513209 0.528443 0.545964 0.566097 0.589247 0.615917 0.646748 0.682559 0.724415 0.773727 0.832394 0.807712 0.763888 0.726235 0.693712 0.665512 0.640999 0.619668 0.601111 0.585003 0.571075 0.559110 0.548932 0.540396 0.533387 0.527813 0.523602 0.520703 0.519079 0.518710 0.519594 0.521739 0.525173 0.529937 0.536092 0.543716 0.552912 0.563806 0.576555 0.591351 0.608431 0.628085 0.650671 0.676633 0.706526 0.741049 0.781099 0.827832 0.882776 0.888464 0.814536 0.753642 0.702795 0.659865 0.623292 0.591912 0.564835 0.541375 0.520991 0.503254 0.487822 0.474417 0.462814 0.452830 0.444316 0.437149 0.431233 0.426488 0.422854 0.420285 0.418750 0.418230 0.418719 0.420223 0.422759 0.426360 0.431070 0.436950 0.444077 0.452548 0.462485 0.474036 0.487383 0.502749 0.520410 0.540707 0.564066 0.591023 0.622259 0.658657 0.701372 0.751949 0.812496 0.885969 0.976639 1.000000 0.911635 0.839476 0.779644 0.729413 0.686817 0.650402 0.619071 0.591980 0.568473 0.548031 0.530241 0.514771 0.501352 0.489765 0.479831 0.471405 0.464369 0.458628 0.454109 0.450753 0.448519 0.447379 0.447320 0.448342 0.450455 0.453687 0.458076 0.463680 0.470570 0.478839 0.488601 1164.000000 1.281650 0.591001
0.501598 0.507996 0.515818 0.525171 0.528946 0.510215 0.493914 0.479742 0.467456 0.456856 0.447782 0.440100 0.433705 0.428510 0.424449 0.421470 0.419536 0.418624 0.418722 0.419832 0.421967 0.425153 0.429430 0.434852 0.444671 0.456822 0.470823 0.486919 0.505415 0.526690 0.551222 0.579616 0.612649 0.651339 0.697038 0.751581 0.817521 0.898516 1.000000 0.887007 0.797454 0.725913 0.667628 0.619389 0.578951 0.544702 0.515450 0.490302 0.468569 0.449719 0.433331 0.424112 0.416322 0.409782 0.404404 0.400116 0.396865 0.394608 0.393320 0.392984 0.393595 0.395162 0.397703 0.401251 0.405848 0.411555 0.418448 0.426620 0.426491 0.425047 0.424633 0.425243 0.426884 0.429577 0.433355 0.438265 0.444371 0.451753 0.460512 0.470774 0.482693 0.496459 0.512303 0.530512 0.551441 0.575532 0.603344 0.635590 0.673190 0.717356 0.718111 0.696895 0.678486 0.662579 0.648928 0.637333 0.627630 0.619689 0.613405 0.608700 0.605513 0.603807 0.603561 0.604771 0.607452 0.611637 0.617378 0.624747 0.633839 0.641300 0.616333 0.594616 0.575718 0.559289 0.545049 0.532767 0.522258 0.513367 0.505973 0.499976 0.495299 0.491883 0.489685 0.488678 0.488851 0.490206 0.492758 0.496540 7555.500000 1.533350 0.667407
0.627630 0.619689 0.613405 0.608700 0.605513 0.603807 0.603561 0.604771 0.607452 0.611637 0.617378 0.624747 0.633839 0.641300 0.616333 0.594616 0.575718 0.559289 0.545049 0.532767 0.522258 0.513367 0.505973 0.499976 0.495299 0.491883 0.489685 0.488678 0.488851 0.490206 0.492758 0.496540 0.501598 0.507996 0.515818 0.525171 0.528946 0.510215 0.493914 0.479742 0.467456 0.456856 0.447782 0.440100 0.433705 0.428510 0.424449 0.421470 0.419536 0.418624 0.418722 0.419832 0.421967 0.425153 0.429430 0.434852 0.444671 0.456822 0.470823 0.486919 0.505415 0.526690 0.551222 0.579616 0.612649 0.651339 0.697038 0.751581 0.817521 0.898516 1.000000 0.887007 0.797454 0.725913 0.667628 0.619389 0.578951 0.544702 0.515450 0.490302 0.468569 0.449719 0.433331 0.424112 0.416322 0.409782 0.404404 0.400116 0.396865 0.394608 0.393320 0.392984 0.393595 0.395162 0.397703 0.401251 0.405848 0.411555 0.418448 0.426620 0.426491 0.425047 0.424633 0.425243 0.426884 0.429577 0.433355 0.438265 0.444371 0.451753 0.460512 0.470774 0.482693 0.496459 0.512303 0.530512 0.551441 0.575532 0.603344 0.635590 0.673190 0.717356 0.718111 0.696895 0.678486 0.662579 0.648928 0.637333 7555.500000 1.533350 0.667407
0.405848 0.411555 0.418448 0.426620 0.426491 0.425047 0.424633 0.425243 0.426884 0.429577 0.433355 0.438265 0.444371 0.451753 0.460512 0.470774 0.482693 0.496459 0.512303 0.530512 0.551441 0.575532 0.603344 0.635590 0.673190 0.717356 0.718111 0.696895 0.678486 0.662579 0.648928 0.637333 0.627630 0.619689 0.613405 0.608700 0.605513 0.603807 0.603561 0.604771 0.607452 0.611637 0.617378 0.624747 0.633839 0.641300 0.616333 0.594616 0.575718 0.559289 0.545049 0.532767 0.522258 0.513367 0.505973 0.499976 0.495299 0.491883 0.489685 0.488678 0.488851 0.490206 0.492758 0.496540 0.501598 0.507996 0.515818 0.525171 0.528946 0.510215 0.493914 0.479742 0.467456 0.456856 0.447782 0.440100 0.433705 0.428510 0.424449 0.421470 0.419536 0.418624 0.418722 0.419832 0.421967 0.425153 0.429430 0.434852 0.444671 0.456822 0.470823 0.486919 0.505415 0.526690 0.551222 0.579616 0.612649 0.651339 0.697038 0.751581 0.817521 0.898516 1.000000 0.887007 0.797454 0.725913 0.667628 0.619389 0.578951 0.544702 0.515450 0.490302 0.468569 0.449719 0.433331 0.424112 0.416322 0.409782 0.404404 0.400116 0.396865 0.394608 0.393320 0.392984 0.393595 0.395162 0.397703 0.401251 7555.500000 1.533350 0.667407
0.612649 0.651339 0.697038 0.751581 0.817521 0.898516 1.000000 0.887007 0.797454 0.725913 0.667628 0.619389 0.578951 0.544702 0.515450 0.490302 0.468569 0.449719 0.433331 0.424112 0.416322 0.409782 0.404404 0.400116 0.396865 0.394608 0.393320 0.392984 0.393595 0.395162 0.397703 0.401251 0.405848 0.411555 0.418448 0.426620 0.426491 0.425047 0.424633 0.425243 0.426884 0.429577 0.433355 0.438265 0.444371 0.451753 0.460512 0.470774 0.482693 0.496459 0.512303 0.530512 0.551441 0.575532 0.603344 0.635590 0.673190 0.717356 0.718111 0.696895 0.678486 0.662579 0.648928 0.637333 0.627630 0.619689 0.613405 0.608700 0.605513 0.603807 0.603561 0.604771 0.607452 0.611637 0.617378 0.624747 0.633839 0.641300 0.616333 0.594616 0.575718 0.559289 0.545049 0.532767 0.522258 0.513367 0.505973 0.499976 0.495299 0.491883 0.489685 0.488678 0.488851 0.490206 0.492758 0.496540 0.501598 0.507996 0.515818 0.525171 0.528946 0.510215 0.493914 0.479742 0.467456 0.456856 0.447782 0.440100 0.433705 0.428510 0.424449 0.421470 0.419536 0.418624 0.418722 0.419832 0.421967 0.425153 0.429430 0.434852 0.444671 0.456822 0.470823 0.486919 0.505415 0.526690 0.551222 0.579616 7555.500000 1.533350 0.667407
0.545042 0.552866 0.562925 0.574767 0.588566 0.604536 0.622939 0.644098 0.668413 0.696378 0.728618 0.765922 0.809308 0.860100 0.920059 0.991572 1.000000 0.949642 0.906192 0.868544 0.835833 0.807371 0.782606 0.761095 0.742476 0.726454 0.712789 0.701288 0.691792 0.684176 0.678342 0.674218 0.671751 0.670914 0.671694 0.674102 0.678167 0.683939 0.691490 0.700918 0.704046 0.698859 0.695411 0.693660 0.693584 0.695183 0.698476 0.703503 0.710327 0.719033 0.729735 0.742577 0.757737 0.775436 0.795944 0.819595 0.846798 0.848169 0.812847 0.782158 0.755456 0.732222 0.712039 0.694567 0.679531 0.666703 0.655901 0.646978 0.639815 0.634321 0.630425 0.628081 0.627260 0.627952 0.629307 0.624959 0.622159 0.620874 0.621087 0.622801 0.626037 0.630834 0.637252 0.645374 0.655303 0.667176 0.681158 0.697455 0.716318 0.738058 0.763055 0.791778 0.824814 0.862895 0.906953 0.943119 0.921416 0.902815 0.887045 0.873885 0.863159 0.854728 0.848484 0.844350 0.842275 0.842234 0.841399 0.794929 0.755048 0.720630 0.690805 0.664889 0.642338 0.622718 0.605677 0.590929 0.578243 0.567428 0.558330 0.550826 0.544815 0.540222 0.536989 0.535075 0.534458 0.535130 0.537099 0.540390 647.000000 1.119359 0.778863
0.921416 0.902815 0.887045 0.873885 0.863159 0.854728 0.848484 0.844350 0.842275 0.842234 0.841399 0.794929 0.755048 0.720630 0.690805 0.664889 0.642338 0.622718 0.605677 0.590929 0.578243 0.567428 0.558330 0.550826 0.544815 0.540222 0.536989 0.535075 0.534458 0.535130 0.537099 0.540390 0.545042 0.552866 0.562925 0.574767 0.588566 0.604536 0.622939 0.644098 0.668413 0.696378 0.728618 0.765922 0.809308 0.860100 0.920059 0.991572 1.000000 0.949642 0.906192 0.868544 0.835833 0.807371 0.782606 0.761095 0.742476 0.726454 0.712789 0.701288 0.691792 0.684176 0.678342 0.674218 0.671751 0.670914 0.671694 0.674102 0.678167 0.683939 0.691490 0.700918 0.704046 0.698859 0.695411 0.693660 0.693584 0.695183 0.698476 0.703503 0.710327 0.719033 0.729735 0.742577 0.757737 0.775436 0.795944 0.819595 0.846798 0.848169 0.812847 0.782158 0.755456 0.732222 0.712039 0.694567 0.679531 0.666703 0.655901 0.646978 0.639815 0.634321 0.630425 0.628081 0.627260 0.627952 0.629307 0.624959 0.622159 0.620874 0.621087 0.622801 0.626037 0.630834 0.637252 0.645374 0.655303 0.667176 0.681158 0.697455 0.716318 0.738058 0.763055 0.791778 0.824814 0.862895 0.906953 0.943119 647.000000 1.119359 0.778863
0.679531 0.666703 0.655901 0.646978 0.639815 0.634321 0.630425 0.628081 0.627260 0.627952 0.629307 0.624959 0.622159 0.620874 0.621087 0.622801 0.626037 0.630834 0.637252 0.645374 0.655303 0.667176 0.681158 0.697455 0.716318 0.738058 0.763055 0.791778 0.824814 0.862895 0.906953 0.943119 0.921416 0.902815 0.887045 0.873885 0.863159 0.854728 0.848484 0.844350 0.842275 0.842234 0.841399 0.794929 0.755048 0.720630 0.690805 0.664889 0.642338 0.622718 0.605677 0.590929 0.578243 0.567428 0.558330 0.550826 0.544815 0.540222 0.536989 0.535075 0.534458 0.535130 0.537099 0.540390 0.545042 0.552866 0.562925 0.574767 0.588566 0.604536 0.622939 0.644098 0.668413 0.696378 0.728618 0.765922 0.809308 0.860100 0.920059 0.991572 1.000000 0.949642 0.906192 0.868544 0.835833 0.807371 0.782606 0.761095 0.742476 0.726454 0.712789 0.701288 0.691792 0.684176 0.678342 0.674218 0.671751 0.670914 0.671694 0.674102 0.678167 0.683939 0.691490 0.700918 0.704046 0.698859 0.695411 0.693660 0.693584 0.695183 0.698476 0.703503 0.710327 0.719033 0.729735 0.742577 0.757737 0.775436 0.795944 0.819595 0.846798 0.848169 0.812847 0.782158 0.755456 0.732222 0.712039 0.694567 647.000000 1.119359 0.778863
0.671751 0.670914 0.671694 0.674102 0.678167 0.683939 0.691490 0.700918 0.704046 0.698859 0.695411 0.693660 0.693584 0.695183 0.698476 0.703503 0.710327 0.719033 0.729735 0.742577 0.757737 0.775436 0.795944 0.819595 0.846798 0.848169 0.812847 0.782158 0.755456 0.732222 0.712039 0.694567 0.679531 0.666703 0.655901 0.646978 0.639815 0.634321 0.630425 0.628081 0.627260 0.627952 0.629307 0.624959 0.622159 0.620874 0.621087 0.622801 0.626037 0.630834 0.637252 0.645374 0.655303 0.667176 0.681158 0.697455 0.716318 0.738058 0.763055 0.791778 0.824814 0.862895 0.906953 0.943119 0.921416 0.902815 0.887045 0.873885 0.863159 0.854728 0.848484 0.844350 0.842275 0.842234 0.841399 0.794929 0.755048 0.720630 0.690805 0.664889 0.642338 0.622718 0.605677 0.590929 0.578243 0.567428 0.558330 0.550826 0.544815 0.540222 0.536989 0.535075 0.534458 0.535130 0.537099 0.540390 0.545042 0.552866 0.562925 0.574767 0.588566 0.604536 0.622939 0.644098 0.668413 0.696378 0.728618 0.765922 0.809308 0.860100 0.920059 0.991572 1.000000 0.949642 0.906192 0.868544 0.835833 0.807371 0.782606 0.761095 0.742476 0.726454 0.712789 0.701288 0.691792 0.684176 0.678342 0.674218 647.000000 1.119359 0.778863
0.770348 0.828592 0.898704 0.868638 0.813987 0.767546 0.727777 0.693514 0.663860 0.638112 0.615714 0.596224 0.579282 0.564599 0.551938 0.541108 0.531952 0.524342 0.518178 0.513380 0.509886 0.507655 0.506658 0.506884 0.508336 0.511030 0.515000 0.520296 0.526985 0.535153 0.544913 0.556400 0.569784 0.585273 0.603121 0.623642 0.647222 0.674343 0.705612 0.741795 0.783880 0.833156 0.891333 0.837380 0.779067 0.729990 0.688291 0.652585 0.621825 0.595204 0.572090 0.551984 0.534487 0.519279 0.506097 0.494730 0.485005 0.476782 0.469946 0.464407 0.460092 0.456947 0.454933 0.454026 0.454215 0.455501 0.457902 0.461445 0.466175 0.472153 0.479456 0.488182 0.498456 0.510427 0.524282 0.540247 0.558604 0.579697 0.603958 0.631927 0.664291 0.701931 0.745997 0.798019 0.860066 0.935019 1.000000 0.911372 0.839032 0.779071 0.728746 0.686081 0.649614 0.618242 0.591119 0.567586 0.547122 0.529314 0.513827 0.500392 0.488789 0.478839 0.470397 0.463344 0.457586 0.453047 0.449670 0.447413 0.446248 0.446161 0.447151 0.449230 0.452424 0.456772 0.462328 0.469166 0.477376 0.487074 0.498398 0.511524 0.526663 0.544076 0.564085 0.587090 0.613592 0.644226 0.679803 0.721379 18218.500000 1.166660 0.599310
0.547122 0.529314 0.513827 0.500392 0.488789 0.478839 0.470397 0.463344 0.457586 0.453047 0.449670 0.447413 0.446248 0.446161 0.447151 0.449230 0.452424 0.456772 0.462328 0.469166 0.477376 0.487074 0.498398 0.511524 0.526663 0.544076 0.564085 0.587090 0.613592 0.644226 0.679803 0.721379 0.770348 0.828592 0.898704 0.868638 0.813987 0.767546 0.727777 0.693514 0.663860 0.638112 0.615714 0.596224 0.579282 0.564599 0.551938 0.541108 0.531952 0.524342 0.518178 0.513380 0.509886 0.507655 0.506658 0.506884 0.508336 0.511030 0.515000 0.520296 0.526985 0.535153 0.544913 0.556400 0.569784 0.585273 0.603121 0.623642 0.647222 0.674343 0.705612 0.741795 0.783880 0.833156 0.891333 0.837380 0.779067 0.729990 0.688291 0.652585 0.621825 0.595204 0.572090 0.551984 0.534487 0.519279 0.506097 0.494730 0.485005 0.476782 0.469946 0.464407 0.460092 0.456947 0.454933 0.454026 0.454215 0.455501 0.457902 0.461445 0.466175 0.472153 0.479456 0.488182 0.498456 0.510427 0.524282 0.540247 0.558604 0.579697 0.603958 0.631927 0.664291 0.701931 0.745997 0.798019 0.860066 0.935019 1.000000 0.911372 0.839032 0.779071 0.728746 0.686081 0.649614 0.618242 0.591119 0.567586 18218.500000 1.166660 0.599310
0.454215 0.455501 0.457902 0.461445 0.466175 0.472153 0.479456 0.488182 0.498456 0.510427 0.524282 0.540247 0.558604 0.579697 0.603958 0.631927 0.664291 0.701931 0.745997 0.798019 0.860066 0.935019 1.000000 0.911372 0.839032 0.779071 0.728746 0.686081 0.649614 0.618242 0.591119 0.567586 0.547122 0.529314 0.513827 0.500392 0.488789 0.478839 0.470397 0.463344 0.457586 0.453047 0.449670 0.447413 0.446248 0.446161 0.447151 0.449230 0.452424 0.456772 0.462328 0.469166 0.477376 0.487074 0.498398 0.511524 0.526663 0.544076 0.564085 0.587090 0.613592 0.644226 0.679803 0.721379 0.770348 0.828592 0.898704 0.868638 0.813987 0.767546 0.727777 0.693514 0.663860 0.638112 0.615714 0.596224 0.579282 0.564599 0.551938 0.541108 0.531952 0.524342 0.518178 0.513380 0.509886 0.507655 0.506658 0.506884 0.508336 0.511030 0.515000 0.520296 0.526985 0.535153 0.544913 0.556400 0.569784 0.585273 0.603121 0.623642 0.647222 0.674343 0.705612 0.741795 0.783880 0.833156 0.891333 0.837380 0.779067 0.729990 0.688291 0.652585 0.621825 0.595204 0.572090 0.551984 0.534487 0.519279 0.506097 0.494730 0.485005 0.476782 0.469946 0.464407 0.460092 0.456947 0.454933 0.454026 18218.500000 1.166660 0.599310
0.569784 0.585273 0.603121 0.623642 0.647222 0.674343 0.705612 0.741795 0.783880 0.833156 0.891333 0.837380 0.779067 0.729990 0.688291 0.652585 0.621825 0.595204 0.572090 0.551984 0.534487 0.519279 0.506097 0.494730 0.485005 0.476782 0.469946 0.464407 0.460092 0.456947 0.454933 0.454026 0.454215 0.455501 0.457902 0.461445 0.466175 0.472153 0.479456 0.488182 0.498456 0.510427 0.524282 0.540247 0.558604 0.579697 0.603958 0.631927 0.664291 0.701931 0.745997 0.798019 0.860066 0.935019 1.000000 0.911372 0.839032 0.779071 0.728746 0.686081 0.649614 0.618242 0.591119 0.567586 0.547122 0.529314 0.513827 0.500392 0.488789 0.478839 0.470397 0.463344 0.457586 0.453047 0.449670 0.447413 0.446248 0.446161 0.447151 0.449230 0.452424 0.456772 0.462328 0.469166 0.477376 0.487074 0.498398 0.511524 0.526663 0.544076 0.564085 0.587090 0.613592 0.644226 0.679803 0.721379 0.770348 0.828592 0.898704 0.868638 0.813987 0.767546 0.727777 0.693514 0.663860 0.638112 0.615714 0.596224 0.579282 0.564599 0.551938 0.541108 0.531952 0.524342 0.518178 0.513380 0.509886 0.507655 0.506658 0.506884 0.508336 0.511030 0.515000 0.520296 0.526985 0.535153 0.544913 0.556400 18218.500000 1.166660 0.599310
0.725450 0.702178 0.681944 0.664400 0.649260 0.636294 0.625313 0.616163 0.608723 0.602895 0.598606 0.595803 0.594451 0.594535 0.596055 0.599029 0.603495 0.609507 0.617141 0.603387 0.577633 0.555270 0.535817 0.518888 0.504174 0.491423 0.480429 0.471027 0.463079 0.456477 0.451132 0.446975 0.443954 0.442031 0.441183 0.441399 0.442683 0.445050 0.448528 0.453161 0.459009 0.466146 0.474672 0.484704 0.496391 0.509914 0.524163 0.534315 0.546211 0.560027 0.575985 0.594352 0.615462 0.639723 0.667651 0.699891 0.737269 0.780851 0.832041 0.892715 0.965442 1.000000 0.919815 0.853438 0.797789 0.750650 0.710388 0.675769 0.645852 0.619901 0.597339 0.577704 0.560626 0.545807 0.533001 0.522012 0.512676 0.504864 0.498469 0.493407 0.489615 0.487046 0.485667 0.485462 0.486428 0.488578 0.491937 0.496548 0.492434 0.485960 0.480798 0.476881 0.474160 0.472602 0.472188 0.472913 0.474786 0.477830 0.482081 0.487595 0.494440 0.502709 0.512515 0.523999 0.537333 0.552730 0.570450 0.590745 0.591759 0.594211 0.598129 0.603564 0.610582 0.619276 0.629759 0.642177 0.656708 0.673573 0.693040 0.715441 0.741184 0.770775 0.804846 0.844196 0.859312 0.818363 0.782939 0.752192 6299.000000 1.628266 0.727850
0.474786 0.477830 0.482081 0.487595 0.494440 0.502709 0.512515 0.523999 0.537333 0.552730 0.570450 0.590745 0.591759 0.594211 0.598129 0.603564 0.610582 0.619276 0.629759 0.642177 0.656708 0.673573 0.693040 0.715441 0.741184 0.770775 0.804846 0.844196 0.859312 0.818363 0.782939 0.752192 0.725450 0.702178 0.681944 0.664400 0.649260 0.636294 0.625313 0.616163 0.608723 0.602895 0.598606 0.595803 0.594451 0.594535 0.596055 0.599029 0.603495 0.609507 0.617141 0.603387 0.577633 0.555270 0.535817 0.518888 0.504174 0.491423 0.480429 0.471027 0.463079 0.456477 0.451132 0.446975 0.443954 0.442031 0.441183 0.441399 0.442683 0.445050 0.448528 0.453161 0.459009 0.466146 0.474672 0.484704 0.496391 0.509914 0.524163 0.534315 0.546211 0.560027 0.575985 0.594352 0.615462 0.639723 0.667651 0.699891 0.737269 0.780851 0.832041 0.892715 0.965442 1.000000 0.919815 0.853438 0.797789 0.750650 0.710388 0.675769 0.645852 0.619901 0.597339 0.577704 0.560626 0.545807 0.533001 0.522012 0.512676 0.504864 0.498469 0.493407 0.489615 0.487046 0.485667 0.485462 0.486428 0.488578 0.491937 0.496548 0.492434 0.485960 0.480798 0.476881 0.474160 0.472602 0.472188 0.472913 6299.000000 1.628266 0.727850
0.797789 0.750650 0.710388 0.675769 0.645852 0.619901 0.597339 0.577704 0.560626 0.545807 0.533001 0.522012 0.512676 0.504864 0.498469 0.493407 0.489615 0.487046 0.485667 0.485462 0.486428 0.488578 0.491937 0.496548 0.492434 0.485960 0.480798 0.476881 0.474160 0.472602 0.472188 0.472913 0.474786 0.477830 0.482081 0.487595 0.494440 0.502709 0.512515 0.523999 0.537333 0.552730 0.570450 0.590745 0.591759 0.594211 0.598129 0.603564 0.610582 0.619276 0.629759 0.642177 0.656708 0.673573 0.693040 0.715441 0.741184 0.770775 0.804846 0.844196 0.859312 0.818363 0.782939 0.752192 0.725450 0.702178 0.681944 0.664400 0.649260 0.636294 0.625313 0.616163 0.608723 0.602895 0.598606 0.595803 0.594451 0.594535 0.596055 0.599029 0.603495 0.609507 0.617141 0.603387 0.577633 0.555270 0.535817 0.518888 0.504174 0.491423 0.480429 0.471027 0.463079 0.456477 0.451132 0.446975 0.443954 0.442031 0.441183 0.441399 0.442683 0.445050 0.448528 0.453161 0.459009 0.466146 0.474672 0.484704 0.496391 0.509914 0.524163 0.534315 0.546211 0.560027 0.575985 0.594352 0.615462 0.639723 0.667651 0.699891 0.737269 0.780851 0.832041 0.892715 0.965442 1.000000 0.919815 0.853438 6299.000000 1.628266 0.727850
0.443954 0.442031 0.441183 0.441399 0.442683 0.445050 0.448528 0.453161 0.459009 0.466146 0.474672 0.484704 0.496391 0.509914 0.524163 0.534315 0.546211 0.560027 0.575985 0.594352 0.615462 0.639723 0.667651 0.699891 0.737269 0.780851 0.832041 0.892715 0.965442 1.000000 0.919815 0.853438 0.797789 0.750650 0.710388 0.675769 0.645852 0.619901 0.597339 0.577704 0.560626 0.545807 0.533001 0.522012 0.512676 0.504864 0.498469 0.493407 0.489615 0.487046 0.485667 0.485462 0.486428 0.488578 0.491937 0.496548 0.492434 0.485960 0.480798 0.476881 0.474160 0.472602 0.472188 0.472913 0.474786 0.477830 0.482081 0.487595 0.494440 0.502709 0.512515 0.523999 0.537333 0.552730 0.570450 0.590745 0.591759 0.594211 0.598129 0.603564 0.610582 0.619276 0.629759 0.642177 0.656708 0.673573 0.693040 0.715441 0.741184 0.770775 0.804846 0.844196 0.859312 0.818363 0.782939 0.752192 0.725450 0.702178 0.681944 0.664400 0.649260 0.636294 0.625313 0.616163 0.608723 0.602895 0.598606 0.595803 0.594451 0.594535 0.596055 0.599029 0.603495 0.609507 0.617141 0.603387 0.577633 0.555270 0.535817 0.518888 0.504174 0.491423 0.480429 0.471027 0.463079 0.456477 0.451132 0.446975 6299.000000 1.628266 0.727850
0.900324 0.839317 0.787831 0.743986 0.706375 0.673930 0.645821 0.621401 0.600153 0.581666 0.565605 0.551700 0.539732 0.529521 0.520920 0.513813 0.508104 0.503721 0.500609 0.498729 0.498059 0.498589 0.500328 0.503296 0.507528 0.513080 0.520020 0.528442 0.538459 0.550214 0.563883 0.579681 0.597871 0.618779 0.642806 0.670456 0.702359 0.739320 0.782376 0.832889 0.892673 0.964206 0.978725 0.898520 0.832318 0.776946 0.730130 0.690204 0.655917 0.626312 0.600649 0.578344 0.558935 0.542050 0.527389 0.514707 0.503805 0.494523 0.486728 0.480314 0.475197 0.471311 0.468608 0.467054 0.466631 0.467334 0.469171 0.472164 0.476351 0.481783 0.488532 0.496686 0.506357 0.517684 0.530838 0.546027 0.563508 0.583599 0.606690 0.633273 0.663965 0.699554 0.741061 0.789827 0.847649 0.916990 1.000000 0.923824 0.860358 0.806870 0.761371 0.722376 0.688760 0.659651 0.634370 0.612375 0.593236 0.576604 0.562197 0.549784 0.539179 0.530228 0.522808 0.516821 0.512190 0.508855 0.506777 0.505930 0.506303 0.507901 0.510744 0.514866 0.520318 0.527171 0.535515 0.545462 0.557153 0.570761 0.586499 0.604627 0.625467 0.649414 0.676965 0.708739 0.745528 0.788349 0.838531 0.897846 10538.500000 1.106637 0.602262
0.593236 0.576604 0.562197 0.549784 0.539179 0.530228 0.522808 0.516821 0.512190 0.508855 0.506777 0.505930 0.506303 0.507901 0.510744 0.514866 0.520318 0.527171 0.535515 0.545462 0.557153 0.570761 0.586499 0.604627 0.625467 0.649414 0.676965 0.708739 0.745528 0.788349 0.838531 0.897846 0.900324 0.839317 0.787831 0.743986 0.706375 0.673930 0.645821 0.621401 0.600153 0.581666 0.565605 0.551700 0.539732 0.529521 0.520920 0.513813 0.508104 0.503721 0.500609 0.498729 0.498059 0.498589 0.500328 0.503296 0.507528 0.513080 0.520020 0.528442 0.538459 0.550214 0.563883 0.579681 0.597871 0.618779 0.642806 0.670456 0.702359 0.739320 0.782376 0.832889 0.892673 0.964206 0.978725 0.898520 0.832318 0.776946 0.730130 0.690204 0.655917 0.626312 0.600649 0.578344 0.558935 0.542050 0.527389 0.514707 0.503805 0.494523 0.486728 0.480314 0.475197 0.471311 0.468608 0.467054 0.466631 0.467334 0.469171 0.472164 0.476351 0.481783 0.488532 0.496686 0.506357 0.517684 0.530838 0.546027 0.563508 0.583599 0.606690 0.633273 0.663965 0.699554 0.741061 0.789827 0.847649 0.916990 1.000000 0.923824 0.860358 0.806870 0.761371 0.722376 0.688760 0.659651 0.634370 0.612375 10538.500000 1.106637 0.602262
0.466631 0.467334 0.469171 0.472164 0.476351 0.481783 0.488532 0.496686 0.506357 0.517684 0.530838 0.546027 0.563508 0.583599 0.606690 0.633273 0.663965 0.699554 0.741061 0.789827 0.847649 0.916990 1.000000 0.923824 0.860358 0.806870 0.761371 0.722376 0.688760 0.659651 0.634370 0.612375 0.593236 0.576604 0.562197 0.549784 0.539179 0.530228 0.522808 0.516821 0.512190 0.508855 0.506777 0.505930 0.506303 0.507901 0.510744 0.514866 0.520318 0.527171 0.535515 0.545462 0.557153 0.570761 0.586499 0.604627 0.625467 0.649414 0.676965 0.708739 0.745528 0.788349 0.838531 0.897846 0.900324 0.839317 0.787831 0.743986 0.706375 0.673930 0.645821 0.621401 0.600153 0.581666 0.565605 0.551700 0.539732 0.529521 0.520920 0.513813 0.508104 0.503721 0.500609 0.498729 0.498059 0.498589 0.500328 0.503296 0.507528 0.513080 0.520020 0.528442 0.538459 0.550214 0.563883 0.579681 0.597871 0.618779 0.642806 0.670456 0.702359 0.739320 0.782376 0.832889 0.892673 0.964206 0.978725 0.898520 0.832318 0.776946 0.730130 0.690204 0.655917 0.626312 0.600649 0.578344 0.558935 0.542050 0.527389 0.514707 0.503805 0.494523 0.486728 0.480314 0.475197 0.471311 0.468608 0.467054 10538.500000 1.106637 0.602262
0.597871 0.618779 0.642806 0.670456 0.702359 0.739320 0.782376 0.832889 0.892673 0.964206 0.978725 0.898520 0.832318 0.776946 0.730130 0.690204 0.655917 0.626312 0.600649 0.578344 0.558935 0.542050 0.527389 0.514707 0.503805 0.494523 0.486728 0.480314 0.475197 0.471311 0.468608 0.467054 0.466631 0.467334 0.469171 0.472164 0.476351 0.481783 0.488532 0.496686 0.506357 0.517684 0.530838 0.546027 0.563508 0.583599 0.606690 0.633273 0.663965 0.699554 0.741061 0.789827 0.847649 0.916990 1.000000 0.923824 0.860358 0.806870 0.761371 0.722376 0.688760 0.659651 0.634370 0.612375 0.593236 0.576604 0.562197 0.549784 0.539179 0.530228 0.522808 0.516821 0.512190 0.508855 0.506777 0.505930 0.506303 0.507901 0.510744 0.514866 0.520318 0.527171 0.535515 0.545462 0.557153 0.570761 0.586499 0.604627 0.625467 0.649414 0.676965 0.708739 0.745528 0.788349 0.838531 0.897846 0.900324 0.839317 0.787831 0.743986 0.706375 0.673930 0.645821 0.621401 0.600153 0.581666 0.565605 0.551700 0.539732 0.529521 0.520920 0.513813 0.508104 0.503721 0.500609 0.498729 0.498059 0.498589 0.500328 0.503296 0.507528 0.513080 0.520020 0.528442 0.538459 0.550214 0.563883 0.579681 10538.500000 1.106637 0.602262
0.833891 0.908327 1.000000 0.978252 0.894245 0.825357 0.768041 0.719791 0.678783 0.643662 0.613403 0.587211 0.564469 0.544687 0.527471 0.512507 0.499539 0.488359 0.478796 0.470713 0.463998 0.458560 0.454331 0.451256 0.449297 0.448431 0.448647 0.449948 0.452349 0.455880 0.460585 0.466524 0.473774 0.482433 0.480009 0.471348 0.464093 0.458144 0.453425 0.449874 0.447449 0.446118 0.445866 0.446690 0.448600 0.451619 0.455784 0.461148 0.467780 0.475768 0.485224 0.496282 0.509112 0.523918 0.540953 0.560529 0.583033 0.608947 0.638883 0.673621 0.714174 0.761874 0.818516 0.886564 0.969499 0.915672 0.853350 0.800777 0.756021 0.717641 0.684539 0.655866 0.630958 0.609286 0.590429 0.574046 0.559859 0.547645 0.537218 0.528430 0.521161 0.515313 0.510812 0.507602 0.505642 0.504908 0.505393 0.507101 0.510054 0.514288 0.519855 0.526828 0.535297 0.545378 0.541618 0.522973 0.506749 0.492652 0.480445 0.469933 0.460957 0.453390 0.447127 0.442085 0.438200 0.435422 0.433717 0.433065 0.433458 0.434900 0.437408 0.441015 0.445764 0.451717 0.458951 0.467566 0.477683 0.489453 0.503060 0.518730 0.536743 0.557443 0.581261 0.608736 0.640558 0.677612 0.721060 0.772450 14488.000000 1.960261 0.631531
0.506749 0.492652 0.480445 0.469933 0.460957 0.453390 0.447127 0.442085 0.438200 0.435422 0.433717 0.433065 0.433458 0.434900 0.437408 0.441015 0.445764 0.451717 0.458951 0.467566 0.477683 0.489453 0.503060 0.518730 0.536743 0.557443 0.581261 0.608736 0.640558 0.677612 0.721060 0.772450 0.833891 0.908327 1.000000 0.978252 0.894245 0.825357 0.768041 0.719791 0.678783 0.643662 0.613403 0.587211 0.564469 0.544687 0.527471 0.512507 0.499539 0.488359 0.478796 0.470713 0.463998 0.458560 0.454331 0.451256 0.449297 0.448431 0.448647 0.449948 0.452349 0.455880 0.460585 0.466524 0.473774 0.482433 0.480009 0.471348 0.464093 0.458144 0.453425 0.449874 0.447449 0.446118 0.445866 0.446690 0.448600 0.451619 0.455784 0.461148 0.467780 0.475768 0.485224 0.496282 0.509112 0.523918 0.540953 0.560529 0.583033 0.608947 0.638883 0.673621 0.714174 0.761874 0.818516 0.886564 0.969499 0.915672 0.853350 0.800777 0.756021 0.717641 0.684539 0.655866 0.630958 0.609286 0.590429 0.574046 0.559859 0.547645 0.537218 0.528430 0.521161 0.515313 0.510812 0.507602 0.505642 0.504908 0.505393 0.507101 0.510054 0.514288 0.519855 0.526828 0.535297 0.545378 0.541618 0.522973 14488.000000 1.960261 0.631531
0.969499 0.915672 0.853350 0.800777 0.756021 0.717641 0.684539 0.655866 0.630958 0.609286 0.590429 0.574046 0.559859 0.547645 0.537218 0.528430 0.521161 0.515313 0.510812 0.507602 0.505642 0.504908 0.505393 0.507101 0.510054 0.514288 0.519855 0.526828 0.535297 0.545378 0.541618 0.522973 0.506749 0.492652 0.480445 0.469933 0.460957 0.453390 0.447127 0.442085 0.438200 0.435422 0.433717 0.433065 0.433458 0.434900 0.437408 0.441015 0.445764 0.451717 0.458951 0.467566 0.477683 0.489453 0.503060 0.518730 0.536743 0.557443 0.581261 0.608736 0.640558 0.677612 0.721060 0.772450 0.833891 0.908327 1.000000 0.978252 0.894245 0.825357 0.768041 0.719791 0.678783 0.643662 0.613403 0.587211 0.564469 0.544687 0.527471 0.512507 0.499539 0.488359 0.478796 0.470713 0.463998 0.458560 0.454331 0.451256 0.449297 0.448431 0.448647 0.449948 0.452349 0.455880 0.460585 0.466524 0.473774 0.482433 0.480009 0.471348 0.464093 0.458144 0.453425 0.449874 0.447449 0.446118 0.445866 0.446690 0.448600 0.451619 0.455784 0.461148 0.467780 0.475768 0.485224 0.496282 0.509112 0.523918 0.540953 0.560529 0.583033 0.608947 0.638883 0.673621 0.714174 0.761874 0.818516 0.886564 14488.000000 1.960261 0.631531
0.473774 0.482433 0.480009 0.471348 0.464093 0.458144 0.453425 0.449874 0.447449 0.446118 0.445866 0.446690 0.448600 0.451619 0.455784 0.461148 0.467780 0.475768 0.485224 0.496282 0.509112 0.523918 0.540953 0.560529 0.583033 0.608947 0.638883 0.673621 0.714174 0.761874 0.818516 0.886564 0.969499 0.915672 0.853350 0.800777 0.756021 0.717641 0.684539 0.655866 0.630958 0.609286 0.590429 0.574046 0.559859 0.547645 0.537218 0.528430 0.521161 0.515313 0.510812 0.507602 0.505642 0.504908 0.505393 0.507101 0.510054 0.514288 0.519855 0.526828 0.535297 0.545378 0.541618 0.522973 0.506749 0.492652 0.480445 0.469933 0.460957 0.453390 0.447127 0.442085 0.438200 0.435422 0.433717 0.433065 0.433458 0.434900 0.437408 0.441015 0.445764 0.451717 0.458951 0.467566 0.477683 0.489453 0.503060 0.518730 0.536743 0.557443 0.581261 0.608736 0.640558 0.677612 0.721060 0.772450 0.833891 0.908327 1.000000 0.978252 0.894245 0.825357 0.768041 0.719791 0.678783 0.643662 0.613403 0.587211 0.564469 0.544687 0.527471 0.512507 0.499539 0.488359 0.478796 0.470713 0.463998 0.458560 0.454331 0.451256 0.449297 0.448431 0.448647 0.449948 0.452349 0.455880 0.460585 0.466524 14488.000000 1.960261 0.631531
0.727759 0.761719 0.801027 0.846765 0.874957 0.847479 0.823598 0.802908 0.785076 0.769834 0.756961 0.746280 0.737648 0.730954 0.726115 0.723070 0.721781 0.722234 0.724434 0.728408 0.734204 0.741894 0.751577 0.763380 0.777462 0.794022 0.813305 0.835611 0.861308 0.861144 0.820105 0.784604 0.753789 0.726988 0.703665 0.683387 0.665804 0.650631 0.637636 0.626630 0.617460 0.610003 0.604162 0.599863 0.597053 0.595698 0.595781 0.597303 0.600282 0.604756 0.610779 0.618429 0.627804 0.639031 0.652266 0.667704 0.685583 0.706193 0.729893 0.757127 0.788445 0.824538 0.816575 0.788534 0.764135 0.742937 0.724581 0.708777 0.695287 0.683917 0.674512 0.666948 0.661126 0.656974 0.654440 0.653495 0.654125 0.656340 0.660165 0.665648 0.672858 0.681886 0.692852 0.705904 0.721228 0.739053 0.759658 0.783385 0.810659 0.842001 0.878066 0.919672 0.967865 1.000000 0.930895 0.872691 0.823203 0.780806 0.744268 0.712637 0.685168 0.661272 0.640478 0.622405 0.606746 0.593249 0.581711 0.571965 0.563875 0.557336 0.552262 0.548588 0.546271 0.545281 0.545607 0.547253 0.550238 0.554599 0.560391 0.567687 0.576583 0.587199 0.599685 0.614226 0.631047 0.650427 0.672706 0.698308 5578.500000 1.252172 0.764613
0.823203 0.780806 0.744268 0.712637 0.685168 0.661272 0.640478 0.622405 0.606746 0.593249 0.581711 0.571965 0.563875 0.557336 0.552262 0.548588 0.546271 0.545281 0.545607 0.547253 0.550238 0.554599 0.560391 0.567687 0.576583 0.587199 0.599685 0.614226 0.631047 0.650427 0.672706 0.698308 0.727759 0.761719 0.801027 0.846765 0.874957 0.847479 0.823598 0.802908 0.785076 0.769834 0.756961 0.746280 0.737648 0.730954 0.726115 0.723070 0.721781 0.722234 0.724434 0.728408 0.734204 0.741894 0.751577 0.763380 0.777462 0.794022 0.813305 0.835611 0.861308 0.861144 0.820105 0.784604 0.753789 0.726988 0.703665 0.683387 0.665804 0.650631 0.637636 0.626630 0.617460 0.610003 0.604162 0.599863 0.597053 0.595698 0.595781 0.597303 0.600282 0.604756 0.610779 0.618429 0.627804 0.639031 0.652266 0.667704 0.685583 0.706193 0.729893 0.757127 0.788445 0.824538 0.816575 0.788534 0.764135 0.742937 0.724581 0.708777 0.695287 0.683917 0.674512 0.666948 0.661126 0.656974 0.654440 0.653495 0.654125 0.656340 0.660165 0.665648 0.672858 0.681886 0.692852 0.705904 0.721228 0.739053 0.759658 0.783385 0.810659 0.842001 0.878066 0.919672 0.967865 1.000000 0.930895 0.872691 5578.500000 1.252172 0.764613
0.764135 0.742937 0.724581 0.708777 0.695287 0.683917 0.674512 0.666948 0.661126 0.656974 0.654440 0.653495 0.654125 0.656340 0.660165 0.665648 0.672858 0.681886 0.692852 0.705904 0.721228 0.739053 0.759658 0.783385 0.810659 0.842001 0.878066 0.919672 0.967865 1.000000 0.930895 0.872691 0.823203 0.780806 0.744268 0.712637 0.685168 0.661272 0.640478 0.622405 0.606746 0.593249 0.581711 0.571965 0.563875 0.557336 0.552262 0.548588 0.546271 0.545281 0.545607 0.547253 0.550238 0.554599 0.560391 0.567687 0.576583 0.587199 0.599685 0.614226 0.631047 0.650427 0.672706 0.698308 0.727759 0.761719 0.801027 0.846765 0.874957 0.847479 0.823598 0.802908 0.785076 0.769834 0.756961 0.746280 0.737648 0.730954 0.726115 0.723070 0.721781 0.722234 0.724434 0.728408 0.734204 0.741894 0.751577 0.763380 0.777462 0.794022 0.813305 0.835611 0.861308 0.861144 0.820105 0.784604 0.753789 0.726988 0.703665 0.683387 0.665804 0.650631 0.637636 0.626630 0.617460 0.610003 0.604162 0.599863 0.597053 0.595698 0.595781 0.597303 0.600282 0.604756 0.610779 0.618429 0.627804 0.639031 0.652266 0.667704 0.685583 0.706193 0.729893 0.757127 0.788445 0.824538 0.816575 0.788534 5578.500000 1.252172 0.764613
0.753789 0.726988 0.703665 0.683387 0.665804 0.650631 0.637636 0.626630 0.617460 0.610003 0.604162 0.599863 0.597053 0.595698 0.595781 0.597303 0.600282 0.604756 0.610779 0.618429 0.627804 0.639031 0.652266 0.667704 0.685583 0.706193 0.729893 0.757127 0.788445 0.824538 0.816575 0.788534 0.764135 0.742937 0.724581 0.708777 0.695287 0.683917 0.674512 0.666948 0.661126 0.656974 0.654440 0.653495 0.654125 0.656340 0.660165 0.665648 0.672858 0.681886 0.692852 0.705904 0.721228 0.739053 0.759658 0.783385 0.810659 0.842001 0.878066 0.919672 0.967865 1.000000 0.930895 0.872691 0.823203 0.780806 0.744268 0.712637 0.685168 0.661272 0.640478 0.622405 0.606746 0.593249 0.581711 0.571965 0.563875 0.557336 0.552262 0.548588 0.546271 0.545281 0.545607 0.547253 0.550238 0.554599 0.560391 0.567687 0.576583 0.587199 0.599685 0.614226 0.631047 0.650427 0.672706 0.698308 0.727759 0.761719 0.801027 0.846765 0.874957 0.847479 0.823598 0.802908 0.785076 0.769834 0.756961 0.746280 0.737648 0.730954 0.726115 0.723070 0.721781 0.722234 0.724434 0.728408 0.734204 0.741894 0.751577 0.763380 0.777462 0.794022 0.813305 0.835611 0.861308 0.861144 0.820105 0.784604 5578.500000 1.252172 0.764613
0.848899 0.906716 0.975507 1.000000 0.974525 0.952553 0.933750 0.917844 0.904613 0.893881 0.885509 0.879391 0.875452 0.873643 0.873942 0.834251 0.795771 0.762440 0.733484 0.708292 0.686371 0.667326 0.650834 0.636635 0.624514 0.614299 0.605849 0.599051 0.593819 0.590087 0.587808 0.586956 0.587520 0.589506 0.592939 0.596777 0.595018 0.594698 0.595812 0.598375 0.602418 0.607990 0.615162 0.624027 0.634702 0.647336 0.662110 0.679249 0.699027 0.721783 0.747933 0.777993 0.812611 0.852602 0.899011 0.953192 0.945280 0.910650 0.880514 0.854300 0.831548 0.811881 0.794995 0.780638 0.768610 0.758747 0.750919 0.745029 0.741001 0.738787 0.738359 0.739713 0.742865 0.747853 0.754739 0.763610 0.774580 0.768172 0.753780 0.741671 0.731679 0.723674 0.717551 0.713236 0.710673 0.709833 0.710705 0.713300 0.717649 0.723806 0.731847 0.741877 0.754027 0.768464 0.785393 0.805069 0.827801 0.853971 0.877465 0.826978 0.783770 0.746562 0.714369 0.686424 0.662117 0.640965 0.622576 0.606633 0.592878 0.581103 0.571135 0.562837 0.556096 0.550827 0.546962 0.544453 0.551297 0.560992 0.572438 0.585802 0.601288 0.619147 0.639687 0.663290 0.690428 0.721694 0.757839 0.799824 13719.500000 1.229984 0.779301
0.827801 0.853971 0.877465 0.826978 0.783770 0.746562 0.714369 0.686424 0.662117 0.640965 0.622576 0.606633 0.592878 0.581103 0.571135 0.562837 0.556096 0.550827 0.546962 0.544453 0.551297 0.560992 0.572438 0.585802 0.601288 0.619147 0.639687 0.663290 0.690428 0.721694 0.757839 0.799824 0.848899 0.906716 0.975507 1.000000 0.974525 0.952553 0.933750 0.917844 0.904613 0.893881 0.885509 0.879391 0.875452 0.873643 0.873942 0.834251 0.795771 0.762440 0.733484 0.708292 0.686371 0.667326 0.650834 0.636635 0.624514 0.614299 0.605849 0.599051 0.593819 0.590087 0.587808 0.586956 0.587520 0.589506 0.592939 0.596777 0.595018 0.594698 0.595812 0.598375 0.602418 0.607990 0.615162 0.624027 0.634702 0.647336 0.662110 0.679249 0.699027 0.721783 0.747933 0.777993 0.812611 0.852602 0.899011 0.953192 0.945280 0.910650 0.880514 0.854300 0.831548 0.811881 0.794995 0.780638 0.768610 0.758747 0.750919 0.745029 0.741001 0.738787 0.738359 0.739713 0.742865 0.747853 0.754739 0.763610 0.774580 0.768172 0.753780 0.741671 0.731679 0.723674 0.717551 0.713236 0.710673 0.709833 0.710705 0.713300 0.717649 0.723806 0.731847 0.741877 0.754027 0.768464 0.785393 0.805069 13719.500000 1.229984 0.779301
0.768610 0.758747 0.750919 0.745029 0.741001 0.738787 0.738359 0.739713 0.742865 0.747853 0.754739 0.763610 0.774580 0.768172 0.753780 0.741671 0.731679 0.723674 0.717551 0.713236 0.710673 0.709833 0.710705 0.713300 0.717649 0.723806 0.731847 0.741877 0.754027 0.768464 0.785393 0.805069 0.827801 0.853971 0.877465 0.826978 0.783770 0.746562 0.714369 0.686424 0.662117 0.640965 0.622576 0.606633 0.592878 0.581103 0.571135 0.562837 0.556096 0.550827 0.546962 0.544453 0.551297 0.560992 0.572438 0.585802 0.601288 0.619147 0.639687 0.663290 0.690428 0.721694 0.757839 0.799824 0.848899 0.906716 0.975507 1.000000 0.974525 0.952553 0.933750 0.917844 0.904613 0.893881 0.885509 0.879391 0.875452 0.873643 0.873942 0.834251 0.795771 0.762440 0.733484 0.708292 0.686371 0.667326 0.650834 0.636635 0.624514 0.614299 0.605849 0.599051 0.593819 0.590087 0.587808 0.586956 0.587520 0.589506 0.592939 0.596777 0.595018 0.594698 0.595812 0.598375 0.602418 0.607990 0.615162 0.624027 0.634702 0.647336 0.662110 0.679249 0.699027 0.721783 0.747933 0.777993 0.812611 0.852602 0.899011 0.953192 0.945280 0.910650 0.880514 0.854300 0.831548 0.811881 0.794995 0.780638 13719.500000 1.229984 0.779301
0.587520 0.589506 0.592939 0.596777 0.595018 0.594698 0.595812 0.598375 0.602418 0.607990 0.615162 0.624027 0.634702 0.647336 0.662110 0.679249 0.699027 0.721783 0.747933 0.777993 0.812611 0.852602 0.899011 0.953192 0.945280 0.910650 0.880514 0.854300 0.831548 0.811881 0.794995 0.780638 0.768610 0.758747 0.750919 0.745029 0.741001 0.738787 0.738359 0.739713 0.742865 0.747853 0.754739 0.763610 0.774580 0.768172 0.753780 0.741671 0.731679 0.723674 0.717551 0.713236 0.710673 0.709833 0.710705 0.713300 0.717649 0.723806 0.731847 0.741877 0.754027 0.768464 0.785393 0.805069 0.827801 0.853971 0.877465 0.826978 0.783770 0.746562 0.714369 0.686424 0.662117 0.640965 0.622576 0.606633 0.592878 0.581103 0.571135 0.562837 0.556096 0.550827 0.546962 0.544453 0.551297 0.560992 0.572438 0.585802 0.601288 0.619147 0.639687 0.663290 0.690428 0.721694 0.757839 0.799824 0.848899 0.906716 0.975507 1.000000 0.974525 0.952553 0.933750 0.917844 0.904613 0.893881 0.885509 0.879391 0.875452 0.873643 0.873942 0.834251 0.795771 0.762440 0.733484 0.708292 0.686371 0.667326 0.650834 0.636635 0.624514 0.614299 0.605849 0.599051 0.593819 0.590087 0.587808 0.586956 13719.500000 1.229984 0.779301
0.765491 0.787919 0.776124 0.759942 0.746183 0.734651 0.725191 0.717678 0.712017 0.708137 0.705991 0.705552 0.706816 0.709797 0.714532 0.721080 0.729522 0.739968 0.750804 0.737278 0.725948 0.716662 0.709297 0.703760 0.699983 0.697918 0.697540 0.698846 0.701850 0.706591 0.713125 0.721536 0.731931 0.744451 0.759267 0.776594 0.796694 0.819890 0.846577 0.877245 0.912500 0.953099 1.000000 0.989371 0.936505 0.891040 0.851742 0.817650 0.788008 0.762212 0.739777 0.720310 0.703494 0.689066 0.676816 0.666572 0.658196 0.651577 0.646633 0.643301 0.641541 0.641331 0.631600 0.621833 0.613819 0.607454 0.602656 0.599367 0.597544 0.597168 0.598231 0.600749 0.604751 0.610286 0.617426 0.626260 0.636908 0.649516 0.664266 0.681380 0.701134 0.723864 0.749983 0.780008 0.814581 0.854515 0.900849 0.934174 0.907421 0.884228 0.864221 0.847095 0.832602 0.820540 0.810747 0.803097 0.797494 0.793867 0.792174 0.792392 0.794525 0.798598 0.804662 0.812792 0.823091 0.823311 0.796264 0.772740 0.752327 0.734689 0.719552 0.706695 0.695936 0.687131 0.680164 0.674946 0.671413 0.669521 0.669248 0.670589 0.673562 0.678203 0.684568 0.692739 0.702821 0.714949 0.729290 0.746052 873.500000 1.171934 0.836926
0.797494 0.793867 0.792174 0.792392 0.794525 0.798598 0.804662 0.812792 0.823091 0.823311 0.796264 0.772740 0.752327 0.734689 0.719552 0.706695 0.695936 0.687131 0.680164 0.674946 0.671413 0.669521 0.669248 0.670589 0.673562 0.678203 0.684568 0.692739 0.702821 0.714949 0.729290 0.746052 0.765491 0.787919 0.776124 0.759942 0.746183 0.734651 0.725191 0.717678 0.712017 0.708137 0.705991 0.705552 0.706816 0.709797 0.714532 0.721080 0.729522 0.739968 0.750804 0.737278 0.725948 0.716662 0.709297 0.703760 0.699983 0.697918 0.697540 0.698846 0.701850 0.706591 0.713125 0.721536 0.731931 0.744451 0.759267 0.776594 0.796694 0.819890 0.846577 0.877245 0.912500 0.953099 1.000000 0.989371 0.936505 0.891040 0.851742 0.817650 0.788008 0.762212 0.739777 0.720310 0.703494 0.689066 0.676816 0.666572 0.658196 0.651577 0.646633 0.643301 0.641541 0.641331 0.631600 0.621833 0.613819 0.607454 0.602656 0.599367 0.597544 0.597168 0.598231 0.600749 0.604751 0.610286 0.617426 0.626260 0.636908 0.649516 0.664266 0.681380 0.701134 0.723864 0.749983 0.780008 0.814581 0.854515 0.900849 0.934174 0.907421 0.884228 0.864221 0.847095 0.832602 0.820540 0.810747 0.803097 873.500000 1.171934 0.836926
0.613819 0.607454 0.602656 0.599367 0.597544 0.597168 0.598231 0.600749 0.604751 0.610286 0.617426 0.626260 0.636908 0.649516 0.664266 0.681380 0.701134 0.723864 0.749983 0.780008 0.814581 0.854515 0.900849 0.934174 0.907421 0.884228 0.864221 0.847095 0.832602 0.820540 0.810747 0.803097 0.797494 0.793867 0.792174 0.792392 0.794525 0.798598 0.804662 0.812792 0.823091 0.823311 0.796264 0.772740 0.752327 0.734689 0.719552 0.706695 0.695936 0.687131 0.680164 0.674946 0.671413 0.669521 0.669248 0.670589 0.673562 0.678203 0.684568 0.692739 0.702821 0.714949 0.729290 0.746052 0.765491 0.787919 0.776124 0.759942 0.746183 0.734651 0.725191 0.717678 0.712017 0.708137 0.705991 0.705552 0.706816 0.709797 0.714532 0.721080 0.729522 0.739968 0.750804 0.737278 0.725948 0.716662 0.709297 0.703760 0.699983 0.697918 0.697540 0.698846 0.701850 0.706591 0.713125 0.721536 0.731931 0.744451 0.759267 0.776594 0.796694 0.819890 0.846577 0.877245 0.912500 0.953099 1.000000 0.989371 0.936505 0.891040 0.851742 0.817650 0.788008 0.762212 0.739777 0.720310 0.703494 0.689066 0.676816 0.666572 0.658196 0.651577 0.646633 0.643301 0.641541 0.641331 0.631600 0.621833 873.500000 1.171934 0.836926
0.731931 0.744451 0.759267 0.776594 0.796694 0.819890 0.846577 0.877245 0.912500 0.953099 1.000000 0.989371 0.936505 0.891040 0.851742 0.817650 0.788008 0.762212 0.739777 0.720310 0.703494 0.689066 0.676816 0.666572 0.658196 0.651577 0.646633 0.643301 0.641541 0.641331 0.631600 0.621833 0.613819 0.607454 0.602656 0.599367 0.597544 0.597168 0.598231 0.600749 0.604751 0.610286 0.617426 0.626260 0.636908 0.649516 0.664266 0.681380 0.701134 0.723864 0.749983 0.780008 0.814581 0.854515 0.900849 0.934174 0.907421 0.884228 0.864221 0.847095 0.832602 0.820540 0.810747 0.803097 0.797494 0.793867 0.792174 0.792392 0.794525 0.798598 0.804662 0.812792 0.823091 0.823311 0.796264 0.772740 0.752327 0.734689 0.719552 0.706695 0.695936 0.687131 0.680164 0.674946 0.671413 0.669521 0.669248 0.670589 0.673562 0.678203 0.684568 0.692739 0.702821 0.714949 0.729290 0.746052 0.765491 0.787919 0.776124 0.759942 0.746183 0.734651 0.725191 0.717678 0.712017 0.708137 0.705991 0.705552 0.706816 0.709797 0.714532 0.721080 0.729522 0.739968 0.750804 0.737278 0.725948 0.716662 0.709297 0.703760 0.699983 0.697918 0.697540 0.698846 0.701850 0.706591 0.713125 0.721536 873.500000 1.171934 0.836926
0.912409 0.950880 0.965457 0.926133 0.891952 0.862207 0.836332 0.813868 0.794443 0.777754 0.763553 0.751640 0.741853 0.734063 0.728170 0.724102 0.721809 0.721262 0.722455 0.725403 0.730141 0.736728 0.745246 0.755805 0.768547 0.783645 0.801318 0.821832 0.815099 0.791512 0.771057 0.753402 0.738276 0.725459 0.714772 0.706072 0.699245 0.694205 0.690889 0.689258 0.689292 0.690990 0.694373 0.699483 0.706383 0.715161 0.725930 0.738836 0.754058 0.771820 0.786181 0.777184 0.770225 0.765217 0.762097 0.760829 0.761396 0.763805 0.768085 0.774290 0.782496 0.792808 0.805362 0.820328 0.837918 0.858391 0.882069 0.909342 0.940695 0.976723 1.000000 0.947834 0.902908 0.864035 0.830289 0.800937 0.775393 0.753187 0.733937 0.717331 0.703116 0.691086 0.681074 0.672945 0.666596 0.661945 0.658935 0.657529 0.657710 0.659481 0.662862 0.667895 0.674644 0.683192 0.693653 0.706166 0.720908 0.738094 0.757991 0.780924 0.807292 0.837593 0.864157 0.836977 0.813353 0.792885 0.775243 0.760160 0.747419 0.736845 0.728295 0.721660 0.716856 0.713824 0.712527 0.712949 0.715096 0.718992 0.724687 0.732251 0.741780 0.753400 0.767267 0.783577 0.802571 0.824545 0.849861 0.878965 504.500000 1.183895 0.836071
0.720908 0.738094 0.757991 0.780924 0.807292 0.837593 0.864157 0.836977 0.813353 0.792885 0.775243 0.760160 0.747419 0.736845 0.728295 0.721660 0.716856 0.713824 0.712527 0.712949 0.715096 0.718992 0.724687 0.732251 0.741780 0.753400 0.767267 0.783577 0.802571 0.824545 0.849861 0.878965 0.912409 0.950880 0.965457 0.926133 0.891952 0.862207 0.836332 0.813868 0.794443 0.777754 0.763553 0.751640 0.741853 0.734063 0.728170 0.724102 0.721809 0.721262 0.722455 0.725403 0.730141 0.736728 0.745246 0.755805 0.768547 0.783645 0.801318 0.821832 0.815099 0.791512 0.771057 0.753402 0.738276 0.725459 0.714772 0.706072 0.699245 0.694205 0.690889 0.689258 0.689292 0.690990 0.694373 0.699483 0.706383 0.715161 0.725930 0.738836 0.754058 0.771820 0.786181 0.777184 0.770225 0.765217 0.762097 0.760829 0.761396 0.763805 0.768085 0.774290 0.782496 0.792808 0.805362 0.820328 0.837918 0.858391 0.882069 0.909342 0.940695 0.976723 1.000000 0.947834 0.902908 0.864035 0.830289 0.800937 0.775393 0.753187 0.733937 0.717331 0.703116 0.691086 0.681074 0.672945 0.666596 0.661945 0.658935 0.657529 0.657710 0.659481 0.662862 0.667895 0.674644 0.683192 0.693653 0.706166 504.500000 1.183895 0.836071
0.837918 0.858391 0.882069 0.909342 0.940695 0.976723 1.000000 0.947834 0.902908 0.864035 0.830289 0.800937 0.775393 0.753187 0.733937 0.717331 0.703116 0.691086 0.681074 0.672945 0.666596 0.661945 0.658935 0.657529 0.657710 0.659481 0.662862 0.667895 0.674644 0.683192 0.693653 0.706166 0.720908 0.738094 0.757991 0.780924 0.807292 0.837593 0.864157 0.836977 0.813353 0.792885 0.775243 0.760160 0.747419 0.736845 0.728295 0.721660 0.716856 0.713824 0.712527 0.712949 0.715096 0.718992 0.724687 0.732251 0.741780 0.753400 0.767267 0.783577 0.802571 0.824545 0.849861 0.878965 0.912409 0.950880 0.965457 0.926133 0.891952 0.862207 0.836332 0.813868 0.794443 0.777754 0.763553 0.751640 0.741853 0.734063 0.728170 0.724102 0.721809 0.721262 0.722455 0.725403 0.730141 0.736728 0.745246 0.755805 0.768547 0.783645 0.801318 0.821832 0.815099 0.791512 0.771057 0.753402 0.738276 0.725459 0.714772 0.706072 0.699245 0.694205 0.690889 0.689258 0.689292 0.690990 0.694373 0.699483 0.706383 0.715161 0.725930 0.738836 0.754058 0.771820 0.786181 0.777184 0.770225 0.765217 0.762097 0.760829 0.761396 0.763805 0.768085 0.774290 0.782496 0.792808 0.805362 0.820328 504.500000 1.183895 0.836071
0.738276 0.725459 0.714772 0.706072 0.699245 0.694205 0.690889 0.689258 0.689292 0.690990 0.694373 0.699483 0.706383 0.715161 0.725930 0.738836 0.754058 0.771820 0.786181 0.777184 0.770225 0.765217 0.762097 0.760829 0.761396 0.763805 0.768085 0.774290 0.782496 0.792808 0.805362 0.820328 0.837918 0.858391 0.882069 0.909342 0.940695 0.976723 1.000000 0.947834 0.902908 0.864035 0.830289 0.800937 0.775393 0.753187 0.733937 0.717331 0.703116 0.691086 0.681074 0.672945 0.666596 0.661945 0.658935 0.657529 0.657710 0.659481 0.662862 0.667895 0.674644 0.683192 0.693653 0.706166 0.720908 0.738094 0.757991 0.780924 0.807292 0.837593 0.864157 0.836977 0.813353 0.792885 0.775243 0.760160 0.747419 0.736845 0.728295 0.721660 0.716856 0.713824 0.712527 0.712949 0.715096 0.718992 0.724687 0.732251 0.741780 0.753400 0.767267 0.783577 0.802571 0.824545 0.849861 0.878965 0.912409 0.950880 0.965457 0.926133 0.891952 0.862207 0.836332 0.813868 0.794443 0.777754 0.763553 0.751640 0.741853 0.734063 0.728170 0.724102 0.721809 0.721262 0.722455 0.725403 0.730141 0.736728 0.745246 0.755805 0.768547 0.783645 0.801318 0.821832 0.815099 0.791512 0.771057 0.753402 504.500000 1.183895 0.836071
0.865108 0.884924 0.907908 0.934428 0.964939 1.000000 0.954628 0.900948 0.854934 0.815260 0.780903 0.751061 0.725098 0.702506 0.682875 0.665872 0.651225 0.638715 0.628161 0.619418 0.612370 0.606926 0.603018 0.600598 0.593663 0.587498 0.582850 0.579659 0.577889 0.577516 0.578536 0.580962 0.584823 0.590167 0.597062 0.605595 0.615881 0.628062 0.635726 0.631198 0.628236 0.626805 0.626888 0.628485 0.631615 0.636318 0.642651 0.650694 0.660553 0.672360 0.681854 0.685417 0.690691 0.697740 0.706654 0.717551 0.730576 0.745913 0.763788 0.784476 0.808318 0.835730 0.867230 0.903460 0.945224 0.993547 0.998632 0.964287 0.934402 0.908437 0.885952 0.866590 0.850061 0.836127 0.824597 0.815319 0.808172 0.803067 0.769823 0.732765 0.700721 0.672916 0.648736 0.627694 0.609395 0.593523 0.579818 0.568069 0.558104 0.549785 0.542934 0.535001 0.528552 0.523502 0.519789 0.517365 0.516202 0.516285 0.517615 0.520208 0.524097 0.529329 0.535970 0.544108 0.553852 0.565337 0.578733 0.594246 0.612128 0.632692 0.656321 0.683494 0.714811 0.751031 0.793131 0.815800 0.807475 0.801228 0.796983 0.794687 0.794312 0.795853 0.799331 0.804786 0.812286 0.821926 0.833831 0.848159 5459.500000 1.385880 0.814192
0.516202 0.516285 0.517615 0.520208 0.524097 0.529329 0.535970 0.544108 0.553852 0.565337 0.578733 0.594246 0.612128 0.632692 0.656321 0.683494 0.714811 0.751031 0.793131 0.815800 0.807475 0.801228 0.796983 0.794687 0.794312 0.795853 0.799331 0.804786 0.812286 0.821926 0.833831 0.848159 0.865108 0.884924 0.907908 0.934428 0.964939 1.000000 0.954628 0.900948 0.854934 0.815260 0.780903 0.751061 0.725098 0.702506 0.682875 0.665872 0.651225 0.638715 0.628161 0.619418 0.612370 0.606926 0.603018 0.600598 0.593663 0.587498 0.582850 0.579659 0.577889 0.577516 0.578536 0.580962 0.584823 0.590167 0.597062 0.605595 0.615881 0.628062 0.635726 0.631198 0.628236 0.626805 0.626888 0.628485 0.631615 0.636318 0.642651 0.650694 0.660553 0.672360 0.681854 0.685417 0.690691 0.697740 0.706654 0.717551 0.730576 0.745913 0.763788 0.784476 0.808318 0.835730 0.867230 0.903460 0.945224 0.993547 0.998632 0.964287 0.934402 0.908437 0.885952 0.866590 0.850061 0.836127 0.824597 0.815319 0.808172 0.803067 0.769823 0.732765 0.700721 0.672916 0.648736 0.627694 0.609395 0.593523 0.579818 0.568069 0.558104 0.549785 0.542934 0.535001 0.528552 0.523502 0.519789 0.517365 5459.500000 1.385880 0.814192
0.945224 0.993547 0.998632 0.964287 0.934402 0.908437 0.885952 0.866590 0.850061 0.836127 0.824597 0.815319 0.808172 0.803067 0.769823 0.732765 0.700721 0.672916 0.648736 0.627694 0.609395 0.593523 0.579818 0.568069 0.558104 0.549785 0.542934 0.535001 0.528552 0.523502 0.519789 0.517365 0.516202 0.516285 0.517615 0.520208 0.524097 0.529329 0.535970 0.544108 0.553852 0.565337 0.578733 0.594246 0.612128 0.632692 0.656321 0.683494 0.714811 0.751031 0.793131 0.815800 0.807475 0.801228 0.796983 0.794687 0.794312 0.795853 0.799331 0.804786 0.812286 0.821926 0.833831 0.848159 0.865108 0.884924 0.907908 0.934428 0.964939 1.000000 0.954628 0.900948 0.854934 0.815260 0.780903 0.751061 0.725098 0.702506 0.682875 0.665872 0.651225 0.638715 0.628161 0.619418 0.612370 0.606926 0.603018 0.600598 0.593663 0.587498 0.582850 0.579659 0.577889 0.577516 0.578536 0.580962 0.584823 0.590167 0.597062 0.605595 0.615881 0.628062 0.635726 0.631198 0.628236 0.626805 0.626888 0.628485 0.631615 0.636318 0.642651 0.650694 0.660553 0.672360 0.681854 0.685417 0.690691 0.697740 0.706654 0.717551 0.730576 0.745913 0.763788 0.784476 0.808318 0.835730 0.867230 0.903460 5459.500000 1.385880 0.814192
0.584823 0.590167 0.597062 0.605595 0.615881 0.628062 0.635726 0.631198 0.628236 0.626805 0.626888 0.628485 0.631615 0.636318 0.642651 0.650694 0.660553 0.672360 0.681854 0.685417 0.690691 0.697740 0.706654 0.717551 0.730576 0.745913 0.763788 0.784476 0.808318 0.835730 0.867230 0.903460 0.945224 0.993547 0.998632 0.964287 0.934402 0.908437 0.885952 0.866590 0.850061 0.836127 0.824597 0.815319 0.808172 0.803067 0.769823 0.732765 0.700721 0.672916 0.648736 0.627694 0.609395 0.593523 0.579818 0.568069 0.558104 0.549785 0.542934 0.535001 0.528552 0.523502 0.519789 0.517365 0.516202 0.516285 0.517615 0.520208 0.524097 0.529329 0.535970 0.544108 0.553852 0.565337 0.578733 0.594246 0.612128 0.632692 0.656321 0.683494 0.714811 0.751031 0.793131 0.815800 0.807475 0.801228 0.796983 0.794687 0.794312 0.795853 0.799331 0.804786 0.812286 0.821926 0.833831 0.848159 0.865108 0.884924 0.907908 0.934428 0.964939 1.000000 0.954628 0.900948 0.854934 0.815260 0.780903 0.751061 0.725098 0.702506 0.682875 0.665872 0.651225 0.638715 0.628161 0.619418 0.612370 0.606926 0.603018 0.600598 0.593663 0.587498 0.582850 0.579659 0.577889 0.577516 0.578536 0.580962 5459.500000 1.385880 0.814192
0.873000 0.921478 0.978151 0.953797 0.924652 0.899338 0.877431 0.858584 0.842518 0.829002 0.817852 0.808921 0.802094 0.797286 0.794438 0.793515 0.794506 0.797423 0.802301 0.809201 0.818209 0.829440 0.843043 0.859204 0.847424 0.808557 0.774885 0.745629 0.720174 0.698025 0.678785 0.662129 0.647795 0.635566 0.625269 0.616763 0.609934 0.604696 0.600983 0.598748 0.597966 0.598625 0.600735 0.604321 0.609427 0.616117 0.624476 0.634615 0.638074 0.635375 0.634221 0.634596 0.636507 0.639975 0.645044 0.651777 0.660259 0.670601 0.682944 0.697462 0.714369 0.733927 0.756461 0.782367 0.812135 0.836536 0.833444 0.832374 0.833311 0.836267 0.841279 0.848406 0.857740 0.869399 0.883537 0.900348 0.920070 0.942998 0.969494 1.000000 0.970449 0.916584 0.870371 0.830499 0.795953 0.765938 0.739822 0.717099 0.697360 0.680274 0.665570 0.653028 0.642469 0.633748 0.626751 0.621388 0.617590 0.615312 0.614526 0.615222 0.617408 0.621112 0.626379 0.633274 0.641887 0.635098 0.625665 0.617976 0.611930 0.607450 0.604481 0.602986 0.602948 0.604366 0.607256 0.611656 0.617618 0.625218 0.634556 0.645756 0.658974 0.674404 0.692281 0.712896 0.736606 0.763850 0.795176 0.831270 1573.500000 1.417526 0.830336
0.617590 0.615312 0.614526 0.615222 0.617408 0.621112 0.626379 0.633274 0.641887 0.635098 0.625665 0.617976 0.611930 0.607450 0.604481 0.602986 0.602948 0.604366 0.607256 0.611656 0.617618 0.625218 0.634556 0.645756 0.658974 0.674404 0.692281 0.712896 0.736606 0.763850 0.795176 0.831270 0.873000 0.921478 0.978151 0.953797 0.924652 0.899338 0.877431 0.858584 0.842518 0.829002 0.817852 0.808921 0.802094 0.797286 0.794438 0.793515 0.794506 0.797423 0.802301 0.809201 0.818209 0.829440 0.843043 0.859204 0.847424 0.808557 0.774885 0.745629 0.720174 0.698025 0.678785 0.662129 0.647795 0.635566 0.625269 0.616763 0.609934 0.604696 0.600983 0.598748 0.597966 0.598625 0.600735 0.604321 0.609427 0.616117 0.624476 0.634615 0.638074 0.635375 0.634221 0.634596 0.636507 0.639975 0.645044 0.651777 0.660259 0.670601 0.682944 0.697462 0.714369 0.733927 0.756461 0.782367 0.812135 0.836536 0.833444 0.832374 0.833311 0.836267 0.841279 0.848406 0.857740 0.869399 0.883537 0.900348 0.920070 0.942998 0.969494 1.000000 0.970449 0.916584 0.870371 0.830499 0.795953 0.765938 0.739822 0.717099 0.697360 0.680274 0.665570 0.653028 0.642469 0.633748 0.626751 0.621388 1573.500000 1.417526 0.830336
0.812135 0.836536 0.833444 0.832374 0.833311 0.836267 0.841279 0.848406 0.857740 0.869399 0.883537 0.900348 0.920070 0.942998 0.969494 1.000000 0.970449 0.916584 0.870371 0.830499 0.795953 0.765938 0.739822 0.717099 0.697360 0.680274 0.665570 0.653028 0.642469 0.633748 0.626751 0.621388 0.617590 0.615312 0.614526 0.615222 0.617408 0.621112 0.626379 0.633274 0.641887 0.635098 0.625665 0.617976 0.611930 0.607450 0.604481 0.602986 0.602948 0.604366 0.607256 0.611656 0.617618 0.625218 0.634556 0.645756 0.658974 0.674404 0.692281 0.712896 0.736606 0.763850 0.795176 0.831270 0.873000 0.921478 0.978151 0.953797 0.924652 0.899338 0.877431 0.858584 0.842518 0.829002 0.817852 0.808921 0.802094 0.797286 0.794438 0.793515 0.794506 0.797423 0.802301 0.809201 0.818209 0.829440 0.843043 0.859204 0.847424 0.808557 0.774885 0.745629 0.720174 0.698025 0.678785 0.662129 0.647795 0.635566 0.625269 0.616763 0.609934 0.604696 0.600983 0.598748 0.597966 0.598625 0.600735 0.604321 0.609427 0.616117 0.624476 0.634615 0.638074 0.635375 0.634221 0.634596 0.636507 0.639975 0.645044 0.651777 0.660259 0.670601 0.682944 0.697462 0.714369 0.733927 0.756461 0.782367 1573.500000 1.417526 0.830336
0.647795 0.635566 0.625269 0.616763 0.609934 0.604696 0.600983 0.598748 0.597966 0.598625 0.600735 0.604321 0.609427 0.616117 0.624476 0.634615 0.638074 0.635375 0.634221 0.634596 0.636507 0.639975 0.645044 0.651777 0.660259 0.670601 0.682944 0.697462 0.714369 0.733927 0.756461 0.782367 0.812135 0.836536 0.833444 0.832374 0.833311 0.836267 0.841279 0.848406 0.857740 0.869399 0.883537 0.900348 0.920070 0.942998 0.969494 1.000000 0.970449 0.916584 0.870371 0.830499 0.795953 0.765938 0.739822 0.717099 0.697360 0.680274 0.665570 0.653028 0.642469 0.633748 0.626751 0.621388 0.617590 0.615312 0.614526 0.615222 0.617408 0.621112 0.626379 0.633274 0.641887 0.635098 0.625665 0.617976 0.611930 0.607450 0.604481 0.602986 0.602948 0.604366 0.607256 0.611656 0.617618 0.625218 0.634556 0.645756 0.658974 0.674404 0.692281 0.712896 0.736606 0.763850 0.795176 0.831270 0.873000 0.921478 0.978151 0.953797 0.924652 0.899338 0.877431 0.858584 0.842518 0.829002 0.817852 0.808921 0.802094 0.797286 0.794438 0.793515 0.794506 0.797423 0.802301 0.809201 0.818209 0.829440 0.843043 0.859204 0.847424 0.808557 0.774885 0.745629 0.720174 0.698025 0.678785 0.662129 1573.500000 1.417526 0.830336
0.856267 0.829614 0.802439 0.778804 0.758296 0.740579 0.725378 0.712471 0.701675 0.692847 0.685869 0.680654 0.677137 0.675274 0.675044 0.676442 0.679487 0.684215 0.690685 0.698978 0.709202 0.719318 0.704665 0.692231 0.681843 0.673360 0.666672 0.661693 0.658363 0.656641 0.656504 0.657953 0.661004 0.665694 0.672082 0.680249 0.690300 0.702370 0.716626 0.733277 0.752576 0.774835 0.800438 0.829858 0.863684 0.902652 0.947693 1.000000 0.987029 0.936100 0.892213 0.854222 0.821232 0.792534 0.767561 0.745855 0.727046 0.710834 0.696970 0.685257 0.675531 0.667663 0.661552 0.657121 0.654314 0.653098 0.653458 0.655397 0.658941 0.664132 0.671034 0.679736 0.690352 0.703026 0.717935 0.735300 0.755391 0.778539 0.775288 0.754899 0.737284 0.722174 0.709344 0.698617 0.689846 0.682917 0.677743 0.674258 0.672421 0.672209 0.673619 0.676669 0.681396 0.687858 0.696136 0.706339 0.718602 0.733096 0.750031 0.769664 0.792313 0.818367 0.848306 0.882725 0.882198 0.853859 0.829219 0.807853 0.789414 0.773620 0.760242 0.749092 0.740022 0.732913 0.727676 0.724245 0.722580 0.722659 0.724483 0.728075 0.733479 0.740761 0.750015 0.761360 0.774949 0.790972 0.809664 0.831311 2634.500000 1.151246 0.830341
0.718602 0.733096 0.750031 0.769664 0.792313 0.818367 0.848306 0.882725 0.882198 0.853859 0.829219 0.807853 0.789414 0.773620 0.760242 0.749092 0.740022 0.732913 0.727676 0.724245 0.722580 0.722659 0.724483 0.728075 0.733479 0.740761 0.750015 0.761360 0.774949 0.790972 0.809664 0.831311 0.856267 0.829614 0.802439 0.778804 0.758296 0.740579 0.725378 0.712471 0.701675 0.692847 0.685869 0.680654 0.677137 0.675274 0.675044 0.676442 0.679487 0.684215 0.690685 0.698978 0.709202 0.719318 0.704665 0.692231 0.681843 0.673360 0.666672 0.661693 0.658363 0.656641 0.656504 0.657953 0.661004 0.665694 0.672082 0.680249 0.690300 0.702370 0.716626 0.733277 0.752576 0.774835 0.800438 0.829858 0.863684 0.902652 0.947693 1.000000 0.987029 0.936100 0.892213 0.854222 0.821232 0.792534 0.767561 0.745855 0.727046 0.710834 0.696970 0.685257 0.675531 0.667663 0.661552 0.657121 0.654314 0.653098 0.653458 0.655397 0.658941 0.664132 0.671034 0.679736 0.690352 0.703026 0.717935 0.735300 0.755391 0.778539 0.775288 0.754899 0.737284 0.722174 0.709344 0.698617 0.689846 0.682917 0.677743 0.674258 0.672421 0.672209 0.673619 0.676669 0.681396 0.687858 0.696136 0.706339 2634.500000 1.151246 0.830341
0.654314 0.653098 0.653458 0.655397 0.658941 0.664132 0.671034 0.679736 0.690352 0.703026 0.717935 0.735300 0.755391 0.778539 0.775288 0.754899 0.737284 0.722174 0.709344 0.698617 0.689846 0.682917 0.677743 0.674258 0.672421 0.672209 0.673619 0.676669 0.681396 0.687858 0.696136 0.706339 0.718602 0.733096 0.750031 0.769664 0.792313 0.818367 0.848306 0.882725 0.882198 0.853859 0.829219 0.807853 0.789414 0.773620 0.760242 0.749092 0.740022 0.732913 0.727676 0.724245 0.722580 0.722659 0.724483 0.728075 0.733479 0.740761 0.750015 0.761360 0.774949 0.790972 0.809664 0.831311 0.856267 0.829614 0.802439 0.778804 0.758296 0.740579 0.725378 0.712471 0.701675 0.692847 0.685869 0.680654 0.677137 0.675274 0.675044 0.676442 0.679487 0.684215 0.690685 0.698978 0.709202 0.719318 0.704665 0.692231 0.681843 0.673360 0.666672 0.661693 0.658363 0.656641 0.656504 0.657953 0.661004 0.665694 0.672082 0.680249 0.690300 0.702370 0.716626 0.733277 0.752576 0.774835 0.800438 0.829858 0.863684 0.902652 0.947693 1.000000 0.987029 0.936100 0.892213 0.854222 0.821232 0.792534 0.767561 0.745855 0.727046 0.710834 0.696970 0.685257 0.675531 0.667663 0.661552 0.657121 2634.500000 1.151246 0.830341
0.661004 0.665694 0.672082 0.680249 0.690300 0.702370 0.716626 0.733277 0.752576 0.774835 0.800438 0.829858 0.863684 0.902652 0.947693 1.000000 0.987029 0.936100 0.892213 0.854222 0.821232 0.792534 0.767561 0.745855 0.727046 0.710834 0.696970 0.685257 0.675531 0.667663 0.661552 0.657121 0.654314 0.653098 0.653458 0.655397 0.658941 0.664132 0.671034 0.679736 0.690352 0.703026 0.717935 0.735300 0.755391 0.778539 0.775288 0.754899 0.737284 0.722174 0.709344 0.698617 0.689846 0.682917 0.677743 0.674258 0.672421 0.672209 0.673619 0.676669 0.681396 0.687858 0.696136 0.706339 0.718602 0.733096 0.750031 0.769664 0.792313 0.818367 0.848306 0.882725 0.882198 0.853859 0.829219 0.807853 0.789414 0.773620 0.760242 0.749092 0.740022 0.732913 0.727676 0.724245 0.722580 0.722659 0.724483 0.728075 0.733479 0.740761 0.750015 0.761360 0.774949 0.790972 0.809664 0.831311 0.856267 0.829614 0.802439 0.778804 0.758296 0.740579 0.725378 0.712471 0.701675 0.692847 0.685869 0.680654 0.677137 0.675274 0.675044 0.676442 0.679487 0.684215 0.690685 0.698978 0.709202 0.719318 0.704665 0.692231 0.681843 0.673360 0.666672 0.661693 0.658363 0.656641 0.656504 0.657953 2634.500000 1.151246 0.830341
0.559707 0.558097 0.557836 0.558922 0.561367 0.565201 0.570471 0.577244 0.585608 0.595674 0.607582 0.621502 0.637648 0.656279 0.677712 0.692285 0.682959 0.675486 0.669772 0.665743 0.663351 0.662567 0.663381 0.665803 0.669863 0.675609 0.683115 0.692477 0.703818 0.717294 0.733096 0.739716 0.735525 0.733138 0.732525 0.733680 0.736615 0.741367 0.747995 0.756581 0.767236 0.780102 0.795356 0.813216 0.830189 0.791444 0.757899 0.728766 0.703421 0.681367 0.662200 0.645595 0.631286 0.619056 0.608730 0.600165 0.593246 0.587886 0.584016 0.581588 0.580574 0.580960 0.582752 0.585970 0.590655 0.596866 0.600983 0.587109 0.575216 0.565129 0.556708 0.549840 0.544434 0.540423 0.537757 0.536403 0.536344 0.537580 0.540127 0.544014 0.549291 0.556023 0.564299 0.574230 0.585953 0.599639 0.615498 0.632683 0.644780 0.658967 0.675456 0.694508 0.716442 0.741651 0.770623 0.803966 0.842446 0.887040 0.939006 1.000000 0.936814 0.882106 0.835338 0.795097 0.760303 0.730112 0.703858 0.681010 0.661141 0.643618 0.626985 0.612629 0.600330 0.589907 0.581217 0.574142 0.568591 0.564493 0.561797 0.560470 0.560497 0.561878 0.564629 0.568784 0.574395 0.572913 0.567069 0.562685 625.500000 1.449338 0.821398
0.842446 0.887040 0.939006 1.000000 0.936814 0.882106 0.835338 0.795097 0.760303 0.730112 0.703858 0.681010 0.661141 0.643618 0.626985 0.612629 0.600330 0.589907 0.581217 0.574142 0.568591 0.564493 0.561797 0.560470 0.560497 0.561878 0.564629 0.568784 0.574395 0.572913 0.567069 0.562685 0.559707 0.558097 0.557836 0.558922 0.561367 0.565201 0.570471 0.577244 0.585608 0.595674 0.607582 0.621502 0.637648 0.656279 0.677712 0.692285 0.682959 0.675486 0.669772 0.665743 0.663351 0.662567 0.663381 0.665803 0.669863 0.675609 0.683115 0.692477 0.703818 0.717294 0.733096 0.739716 0.735525 0.733138 0.732525 0.733680 0.736615 0.741367 0.747995 0.756581 0.767236 0.780102 0.795356 0.813216 0.830189 0.791444 0.757899 0.728766 0.703421 0.681367 0.662200 0.645595 0.631286 0.619056 0.608730 0.600165 0.593246 0.587886 0.584016 0.581588 0.580574 0.580960 0.582752 0.585970 0.590655 0.596866 0.600983 0.587109 0.575216 0.565129 0.556708 0.549840 0.544434 0.540423 0.537757 0.536403 0.536344 0.537580 0.540127 0.544014 0.549291 0.556023 0.564299 0.574230 0.585953 0.599639 0.615498 0.632683 0.644780 0.658967 0.675456 0.694508 0.716442 0.741651 0.770623 0.803966 625.500000 1.449338 0.821398
0.590655 0.596866 0.600983 0.587109 0.575216 0.565129 0.556708 0.549840 0.544434 0.540423 0.537757 0.536403 0.536344 0.537580 0.540127 0.544014 0.549291 0.556023 0.564299 0.574230 0.585953 0.599639 0.615498 0.632683 0.644780 0.658967 0.675456 0.694508 0.716442 0.741651 0.770623 0.803966 0.842446 0.887040 0.939006 1.000000 0.936814 0.882106 0.835338 0.795097 0.760303 0.730112 0.703858 0.681010 0.661141 0.643618 0.626985 0.612629 0.600330 0.589907 0.581217 0.574142 0.568591 0.564493 0.561797 0.560470 0.560497 0.561878 0.564629 0.568784 0.574395 0.572913 0.567069 0.562685 0.559707 0.558097 0.557836 0.558922 0.561367 0.565201 0.570471 0.577244 0.585608 0.595674 0.607582 0.621502 0.637648 0.656279 0.677712 0.692285 0.682959 0.675486 0.669772 0.665743 0.663351 0.662567 0.663381 0.665803 0.669863 0.675609 0.683115 0.692477 0.703818 0.717294 0.733096 0.739716 0.735525 0.733138 0.732525 0.733680 0.736615 0.741367 0.747995 0.756581 0.767236 0.780102 0.795356 0.813216 0.830189 0.791444 0.757899 0.728766 0.703421 0.681367 0.662200 0.645595 0.631286 0.619056 0.608730 0.600165 0.593246 0.587886 0.584016 0.581588 0.580574 0.580960 0.582752 0.585970 625.500000 1.449338 0.821398
0.735525 0.733138 0.732525 0.733680 0.736615 0.741367 0.747995 0.756581 0.767236 0.780102 0.795356 0.813216 0.830189 0.791444 0.757899 0.728766 0.703421 0.681367 0.662200 0.645595 0.631286 0.619056 0.608730 0.600165 0.593246 0.587886 0.584016 0.581588 0.580574 0.580960 0.582752 0.585970 0.590655 0.596866 0.600983 0.587109 0.575216 0.565129 0.556708 0.549840 0.544434 0.540423 0.537757 0.536403 0.536344 0.537580 0.540127 0.544014 0.549291 0.556023 0.564299 0.574230 0.585953 0.599639 0.615498 0.632683 0.644780 0.658967 0.675456 0.694508 0.716442 0.741651 0.770623 0.803966 0.842446 0.887040 0.939006 1.000000 0.936814 0.882106 0.835338 0.795097 0.760303 0.730112 0.703858 0.681010 0.661141 0.643618 0.626985 0.612629 0.600330 0.589907 0.581217 0.574142 0.568591 0.564493 0.561797 0.560470 0.560497 0.561878 0.564629 0.568784 0.574395 0.572913 0.567069 0.562685 0.559707 0.558097 0.557836 0.558922 0.561367 0.565201 0.570471 0.577244 0.585608 0.595674 0.607582 0.621502 0.637648 0.656279 0.677712 0.692285 0.682959 0.675486 0.669772 0.665743 0.663351 0.662567 0.663381 0.665803 0.669863 0.675609 0.683115 0.692477 0.703818 0.717294 0.733096 0.739716 625.500000 1.449338 0.821398
0.706930 0.725605 0.747144 0.771916 0.784721 0.781561 0.780299 0.780919 0.783430 0.787860 0.794265 0.802725 0.813348 0.826272 0.841675 0.859773 0.880836 0.905191 0.933244 0.965492 1.000000 0.930921 0.872736 0.823263 0.780879 0.744350 0.712727 0.685264 0.661374 0.640584 0.622516 0.606861 0.593368 0.581834 0.573668 0.575371 0.578482 0.583039 0.589098 0.596738 0.606058 0.617184 0.630272 0.645517 0.663155 0.683476 0.706839 0.733686 0.764567 0.800174 0.841386 0.889333 0.896138 0.862666 0.833540 0.808201 0.786195 0.767154 0.750780 0.736828 0.725100 0.715437 0.707710 0.701820 0.697695 0.695284 0.694556 0.695504 0.698138 0.702492 0.708618 0.716593 0.726520 0.738530 0.752787 0.762871 0.753054 0.745260 0.739388 0.735366 0.733144 0.732695 0.734013 0.737116 0.742040 0.748846 0.757621 0.768477 0.781559 0.797047 0.815165 0.836187 0.860450 0.888367 0.920449 0.947605 0.899967 0.858859 0.823240 0.792289 0.765359 0.741928 0.721575 0.703961 0.688805 0.675882 0.665008 0.656033 0.648840 0.643336 0.639452 0.637140 0.636373 0.637140 0.639452 0.642046 0.637301 0.634143 0.632531 0.632448 0.633892 0.636880 0.641449 0.647655 0.655578 0.665319 0.677010 0.690813 912.500000 1.133353 0.795948
0.899967 0.858859 0.823240 0.792289 0.765359 0.741928 0.721575 0.703961 0.688805 0.675882 0.665008 0.656033 0.648840 0.643336 0.639452 0.637140 0.636373 0.637140 0.639452 0.642046 0.637301 0.634143 0.632531 0.632448 0.633892 0.636880 0.641449 0.647655 0.655578 0.665319 0.677010 0.690813 0.706930 0.725605 0.747144 0.771916 0.784721 0.781561 0.780299 0.780919 0.783430 0.787860 0.794265 0.802725 0.813348 0.826272 0.841675 0.859773 0.880836 0.905191 0.933244 0.965492 1.000000 0.930921 0.872736 0.823263 0.780879 0.744350 0.712727 0.685264 0.661374 0.640584 0.622516 0.606861 0.593368 0.581834 0.573668 0.575371 0.578482 0.583039 0.589098 0.596738 0.606058 0.617184 0.630272 0.645517 0.663155 0.683476 0.706839 0.733686 0.764567 0.800174 0.841386 0.889333 0.896138 0.862666 0.833540 0.808201 0.786195 0.767154 0.750780 0.736828 0.725100 0.715437 0.707710 0.701820 0.697695 0.695284 0.694556 0.695504 0.698138 0.702492 0.708618 0.716593 0.726520 0.738530 0.752787 0.762871 0.753054 0.745260 0.739388 0.735366 0.733144 0.732695 0.734013 0.737116 0.742040 0.748846 0.757621 0.768477 0.781559 0.797047 0.815165 0.836187 0.860450 0.888367 0.920449 0.947605 912.500000 1.133353 0.795948
0.697695 0.695284 0.694556 0.695504 0.698138 0.702492 0.708618 0.716593 0.726520 0.738530 0.752787 0.762871 0.753054 0.745260 0.739388 0.735366 0.733144 0.732695 0.734013 0.737116 0.742040 0.748846 0.757621 0.768477 0.781559 0.797047 0.815165 0.836187 0.860450 0.888367 0.920449 0.947605 0.899967 0.858859 0.823240 0.792289 0.765359 0.741928 0.721575 0.703961 0.688805 0.675882 0.665008 0.656033 0.648840 0.643336 0.639452 0.637140 0.636373 0.637140 0.639452 0.642046 0.637301 0.634143 0.632531 0.632448 0.633892 0.636880 0.641449 0.647655 0.655578 0.665319 0.677010 0.690813 0.706930 0.725605 0.747144 0.771916 0.784721 0.781561 0.780299 0.780919 0.783430 0.787860 0.794265 0.802725 0.813348 0.826272 0.841675 0.859773 0.880836 0.905191 0.933244 0.965492 1.000000 0.930921 0.872736 0.823263 0.780879 0.744350 0.712727 0.685264 0.661374 0.640584 0.622516 0.606861 0.593368 0.581834 0.573668 0.575371 0.578482 0.583039 0.589098 0.596738 0.606058 0.617184 0.630272 0.645517 0.663155 0.683476 0.706839 0.733686 0.764567 0.800174 0.841386 0.889333 0.896138 0.862666 0.833540 0.808201 0.786195 0.767154 0.750780 0.736828 0.725100 0.715437 0.707710 0.701820 912.500000 1.133353 0.795948
0.593368 0.581834 0.573668 0.575371 0.578482 0.583039 0.589098 0.596738 0.606058 0.617184 0.630272 0.645517 0.663155 0.683476 0.706839 0.733686 0.764567 0.800174 0.841386 0.889333 0.896138 0.862666 0.833540 0.808201 0.786195 0.767154 0.750780 0.736828 0.725100 0.715437 0.707710 0.701820 0.697695 0.695284 0.694556 0.695504 0.698138 0.702492 0.708618 0.716593 0.726520 0.738530 0.752787 0.762871 0.753054 0.745260 0.739388 0.735366 0.733144 0.732695 0.734013 0.737116 0.742040 0.748846 0.757621 0.768477 0.781559 0.797047 0.815165 0.836187 0.860450 0.888367 0.920449 0.947605 0.899967 0.858859 0.823240 0.792289 0.765359 0.741928 0.721575 0.703961 0.688805 0.675882 0.665008 0.656033 0.648840 0.643336 0.639452 0.637140 0.636373 0.637140 0.639452 0.642046 0.637301 0.634143 0.632531 0.632448 0.633892 0.636880 0.641449 0.647655 0.655578 0.665319 0.677010 0.690813 0.706930 0.725605 0.747144 0.771916 0.784721 0.781561 0.780299 0.780919 0.783430 0.787860 0.794265 0.802725 0.813348 0.826272 0.841675 0.859773 0.880836 0.905191 0.933244 0.965492 1.000000 0.930921 0.872736 0.823263 0.780879 0.744350 0.712727 0.685264 0.661374 0.640584 0.622516 0.606861 912.500000 1.133353 0.795948
0.978725 0.952383 0.929603 0.910028 0.893368 0.879388 0.867898 0.858745 0.851815 0.847020 0.844301 0.843625 0.844984 0.848395 0.853899 0.829214 0.803802 0.781729 0.762624 0.746186 0.732167 0.720370 0.710631 0.702822 0.696844 0.692621 0.690102 0.689255 0.690071 0.692559 0.696749 0.702694 0.710468 0.720169 0.731927 0.736843 0.739791 0.744564 0.751220 0.759843 0.770545 0.783466 0.798785 0.816722 0.837548 0.861593 0.889265 0.893227 0.871090 0.852027 0.835751 0.822029 0.810671 0.801527 0.794480 0.789441 0.786348 0.785164 0.785873 0.788485 0.793031 0.799567 0.808175 0.818964 0.816313 0.806770 0.799350 0.793961 0.790537 0.789034 0.789435 0.791745 0.795991 0.802227 0.810529 0.821003 0.833787 0.849052 0.867015 0.887939 0.912151 0.940047 0.927082 0.895627 0.868260 0.844489 0.823918 0.806221 0.791134 0.778443 0.767973 0.759586 0.753176 0.748661 0.745987 0.745120 0.746050 0.748789 0.749978 0.736534 0.725281 0.716065 0.708766 0.703292 0.699574 0.697567 0.697246 0.698608 0.701669 0.706466 0.712147 0.711092 0.711753 0.714137 0.718273 0.724212 0.732028 0.741821 0.753721 0.767888 0.784525 0.803877 0.826250 0.852015 0.881630 0.915664 0.954824 1.000000 14891.500000 1.071164 0.891102
0.746050 0.748789 0.749978 0.736534 0.725281 0.716065 0.708766 0.703292 0.699574 0.697567 0.697246 0.698608 0.701669 0.706466 0.712147 0.711092 0.711753 0.714137 0.718273 0.724212 0.732028 0.741821 0.753721 0.767888 0.784525 0.803877 0.826250 0.852015 0.881630 0.915664 0.954824 1.000000 0.978725 0.952383 0.929603 0.910028 0.893368 0.879388 0.867898 0.858745 0.851815 0.847020 0.844301 0.843625 0.844984 0.848395 0.853899 0.829214 0.803802 0.781729 0.762624 0.746186 0.732167 0.720370 0.710631 0.702822 0.696844 0.692621 0.690102 0.689255 0.690071 0.692559 0.696749 0.702694 0.710468 0.720169 0.731927 0.736843 0.739791 0.744564 0.751220 0.759843 0.770545 0.783466 0.798785 0.816722 0.837548 0.861593 0.889265 0.893227 0.871090 0.852027 0.835751 0.822029 0.810671 0.801527 0.794480 0.789441 0.786348 0.785164 0.785873 0.788485 0.793031 0.799567 0.808175 0.818964 0.816313 0.806770 0.799350 0.793961 0.790537 0.789034 0.789435 0.791745 0.795991 0.802227 0.810529 0.821003 0.833787 0.849052 0.867015 0.887939 0.912151 0.940047 0.927082 0.895627 0.868260 0.844489 0.823918 0.806221 0.791134 0.778443 0.767973 0.759586 0.753176 0.748661 0.745987 0.745120 14891.500000 1.071164 0.891102
0.816313 0.806770 0.799350 0.793961 0.790537 0.789034 0.789435 0.791745 0.795991 0.802227 0.810529 0.821003 0.833787 0.849052 0.867015 0.887939 0.912151 0.940047 0.927082 0.895627 0.868260 0.844489 0.823918 0.806221 0.791134 0.778443 0.767973 0.759586 0.753176 0.748661 0.745987 0.745120 0.746050 0.748789 0.749978 0.736534 0.725281 0.716065 0.708766 0.703292 0.699574 0.697567 0.697246 0.698608 0.701669 0.706466 0.712147 0.711092 0.711753 0.714137 0.718273 0.724212 0.732028 0.741821 0.753721 0.767888 0.784525 0.803877 0.826250 0.852015 0.881630 0.915664 0.954824 1.000000 0.978725 0.952383 0.929603 0.910028 0.893368 0.879388 0.867898 0.858745 0.851815 0.847020 0.844301 0.843625 0.844984 0.848395 0.853899 0.829214 0.803802 0.781729 0.762624 0.746186 0.732167 0.720370 0.710631 0.702822 0.696844 0.692621 0.690102 0.689255 0.690071 0.692559 0.696749 0.702694 0.710468 0.720169 0.731927 0.736843 0.739791 0.744564 0.751220 0.759843 0.770545 0.783466 0.798785 0.816722 0.837548 0.861593 0.889265 0.893227 0.871090 0.852027 0.835751 0.822029 0.810671 0.801527 0.794480 0.789441 0.786348 0.785164 0.785873 0.788485 0.793031 0.799567 0.808175 0.818964 14891.500000 1.071164 0.891102
0.710468 0.720169 0.731927 0.736843 0.739791 0.744564 0.751220 0.759843 0.770545 0.783466 0.798785 0.816722 0.837548 0.861593 0.889265 0.893227 0.871090 0.852027 0.835751 0.822029 0.810671 0.801527 0.794480 0.789441 0.786348 0.785164 0.785873 0.788485 0.793031 0.799567 0.808175 0.818964 0.816313 0.806770 0.799350 0.793961 0.790537 0.789034 0.789435 0.791745 0.795991 0.802227 0.810529 0.821003 0.833787 0.849052 0.867015 0.887939 0.912151 0.940047 0.927082 0.895627 0.868260 0.844489 0.823918 0.806221 0.791134 0.778443 0.767973 0.759586 0.753176 0.748661 0.745987 0.745120 0.746050 0.748789 0.749978 0.736534 0.725281 0.716065 0.708766 0.703292 0.699574 0.697567 0.697246 0.698608 0.701669 0.706466 0.712147 0.711092 0.711753 0.714137 0.718273 0.724212 0.732028 0.741821 0.753721 0.767888 0.784525 0.803877 0.826250 0.852015 0.881630 0.915664 0.954824 1.000000 0.978725 0.952383 0.929603 0.910028 0.893368 0.879388 0.867898 0.858745 0.851815 0.847020 0.844301 0.843625 0.844984 0.848395 0.853899 0.829214 0.803802 0.781729 0.762624 0.746186 0.732167 0.720370 0.710631 0.702822 0.696844 0.692621 0.690102 0.689255 0.690071 0.692559 0.696749 0.702694 14891.500000 1.071164 0.891102
0.650061 0.700763 0.762034 0.804494 0.758542 0.719195 0.685298 0.655961 0.630490 0.608334 0.589052 0.572292 0.557766 0.545240 0.534524 0.525462 0.517929 0.511825 0.507071 0.503606 0.501387 0.500389 0.500598 0.502017 0.504663 0.508569 0.513783 0.520372 0.528422 0.538041 0.549365 0.562561 0.577832 0.595430 0.615663 0.638912 0.665654 0.696483 0.732155 0.754244 0.697723 0.650541 0.610713 0.576790 0.547688 0.522579 0.500826 0.481926 0.465481 0.451172 0.438743 0.427983 0.418723 0.410824 0.404173 0.398679 0.394269 0.390888 0.388492 0.387051 0.386550 0.386980 0.388349 0.390671 0.393976 0.398306 0.403714 0.410274 0.418075 0.427227 0.437867 0.450162 0.464319 0.480591 0.499292 0.520811 0.545644 0.574416 0.607937 0.647269 0.693830 0.749554 0.817151 0.900534 1.000000 0.890978 0.805139 0.736004 0.679311 0.632140 0.592430 0.558680 0.529776 0.504872 0.483316 0.464599 0.448318 0.434149 0.421834 0.411161 0.401960 0.394089 0.387437 0.381910 0.377436 0.373955 0.371425 0.369813 0.369101 0.369279 0.370350 0.372327 0.375235 0.379108 0.383997 0.389965 0.397094 0.405483 0.415256 0.426565 0.439595 0.454577 0.471792 0.491594 0.514424 0.540845 0.571578 0.607565 6616.000000 1.426545 0.577609
0.448318 0.434149 0.421834 0.411161 0.401960 0.394089 0.387437 0.381910 0.377436 0.373955 0.371425 0.369813 0.369101 0.369279 0.370350 0.372327 0.375235 0.379108 0.383997 0.389965 0.397094 0.405483 0.415256 0.426565 0.439595 0.454577 0.471792 0.491594 0.514424 0.540845 0.571578 0.607565 0.650061 0.700763 0.762034 0.804494 0.758542 0.719195 0.685298 0.655961 0.630490 0.608334 0.589052 0.572292 0.557766 0.545240 0.534524 0.525462 0.517929 0.511825 0.507071 0.503606 0.501387 0.500389 0.500598 0.502017 0.504663 0.508569 0.513783 0.520372 0.528422 0.538041 0.549365 0.562561 0.577832 0.595430 0.615663 0.638912 0.665654 0.696483 0.732155 0.754244 0.697723 0.650541 0.610713 0.576790 0.547688 0.522579 0.500826 0.481926 0.465481 0.451172 0.438743 0.427983 0.418723 0.410824 0.404173 0.398679 0.394269 0.390888 0.388492 0.387051 0.386550 0.386980 0.388349 0.390671 0.393976 0.398306 0.403714 0.410274 0.418075 0.427227 0.437867 0.450162 0.464319 0.480591 0.499292 0.520811 0.545644 0.574416 0.607937 0.647269 0.693830 0.749554 0.817151 0.900534 1.000000 0.890978 0.805139 0.736004 0.679311 0.632140 0.592430 0.558680 0.529776 0.504872 0.483316 0.464599 6616.000000 1.426545 0.577609
0.393976 0.398306 0.403714 0.410274 0.418075 0.427227 0.437867 0.450162 0.464319 0.480591 0.499292 0.520811 0.545644 0.574416 0.607937 0.647269 0.693830 0.749554 0.817151 0.900534 1.000000 0.890978 0.805139 0.736004 0.679311 0.632140 0.592430 0.558680 0.529776 0.504872 0.483316 0.464599 0.448318 0.434149 0.421834 0.411161 0.401960 0.394089 0.387437 0.381910 0.377436 0.373955 0.371425 0.369813 0.369101 0.369279 0.370350 0.372327 0.375235 0.379108 0.383997 0.389965 0.397094 0.405483 0.415256 0.426565 0.439595 0.454577 0.471792 0.491594 0.514424 0.540845 0.571578 0.607565 0.650061 0.700763 0.762034 0.804494 0.758542 0.719195 0.685298 0.655961 0.630490 0.608334 0.589052 0.572292 0.557766 0.545240 0.534524 0.525462 0.517929 0.511825 0.507071 0.503606 0.501387 0.500389 0.500598 0.502017 0.504663 0.508569 0.513783 0.520372 0.528422 0.538041 0.549365 0.562561 0.577832 0.595430 0.615663 0.638912 0.665654 0.696483 0.732155 0.754244 0.697723 0.650541 0.610713 0.576790 0.547688 0.522579 0.500826 0.481926 0.465481 0.451172 0.438743 0.427983 0.418723 0.410824 0.404173 0.398679 0.394269 0.390888 0.388492 0.387051 0.386550 0.386980 0.388349 0.390671 6616.000000 1.426545 0.577609
0.577832 0.595430 0.615663 0.638912 0.665654 0.696483 0.732155 0.754244 0.697723 0.650541 0.610713 0.576790 0.547688 0.522579 0.500826 0.481926 0.465481 0.451172 0.438743 0.427983 0.418723 0.410824 0.404173 0.398679 0.394269 0.390888 0.388492 0.387051 0.386550 0.386980 0.388349 0.390671 0.393976 0.398306 0.403714 0.410274 0.418075 0.427227 0.437867 0.450162 0.464319 0.480591 0.499292 0.520811 0.545644 0.574416 0.607937 0.647269 0.693830 0.749554 0.817151 0.900534 1.000000 0.890978 0.805139 0.736004 0.679311 0.632140 0.592430 0.558680 0.529776 0.504872 0.483316 0.464599 0.448318 0.434149 0.421834 0.411161 0.401960 0.394089 0.387437 0.381910 0.377436 0.373955 0.371425 0.369813 0.369101 0.369279 0.370350 0.372327 0.375235 0.379108 0.383997 0.389965 0.397094 0.405483 0.415256 0.426565 0.439595 0.454577 0.471792 0.491594 0.514424 0.540845 0.571578 0.607565 0.650061 0.700763 0.762034 0.804494 0.758542 0.719195 0.685298 0.655961 0.630490 0.608334 0.589052 0.572292 0.557766 0.545240 0.534524 0.525462 0.517929 0.511825 0.507071 0.503606 0.501387 0.500389 0.500598 0.502017 0.504663 0.508569 0.513783 0.520372 0.528422 0.538041 0.549365 0.562561 6616.000000 1.426545 0.577609
0.658617 0.682264 0.709445 0.740741 0.769983 0.761267 0.754545 0.749730 0.746763 0.745610 0.746255 0.748706 0.752993 0.759170 0.767312 0.777524 0.789940 0.804730 0.822102 0.842315 0.865685 0.892600 0.923539 0.959093 1.000000 0.941216 0.876323 0.821652 0.775160 0.735325 0.700989 0.671262 0.645446 0.622987 0.603443 0.586458 0.571743 0.559062 0.548223 0.539071 0.531478 0.525345 0.520591 0.517157 0.515001 0.514096 0.514431 0.516011 0.518854 0.522995 0.528487 0.528725 0.530037 0.532643 0.536573 0.541877 0.548621 0.556894 0.566807 0.578498 0.592138 0.607936 0.626151 0.647098 0.671167 0.698845 0.730740 0.767624 0.810485 0.860611 0.919708 0.990081 0.948552 0.908687 0.874059 0.843932 0.817716 0.794938 0.775211 0.758222 0.743715 0.731481 0.721354 0.713197 0.706907 0.702405 0.699634 0.698561 0.699173 0.701478 0.705503 0.711298 0.718936 0.728513 0.740156 0.754023 0.770311 0.789262 0.811172 0.802048 0.762458 0.728264 0.698617 0.672846 0.650421 0.630913 0.613977 0.599332 0.586751 0.576046 0.567066 0.559690 0.553820 0.549382 0.546320 0.544597 0.544191 0.545098 0.547329 0.550911 0.555889 0.562324 0.570299 0.579922 0.591323 0.604668 0.620158 0.638040 7150.500000 1.390526 0.757907
0.770311 0.789262 0.811172 0.802048 0.762458 0.728264 0.698617 0.672846 0.650421 0.630913 0.613977 0.599332 0.586751 0.576046 0.567066 0.559690 0.553820 0.549382 0.546320 0.544597 0.544191 0.545098 0.547329 0.550911 0.555889 0.562324 0.570299 0.579922 0.591323 0.604668 0.620158 0.638040 0.658617 0.682264 0.709445 0.740741 0.769983 0.761267 0.754545 0.749730 0.746763 0.745610 0.746255 0.748706 0.752993 0.759170 0.767312 0.777524 0.789940 0.804730 0.822102 0.842315 0.865685 0.892600 0.923539 0.959093 1.000000 0.941216 0.876323 0.821652 0.775160 0.735325 0.700989 0.671262 0.645446 0.622987 0.603443 0.586458 0.571743 0.559062 0.548223 0.539071 0.531478 0.525345 0.520591 0.517157 0.515001 0.514096 0.514431 0.516011 0.518854 0.522995 0.528487 0.528725 0.530037 0.532643 0.536573 0.541877 0.548621 0.556894 0.566807 0.578498 0.592138 0.607936 0.626151 0.647098 0.671167 0.698845 0.730740 0.767624 0.810485 0.860611 0.919708 0.990081 0.948552 0.908687 0.874059 0.843932 0.817716 0.794938 0.775211 0.758222 0.743715 0.731481 0.721354 0.713197 0.706907 0.702405 0.699634 0.698561 0.699173 0.701478 0.705503 0.711298 0.718936 0.728513 0.740156 0.754023 7150.500000 1.390526 0.757907
0.671167 0.698845 0.730740 0.767624 0.810485 0.860611 0.919708 0.990081 0.948552 0.908687 0.874059 0.843932 0.817716 0.794938 0.775211 0.758222 0.743715 0.731481 0.721354 0.713197 0.706907 0.702405 0.699634 0.698561 0.699173 0.701478 0.705503 0.711298 0.718936 0.728513 0.740156 0.754023 0.770311 0.789262 0.811172 0.802048 0.762458 0.728264 0.698617 0.672846 0.650421 0.630913 0.613977 0.599332 0.586751 0.576046 0.567066 0.559690 0.553820 0.549382 0.546320 0.544597 0.544191 0.545098 0.547329 0.550911 0.555889 0.562324 0.570299 0.579922 0.591323 0.604668 0.620158 0.638040 0.658617 0.682264 0.709445 0.740741 0.769983 0.761267 0.754545 0.749730 0.746763 0.745610 0.746255 0.748706 0.752993 0.759170 0.767312 0.777524 0.789940 0.804730 0.822102 0.842315 0.865685 0.892600 0.923539 0.959093 1.000000 0.941216 0.876323 0.821652 0.775160 0.735325 0.700989 0.671262 0.645446 0.622987 0.603443 0.586458 0.571743 0.559062 0.548223 0.539071 0.531478 0.525345 0.520591 0.517157 0.515001 0.514096 0.514431 0.516011 0.518854 0.522995 0.528487 0.528725 0.530037 0.532643 0.536573 0.541877 0.548621 0.556894 0.566807 0.578498 0.592138 0.607936 0.626151 0.647098 7150.500000 1.390526 0.757907
0.645446 0.622987 0.603443 0.586458 0.571743 0.559062 0.548223 0.539071 0.531478 0.525345 0.520591 0.517157 0.515001 0.514096 0.514431 0.516011 0.518854 0.522995 0.528487 0.528725 0.530037 0.532643 0.536573 0.541877 0.548621 0.556894 0.566807 0.578498 0.592138 0.607936 0.626151 0.647098 0.671167 0.698845 0.730740 0.767624 0.810485 0.860611 0.919708 0.990081 0.948552 0.908687 0.874059 0.843932 0.817716 0.794938 0.775211 0.758222 0.743715 0.731481 0.721354 0.713197 0.706907 0.702405 0.699634 0.698561 0.699173 0.701478 0.705503 0.711298 0.718936 0.728513 0.740156 0.754023 0.770311 0.789262 0.811172 0.802048 0.762458 0.728264 0.698617 0.672846 0.650421 0.630913 0.613977 0.599332 0.586751 0.576046 0.567066 0.559690 0.553820 0.549382 0.546320 0.544597 0.544191 0.545098 0.547329 0.550911 0.555889 0.562324 0.570299 0.579922 0.591323 0.604668 0.620158 0.638040 0.658617 0.682264 0.709445 0.740741 0.769983 0.761267 0.754545 0.749730 0.746763 0.745610 0.746255 0.748706 0.752993 0.759170 0.767312 0.777524 0.789940 0.804730 0.822102 0.842315 0.865685 0.892600 0.923539 0.959093 1.000000 0.941216 0.876323 0.821652 0.775160 0.735325 0.700989 0.671262 7150.500000 1.390526 0.757907
0.971432 0.918666 0.873333 0.834179 0.800229 0.770720 0.745040 0.722701 0.703308 0.686539 0.672133 0.659876 0.649594 0.641150 0.634430 0.629351 0.625848 0.623878 0.623418 0.624462 0.627022 0.631131 0.636837 0.644214 0.653357 0.644660 0.631417 0.620170 0.610763 0.603069 0.596986 0.592437 0.589367 0.587736 0.587526 0.588735 0.591375 0.595481 0.601102 0.608310 0.617197 0.627884 0.640517 0.655279 0.651009 0.646471 0.643536 0.642167 0.642349 0.644082 0.647389 0.652309 0.658905 0.667259 0.677480 0.689707 0.704111 0.720903 0.740343 0.762749 0.788512 0.818116 0.852163 0.869312 0.845871 0.825598 0.808175 0.793344 0.780895 0.770658 0.762500 0.756315 0.752027 0.749583 0.748953 0.750130 0.753128 0.757983 0.764756 0.773531 0.784421 0.771193 0.734311 0.702411 0.674725 0.650646 0.629692 0.611472 0.595672 0.582035 0.570351 0.560451 0.552196 0.545476 0.540203 0.536311 0.533751 0.532492 0.532519 0.533832 0.536447 0.540396 0.545728 0.552511 0.560833 0.570805 0.582567 0.596291 0.603226 0.603675 0.605586 0.608980 0.613899 0.620406 0.628582 0.638536 0.650402 0.664349 0.680582 0.699355 0.720979 0.745838 0.774404 0.807267 0.845170 0.889055 0.940136 1.000000 5928.000000 1.361735 0.820691
0.533751 0.532492 0.532519 0.533832 0.536447 0.540396 0.545728 0.552511 0.560833 0.570805 0.582567 0.596291 0.603226 0.603675 0.605586 0.608980 0.613899 0.620406 0.628582 0.638536 0.650402 0.664349 0.680582 0.699355 0.720979 0.745838 0.774404 0.807267 0.845170 0.889055 0.940136 1.000000 0.971432 0.918666 0.873333 0.834179 0.800229 0.770720 0.745040 0.722701 0.703308 0.686539 0.672133 0.659876 0.649594 0.641150 0.634430 0.629351 0.625848 0.623878 0.623418 0.624462 0.627022 0.631131 0.636837 0.644214 0.653357 0.644660 0.631417 0.620170 0.610763 0.603069 0.596986 0.592437 0.589367 0.587736 0.587526 0.588735 0.591375 0.595481 0.601102 0.608310 0.617197 0.627884 0.640517 0.655279 0.651009 0.646471 0.643536 0.642167 0.642349 0.644082 0.647389 0.652309 0.658905 0.667259 0.677480 0.689707 0.704111 0.720903 0.740343 0.762749 0.788512 0.818116 0.852163 0.869312 0.845871 0.825598 0.808175 0.793344 0.780895 0.770658 0.762500 0.756315 0.752027 0.749583 0.748953 0.750130 0.753128 0.757983 0.764756 0.773531 0.784421 0.771193 0.734311 0.702411 0.674725 0.650646 0.629692 0.611472 0.595672 0.582035 0.570351 0.560451 0.552196 0.545476 0.540203 0.536311 5928.000000 1.361735 0.820691
0.845871 0.825598 0.808175 0.793344 0.780895 0.770658 0.762500 0.756315 0.752027 0.749583 0.748953 0.750130 0.753128 0.757983 0.764756 0.773531 0.784421 0.771193 0.734311 0.702411 0.674725 0.650646 0.629692 0.611472 0.595672 0.582035 0.570351 0.560451 0.552196 0.545476 0.540203 0.536311 0.533751 0.532492 0.532519 0.533832 0.536447 0.540396 0.545728 0.552511 0.560833 0.570805 0.582567 0.596291 0.603226 0.603675 0.605586 0.608980 0.613899 0.620406 0.628582 0.638536 0.650402 0.664349 0.680582 0.699355 0.720979 0.745838 0.774404 0.807267 0.845170 0.889055 0.940136 1.000000 0.971432 0.918666 0.873333 0.834179 0.800229 0.770720 0.745040 0.722701 0.703308 0.686539 0.672133 0.659876 0.649594 0.641150 0.634430 0.629351 0.625848 0.623878 0.623418 0.624462 0.627022 0.631131 0.636837 0.644214 0.653357 0.644660 0.631417 0.620170 0.610763 0.603069 0.596986 0.592437 0.589367 0.587736 0.587526 0.588735 0.591375 0.595481 0.601102 0.608310 0.617197 0.627884 0.640517 0.655279 0.651009 0.646471 0.643536 0.642167 0.642349 0.644082 0.647389 0.652309 0.658905 0.667259 0.677480 0.689707 0.704111 0.720903 0.740343 0.762749 0.788512 0.818116 0.852163 0.869312 5928.000000 1.361735 0.820691
0.589367 0.587736 0.587526 0.588735 0.591375 0.595481 0.601102 0.608310 0.617197 0.627884 0.640517 0.655279 0.651009 0.646471 0.643536 0.642167 0.642349 0.644082 0.647389 0.652309 0.658905 0.667259 0.677480 0.689707 0.704111 0.720903 0.740343 0.762749 0.788512 0.818116 0.852163 0.869312 0.845871 0.825598 0.808175 0.793344 0.780895 0.770658 0.762500 0.756315 0.752027 0.749583 0.748953 0.750130 0.753128 0.757983 0.764756 0.773531 0.784421 0.771193 0.734311 0.702411 0.674725 0.650646 0.629692 0.611472 0.595672 0.582035 0.570351 0.560451 0.552196 0.545476 0.540203 0.536311 0.533751 0.532492 0.532519 0.533832 0.536447 0.540396 0.545728 0.552511 0.560833 0.570805 0.582567 0.596291 0.603226 0.603675 0.605586 0.608980 0.613899 0.620406 0.628582 0.638536 0.650402 0.664349 0.680582 0.699355 0.720979 0.745838 0.774404 0.807267 0.845170 0.889055 0.940136 1.000000 0.971432 0.918666 0.873333 0.834179 0.800229 0.770720 0.745040 0.722701 0.703308 0.686539 0.672133 0.659876 0.649594 0.641150 0.634430 0.629351 0.625848 0.623878 0.623418 0.624462 0.627022 0.631131 0.636837 0.644214 0.653357 0.644660 0.631417 0.620170 0.610763 0.603069 0.596986 0.592437 5928.000000 1.361735 0.820691
0.882980 0.958510 1.000000 0.924148 0.860919 0.807610 0.762246 0.723358 0.689826 0.660787 0.635563 0.613618 0.594522 0.577929 0.563558 0.551180 0.540609 0.531692 0.524307 0.518356 0.513763 0.510469 0.508434 0.507633 0.508057 0.509711 0.512614 0.516803 0.522330 0.529265 0.537699 0.547747 0.559552 0.573288 0.589171 0.587033 0.571708 0.558474 0.547127 0.537501 0.529461 0.522900 0.517731 0.513889 0.511327 0.510013 0.509930 0.511079 0.513472 0.517140 0.522128 0.528498 0.536334 0.545740 0.556847 0.569818 0.584849 0.602185 0.622124 0.645037 0.671380 0.701730 0.736813 0.777560 0.825182 0.881279 0.948010 0.910401 0.855670 0.808984 0.768885 0.734259 0.704241 0.678151 0.655447 0.635696 0.618547 0.603715 0.590969 0.580118 0.571009 0.563518 0.557547 0.553020 0.549879 0.548087 0.547622 0.548477 0.550664 0.554209 0.559156 0.565567 0.573523 0.583132 0.594525 0.576952 0.558355 0.542185 0.528162 0.516058 0.505687 0.496898 0.489569 0.483601 0.478917 0.475457 0.473178 0.472053 0.472067 0.473222 0.475531 0.479022 0.483739 0.489741 0.497107 0.505935 0.516349 0.528500 0.542575 0.558804 0.577468 0.598915 0.623575 0.651992 0.684852 0.723034 0.767683 0.820315 4693.500000 1.689278 0.688825
0.558355 0.542185 0.528162 0.516058 0.505687 0.496898 0.489569 0.483601 0.478917 0.475457 0.473178 0.472053 0.472067 0.473222 0.475531 0.479022 0.483739 0.489741 0.497107 0.505935 0.516349 0.528500 0.542575 0.558804 0.577468 0.598915 0.623575 0.651992 0.684852 0.723034 0.767683 0.820315 0.882980 0.958510 1.000000 0.924148 0.860919 0.807610 0.762246 0.723358 0.689826 0.660787 0.635563 0.613618 0.594522 0.577929 0.563558 0.551180 0.540609 0.531692 0.524307 0.518356 0.513763 0.510469 0.508434 0.507633 0.508057 0.509711 0.512614 0.516803 0.522330 0.529265 0.537699 0.547747 0.559552 0.573288 0.589171 0.587033 0.571708 0.558474 0.547127 0.537501 0.529461 0.522900 0.517731 0.513889 0.511327 0.510013 0.509930 0.511079 0.513472 0.517140 0.522128 0.528498 0.536334 0.545740 0.556847 0.569818 0.584849 0.602185 0.622124 0.645037 0.671380 0.701730 0.736813 0.777560 0.825182 0.881279 0.948010 0.910401 0.855670 0.808984 0.768885 0.734259 0.704241 0.678151 0.655447 0.635696 0.618547 0.603715 0.590969 0.580118 0.571009 0.563518 0.557547 0.553020 0.549879 0.548087 0.547622 0.548477 0.550664 0.554209 0.559156 0.565567 0.573523 0.583132 0.594525 0.576952 4693.500000 1.689278 0.688825
0.825182 0.881279 0.948010 0.910401 0.855670 0.808984 0.768885 0.734259 0.704241 0.678151 0.655447 0.635696 0.618547 0.603715 0.590969 0.580118 0.571009 0.563518 0.557547 0.553020 0.549879 0.548087 0.547622 0.548477 0.550664 0.554209 0.559156 0.565567 0.573523 0.583132 0.594525 0.576952 0.558355 0.542185 0.528162 0.516058 0.505687 0.496898 0.489569 0.483601 0.478917 0.475457 0.473178 0.472053 0.472067 0.473222 0.475531 0.479022 0.483739 0.489741 0.497107 0.505935 0.516349 0.528500 0.542575 0.558804 0.577468 0.598915 0.623575 0.651992 0.684852 0.723034 0.767683 0.820315 0.882980 0.958510 1.000000 0.924148 0.860919 0.807610 0.762246 0.723358 0.689826 0.660787 0.635563 0.613618 0.594522 0.577929 0.563558 0.551180 0.540609 0.531692 0.524307 0.518356 0.513763 0.510469 0.508434 0.507633 0.508057 0.509711 0.512614 0.516803 0.522330 0.529265 0.537699 0.547747 0.559552 0.573288 0.589171 0.587033 0.571708 0.558474 0.547127 0.537501 0.529461 0.522900 0.517731 0.513889 0.511327 0.510013 0.509930 0.511079 0.513472 0.517140 0.522128 0.528498 0.536334 0.545740 0.556847 0.569818 0.584849 0.602185 0.622124 0.645037 0.671380 0.701730 0.736813 0.777560 4693.500000 1.689278 0.688825
0.559552 0.573288 0.589171 0.587033 0.571708 0.558474 0.547127 0.537501 0.529461 0.522900 0.517731 0.513889 0.511327 0.510013 0.509930 0.511079 0.513472 0.517140 0.522128 0.528498 0.536334 0.545740 0.556847 0.569818 0.584849 0.602185 0.622124 0.645037 0.671380 0.701730 0.736813 0.777560 0.825182 0.881279 0.948010 0.910401 0.855670 0.808984 0.768885 0.734259 0.704241 0.678151 0.655447 0.635696 0.618547 0.603715 0.590969 0.580118 0.571009 0.563518 0.557547 0.553020 0.549879 0.548087 0.547622 0.548477 0.550664 0.554209 0.559156 0.565567 0.573523 0.583132 0.594525 0.576952 0.558355 0.542185 0.528162 0.516058 0.505687 0.496898 0.489569 0.483601 0.478917 0.475457 0.473178 0.472053 0.472067 0.473222 0.475531 0.479022 0.483739 0.489741 0.497107 0.505935 0.516349 0.528500 0.542575 0.558804 0.577468 0.598915 0.623575 0.651992 0.684852 0.723034 0.767683 0.820315 0.882980 0.958510 1.000000 0.924148 0.860919 0.807610 0.762246 0.723358 0.689826 0.660787 0.635563 0.613618 0.594522 0.577929 0.563558 0.551180 0.540609 0.531692 0.524307 0.518356 0.513763 0.510469 0.508434 0.507633 0.508057 0.509711 0.512614 0.516803 0.522330 0.529265 0.537699 0.547747 4693.500000 1.689278 0.688825
0.761887 0.785973 0.813656 0.845471 0.852842 0.844373 0.838071 0.833855 0.831675 0.831505 0.833341 0.837208 0.843151 0.851244 0.861590 0.874323 0.889613 0.900811 0.891919 0.885312 0.880909 0.878656 0.878525 0.880515 0.884651 0.890982 0.899587 0.910575 0.924088 0.940308 0.959461 0.981824 0.949144 0.910528 0.876961 0.847750 0.822341 0.800281 0.781207 0.764821 0.750880 0.739187 0.729583 0.721943 0.716168 0.712187 0.704896 0.685218 0.668175 0.653495 0.640958 0.630382 0.621623 0.614564 0.609115 0.605207 0.602791 0.601839 0.602339 0.604296 0.607735 0.612698 0.619247 0.627465 0.637461 0.649370 0.663361 0.679641 0.698466 0.720148 0.745071 0.773712 0.806663 0.844672 0.888687 0.939930 1.000000 0.999422 0.979662 0.962944 0.949034 0.937747 0.928938 0.922493 0.918335 0.916412 0.916701 0.919205 0.923955 0.931008 0.940454 0.952411 0.967035 0.984524 0.966401 0.914264 0.869453 0.830736 0.797159 0.767970 0.742568 0.720472 0.701295 0.684718 0.670486 0.658386 0.648250 0.639939 0.633345 0.628384 0.624994 0.623134 0.622780 0.623929 0.626595 0.630810 0.636626 0.644116 0.653378 0.656503 0.660506 0.666172 0.673574 0.682805 0.693987 0.707274 0.722856 0.740965 6126.000000 1.365057 0.849119
0.869453 0.830736 0.797159 0.767970 0.742568 0.720472 0.701295 0.684718 0.670486 0.658386 0.648250 0.639939 0.633345 0.628384 0.624994 0.623134 0.622780 0.623929 0.626595 0.630810 0.636626 0.644116 0.653378 0.656503 0.660506 0.666172 0.673574 0.682805 0.693987 0.707274 0.722856 0.740965 0.761887 0.785973 0.813656 0.845471 0.852842 0.844373 0.838071 0.833855 0.831675 0.831505 0.833341 0.837208 0.843151 0.851244 0.861590 0.874323 0.889613 0.900811 0.891919 0.885312 0.880909 0.878656 0.878525 0.880515 0.884651 0.890982 0.899587 0.910575 0.924088 0.940308 0.959461 0.981824 0.949144 0.910528 0.876961 0.847750 0.822341 0.800281 0.781207 0.764821 0.750880 0.739187 0.729583 0.721943 0.716168 0.712187 0.704896 0.685218 0.668175 0.653495 0.640958 0.630382 0.621623 0.614564 0.609115 0.605207 0.602791 0.601839 0.602339 0.604296 0.607735 0.612698 0.619247 0.627465 0.637461 0.649370 0.663361 0.679641 0.698466 0.720148 0.745071 0.773712 0.806663 0.844672 0.888687 0.939930 1.000000 0.999422 0.979662 0.962944 0.949034 0.937747 0.928938 0.922493 0.918335 0.916412 0.916701 0.919205 0.923955 0.931008 0.940454 0.952411 0.967035 0.984524 0.966401 0.914264 6126.000000 1.365057 0.849119
0.637461 0.649370 0.663361 0.679641 0.698466 0.720148 0.745071 0.773712 0.806663 0.844672 0.888687 0.939930 1.000000 0.999422 0.979662 0.962944 0.949034 0.937747 0.928938 0.922493 0.918335 0.916412 0.916701 0.919205 0.923955 0.931008 0.940454 0.952411 0.967035 0.984524 0.966401 0.914264 0.869453 0.830736 0.797159 0.767970 0.742568 0.720472 0.701295 0.684718 0.670486 0.658386 0.648250 0.639939 0.633345 0.628384 0.624994 0.623134 0.622780 0.623929 0.626595 0.630810 0.636626 0.644116 0.653378 0.656503 0.660506 0.666172 0.673574 0.682805 0.693987 0.707274 0.722856 0.740965 0.761887 0.785973 0.813656 0.845471 0.852842 0.844373 0.838071 0.833855 0.831675 0.831505 0.833341 0.837208 0.843151 0.851244 0.861590 0.874323 0.889613 0.900811 0.891919 0.885312 0.880909 0.878656 0.878525 0.880515 0.884651 0.890982 0.899587 0.910575 0.924088 0.940308 0.959461 0.981824 0.949144 0.910528 0.876961 0.847750 0.822341 0.800281 0.781207 0.764821 0.750880 0.739187 0.729583 0.721943 0.716168 0.712187 0.704896 0.685218 0.668175 0.653495 0.640958 0.630382 0.621623 0.614564 0.609115 0.605207 0.602791 0.601839 0.602339 0.604296 0.607735 0.612698 0.619247 0.627465 6126.000000 1.365057 0.849119
0.949144 0.910528 0.876961 0.847750 0.822341 0.800281 0.781207 0.764821 0.750880 0.739187 0.729583 0.721943 0.716168 0.712187 0.704896 0.685218 0.668175 0.653495 0.640958 0.630382 0.621623 0.614564 0.609115 0.605207 0.602791 0.601839 0.602339 0.604296 0.607735 0.612698 0.619247 0.627465 0.637461 0.649370 0.663361 0.679641 0.698466 0.720148 0.745071 0.773712 0.806663 0.844672 0.888687 0.939930 1.000000 0.999422 0.979662 0.962944 0.949034 0.937747 0.928938 0.922493 0.918335 0.916412 0.916701 0.919205 0.923955 0.931008 0.940454 0.952411 0.967035 0.984524 0.966401 0.914264 0.869453 0.830736 0.797159 0.767970 0.742568 0.720472 0.701295 0.684718 0.670486 0.658386 0.648250 0.639939 0.633345 0.628384 0.624994 0.623134 0.622780 0.623929 0.626595 0.630810 0.636626 0.644116 0.653378 0.656503 0.660506 0.666172 0.673574 0.682805 0.693987 0.707274 0.722856 0.740965 0.761887 0.785973 0.813656 0.845471 0.852842 0.844373 0.838071 0.833855 0.831675 0.831505 0.833341 0.837208 0.843151 0.851244 0.861590 0.874323 0.889613 0.900811 0.891919 0.885312 0.880909 0.878656 0.878525 0.880515 0.884651 0.890982 0.899587 0.910575 0.924088 0.940308 0.959461 0.981824 6126.000000 1.365057 0.849119
0.727380 0.742199 0.759501 0.779553 0.802678 0.792411 0.765572 0.742221 0.721940 0.704390 0.689294 0.676427 0.665605 0.656682 0.649539 0.644084 0.640250 0.637989 0.637273 0.638095 0.640464 0.644409 0.649978 0.657242 0.661674 0.651432 0.643029 0.636353 0.631319 0.627865 0.625949 0.625546 0.626653 0.629282 0.633466 0.639257 0.646726 0.655971 0.667115 0.680311 0.695750 0.713665 0.734343 0.758136 0.785477 0.816907 0.853097 0.894898 0.943396 1.000000 0.989239 0.936236 0.890661 0.851272 0.817105 0.787398 0.761546 0.739061 0.719550 0.702692 0.688225 0.675938 0.665657 0.657244 0.650589 0.645607 0.642236 0.640435 0.640182 0.641474 0.644327 0.648775 0.654873 0.662699 0.672353 0.683965 0.673340 0.657334 0.643586 0.631892 0.622088 0.614040 0.607643 0.602814 0.599495 0.597644 0.597239 0.598275 0.600764 0.604736 0.610242 0.617350 0.626151 0.636764 0.649333 0.664041 0.681109 0.700810 0.723481 0.749532 0.779479 0.813960 0.853785 0.899987 0.953906 0.940742 0.899553 0.863813 0.832733 0.805687 0.782166 0.761763 0.744145 0.729040 0.716227 0.705527 0.696795 0.689920 0.684812 0.681408 0.679668 0.679569 0.681111 0.684313 0.689213 0.695872 0.704374 0.714830 1628.500000 1.229028 0.795603
0.681109 0.700810 0.723481 0.749532 0.779479 0.813960 0.853785 0.899987 0.953906 0.940742 0.899553 0.863813 0.832733 0.805687 0.782166 0.761763 0.744145 0.729040 0.716227 0.705527 0.696795 0.689920 0.684812 0.681408 0.679668 0.679569 0.681111 0.684313 0.689213 0.695872 0.704374 0.714830 0.727380 0.742199 0.759501 0.779553 0.802678 0.792411 0.765572 0.742221 0.721940 0.704390 0.689294 0.676427 0.665605 0.656682 0.649539 0.644084 0.640250 0.637989 0.637273 0.638095 0.640464 0.644409 0.649978 0.657242 0.661674 0.651432 0.643029 0.636353 0.631319 0.627865 0.625949 0.625546 0.626653 0.629282 0.633466 0.639257 0.646726 0.655971 0.667115 0.680311 0.695750 0.713665 0.734343 0.758136 0.785477 0.816907 0.853097 0.894898 0.943396 1.000000 0.989239 0.936236 0.890661 0.851272 0.817105 0.787398 0.761546 0.739061 0.719550 0.702692 0.688225 0.675938 0.665657 0.657244 0.650589 0.645607 0.642236 0.640435 0.640182 0.641474 0.644327 0.648775 0.654873 0.662699 0.672353 0.683965 0.673340 0.657334 0.643586 0.631892 0.622088 0.614040 0.607643 0.602814 0.599495 0.597644 0.597239 0.598275 0.600764 0.604736 0.610242 0.617350 0.626151 0.636764 0.649333 0.664041 1628.500000 1.229028 0.795603
0.650589 0.645607 0.642236 0.640435 0.640182 0.641474 0.644327 0.648775 0.654873 0.662699 0.672353 0.683965 0.673340 0.657334 0.643586 0.631892 0.622088 0.614040 0.607643 0.602814 0.599495 0.597644 0.597239 0.598275 0.600764 0.604736 0.610242 0.617350 0.626151 0.636764 0.649333 0.664041 0.681109 0.700810 0.723481 0.749532 0.779479 0.813960 0.853785 0.899987 0.953906 0.940742 0.899553 0.863813 0.832733 0.805687 0.782166 0.761763 0.744145 0.729040 0.716227 0.705527 0.696795 0.689920 0.684812 0.681408 0.679668 0.679569 0.681111 0.684313 0.689213 0.695872 0.704374 0.714830 0.727380 0.742199 0.759501 0.779553 0.802678 0.792411 0.765572 0.742221 0.721940 0.704390 0.689294 0.676427 0.665605 0.656682 0.649539 0.644084 0.640250 0.637989 0.637273 0.638095 0.640464 0.644409 0.649978 0.657242 0.661674 0.651432 0.643029 0.636353 0.631319 0.627865 0.625949 0.625546 0.626653 0.629282 0.633466 0.639257 0.646726 0.655971 0.667115 0.680311 0.695750 0.713665 0.734343 0.758136 0.785477 0.816907 0.853097 0.894898 0.943396 1.000000 0.989239 0.936236 0.890661 0.851272 0.817105 0.787398 0.761546 0.739061 0.719550 0.702692 0.688225 0.675938 0.665657 0.657244 1628.500000 1.229028 0.795603
0.626653 0.629282 0.633466 0.639257 0.646726 0.655971 0.667115 0.680311 0.695750 0.713665 0.734343 0.758136 0.785477 0.816907 0.853097 0.894898 0.943396 1.000000 0.989239 0.936236 0.890661 0.851272 0.817105 0.787398 0.761546 0.739061 0.719550 0.702692 0.688225 0.675938 0.665657 0.657244 0.650589 0.645607 0.642236 0.640435 0.640182 0.641474 0.644327 0.648775 0.654873 0.662699 0.672353 0.683965 0.673340 0.657334 0.643586 0.631892 0.622088 0.614040 0.607643 0.602814 0.599495 0.597644 0.597239 0.598275 0.600764 0.604736 0.610242 0.617350 0.626151 0.636764 0.649333 0.664041 0.681109 0.700810 0.723481 0.749532 0.779479 0.813960 0.853785 0.899987 0.953906 0.940742 0.899553 0.863813 0.832733 0.805687 0.782166 0.761763 0.744145 0.729040 0.716227 0.705527 0.696795 0.689920 0.684812 0.681408 0.679668 0.679569 0.681111 0.684313 0.689213 0.695872 0.704374 0.714830 0.727380 0.742199 0.759501 0.779553 0.802678 0.792411 0.765572 0.742221 0.721940 0.704390 0.689294 0.676427 0.665605 0.656682 0.649539 0.644084 0.640250 0.637989 0.637273 0.638095 0.640464 0.644409 0.649978 0.657242 0.661674 0.651432 0.643029 0.636353 0.631319 0.627865 0.625949 0.625546 1628.500000 1.229028 0.795603
0.657770 0.664686 0.673388 0.683991 0.696638 0.711508 0.728821 0.748846 0.771916 0.798436 0.828911 0.863970 0.904399 0.900589 0.876572 0.855812 0.837984 0.822825 0.810122 0.799703 0.791431 0.785200 0.780933 0.778578 0.778106 0.779512 0.782811 0.788046 0.795279 0.804603 0.768357 0.735367 0.706725 0.681812 0.660131 0.641284 0.624948 0.610857 0.598799 0.588599 0.580114 0.573232 0.567863 0.563940 0.561413 0.560253 0.560446 0.561992 0.564912 0.569241 0.575033 0.582361 0.587317 0.591328 0.596842 0.603929 0.612679 0.623210 0.635668 0.650232 0.667125 0.686616 0.709041 0.734809 0.764433 0.798549 0.837967 0.883717 0.937139 1.000000 0.954059 0.895799 0.846166 0.803579 0.766832 0.734992 0.707326 0.683254 0.662310 0.644117 0.628370 0.614821 0.603266 0.593541 0.595842 0.609760 0.625886 0.644484 0.665875 0.690454 0.718715 0.751276 0.788918 0.832643 0.883752 0.943969 0.953398 0.889035 0.834695 0.788406 0.748690 0.714423 0.684732 0.658934 0.636488 0.616957 0.599993 0.585308 0.572672 0.561894 0.555784 0.556248 0.558060 0.561239 0.565826 0.571878 0.579471 0.588706 0.599709 0.612635 0.627675 0.645066 0.650376 0.647672 0.646543 0.646973 0.648968 0.652552 756.000000 1.223138 0.717378
0.953398 0.889035 0.834695 0.788406 0.748690 0.714423 0.684732 0.658934 0.636488 0.616957 0.599993 0.585308 0.572672 0.561894 0.555784 0.556248 0.558060 0.561239 0.565826 0.571878 0.579471 0.588706 0.599709 0.612635 0.627675 0.645066 0.650376 0.647672 0.646543 0.646973 0.648968 0.652552 0.657770 0.664686 0.673388 0.683991 0.696638 0.711508 0.728821 0.748846 0.771916 0.798436 0.828911 0.863970 0.904399 0.900589 0.876572 0.855812 0.837984 0.822825 0.810122 0.799703 0.791431 0.785200 0.780933 0.778578 0.778106 0.779512 0.782811 0.788046 0.795279 0.804603 0.768357 0.735367 0.706725 0.681812 0.660131 0.641284 0.624948 0.610857 0.598799 0.588599 0.580114 0.573232 0.567863 0.563940 0.561413 0.560253 0.560446 0.561992 0.564912 0.569241 0.575033 0.582361 0.587317 0.591328 0.596842 0.603929 0.612679 0.623210 0.635668 0.650232 0.667125 0.686616 0.709041 0.734809 0.764433 0.798549 0.837967 0.883717 0.937139 1.000000 0.954059 0.895799 0.846166 0.803579 0.766832 0.734992 0.707326 0.683254 0.662310 0.644117 0.628370 0.614821 0.603266 0.593541 0.595842 0.609760 0.625886 0.644484 0.665875 0.690454 0.718715 0.751276 0.788918 0.832643 0.883752 0.943969 756.000000 1.223138 0.717378
0.764433 0.798549 0.837967 0.883717 0.937139 1.000000 0.954059 0.895799 0.846166 0.803579 0.766832 0.734992 0.707326 0.683254 0.662310 0.644117 0.628370 0.614821 0.603266 0.593541 0.595842 0.609760 0.625886 0.644484 0.665875 0.690454 0.718715 0.751276 0.788918 0.832643 0.883752 0.943969 0.953398 0.889035 0.834695 0.788406 0.748690 0.714423 0.684732 0.658934 0.636488 0.616957 0.599993 0.585308 0.572672 0.561894 0.555784 0.556248 0.558060 0.561239 0.565826 0.571878 0.579471 0.588706 0.599709 0.612635 0.627675 0.645066 0.650376 0.647672 0.646543 0.646973 0.648968 0.652552 0.657770 0.664686 0.673388 0.683991 0.696638 0.711508 0.728821 0.748846 0.771916 0.798436 0.828911 0.863970 0.904399 0.900589 0.876572 0.855812 0.837984 0.822825 0.810122 0.799703 0.791431 0.785200 0.780933 0.778578 0.778106 0.779512 0.782811 0.788046 0.795279 0.804603 0.768357 0.735367 0.706725 0.681812 0.660131 0.641284 0.624948 0.610857 0.598799 0.588599 0.580114 0.573232 0.567863 0.563940 0.561413 0.560253 0.560446 0.561992 0.564912 0.569241 0.575033 0.582361 0.587317 0.591328 0.596842 0.603929 0.612679 0.623210 0.635668 0.650232 0.667125 0.686616 0.709041 0.734809 756.000000 1.223138 0.717378
0.706725 0.681812 0.660131 0.641284 0.624948 0.610857 0.598799 0.588599 0.580114 0.573232 0.567863 0.563940 0.561413 0.560253 0.560446 0.561992 0.564912 0.569241 0.575033 0.582361 0.587317 0.591328 0.596842 0.603929 0.612679 0.623210 0.635668 0.650232 0.667125 0.686616 0.709041 0.734809 0.764433 0.798549 0.837967 0.883717 0.937139 1.000000 0.954059 0.895799 0.846166 0.803579 0.766832 0.734992 0.707326 0.683254 0.662310 0.644117 0.628370 0.614821 0.603266 0.593541 0.595842 0.609760 0.625886 0.644484 0.665875 0.690454 0.718715 0.751276 0.788918 0.832643 0.883752 0.943969 0.953398 0.889035 0.834695 0.788406 0.748690 0.714423 0.684732 0.658934 0.636488 0.616957 0.599993 0.585308 0.572672 0.561894 0.555784 0.556248 0.558060 0.561239 0.565826 0.571878 0.579471 0.588706 0.599709 0.612635 0.627675 0.645066 0.650376 0.647672 0.646543 0.646973 0.648968 0.652552 0.657770 0.664686 0.673388 0.683991 0.696638 0.711508 0.728821 0.748846 0.771916 0.798436 0.828911 0.863970 0.904399 0.900589 0.876572 0.855812 0.837984 0.822825 0.810122 0.799703 0.791431 0.785200 0.780933 0.778578 0.778106 0.779512 0.782811 0.788046 0.795279 0.804603 0.768357 0.735367 756.000000 1.223138 0.717378
0.692188 0.674170 0.658612 0.645276 0.633966 0.624525 0.616824 0.610765 0.606270 0.603284 0.601769 0.601708 0.603099 0.605961 0.610327 0.616251 0.623810 0.633100 0.644246 0.657404 0.672766 0.690566 0.711093 0.734702 0.761831 0.793024 0.828963 0.870510 0.842878 0.810137 0.781657 0.756872 0.735329 0.716656 0.700554 0.686778 0.675128 0.665444 0.657595 0.651480 0.647022 0.644166 0.642877 0.643140 0.644957 0.648351 0.653363 0.660056 0.668515 0.678849 0.691200 0.705740 0.722683 0.742292 0.764889 0.790870 0.820725 0.855063 0.894649 0.940454 0.901327 0.844904 0.796937 0.755846 0.720436 0.689782 0.663163 0.640006 0.619855 0.602341 0.587165 0.574084 0.562900 0.553451 0.545607 0.539263 0.534337 0.530768 0.528510 0.527538 0.527838 0.529414 0.532287 0.536490 0.542076 0.549117 0.557704 0.567954 0.580011 0.594054 0.610300 0.629017 0.650536 0.675264 0.703708 0.736506 0.774468 0.818636 0.870369 0.931477 1.000000 0.947974 0.903161 0.864383 0.830716 0.801432 0.775948 0.753795 0.734592 0.718030 0.703857 0.691866 0.681893 0.673803 0.667493 0.662881 0.659912 0.658548 0.658774 0.660592 0.664024 0.669113 0.675921 0.684535 0.695067 0.707660 0.722491 0.712960 7739.000000 1.208637 0.745963
0.774468 0.818636 0.870369 0.931477 1.000000 0.947974 0.903161 0.864383 0.830716 0.801432 0.775948 0.753795 0.734592 0.718030 0.703857 0.691866 0.681893 0.673803 0.667493 0.662881 0.659912 0.658548 0.658774 0.660592 0.664024 0.669113 0.675921 0.684535 0.695067 0.707660 0.722491 0.712960 0.692188 0.674170 0.658612 0.645276 0.633966 0.624525 0.616824 0.610765 0.606270 0.603284 0.601769 0.601708 0.603099 0.605961 0.610327 0.616251 0.623810 0.633100 0.644246 0.657404 0.672766 0.690566 0.711093 0.734702 0.761831 0.793024 0.828963 0.870510 0.842878 0.810137 0.781657 0.756872 0.735329 0.716656 0.700554 0.686778 0.675128 0.665444 0.657595 0.651480 0.647022 0.644166 0.642877 0.643140 0.644957 0.648351 0.653363 0.660056 0.668515 0.678849 0.691200 0.705740 0.722683 0.742292 0.764889 0.790870 0.820725 0.855063 0.894649 0.940454 0.901327 0.844904 0.796937 0.755846 0.720436 0.689782 0.663163 0.640006 0.619855 0.602341 0.587165 0.574084 0.562900 0.553451 0.545607 0.539263 0.534337 0.530768 0.528510 0.527538 0.527838 0.529414 0.532287 0.536490 0.542076 0.549117 0.557704 0.567954 0.580011 0.594054 0.610300 0.629017 0.650536 0.675264 0.703708 0.736506 7739.000000 1.208637 0.745963
0.720436 0.689782 0.663163 0.640006 0.619855 0.602341 0.587165 0.574084 0.562900 0.553451 0.545607 0.539263 0.534337 0.530768 0.528510 0.527538 0.527838 0.529414 0.532287 0.536490 0.542076 0.549117 0.557704 0.567954 0.580011 0.594054 0.610300 0.629017 0.650536 0.675264 0.703708 0.736506 0.774468 0.818636 0.870369 0.931477 1.000000 0.947974 0.903161 0.864383 0.830716 0.801432 0.775948 0.753795 0.734592 0.718030 0.703857 0.691866 0.681893 0.673803 0.667493 0.662881 0.659912 0.658548 0.658774 0.660592 0.664024 0.669113 0.675921 0.684535 0.695067 0.707660 0.722491 0.712960 0.692188 0.674170 0.658612 0.645276 0.633966 0.624525 0.616824 0.610765 0.606270 0.603284 0.601769 0.601708 0.603099 0.605961 0.610327 0.616251 0.623810 0.633100 0.644246 0.657404 0.672766 0.690566 0.711093 0.734702 0.761831 0.793024 0.828963 0.870510 0.842878 0.810137 0.781657 0.756872 0.735329 0.716656 0.700554 0.686778 0.675128 0.665444 0.657595 0.651480 0.647022 0.644166 0.642877 0.643140 0.644957 0.648351 0.653363 0.660056 0.668515 0.678849 0.691200 0.705740 0.722683 0.742292 0.764889 0.790870 0.820725 0.855063 0.894649 0.940454 0.901327 0.844904 0.796937 0.755846 7739.000000 1.208637 0.745963
0.735329 0.716656 0.700554 0.686778 0.675128 0.665444 0.657595 0.651480 0.647022 0.644166 0.642877 0.643140 0.644957 0.648351 0.653363 0.660056 0.668515 0.678849 0.691200 0.705740 0.722683 0.742292 0.764889 0.790870 0.820725 0.855063 0.894649 0.940454 0.901327 0.844904 0.796937 0.755846 0.720436 0.689782 0.663163 0.640006 0.619855 0.602341 0.587165 0.574084 0.562900 0.553451 0.545607 0.539263 0.534337 0.530768 0.528510 0.527538 0.527838 0.529414 0.532287 0.536490 0.542076 0.549117 0.557704 0.567954 0.580011 0.594054 0.610300 0.629017 0.650536 0.675264 0.703708 0.736506 0.774468 0.818636 0.870369 0.931477 1.000000 0.947974 0.903161 0.864383 0.830716 0.801432 0.775948 0.753795 0.734592 0.718030 0.703857 0.691866 0.681893 0.673803 0.667493 0.662881 0.659912 0.658548 0.658774 0.660592 0.664024 0.669113 0.675921 0.684535 0.695067 0.707660 0.722491 0.712960 0.692188 0.674170 0.658612 0.645276 0.633966 0.624525 0.616824 0.610765 0.606270 0.603284 0.601769 0.601708 0.603099 0.605961 0.610327 0.616251 0.623810 0.633100 0.644246 0.657404 0.672766 0.690566 0.711093 0.734702 0.761831 0.793024 0.828963 0.870510 0.842878 0.810137 0.781657 0.756872 7739.000000 1.208637 0.745963
0.813602 0.881723 0.964831 1.000000 0.923386 0.859600 0.805872 0.760190 0.721052 0.687322 0.658122 0.632763 0.610703 0.591507 0.574823 0.560367 0.547908 0.537257 0.528261 0.520795 0.514760 0.510078 0.506690 0.504554 0.503644 0.503950 0.505474 0.508236 0.512269 0.517623 0.524367 0.532589 0.542401 0.553941 0.567378 0.582923 0.600833 0.621422 0.645081 0.672297 0.703680 0.740007 0.782276 0.831792 0.874384 0.819107 0.772153 0.731958 0.697337 0.667379 0.641370 0.618748 0.599060 0.581946 0.567110 0.554315 0.543364 0.534099 0.526392 0.520139 0.515260 0.511693 0.509394 0.508334 0.508501 0.509897 0.512539 0.516459 0.521706 0.528347 0.536468 0.546178 0.557615 0.570946 0.586378 0.604162 0.624611 0.648109 0.675134 0.706286 0.742327 0.784235 0.833285 0.891170 0.960184 0.997823 0.908462 0.835639 0.775354 0.724810 0.681995 0.645424 0.613980 0.586805 0.563234 0.542739 0.524904 0.509392 0.495931 0.484300 0.474318 0.465839 0.458744 0.452936 0.448340 0.444898 0.442566 0.441316 0.441132 0.442014 0.443970 0.447026 0.451218 0.456601 0.463242 0.471232 0.480681 0.491725 0.504532 0.519309 0.536309 0.555844 0.578301 0.604167 0.634053 0.668746 0.709261 0.756944 1944.000000 1.212860 0.596112
0.524904 0.509392 0.495931 0.484300 0.474318 0.465839 0.458744 0.452936 0.448340 0.444898 0.442566 0.441316 0.441132 0.442014 0.443970 0.447026 0.451218 0.456601 0.463242 0.471232 0.480681 0.491725 0.504532 0.519309 0.536309 0.555844 0.578301 0.604167 0.634053 0.668746 0.709261 0.756944 0.813602 0.881723 0.964831 1.000000 0.923386 0.859600 0.805872 0.760190 0.721052 0.687322 0.658122 0.632763 0.610703 0.591507 0.574823 0.560367 0.547908 0.537257 0.528261 0.520795 0.514760 0.510078 0.506690 0.504554 0.503644 0.503950 0.505474 0.508236 0.512269 0.517623 0.524367 0.532589 0.542401 0.553941 0.567378 0.582923 0.600833 0.621422 0.645081 0.672297 0.703680 0.740007 0.782276 0.831792 0.874384 0.819107 0.772153 0.731958 0.697337 0.667379 0.641370 0.618748 0.599060 0.581946 0.567110 0.554315 0.543364 0.534099 0.526392 0.520139 0.515260 0.511693 0.509394 0.508334 0.508501 0.509897 0.512539 0.516459 0.521706 0.528347 0.536468 0.546178 0.557615 0.570946 0.586378 0.604162 0.624611 0.648109 0.675134 0.706286 0.742327 0.784235 0.833285 0.891170 0.960184 0.997823 0.908462 0.835639 0.775354 0.724810 0.681995 0.645424 0.613980 0.586805 0.563234 0.542739 1944.000000 1.212860 0.596112
0.508501 0.509897 0.512539 0.516459 0.521706 0.528347 0.536468 0.546178 0.557615 0.570946 0.586378 0.604162 0.624611 0.648109 0.675134 0.706286 0.742327 0.784235 0.833285 0.891170 0.960184 0.997823 0.908462 0.835639 0.775354 0.724810 0.681995 0.645424 0.613980 0.586805 0.563234 0.542739 0.524904 0.509392 0.495931 0.484300 0.474318 0.465839 0.458744 0.452936 0.448340 0.444898 0.442566 0.441316 0.441132 0.442014 0.443970 0.447026 0.451218 0.456601 0.463242 0.471232 0.480681 0.491725 0.504532 0.519309 0.536309 0.555844 0.578301 0.604167 0.634053 0.668746 0.709261 0.756944 0.813602 0.881723 0.964831 1.000000 0.923386 0.859600 0.805872 0.760190 0.721052 0.687322 0.658122 0.632763 0.610703 0.591507 0.574823 0.560367 0.547908 0.537257 0.528261 0.520795 0.514760 0.510078 0.506690 0.504554 0.503644 0.503950 0.505474 0.508236 0.512269 0.517623 0.524367 0.532589 0.542401 0.553941 0.567378 0.582923 0.600833 0.621422 0.645081 0.672297 0.703680 0.740007 0.782276 0.831792 0.874384 0.819107 0.772153 0.731958 0.697337 0.667379 0.641370 0.618748 0.599060 0.581946 0.567110 0.554315 0.543364 0.534099 0.526392 0.520139 0.515260 0.511693 0.509394 0.508334 1944.000000 1.212860 0.596112
0.542401 0.553941 0.567378 0.582923 0.600833 0.621422 0.645081 0.672297 0.703680 0.740007 0.782276 0.831792 0.874384 0.819107 0.772153 0.731958 0.697337 0.667379 0.641370 0.618748 0.599060 0.581946 0.567110 0.554315 0.543364 0.534099 0.526392 0.520139 0.515260 0.511693 0.509394 0.508334 0.508501 0.509897 0.512539 0.516459 0.521706 0.528347 0.536468 0.546178 0.557615 0.570946 0.586378 0.604162 0.624611 0.648109 0.675134 0.706286 0.742327 0.784235 0.833285 0.891170 0.960184 0.997823 0.908462 0.835639 0.775354 0.724810 0.681995 0.645424 0.613980 0.586805 0.563234 0.542739 0.524904 0.509392 0.495931 0.484300 0.474318 0.465839 0.458744 0.452936 0.448340 0.444898 0.442566 0.441316 0.441132 0.442014 0.443970 0.447026 0.451218 0.456601 0.463242 0.471232 0.480681 0.491725 0.504532 0.519309 0.536309 0.555844 0.578301 0.604167 0.634053 0.668746 0.709261 0.756944 0.813602 0.881723 0.964831 1.000000 0.923386 0.859600 0.805872 0.760190 0.721052 0.687322 0.658122 0.632763 0.610703 0.591507 0.574823 0.560367 0.547908 0.537257 0.528261 0.520795 0.514760 0.510078 0.506690 0.504554 0.503644 0.503950 0.505474 0.508236 0.512269 0.517623 0.524367 0.532589 1944.000000 1.212860 0.596112
0.617448 0.626399 0.637171 0.639076 0.635092 0.632672 0.631786 0.632425 0.634595 0.638323 0.643655 0.650657 0.659420 0.670058 0.682717 0.697576 0.714856 0.727506 0.734523 0.743484 0.754508 0.767740 0.783366 0.801612 0.822758 0.847145 0.875196 0.907429 0.944489 0.987184 1.000000 0.962484 0.929840 0.901438 0.876770 0.855421 0.837056 0.821400 0.808231 0.797368 0.788667 0.782018 0.777337 0.774567 0.773674 0.774647 0.777498 0.755318 0.725149 0.698916 0.676087 0.656234 0.639008 0.624129 0.611366 0.600533 0.591476 0.584076 0.578233 0.573876 0.570948 0.569416 0.569259 0.570476 0.571622 0.569514 0.568786 0.569430 0.571454 0.574882 0.579757 0.586139 0.594111 0.603777 0.615269 0.628751 0.644425 0.662538 0.683391 0.707360 0.734906 0.766605 0.803185 0.845570 0.844956 0.841736 0.840558 0.841407 0.844294 0.849254 0.856348 0.865665 0.877323 0.891476 0.908318 0.928087 0.951078 0.977652 0.984627 0.935643 0.893352 0.856694 0.824834 0.797111 0.772992 0.752048 0.733931 0.718356 0.705091 0.693950 0.684778 0.677457 0.671892 0.668015 0.655339 0.641797 0.630292 0.620662 0.612774 0.606528 0.601843 0.598661 0.596943 0.596669 0.597834 0.600453 0.604557 0.610199 1417.500000 1.384662 0.847037
0.951078 0.977652 0.984627 0.935643 0.893352 0.856694 0.824834 0.797111 0.772992 0.752048 0.733931 0.718356 0.705091 0.693950 0.684778 0.677457 0.671892 0.668015 0.655339 0.641797 0.630292 0.620662 0.612774 0.606528 0.601843 0.598661 0.596943 0.596669 0.597834 0.600453 0.604557 0.610199 0.617448 0.626399 0.637171 0.639076 0.635092 0.632672 0.631786 0.632425 0.634595 0.638323 0.643655 0.650657 0.659420 0.670058 0.682717 0.697576 0.714856 0.727506 0.734523 0.743484 0.754508 0.767740 0.783366 0.801612 0.822758 0.847145 0.875196 0.907429 0.944489 0.987184 1.000000 0.962484 0.929840 0.901438 0.876770 0.855421 0.837056 0.821400 0.808231 0.797368 0.788667 0.782018 0.777337 0.774567 0.773674 0.774647 0.777498 0.755318 0.725149 0.698916 0.676087 0.656234 0.639008 0.624129 0.611366 0.600533 0.591476 0.584076 0.578233 0.573876 0.570948 0.569416 0.569259 0.570476 0.571622 0.569514 0.568786 0.569430 0.571454 0.574882 0.579757 0.586139 0.594111 0.603777 0.615269 0.628751 0.644425 0.662538 0.683391 0.707360 0.734906 0.766605 0.803185 0.845570 0.844956 0.841736 0.840558 0.841407 0.844294 0.849254 0.856348 0.865665 0.877323 0.891476 0.908318 0.928087 1417.500000 1.384662 0.847037
0.571622 0.569514 0.568786 0.569430 0.571454 0.574882 0.579757 0.586139 0.594111 0.603777 0.615269 0.628751 0.644425 0.662538 0.683391 0.707360 0.734906 0.766605 0.803185 0.845570 0.844956 0.841736 0.840558 0.841407 0.844294 0.849254 0.856348 0.865665 0.877323 0.891476 0.908318 0.928087 0.951078 0.977652 0.984627 0.935643 0.893352 0.856694 0.824834 0.797111 0.772992 0.752048 0.733931 0.718356 0.705091 0.693950 0.684778 0.677457 0.671892 0.668015 0.655339 0.641797 0.630292 0.620662 0.612774 0.606528 0.601843 0.598661 0.596943 0.596669 0.597834 0.600453 0.604557 0.610199 0.617448 0.626399 0.637171 0.639076 0.635092 0.632672 0.631786 0.632425 0.634595 0.638323 0.643655 0.650657 0.659420 0.670058 0.682717 0.697576 0.714856 0.727506 0.734523 0.743484 0.754508 0.767740 0.783366 0.801612 0.822758 0.847145 0.875196 0.907429 0.944489 0.987184 1.000000 0.962484 0.929840 0.901438 0.876770 0.855421 0.837056 0.821400 0.808231 0.797368 0.788667 0.782018 0.777337 0.774567 0.773674 0.774647 0.777498 0.755318 0.725149 0.698916 0.676087 0.656234 0.639008 0.624129 0.611366 0.600533 0.591476 0.584076 0.578233 0.573876 0.570948 0.569416 0.569259 0.570476 1417.500000 1.384662 0.847037
0.929840 0.901438 0.876770 0.855421 0.837056 0.821400 0.808231 0.797368 0.788667 0.782018 0.777337 0.774567 0.773674 0.774647 0.777498 0.755318 0.725149 0.698916 0.676087 0.656234 0.639008 0.624129 0.611366 0.600533 0.591476 0.584076 0.578233 0.573876 0.570948 0.569416 0.569259 0.570476 0.571622 0.569514 0.568786 0.569430 0.571454 0.574882 0.579757 0.586139 0.594111 0.603777 0.615269 0.628751 0.644425 0.662538 0.683391 0.707360 0.734906 0.766605 0.803185 0.845570 0.844956 0.841736 0.840558 0.841407 0.844294 0.849254 0.856348 0.865665 0.877323 0.891476 0.908318 0.928087 0.951078 0.977652 0.984627 0.935643 0.893352 0.856694 0.824834 0.797111 0.772992 0.752048 0.733931 0.718356 0.705091 0.693950 0.684778 0.677457 0.671892 0.668015 0.655339 0.641797 0.630292 0.620662 0.612774 0.606528 0.601843 0.598661 0.596943 0.596669 0.597834 0.600453 0.604557 0.610199 0.617448 0.626399 0.637171 0.639076 0.635092 0.632672 0.631786 0.632425 0.634595 0.638323 0.643655 0.650657 0.659420 0.670058 0.682717 0.697576 0.714856 0.727506 0.734523 0.743484 0.754508 0.767740 0.783366 0.801612 0.822758 0.847145 0.875196 0.907429 0.944489 0.987184 1.000000 0.962484 1417.500000 1.384662 0.847037
0.974126 1.000000 0.909629 0.836085 0.775271 0.724332 0.681213 0.644405 0.612771 0.585442 0.561742 0.541139 0.523210 0.507615 0.494078 0.482376 0.472328 0.463784 0.456624 0.450751 0.446088 0.442576 0.440171 0.438844 0.438578 0.439370 0.441230 0.444180 0.448257 0.453513 0.460014 0.467848 0.477123 0.487972 0.500560 0.515089 0.531806 0.551016 0.573098 0.598526 0.627899 0.661980 0.701761 0.748547 0.804093 0.870809 0.841738 0.793068 0.751430 0.715584 0.684576 0.657663 0.634256 0.613885 0.596175 0.580817 0.567564 0.556212 0.546596 0.538583 0.532064 0.526956 0.523193 0.520729 0.519534 0.519593 0.520907 0.523493 0.527381 0.532620 0.539276 0.547436 0.557210 0.568735 0.582178 0.597747 0.615696 0.636336 0.660054 0.687328 0.718759 0.755109 0.797355 0.846769 0.879676 0.810856 0.753707 0.705672 0.664898 0.630014 0.599980 0.574000 0.551450 0.531838 0.514770 0.499930 0.487063 0.475959 0.466449 0.458394 0.451682 0.446224 0.441948 0.438800 0.436741 0.435746 0.435804 0.436914 0.439090 0.442359 0.446762 0.452354 0.459207 0.467415 0.477092 0.488380 0.501452 0.516522 0.533851 0.553764 0.576663 0.603053 0.633574 0.669046 0.710540 0.759471 0.817755 0.888047 1092.000000 1.245017 0.594044
0.487063 0.475959 0.466449 0.458394 0.451682 0.446224 0.441948 0.438800 0.436741 0.435746 0.435804 0.436914 0.439090 0.442359 0.446762 0.452354 0.459207 0.467415 0.477092 0.488380 0.501452 0.516522 0.533851 0.553764 0.576663 0.603053 0.633574 0.669046 0.710540 0.759471 0.817755 0.888047 0.974126 1.000000 0.909629 0.836085 0.775271 0.724332 0.681213 0.644405 0.612771 0.585442 0.561742 0.541139 0.523210 0.507615 0.494078 0.482376 0.472328 0.463784 0.456624 0.450751 0.446088 0.442576 0.440171 0.438844 0.438578 0.439370 0.441230 0.444180 0.448257 0.453513 0.460014 0.467848 0.477123 0.487972 0.500560 0.515089 0.531806 0.551016 0.573098 0.598526 0.627899 0.661980 0.701761 0.748547 0.804093 0.870809 0.841738 0.793068 0.751430 0.715584 0.684576 0.657663 0.634256 0.613885 0.596175 0.580817 0.567564 0.556212 0.546596 0.538583 0.532064 0.526956 0.523193 0.520729 0.519534 0.519593 0.520907 0.523493 0.527381 0.532620 0.539276 0.547436 0.557210 0.568735 0.582178 0.597747 0.615696 0.636336 0.660054 0.687328 0.718759 0.755109 0.797355 0.846769 0.879676 0.810856 0.753707 0.705672 0.664898 0.630014 0.599980 0.574000 0.551450 0.531838 0.514770 0.499930 1092.000000 1.245017 0.594044
0.519534 0.519593 0.520907 0.523493 0.527381 0.532620 0.539276 0.547436 0.557210 0.568735 0.582178 0.597747 0.615696 0.636336 0.660054 0.687328 0.718759 0.755109 0.797355 0.846769 0.879676 0.810856 0.753707 0.705672 0.664898 0.630014 0.599980 0.574000 0.551450 0.531838 0.514770 0.499930 0.487063 0.475959 0.466449 0.458394 0.451682 0.446224 0.441948 0.438800 0.436741 0.435746 0.435804 0.436914 0.439090 0.442359 0.446762 0.452354 0.459207 0.467415 0.477092 0.488380 0.501452 0.516522 0.533851 0.553764 0.576663 0.603053 0.633574 0.669046 0.710540 0.759471 0.817755 0.888047 0.974126 1.000000 0.909629 0.836085 0.775271 0.724332 0.681213 0.644405 0.612771 0.585442 0.561742 0.541139 0.523210 0.507615 0.494078 0.482376 0.472328 0.463784 0.456624 0.450751 0.446088 0.442576 0.440171 0.438844 0.438578 0.439370 0.441230 0.444180 0.448257 0.453513 0.460014 0.467848 0.477123 0.487972 0.500560 0.515089 0.531806 0.551016 0.573098 0.598526 0.627899 0.661980 0.701761 0.748547 0.804093 0.870809 0.841738 0.793068 0.751430 0.715584 0.684576 0.657663 0.634256 0.613885 0.596175 0.580817 0.567564 0.556212 0.546596 0.538583 0.532064 0.526956 0.523193 0.520729 1092.000000 1.245017 0.594044
0.477123 0.487972 0.500560 0.515089 0.531806 0.551016 0.573098 0.598526 0.627899 0.661980 0.701761 0.748547 0.804093 0.870809 0.841738 0.793068 0.751430 0.715584 0.684576 0.657663 0.634256 0.613885 0.596175 0.580817 0.567564 0.556212 0.546596 0.538583 0.532064 0.526956 0.523193 0.520729 0.519534 0.519593 0.520907 0.523493 0.527381 0.532620 0.539276 0.547436 0.557210 0.568735 0.582178 0.597747 0.615696 0.636336 0.660054 0.687328 0.718759 0.755109 0.797355 0.846769 0.879676 0.810856 0.753707 0.705672 0.664898 0.630014 0.599980 0.574000 0.551450 0.531838 0.514770 0.499930 0.487063 0.475959 0.466449 0.458394 0.451682 0.446224 0.441948 0.438800 0.436741 0.435746 0.435804 0.436914 0.439090 0.442359 0.446762 0.452354 0.459207 0.467415 0.477092 0.488380 0.501452 0.516522 0.533851 0.553764 0.576663 0.603053 0.633574 0.669046 0.710540 0.759471 0.817755 0.888047 0.974126 1.000000 0.909629 0.836085 0.775271 0.724332 0.681213 0.644405 0.612771 0.585442 0.561742 0.541139 0.523210 0.507615 0.494078 0.482376 0.472328 0.463784 0.456624 0.450751 0.446088 0.442576 0.440171 0.438844 0.438578 0.439370 0.441230 0.444180 0.448257 0.453513 0.460014 0.467848 1092.000000 1.245017 0.594044
0.956657 0.942378 0.930729 0.921557 0.914747 0.910213 0.907901 0.907781 0.909853 0.914142 0.920700 0.929609 0.940980 0.954962 0.971743 0.960086 0.930664 0.905108 0.882987 0.863954 0.847724 0.834064 0.822788 0.813747 0.806825 0.801936 0.799019 0.798038 0.798983 0.801863 0.806715 0.813599 0.822599 0.833832 0.847446 0.863626 0.882605 0.904664 0.930153 0.920524 0.900706 0.883808 0.869588 0.857853 0.848447 0.841249 0.836170 0.833148 0.832144 0.833148 0.836170 0.841249 0.848447 0.857853 0.869588 0.883808 0.900706 0.920524 0.940315 0.923779 0.909969 0.898699 0.889822 0.883226 0.878828 0.876575 0.876440 0.878421 0.882542 0.888853 0.897432 0.908388 0.921864 0.931346 0.916361 0.903995 0.894083 0.886498 0.881146 0.877961 0.876903 0.877961 0.881146 0.886498 0.894083 0.903995 0.916361 0.931346 0.949153 0.970037 0.994310 0.966261 0.934247 0.906399 0.882228 0.861333 0.843390 0.828134 0.815349 0.804863 0.796537 0.790266 0.785972 0.783601 0.783126 0.784541 0.787862 0.793130 0.800410 0.809794 0.807094 0.804176 0.803208 0.804176 0.807094 0.811996 0.818943 0.828022 0.839350 0.853075 0.869386 0.888514 0.910747 0.936435 0.966009 1.000000 0.993916 0.973756 914.500000 1.128493 0.911407
0.843390 0.828134 0.815349 0.804863 0.796537 0.790266 0.785972 0.783601 0.783126 0.784541 0.787862 0.793130 0.800410 0.809794 0.807094 0.804176 0.803208 0.804176 0.807094 0.811996 0.818943 0.828022 0.839350 0.853075 0.869386 0.888514 0.910747 0.936435 0.966009 1.000000 0.993916 0.973756 0.956657 0.942378 0.930729 0.921557 0.914747 0.910213 0.907901 0.907781 0.909853 0.914142 0.920700 0.929609 0.940980 0.954962 0.971743 0.960086 0.930664 0.905108 0.882987 0.863954 0.847724 0.834064 0.822788 0.813747 0.806825 0.801936 0.799019 0.798038 0.798983 0.801863 0.806715 0.813599 0.822599 0.833832 0.847446 0.863626 0.882605 0.904664 0.930153 0.920524 0.900706 0.883808 0.869588 0.857853 0.848447 0.841249 0.836170 0.833148 0.832144 0.833148 0.836170 0.841249 0.848447 0.857853 0.869588 0.883808 0.900706 0.920524 0.940315 0.923779 0.909969 0.898699 0.889822 0.883226 0.878828 0.876575 0.876440 0.878421 0.882542 0.888853 0.897432 0.908388 0.921864 0.931346 0.916361 0.903995 0.894083 0.886498 0.881146 0.877961 0.876903 0.877961 0.881146 0.886498 0.894083 0.903995 0.916361 0.931346 0.949153 0.970037 0.994310 0.966261 0.934247 0.906399 0.882228 0.861333 914.500000 1.128493 0.911407
0.878828 0.876575 0.876440 0.878421 0.882542 0.888853 0.897432 0.908388 0.921864 0.931346 0.916361 0.903995 0.894083 0.886498 0.881146 0.877961 0.876903 0.877961 0.881146 0.886498 0.894083 0.903995 0.916361 0.931346 0.949153 0.970037 0.994310 0.966261 0.934247 0.906399 0.882228 0.861333 0.843390 0.828134 0.815349 0.804863 0.796537 0.790266 0.785972 0.783601 0.783126 0.784541 0.787862 0.793130 0.800410 0.809794 0.807094 0.804176 0.803208 0.804176 0.807094 0.811996 0.818943 0.828022 0.839350 0.853075 0.869386 0.888514 0.910747 0.936435 0.966009 1.000000 0.993916 0.973756 0.956657 0.942378 0.930729 0.921557 0.914747 0.910213 0.907901 0.907781 0.909853 0.914142 0.920700 0.929609 0.940980 0.954962 0.971743 0.960086 0.930664 0.905108 0.882987 0.863954 0.847724 0.834064 0.822788 0.813747 0.806825 0.801936 0.799019 0.798038 0.798983 0.801863 0.806715 0.813599 0.822599 0.833832 0.847446 0.863626 0.882605 0.904664 0.930153 0.920524 0.900706 0.883808 0.869588 0.857853 0.848447 0.841249 0.836170 0.833148 0.832144 0.833148 0.836170 0.841249 0.848447 0.857853 0.869588 0.883808 0.900706 0.920524 0.940315 0.923779 0.909969 0.898699 0.889822 0.883226 914.500000 1.128493 0.911407
0.822599 0.833832 0.847446 0.863626 0.882605 0.904664 0.930153 0.920524 0.900706 0.883808 0.869588 0.857853 0.848447 0.841249 0.836170 0.833148 0.832144 0.833148 0.836170 0.841249 0.848447 0.857853 0.869588 0.883808 0.900706 0.920524 0.940315 0.923779 0.909969 0.898699 0.889822 0.883226 0.878828 0.876575 0.876440 0.878421 0.882542 0.888853 0.897432 0.908388 0.921864 0.931346 0.916361 0.903995 0.894083 0.886498 0.881146 0.877961 0.876903 0.877961 0.881146 0.886498 0.894083 0.903995 0.916361 0.931346 0.949153 0.970037 0.994310 0.966261 0.934247 0.906399 0.882228 0.861333 0.843390 0.828134 0.815349 0.804863 0.796537 0.790266 0.785972 0.783601 0.783126 0.784541 0.787862 0.793130 0.800410 0.809794 0.807094 0.804176 0.803208 0.804176 0.807094 0.811996 0.818943 0.828022 0.839350 0.853075 0.869386 0.888514 0.910747 0.936435 0.966009 1.000000 0.993916 0.973756 0.956657 0.942378 0.930729 0.921557 0.914747 0.910213 0.907901 0.907781 0.909853 0.914142 0.920700 0.929609 0.940980 0.954962 0.971743 0.960086 0.930664 0.905108 0.882987 0.863954 0.847724 0.834064 0.822788 0.813747 0.806825 0.801936 0.799019 0.798038 0.798983 0.801863 0.806715 0.813599 914.500000 1.128493 0.911407
0.863179 0.896242 0.934278 0.978147 0.962221 0.945348 0.931261 0.919771 0.910729 0.904020 0.899559 0.897294 0.897196 0.899264 0.903524 0.910026 0.912146 0.875951 0.844476 0.817084 0.793265 0.772603 0.754763 0.739469 0.726498 0.715669 0.706835 0.699883 0.694723 0.691292 0.689548 0.689469 0.681796 0.669463 0.659127 0.650650 0.643920 0.638850 0.635379 0.633463 0.633079 0.634222 0.636907 0.641165 0.647051 0.654637 0.664021 0.674992 0.687817 0.702864 0.720359 0.740577 0.763856 0.790612 0.821361 0.856746 0.897577 0.944885 1.000000 0.990803 0.960754 0.934660 0.912086 0.892675 0.876141 0.862247 0.850805 0.841663 0.834705 0.829845 0.827021 0.826200 0.827372 0.830551 0.835776 0.843111 0.852648 0.839562 0.817866 0.799139 0.783095 0.769499 0.758164 0.748935 0.741693 0.736347 0.732831 0.731101 0.731136 0.732937 0.736526 0.741946 0.749265 0.758576 0.769999 0.783688 0.799835 0.818674 0.840496 0.844190 0.815496 0.790530 0.768844 0.750075 0.733927 0.720157 0.708571 0.699008 0.691344 0.685479 0.681341 0.678878 0.678060 0.678878 0.681341 0.685479 0.691344 0.699008 0.704777 0.710472 0.718003 0.727467 0.738988 0.752722 0.768863 0.787652 0.809380 0.834408 948.000000 1.218698 0.859530
0.799835 0.818674 0.840496 0.844190 0.815496 0.790530 0.768844 0.750075 0.733927 0.720157 0.708571 0.699008 0.691344 0.685479 0.681341 0.678878 0.678060 0.678878 0.681341 0.685479 0.691344 0.699008 0.704777 0.710472 0.718003 0.727467 0.738988 0.752722 0.768863 0.787652 0.809380 0.834408 0.863179 0.896242 0.934278 0.978147 0.962221 0.945348 0.931261 0.919771 0.910729 0.904020 0.899559 0.897294 0.897196 0.899264 0.903524 0.910026 0.912146 0.875951 0.844476 0.817084 0.793265 0.772603 0.754763 0.739469 0.726498 0.715669 0.706835 0.699883 0.694723 0.691292 0.689548 0.689469 0.681796 0.669463 0.659127 0.650650 0.643920 0.638850 0.635379 0.633463 0.633079 0.634222 0.636907 0.641165 0.647051 0.654637 0.664021 0.674992 0.687817 0.702864 0.720359 0.740577 0.763856 0.790612 0.821361 0.856746 0.897577 0.944885 1.000000 0.990803 0.960754 0.934660 0.912086 0.892675 0.876141 0.862247 0.850805 0.841663 0.834705 0.829845 0.827021 0.826200 0.827372 0.830551 0.835776 0.843111 0.852648 0.839562 0.817866 0.799139 0.783095 0.769499 0.758164 0.748935 0.741693 0.736347 0.732831 0.731101 0.731136 0.732937 0.736526 0.741946 0.749265 0.758576 0.769999 0.783688 948.000000 1.218698 0.859530
0.876141 0.862247 0.850805 0.841663 0.834705 0.829845 0.827021 0.826200 0.827372 0.830551 0.835776 0.843111 0.852648 0.839562 0.817866 0.799139 0.783095 0.769499 0.758164 0.748935 0.741693 0.736347 0.732831 0.731101 0.731136 0.732937 0.736526 0.741946 0.749265 0.758576 0.769999 0.783688 0.799835 0.818674 0.840496 0.844190 0.815496 0.790530 0.768844 0.750075 0.733927 0.720157 0.708571 0.699008 0.691344 0.685479 0.681341 0.678878 0.678060 0.678878 0.681341 0.685479 0.691344 0.699008 0.704777 0.710472 0.718003 0.727467 0.738988 0.752722 0.768863 0.787652 0.809380 0.834408 0.863179 0.896242 0.934278 0.978147 0.962221 0.945348 0.931261 0.919771 0.910729 0.904020 0.899559 0.897294 0.897196 0.899264 0.903524 0.910026 0.912146 0.875951 0.844476 0.817084 0.793265 0.772603 0.754763 0.739469 0.726498 0.715669 0.706835 0.699883 0.694723 0.691292 0.689548 0.689469 0.681796 0.669463 0.659127 0.650650 0.643920 0.638850 0.635379 0.633463 0.633079 0.634222 0.636907 0.641165 0.647051 0.654637 0.664021 0.674992 0.687817 0.702864 0.720359 0.740577 0.763856 0.790612 0.821361 0.856746 0.897577 0.944885 1.000000 0.990803 0.960754 0.934660 0.912086 0.892675 948.000000 1.218698 0.859530
0.681796 0.669463 0.659127 0.650650 0.643920 0.638850 0.635379 0.633463 0.633079 0.634222 0.636907 0.641165 0.647051 0.654637 0.664021 0.674992 0.687817 0.702864 0.720359 0.740577 0.763856 0.790612 0.821361 0.856746 0.897577 0.944885 1.000000 0.990803 0.960754 0.934660 0.912086 0.892675 0.876141 0.862247 0.850805 0.841663 0.834705 0.829845 0.827021 0.826200 0.827372 0.830551 0.835776 0.843111 0.852648 0.839562 0.817866 0.799139 0.783095 0.769499 0.758164 0.748935 0.741693 0.736347 0.732831 0.731101 0.731136 0.732937 0.736526 0.741946 0.749265 0.758576 0.769999 0.783688 0.799835 0.818674 0.840496 0.844190 0.815496 0.790530 0.768844 0.750075 0.733927 0.720157 0.708571 0.699008 0.691344 0.685479 0.681341 0.678878 0.678060 0.678878 0.681341 0.685479 0.691344 0.699008 0.704777 0.710472 0.718003 0.727467 0.738988 0.752722 0.768863 0.787652 0.809380 0.834408 0.863179 0.896242 0.934278 0.978147 0.962221 0.945348 0.931261 0.919771 0.910729 0.904020 0.899559 0.897294 0.897196 0.899264 0.903524 0.910026 0.912146 0.875951 0.844476 0.817084 0.793265 0.772603 0.754763 0.739469 0.726498 0.715669 0.706835 0.699883 0.694723 0.691292 0.689548 0.689469 948.000000 1.218698 0.859530
0.853552 0.828052 0.805916 0.786778 0.770342 0.756362 0.744644 0.735026 0.727384 0.721619 0.717661 0.715459 0.714989 0.716244 0.719238 0.724010 0.730616 0.739142 0.747638 0.728497 0.711984 0.697847 0.685880 0.675918 0.667827 0.661502 0.656863 0.653853 0.652435 0.652592 0.654326 0.657658 0.662628 0.669299 0.677754 0.688106 0.700491 0.715085 0.732102 0.751803 0.774512 0.800623 0.830628 0.865135 0.889333 0.864828 0.843614 0.825358 0.809784 0.796671 0.785839 0.777145 0.770476 0.765750 0.762909 0.761917 0.762763 0.765457 0.770032 0.776544 0.776338 0.756995 0.740332 0.726099 0.714091 0.704142 0.696120 0.689923 0.685471 0.682711 0.681609 0.682151 0.684343 0.688214 0.693809 0.701199 0.708862 0.710780 0.714435 0.719871 0.727155 0.736380 0.747667 0.761167 0.777070 0.795610 0.817072 0.841809 0.870252 0.902936 0.940525 0.956056 0.894504 0.842305 0.797678 0.759278 0.726075 0.697264 0.672209 0.650405 0.631445 0.614998 0.600797 0.588623 0.578298 0.569678 0.562646 0.564710 0.570374 0.577558 0.586356 0.596886 0.609296 0.623768 0.640524 0.659839 0.682050 0.707571 0.736922 0.770749 0.809877 0.855361 0.908576 0.971348 1.000000 0.955309 0.916556 0.882868 1459.000000 1.088377 0.786886
0.726075 0.697264 0.672209 0.650405 0.631445 0.614998 0.600797 0.588623 0.578298 0.569678 0.562646 0.564710 0.570374 0.577558 0.586356 0.596886 0.609296 0.623768 0.640524 0.659839 0.682050 0.707571 0.736922 0.770749 0.809877 0.855361 0.908576 0.971348 1.000000 0.955309 0.916556 0.882868 0.853552 0.828052 0.805916 0.786778 0.770342 0.756362 0.744644 0.735026 0.727384 0.721619 0.717661 0.715459 0.714989 0.716244 0.719238 0.724010 0.730616 0.739142 0.747638 0.728497 0.711984 0.697847 0.685880 0.675918 0.667827 0.661502 0.656863 0.653853 0.652435 0.652592 0.654326 0.657658 0.662628 0.669299 0.677754 0.688106 0.700491 0.715085 0.732102 0.751803 0.774512 0.800623 0.830628 0.865135 0.889333 0.864828 0.843614 0.825358 0.809784 0.796671 0.785839 0.777145 0.770476 0.765750 0.762909 0.761917 0.762763 0.765457 0.770032 0.776544 0.776338 0.756995 0.740332 0.726099 0.714091 0.704142 0.696120 0.689923 0.685471 0.682711 0.681609 0.682151 0.684343 0.688214 0.693809 0.701199 0.708862 0.710780 0.714435 0.719871 0.727155 0.736380 0.747667 0.761167 0.777070 0.795610 0.817072 0.841809 0.870252 0.902936 0.940525 0.956056 0.894504 0.842305 0.797678 0.759278 1459.000000 1.088377 0.786886
0.714091 0.704142 0.696120 0.689923 0.685471 0.682711 0.681609 0.682151 0.684343 0.688214 0.693809 0.701199 0.708862 0.710780 0.714435 0.719871 0.727155 0.736380 0.747667 0.761167 0.777070 0.795610 0.817072 0.841809 0.870252 0.902936 0.940525 0.956056 0.894504 0.842305 0.797678 0.759278 0.726075 0.697264 0.672209 0.650405 0.631445 0.614998 0.600797 0.588623 0.578298 0.569678 0.562646 0.564710 0.570374 0.577558 0.586356 0.596886 0.609296 0.623768 0.640524 0.659839 0.682050 0.707571 0.736922 0.770749 0.809877 0.855361 0.908576 0.971348 1.000000 0.955309 0.916556 0.882868 0.853552 0.828052 0.805916 0.786778 0.770342 0.756362 0.744644 0.735026 0.727384 0.721619 0.717661 0.715459 0.714989 0.716244 0.719238 0.724010 0.730616 0.739142 0.747638 0.728497 0.711984 0.697847 0.685880 0.675918 0.667827 0.661502 0.656863 0.653853 0.652435 0.652592 0.654326 0.657658 0.662628 0.669299 0.677754 0.688106 0.700491 0.715085 0.732102 0.751803 0.774512 0.800623 0.830628 0.865135 0.889333 0.864828 0.843614 0.825358 0.809784 0.796671 0.785839 0.777145 0.770476 0.765750 0.762909 0.761917 0.762763 0.765457 0.770032 0.776544 0.776338 0.756995 0.740332 0.726099 1459.000000 1.088377 0.786886
0.662628 0.669299 0.677754 0.688106 0.700491 0.715085 0.732102 0.751803 0.774512 0.800623 0.830628 0.865135 0.889333 0.864828 0.843614 0.825358 0.809784 0.796671 0.785839 0.777145 0.770476 0.765750 0.762909 0.761917 0.762763 0.765457 0.770032 0.776544 0.776338 0.756995 0.740332 0.726099 0.714091 0.704142 0.696120 0.689923 0.685471 0.682711 0.681609 0.682151 0.684343 0.688214 0.693809 0.701199 0.708862 0.710780 0.714435 0.719871 0.727155 0.736380 0.747667 0.761167 0.777070 0.795610 0.817072 0.841809 0.870252 0.902936 0.940525 0.956056 0.894504 0.842305 0.797678 0.759278 0.726075 0.697264 0.672209 0.650405 0.631445 0.614998 0.600797 0.588623 0.578298 0.569678 0.562646 0.564710 0.570374 0.577558 0.586356 0.596886 0.609296 0.623768 0.640524 0.659839 0.682050 0.707571 0.736922 0.770749 0.809877 0.855361 0.908576 0.971348 1.000000 0.955309 0.916556 0.882868 0.853552 0.828052 0.805916 0.786778 0.770342 0.756362 0.744644 0.735026 0.727384 0.721619 0.717661 0.715459 0.714989 0.716244 0.719238 0.724010 0.730616 0.739142 0.747638 0.728497 0.711984 0.697847 0.685880 0.675918 0.667827 0.661502 0.656863 0.653853 0.652435 0.652592 0.654326 0.657658 1459.000000 1.088377 0.786886
0.837014 0.813597 0.793315 0.775842 0.760916 0.748323 0.737888 0.729474 0.722971 0.718298 0.715398 0.714235 0.714795 0.717084 0.721131 0.726986 0.734720 0.744434 0.756254 0.770342 0.786896 0.806162 0.828440 0.840914 0.825509 0.812580 0.801952 0.793485 0.787071 0.782631 0.780109 0.779476 0.780722 0.783864 0.788940 0.796012 0.805170 0.816530 0.830244 0.846501 0.865534 0.887631 0.913142 0.942501 0.976241 1.000000 0.962943 0.930696 0.902643 0.878286 0.857219 0.839114 0.823701 0.810762 0.800121 0.791638 0.785204 0.780741 0.778191 0.777526 0.778736 0.781836 0.786864 0.793882 0.802979 0.814270 0.797369 0.782450 0.769899 0.759546 0.751253 0.744915 0.740451 0.737808 0.736952 0.737874 0.740585 0.745117 0.751527 0.759895 0.770327 0.782963 0.797975 0.815576 0.836031 0.859663 0.886868 0.918136 0.937236 0.908939 0.884369 0.863116 0.844849 0.829296 0.816235 0.805490 0.796919 0.790413 0.785890 0.783295 0.782596 0.783784 0.786875 0.791906 0.798938 0.807988 0.800080 0.794219 0.790335 0.788378 0.788325 0.790175 0.793952 0.799700 0.807492 0.817426 0.829631 0.844271 0.861549 0.881718 0.905087 0.932034 0.963027 0.998640 0.971505 0.930524 0.894929 0.863961 2739.000000 1.150437 0.869630
0.796919 0.790413 0.785890 0.783295 0.782596 0.783784 0.786875 0.791906 0.798938 0.807988 0.800080 0.794219 0.790335 0.788378 0.788325 0.790175 0.793952 0.799700 0.807492 0.817426 0.829631 0.844271 0.861549 0.881718 0.905087 0.932034 0.963027 0.998640 0.971505 0.930524 0.894929 0.863961 0.837014 0.813597 0.793315 0.775842 0.760916 0.748323 0.737888 0.729474 0.722971 0.718298 0.715398 0.714235 0.714795 0.717084 0.721131 0.726986 0.734720 0.744434 0.756254 0.770342 0.786896 0.806162 0.828440 0.840914 0.825509 0.812580 0.801952 0.793485 0.787071 0.782631 0.780109 0.779476 0.780722 0.783864 0.788940 0.796012 0.805170 0.816530 0.830244 0.846501 0.865534 0.887631 0.913142 0.942501 0.976241 1.000000 0.962943 0.930696 0.902643 0.878286 0.857219 0.839114 0.823701 0.810762 0.800121 0.791638 0.785204 0.780741 0.778191 0.777526 0.778736 0.781836 0.786864 0.793882 0.802979 0.814270 0.797369 0.782450 0.769899 0.759546 0.751253 0.744915 0.740451 0.737808 0.736952 0.737874 0.740585 0.745117 0.751527 0.759895 0.770327 0.782963 0.797975 0.815576 0.836031 0.859663 0.886868 0.918136 0.937236 0.908939 0.884369 0.863116 0.844849 0.829296 0.816235 0.805490 2739.000000 1.150437 0.869630
0.802979 0.814270 0.797369 0.782450 0.769899 0.759546 0.751253 0.744915 0.740451 0.737808 0.736952 0.737874 0.740585 0.745117 0.751527 0.759895 0.770327 0.782963 0.797975 0.815576 0.836031 0.859663 0.886868 0.918136 0.937236 0.908939 0.884369 0.863116 0.844849 0.829296 0.816235 0.805490 0.796919 0.790413 0.785890 0.783295 0.782596 0.783784 0.786875 0.791906 0.798938 0.807988 0.800080 0.794219 0.790335 0.788378 0.788325 0.790175 0.793952 0.799700 0.807492 0.817426 0.829631 0.844271 0.861549 0.881718 0.905087 0.932034 0.963027 0.998640 0.971505 0.930524 0.894929 0.863961 0.837014 0.813597 0.793315 0.775842 0.760916 0.748323 0.737888 0.729474 0.722971 0.718298 0.715398 0.714235 0.714795 0.717084 0.721131 0.726986 0.734720 0.744434 0.756254 0.770342 0.786896 0.806162 0.828440 0.840914 0.825509 0.812580 0.801952 0.793485 0.787071 0.782631 0.780109 0.779476 0.780722 0.783864 0.788940 0.796012 0.805170 0.816530 0.830244 0.846501 0.865534 0.887631 0.913142 0.942501 0.976241 1.000000 0.962943 0.930696 0.902643 0.878286 0.857219 0.839114 0.823701 0.810762 0.800121 0.791638 0.785204 0.780741 0.778191 0.777526 0.778736 0.781836 0.786864 0.793882 2739.000000 1.150437 0.869630
0.780722 0.783864 0.788940 0.796012 0.805170 0.816530 0.830244 0.846501 0.865534 0.887631 0.913142 0.942501 0.976241 1.000000 0.962943 0.930696 0.902643 0.878286 0.857219 0.839114 0.823701 0.810762 0.800121 0.791638 0.785204 0.780741 0.778191 0.777526 0.778736 0.781836 0.786864 0.793882 0.802979 0.814270 0.797369 0.782450 0.769899 0.759546 0.751253 0.744915 0.740451 0.737808 0.736952 0.737874 0.740585 0.745117 0.751527 0.759895 0.770327 0.782963 0.797975 0.815576 0.836031 0.859663 0.886868 0.918136 0.937236 0.908939 0.884369 0.863116 0.844849 0.829296 0.816235 0.805490 0.796919 0.790413 0.785890 0.783295 0.782596 0.783784 0.786875 0.791906 0.798938 0.807988 0.800080 0.794219 0.790335 0.788378 0.788325 0.790175 0.793952 0.799700 0.807492 0.817426 0.829631 0.844271 0.861549 0.881718 0.905087 0.932034 0.963027 0.998640 0.971505 0.930524 0.894929 0.863961 0.837014 0.813597 0.793315 0.775842 0.760916 0.748323 0.737888 0.729474 0.722971 0.718298 0.715398 0.714235 0.714795 0.717084 0.721131 0.726986 0.734720 0.744434 0.756254 0.770342 0.786896 0.806162 0.828440 0.840914 0.825509 0.812580 0.801952 0.793485 0.787071 0.782631 0.780109 0.779476 2739.000000 1.150437 0.869630
0.696257 0.695957 0.697337 0.700413 0.705222 0.711824 0.720304 0.730769 0.743360 0.758251 0.775658 0.795845 0.819137 0.845933 0.876725 0.912124 0.952893 1.000000 0.972327 0.943364 0.918223 0.896492 0.877832 0.861966 0.848672 0.837770 0.829116 0.822601 0.818143 0.815687 0.815204 0.816688 0.820157 0.825653 0.833244 0.843026 0.849004 0.825141 0.804468 0.786654 0.771430 0.758577 0.747918 0.739310 0.732643 0.727833 0.724821 0.723569 0.724063 0.726309 0.730333 0.736186 0.743940 0.753694 0.765576 0.779747 0.796408 0.815804 0.838239 0.864083 0.893793 0.927934 0.967209 0.977395 0.940248 0.907930 0.879808 0.855374 0.834217 0.815999 0.800447 0.787338 0.776492 0.767766 0.761046 0.756249 0.753315 0.752210 0.752918 0.755450 0.759835 0.766129 0.774408 0.784780 0.797380 0.812380 0.829994 0.850482 0.858913 0.841296 0.826338 0.813829 0.803601 0.795519 0.789480 0.785411 0.783261 0.783003 0.784635 0.788177 0.793672 0.801188 0.810819 0.822690 0.836961 0.853829 0.873539 0.896390 0.922752 0.953077 0.987923 0.961845 0.922481 0.888268 0.858496 0.832595 0.810107 0.790655 0.773937 0.759703 0.747753 0.737923 0.730083 0.723811 0.714636 0.707373 0.701931 0.698240 2188.000000 1.019911 0.847674
0.783261 0.783003 0.784635 0.788177 0.793672 0.801188 0.810819 0.822690 0.836961 0.853829 0.873539 0.896390 0.922752 0.953077 0.987923 0.961845 0.922481 0.888268 0.858496 0.832595 0.810107 0.790655 0.773937 0.759703 0.747753 0.737923 0.730083 0.723811 0.714636 0.707373 0.701931 0.698240 0.696257 0.695957 0.697337 0.700413 0.705222 0.711824 0.720304 0.730769 0.743360 0.758251 0.775658 0.795845 0.819137 0.845933 0.876725 0.912124 0.952893 1.000000 0.972327 0.943364 0.918223 0.896492 0.877832 0.861966 0.848672 0.837770 0.829116 0.822601 0.818143 0.815687 0.815204 0.816688 0.820157 0.825653 0.833244 0.843026 0.849004 0.825141 0.804468 0.786654 0.771430 0.758577 0.747918 0.739310 0.732643 0.727833 0.724821 0.723569 0.724063 0.726309 0.730333 0.736186 0.743940 0.753694 0.765576 0.779747 0.796408 0.815804 0.838239 0.864083 0.893793 0.927934 0.967209 0.977395 0.940248 0.907930 0.879808 0.855374 0.834217 0.815999 0.800447 0.787338 0.776492 0.767766 0.761046 0.756249 0.753315 0.752210 0.752918 0.755450 0.759835 0.766129 0.774408 0.784780 0.797380 0.812380 0.829994 0.850482 0.858913 0.841296 0.826338 0.813829 0.803601 0.795519 0.789480 0.785411 2188.000000 1.019911 0.847674
0.940248 0.907930 0.879808 0.855374 0.834217 0.815999 0.800447 0.787338 0.776492 0.767766 0.761046 0.756249 0.753315 0.752210 0.752918 0.755450 0.759835 0.766129 0.774408 0.784780 0.797380 0.812380 0.829994 0.850482 0.858913 0.841296 0.826338 0.813829 0.803601 0.795519 0.789480 0.785411 0.783261 0.783003 0.784635 0.788177 0.793672 0.801188 0.810819 0.822690 0.836961 0.853829 0.873539 0.896390 0.922752 0.953077 0.987923 0.961845 0.922481 0.888268 0.858496 0.832595 0.810107 0.790655 0.773937 0.759703 0.747753 0.737923 0.730083 0.723811 0.714636 0.707373 0.701931 0.698240 0.696257 0.695957 0.697337 0.700413 0.705222 0.711824 0.720304 0.730769 0.743360 0.758251 0.775658 0.795845 0.819137 0.845933 0.876725 0.912124 0.952893 1.000000 0.972327 0.943364 0.918223 0.896492 0.877832 0.861966 0.848672 0.837770 0.829116 0.822601 0.818143 0.815687 0.815204 0.816688 0.820157 0.825653 0.833244 0.843026 0.849004 0.825141 0.804468 0.786654 0.771430 0.758577 0.747918 0.739310 0.732643 0.727833 0.724821 0.723569 0.724063 0.726309 0.730333 0.736186 0.743940 0.753694 0.765576 0.779747 0.796408 0.815804 0.838239 0.864083 0.893793 0.927934 0.967209 0.977395 2188.000000 1.019911 0.847674
0.820157 0.825653 0.833244 0.843026 0.849004 0.825141 0.804468 0.786654 0.771430 0.758577 0.747918 0.739310 0.732643 0.727833 0.724821 0.723569 0.724063 0.726309 0.730333 0.736186 0.743940 0.753694 0.765576 0.779747 0.796408 0.815804 0.838239 0.864083 0.893793 0.927934 0.967209 0.977395 0.940248 0.907930 0.879808 0.855374 0.834217 0.815999 0.800447 0.787338 0.776492 0.767766 0.761046 0.756249 0.753315 0.752210 0.752918 0.755450 0.759835 0.766129 0.774408 0.784780 0.797380 0.812380 0.829994 0.850482 0.858913 0.841296 0.826338 0.813829 0.803601 0.795519 0.789480 0.785411 0.783261 0.783003 0.784635 0.788177 0.793672 0.801188 0.810819 0.822690 0.836961 0.853829 0.873539 0.896390 0.922752 0.953077 0.987923 0.961845 0.922481 0.888268 0.858496 0.832595 0.810107 0.790655 0.773937 0.759703 0.747753 0.737923 0.730083 0.723811 0.714636 0.707373 0.701931 0.698240 0.696257 0.695957 0.697337 0.700413 0.705222 0.711824 0.720304 0.730769 0.743360 0.758251 0.775658 0.795845 0.819137 0.845933 0.876725 0.912124 0.952893 1.000000 0.972327 0.943364 0.918223 0.896492 0.877832 0.861966 0.848672 0.837770 0.829116 0.822601 0.818143 0.815687 0.815204 0.816688 2188.000000 1.019911 0.847674
0.943842 0.969940 1.000000 0.968586 0.931697 0.899602 0.871675 0.847410 0.826396 0.808299 0.792847 0.779818 0.769033 0.760349 0.753654 0.748864 0.745921 0.744788 0.745451 0.747919 0.752222 0.758412 0.764196 0.759778 0.757224 0.756504 0.757608 0.760550 0.765367 0.772117 0.780885 0.791783 0.804957 0.820587 0.838897 0.860162 0.884721 0.912987 0.945471 0.982807 0.989453 0.949133 0.914087 0.883589 0.857058 0.834025 0.814108 0.796995 0.782432 0.770215 0.760176 0.752185 0.746138 0.741961 0.739603 0.739034 0.740248 0.743259 0.748105 0.754845 0.763564 0.774373 0.787418 0.802876 0.820971 0.841976 0.866225 0.862853 0.853585 0.846531 0.841604 0.838743 0.837913 0.839104 0.842331 0.847632 0.855074 0.864749 0.876782 0.891332 0.908599 0.928830 0.952329 0.979469 0.991379 0.946476 0.907555 0.873731 0.844299 0.818693 0.796456 0.777218 0.760677 0.746587 0.734747 0.724996 0.717206 0.711276 0.707133 0.704727 0.704026 0.705024 0.707733 0.712184 0.718434 0.726560 0.736667 0.748889 0.763393 0.780387 0.800127 0.822925 0.849166 0.863755 0.853915 0.846313 0.840853 0.837467 0.836115 0.836779 0.839469 0.844216 0.851080 0.860145 0.871527 0.885376 0.901881 0.921273 1916.500000 1.102015 0.858467
0.717206 0.711276 0.707133 0.704727 0.704026 0.705024 0.707733 0.712184 0.718434 0.726560 0.736667 0.748889 0.763393 0.780387 0.800127 0.822925 0.849166 0.863755 0.853915 0.846313 0.840853 0.837467 0.836115 0.836779 0.839469 0.844216 0.851080 0.860145 0.871527 0.885376 0.901881 0.921273 0.943842 0.969940 1.000000 0.968586 0.931697 0.899602 0.871675 0.847410 0.826396 0.808299 0.792847 0.779818 0.769033 0.760349 0.753654 0.748864 0.745921 0.744788 0.745451 0.747919 0.752222 0.758412 0.764196 0.759778 0.757224 0.756504 0.757608 0.760550 0.765367 0.772117 0.780885 0.791783 0.804957 0.820587 0.838897 0.860162 0.884721 0.912987 0.945471 0.982807 0.989453 0.949133 0.914087 0.883589 0.857058 0.834025 0.814108 0.796995 0.782432 0.770215 0.760176 0.752185 0.746138 0.741961 0.739603 0.739034 0.740248 0.743259 0.748105 0.754845 0.763564 0.774373 0.787418 0.802876 0.820971 0.841976 0.866225 0.862853 0.853585 0.846531 0.841604 0.838743 0.837913 0.839104 0.842331 0.847632 0.855074 0.864749 0.876782 0.891332 0.908599 0.928830 0.952329 0.979469 0.991379 0.946476 0.907555 0.873731 0.844299 0.818693 0.796456 0.777218 0.760677 0.746587 0.734747 0.724996 1916.500000 1.102015 0.858467
0.820971 0.841976 0.866225 0.862853 0.853585 0.846531 0.841604 0.838743 0.837913 0.839104 0.842331 0.847632 0.855074 0.864749 0.876782 0.891332 0.908599 0.928830 0.952329 0.979469 0.991379 0.946476 0.907555 0.873731 0.844299 0.818693 0.796456 0.777218 0.760677 0.746587 0.734747 0.724996 0.717206 0.711276 0.707133 0.704727 0.704026 0.705024 0.707733 0.712184 0.718434 0.726560 0.736667 0.748889 0.763393 0.780387 0.800127 0.822925 0.849166 0.863755 0.853915 0.846313 0.840853 0.837467 0.836115 0.836779 0.839469 0.844216 0.851080 0.860145 0.871527 0.885376 0.901881 0.921273 0.943842 0.969940 1.000000 0.968586 0.931697 0.899602 0.871675 0.847410 0.826396 0.808299 0.792847 0.779818 0.769033 0.760349 0.753654 0.748864 0.745921 0.744788 0.745451 0.747919 0.752222 0.758412 0.764196 0.759778 0.757224 0.756504 0.757608 0.760550 0.765367 0.772117 0.780885 0.791783 0.804957 0.820587 0.838897 0.860162 0.884721 0.912987 0.945471 0.982807 0.989453 0.949133 0.914087 0.883589 0.857058 0.834025 0.814108 0.796995 0.782432 0.770215 0.760176 0.752185 0.746138 0.741961 0.739603 0.739034 0.740248 0.743259 0.748105 0.754845 0.763564 0.774373 0.787418 0.802876 1916.500000 1.102015 0.858467
0.804957 0.820587 0.838897 0.860162 0.884721 0.912987 0.945471 0.982807 0.989453 0.949133 0.914087 0.883589 0.857058 0.834025 0.814108 0.796995 0.782432 0.770215 0.760176 0.752185 0.746138 0.741961 0.739603 0.739034 0.740248 0.743259 0.748105 0.754845 0.763564 0.774373 0.787418 0.802876 0.820971 0.841976 0.866225 0.862853 0.853585 0.846531 0.841604 0.838743 0.837913 0.839104 0.842331 0.847632 0.855074 0.864749 0.876782 0.891332 0.908599 0.928830 0.952329 0.979469 0.991379 0.946476 0.907555 0.873731 0.844299 0.818693 0.796456 0.777218 0.760677 0.746587 0.734747 0.724996 0.717206 0.711276 0.707133 0.704727 0.704026 0.705024 0.707733 0.712184 0.718434 0.726560 0.736667 0.748889 0.763393 0.780387 0.800127 0.822925 0.849166 0.863755 0.853915 0.846313 0.840853 0.837467 0.836115 0.836779 0.839469 0.844216 0.851080 0.860145 0.871527 0.885376 0.901881 0.921273 0.943842 0.969940 1.000000 0.968586 0.931697 0.899602 0.871675 0.847410 0.826396 0.808299 0.792847 0.779818 0.769033 0.760349 0.753654 0.748864 0.745921 0.744788 0.745451 0.747919 0.752222 0.758412 0.764196 0.759778 0.757224 0.756504 0.757608 0.760550 0.765367 0.772117 0.780885 0.791783 1916.500000 1.102015 0.858467
0.907366 0.848050 0.797818 0.754921 0.718043 0.686176 0.658536 0.634507 0.613595 0.595406 0.579621 0.565980 0.554270 0.544320 0.535989 0.529165 0.523759 0.519701 0.516942 0.515446 0.515197 0.516191 0.518441 0.521973 0.526831 0.533077 0.540792 0.550077 0.561062 0.573906 0.588803 0.605993 0.625770 0.648496 0.674621 0.704709 0.739471 0.779816 0.826924 0.882352 0.948194 0.970632 0.890272 0.824035 0.768695 0.721950 0.682113 0.647922 0.618414 0.592843 0.570622 0.551287 0.534465 0.519854 0.507210 0.496334 0.487064 0.479267 0.472836 0.467688 0.463756 0.460991 0.459358 0.458839 0.459426 0.461127 0.463963 0.467968 0.473192 0.479704 0.487588 0.496953 0.507932 0.520690 0.535428 0.552395 0.571895 0.594306 0.620101 0.649872 0.684378 0.724598 0.771816 0.827749 0.894746 0.976103 1.000000 0.921823 0.856898 0.802322 0.755994 0.716355 0.682228 0.652706 0.627080 0.604793 0.585397 0.568534 0.553913 0.541296 0.530490 0.521339 0.513714 0.507515 0.502660 0.499088 0.496754 0.495631 0.495704 0.496975 0.499459 0.503185 0.508202 0.514571 0.522377 0.531724 0.542743 0.555594 0.570477 0.587634 0.607364 0.630035 0.656105 0.686151 0.720901 0.761290 0.808537 0.864257 2371.000000 1.149266 0.600205
0.585397 0.568534 0.553913 0.541296 0.530490 0.521339 0.513714 0.507515 0.502660 0.499088 0.496754 0.495631 0.495704 0.496975 0.499459 0.503185 0.508202 0.514571 0.522377 0.531724 0.542743 0.555594 0.570477 0.587634 0.607364 0.630035 0.656105 0.686151 0.720901 0.761290 0.808537 0.864257 0.907366 0.848050 0.797818 0.754921 0.718043 0.686176 0.658536 0.634507 0.613595 0.595406 0.579621 0.565980 0.554270 0.544320 0.535989 0.529165 0.523759 0.519701 0.516942 0.515446 0.515197 0.516191 0.518441 0.521973 0.526831 0.533077 0.540792 0.550077 0.561062 0.573906 0.588803 0.605993 0.625770 0.648496 0.674621 0.704709 0.739471 0.779816 0.826924 0.882352 0.948194 0.970632 0.890272 0.824035 0.768695 0.721950 0.682113 0.647922 0.618414 0.592843 0.570622 0.551287 0.534465 0.519854 0.507210 0.496334 0.487064 0.479267 0.472836 0.467688 0.463756 0.460991 0.459358 0.458839 0.459426 0.461127 0.463963 0.467968 0.473192 0.479704 0.487588 0.496953 0.507932 0.520690 0.535428 0.552395 0.571895 0.594306 0.620101 0.649872 0.684378 0.724598 0.771816 0.827749 0.894746 0.976103 1.000000 0.921823 0.856898 0.802322 0.755994 0.716355 0.682228 0.652706 0.627080 0.604793 2371.000000 1.149266 0.600205
0.459426 0.461127 0.463963 0.467968 0.473192 0.479704 0.487588 0.496953 0.507932 0.520690 0.535428 0.552395 0.571895 0.594306 0.620101 0.649872 0.684378 0.724598 0.771816 0.827749 0.894746 0.976103 1.000000 0.921823 0.856898 0.802322 0.755994 0.716355 0.682228 0.652706 0.627080 0.604793 0.585397 0.568534 0.553913 0.541296 0.530490 0.521339 0.513714 0.507515 0.502660 0.499088 0.496754 0.495631 0.495704 0.496975 0.499459 0.503185 0.508202 0.514571 0.522377 0.531724 0.542743 0.555594 0.570477 0.587634 0.607364 0.630035 0.656105 0.686151 0.720901 0.761290 0.808537 0.864257 0.907366 0.848050 0.797818 0.754921 0.718043 0.686176 0.658536 0.634507 0.613595 0.595406 0.579621 0.565980 0.554270 0.544320 0.535989 0.529165 0.523759 0.519701 0.516942 0.515446 0.515197 0.516191 0.518441 0.521973 0.526831 0.533077 0.540792 0.550077 0.561062 0.573906 0.588803 0.605993 0.625770 0.648496 0.674621 0.704709 0.739471 0.779816 0.826924 0.882352 0.948194 0.970632 0.890272 0.824035 0.768695 0.721950 0.682113 0.647922 0.618414 0.592843 0.570622 0.551287 0.534465 0.519854 0.507210 0.496334 0.487064 0.479267 0.472836 0.467688 0.463756 0.460991 0.459358 0.458839 2371.000000 1.149266 0.600205
0.625770 0.648496 0.674621 0.704709 0.739471 0.779816 0.826924 0.882352 0.948194 0.970632 0.890272 0.824035 0.768695 0.721950 0.682113 0.647922 0.618414 0.592843 0.570622 0.551287 0.534465 0.519854 0.507210 0.496334 0.487064 0.479267 0.472836 0.467688 0.463756 0.460991 0.459358 0.458839 0.459426 0.461127 0.463963 0.467968 0.473192 0.479704 0.487588 0.496953 0.507932 0.520690 0.535428 0.552395 0.571895 0.594306 0.620101 0.649872 0.684378 0.724598 0.771816 0.827749 0.894746 0.976103 1.000000 0.921823 0.856898 0.802322 0.755994 0.716355 0.682228 0.652706 0.627080 0.604793 0.585397 0.568534 0.553913 0.541296 0.530490 0.521339 0.513714 0.507515 0.502660 0.499088 0.496754 0.495631 0.495704 0.496975 0.499459 0.503185 0.508202 0.514571 0.522377 0.531724 0.542743 0.555594 0.570477 0.587634 0.607364 0.630035 0.656105 0.686151 0.720901 0.761290 0.808537 0.864257 0.907366 0.848050 0.797818 0.754921 0.718043 0.686176 0.658536 0.634507 0.613595 0.595406 0.579621 0.565980 0.554270 0.544320 0.535989 0.529165 0.523759 0.519701 0.516942 0.515446 0.515197 0.516191 0.518441 0.521973 0.526831 0.533077 0.540792 0.550077 0.561062 0.573906 0.588803 0.605993 2371.000000 1.149266 0.600205
0.493807 0.492299 0.491983 0.492853 0.494921 0.498211 0.502765 0.508639 0.515910 0.524674 0.535053 0.547195 0.561284 0.577547 0.596259 0.617264 0.616520 0.617264 0.619503 0.623266 0.628598 0.635567 0.644262 0.654797 0.667317 0.681999 0.699065 0.718782 0.741482 0.767573 0.797557 0.832066 0.850200 0.807584 0.770805 0.738932 0.711236 0.687136 0.666169 0.647958 0.632199 0.618643 0.607088 0.597369 0.589354 0.582937 0.578036 0.574589 0.569685 0.562694 0.557198 0.553128 0.550433 0.549081 0.549055 0.550354 0.552996 0.557011 0.562450 0.569381 0.577895 0.588105 0.600155 0.614219 0.630514 0.649304 0.662818 0.663210 0.665207 0.668832 0.674129 0.681165 0.690030 0.700838 0.713738 0.728911 0.746580 0.767020 0.790570 0.817644 0.848755 0.785859 0.729182 0.681662 0.641407 0.607022 0.577457 0.551906 0.529742 0.510472 0.493703 0.479117 0.466461 0.455524 0.446139 0.443282 0.449274 0.456544 0.465193 0.475343 0.487145 0.500786 0.516493 0.534546 0.555293 0.579168 0.606715 0.638628 0.675804 0.719416 0.771030 0.832785 0.907670 1.000000 0.974735 0.887747 0.816820 0.758079 0.708812 0.667068 0.631403 0.600733 0.574223 0.551226 0.531230 0.513829 0.500482 0.496523 3068.000000 1.062215 0.656070
0.449274 0.456544 0.465193 0.475343 0.487145 0.500786 0.516493 0.534546 0.555293 0.579168 0.606715 0.638628 0.675804 0.719416 0.771030 0.832785 0.907670 1.000000 0.974735 0.887747 0.816820 0.758079 0.708812 0.667068 0.631403 0.600733 0.574223 0.551226 0.531230 0.513829 0.500482 0.496523 0.493807 0.492299 0.491983 0.492853 0.494921 0.498211 0.502765 0.508639 0.515910 0.524674 0.535053 0.547195 0.561284 0.577547 0.596259 0.617264 0.616520 0.617264 0.619503 0.623266 0.628598 0.635567 0.644262 0.654797 0.667317 0.681999 0.699065 0.718782 0.741482 0.767573 0.797557 0.832066 0.850200 0.807584 0.770805 0.738932 0.711236 0.687136 0.666169 0.647958 0.632199 0.618643 0.607088 0.597369 0.589354 0.582937 0.578036 0.574589 0.569685 0.562694 0.557198 0.553128 0.550433 0.549081 0.549055 0.550354 0.552996 0.557011 0.562450 0.569381 0.577895 0.588105 0.600155 0.614219 0.630514 0.649304 0.662818 0.663210 0.665207 0.668832 0.674129 0.681165 0.690030 0.700838 0.713738 0.728911 0.746580 0.767020 0.790570 0.817644 0.848755 0.785859 0.729182 0.681662 0.641407 0.607022 0.577457 0.551906 0.529742 0.510472 0.493703 0.479117 0.466461 0.455524 0.446139 0.443282 3068.000000 1.062215 0.656070
0.630514 0.649304 0.662818 0.663210 0.665207 0.668832 0.674129 0.681165 0.690030 0.700838 0.713738 0.728911 0.746580 0.767020 0.790570 0.817644 0.848755 0.785859 0.729182 0.681662 0.641407 0.607022 0.577457 0.551906 0.529742 0.510472 0.493703 0.479117 0.466461 0.455524 0.446139 0.443282 0.449274 0.456544 0.465193 0.475343 0.487145 0.500786 0.516493 0.534546 0.555293 0.579168 0.606715 0.638628 0.675804 0.719416 0.771030 0.832785 0.907670 1.000000 0.974735 0.887747 0.816820 0.758079 0.708812 0.667068 0.631403 0.600733 0.574223 0.551226 0.531230 0.513829 0.500482 0.496523 0.493807 0.492299 0.491983 0.492853 0.494921 0.498211 0.502765 0.508639 0.515910 0.524674 0.535053 0.547195 0.561284 0.577547 0.596259 0.617264 0.616520 0.617264 0.619503 0.623266 0.628598 0.635567 0.644262 0.654797 0.667317 0.681999 0.699065 0.718782 0.741482 0.767573 0.797557 0.832066 0.850200 0.807584 0.770805 0.738932 0.711236 0.687136 0.666169 0.647958 0.632199 0.618643 0.607088 0.597369 0.589354 0.582937 0.578036 0.574589 0.569685 0.562694 0.557198 0.553128 0.550433 0.549081 0.549055 0.550354 0.552996 0.557011 0.562450 0.569381 0.577895 0.588105 0.600155 0.614219 3068.000000 1.062215 0.656070
0.850200 0.807584 0.770805 0.738932 0.711236 0.687136 0.666169 0.647958 0.632199 0.618643 0.607088 0.597369 0.589354 0.582937 0.578036 0.574589 0.569685 0.562694 0.557198 0.553128 0.550433 0.549081 0.549055 0.550354 0.552996 0.557011 0.562450 0.569381 0.577895 0.588105 0.600155 0.614219 0.630514 0.649304 0.662818 0.663210 0.665207 0.668832 0.674129 0.681165 0.690030 0.700838 0.713738 0.728911 0.746580 0.767020 0.790570 0.817644 0.848755 0.785859 0.729182 0.681662 0.641407 0.607022 0.577457 0.551906 0.529742 0.510472 0.493703 0.479117 0.466461 0.455524 0.446139 0.443282 0.449274 0.456544 0.465193 0.475343 0.487145 0.500786 0.516493 0.534546 0.555293 0.579168 0.606715 0.638628 0.675804 0.719416 0.771030 0.832785 0.907670 1.000000 0.974735 0.887747 0.816820 0.758079 0.708812 0.667068 0.631403 0.600733 0.574223 0.551226 0.531230 0.513829 0.500482 0.496523 0.493807 0.492299 0.491983 0.492853 0.494921 0.498211 0.502765 0.508639 0.515910 0.524674 0.535053 0.547195 0.561284 0.577547 0.596259 0.617264 0.616520 0.617264 0.619503 0.623266 0.628598 0.635567 0.644262 0.654797 0.667317 0.681999 0.699065 0.718782 0.741482 0.767573 0.797557 0.832066 3068.000000 1.062215 0.656070
0.875386 0.932428 1.000000 0.997522 0.937968 0.887141 0.843467 0.805741 0.773028 0.744591 0.719845 0.698319 0.679633 0.663478 0.649601 0.637798 0.627902 0.619779 0.613322 0.608449 0.605098 0.603230 0.602821 0.603866 0.606379 0.610389 0.615946 0.623120 0.632003 0.642715 0.655402 0.670247 0.687475 0.704261 0.683855 0.666157 0.650881 0.637791 0.626698 0.617446 0.609911 0.603995 0.599624 0.596743 0.595317 0.595328 0.596777 0.599681 0.604076 0.610016 0.617577 0.626857 0.637981 0.651103 0.666415 0.684153 0.704605 0.728125 0.755152 0.786230 0.822041 0.863450 0.911564 0.946526 0.898942 0.857881 0.822302 0.791387 0.764487 0.741083 0.720754 0.703159 0.688020 0.675112 0.664250 0.655286 0.648101 0.642603 0.638724 0.636415 0.635648 0.636415 0.638724 0.642603 0.648101 0.655286 0.664250 0.675112 0.688020 0.703159 0.720754 0.741083 0.764487 0.791387 0.782769 0.747119 0.716225 0.689379 0.666020 0.645696 0.628045 0.612769 0.599629 0.588429 0.579009 0.571240 0.565020 0.560269 0.556928 0.554956 0.554328 0.555037 0.557092 0.560518 0.565356 0.571668 0.579534 0.589059 0.600372 0.613636 0.629048 0.646854 0.667351 0.690909 0.717983 0.749145 0.785111 0.826798 1274.000000 1.329419 0.747329
0.716225 0.689379 0.666020 0.645696 0.628045 0.612769 0.599629 0.588429 0.579009 0.571240 0.565020 0.560269 0.556928 0.554956 0.554328 0.555037 0.557092 0.560518 0.565356 0.571668 0.579534 0.589059 0.600372 0.613636 0.629048 0.646854 0.667351 0.690909 0.717983 0.749145 0.785111 0.826798 0.875386 0.932428 1.000000 0.997522 0.937968 0.887141 0.843467 0.805741 0.773028 0.744591 0.719845 0.698319 0.679633 0.663478 0.649601 0.637798 0.627902 0.619779 0.613322 0.608449 0.605098 0.603230 0.602821 0.603866 0.606379 0.610389 0.615946 0.623120 0.632003 0.642715 0.655402 0.670247 0.687475 0.704261 0.683855 0.666157 0.650881 0.637791 0.626698 0.617446 0.609911 0.603995 0.599624 0.596743 0.595317 0.595328 0.596777 0.599681 0.604076 0.610016 0.617577 0.626857 0.637981 0.651103 0.666415 0.684153 0.704605 0.728125 0.755152 0.786230 0.822041 0.863450 0.911564 0.946526 0.898942 0.857881 0.822302 0.791387 0.764487 0.741083 0.720754 0.703159 0.688020 0.675112 0.664250 0.655286 0.648101 0.642603 0.638724 0.636415 0.635648 0.636415 0.638724 0.642603 0.648101 0.655286 0.664250 0.675112 0.688020 0.703159 0.720754 0.741083 0.764487 0.791387 0.782769 0.747119 1274.000000 1.329419 0.747329
0.898942 0.857881 0.822302 0.791387 0.764487 0.741083 0.720754 0.703159 0.688020 0.675112 0.664250 0.655286 0.648101 0.642603 0.638724 0.636415 0.635648 0.636415 0.638724 0.642603 0.648101 0.655286 0.664250 0.675112 0.688020 0.703159 0.720754 0.741083 0.764487 0.791387 0.782769 0.747119 0.716225 0.689379 0.666020 0.645696 0.628045 0.612769 0.599629 0.588429 0.579009 0.571240 0.565020 0.560269 0.556928 0.554956 0.554328 0.555037 0.557092 0.560518 0.565356 0.571668 0.579534 0.589059 0.600372 0.613636 0.629048 0.646854 0.667351 0.690909 0.717983 0.749145 0.785111 0.826798 0.875386 0.932428 1.000000 0.997522 0.937968 0.887141 0.843467 0.805741 0.773028 0.744591 0.719845 0.698319 0.679633 0.663478 0.649601 0.637798 0.627902 0.619779 0.613322 0.608449 0.605098 0.603230 0.602821 0.603866 0.606379 0.610389 0.615946 0.623120 0.632003 0.642715 0.655402 0.670247 0.687475 0.704261 0.683855 0.666157 0.650881 0.637791 0.626698 0.617446 0.609911 0.603995 0.599624 0.596743 0.595317 0.595328 0.596777 0.599681 0.604076 0.610016 0.617577 0.626857 0.637981 0.651103 0.666415 0.684153 0.704605 0.728125 0.755152 0.786230 0.822041 0.863450 0.911564 0.946526 1274.000000 1.329419 0.747329
0.687475 0.704261 0.683855 0.666157 0.650881 0.637791 0.626698 0.617446 0.609911 0.603995 0.599624 0.596743 0.595317 0.595328 0.596777 0.599681 0.604076 0.610016 0.617577 0.626857 0.637981 0.651103 0.666415 0.684153 0.704605 0.728125 0.755152 0.786230 0.822041 0.863450 0.911564 0.946526 0.898942 0.857881 0.822302 0.791387 0.764487 0.741083 0.720754 0.703159 0.688020 0.675112 0.664250 0.655286 0.648101 0.642603 0.638724 0.636415 0.635648 0.636415 0.638724 0.642603 0.648101 0.655286 0.664250 0.675112 0.688020 0.703159 0.720754 0.741083 0.764487 0.791387 0.782769 0.747119 0.716225 0.689379 0.666020 0.645696 0.628045 0.612769 0.599629 0.588429 0.579009 0.571240 0.565020 0.560269 0.556928 0.554956 0.554328 0.555037 0.557092 0.560518 0.565356 0.571668 0.579534 0.589059 0.600372 0.613636 0.629048 0.646854 0.667351 0.690909 0.717983 0.749145 0.785111 0.826798 0.875386 0.932428 1.000000 0.997522 0.937968 0.887141 0.843467 0.805741 0.773028 0.744591 0.719845 0.698319 0.679633 0.663478 0.649601 0.637798 0.627902 0.619779 0.613322 0.608449 0.605098 0.603230 0.602821 0.603866 0.606379 0.610389 0.615946 0.623120 0.632003 0.642715 0.655402 0.670247 1274.000000 1.329419 0.747329
0.670341 0.671392 0.672109 0.674454 0.678455 0.684162 0.691647 0.701005 0.712358 0.725864 0.741712 0.760140 0.781438 0.805961 0.834148 0.866541 0.903817 0.946827 0.996657 0.990279 0.955372 0.924994 0.898586 0.875695 0.855953 0.839058 0.824765 0.812877 0.803234 0.795711 0.790215 0.786675 0.785051 0.785321 0.787488 0.791581 0.797647 0.805764 0.816033 0.828589 0.843602 0.861283 0.881890 0.905743 0.933233 0.912084 0.881811 0.855478 0.832620 0.812859 0.795887 0.781454 0.769355 0.759426 0.751538 0.745590 0.741508 0.739241 0.738762 0.740066 0.743168 0.748106 0.754941 0.763758 0.773356 0.761491 0.751768 0.744060 0.738269 0.734323 0.732173 0.731793 0.733180 0.736349 0.741339 0.748212 0.757055 0.767981 0.781137 0.796704 0.814907 0.836023 0.860390 0.888424 0.920640 0.902724 0.881061 0.862443 0.846592 0.833285 0.822340 0.813614 0.806994 0.802399 0.799771 0.799080 0.800316 0.803495 0.808655 0.815859 0.825199 0.836795 0.850800 0.867407 0.886855 0.909435 0.935509 0.965515 1.000000 0.981762 0.933345 0.891526 0.855266 0.823747 0.796319 0.772459 0.751746 0.733836 0.718451 0.705362 0.694384 0.685368 0.678197 0.672777 0.669043 0.666948 0.666467 0.667593 19653.500000 1.042483 0.841341
0.800316 0.803495 0.808655 0.815859 0.825199 0.836795 0.850800 0.867407 0.886855 0.909435 0.935509 0.965515 1.000000 0.981762 0.933345 0.891526 0.855266 0.823747 0.796319 0.772459 0.751746 0.733836 0.718451 0.705362 0.694384 0.685368 0.678197 0.672777 0.669043 0.666948 0.666467 0.667593 0.670341 0.671392 0.672109 0.674454 0.678455 0.684162 0.691647 0.701005 0.712358 0.725864 0.741712 0.760140 0.781438 0.805961 0.834148 0.866541 0.903817 0.946827 0.996657 0.990279 0.955372 0.924994 0.898586 0.875695 0.855953 0.839058 0.824765 0.812877 0.803234 0.795711 0.790215 0.786675 0.785051 0.785321 0.787488 0.791581 0.797647 0.805764 0.816033 0.828589 0.843602 0.861283 0.881890 0.905743 0.933233 0.912084 0.881811 0.855478 0.832620 0.812859 0.795887 0.781454 0.769355 0.759426 0.751538 0.745590 0.741508 0.739241 0.738762 0.740066 0.743168 0.748106 0.754941 0.763758 0.773356 0.761491 0.751768 0.744060 0.738269 0.734323 0.732173 0.731793 0.733180 0.736349 0.741339 0.748212 0.757055 0.767981 0.781137 0.796704 0.814907 0.836023 0.860390 0.888424 0.920640 0.902724 0.881061 0.862443 0.846592 0.833285 0.822340 0.813614 0.806994 0.802399 0.799771 0.799080 19653.500000 1.042483 0.841341
0.773356 0.761491 0.751768 0.744060 0.738269 0.734323 0.732173 0.731793 0.733180 0.736349 0.741339 0.748212 0.757055 0.767981 0.781137 0.796704 0.814907 0.836023 0.860390 0.888424 0.920640 0.902724 0.881061 0.862443 0.846592 0.833285 0.822340 0.813614 0.806994 0.802399 0.799771 0.799080 0.800316 0.803495 0.808655 0.815859 0.825199 0.836795 0.850800 0.867407 0.886855 0.909435 0.935509 0.965515 1.000000 0.981762 0.933345 0.891526 0.855266 0.823747 0.796319 0.772459 0.751746 0.733836 0.718451 0.705362 0.694384 0.685368 0.678197 0.672777 0.669043 0.666948 0.666467 0.667593 0.670341 0.671392 0.672109 0.674454 0.678455 0.684162 0.691647 0.701005 0.712358 0.725864 0.741712 0.760140 0.781438 0.805961 0.834148 0.866541 0.903817 0.946827 0.996657 0.990279 0.955372 0.924994 0.898586 0.875695 0.855953 0.839058 0.824765 0.812877 0.803234 0.795711 0.790215 0.786675 0.785051 0.785321 0.787488 0.791581 0.797647 0.805764 0.816033 0.828589 0.843602 0.861283 0.881890 0.905743 0.933233 0.912084 0.881811 0.855478 0.832620 0.812859 0.795887 0.781454 0.769355 0.759426 0.751538 0.745590 0.741508 0.739241 0.738762 0.740066 0.743168 0.748106 0.754941 0.763758 19653.500000 1.042483 0.841341
0.785051 0.785321 0.787488 0.791581 0.797647 0.805764 0.816033 0.828589 0.843602 0.861283 0.881890 0.905743 0.933233 0.912084 0.881811 0.855478 0.832620 0.812859 0.795887 0.781454 0.769355 0.759426 0.751538 0.745590 0.741508 0.739241 0.738762 0.740066 0.743168 0.748106 0.754941 0.763758 0.773356 0.761491 0.751768 0.744060 0.738269 0.734323 0.732173 0.731793 0.733180 0.736349 0.741339 0.748212 0.757055 0.767981 0.781137 0.796704 0.814907 0.836023 0.860390 0.888424 0.920640 0.902724 0.881061 0.862443 0.846592 0.833285 0.822340 0.813614 0.806994 0.802399 0.799771 0.799080 0.800316 0.803495 0.808655 0.815859 0.825199 0.836795 0.850800 0.867407 0.886855 0.909435 0.935509 0.965515 1.000000 0.981762 0.933345 0.891526 0.855266 0.823747 0.796319 0.772459 0.751746 0.733836 0.718451 0.705362 0.694384 0.685368 0.678197 0.672777 0.669043 0.666948 0.666467 0.667593 0.670341 0.671392 0.672109 0.674454 0.678455 0.684162 0.691647 0.701005 0.712358 0.725864 0.741712 0.760140 0.781438 0.805961 0.834148 0.866541 0.903817 0.946827 0.996657 0.990279 0.955372 0.924994 0.898586 0.875695 0.855953 0.839058 0.824765 0.812877 0.803234 0.795711 0.790215 0.786675 19653.500000 1.042483 0.841341
0.641393 0.626771 0.614248 0.603641 0.594802 0.587614 0.581983 0.577838 0.575127 0.573817 0.573892 0.575354 0.578220 0.582525 0.588323 0.595686 0.604711 0.615520 0.628264 0.643128 0.660342 0.680186 0.703007 0.714642 0.678663 0.647618 0.620719 0.597347 0.577011 0.559317 0.543948 0.530644 0.519197 0.509435 0.501218 0.494434 0.488994 0.484827 0.481882 0.480122 0.479526 0.480087 0.481811 0.484719 0.488848 0.494248 0.500990 0.509161 0.518874 0.530267 0.543511 0.558814 0.576432 0.596682 0.619954 0.646736 0.677643 0.713458 0.755190 0.804166 0.862155 0.931576 1.000000 0.913956 0.843416 0.784740 0.735354 0.693387 0.657450 0.626489 0.599693 0.576427 0.556188 0.538576 0.523268 0.510000 0.498559 0.488772 0.480498 0.473621 0.468049 0.463712 0.460553 0.458534 0.457631 0.457831 0.459139 0.461569 0.465152 0.469931 0.475969 0.483343 0.492154 0.502524 0.514608 0.528592 0.544706 0.563233 0.584523 0.609010 0.637240 0.669908 0.690714 0.676786 0.664978 0.655127 0.647099 0.640791 0.636122 0.633035 0.631492 0.631474 0.632980 0.636030 0.640660 0.646928 0.654913 0.664719 0.676478 0.690353 0.706547 0.725308 0.746942 0.755878 0.726182 0.700355 0.677880 0.658338 1885.000000 1.391461 0.718219
0.544706 0.563233 0.584523 0.609010 0.637240 0.669908 0.690714 0.676786 0.664978 0.655127 0.647099 0.640791 0.636122 0.633035 0.631492 0.631474 0.632980 0.636030 0.640660 0.646928 0.654913 0.664719 0.676478 0.690353 0.706547 0.725308 0.746942 0.755878 0.726182 0.700355 0.677880 0.658338 0.641393 0.626771 0.614248 0.603641 0.594802 0.587614 0.581983 0.577838 0.575127 0.573817 0.573892 0.575354 0.578220 0.582525 0.588323 0.595686 0.604711 0.615520 0.628264 0.643128 0.660342 0.680186 0.703007 0.714642 0.678663 0.647618 0.620719 0.597347 0.577011 0.559317 0.543948 0.530644 0.519197 0.509435 0.501218 0.494434 0.488994 0.484827 0.481882 0.480122 0.479526 0.480087 0.481811 0.484719 0.488848 0.494248 0.500990 0.509161 0.518874 0.530267 0.543511 0.558814 0.576432 0.596682 0.619954 0.646736 0.677643 0.713458 0.755190 0.804166 0.862155 0.931576 1.000000 0.913956 0.843416 0.784740 0.735354 0.693387 0.657450 0.626489 0.599693 0.576427 0.556188 0.538576 0.523268 0.510000 0.498559 0.488772 0.480498 0.473621 0.468049 0.463712 0.460553 0.458534 0.457631 0.457831 0.459139 0.461569 0.465152 0.469931 0.475969 0.483343 0.492154 0.502524 0.514608 0.528592 1885.000000 1.391461 0.718219
0.843416 0.784740 0.735354 0.693387 0.657450 0.626489 0.599693 0.576427 0.556188 0.538576 0.523268 0.510000 0.498559 0.488772 0.480498 0.473621 0.468049 0.463712 0.460553 0.458534 0.457631 0.457831 0.459139 0.461569 0.465152 0.469931 0.475969 0.483343 0.492154 0.502524 0.514608 0.528592 0.544706 0.563233 0.584523 0.609010 0.637240 0.669908 0.690714 0.676786 0.664978 0.655127 0.647099 0.640791 0.636122 0.633035 0.631492 0.631474 0.632980 0.636030 0.640660 0.646928 0.654913 0.664719 0.676478 0.690353 0.706547 0.725308 0.746942 0.755878 0.726182 0.700355 0.677880 0.658338 0.641393 0.626771 0.614248 0.603641 0.594802 0.587614 0.581983 0.577838 0.575127 0.573817 0.573892 0.575354 0.578220 0.582525 0.588323 0.595686 0.604711 0.615520 0.628264 0.643128 0.660342 0.680186 0.703007 0.714642 0.678663 0.647618 0.620719 0.597347 0.577011 0.559317 0.543948 0.530644 0.519197 0.509435 0.501218 0.494434 0.488994 0.484827 0.481882 0.480122 0.479526 0.480087 0.481811 0.484719 0.488848 0.494248 0.500990 0.509161 0.518874 0.530267 0.543511 0.558814 0.576432 0.596682 0.619954 0.646736 0.677643 0.713458 0.755190 0.804166 0.862155 0.931576 1.000000 0.913956 1885.000000 1.391461 0.718219
0.519197 0.509435 0.501218 0.494434 0.488994 0.484827 0.481882 0.480122 0.479526 0.480087 0.481811 0.484719 0.488848 0.494248 0.500990 0.509161 0.518874 0.530267 0.543511 0.558814 0.576432 0.596682 0.619954 0.646736 0.677643 0.713458 0.755190 0.804166 0.862155 0.931576 1.000000 0.913956 0.843416 0.784740 0.735354 0.693387 0.657450 0.626489 0.599693 0.576427 0.556188 0.538576 0.523268 0.510000 0.498559 0.488772 0.480498 0.473621 0.468049 0.463712 0.460553 0.458534 0.457631 0.457831 0.459139 0.461569 0.465152 0.469931 0.475969 0.483343 0.492154 0.502524 0.514608 0.528592 0.544706 0.563233 0.584523 0.609010 0.637240 0.669908 0.690714 0.676786 0.664978 0.655127 0.647099 0.640791 0.636122 0.633035 0.631492 0.631474 0.632980 0.636030 0.640660 0.646928 0.654913 0.664719 0.676478 0.690353 0.706547 0.725308 0.746942 0.755878 0.726182 0.700355 0.677880 0.658338 0.641393 0.626771 0.614248 0.603641 0.594802 0.587614 0.581983 0.577838 0.575127 0.573817 0.573892 0.575354 0.578220 0.582525 0.588323 0.595686 0.604711 0.615520 0.628264 0.643128 0.660342 0.680186 0.703007 0.714642 0.678663 0.647618 0.620719 0.597347 0.577011 0.559317 0.543948 0.530644 1885.000000 1.391461 0.718219
