0.647717 0.645960 0.645763 0.647125 0.650062 0.654610 0.660826 0.668787 0.678597 0.690387 0.704321 0.720601 0.739475 0.761247 0.786292 0.815071 0.848158 0.886270 0.868290 0.847148 0.828961 0.813457 0.800415 0.789656 0.781040 0.774455 0.769820 0.767077 0.766192 0.767155 0.769979 0.774696 0.781365 0.790070 0.800923 0.814066 0.829680 0.847987 0.869262 0.893841 0.922136 0.928569 0.888070 0.852925 0.822361 0.795763 0.772634 0.752574 0.735255 0.720413 0.707829 0.697328 0.688769 0.682041 0.677058 0.673759 0.672104 0.672071 0.673662 0.676894 0.681809 0.688465 0.696949 0.707370 0.716759 0.713931 0.712837 0.713461 0.715813 0.719921 0.725834 0.733628 0.743401 0.755282 0.769433 0.786054 0.805391 0.827749 0.853499 0.883098 0.875755 0.841004 0.810784 0.784485 0.761616 0.741779 0.724650 0.709967 0.697513 0.687116 0.678635 0.680979 0.686382 0.693557 0.702593 0.713610 0.726756 0.742218 0.760223 0.781052 0.805048 0.832635 0.864336 0.900802 0.942852 0.991526 1.000000 0.950675 0.908072 0.871132 0.839022 0.811080 0.786773 0.765672 0.747427 0.731752 0.718417 0.707233 0.698047 0.690739 0.685217 0.681410 0.679273 0.678780 0.671086 0.662668 0.656020 0.651057 1706.000000 1.136810 0.817065
0.726756 0.742218 0.760223 0.781052 0.805048 0.832635 0.864336 0.900802 0.942852 0.991526 1.000000 0.950675 0.908072 0.871132 0.839022 0.811080 0.786773 0.765672 0.747427 0.731752 0.718417 0.707233 0.698047 0.690739 0.685217 0.681410 0.679273 0.678780 0.671086 0.662668 0.656020 0.651057 0.647717 0.645960 0.645763 0.647125 0.650062 0.654610 0.660826 0.668787 0.678597 0.690387 0.704321 0.720601 0.739475 0.761247 0.786292 0.815071 0.848158 0.886270 0.868290 0.847148 0.828961 0.813457 0.800415 0.789656 0.781040 0.774455 0.769820 0.767077 0.766192 0.767155 0.769979 0.774696 0.781365 0.790070 0.800923 0.814066 0.829680 0.847987 0.869262 0.893841 0.922136 0.928569 0.888070 0.852925 0.822361 0.795763 0.772634 0.752574 0.735255 0.720413 0.707829 0.697328 0.688769 0.682041 0.677058 0.673759 0.672104 0.672071 0.673662 0.676894 0.681809 0.688465 0.696949 0.707370 0.716759 0.713931 0.712837 0.713461 0.715813 0.719921 0.725834 0.733628 0.743401 0.755282 0.769433 0.786054 0.805391 0.827749 0.853499 0.883098 0.875755 0.841004 0.810784 0.784485 0.761616 0.741779 0.724650 0.709967 0.697513 0.687116 0.678635 0.680979 0.686382 0.693557 0.702593 0.713610 1706.000000 1.136810 0.817065
0.716759 0.713931 0.712837 0.713461 0.715813 0.719921 0.725834 0.733628 0.743401 0.755282 0.769433 0.786054 0.805391 0.827749 0.853499 0.883098 0.875755 0.841004 0.810784 0.784485 0.761616 0.741779 0.724650 0.709967 0.697513 0.687116 0.678635 0.680979 0.686382 0.693557 0.702593 0.713610 0.726756 0.742218 0.760223 0.781052 0.805048 0.832635 0.864336 0.900802 0.942852 0.991526 1.000000 0.950675 0.908072 0.871132 0.839022 0.811080 0.786773 0.765672 0.747427 0.731752 0.718417 0.707233 0.698047 0.690739 0.685217 0.681410 0.679273 0.678780 0.671086 0.662668 0.656020 0.651057 0.647717 0.645960 0.645763 0.647125 0.650062 0.654610 0.660826 0.668787 0.678597 0.690387 0.704321 0.720601 0.739475 0.761247 0.786292 0.815071 0.848158 0.886270 0.868290 0.847148 0.828961 0.813457 0.800415 0.789656 0.781040 0.774455 0.769820 0.767077 0.766192 0.767155 0.769979 0.774696 0.781365 0.790070 0.800923 0.814066 0.829680 0.847987 0.869262 0.893841 0.922136 0.928569 0.888070 0.852925 0.822361 0.795763 0.772634 0.752574 0.735255 0.720413 0.707829 0.697328 0.688769 0.682041 0.677058 0.673759 0.672104 0.672071 0.673662 0.676894 0.681809 0.688465 0.696949 0.707370 1706.000000 1.136810 0.817065
0.781365 0.790070 0.800923 0.814066 0.829680 0.847987 0.869262 0.893841 0.922136 0.928569 0.888070 0.852925 0.822361 0.795763 0.772634 0.752574 0.735255 0.720413 0.707829 0.697328 0.688769 0.682041 0.677058 0.673759 0.672104 0.672071 0.673662 0.676894 0.681809 0.688465 0.696949 0.707370 0.716759 0.713931 0.712837 0.713461 0.715813 0.719921 0.725834 0.733628 0.743401 0.755282 0.769433 0.786054 0.805391 0.827749 0.853499 0.883098 0.875755 0.841004 0.810784 0.784485 0.761616 0.741779 0.724650 0.709967 0.697513 0.687116 0.678635 0.680979 0.686382 0.693557 0.702593 0.713610 0.726756 0.742218 0.760223 0.781052 0.805048 0.832635 0.864336 0.900802 0.942852 0.991526 1.000000 0.950675 0.908072 0.871132 0.839022 0.811080 0.786773 0.765672 0.747427 0.731752 0.718417 0.707233 0.698047 0.690739 0.685217 0.681410 0.679273 0.678780 0.671086 0.662668 0.656020 0.651057 0.647717 0.645960 0.645763 0.647125 0.650062 0.654610 0.660826 0.668787 0.678597 0.690387 0.704321 0.720601 0.739475 0.761247 0.786292 0.815071 0.848158 0.886270 0.868290 0.847148 0.828961 0.813457 0.800415 0.789656 0.781040 0.774455 0.769820 0.767077 0.766192 0.767155 0.769979 0.774696 1706.000000 1.136810 0.817065
0.560883 0.561559 0.563597 0.567020 0.571871 0.578211 0.586121 0.595705 0.607095 0.611994 0.616385 0.622349 0.629962 0.639323 0.650557 0.663820 0.679307 0.697253 0.717950 0.741754 0.769108 0.794887 0.813237 0.834513 0.859058 0.887292 0.919736 0.957036 1.000000 0.993719 0.950705 0.913369 0.880897 0.852639 0.828069 0.806765 0.788382 0.772638 0.759303 0.748193 0.739158 0.726097 0.706131 0.688849 0.673977 0.661293 0.650617 0.641801 0.634729 0.629312 0.625480 0.623186 0.622404 0.623122 0.625351 0.629116 0.634465 0.625449 0.615386 0.607081 0.600425 0.595331 0.591737 0.589598 0.588888 0.589598 0.591737 0.595331 0.600425 0.607081 0.615386 0.625449 0.637408 0.651432 0.667733 0.686567 0.708249 0.733170 0.761811 0.794773 0.820096 0.806674 0.795571 0.786638 0.779761 0.774854 0.771856 0.770731 0.771465 0.774067 0.778569 0.785025 0.793517 0.804153 0.817074 0.832454 0.850513 0.871519 0.895802 0.915788 0.881114 0.850946 0.824696 0.801891 0.782146 0.765150 0.750647 0.738429 0.728329 0.720213 0.713977 0.709543 0.706856 0.705883 0.706613 0.698304 0.674568 0.653916 0.635978 0.620453 0.607095 0.595705 0.586121 0.578211 0.571871 0.567020 0.563597 0.561559 706.500000 1.434427 0.851353
0.850513 0.871519 0.895802 0.915788 0.881114 0.850946 0.824696 0.801891 0.782146 0.765150 0.750647 0.738429 0.728329 0.720213 0.713977 0.709543 0.706856 0.705883 0.706613 0.698304 0.674568 0.653916 0.635978 0.620453 0.607095 0.595705 0.586121 0.578211 0.571871 0.567020 0.563597 0.561559 0.560883 0.561559 0.563597 0.567020 0.571871 0.578211 0.586121 0.595705 0.607095 0.611994 0.616385 0.622349 0.629962 0.639323 0.650557 0.663820 0.679307 0.697253 0.717950 0.741754 0.769108 0.794887 0.813237 0.834513 0.859058 0.887292 0.919736 0.957036 1.000000 0.993719 0.950705 0.913369 0.880897 0.852639 0.828069 0.806765 0.788382 0.772638 0.759303 0.748193 0.739158 0.726097 0.706131 0.688849 0.673977 0.661293 0.650617 0.641801 0.634729 0.629312 0.625480 0.623186 0.622404 0.623122 0.625351 0.629116 0.634465 0.625449 0.615386 0.607081 0.600425 0.595331 0.591737 0.589598 0.588888 0.589598 0.591737 0.595331 0.600425 0.607081 0.615386 0.625449 0.637408 0.651432 0.667733 0.686567 0.708249 0.733170 0.761811 0.794773 0.820096 0.806674 0.795571 0.786638 0.779761 0.774854 0.771856 0.770731 0.771465 0.774067 0.778569 0.785025 0.793517 0.804153 0.817074 0.832454 706.500000 1.434427 0.851353
0.588888 0.589598 0.591737 0.595331 0.600425 0.607081 0.615386 0.625449 0.637408 0.651432 0.667733 0.686567 0.708249 0.733170 0.761811 0.794773 0.820096 0.806674 0.795571 0.786638 0.779761 0.774854 0.771856 0.770731 0.771465 0.774067 0.778569 0.785025 0.793517 0.804153 0.817074 0.832454 0.850513 0.871519 0.895802 0.915788 0.881114 0.850946 0.824696 0.801891 0.782146 0.765150 0.750647 0.738429 0.728329 0.720213 0.713977 0.709543 0.706856 0.705883 0.706613 0.698304 0.674568 0.653916 0.635978 0.620453 0.607095 0.595705 0.586121 0.578211 0.571871 0.567020 0.563597 0.561559 0.560883 0.561559 0.563597 0.567020 0.571871 0.578211 0.586121 0.595705 0.607095 0.611994 0.616385 0.622349 0.629962 0.639323 0.650557 0.663820 0.679307 0.697253 0.717950 0.741754 0.769108 0.794887 0.813237 0.834513 0.859058 0.887292 0.919736 0.957036 1.000000 0.993719 0.950705 0.913369 0.880897 0.852639 0.828069 0.806765 0.788382 0.772638 0.759303 0.748193 0.739158 0.726097 0.706131 0.688849 0.673977 0.661293 0.650617 0.641801 0.634729 0.629312 0.625480 0.623186 0.622404 0.623122 0.625351 0.629116 0.634465 0.625449 0.615386 0.607081 0.600425 0.595331 0.591737 0.589598 706.500000 1.434427 0.851353
0.880897 0.852639 0.828069 0.806765 0.788382 0.772638 0.759303 0.748193 0.739158 0.726097 0.706131 0.688849 0.673977 0.661293 0.650617 0.641801 0.634729 0.629312 0.625480 0.623186 0.622404 0.623122 0.625351 0.629116 0.634465 0.625449 0.615386 0.607081 0.600425 0.595331 0.591737 0.589598 0.588888 0.589598 0.591737 0.595331 0.600425 0.607081 0.615386 0.625449 0.637408 0.651432 0.667733 0.686567 0.708249 0.733170 0.761811 0.794773 0.820096 0.806674 0.795571 0.786638 0.779761 0.774854 0.771856 0.770731 0.771465 0.774067 0.778569 0.785025 0.793517 0.804153 0.817074 0.832454 0.850513 0.871519 0.895802 0.915788 0.881114 0.850946 0.824696 0.801891 0.782146 0.765150 0.750647 0.738429 0.728329 0.720213 0.713977 0.709543 0.706856 0.705883 0.706613 0.698304 0.674568 0.653916 0.635978 0.620453 0.607095 0.595705 0.586121 0.578211 0.571871 0.567020 0.563597 0.561559 0.560883 0.561559 0.563597 0.567020 0.571871 0.578211 0.586121 0.595705 0.607095 0.611994 0.616385 0.622349 0.629962 0.639323 0.650557 0.663820 0.679307 0.697253 0.717950 0.741754 0.769108 0.794887 0.813237 0.834513 0.859058 0.887292 0.919736 0.957036 1.000000 0.993719 0.950705 0.913369 706.500000 1.434427 0.851353
0.856180 0.848872 0.843703 0.840610 0.839554 0.840523 0.843529 0.848609 0.855824 0.865265 0.877053 0.891344 0.908333 0.928262 0.951428 0.936804 0.908789 0.884470 0.863445 0.845385 0.830024 0.817145 0.806573 0.798169 0.791826 0.787465 0.785033 0.784500 0.785860 0.789129 0.794347 0.801578 0.810914 0.822474 0.836413 0.852923 0.861259 0.839334 0.820425 0.804243 0.790555 0.779171 0.769939 0.762739 0.757480 0.754098 0.752550 0.752819 0.754908 0.758841 0.764667 0.772458 0.782314 0.794363 0.808769 0.825732 0.845502 0.868386 0.894758 0.925081 0.959925 1.000000 0.994294 0.963651 0.937029 0.913982 0.894143 0.877216 0.862958 0.851174 0.841708 0.834438 0.829274 0.826151 0.825031 0.824454 0.814432 0.806570 0.800769 0.796957 0.795087 0.795138 0.797109 0.801024 0.806931 0.814904 0.825044 0.837482 0.852385 0.869963 0.890471 0.886307 0.865763 0.848147 0.833201 0.820715 0.810522 0.802488 0.796512 0.792520 0.790462 0.790314 0.792073 0.795762 0.801425 0.809133 0.818983 0.831102 0.845653 0.851566 0.837817 0.826465 0.817359 0.810382 0.805448 0.802495 0.801487 0.802412 0.805282 0.810131 0.817019 0.826032 0.837286 0.850929 0.867147 0.886172 0.877610 0.865719 4864.500000 1.153178 0.904949
0.810522 0.802488 0.796512 0.792520 0.790462 0.790314 0.792073 0.795762 0.801425 0.809133 0.818983 0.831102 0.845653 0.851566 0.837817 0.826465 0.817359 0.810382 0.805448 0.802495 0.801487 0.802412 0.805282 0.810131 0.817019 0.826032 0.837286 0.850929 0.867147 0.886172 0.877610 0.865719 0.856180 0.848872 0.843703 0.840610 0.839554 0.840523 0.843529 0.848609 0.855824 0.865265 0.877053 0.891344 0.908333 0.928262 0.951428 0.936804 0.908789 0.884470 0.863445 0.845385 0.830024 0.817145 0.806573 0.798169 0.791826 0.787465 0.785033 0.784500 0.785860 0.789129 0.794347 0.801578 0.810914 0.822474 0.836413 0.852923 0.861259 0.839334 0.820425 0.804243 0.790555 0.779171 0.769939 0.762739 0.757480 0.754098 0.752550 0.752819 0.754908 0.758841 0.764667 0.772458 0.782314 0.794363 0.808769 0.825732 0.845502 0.868386 0.894758 0.925081 0.959925 1.000000 0.994294 0.963651 0.937029 0.913982 0.894143 0.877216 0.862958 0.851174 0.841708 0.834438 0.829274 0.826151 0.825031 0.824454 0.814432 0.806570 0.800769 0.796957 0.795087 0.795138 0.797109 0.801024 0.806931 0.814904 0.825044 0.837482 0.852385 0.869963 0.890471 0.886307 0.865763 0.848147 0.833201 0.820715 4864.500000 1.153178 0.904949
0.937029 0.913982 0.894143 0.877216 0.862958 0.851174 0.841708 0.834438 0.829274 0.826151 0.825031 0.824454 0.814432 0.806570 0.800769 0.796957 0.795087 0.795138 0.797109 0.801024 0.806931 0.814904 0.825044 0.837482 0.852385 0.869963 0.890471 0.886307 0.865763 0.848147 0.833201 0.820715 0.810522 0.802488 0.796512 0.792520 0.790462 0.790314 0.792073 0.795762 0.801425 0.809133 0.818983 0.831102 0.845653 0.851566 0.837817 0.826465 0.817359 0.810382 0.805448 0.802495 0.801487 0.802412 0.805282 0.810131 0.817019 0.826032 0.837286 0.850929 0.867147 0.886172 0.877610 0.865719 0.856180 0.848872 0.843703 0.840610 0.839554 0.840523 0.843529 0.848609 0.855824 0.865265 0.877053 0.891344 0.908333 0.928262 0.951428 0.936804 0.908789 0.884470 0.863445 0.845385 0.830024 0.817145 0.806573 0.798169 0.791826 0.787465 0.785033 0.784500 0.785860 0.789129 0.794347 0.801578 0.810914 0.822474 0.836413 0.852923 0.861259 0.839334 0.820425 0.804243 0.790555 0.779171 0.769939 0.762739 0.757480 0.754098 0.752550 0.752819 0.754908 0.758841 0.764667 0.772458 0.782314 0.794363 0.808769 0.825732 0.845502 0.868386 0.894758 0.925081 0.959925 1.000000 0.994294 0.963651 4864.500000 1.153178 0.904949
0.810914 0.822474 0.836413 0.852923 0.861259 0.839334 0.820425 0.804243 0.790555 0.779171 0.769939 0.762739 0.757480 0.754098 0.752550 0.752819 0.754908 0.758841 0.764667 0.772458 0.782314 0.794363 0.808769 0.825732 0.845502 0.868386 0.894758 0.925081 0.959925 1.000000 0.994294 0.963651 0.937029 0.913982 0.894143 0.877216 0.862958 0.851174 0.841708 0.834438 0.829274 0.826151 0.825031 0.824454 0.814432 0.806570 0.800769 0.796957 0.795087 0.795138 0.797109 0.801024 0.806931 0.814904 0.825044 0.837482 0.852385 0.869963 0.890471 0.886307 0.865763 0.848147 0.833201 0.820715 0.810522 0.802488 0.796512 0.792520 0.790462 0.790314 0.792073 0.795762 0.801425 0.809133 0.818983 0.831102 0.845653 0.851566 0.837817 0.826465 0.817359 0.810382 0.805448 0.802495 0.801487 0.802412 0.805282 0.810131 0.817019 0.826032 0.837286 0.850929 0.867147 0.886172 0.877610 0.865719 0.856180 0.848872 0.843703 0.840610 0.839554 0.840523 0.843529 0.848609 0.855824 0.865265 0.877053 0.891344 0.908333 0.928262 0.951428 0.936804 0.908789 0.884470 0.863445 0.845385 0.830024 0.817145 0.806573 0.798169 0.791826 0.787465 0.785033 0.784500 0.785860 0.789129 0.794347 0.801578 4864.500000 1.153178 0.904949
0.986412 1.000000 0.915387 0.845854 0.787903 0.739049 0.697483 0.661853 0.631132 0.604529 0.581422 0.561318 0.543825 0.528624 0.515458 0.504117 0.494429 0.486257 0.479486 0.474028 0.469811 0.466784 0.464908 0.464160 0.464533 0.466030 0.468669 0.472483 0.477519 0.483842 0.491535 0.500702 0.511473 0.524008 0.538502 0.555197 0.574388 0.596442 0.621814 0.651080 0.684968 0.724418 0.770660 0.825332 0.890663 0.969763 0.979008 0.908359 0.849129 0.798957 0.756103 0.719257 0.687414 0.659793 0.635779 0.614881 0.596704 0.580931 0.567301 0.555605 0.545668 0.537353 0.530546 0.525159 0.521123 0.518388 0.516921 0.516703 0.517731 0.520019 0.523595 0.528502 0.534802 0.542578 0.551932 0.562994 0.575925 0.590920 0.608222 0.628126 0.650999 0.677293 0.707578 0.742570 0.783188 0.830624 0.886450 0.905085 0.844448 0.793217 0.749549 0.712064 0.679709 0.651668 0.627301 0.606097 0.587650 0.571629 0.557766 0.545843 0.535684 0.527142 0.520101 0.514469 0.510174 0.507162 0.505395 0.504853 0.505528 0.507429 0.510579 0.515018 0.520799 0.527998 0.536711 0.547055 0.559180 0.573267 0.589538 0.608269 0.629796 0.654537 0.683014 0.715886 0.753989 0.798408 0.850565 0.912365 1343.500000 1.143636 0.600498
0.587650 0.571629 0.557766 0.545843 0.535684 0.527142 0.520101 0.514469 0.510174 0.507162 0.505395 0.504853 0.505528 0.507429 0.510579 0.515018 0.520799 0.527998 0.536711 0.547055 0.559180 0.573267 0.589538 0.608269 0.629796 0.654537 0.683014 0.715886 0.753989 0.798408 0.850565 0.912365 0.986412 1.000000 0.915387 0.845854 0.787903 0.739049 0.697483 0.661853 0.631132 0.604529 0.581422 0.561318 0.543825 0.528624 0.515458 0.504117 0.494429 0.486257 0.479486 0.474028 0.469811 0.466784 0.464908 0.464160 0.464533 0.466030 0.468669 0.472483 0.477519 0.483842 0.491535 0.500702 0.511473 0.524008 0.538502 0.555197 0.574388 0.596442 0.621814 0.651080 0.684968 0.724418 0.770660 0.825332 0.890663 0.969763 0.979008 0.908359 0.849129 0.798957 0.756103 0.719257 0.687414 0.659793 0.635779 0.614881 0.596704 0.580931 0.567301 0.555605 0.545668 0.537353 0.530546 0.525159 0.521123 0.518388 0.516921 0.516703 0.517731 0.520019 0.523595 0.528502 0.534802 0.542578 0.551932 0.562994 0.575925 0.590920 0.608222 0.628126 0.650999 0.677293 0.707578 0.742570 0.783188 0.830624 0.886450 0.905085 0.844448 0.793217 0.749549 0.712064 0.679709 0.651668 0.627301 0.606097 1343.500000 1.143636 0.600498
0.521123 0.518388 0.516921 0.516703 0.517731 0.520019 0.523595 0.528502 0.534802 0.542578 0.551932 0.562994 0.575925 0.590920 0.608222 0.628126 0.650999 0.677293 0.707578 0.742570 0.783188 0.830624 0.886450 0.905085 0.844448 0.793217 0.749549 0.712064 0.679709 0.651668 0.627301 0.606097 0.587650 0.571629 0.557766 0.545843 0.535684 0.527142 0.520101 0.514469 0.510174 0.507162 0.505395 0.504853 0.505528 0.507429 0.510579 0.515018 0.520799 0.527998 0.536711 0.547055 0.559180 0.573267 0.589538 0.608269 0.629796 0.654537 0.683014 0.715886 0.753989 0.798408 0.850565 0.912365 0.986412 1.000000 0.915387 0.845854 0.787903 0.739049 0.697483 0.661853 0.631132 0.604529 0.581422 0.561318 0.543825 0.528624 0.515458 0.504117 0.494429 0.486257 0.479486 0.474028 0.469811 0.466784 0.464908 0.464160 0.464533 0.466030 0.468669 0.472483 0.477519 0.483842 0.491535 0.500702 0.511473 0.524008 0.538502 0.555197 0.574388 0.596442 0.621814 0.651080 0.684968 0.724418 0.770660 0.825332 0.890663 0.969763 0.979008 0.908359 0.849129 0.798957 0.756103 0.719257 0.687414 0.659793 0.635779 0.614881 0.596704 0.580931 0.567301 0.555605 0.545668 0.537353 0.530546 0.525159 1343.500000 1.143636 0.600498
0.511473 0.524008 0.538502 0.555197 0.574388 0.596442 0.621814 0.651080 0.684968 0.724418 0.770660 0.825332 0.890663 0.969763 0.979008 0.908359 0.849129 0.798957 0.756103 0.719257 0.687414 0.659793 0.635779 0.614881 0.596704 0.580931 0.567301 0.555605 0.545668 0.537353 0.530546 0.525159 0.521123 0.518388 0.516921 0.516703 0.517731 0.520019 0.523595 0.528502 0.534802 0.542578 0.551932 0.562994 0.575925 0.590920 0.608222 0.628126 0.650999 0.677293 0.707578 0.742570 0.783188 0.830624 0.886450 0.905085 0.844448 0.793217 0.749549 0.712064 0.679709 0.651668 0.627301 0.606097 0.587650 0.571629 0.557766 0.545843 0.535684 0.527142 0.520101 0.514469 0.510174 0.507162 0.505395 0.504853 0.505528 0.507429 0.510579 0.515018 0.520799 0.527998 0.536711 0.547055 0.559180 0.573267 0.589538 0.608269 0.629796 0.654537 0.683014 0.715886 0.753989 0.798408 0.850565 0.912365 0.986412 1.000000 0.915387 0.845854 0.787903 0.739049 0.697483 0.661853 0.631132 0.604529 0.581422 0.561318 0.543825 0.528624 0.515458 0.504117 0.494429 0.486257 0.479486 0.474028 0.469811 0.466784 0.464908 0.464160 0.464533 0.466030 0.468669 0.472483 0.477519 0.483842 0.491535 0.500702 1343.500000 1.143636 0.600498
0.699902 0.666776 0.638112 0.613227 0.591582 0.572746 0.556371 0.542176 0.529933 0.519454 0.510587 0.503211 0.503139 0.507778 0.513753 0.521141 0.530040 0.540572 0.552891 0.567183 0.583677 0.602654 0.624461 0.649530 0.678397 0.711745 0.750442 0.765101 0.744338 0.726376 0.710933 0.697778 0.686726 0.677626 0.670358 0.664828 0.660968 0.658731 0.658089 0.659034 0.661578 0.665751 0.671606 0.679216 0.688678 0.700118 0.713693 0.729597 0.748069 0.769403 0.768752 0.761176 0.755551 0.751806 0.749896 0.749797 0.751509 0.755051 0.760468 0.767826 0.777219 0.788768 0.802628 0.818992 0.796259 0.727311 0.670840 0.623901 0.584417 0.550881 0.522175 0.497451 0.476058 0.457486 0.441331 0.427273 0.415052 0.404458 0.395320 0.387498 0.380880 0.375373 0.370904 0.367415 0.370987 0.385144 0.401430 0.420212 0.441954 0.467256 0.496900 0.531930 0.573759 0.624362 0.686567 0.764585 0.864959 0.998437 1.000000 0.942462 0.893220 0.850816 0.814129 0.782281 0.754580 0.730473 0.709516 0.691347 0.675672 0.662252 0.650892 0.641435 0.633753 0.627748 0.623343 0.620484 0.623455 0.633701 0.645872 0.660141 0.676722 0.695876 0.717927 0.743270 0.772397 0.805920 0.783293 0.738363 7132.000000 1.151483 0.644099
0.864959 0.998437 1.000000 0.942462 0.893220 0.850816 0.814129 0.782281 0.754580 0.730473 0.709516 0.691347 0.675672 0.662252 0.650892 0.641435 0.633753 0.627748 0.623343 0.620484 0.623455 0.633701 0.645872 0.660141 0.676722 0.695876 0.717927 0.743270 0.772397 0.805920 0.783293 0.738363 0.699902 0.666776 0.638112 0.613227 0.591582 0.572746 0.556371 0.542176 0.529933 0.519454 0.510587 0.503211 0.503139 0.507778 0.513753 0.521141 0.530040 0.540572 0.552891 0.567183 0.583677 0.602654 0.624461 0.649530 0.678397 0.711745 0.750442 0.765101 0.744338 0.726376 0.710933 0.697778 0.686726 0.677626 0.670358 0.664828 0.660968 0.658731 0.658089 0.659034 0.661578 0.665751 0.671606 0.679216 0.688678 0.700118 0.713693 0.729597 0.748069 0.769403 0.768752 0.761176 0.755551 0.751806 0.749896 0.749797 0.751509 0.755051 0.760468 0.767826 0.777219 0.788768 0.802628 0.818992 0.796259 0.727311 0.670840 0.623901 0.584417 0.550881 0.522175 0.497451 0.476058 0.457486 0.441331 0.427273 0.415052 0.404458 0.395320 0.387498 0.380880 0.375373 0.370904 0.367415 0.370987 0.385144 0.401430 0.420212 0.441954 0.467256 0.496900 0.531930 0.573759 0.624362 0.686567 0.764585 7132.000000 1.151483 0.644099
0.796259 0.727311 0.670840 0.623901 0.584417 0.550881 0.522175 0.497451 0.476058 0.457486 0.441331 0.427273 0.415052 0.404458 0.395320 0.387498 0.380880 0.375373 0.370904 0.367415 0.370987 0.385144 0.401430 0.420212 0.441954 0.467256 0.496900 0.531930 0.573759 0.624362 0.686567 0.764585 0.864959 0.998437 1.000000 0.942462 0.893220 0.850816 0.814129 0.782281 0.754580 0.730473 0.709516 0.691347 0.675672 0.662252 0.650892 0.641435 0.633753 0.627748 0.623343 0.620484 0.623455 0.633701 0.645872 0.660141 0.676722 0.695876 0.717927 0.743270 0.772397 0.805920 0.783293 0.738363 0.699902 0.666776 0.638112 0.613227 0.591582 0.572746 0.556371 0.542176 0.529933 0.519454 0.510587 0.503211 0.503139 0.507778 0.513753 0.521141 0.530040 0.540572 0.552891 0.567183 0.583677 0.602654 0.624461 0.649530 0.678397 0.711745 0.750442 0.765101 0.744338 0.726376 0.710933 0.697778 0.686726 0.677626 0.670358 0.664828 0.660968 0.658731 0.658089 0.659034 0.661578 0.665751 0.671606 0.679216 0.688678 0.700118 0.713693 0.729597 0.748069 0.769403 0.768752 0.761176 0.755551 0.751806 0.749896 0.749797 0.751509 0.755051 0.760468 0.767826 0.777219 0.788768 0.802628 0.818992 7132.000000 1.151483 0.644099
0.686726 0.677626 0.670358 0.664828 0.660968 0.658731 0.658089 0.659034 0.661578 0.665751 0.671606 0.679216 0.688678 0.700118 0.713693 0.729597 0.748069 0.769403 0.768752 0.761176 0.755551 0.751806 0.749896 0.749797 0.751509 0.755051 0.760468 0.767826 0.777219 0.788768 0.802628 0.818992 0.796259 0.727311 0.670840 0.623901 0.584417 0.550881 0.522175 0.497451 0.476058 0.457486 0.441331 0.427273 0.415052 0.404458 0.395320 0.387498 0.380880 0.375373 0.370904 0.367415 0.370987 0.385144 0.401430 0.420212 0.441954 0.467256 0.496900 0.531930 0.573759 0.624362 0.686567 0.764585 0.864959 0.998437 1.000000 0.942462 0.893220 0.850816 0.814129 0.782281 0.754580 0.730473 0.709516 0.691347 0.675672 0.662252 0.650892 0.641435 0.633753 0.627748 0.623343 0.620484 0.623455 0.633701 0.645872 0.660141 0.676722 0.695876 0.717927 0.743270 0.772397 0.805920 0.783293 0.738363 0.699902 0.666776 0.638112 0.613227 0.591582 0.572746 0.556371 0.542176 0.529933 0.519454 0.510587 0.503211 0.503139 0.507778 0.513753 0.521141 0.530040 0.540572 0.552891 0.567183 0.583677 0.602654 0.624461 0.649530 0.678397 0.711745 0.750442 0.765101 0.744338 0.726376 0.710933 0.697778 7132.000000 1.151483 0.644099
0.911361 0.841367 0.783109 0.734050 0.692345 0.656621 0.625836 0.599188 0.576047 0.555917 0.538399 0.523174 0.509981 0.498608 0.488884 0.480668 0.473846 0.468327 0.464040 0.460932 0.458963 0.458110 0.458362 0.459722 0.462208 0.465849 0.470691 0.476795 0.484241 0.493131 0.503588 0.515769 0.529861 0.546098 0.564765 0.586215 0.610889 0.639339 0.672268 0.710577 0.755446 0.808442 0.871693 0.948159 1.000000 0.922629 0.858290 0.804150 0.758153 0.718771 0.684847 0.655489 0.630000 0.607828 0.588534 0.571761 0.557224 0.544687 0.533960 0.524887 0.517343 0.511227 0.506460 0.502981 0.500748 0.499733 0.499924 0.501324 0.503949 0.507831 0.513020 0.519579 0.527597 0.537180 0.548463 0.561613 0.576832 0.594371 0.614537 0.637709 0.664361 0.695085 0.730634 0.771975 0.820371 0.877495 0.889542 0.831695 0.782683 0.740811 0.704804 0.673682 0.646685 0.623211 0.602784 0.585017 0.569601 0.556282 0.544854 0.535150 0.527033 0.520393 0.515144 0.511220 0.508570 0.507163 0.506982 0.508025 0.510304 0.513847 0.518698 0.524917 0.532587 0.541808 0.552709 0.565449 0.580220 0.597261 0.616864 0.639391 0.665288 0.695117 0.729587 0.769605 0.816348 0.871371 0.936768 0.996678 3763.000000 1.139685 0.600703
0.569601 0.556282 0.544854 0.535150 0.527033 0.520393 0.515144 0.511220 0.508570 0.507163 0.506982 0.508025 0.510304 0.513847 0.518698 0.524917 0.532587 0.541808 0.552709 0.565449 0.580220 0.597261 0.616864 0.639391 0.665288 0.695117 0.729587 0.769605 0.816348 0.871371 0.936768 0.996678 0.911361 0.841367 0.783109 0.734050 0.692345 0.656621 0.625836 0.599188 0.576047 0.555917 0.538399 0.523174 0.509981 0.498608 0.488884 0.480668 0.473846 0.468327 0.464040 0.460932 0.458963 0.458110 0.458362 0.459722 0.462208 0.465849 0.470691 0.476795 0.484241 0.493131 0.503588 0.515769 0.529861 0.546098 0.564765 0.586215 0.610889 0.639339 0.672268 0.710577 0.755446 0.808442 0.871693 0.948159 1.000000 0.922629 0.858290 0.804150 0.758153 0.718771 0.684847 0.655489 0.630000 0.607828 0.588534 0.571761 0.557224 0.544687 0.533960 0.524887 0.517343 0.511227 0.506460 0.502981 0.500748 0.499733 0.499924 0.501324 0.503949 0.507831 0.513020 0.519579 0.527597 0.537180 0.548463 0.561613 0.576832 0.594371 0.614537 0.637709 0.664361 0.695085 0.730634 0.771975 0.820371 0.877495 0.889542 0.831695 0.782683 0.740811 0.704804 0.673682 0.646685 0.623211 0.602784 0.585017 3763.000000 1.139685 0.600703
0.500748 0.499733 0.499924 0.501324 0.503949 0.507831 0.513020 0.519579 0.527597 0.537180 0.548463 0.561613 0.576832 0.594371 0.614537 0.637709 0.664361 0.695085 0.730634 0.771975 0.820371 0.877495 0.889542 0.831695 0.782683 0.740811 0.704804 0.673682 0.646685 0.623211 0.602784 0.585017 0.569601 0.556282 0.544854 0.535150 0.527033 0.520393 0.515144 0.511220 0.508570 0.507163 0.506982 0.508025 0.510304 0.513847 0.518698 0.524917 0.532587 0.541808 0.552709 0.565449 0.580220 0.597261 0.616864 0.639391 0.665288 0.695117 0.729587 0.769605 0.816348 0.871371 0.936768 0.996678 0.911361 0.841367 0.783109 0.734050 0.692345 0.656621 0.625836 0.599188 0.576047 0.555917 0.538399 0.523174 0.509981 0.498608 0.488884 0.480668 0.473846 0.468327 0.464040 0.460932 0.458963 0.458110 0.458362 0.459722 0.462208 0.465849 0.470691 0.476795 0.484241 0.493131 0.503588 0.515769 0.529861 0.546098 0.564765 0.586215 0.610889 0.639339 0.672268 0.710577 0.755446 0.808442 0.871693 0.948159 1.000000 0.922629 0.858290 0.804150 0.758153 0.718771 0.684847 0.655489 0.630000 0.607828 0.588534 0.571761 0.557224 0.544687 0.533960 0.524887 0.517343 0.511227 0.506460 0.502981 3763.000000 1.139685 0.600703
0.529861 0.546098 0.564765 0.586215 0.610889 0.639339 0.672268 0.710577 0.755446 0.808442 0.871693 0.948159 1.000000 0.922629 0.858290 0.804150 0.758153 0.718771 0.684847 0.655489 0.630000 0.607828 0.588534 0.571761 0.557224 0.544687 0.533960 0.524887 0.517343 0.511227 0.506460 0.502981 0.500748 0.499733 0.499924 0.501324 0.503949 0.507831 0.513020 0.519579 0.527597 0.537180 0.548463 0.561613 0.576832 0.594371 0.614537 0.637709 0.664361 0.695085 0.730634 0.771975 0.820371 0.877495 0.889542 0.831695 0.782683 0.740811 0.704804 0.673682 0.646685 0.623211 0.602784 0.585017 0.569601 0.556282 0.544854 0.535150 0.527033 0.520393 0.515144 0.511220 0.508570 0.507163 0.506982 0.508025 0.510304 0.513847 0.518698 0.524917 0.532587 0.541808 0.552709 0.565449 0.580220 0.597261 0.616864 0.639391 0.665288 0.695117 0.729587 0.769605 0.816348 0.871371 0.936768 0.996678 0.911361 0.841367 0.783109 0.734050 0.692345 0.656621 0.625836 0.599188 0.576047 0.555917 0.538399 0.523174 0.509981 0.498608 0.488884 0.480668 0.473846 0.468327 0.464040 0.460932 0.458963 0.458110 0.458362 0.459722 0.462208 0.465849 0.470691 0.476795 0.484241 0.493131 0.503588 0.515769 3763.000000 1.139685 0.600703
0.802592 0.842041 0.851777 0.796015 0.748798 0.708480 0.673822 0.643876 0.617903 0.595323 0.575674 0.558582 0.543749 0.530928 0.519923 0.510569 0.502735 0.496316 0.491227 0.487404 0.484799 0.483380 0.483129 0.484044 0.486136 0.489431 0.493969 0.499806 0.507020 0.511509 0.512576 0.514891 0.518481 0.523392 0.529685 0.537441 0.546765 0.557786 0.570663 0.585593 0.602816 0.622628 0.645395 0.671569 0.701718 0.736558 0.777009 0.824262 0.879892 0.946018 1.000000 0.922895 0.858749 0.804754 0.758867 0.719570 0.685714 0.656411 0.630967 0.608835 0.589574 0.572833 0.558323 0.545814 0.535113 0.526067 0.518550 0.512462 0.507724 0.504277 0.502078 0.501099 0.501330 0.502773 0.505446 0.509381 0.514626 0.521250 0.529339 0.529869 0.529808 0.531027 0.533539 0.537377 0.542586 0.549234 0.557406 0.567211 0.578788 0.592303 0.607965 0.626026 0.646799 0.670669 0.698115 0.729736 0.766291 0.808752 0.783957 0.752269 0.724722 0.700749 0.679897 0.661798 0.646154 0.632722 0.621303 0.611736 0.603893 0.597669 0.592987 0.589787 0.588031 0.587696 0.588780 0.591295 0.595271 0.600759 0.607826 0.616565 0.627092 0.639551 0.654124 0.671030 0.690541 0.712990 0.738788 0.768443 2909.000000 1.222972 0.704346
0.766291 0.808752 0.783957 0.752269 0.724722 0.700749 0.679897 0.661798 0.646154 0.632722 0.621303 0.611736 0.603893 0.597669 0.592987 0.589787 0.588031 0.587696 0.588780 0.591295 0.595271 0.600759 0.607826 0.616565 0.627092 0.639551 0.654124 0.671030 0.690541 0.712990 0.738788 0.768443 0.802592 0.842041 0.851777 0.796015 0.748798 0.708480 0.673822 0.643876 0.617903 0.595323 0.575674 0.558582 0.543749 0.530928 0.519923 0.510569 0.502735 0.496316 0.491227 0.487404 0.484799 0.483380 0.483129 0.484044 0.486136 0.489431 0.493969 0.499806 0.507020 0.511509 0.512576 0.514891 0.518481 0.523392 0.529685 0.537441 0.546765 0.557786 0.570663 0.585593 0.602816 0.622628 0.645395 0.671569 0.701718 0.736558 0.777009 0.824262 0.879892 0.946018 1.000000 0.922895 0.858749 0.804754 0.758867 0.719570 0.685714 0.656411 0.630967 0.608835 0.589574 0.572833 0.558323 0.545814 0.535113 0.526067 0.518550 0.512462 0.507724 0.504277 0.502078 0.501099 0.501330 0.502773 0.505446 0.509381 0.514626 0.521250 0.529339 0.529869 0.529808 0.531027 0.533539 0.537377 0.542586 0.549234 0.557406 0.567211 0.578788 0.592303 0.607965 0.626026 0.646799 0.670669 0.698115 0.729736 2909.000000 1.222972 0.704346
0.535113 0.526067 0.518550 0.512462 0.507724 0.504277 0.502078 0.501099 0.501330 0.502773 0.505446 0.509381 0.514626 0.521250 0.529339 0.529869 0.529808 0.531027 0.533539 0.537377 0.542586 0.549234 0.557406 0.567211 0.578788 0.592303 0.607965 0.626026 0.646799 0.670669 0.698115 0.729736 0.766291 0.808752 0.783957 0.752269 0.724722 0.700749 0.679897 0.661798 0.646154 0.632722 0.621303 0.611736 0.603893 0.597669 0.592987 0.589787 0.588031 0.587696 0.588780 0.591295 0.595271 0.600759 0.607826 0.616565 0.627092 0.639551 0.654124 0.671030 0.690541 0.712990 0.738788 0.768443 0.802592 0.842041 0.851777 0.796015 0.748798 0.708480 0.673822 0.643876 0.617903 0.595323 0.575674 0.558582 0.543749 0.530928 0.519923 0.510569 0.502735 0.496316 0.491227 0.487404 0.484799 0.483380 0.483129 0.484044 0.486136 0.489431 0.493969 0.499806 0.507020 0.511509 0.512576 0.514891 0.518481 0.523392 0.529685 0.537441 0.546765 0.557786 0.570663 0.585593 0.602816 0.622628 0.645395 0.671569 0.701718 0.736558 0.777009 0.824262 0.879892 0.946018 1.000000 0.922895 0.858749 0.804754 0.758867 0.719570 0.685714 0.656411 0.630967 0.608835 0.589574 0.572833 0.558323 0.545814 2909.000000 1.222972 0.704346
0.518481 0.523392 0.529685 0.537441 0.546765 0.557786 0.570663 0.585593 0.602816 0.622628 0.645395 0.671569 0.701718 0.736558 0.777009 0.824262 0.879892 0.946018 1.000000 0.922895 0.858749 0.804754 0.758867 0.719570 0.685714 0.656411 0.630967 0.608835 0.589574 0.572833 0.558323 0.545814 0.535113 0.526067 0.518550 0.512462 0.507724 0.504277 0.502078 0.501099 0.501330 0.502773 0.505446 0.509381 0.514626 0.521250 0.529339 0.529869 0.529808 0.531027 0.533539 0.537377 0.542586 0.549234 0.557406 0.567211 0.578788 0.592303 0.607965 0.626026 0.646799 0.670669 0.698115 0.729736 0.766291 0.808752 0.783957 0.752269 0.724722 0.700749 0.679897 0.661798 0.646154 0.632722 0.621303 0.611736 0.603893 0.597669 0.592987 0.589787 0.588031 0.587696 0.588780 0.591295 0.595271 0.600759 0.607826 0.616565 0.627092 0.639551 0.654124 0.671030 0.690541 0.712990 0.738788 0.768443 0.802592 0.842041 0.851777 0.796015 0.748798 0.708480 0.673822 0.643876 0.617903 0.595323 0.575674 0.558582 0.543749 0.530928 0.519923 0.510569 0.502735 0.496316 0.491227 0.487404 0.484799 0.483380 0.483129 0.484044 0.486136 0.489431 0.493969 0.499806 0.507020 0.511509 0.512576 0.514891 2909.000000 1.222972 0.704346
0.705228 0.701379 0.699249 0.698809 0.700055 0.703003 0.707687 0.714166 0.722522 0.732862 0.745324 0.760080 0.777342 0.797373 0.820491 0.847092 0.877661 0.912800 0.953263 1.000000 0.951073 0.908557 0.871689 0.839641 0.811752 0.787493 0.766434 0.748227 0.732590 0.719290 0.708140 0.698988 0.691716 0.686229 0.682459 0.680361 0.679909 0.681097 0.683940 0.688472 0.694750 0.702852 0.712882 0.724975 0.739298 0.756055 0.775501 0.797948 0.823776 0.853456 0.887574 0.926859 0.949485 0.906026 0.868372 0.835656 0.807190 0.782422 0.760907 0.742284 0.726259 0.712591 0.701086 0.691586 0.683967 0.678128 0.673999 0.671528 0.670685 0.671459 0.673860 0.677918 0.683682 0.691224 0.700641 0.712058 0.725630 0.741550 0.760056 0.781441 0.806062 0.834361 0.866883 0.904310 0.912106 0.884182 0.859928 0.838935 0.820874 0.805473 0.792514 0.781819 0.773246 0.766687 0.762058 0.759303 0.758388 0.759303 0.762058 0.766687 0.773246 0.781819 0.792514 0.805473 0.820874 0.838935 0.859928 0.849801 0.825008 0.803501 0.784930 0.769009 0.755505 0.744229 0.735029 0.727786 0.722408 0.718827 0.717001 0.716906 0.718543 0.721930 0.727109 0.734144 0.739091 0.727663 0.718287 0.710840 992.000000 1.046930 0.823865
0.758388 0.759303 0.762058 0.766687 0.773246 0.781819 0.792514 0.805473 0.820874 0.838935 0.859928 0.849801 0.825008 0.803501 0.784930 0.769009 0.755505 0.744229 0.735029 0.727786 0.722408 0.718827 0.717001 0.716906 0.718543 0.721930 0.727109 0.734144 0.739091 0.727663 0.718287 0.710840 0.705228 0.701379 0.699249 0.698809 0.700055 0.703003 0.707687 0.714166 0.722522 0.732862 0.745324 0.760080 0.777342 0.797373 0.820491 0.847092 0.877661 0.912800 0.953263 1.000000 0.951073 0.908557 0.871689 0.839641 0.811752 0.787493 0.766434 0.748227 0.732590 0.719290 0.708140 0.698988 0.691716 0.686229 0.682459 0.680361 0.679909 0.681097 0.683940 0.688472 0.694750 0.702852 0.712882 0.724975 0.739298 0.756055 0.775501 0.797948 0.823776 0.853456 0.887574 0.926859 0.949485 0.906026 0.868372 0.835656 0.807190 0.782422 0.760907 0.742284 0.726259 0.712591 0.701086 0.691586 0.683967 0.678128 0.673999 0.671528 0.670685 0.671459 0.673860 0.677918 0.683682 0.691224 0.700641 0.712058 0.725630 0.741550 0.760056 0.781441 0.806062 0.834361 0.866883 0.904310 0.912106 0.884182 0.859928 0.838935 0.820874 0.805473 0.792514 0.781819 0.773246 0.766687 0.762058 0.759303 992.000000 1.046930 0.823865
0.683967 0.678128 0.673999 0.671528 0.670685 0.671459 0.673860 0.677918 0.683682 0.691224 0.700641 0.712058 0.725630 0.741550 0.760056 0.781441 0.806062 0.834361 0.866883 0.904310 0.912106 0.884182 0.859928 0.838935 0.820874 0.805473 0.792514 0.781819 0.773246 0.766687 0.762058 0.759303 0.758388 0.759303 0.762058 0.766687 0.773246 0.781819 0.792514 0.805473 0.820874 0.838935 0.859928 0.849801 0.825008 0.803501 0.784930 0.769009 0.755505 0.744229 0.735029 0.727786 0.722408 0.718827 0.717001 0.716906 0.718543 0.721930 0.727109 0.734144 0.739091 0.727663 0.718287 0.710840 0.705228 0.701379 0.699249 0.698809 0.700055 0.703003 0.707687 0.714166 0.722522 0.732862 0.745324 0.760080 0.777342 0.797373 0.820491 0.847092 0.877661 0.912800 0.953263 1.000000 0.951073 0.908557 0.871689 0.839641 0.811752 0.787493 0.766434 0.748227 0.732590 0.719290 0.708140 0.698988 0.691716 0.686229 0.682459 0.680361 0.679909 0.681097 0.683940 0.688472 0.694750 0.702852 0.712882 0.724975 0.739298 0.756055 0.775501 0.797948 0.823776 0.853456 0.887574 0.926859 0.949485 0.906026 0.868372 0.835656 0.807190 0.782422 0.760907 0.742284 0.726259 0.712591 0.701086 0.691586 992.000000 1.046930 0.823865
0.691716 0.686229 0.682459 0.680361 0.679909 0.681097 0.683940 0.688472 0.694750 0.702852 0.712882 0.724975 0.739298 0.756055 0.775501 0.797948 0.823776 0.853456 0.887574 0.926859 0.949485 0.906026 0.868372 0.835656 0.807190 0.782422 0.760907 0.742284 0.726259 0.712591 0.701086 0.691586 0.683967 0.678128 0.673999 0.671528 0.670685 0.671459 0.673860 0.677918 0.683682 0.691224 0.700641 0.712058 0.725630 0.741550 0.760056 0.781441 0.806062 0.834361 0.866883 0.904310 0.912106 0.884182 0.859928 0.838935 0.820874 0.805473 0.792514 0.781819 0.773246 0.766687 0.762058 0.759303 0.758388 0.759303 0.762058 0.766687 0.773246 0.781819 0.792514 0.805473 0.820874 0.838935 0.859928 0.849801 0.825008 0.803501 0.784930 0.769009 0.755505 0.744229 0.735029 0.727786 0.722408 0.718827 0.717001 0.716906 0.718543 0.721930 0.727109 0.734144 0.739091 0.727663 0.718287 0.710840 0.705228 0.701379 0.699249 0.698809 0.700055 0.703003 0.707687 0.714166 0.722522 0.732862 0.745324 0.760080 0.777342 0.797373 0.820491 0.847092 0.877661 0.912800 0.953263 1.000000 0.951073 0.908557 0.871689 0.839641 0.811752 0.787493 0.766434 0.748227 0.732590 0.719290 0.708140 0.698988 992.000000 1.046930 0.823865
0.553660 0.552518 0.552710 0.554238 0.557119 0.561391 0.567105 0.574334 0.583174 0.593742 0.606188 0.620694 0.637485 0.615912 0.596627 0.579868 0.565350 0.552840 0.542150 0.533125 0.525641 0.519599 0.514921 0.511547 0.509437 0.508564 0.508918 0.510504 0.513339 0.517460 0.522918 0.529782 0.538142 0.548112 0.559833 0.573477 0.589258 0.605689 0.606433 0.608647 0.612358 0.617611 0.624473 0.633031 0.643399 0.655717 0.670163 0.686952 0.706348 0.728679 0.754344 0.783840 0.797968 0.773539 0.752319 0.733954 0.718153 0.704679 0.693341 0.683985 0.676485 0.670746 0.666697 0.664287 0.663486 0.664287 0.666697 0.670746 0.676485 0.683985 0.693341 0.704679 0.706581 0.661100 0.622528 0.589552 0.561177 0.536642 0.515351 0.496837 0.480725 0.466714 0.454561 0.444067 0.435071 0.427442 0.421073 0.415878 0.411789 0.408755 0.406739 0.405714 0.405670 0.406605 0.408531 0.411472 0.415463 0.420555 0.428220 0.442418 0.458733 0.477492 0.499104 0.524088 0.553107 0.587025 0.626984 0.674525 0.731773 0.801752 0.888897 1.000000 0.987368 0.918801 0.861078 0.812019 0.770005 0.733805 0.702472 0.675266 0.651600 0.631005 0.613103 0.597590 0.584215 0.572775 0.563105 0.556149 1743.500000 1.468313 0.703099
0.415463 0.420555 0.428220 0.442418 0.458733 0.477492 0.499104 0.524088 0.553107 0.587025 0.626984 0.674525 0.731773 0.801752 0.888897 1.000000 0.987368 0.918801 0.861078 0.812019 0.770005 0.733805 0.702472 0.675266 0.651600 0.631005 0.613103 0.597590 0.584215 0.572775 0.563105 0.556149 0.553660 0.552518 0.552710 0.554238 0.557119 0.561391 0.567105 0.574334 0.583174 0.593742 0.606188 0.620694 0.637485 0.615912 0.596627 0.579868 0.565350 0.552840 0.542150 0.533125 0.525641 0.519599 0.514921 0.511547 0.509437 0.508564 0.508918 0.510504 0.513339 0.517460 0.522918 0.529782 0.538142 0.548112 0.559833 0.573477 0.589258 0.605689 0.606433 0.608647 0.612358 0.617611 0.624473 0.633031 0.643399 0.655717 0.670163 0.686952 0.706348 0.728679 0.754344 0.783840 0.797968 0.773539 0.752319 0.733954 0.718153 0.704679 0.693341 0.683985 0.676485 0.670746 0.666697 0.664287 0.663486 0.664287 0.666697 0.670746 0.676485 0.683985 0.693341 0.704679 0.706581 0.661100 0.622528 0.589552 0.561177 0.536642 0.515351 0.496837 0.480725 0.466714 0.454561 0.444067 0.435071 0.427442 0.421073 0.415878 0.411789 0.408755 0.406739 0.405714 0.405670 0.406605 0.408531 0.411472 1743.500000 1.468313 0.703099
0.663486 0.664287 0.666697 0.670746 0.676485 0.683985 0.693341 0.704679 0.706581 0.661100 0.622528 0.589552 0.561177 0.536642 0.515351 0.496837 0.480725 0.466714 0.454561 0.444067 0.435071 0.427442 0.421073 0.415878 0.411789 0.408755 0.406739 0.405714 0.405670 0.406605 0.408531 0.411472 0.415463 0.420555 0.428220 0.442418 0.458733 0.477492 0.499104 0.524088 0.553107 0.587025 0.626984 0.674525 0.731773 0.801752 0.888897 1.000000 0.987368 0.918801 0.861078 0.812019 0.770005 0.733805 0.702472 0.675266 0.651600 0.631005 0.613103 0.597590 0.584215 0.572775 0.563105 0.556149 0.553660 0.552518 0.552710 0.554238 0.557119 0.561391 0.567105 0.574334 0.583174 0.593742 0.606188 0.620694 0.637485 0.615912 0.596627 0.579868 0.565350 0.552840 0.542150 0.533125 0.525641 0.519599 0.514921 0.511547 0.509437 0.508564 0.508918 0.510504 0.513339 0.517460 0.522918 0.529782 0.538142 0.548112 0.559833 0.573477 0.589258 0.605689 0.606433 0.608647 0.612358 0.617611 0.624473 0.633031 0.643399 0.655717 0.670163 0.686952 0.706348 0.728679 0.754344 0.783840 0.797968 0.773539 0.752319 0.733954 0.718153 0.704679 0.693341 0.683985 0.676485 0.670746 0.666697 0.664287 1743.500000 1.468313 0.703099
0.538142 0.548112 0.559833 0.573477 0.589258 0.605689 0.606433 0.608647 0.612358 0.617611 0.624473 0.633031 0.643399 0.655717 0.670163 0.686952 0.706348 0.728679 0.754344 0.783840 0.797968 0.773539 0.752319 0.733954 0.718153 0.704679 0.693341 0.683985 0.676485 0.670746 0.666697 0.664287 0.663486 0.664287 0.666697 0.670746 0.676485 0.683985 0.693341 0.704679 0.706581 0.661100 0.622528 0.589552 0.561177 0.536642 0.515351 0.496837 0.480725 0.466714 0.454561 0.444067 0.435071 0.427442 0.421073 0.415878 0.411789 0.408755 0.406739 0.405714 0.405670 0.406605 0.408531 0.411472 0.415463 0.420555 0.428220 0.442418 0.458733 0.477492 0.499104 0.524088 0.553107 0.587025 0.626984 0.674525 0.731773 0.801752 0.888897 1.000000 0.987368 0.918801 0.861078 0.812019 0.770005 0.733805 0.702472 0.675266 0.651600 0.631005 0.613103 0.597590 0.584215 0.572775 0.563105 0.556149 0.553660 0.552518 0.552710 0.554238 0.557119 0.561391 0.567105 0.574334 0.583174 0.593742 0.606188 0.620694 0.637485 0.615912 0.596627 0.579868 0.565350 0.552840 0.542150 0.533125 0.525641 0.519599 0.514921 0.511547 0.509437 0.508564 0.508918 0.510504 0.513339 0.517460 0.522918 0.529782 1743.500000 1.468313 0.703099
0.852710 0.837051 0.823906 0.813096 0.804479 0.797945 0.793413 0.790825 0.790152 0.791386 0.794540 0.799653 0.806789 0.816037 0.827516 0.841378 0.857815 0.877062 0.899408 0.925211 0.908978 0.889895 0.873658 0.860038 0.848849 0.839945 0.833213 0.828568 0.825953 0.825336 0.826711 0.830093 0.835525 0.843072 0.852830 0.864925 0.879517 0.896807 0.917045 0.940535 0.967652 0.998857 1.000000 0.959430 0.924162 0.893472 0.866775 0.843601 0.823566 0.806359 0.791723 0.779454 0.769385 0.761383 0.755348 0.751202 0.748896 0.748402 0.749713 0.752846 0.757838 0.764751 0.773673 0.784719 0.798034 0.813804 0.832255 0.853666 0.876148 0.867144 0.860375 0.855756 0.853231 0.852770 0.854366 0.858039 0.863834 0.871822 0.882104 0.894813 0.910118 0.928231 0.949413 0.971338 0.942065 0.916648 0.894665 0.875773 0.859690 0.846189 0.835086 0.826236 0.819524 0.814868 0.812211 0.811519 0.812785 0.816023 0.821274 0.828603 0.838100 0.849889 0.864126 0.881006 0.900772 0.895266 0.876577 0.860684 0.847362 0.836431 0.827747 0.821199 0.816706 0.814212 0.813689 0.815128 0.818548 0.823990 0.831521 0.841237 0.853262 0.867758 0.884922 0.905004 0.928307 0.917254 0.892507 0.871104 12822.000000 1.059020 0.893047
0.812785 0.816023 0.821274 0.828603 0.838100 0.849889 0.864126 0.881006 0.900772 0.895266 0.876577 0.860684 0.847362 0.836431 0.827747 0.821199 0.816706 0.814212 0.813689 0.815128 0.818548 0.823990 0.831521 0.841237 0.853262 0.867758 0.884922 0.905004 0.928307 0.917254 0.892507 0.871104 0.852710 0.837051 0.823906 0.813096 0.804479 0.797945 0.793413 0.790825 0.790152 0.791386 0.794540 0.799653 0.806789 0.816037 0.827516 0.841378 0.857815 0.877062 0.899408 0.925211 0.908978 0.889895 0.873658 0.860038 0.848849 0.839945 0.833213 0.828568 0.825953 0.825336 0.826711 0.830093 0.835525 0.843072 0.852830 0.864925 0.879517 0.896807 0.917045 0.940535 0.967652 0.998857 1.000000 0.959430 0.924162 0.893472 0.866775 0.843601 0.823566 0.806359 0.791723 0.779454 0.769385 0.761383 0.755348 0.751202 0.748896 0.748402 0.749713 0.752846 0.757838 0.764751 0.773673 0.784719 0.798034 0.813804 0.832255 0.853666 0.876148 0.867144 0.860375 0.855756 0.853231 0.852770 0.854366 0.858039 0.863834 0.871822 0.882104 0.894813 0.910118 0.928231 0.949413 0.971338 0.942065 0.916648 0.894665 0.875773 0.859690 0.846189 0.835086 0.826236 0.819524 0.814868 0.812211 0.811519 12822.000000 1.059020 0.893047
0.798034 0.813804 0.832255 0.853666 0.876148 0.867144 0.860375 0.855756 0.853231 0.852770 0.854366 0.858039 0.863834 0.871822 0.882104 0.894813 0.910118 0.928231 0.949413 0.971338 0.942065 0.916648 0.894665 0.875773 0.859690 0.846189 0.835086 0.826236 0.819524 0.814868 0.812211 0.811519 0.812785 0.816023 0.821274 0.828603 0.838100 0.849889 0.864126 0.881006 0.900772 0.895266 0.876577 0.860684 0.847362 0.836431 0.827747 0.821199 0.816706 0.814212 0.813689 0.815128 0.818548 0.823990 0.831521 0.841237 0.853262 0.867758 0.884922 0.905004 0.928307 0.917254 0.892507 0.871104 0.852710 0.837051 0.823906 0.813096 0.804479 0.797945 0.793413 0.790825 0.790152 0.791386 0.794540 0.799653 0.806789 0.816037 0.827516 0.841378 0.857815 0.877062 0.899408 0.925211 0.908978 0.889895 0.873658 0.860038 0.848849 0.839945 0.833213 0.828568 0.825953 0.825336 0.826711 0.830093 0.835525 0.843072 0.852830 0.864925 0.879517 0.896807 0.917045 0.940535 0.967652 0.998857 1.000000 0.959430 0.924162 0.893472 0.866775 0.843601 0.823566 0.806359 0.791723 0.779454 0.769385 0.761383 0.755348 0.751202 0.748896 0.748402 0.749713 0.752846 0.757838 0.764751 0.773673 0.784719 12822.000000 1.059020 0.893047
0.835525 0.843072 0.852830 0.864925 0.879517 0.896807 0.917045 0.940535 0.967652 0.998857 1.000000 0.959430 0.924162 0.893472 0.866775 0.843601 0.823566 0.806359 0.791723 0.779454 0.769385 0.761383 0.755348 0.751202 0.748896 0.748402 0.749713 0.752846 0.757838 0.764751 0.773673 0.784719 0.798034 0.813804 0.832255 0.853666 0.876148 0.867144 0.860375 0.855756 0.853231 0.852770 0.854366 0.858039 0.863834 0.871822 0.882104 0.894813 0.910118 0.928231 0.949413 0.971338 0.942065 0.916648 0.894665 0.875773 0.859690 0.846189 0.835086 0.826236 0.819524 0.814868 0.812211 0.811519 0.812785 0.816023 0.821274 0.828603 0.838100 0.849889 0.864126 0.881006 0.900772 0.895266 0.876577 0.860684 0.847362 0.836431 0.827747 0.821199 0.816706 0.814212 0.813689 0.815128 0.818548 0.823990 0.831521 0.841237 0.853262 0.867758 0.884922 0.905004 0.928307 0.917254 0.892507 0.871104 0.852710 0.837051 0.823906 0.813096 0.804479 0.797945 0.793413 0.790825 0.790152 0.791386 0.794540 0.799653 0.806789 0.816037 0.827516 0.841378 0.857815 0.877062 0.899408 0.925211 0.908978 0.889895 0.873658 0.860038 0.848849 0.839945 0.833213 0.828568 0.825953 0.825336 0.826711 0.830093 12822.000000 1.059020 0.893047
0.757404 0.810511 0.873891 0.840812 0.790460 0.747497 0.710587 0.678709 0.651069 0.627044 0.606137 0.587950 0.572161 0.558508 0.546778 0.536797 0.528425 0.521546 0.516072 0.511931 0.509074 0.507464 0.507081 0.507922 0.509997 0.513330 0.517963 0.523954 0.531381 0.540341 0.550959 0.563387 0.577813 0.594467 0.613632 0.635655 0.660970 0.690117 0.723776 0.762820 0.808374 0.861923 0.925458 0.858431 0.794358 0.740847 0.695660 0.657160 0.624123 0.595615 0.570913 0.549449 0.530773 0.514524 0.500410 0.488194 0.477683 0.468722 0.461180 0.454956 0.449968 0.446151 0.443457 0.441854 0.441322 0.441854 0.443457 0.446151 0.449968 0.454956 0.461180 0.468722 0.477683 0.488194 0.500410 0.514524 0.530773 0.549449 0.570913 0.595615 0.624123 0.657160 0.695660 0.740847 0.794358 0.858431 0.936201 1.000000 0.914355 0.844096 0.785621 0.736382 0.694526 0.658673 0.627779 0.601036 0.577813 0.557612 0.540032 0.524753 0.511513 0.500099 0.490339 0.482092 0.475244 0.469704 0.465399 0.462276 0.460296 0.459436 0.459684 0.461043 0.463530 0.467176 0.472026 0.478142 0.485603 0.494512 0.504992 0.517199 0.531323 0.547596 0.566305 0.587804 0.612533 0.641046 0.674047 0.712439 6159.500000 1.175273 0.598774
0.577813 0.557612 0.540032 0.524753 0.511513 0.500099 0.490339 0.482092 0.475244 0.469704 0.465399 0.462276 0.460296 0.459436 0.459684 0.461043 0.463530 0.467176 0.472026 0.478142 0.485603 0.494512 0.504992 0.517199 0.531323 0.547596 0.566305 0.587804 0.612533 0.641046 0.674047 0.712439 0.757404 0.810511 0.873891 0.840812 0.790460 0.747497 0.710587 0.678709 0.651069 0.627044 0.606137 0.587950 0.572161 0.558508 0.546778 0.536797 0.528425 0.521546 0.516072 0.511931 0.509074 0.507464 0.507081 0.507922 0.509997 0.513330 0.517963 0.523954 0.531381 0.540341 0.550959 0.563387 0.577813 0.594467 0.613632 0.635655 0.660970 0.690117 0.723776 0.762820 0.808374 0.861923 0.925458 0.858431 0.794358 0.740847 0.695660 0.657160 0.624123 0.595615 0.570913 0.549449 0.530773 0.514524 0.500410 0.488194 0.477683 0.468722 0.461180 0.454956 0.449968 0.446151 0.443457 0.441854 0.441322 0.441854 0.443457 0.446151 0.449968 0.454956 0.461180 0.468722 0.477683 0.488194 0.500410 0.514524 0.530773 0.549449 0.570913 0.595615 0.624123 0.657160 0.695660 0.740847 0.794358 0.858431 0.936201 1.000000 0.914355 0.844096 0.785621 0.736382 0.694526 0.658673 0.627779 0.601036 6159.500000 1.175273 0.598774
0.441322 0.441854 0.443457 0.446151 0.449968 0.454956 0.461180 0.468722 0.477683 0.488194 0.500410 0.514524 0.530773 0.549449 0.570913 0.595615 0.624123 0.657160 0.695660 0.740847 0.794358 0.858431 0.936201 1.000000 0.914355 0.844096 0.785621 0.736382 0.694526 0.658673 0.627779 0.601036 0.577813 0.557612 0.540032 0.524753 0.511513 0.500099 0.490339 0.482092 0.475244 0.469704 0.465399 0.462276 0.460296 0.459436 0.459684 0.461043 0.463530 0.467176 0.472026 0.478142 0.485603 0.494512 0.504992 0.517199 0.531323 0.547596 0.566305 0.587804 0.612533 0.641046 0.674047 0.712439 0.757404 0.810511 0.873891 0.840812 0.790460 0.747497 0.710587 0.678709 0.651069 0.627044 0.606137 0.587950 0.572161 0.558508 0.546778 0.536797 0.528425 0.521546 0.516072 0.511931 0.509074 0.507464 0.507081 0.507922 0.509997 0.513330 0.517963 0.523954 0.531381 0.540341 0.550959 0.563387 0.577813 0.594467 0.613632 0.635655 0.660970 0.690117 0.723776 0.762820 0.808374 0.861923 0.925458 0.858431 0.794358 0.740847 0.695660 0.657160 0.624123 0.595615 0.570913 0.549449 0.530773 0.514524 0.500410 0.488194 0.477683 0.468722 0.461180 0.454956 0.449968 0.446151 0.443457 0.441854 6159.500000 1.175273 0.598774
0.577813 0.594467 0.613632 0.635655 0.660970 0.690117 0.723776 0.762820 0.808374 0.861923 0.925458 0.858431 0.794358 0.740847 0.695660 0.657160 0.624123 0.595615 0.570913 0.549449 0.530773 0.514524 0.500410 0.488194 0.477683 0.468722 0.461180 0.454956 0.449968 0.446151 0.443457 0.441854 0.441322 0.441854 0.443457 0.446151 0.449968 0.454956 0.461180 0.468722 0.477683 0.488194 0.500410 0.514524 0.530773 0.549449 0.570913 0.595615 0.624123 0.657160 0.695660 0.740847 0.794358 0.858431 0.936201 1.000000 0.914355 0.844096 0.785621 0.736382 0.694526 0.658673 0.627779 0.601036 0.577813 0.557612 0.540032 0.524753 0.511513 0.500099 0.490339 0.482092 0.475244 0.469704 0.465399 0.462276 0.460296 0.459436 0.459684 0.461043 0.463530 0.467176 0.472026 0.478142 0.485603 0.494512 0.504992 0.517199 0.531323 0.547596 0.566305 0.587804 0.612533 0.641046 0.674047 0.712439 0.757404 0.810511 0.873891 0.840812 0.790460 0.747497 0.710587 0.678709 0.651069 0.627044 0.606137 0.587950 0.572161 0.558508 0.546778 0.536797 0.528425 0.521546 0.516072 0.511931 0.509074 0.507464 0.507081 0.507922 0.509997 0.513330 0.517963 0.523954 0.531381 0.540341 0.550959 0.563387 6159.500000 1.175273 0.598774
1.000000 0.945468 0.898630 0.858183 0.823117 0.792640 0.766118 0.743046 0.723014 0.705689 0.690800 0.678126 0.667488 0.658741 0.651770 0.646487 0.642824 0.640738 0.640202 0.641211 0.643777 0.647930 0.653722 0.661226 0.670538 0.681783 0.695114 0.710723 0.706557 0.694835 0.685119 0.677279 0.671216 0.666853 0.664136 0.663032 0.663527 0.665627 0.669359 0.674767 0.681920 0.690909 0.701850 0.714894 0.730225 0.748069 0.768705 0.792476 0.819801 0.851202 0.887327 0.924169 0.886967 0.854624 0.826478 0.801997 0.780752 0.762392 0.746633 0.733243 0.722034 0.712854 0.705583 0.700128 0.696422 0.694419 0.694095 0.695445 0.698488 0.703258 0.709816 0.718243 0.728650 0.741175 0.755991 0.773312 0.793402 0.816583 0.843252 0.873898 0.843276 0.812366 0.785467 0.762069 0.741760 0.724205 0.709131 0.696315 0.685575 0.676768 0.669778 0.664514 0.660913 0.658929 0.658539 0.659738 0.662540 0.666980 0.673112 0.681014 0.690787 0.702563 0.716502 0.705487 0.694072 0.684644 0.677077 0.671276 0.667167 0.664699 0.663843 0.664588 0.666943 0.670937 0.676619 0.684060 0.693356 0.704629 0.718032 0.733758 0.752040 0.773166 0.797490 0.825448 0.857579 0.894554 0.937221 0.986658 744.500000 1.145543 0.818953
0.662540 0.666980 0.673112 0.681014 0.690787 0.702563 0.716502 0.705487 0.694072 0.684644 0.677077 0.671276 0.667167 0.664699 0.663843 0.664588 0.666943 0.670937 0.676619 0.684060 0.693356 0.704629 0.718032 0.733758 0.752040 0.773166 0.797490 0.825448 0.857579 0.894554 0.937221 0.986658 1.000000 0.945468 0.898630 0.858183 0.823117 0.792640 0.766118 0.743046 0.723014 0.705689 0.690800 0.678126 0.667488 0.658741 0.651770 0.646487 0.642824 0.640738 0.640202 0.641211 0.643777 0.647930 0.653722 0.661226 0.670538 0.681783 0.695114 0.710723 0.706557 0.694835 0.685119 0.677279 0.671216 0.666853 0.664136 0.663032 0.663527 0.665627 0.669359 0.674767 0.681920 0.690909 0.701850 0.714894 0.730225 0.748069 0.768705 0.792476 0.819801 0.851202 0.887327 0.924169 0.886967 0.854624 0.826478 0.801997 0.780752 0.762392 0.746633 0.733243 0.722034 0.712854 0.705583 0.700128 0.696422 0.694419 0.694095 0.695445 0.698488 0.703258 0.709816 0.718243 0.728650 0.741175 0.755991 0.773312 0.793402 0.816583 0.843252 0.873898 0.843276 0.812366 0.785467 0.762069 0.741760 0.724205 0.709131 0.696315 0.685575 0.676768 0.669778 0.664514 0.660913 0.658929 0.658539 0.659738 744.500000 1.145543 0.818953
0.696422 0.694419 0.694095 0.695445 0.698488 0.703258 0.709816 0.718243 0.728650 0.741175 0.755991 0.773312 0.793402 0.816583 0.843252 0.873898 0.843276 0.812366 0.785467 0.762069 0.741760 0.724205 0.709131 0.696315 0.685575 0.676768 0.669778 0.664514 0.660913 0.658929 0.658539 0.659738 0.662540 0.666980 0.673112 0.681014 0.690787 0.702563 0.716502 0.705487 0.694072 0.684644 0.677077 0.671276 0.667167 0.664699 0.663843 0.664588 0.666943 0.670937 0.676619 0.684060 0.693356 0.704629 0.718032 0.733758 0.752040 0.773166 0.797490 0.825448 0.857579 0.894554 0.937221 0.986658 1.000000 0.945468 0.898630 0.858183 0.823117 0.792640 0.766118 0.743046 0.723014 0.705689 0.690800 0.678126 0.667488 0.658741 0.651770 0.646487 0.642824 0.640738 0.640202 0.641211 0.643777 0.647930 0.653722 0.661226 0.670538 0.681783 0.695114 0.710723 0.706557 0.694835 0.685119 0.677279 0.671216 0.666853 0.664136 0.663032 0.663527 0.665627 0.669359 0.674767 0.681920 0.690909 0.701850 0.714894 0.730225 0.748069 0.768705 0.792476 0.819801 0.851202 0.887327 0.924169 0.886967 0.854624 0.826478 0.801997 0.780752 0.762392 0.746633 0.733243 0.722034 0.712854 0.705583 0.700128 744.500000 1.145543 0.818953
0.671216 0.666853 0.664136 0.663032 0.663527 0.665627 0.669359 0.674767 0.681920 0.690909 0.701850 0.714894 0.730225 0.748069 0.768705 0.792476 0.819801 0.851202 0.887327 0.924169 0.886967 0.854624 0.826478 0.801997 0.780752 0.762392 0.746633 0.733243 0.722034 0.712854 0.705583 0.700128 0.696422 0.694419 0.694095 0.695445 0.698488 0.703258 0.709816 0.718243 0.728650 0.741175 0.755991 0.773312 0.793402 0.816583 0.843252 0.873898 0.843276 0.812366 0.785467 0.762069 0.741760 0.724205 0.709131 0.696315 0.685575 0.676768 0.669778 0.664514 0.660913 0.658929 0.658539 0.659738 0.662540 0.666980 0.673112 0.681014 0.690787 0.702563 0.716502 0.705487 0.694072 0.684644 0.677077 0.671276 0.667167 0.664699 0.663843 0.664588 0.666943 0.670937 0.676619 0.684060 0.693356 0.704629 0.718032 0.733758 0.752040 0.773166 0.797490 0.825448 0.857579 0.894554 0.937221 0.986658 1.000000 0.945468 0.898630 0.858183 0.823117 0.792640 0.766118 0.743046 0.723014 0.705689 0.690800 0.678126 0.667488 0.658741 0.651770 0.646487 0.642824 0.640738 0.640202 0.641211 0.643777 0.647930 0.653722 0.661226 0.670538 0.681783 0.695114 0.710723 0.706557 0.694835 0.685119 0.677279 744.500000 1.145543 0.818953
1.000000 0.937785 0.871271 0.815402 0.768005 0.727472 0.692587 0.662418 0.636236 0.613467 0.593652 0.576422 0.561479 0.548579 0.537524 0.528154 0.520336 0.513967 0.508963 0.499023 0.482747 0.468592 0.456311 0.445704 0.436607 0.428886 0.422433 0.417162 0.413004 0.409905 0.407828 0.406747 0.406648 0.407531 0.409406 0.412297 0.416238 0.421280 0.427489 0.434946 0.443757 0.454048 0.465977 0.479737 0.495564 0.513751 0.534661 0.551871 0.557321 0.564252 0.572756 0.582945 0.594963 0.608984 0.625225 0.643950 0.665484 0.690228 0.718682 0.751470 0.789386 0.833446 0.856446 0.811891 0.773515 0.740305 0.711474 0.686395 0.664571 0.645599 0.629154 0.614971 0.602833 0.592565 0.584024 0.577097 0.571693 0.567744 0.565202 0.564035 0.564230 0.565788 0.568729 0.573088 0.578920 0.586299 0.595321 0.606109 0.580091 0.554484 0.532270 0.512956 0.496147 0.481529 0.468844 0.457886 0.448483 0.440499 0.433821 0.428359 0.424042 0.420815 0.418637 0.417482 0.417336 0.418166 0.418884 0.420620 0.423394 0.427241 0.432210 0.438364 0.445785 0.454575 0.464862 0.476801 0.490581 0.506439 0.524662 0.545609 0.569727 0.597583 0.629898 0.667608 0.711945 0.764564 0.827733 0.904657 5962.500000 1.632505 0.692700
0.448483 0.440499 0.433821 0.428359 0.424042 0.420815 0.418637 0.417482 0.417336 0.418166 0.418884 0.420620 0.423394 0.427241 0.432210 0.438364 0.445785 0.454575 0.464862 0.476801 0.490581 0.506439 0.524662 0.545609 0.569727 0.597583 0.629898 0.667608 0.711945 0.764564 0.827733 0.904657 1.000000 0.937785 0.871271 0.815402 0.768005 0.727472 0.692587 0.662418 0.636236 0.613467 0.593652 0.576422 0.561479 0.548579 0.537524 0.528154 0.520336 0.513967 0.508963 0.499023 0.482747 0.468592 0.456311 0.445704 0.436607 0.428886 0.422433 0.417162 0.413004 0.409905 0.407828 0.406747 0.406648 0.407531 0.409406 0.412297 0.416238 0.421280 0.427489 0.434946 0.443757 0.454048 0.465977 0.479737 0.495564 0.513751 0.534661 0.551871 0.557321 0.564252 0.572756 0.582945 0.594963 0.608984 0.625225 0.643950 0.665484 0.690228 0.718682 0.751470 0.789386 0.833446 0.856446 0.811891 0.773515 0.740305 0.711474 0.686395 0.664571 0.645599 0.629154 0.614971 0.602833 0.592565 0.584024 0.577097 0.571693 0.567744 0.565202 0.564035 0.564230 0.565788 0.568729 0.573088 0.578920 0.586299 0.595321 0.606109 0.580091 0.554484 0.532270 0.512956 0.496147 0.481529 0.468844 0.457886 5962.500000 1.632505 0.692700
0.773515 0.740305 0.711474 0.686395 0.664571 0.645599 0.629154 0.614971 0.602833 0.592565 0.584024 0.577097 0.571693 0.567744 0.565202 0.564035 0.564230 0.565788 0.568729 0.573088 0.578920 0.586299 0.595321 0.606109 0.580091 0.554484 0.532270 0.512956 0.496147 0.481529 0.468844 0.457886 0.448483 0.440499 0.433821 0.428359 0.424042 0.420815 0.418637 0.417482 0.417336 0.418166 0.418884 0.420620 0.423394 0.427241 0.432210 0.438364 0.445785 0.454575 0.464862 0.476801 0.490581 0.506439 0.524662 0.545609 0.569727 0.597583 0.629898 0.667608 0.711945 0.764564 0.827733 0.904657 1.000000 0.937785 0.871271 0.815402 0.768005 0.727472 0.692587 0.662418 0.636236 0.613467 0.593652 0.576422 0.561479 0.548579 0.537524 0.528154 0.520336 0.513967 0.508963 0.499023 0.482747 0.468592 0.456311 0.445704 0.436607 0.428886 0.422433 0.417162 0.413004 0.409905 0.407828 0.406747 0.406648 0.407531 0.409406 0.412297 0.416238 0.421280 0.427489 0.434946 0.443757 0.454048 0.465977 0.479737 0.495564 0.513751 0.534661 0.551871 0.557321 0.564252 0.572756 0.582945 0.594963 0.608984 0.625225 0.643950 0.665484 0.690228 0.718682 0.751470 0.789386 0.833446 0.856446 0.811891 5962.500000 1.632505 0.692700
0.406648 0.407531 0.409406 0.412297 0.416238 0.421280 0.427489 0.434946 0.443757 0.454048 0.465977 0.479737 0.495564 0.513751 0.534661 0.551871 0.557321 0.564252 0.572756 0.582945 0.594963 0.608984 0.625225 0.643950 0.665484 0.690228 0.718682 0.751470 0.789386 0.833446 0.856446 0.811891 0.773515 0.740305 0.711474 0.686395 0.664571 0.645599 0.629154 0.614971 0.602833 0.592565 0.584024 0.577097 0.571693 0.567744 0.565202 0.564035 0.564230 0.565788 0.568729 0.573088 0.578920 0.586299 0.595321 0.606109 0.580091 0.554484 0.532270 0.512956 0.496147 0.481529 0.468844 0.457886 0.448483 0.440499 0.433821 0.428359 0.424042 0.420815 0.418637 0.417482 0.417336 0.418166 0.418884 0.420620 0.423394 0.427241 0.432210 0.438364 0.445785 0.454575 0.464862 0.476801 0.490581 0.506439 0.524662 0.545609 0.569727 0.597583 0.629898 0.667608 0.711945 0.764564 0.827733 0.904657 1.000000 0.937785 0.871271 0.815402 0.768005 0.727472 0.692587 0.662418 0.636236 0.613467 0.593652 0.576422 0.561479 0.548579 0.537524 0.528154 0.520336 0.513967 0.508963 0.499023 0.482747 0.468592 0.456311 0.445704 0.436607 0.428886 0.422433 0.417162 0.413004 0.409905 0.407828 0.406747 5962.500000 1.632505 0.692700
0.758817 0.793589 0.833806 0.880551 0.935236 0.948902 0.900827 0.859359 0.823437 0.792230 0.765078 0.741452 0.720926 0.703155 0.687855 0.674799 0.663798 0.654702 0.647391 0.641770 0.637769 0.635338 0.634449 0.635090 0.637270 0.641013 0.646368 0.653400 0.662199 0.672882 0.685594 0.664622 0.642857 0.623928 0.607503 0.593314 0.581140 0.570803 0.562158 0.555089 0.549502 0.545327 0.542513 0.541024 0.540842 0.541966 0.544409 0.548201 0.553388 0.560036 0.568232 0.578084 0.589730 0.603339 0.619116 0.637318 0.658256 0.682317 0.709978 0.741840 0.778659 0.821407 0.871341 0.930126 1.000000 0.981818 0.922446 0.871825 0.828363 0.790843 0.758323 0.730060 0.705468 0.684072 0.665492 0.649417 0.635596 0.623823 0.613930 0.605782 0.599273 0.594318 0.590857 0.588846 0.588261 0.589095 0.591358 0.595077 0.600299 0.607089 0.615534 0.625746 0.637865 0.652065 0.668559 0.687608 0.709535 0.734733 0.763696 0.754477 0.724875 0.699129 0.676723 0.657243 0.640352 0.625778 0.613297 0.602727 0.593923 0.586765 0.581161 0.577040 0.574351 0.573061 0.573155 0.574633 0.577514 0.581832 0.587642 0.595017 0.604053 0.614872 0.627625 0.642499 0.659723 0.679578 0.702410 0.728646 2132.500000 1.373141 0.737695
0.709535 0.734733 0.763696 0.754477 0.724875 0.699129 0.676723 0.657243 0.640352 0.625778 0.613297 0.602727 0.593923 0.586765 0.581161 0.577040 0.574351 0.573061 0.573155 0.574633 0.577514 0.581832 0.587642 0.595017 0.604053 0.614872 0.627625 0.642499 0.659723 0.679578 0.702410 0.728646 0.758817 0.793589 0.833806 0.880551 0.935236 0.948902 0.900827 0.859359 0.823437 0.792230 0.765078 0.741452 0.720926 0.703155 0.687855 0.674799 0.663798 0.654702 0.647391 0.641770 0.637769 0.635338 0.634449 0.635090 0.637270 0.641013 0.646368 0.653400 0.662199 0.672882 0.685594 0.664622 0.642857 0.623928 0.607503 0.593314 0.581140 0.570803 0.562158 0.555089 0.549502 0.545327 0.542513 0.541024 0.540842 0.541966 0.544409 0.548201 0.553388 0.560036 0.568232 0.578084 0.589730 0.603339 0.619116 0.637318 0.658256 0.682317 0.709978 0.741840 0.778659 0.821407 0.871341 0.930126 1.000000 0.981818 0.922446 0.871825 0.828363 0.790843 0.758323 0.730060 0.705468 0.684072 0.665492 0.649417 0.635596 0.623823 0.613930 0.605782 0.599273 0.594318 0.590857 0.588846 0.588261 0.589095 0.591358 0.595077 0.600299 0.607089 0.615534 0.625746 0.637865 0.652065 0.668559 0.687608 2132.500000 1.373141 0.737695
1.000000 0.981818 0.922446 0.871825 0.828363 0.790843 0.758323 0.730060 0.705468 0.684072 0.665492 0.649417 0.635596 0.623823 0.613930 0.605782 0.599273 0.594318 0.590857 0.588846 0.588261 0.589095 0.591358 0.595077 0.600299 0.607089 0.615534 0.625746 0.637865 0.652065 0.668559 0.687608 0.709535 0.734733 0.763696 0.754477 0.724875 0.699129 0.676723 0.657243 0.640352 0.625778 0.613297 0.602727 0.593923 0.586765 0.581161 0.577040 0.574351 0.573061 0.573155 0.574633 0.577514 0.581832 0.587642 0.595017 0.604053 0.614872 0.627625 0.642499 0.659723 0.679578 0.702410 0.728646 0.758817 0.793589 0.833806 0.880551 0.935236 0.948902 0.900827 0.859359 0.823437 0.792230 0.765078 0.741452 0.720926 0.703155 0.687855 0.674799 0.663798 0.654702 0.647391 0.641770 0.637769 0.635338 0.634449 0.635090 0.637270 0.641013 0.646368 0.653400 0.662199 0.672882 0.685594 0.664622 0.642857 0.623928 0.607503 0.593314 0.581140 0.570803 0.562158 0.555089 0.549502 0.545327 0.542513 0.541024 0.540842 0.541966 0.544409 0.548201 0.553388 0.560036 0.568232 0.578084 0.589730 0.603339 0.619116 0.637318 0.658256 0.682317 0.709978 0.741840 0.778659 0.821407 0.871341 0.930126 2132.500000 1.373141 0.737695
0.642857 0.623928 0.607503 0.593314 0.581140 0.570803 0.562158 0.555089 0.549502 0.545327 0.542513 0.541024 0.540842 0.541966 0.544409 0.548201 0.553388 0.560036 0.568232 0.578084 0.589730 0.603339 0.619116 0.637318 0.658256 0.682317 0.709978 0.741840 0.778659 0.821407 0.871341 0.930126 1.000000 0.981818 0.922446 0.871825 0.828363 0.790843 0.758323 0.730060 0.705468 0.684072 0.665492 0.649417 0.635596 0.623823 0.613930 0.605782 0.599273 0.594318 0.590857 0.588846 0.588261 0.589095 0.591358 0.595077 0.600299 0.607089 0.615534 0.625746 0.637865 0.652065 0.668559 0.687608 0.709535 0.734733 0.763696 0.754477 0.724875 0.699129 0.676723 0.657243 0.640352 0.625778 0.613297 0.602727 0.593923 0.586765 0.581161 0.577040 0.574351 0.573061 0.573155 0.574633 0.577514 0.581832 0.587642 0.595017 0.604053 0.614872 0.627625 0.642499 0.659723 0.679578 0.702410 0.728646 0.758817 0.793589 0.833806 0.880551 0.935236 0.948902 0.900827 0.859359 0.823437 0.792230 0.765078 0.741452 0.720926 0.703155 0.687855 0.674799 0.663798 0.654702 0.647391 0.641770 0.637769 0.635338 0.634449 0.635090 0.637270 0.641013 0.646368 0.653400 0.662199 0.672882 0.685594 0.664622 2132.500000 1.373141 0.737695
0.781334 0.851487 0.937964 1.000000 0.909073 0.835147 0.774065 0.722932 0.679671 0.642757 0.611042 0.583650 0.559899 0.539254 0.521289 0.505661 0.492093 0.480362 0.470284 0.461709 0.454516 0.448609 0.443909 0.440356 0.437906 0.436529 0.436208 0.436939 0.438732 0.441608 0.445602 0.450765 0.457164 0.464882 0.474028 0.484731 0.497155 0.511496 0.528000 0.546965 0.568766 0.593866 0.622853 0.656478 0.695713 0.741836 0.796565 0.788157 0.745687 0.709182 0.677640 0.650285 0.626503 0.605807 0.587805 0.572182 0.558678 0.547084 0.537230 0.528977 0.522212 0.516847 0.512815 0.510064 0.508561 0.508287 0.509241 0.511432 0.514888 0.519651 0.525782 0.533359 0.542484 0.553283 0.565912 0.580561 0.597467 0.616918 0.639270 0.664965 0.694555 0.728738 0.768407 0.814720 0.869201 0.863306 0.790998 0.731493 0.681842 0.639946 0.604272 0.573675 0.547282 0.524418 0.504555 0.487272 0.472235 0.459171 0.447860 0.438123 0.429814 0.422813 0.417026 0.412375 0.408801 0.406258 0.404716 0.404155 0.404569 0.405963 0.408354 0.411771 0.416257 0.421869 0.428682 0.436788 0.446302 0.457366 0.470154 0.484879 0.501805 0.521256 0.543639 0.569463 0.599380 0.634226 0.675101 0.723471 15709.000000 1.301953 0.589239
0.472235 0.459171 0.447860 0.438123 0.429814 0.422813 0.417026 0.412375 0.408801 0.406258 0.404716 0.404155 0.404569 0.405963 0.408354 0.411771 0.416257 0.421869 0.428682 0.436788 0.446302 0.457366 0.470154 0.484879 0.501805 0.521256 0.543639 0.569463 0.599380 0.634226 0.675101 0.723471 0.781334 0.851487 0.937964 1.000000 0.909073 0.835147 0.774065 0.722932 0.679671 0.642757 0.611042 0.583650 0.559899 0.539254 0.521289 0.505661 0.492093 0.480362 0.470284 0.461709 0.454516 0.448609 0.443909 0.440356 0.437906 0.436529 0.436208 0.436939 0.438732 0.441608 0.445602 0.450765 0.457164 0.464882 0.474028 0.484731 0.497155 0.511496 0.528000 0.546965 0.568766 0.593866 0.622853 0.656478 0.695713 0.741836 0.796565 0.788157 0.745687 0.709182 0.677640 0.650285 0.626503 0.605807 0.587805 0.572182 0.558678 0.547084 0.537230 0.528977 0.522212 0.516847 0.512815 0.510064 0.508561 0.508287 0.509241 0.511432 0.514888 0.519651 0.525782 0.533359 0.542484 0.553283 0.565912 0.580561 0.597467 0.616918 0.639270 0.664965 0.694555 0.728738 0.768407 0.814720 0.869201 0.863306 0.790998 0.731493 0.681842 0.639946 0.604272 0.573675 0.547282 0.524418 0.504555 0.487272 15709.000000 1.301953 0.589239
0.508561 0.508287 0.509241 0.511432 0.514888 0.519651 0.525782 0.533359 0.542484 0.553283 0.565912 0.580561 0.597467 0.616918 0.639270 0.664965 0.694555 0.728738 0.768407 0.814720 0.869201 0.863306 0.790998 0.731493 0.681842 0.639946 0.604272 0.573675 0.547282 0.524418 0.504555 0.487272 0.472235 0.459171 0.447860 0.438123 0.429814 0.422813 0.417026 0.412375 0.408801 0.406258 0.404716 0.404155 0.404569 0.405963 0.408354 0.411771 0.416257 0.421869 0.428682 0.436788 0.446302 0.457366 0.470154 0.484879 0.501805 0.521256 0.543639 0.569463 0.599380 0.634226 0.675101 0.723471 0.781334 0.851487 0.937964 1.000000 0.909073 0.835147 0.774065 0.722932 0.679671 0.642757 0.611042 0.583650 0.559899 0.539254 0.521289 0.505661 0.492093 0.480362 0.470284 0.461709 0.454516 0.448609 0.443909 0.440356 0.437906 0.436529 0.436208 0.436939 0.438732 0.441608 0.445602 0.450765 0.457164 0.464882 0.474028 0.484731 0.497155 0.511496 0.528000 0.546965 0.568766 0.593866 0.622853 0.656478 0.695713 0.741836 0.796565 0.788157 0.745687 0.709182 0.677640 0.650285 0.626503 0.605807 0.587805 0.572182 0.558678 0.547084 0.537230 0.528977 0.522212 0.516847 0.512815 0.510064 15709.000000 1.301953 0.589239
0.457164 0.464882 0.474028 0.484731 0.497155 0.511496 0.528000 0.546965 0.568766 0.593866 0.622853 0.656478 0.695713 0.741836 0.796565 0.788157 0.745687 0.709182 0.677640 0.650285 0.626503 0.605807 0.587805 0.572182 0.558678 0.547084 0.537230 0.528977 0.522212 0.516847 0.512815 0.510064 0.508561 0.508287 0.509241 0.511432 0.514888 0.519651 0.525782 0.533359 0.542484 0.553283 0.565912 0.580561 0.597467 0.616918 0.639270 0.664965 0.694555 0.728738 0.768407 0.814720 0.869201 0.863306 0.790998 0.731493 0.681842 0.639946 0.604272 0.573675 0.547282 0.524418 0.504555 0.487272 0.472235 0.459171 0.447860 0.438123 0.429814 0.422813 0.417026 0.412375 0.408801 0.406258 0.404716 0.404155 0.404569 0.405963 0.408354 0.411771 0.416257 0.421869 0.428682 0.436788 0.446302 0.457366 0.470154 0.484879 0.501805 0.521256 0.543639 0.569463 0.599380 0.634226 0.675101 0.723471 0.781334 0.851487 0.937964 1.000000 0.909073 0.835147 0.774065 0.722932 0.679671 0.642757 0.611042 0.583650 0.559899 0.539254 0.521289 0.505661 0.492093 0.480362 0.470284 0.461709 0.454516 0.448609 0.443909 0.440356 0.437906 0.436529 0.436208 0.436939 0.438732 0.441608 0.445602 0.450765 15709.000000 1.301953 0.589239
0.968489 1.000000 0.992822 0.930205 0.877005 0.831456 0.792219 0.758262 0.728781 0.703136 0.680820 0.661420 0.644606 0.630106 0.617699 0.607206 0.598481 0.591312 0.583651 0.577559 0.572960 0.569794 0.568025 0.567630 0.568604 0.570959 0.574725 0.579946 0.586690 0.595043 0.605116 0.617048 0.631011 0.647215 0.665921 0.687445 0.712180 0.740612 0.773350 0.811160 0.855023 0.906208 0.945762 0.936460 0.929556 0.924965 0.922631 0.922526 0.924648 0.929023 0.935705 0.944776 0.954068 0.922896 0.895786 0.872265 0.851947 0.834519 0.819724 0.807357 0.797249 0.789268 0.783315 0.779314 0.777217 0.776997 0.778653 0.782205 0.787695 0.795192 0.804791 0.795551 0.769852 0.747507 0.728126 0.711396 0.697058 0.684905 0.674766 0.666505 0.660014 0.655212 0.652039 0.650456 0.650444 0.652002 0.655150 0.659926 0.666390 0.674622 0.684731 0.696851 0.711153 0.714945 0.711935 0.710656 0.711092 0.713247 0.717148 0.722844 0.730404 0.739925 0.751532 0.765383 0.781672 0.800640 0.822583 0.847862 0.876924 0.887059 0.871068 0.857673 0.846693 0.837983 0.831434 0.826963 0.824515 0.824062 0.825596 0.829138 0.834730 0.842440 0.852368 0.864640 0.879419 0.896912 0.917369 0.941101 3293.500000 1.315585 0.841382
0.711092 0.713247 0.717148 0.722844 0.730404 0.739925 0.751532 0.765383 0.781672 0.800640 0.822583 0.847862 0.876924 0.887059 0.871068 0.857673 0.846693 0.837983 0.831434 0.826963 0.824515 0.824062 0.825596 0.829138 0.834730 0.842440 0.852368 0.864640 0.879419 0.896912 0.917369 0.941101 0.968489 1.000000 0.992822 0.930205 0.877005 0.831456 0.792219 0.758262 0.728781 0.703136 0.680820 0.661420 0.644606 0.630106 0.617699 0.607206 0.598481 0.591312 0.583651 0.577559 0.572960 0.569794 0.568025 0.567630 0.568604 0.570959 0.574725 0.579946 0.586690 0.595043 0.605116 0.617048 0.631011 0.647215 0.665921 0.687445 0.712180 0.740612 0.773350 0.811160 0.855023 0.906208 0.945762 0.936460 0.929556 0.924965 0.922631 0.922526 0.924648 0.929023 0.935705 0.944776 0.954068 0.922896 0.895786 0.872265 0.851947 0.834519 0.819724 0.807357 0.797249 0.789268 0.783315 0.779314 0.777217 0.776997 0.778653 0.782205 0.787695 0.795192 0.804791 0.795551 0.769852 0.747507 0.728126 0.711396 0.697058 0.684905 0.674766 0.666505 0.660014 0.655212 0.652039 0.650456 0.650444 0.652002 0.655150 0.659926 0.666390 0.674622 0.684731 0.696851 0.711153 0.714945 0.711935 0.710656 3293.500000 1.315585 0.841382
0.777217 0.776997 0.778653 0.782205 0.787695 0.795192 0.804791 0.795551 0.769852 0.747507 0.728126 0.711396 0.697058 0.684905 0.674766 0.666505 0.660014 0.655212 0.652039 0.650456 0.650444 0.652002 0.655150 0.659926 0.666390 0.674622 0.684731 0.696851 0.711153 0.714945 0.711935 0.710656 0.711092 0.713247 0.717148 0.722844 0.730404 0.739925 0.751532 0.765383 0.781672 0.800640 0.822583 0.847862 0.876924 0.887059 0.871068 0.857673 0.846693 0.837983 0.831434 0.826963 0.824515 0.824062 0.825596 0.829138 0.834730 0.842440 0.852368 0.864640 0.879419 0.896912 0.917369 0.941101 0.968489 1.000000 0.992822 0.930205 0.877005 0.831456 0.792219 0.758262 0.728781 0.703136 0.680820 0.661420 0.644606 0.630106 0.617699 0.607206 0.598481 0.591312 0.583651 0.577559 0.572960 0.569794 0.568025 0.567630 0.568604 0.570959 0.574725 0.579946 0.586690 0.595043 0.605116 0.617048 0.631011 0.647215 0.665921 0.687445 0.712180 0.740612 0.773350 0.811160 0.855023 0.906208 0.945762 0.936460 0.929556 0.924965 0.922631 0.922526 0.924648 0.929023 0.935705 0.944776 0.954068 0.922896 0.895786 0.872265 0.851947 0.834519 0.819724 0.807357 0.797249 0.789268 0.783315 0.779314 3293.500000 1.315585 0.841382
0.631011 0.647215 0.665921 0.687445 0.712180 0.740612 0.773350 0.811160 0.855023 0.906208 0.945762 0.936460 0.929556 0.924965 0.922631 0.922526 0.924648 0.929023 0.935705 0.944776 0.954068 0.922896 0.895786 0.872265 0.851947 0.834519 0.819724 0.807357 0.797249 0.789268 0.783315 0.779314 0.777217 0.776997 0.778653 0.782205 0.787695 0.795192 0.804791 0.795551 0.769852 0.747507 0.728126 0.711396 0.697058 0.684905 0.674766 0.666505 0.660014 0.655212 0.652039 0.650456 0.650444 0.652002 0.655150 0.659926 0.666390 0.674622 0.684731 0.696851 0.711153 0.714945 0.711935 0.710656 0.711092 0.713247 0.717148 0.722844 0.730404 0.739925 0.751532 0.765383 0.781672 0.800640 0.822583 0.847862 0.876924 0.887059 0.871068 0.857673 0.846693 0.837983 0.831434 0.826963 0.824515 0.824062 0.825596 0.829138 0.834730 0.842440 0.852368 0.864640 0.879419 0.896912 0.917369 0.941101 0.968489 1.000000 0.992822 0.930205 0.877005 0.831456 0.792219 0.758262 0.728781 0.703136 0.680820 0.661420 0.644606 0.630106 0.617699 0.607206 0.598481 0.591312 0.583651 0.577559 0.572960 0.569794 0.568025 0.567630 0.568604 0.570959 0.574725 0.579946 0.586690 0.595043 0.605116 0.617048 3293.500000 1.315585 0.841382
0.827640 0.867834 0.914446 0.968817 0.985592 0.937956 0.896773 0.861041 0.829971 0.802931 0.779417 0.759017 0.741398 0.726289 0.713467 0.702755 0.694006 0.687107 0.681971 0.678534 0.676753 0.676607 0.678095 0.681234 0.686063 0.692641 0.701052 0.711404 0.723837 0.738523 0.755675 0.775555 0.798486 0.768985 0.742435 0.719332 0.699257 0.681870 0.666894 0.654104 0.643317 0.634382 0.627183 0.621626 0.617641 0.615180 0.614212 0.614726 0.616728 0.620241 0.625310 0.631998 0.640390 0.650596 0.662755 0.677040 0.693661 0.712880 0.735016 0.760461 0.789701 0.823343 0.862148 0.907085 0.959403 1.000000 0.947887 0.903004 0.864167 0.830451 0.801125 0.775604 0.753418 0.734185 0.717596 0.703397 0.691382 0.681384 0.673271 0.666936 0.662300 0.659305 0.657916 0.658114 0.659902 0.663303 0.668357 0.675128 0.683701 0.694189 0.706732 0.721508 0.738732 0.758671 0.781651 0.808075 0.838438 0.855605 0.817063 0.783650 0.754609 0.729338 0.707353 0.688264 0.671755 0.657566 0.645487 0.635346 0.627007 0.620358 0.615316 0.611818 0.609819 0.609297 0.610245 0.612673 0.616613 0.622112 0.629239 0.638087 0.648773 0.661442 0.676279 0.693505 0.713395 0.736286 0.762593 0.792830 5903.500000 1.228397 0.767057
0.838438 0.855605 0.817063 0.783650 0.754609 0.729338 0.707353 0.688264 0.671755 0.657566 0.645487 0.635346 0.627007 0.620358 0.615316 0.611818 0.609819 0.609297 0.610245 0.612673 0.616613 0.622112 0.629239 0.638087 0.648773 0.661442 0.676279 0.693505 0.713395 0.736286 0.762593 0.792830 0.827640 0.867834 0.914446 0.968817 0.985592 0.937956 0.896773 0.861041 0.829971 0.802931 0.779417 0.759017 0.741398 0.726289 0.713467 0.702755 0.694006 0.687107 0.681971 0.678534 0.676753 0.676607 0.678095 0.681234 0.686063 0.692641 0.701052 0.711404 0.723837 0.738523 0.755675 0.775555 0.798486 0.768985 0.742435 0.719332 0.699257 0.681870 0.666894 0.654104 0.643317 0.634382 0.627183 0.621626 0.617641 0.615180 0.614212 0.614726 0.616728 0.620241 0.625310 0.631998 0.640390 0.650596 0.662755 0.677040 0.693661 0.712880 0.735016 0.760461 0.789701 0.823343 0.862148 0.907085 0.959403 1.000000 0.947887 0.903004 0.864167 0.830451 0.801125 0.775604 0.753418 0.734185 0.717596 0.703397 0.691382 0.681384 0.673271 0.666936 0.662300 0.659305 0.657916 0.658114 0.659902 0.663303 0.668357 0.675128 0.683701 0.694189 0.706732 0.721508 0.738732 0.758671 0.781651 0.808075 5903.500000 1.228397 0.767057
0.959403 1.000000 0.947887 0.903004 0.864167 0.830451 0.801125 0.775604 0.753418 0.734185 0.717596 0.703397 0.691382 0.681384 0.673271 0.666936 0.662300 0.659305 0.657916 0.658114 0.659902 0.663303 0.668357 0.675128 0.683701 0.694189 0.706732 0.721508 0.738732 0.758671 0.781651 0.808075 0.838438 0.855605 0.817063 0.783650 0.754609 0.729338 0.707353 0.688264 0.671755 0.657566 0.645487 0.635346 0.627007 0.620358 0.615316 0.611818 0.609819 0.609297 0.610245 0.612673 0.616613 0.622112 0.629239 0.638087 0.648773 0.661442 0.676279 0.693505 0.713395 0.736286 0.762593 0.792830 0.827640 0.867834 0.914446 0.968817 0.985592 0.937956 0.896773 0.861041 0.829971 0.802931 0.779417 0.759017 0.741398 0.726289 0.713467 0.702755 0.694006 0.687107 0.681971 0.678534 0.676753 0.676607 0.678095 0.681234 0.686063 0.692641 0.701052 0.711404 0.723837 0.738523 0.755675 0.775555 0.798486 0.768985 0.742435 0.719332 0.699257 0.681870 0.666894 0.654104 0.643317 0.634382 0.627183 0.621626 0.617641 0.615180 0.614212 0.614726 0.616728 0.620241 0.625310 0.631998 0.640390 0.650596 0.662755 0.677040 0.693661 0.712880 0.735016 0.760461 0.789701 0.823343 0.862148 0.907085 5903.500000 1.228397 0.767057
0.798486 0.768985 0.742435 0.719332 0.699257 0.681870 0.666894 0.654104 0.643317 0.634382 0.627183 0.621626 0.617641 0.615180 0.614212 0.614726 0.616728 0.620241 0.625310 0.631998 0.640390 0.650596 0.662755 0.677040 0.693661 0.712880 0.735016 0.760461 0.789701 0.823343 0.862148 0.907085 0.959403 1.000000 0.947887 0.903004 0.864167 0.830451 0.801125 0.775604 0.753418 0.734185 0.717596 0.703397 0.691382 0.681384 0.673271 0.666936 0.662300 0.659305 0.657916 0.658114 0.659902 0.663303 0.668357 0.675128 0.683701 0.694189 0.706732 0.721508 0.738732 0.758671 0.781651 0.808075 0.838438 0.855605 0.817063 0.783650 0.754609 0.729338 0.707353 0.688264 0.671755 0.657566 0.645487 0.635346 0.627007 0.620358 0.615316 0.611818 0.609819 0.609297 0.610245 0.612673 0.616613 0.622112 0.629239 0.638087 0.648773 0.661442 0.676279 0.693505 0.713395 0.736286 0.762593 0.792830 0.827640 0.867834 0.914446 0.968817 0.985592 0.937956 0.896773 0.861041 0.829971 0.802931 0.779417 0.759017 0.741398 0.726289 0.713467 0.702755 0.694006 0.687107 0.681971 0.678534 0.676753 0.676607 0.678095 0.681234 0.686063 0.692641 0.701052 0.711404 0.723837 0.738523 0.755675 0.775555 5903.500000 1.228397 0.767057
0.971952 0.998344 0.940232 0.890539 0.847776 0.810795 0.778703 0.750795 0.726508 0.705389 0.687071 0.671257 0.657703 0.646212 0.636623 0.628807 0.622662 0.618111 0.615097 0.613583 0.613552 0.615001 0.617950 0.622434 0.628509 0.636251 0.645762 0.657168 0.670630 0.686342 0.704546 0.725538 0.749681 0.777422 0.809321 0.846075 0.888568 0.937935 0.929734 0.902806 0.879454 0.859296 0.842026 0.827389 0.815184 0.805244 0.797443 0.791679 0.787883 0.786008 0.786031 0.787952 0.791795 0.797606 0.805458 0.815450 0.827712 0.842409 0.859746 0.879977 0.903411 0.862189 0.824163 0.791175 0.762493 0.737532 0.715824 0.696987 0.680715 0.666755 0.654902 0.644989 0.636884 0.630480 0.625695 0.622471 0.620768 0.620565 0.621860 0.624669 0.629025 0.634982 0.642617 0.652027 0.663339 0.676709 0.692332 0.710445 0.731340 0.755376 0.782997 0.814752 0.851328 0.893597 0.942672 1.000000 0.971952 0.927556 0.889087 0.855661 0.826577 0.801272 0.779291 0.760267 0.743900 0.729943 0.718199 0.708507 0.700738 0.694794 0.690599 0.688102 0.687274 0.688102 0.690599 0.694794 0.700738 0.708507 0.718199 0.729943 0.743900 0.760267 0.779291 0.801272 0.826577 0.855661 0.889087 0.927556 1584.000000 1.171084 0.766555
0.971952 0.927556 0.889087 0.855661 0.826577 0.801272 0.779291 0.760267 0.743900 0.729943 0.718199 0.708507 0.700738 0.694794 0.690599 0.688102 0.687274 0.688102 0.690599 0.694794 0.700738 0.708507 0.718199 0.729943 0.743900 0.760267 0.779291 0.801272 0.826577 0.855661 0.889087 0.927556 0.971952 0.998344 0.940232 0.890539 0.847776 0.810795 0.778703 0.750795 0.726508 0.705389 0.687071 0.671257 0.657703 0.646212 0.636623 0.628807 0.622662 0.618111 0.615097 0.613583 0.613552 0.615001 0.617950 0.622434 0.628509 0.636251 0.645762 0.657168 0.670630 0.686342 0.704546 0.725538 0.749681 0.777422 0.809321 0.846075 0.888568 0.937935 0.929734 0.902806 0.879454 0.859296 0.842026 0.827389 0.815184 0.805244 0.797443 0.791679 0.787883 0.786008 0.786031 0.787952 0.791795 0.797606 0.805458 0.815450 0.827712 0.842409 0.859746 0.879977 0.903411 0.862189 0.824163 0.791175 0.762493 0.737532 0.715824 0.696987 0.680715 0.666755 0.654902 0.644989 0.636884 0.630480 0.625695 0.622471 0.620768 0.620565 0.621860 0.624669 0.629025 0.634982 0.642617 0.652027 0.663339 0.676709 0.692332 0.710445 0.731340 0.755376 0.782997 0.814752 0.851328 0.893597 0.942672 1.000000 1584.000000 1.171084 0.766555
0.762493 0.737532 0.715824 0.696987 0.680715 0.666755 0.654902 0.644989 0.636884 0.630480 0.625695 0.622471 0.620768 0.620565 0.621860 0.624669 0.629025 0.634982 0.642617 0.652027 0.663339 0.676709 0.692332 0.710445 0.731340 0.755376 0.782997 0.814752 0.851328 0.893597 0.942672 1.000000 0.971952 0.927556 0.889087 0.855661 0.826577 0.801272 0.779291 0.760267 0.743900 0.729943 0.718199 0.708507 0.700738 0.694794 0.690599 0.688102 0.687274 0.688102 0.690599 0.694794 0.700738 0.708507 0.718199 0.729943 0.743900 0.760267 0.779291 0.801272 0.826577 0.855661 0.889087 0.927556 0.971952 0.998344 0.940232 0.890539 0.847776 0.810795 0.778703 0.750795 0.726508 0.705389 0.687071 0.671257 0.657703 0.646212 0.636623 0.628807 0.622662 0.618111 0.615097 0.613583 0.613552 0.615001 0.617950 0.622434 0.628509 0.636251 0.645762 0.657168 0.670630 0.686342 0.704546 0.725538 0.749681 0.777422 0.809321 0.846075 0.888568 0.937935 0.929734 0.902806 0.879454 0.859296 0.842026 0.827389 0.815184 0.805244 0.797443 0.791679 0.787883 0.786008 0.786031 0.787952 0.791795 0.797606 0.805458 0.815450 0.827712 0.842409 0.859746 0.879977 0.903411 0.862189 0.824163 0.791175 1584.000000 1.171084 0.766555
0.749681 0.777422 0.809321 0.846075 0.888568 0.937935 0.929734 0.902806 0.879454 0.859296 0.842026 0.827389 0.815184 0.805244 0.797443 0.791679 0.787883 0.786008 0.786031 0.787952 0.791795 0.797606 0.805458 0.815450 0.827712 0.842409 0.859746 0.879977 0.903411 0.862189 0.824163 0.791175 0.762493 0.737532 0.715824 0.696987 0.680715 0.666755 0.654902 0.644989 0.636884 0.630480 0.625695 0.622471 0.620768 0.620565 0.621860 0.624669 0.629025 0.634982 0.642617 0.652027 0.663339 0.676709 0.692332 0.710445 0.731340 0.755376 0.782997 0.814752 0.851328 0.893597 0.942672 1.000000 0.971952 0.927556 0.889087 0.855661 0.826577 0.801272 0.779291 0.760267 0.743900 0.729943 0.718199 0.708507 0.700738 0.694794 0.690599 0.688102 0.687274 0.688102 0.690599 0.694794 0.700738 0.708507 0.718199 0.729943 0.743900 0.760267 0.779291 0.801272 0.826577 0.855661 0.889087 0.927556 0.971952 0.998344 0.940232 0.890539 0.847776 0.810795 0.778703 0.750795 0.726508 0.705389 0.687071 0.671257 0.657703 0.646212 0.636623 0.628807 0.622662 0.618111 0.615097 0.613583 0.613552 0.615001 0.617950 0.622434 0.628509 0.636251 0.645762 0.657168 0.670630 0.686342 0.704546 0.725538 1584.000000 1.171084 0.766555
0.866495 0.830155 0.798588 0.771123 0.747224 0.726460 0.708479 0.692996 0.679778 0.668636 0.659415 0.651995 0.646280 0.642198 0.639698 0.638750 0.639344 0.641485 0.645200 0.650535 0.657556 0.666353 0.677042 0.689768 0.704712 0.722096 0.742192 0.765336 0.791939 0.822511 0.857687 0.898266 0.945267 1.000000 0.952152 0.897783 0.851228 0.811121 0.776410 0.746272 0.720055 0.697241 0.677411 0.660223 0.645403 0.632724 0.622003 0.613092 0.605871 0.600248 0.596151 0.593530 0.592353 0.592605 0.594290 0.597427 0.602056 0.608234 0.616040 0.625575 0.636969 0.650382 0.666010 0.684096 0.704938 0.728901 0.756437 0.788109 0.824621 0.803104 0.782499 0.764721 0.749499 0.736611 0.725877 0.717155 0.710331 0.705319 0.702056 0.700503 0.700642 0.702473 0.706019 0.711323 0.718451 0.727494 0.738570 0.751827 0.767452 0.785672 0.806770 0.831089 0.859055 0.891189 0.928144 0.886845 0.844652 0.808151 0.776466 0.748908 0.724926 0.704076 0.685998 0.670400 0.657043 0.645733 0.636313 0.628656 0.622664 0.618260 0.615391 0.614020 0.614131 0.615726 0.618824 0.623464 0.629701 0.637616 0.647312 0.658920 0.672601 0.688556 0.707032 0.728329 0.752819 0.780960 0.813322 0.850620 14448.000000 1.177434 0.770589
0.844652 0.808151 0.776466 0.748908 0.724926 0.704076 0.685998 0.670400 0.657043 0.645733 0.636313 0.628656 0.622664 0.618260 0.615391 0.614020 0.614131 0.615726 0.618824 0.623464 0.629701 0.637616 0.647312 0.658920 0.672601 0.688556 0.707032 0.728329 0.752819 0.780960 0.813322 0.850620 0.866495 0.830155 0.798588 0.771123 0.747224 0.726460 0.708479 0.692996 0.679778 0.668636 0.659415 0.651995 0.646280 0.642198 0.639698 0.638750 0.639344 0.641485 0.645200 0.650535 0.657556 0.666353 0.677042 0.689768 0.704712 0.722096 0.742192 0.765336 0.791939 0.822511 0.857687 0.898266 0.945267 1.000000 0.952152 0.897783 0.851228 0.811121 0.776410 0.746272 0.720055 0.697241 0.677411 0.660223 0.645403 0.632724 0.622003 0.613092 0.605871 0.600248 0.596151 0.593530 0.592353 0.592605 0.594290 0.597427 0.602056 0.608234 0.616040 0.625575 0.636969 0.650382 0.666010 0.684096 0.704938 0.728901 0.756437 0.788109 0.824621 0.803104 0.782499 0.764721 0.749499 0.736611 0.725877 0.717155 0.710331 0.705319 0.702056 0.700503 0.700642 0.702473 0.706019 0.711323 0.718451 0.727494 0.738570 0.751827 0.767452 0.785672 0.806770 0.831089 0.859055 0.891189 0.928144 0.886845 14448.000000 1.177434 0.770589
0.704938 0.728901 0.756437 0.788109 0.824621 0.803104 0.782499 0.764721 0.749499 0.736611 0.725877 0.717155 0.710331 0.705319 0.702056 0.700503 0.700642 0.702473 0.706019 0.711323 0.718451 0.727494 0.738570 0.751827 0.767452 0.785672 0.806770 0.831089 0.859055 0.891189 0.928144 0.886845 0.844652 0.808151 0.776466 0.748908 0.724926 0.704076 0.685998 0.670400 0.657043 0.645733 0.636313 0.628656 0.622664 0.618260 0.615391 0.614020 0.614131 0.615726 0.618824 0.623464 0.629701 0.637616 0.647312 0.658920 0.672601 0.688556 0.707032 0.728329 0.752819 0.780960 0.813322 0.850620 0.866495 0.830155 0.798588 0.771123 0.747224 0.726460 0.708479 0.692996 0.679778 0.668636 0.659415 0.651995 0.646280 0.642198 0.639698 0.638750 0.639344 0.641485 0.645200 0.650535 0.657556 0.666353 0.677042 0.689768 0.704712 0.722096 0.742192 0.765336 0.791939 0.822511 0.857687 0.898266 0.945267 1.000000 0.952152 0.897783 0.851228 0.811121 0.776410 0.746272 0.720055 0.697241 0.677411 0.660223 0.645403 0.632724 0.622003 0.613092 0.605871 0.600248 0.596151 0.593530 0.592353 0.592605 0.594290 0.597427 0.602056 0.608234 0.616040 0.625575 0.636969 0.650382 0.666010 0.684096 14448.000000 1.177434 0.770589
0.945267 1.000000 0.952152 0.897783 0.851228 0.811121 0.776410 0.746272 0.720055 0.697241 0.677411 0.660223 0.645403 0.632724 0.622003 0.613092 0.605871 0.600248 0.596151 0.593530 0.592353 0.592605 0.594290 0.597427 0.602056 0.608234 0.616040 0.625575 0.636969 0.650382 0.666010 0.684096 0.704938 0.728901 0.756437 0.788109 0.824621 0.803104 0.782499 0.764721 0.749499 0.736611 0.725877 0.717155 0.710331 0.705319 0.702056 0.700503 0.700642 0.702473 0.706019 0.711323 0.718451 0.727494 0.738570 0.751827 0.767452 0.785672 0.806770 0.831089 0.859055 0.891189 0.928144 0.886845 0.844652 0.808151 0.776466 0.748908 0.724926 0.704076 0.685998 0.670400 0.657043 0.645733 0.636313 0.628656 0.622664 0.618260 0.615391 0.614020 0.614131 0.615726 0.618824 0.623464 0.629701 0.637616 0.647312 0.658920 0.672601 0.688556 0.707032 0.728329 0.752819 0.780960 0.813322 0.850620 0.866495 0.830155 0.798588 0.771123 0.747224 0.726460 0.708479 0.692996 0.679778 0.668636 0.659415 0.651995 0.646280 0.642198 0.639698 0.638750 0.639344 0.641485 0.645200 0.650535 0.657556 0.666353 0.677042 0.689768 0.704712 0.722096 0.742192 0.765336 0.791939 0.822511 0.857687 0.898266 14448.000000 1.177434 0.770589
0.937657 0.902240 0.871423 0.844610 0.821318 0.801154 0.783799 0.768993 0.756525 0.746224 0.737954 0.731608 0.727107 0.724396 0.723441 0.724231 0.726776 0.731106 0.737275 0.745359 0.755463 0.767720 0.782297 0.799401 0.819287 0.842269 0.868731 0.886677 0.843909 0.806931 0.774846 0.746946 0.722666 0.701551 0.683234 0.667417 0.653854 0.642349 0.632739 0.624897 0.618718 0.614125 0.611062 0.609489 0.609389 0.610761 0.613620 0.618001 0.623960 0.631571 0.640933 0.652172 0.665444 0.680941 0.698902 0.719616 0.743441 0.770819 0.778536 0.768030 0.759608 0.753165 0.748618 0.745911 0.745013 0.745911 0.748618 0.753165 0.759608 0.768030 0.778536 0.791267 0.806396 0.824139 0.844761 0.868588 0.896019 0.927547 0.963781 1.000000 0.952064 0.910608 0.874629 0.843341 0.816112 0.792435 0.771901 0.754175 0.738985 0.726110 0.715370 0.706620 0.699747 0.694664 0.691307 0.673800 0.654391 0.637562 0.623040 0.610603 0.600070 0.591295 0.584160 0.578572 0.574461 0.571776 0.570483 0.570568 0.572031 0.574890 0.579180 0.584955 0.592287 0.601272 0.612031 0.624715 0.639508 0.656640 0.676389 0.699099 0.725195 0.755204 0.789790 0.829790 0.876281 0.930667 0.994805 0.978422 6180.000000 1.297621 0.797190
0.654391 0.637562 0.623040 0.610603 0.600070 0.591295 0.584160 0.578572 0.574461 0.571776 0.570483 0.570568 0.572031 0.574890 0.579180 0.584955 0.592287 0.601272 0.612031 0.624715 0.639508 0.656640 0.676389 0.699099 0.725195 0.755204 0.789790 0.829790 0.876281 0.930667 0.994805 0.978422 0.937657 0.902240 0.871423 0.844610 0.821318 0.801154 0.783799 0.768993 0.756525 0.746224 0.737954 0.731608 0.727107 0.724396 0.723441 0.724231 0.726776 0.731106 0.737275 0.745359 0.755463 0.767720 0.782297 0.799401 0.819287 0.842269 0.868731 0.886677 0.843909 0.806931 0.774846 0.746946 0.722666 0.701551 0.683234 0.667417 0.653854 0.642349 0.632739 0.624897 0.618718 0.614125 0.611062 0.609489 0.609389 0.610761 0.613620 0.618001 0.623960 0.631571 0.640933 0.652172 0.665444 0.680941 0.698902 0.719616 0.743441 0.770819 0.778536 0.768030 0.759608 0.753165 0.748618 0.745911 0.745013 0.745911 0.748618 0.753165 0.759608 0.768030 0.778536 0.791267 0.806396 0.824139 0.844761 0.868588 0.896019 0.927547 0.963781 1.000000 0.952064 0.910608 0.874629 0.843341 0.816112 0.792435 0.771901 0.754175 0.738985 0.726110 0.715370 0.706620 0.699747 0.694664 0.691307 0.673800 6180.000000 1.297621 0.797190
0.745013 0.745911 0.748618 0.753165 0.759608 0.768030 0.778536 0.791267 0.806396 0.824139 0.844761 0.868588 0.896019 0.927547 0.963781 1.000000 0.952064 0.910608 0.874629 0.843341 0.816112 0.792435 0.771901 0.754175 0.738985 0.726110 0.715370 0.706620 0.699747 0.694664 0.691307 0.673800 0.654391 0.637562 0.623040 0.610603 0.600070 0.591295 0.584160 0.578572 0.574461 0.571776 0.570483 0.570568 0.572031 0.574890 0.579180 0.584955 0.592287 0.601272 0.612031 0.624715 0.639508 0.656640 0.676389 0.699099 0.725195 0.755204 0.789790 0.829790 0.876281 0.930667 0.994805 0.978422 0.937657 0.902240 0.871423 0.844610 0.821318 0.801154 0.783799 0.768993 0.756525 0.746224 0.737954 0.731608 0.727107 0.724396 0.723441 0.724231 0.726776 0.731106 0.737275 0.745359 0.755463 0.767720 0.782297 0.799401 0.819287 0.842269 0.868731 0.886677 0.843909 0.806931 0.774846 0.746946 0.722666 0.701551 0.683234 0.667417 0.653854 0.642349 0.632739 0.624897 0.618718 0.614125 0.611062 0.609489 0.609389 0.610761 0.613620 0.618001 0.623960 0.631571 0.640933 0.652172 0.665444 0.680941 0.698902 0.719616 0.743441 0.770819 0.778536 0.768030 0.759608 0.753165 0.748618 0.745911 6180.000000 1.297621 0.797190
0.722666 0.701551 0.683234 0.667417 0.653854 0.642349 0.632739 0.624897 0.618718 0.614125 0.611062 0.609489 0.609389 0.610761 0.613620 0.618001 0.623960 0.631571 0.640933 0.652172 0.665444 0.680941 0.698902 0.719616 0.743441 0.770819 0.778536 0.768030 0.759608 0.753165 0.748618 0.745911 0.745013 0.745911 0.748618 0.753165 0.759608 0.768030 0.778536 0.791267 0.806396 0.824139 0.844761 0.868588 0.896019 0.927547 0.963781 1.000000 0.952064 0.910608 0.874629 0.843341 0.816112 0.792435 0.771901 0.754175 0.738985 0.726110 0.715370 0.706620 0.699747 0.694664 0.691307 0.673800 0.654391 0.637562 0.623040 0.610603 0.600070 0.591295 0.584160 0.578572 0.574461 0.571776 0.570483 0.570568 0.572031 0.574890 0.579180 0.584955 0.592287 0.601272 0.612031 0.624715 0.639508 0.656640 0.676389 0.699099 0.725195 0.755204 0.789790 0.829790 0.876281 0.930667 0.994805 0.978422 0.937657 0.902240 0.871423 0.844610 0.821318 0.801154 0.783799 0.768993 0.756525 0.746224 0.737954 0.731608 0.727107 0.724396 0.723441 0.724231 0.726776 0.731106 0.737275 0.745359 0.755463 0.767720 0.782297 0.799401 0.819287 0.842269 0.868731 0.886677 0.843909 0.806931 0.774846 0.746946 6180.000000 1.297621 0.797190
0.970251 0.925933 0.887532 0.854164 0.825131 0.799870 0.777928 0.758937 0.742598 0.728666 0.716942 0.707267 0.699512 0.693578 0.689391 0.673277 0.652470 0.634394 0.618742 0.605267 0.593767 0.584076 0.576062 0.569619 0.564663 0.561133 0.558985 0.558194 0.558748 0.560656 0.563940 0.568641 0.574817 0.582548 0.591934 0.603105 0.616219 0.631471 0.649101 0.669402 0.692737 0.719553 0.750410 0.757563 0.748146 0.740723 0.735199 0.731507 0.729600 0.729456 0.731073 0.734471 0.739690 0.746796 0.755879 0.767056 0.780477 0.796328 0.814841 0.836297 0.861045 0.879284 0.848865 0.822395 0.799394 0.779471 0.762308 0.747648 0.735279 0.725030 0.716767 0.710381 0.705794 0.702948 0.701809 0.702363 0.704617 0.708598 0.714355 0.721959 0.731509 0.743128 0.756976 0.773248 0.792185 0.776130 0.743063 0.714349 0.689371 0.667634 0.648742 0.632371 0.618258 0.606190 0.595993 0.587525 0.580674 0.575350 0.571488 0.569038 0.567973 0.568277 0.569956 0.573029 0.577535 0.583528 0.591087 0.600309 0.611319 0.624273 0.639361 0.656818 0.670788 0.675062 0.681042 0.688803 0.698445 0.710095 0.723915 0.740101 0.758898 0.780604 0.805586 0.834297 0.867296 0.905284 0.949143 1.000000 7281.500000 1.392889 0.831861
0.580674 0.575350 0.571488 0.569038 0.567973 0.568277 0.569956 0.573029 0.577535 0.583528 0.591087 0.600309 0.611319 0.624273 0.639361 0.656818 0.670788 0.675062 0.681042 0.688803 0.698445 0.710095 0.723915 0.740101 0.758898 0.780604 0.805586 0.834297 0.867296 0.905284 0.949143 1.000000 0.970251 0.925933 0.887532 0.854164 0.825131 0.799870 0.777928 0.758937 0.742598 0.728666 0.716942 0.707267 0.699512 0.693578 0.689391 0.673277 0.652470 0.634394 0.618742 0.605267 0.593767 0.584076 0.576062 0.569619 0.564663 0.561133 0.558985 0.558194 0.558748 0.560656 0.563940 0.568641 0.574817 0.582548 0.591934 0.603105 0.616219 0.631471 0.649101 0.669402 0.692737 0.719553 0.750410 0.757563 0.748146 0.740723 0.735199 0.731507 0.729600 0.729456 0.731073 0.734471 0.739690 0.746796 0.755879 0.767056 0.780477 0.796328 0.814841 0.836297 0.861045 0.879284 0.848865 0.822395 0.799394 0.779471 0.762308 0.747648 0.735279 0.725030 0.716767 0.710381 0.705794 0.702948 0.701809 0.702363 0.704617 0.708598 0.714355 0.721959 0.731509 0.743128 0.756976 0.773248 0.792185 0.776130 0.743063 0.714349 0.689371 0.667634 0.648742 0.632371 0.618258 0.606190 0.595993 0.587525 7281.500000 1.392889 0.831861
0.799394 0.779471 0.762308 0.747648 0.735279 0.725030 0.716767 0.710381 0.705794 0.702948 0.701809 0.702363 0.704617 0.708598 0.714355 0.721959 0.731509 0.743128 0.756976 0.773248 0.792185 0.776130 0.743063 0.714349 0.689371 0.667634 0.648742 0.632371 0.618258 0.606190 0.595993 0.587525 0.580674 0.575350 0.571488 0.569038 0.567973 0.568277 0.569956 0.573029 0.577535 0.583528 0.591087 0.600309 0.611319 0.624273 0.639361 0.656818 0.670788 0.675062 0.681042 0.688803 0.698445 0.710095 0.723915 0.740101 0.758898 0.780604 0.805586 0.834297 0.867296 0.905284 0.949143 1.000000 0.970251 0.925933 0.887532 0.854164 0.825131 0.799870 0.777928 0.758937 0.742598 0.728666 0.716942 0.707267 0.699512 0.693578 0.689391 0.673277 0.652470 0.634394 0.618742 0.605267 0.593767 0.584076 0.576062 0.569619 0.564663 0.561133 0.558985 0.558194 0.558748 0.560656 0.563940 0.568641 0.574817 0.582548 0.591934 0.603105 0.616219 0.631471 0.649101 0.669402 0.692737 0.719553 0.750410 0.757563 0.748146 0.740723 0.735199 0.731507 0.729600 0.729456 0.731073 0.734471 0.739690 0.746796 0.755879 0.767056 0.780477 0.796328 0.814841 0.836297 0.861045 0.879284 0.848865 0.822395 7281.500000 1.392889 0.831861
0.574817 0.582548 0.591934 0.603105 0.616219 0.631471 0.649101 0.669402 0.692737 0.719553 0.750410 0.757563 0.748146 0.740723 0.735199 0.731507 0.729600 0.729456 0.731073 0.734471 0.739690 0.746796 0.755879 0.767056 0.780477 0.796328 0.814841 0.836297 0.861045 0.879284 0.848865 0.822395 0.799394 0.779471 0.762308 0.747648 0.735279 0.725030 0.716767 0.710381 0.705794 0.702948 0.701809 0.702363 0.704617 0.708598 0.714355 0.721959 0.731509 0.743128 0.756976 0.773248 0.792185 0.776130 0.743063 0.714349 0.689371 0.667634 0.648742 0.632371 0.618258 0.606190 0.595993 0.587525 0.580674 0.575350 0.571488 0.569038 0.567973 0.568277 0.569956 0.573029 0.577535 0.583528 0.591087 0.600309 0.611319 0.624273 0.639361 0.656818 0.670788 0.675062 0.681042 0.688803 0.698445 0.710095 0.723915 0.740101 0.758898 0.780604 0.805586 0.834297 0.867296 0.905284 0.949143 1.000000 0.970251 0.925933 0.887532 0.854164 0.825131 0.799870 0.777928 0.758937 0.742598 0.728666 0.716942 0.707267 0.699512 0.693578 0.689391 0.673277 0.652470 0.634394 0.618742 0.605267 0.593767 0.584076 0.576062 0.569619 0.564663 0.561133 0.558985 0.558194 0.558748 0.560656 0.563940 0.568641 7281.500000 1.392889 0.831861
0.931474 0.963359 1.000000 0.955347 0.899519 0.851795 0.810734 0.775232 0.744426 0.717638 0.694326 0.674053 0.656468 0.641282 0.627913 0.615910 0.605789 0.597411 0.590666 0.585466 0.581745 0.579459 0.578579 0.579095 0.581013 0.584356 0.589165 0.595500 0.603443 0.613097 0.624595 0.638099 0.653809 0.671972 0.692890 0.716935 0.706593 0.698054 0.691364 0.686440 0.683219 0.681663 0.681753 0.683490 0.686894 0.692008 0.698895 0.707643 0.718365 0.731205 0.736147 0.740618 0.746955 0.755236 0.765567 0.778086 0.792963 0.810410 0.830689 0.854119 0.881093 0.912096 0.947726 0.988732 0.946146 0.902929 0.865481 0.832943 0.804631 0.779998 0.758601 0.740082 0.724149 0.710563 0.699131 0.689696 0.682133 0.676347 0.672263 0.669833 0.669026 0.669833 0.672263 0.676347 0.682133 0.685880 0.671173 0.658636 0.648092 0.639396 0.632434 0.627117 0.623377 0.621169 0.620467 0.618333 0.613038 0.609287 0.607036 0.606256 0.606939 0.609092 0.612742 0.617933 0.624731 0.633223 0.643521 0.655765 0.670129 0.686829 0.706127 0.728346 0.753884 0.783233 0.785811 0.782480 0.781051 0.781506 0.783852 0.788115 0.794350 0.802633 0.813070 0.825798 0.840988 0.858856 0.879665 0.903738 1650.000000 1.268537 0.833829
0.613038 0.609287 0.607036 0.606256 0.606939 0.609092 0.612742 0.617933 0.624731 0.633223 0.643521 0.655765 0.670129 0.686829 0.706127 0.728346 0.753884 0.783233 0.785811 0.782480 0.781051 0.781506 0.783852 0.788115 0.794350 0.802633 0.813070 0.825798 0.840988 0.858856 0.879665 0.903738 0.931474 0.963359 1.000000 0.955347 0.899519 0.851795 0.810734 0.775232 0.744426 0.717638 0.694326 0.674053 0.656468 0.641282 0.627913 0.615910 0.605789 0.597411 0.590666 0.585466 0.581745 0.579459 0.578579 0.579095 0.581013 0.584356 0.589165 0.595500 0.603443 0.613097 0.624595 0.638099 0.653809 0.671972 0.692890 0.716935 0.706593 0.698054 0.691364 0.686440 0.683219 0.681663 0.681753 0.683490 0.686894 0.692008 0.698895 0.707643 0.718365 0.731205 0.736147 0.740618 0.746955 0.755236 0.765567 0.778086 0.792963 0.810410 0.830689 0.854119 0.881093 0.912096 0.947726 0.988732 0.946146 0.902929 0.865481 0.832943 0.804631 0.779998 0.758601 0.740082 0.724149 0.710563 0.699131 0.689696 0.682133 0.676347 0.672263 0.669833 0.669026 0.669833 0.672263 0.676347 0.682133 0.685880 0.671173 0.658636 0.648092 0.639396 0.632434 0.627117 0.623377 0.621169 0.620467 0.618333 1650.000000 1.268537 0.833829
0.946146 0.902929 0.865481 0.832943 0.804631 0.779998 0.758601 0.740082 0.724149 0.710563 0.699131 0.689696 0.682133 0.676347 0.672263 0.669833 0.669026 0.669833 0.672263 0.676347 0.682133 0.685880 0.671173 0.658636 0.648092 0.639396 0.632434 0.627117 0.623377 0.621169 0.620467 0.618333 0.613038 0.609287 0.607036 0.606256 0.606939 0.609092 0.612742 0.617933 0.624731 0.633223 0.643521 0.655765 0.670129 0.686829 0.706127 0.728346 0.753884 0.783233 0.785811 0.782480 0.781051 0.781506 0.783852 0.788115 0.794350 0.802633 0.813070 0.825798 0.840988 0.858856 0.879665 0.903738 0.931474 0.963359 1.000000 0.955347 0.899519 0.851795 0.810734 0.775232 0.744426 0.717638 0.694326 0.674053 0.656468 0.641282 0.627913 0.615910 0.605789 0.597411 0.590666 0.585466 0.581745 0.579459 0.578579 0.579095 0.581013 0.584356 0.589165 0.595500 0.603443 0.613097 0.624595 0.638099 0.653809 0.671972 0.692890 0.716935 0.706593 0.698054 0.691364 0.686440 0.683219 0.681663 0.681753 0.683490 0.686894 0.692008 0.698895 0.707643 0.718365 0.731205 0.736147 0.740618 0.746955 0.755236 0.765567 0.778086 0.792963 0.810410 0.830689 0.854119 0.881093 0.912096 0.947726 0.988732 1650.000000 1.268537 0.833829
0.653809 0.671972 0.692890 0.716935 0.706593 0.698054 0.691364 0.686440 0.683219 0.681663 0.681753 0.683490 0.686894 0.692008 0.698895 0.707643 0.718365 0.731205 0.736147 0.740618 0.746955 0.755236 0.765567 0.778086 0.792963 0.810410 0.830689 0.854119 0.881093 0.912096 0.947726 0.988732 0.946146 0.902929 0.865481 0.832943 0.804631 0.779998 0.758601 0.740082 0.724149 0.710563 0.699131 0.689696 0.682133 0.676347 0.672263 0.669833 0.669026 0.669833 0.672263 0.676347 0.682133 0.685880 0.671173 0.658636 0.648092 0.639396 0.632434 0.627117 0.623377 0.621169 0.620467 0.618333 0.613038 0.609287 0.607036 0.606256 0.606939 0.609092 0.612742 0.617933 0.624731 0.633223 0.643521 0.655765 0.670129 0.686829 0.706127 0.728346 0.753884 0.783233 0.785811 0.782480 0.781051 0.781506 0.783852 0.788115 0.794350 0.802633 0.813070 0.825798 0.840988 0.858856 0.879665 0.903738 0.931474 0.963359 1.000000 0.955347 0.899519 0.851795 0.810734 0.775232 0.744426 0.717638 0.694326 0.674053 0.656468 0.641282 0.627913 0.615910 0.605789 0.597411 0.590666 0.585466 0.581745 0.579459 0.578579 0.579095 0.581013 0.584356 0.589165 0.595500 0.603443 0.613097 0.624595 0.638099 1650.000000 1.268537 0.833829
0.948119 1.000000 0.941117 0.886058 0.838995 0.798506 0.763499 0.733125 0.706713 0.683727 0.663738 0.646398 0.631423 0.618583 0.607689 0.598590 0.591162 0.585309 0.580956 0.578050 0.576556 0.576454 0.577743 0.580440 0.584577 0.590206 0.597397 0.606244 0.616865 0.629409 0.644057 0.661034 0.680613 0.703134 0.729013 0.758766 0.773449 0.755337 0.739796 0.726596 0.715553 0.706517 0.699370 0.694022 0.690405 0.688476 0.688211 0.689607 0.692681 0.697470 0.704033 0.712454 0.722841 0.735334 0.750104 0.767367 0.787384 0.810479 0.837047 0.867576 0.902674 0.943099 0.989811 0.931489 0.878233 0.832636 0.793356 0.759362 0.729848 0.704175 0.681834 0.662413 0.645581 0.631065 0.618645 0.608141 0.599408 0.592330 0.586813 0.582789 0.580209 0.579040 0.579268 0.580897 0.583945 0.588451 0.594470 0.602079 0.611377 0.622490 0.635574 0.650822 0.668469 0.688805 0.712187 0.739055 0.769958 0.805583 0.842150 0.811510 0.784846 0.761654 0.741529 0.724140 0.709216 0.696540 0.685933 0.677250 0.670380 0.665234 0.661748 0.659881 0.659608 0.660927 0.663854 0.668425 0.674695 0.682745 0.692678 0.704626 0.718757 0.735273 0.754426 0.776524 0.801947 0.831160 0.864744 0.903425 7457.500000 1.287672 0.761021
0.769958 0.805583 0.842150 0.811510 0.784846 0.761654 0.741529 0.724140 0.709216 0.696540 0.685933 0.677250 0.670380 0.665234 0.661748 0.659881 0.659608 0.660927 0.663854 0.668425 0.674695 0.682745 0.692678 0.704626 0.718757 0.735273 0.754426 0.776524 0.801947 0.831160 0.864744 0.903425 0.948119 1.000000 0.941117 0.886058 0.838995 0.798506 0.763499 0.733125 0.706713 0.683727 0.663738 0.646398 0.631423 0.618583 0.607689 0.598590 0.591162 0.585309 0.580956 0.578050 0.576556 0.576454 0.577743 0.580440 0.584577 0.590206 0.597397 0.606244 0.616865 0.629409 0.644057 0.661034 0.680613 0.703134 0.729013 0.758766 0.773449 0.755337 0.739796 0.726596 0.715553 0.706517 0.699370 0.694022 0.690405 0.688476 0.688211 0.689607 0.692681 0.697470 0.704033 0.712454 0.722841 0.735334 0.750104 0.767367 0.787384 0.810479 0.837047 0.867576 0.902674 0.943099 0.989811 0.931489 0.878233 0.832636 0.793356 0.759362 0.729848 0.704175 0.681834 0.662413 0.645581 0.631065 0.618645 0.608141 0.599408 0.592330 0.586813 0.582789 0.580209 0.579040 0.579268 0.580897 0.583945 0.588451 0.594470 0.602079 0.611377 0.622490 0.635574 0.650822 0.668469 0.688805 0.712187 0.739055 7457.500000 1.287672 0.761021
0.878233 0.832636 0.793356 0.759362 0.729848 0.704175 0.681834 0.662413 0.645581 0.631065 0.618645 0.608141 0.599408 0.592330 0.586813 0.582789 0.580209 0.579040 0.579268 0.580897 0.583945 0.588451 0.594470 0.602079 0.611377 0.622490 0.635574 0.650822 0.668469 0.688805 0.712187 0.739055 0.769958 0.805583 0.842150 0.811510 0.784846 0.761654 0.741529 0.724140 0.709216 0.696540 0.685933 0.677250 0.670380 0.665234 0.661748 0.659881 0.659608 0.660927 0.663854 0.668425 0.674695 0.682745 0.692678 0.704626 0.718757 0.735273 0.754426 0.776524 0.801947 0.831160 0.864744 0.903425 0.948119 1.000000 0.941117 0.886058 0.838995 0.798506 0.763499 0.733125 0.706713 0.683727 0.663738 0.646398 0.631423 0.618583 0.607689 0.598590 0.591162 0.585309 0.580956 0.578050 0.576556 0.576454 0.577743 0.580440 0.584577 0.590206 0.597397 0.606244 0.616865 0.629409 0.644057 0.661034 0.680613 0.703134 0.729013 0.758766 0.773449 0.755337 0.739796 0.726596 0.715553 0.706517 0.699370 0.694022 0.690405 0.688476 0.688211 0.689607 0.692681 0.697470 0.704033 0.712454 0.722841 0.735334 0.750104 0.767367 0.787384 0.810479 0.837047 0.867576 0.902674 0.943099 0.989811 0.931489 7457.500000 1.287672 0.761021
0.680613 0.703134 0.729013 0.758766 0.773449 0.755337 0.739796 0.726596 0.715553 0.706517 0.699370 0.694022 0.690405 0.688476 0.688211 0.689607 0.692681 0.697470 0.704033 0.712454 0.722841 0.735334 0.750104 0.767367 0.787384 0.810479 0.837047 0.867576 0.902674 0.943099 0.989811 0.931489 0.878233 0.832636 0.793356 0.759362 0.729848 0.704175 0.681834 0.662413 0.645581 0.631065 0.618645 0.608141 0.599408 0.592330 0.586813 0.582789 0.580209 0.579040 0.579268 0.580897 0.583945 0.588451 0.594470 0.602079 0.611377 0.622490 0.635574 0.650822 0.668469 0.688805 0.712187 0.739055 0.769958 0.805583 0.842150 0.811510 0.784846 0.761654 0.741529 0.724140 0.709216 0.696540 0.685933 0.677250 0.670380 0.665234 0.661748 0.659881 0.659608 0.660927 0.663854 0.668425 0.674695 0.682745 0.692678 0.704626 0.718757 0.735273 0.754426 0.776524 0.801947 0.831160 0.864744 0.903425 0.948119 1.000000 0.941117 0.886058 0.838995 0.798506 0.763499 0.733125 0.706713 0.683727 0.663738 0.646398 0.631423 0.618583 0.607689 0.598590 0.591162 0.585309 0.580956 0.578050 0.576556 0.576454 0.577743 0.580440 0.584577 0.590206 0.597397 0.606244 0.616865 0.629409 0.644057 0.661034 7457.500000 1.287672 0.761021
0.955281 0.917014 0.883742 0.854787 0.829605 0.807754 0.788876 0.772679 0.758926 0.747423 0.738014 0.730578 0.725019 0.721269 0.719281 0.719032 0.720518 0.723757 0.728790 0.735677 0.744507 0.755392 0.768480 0.783952 0.802031 0.820967 0.800158 0.782216 0.766867 0.753890 0.743106 0.734370 0.727569 0.722618 0.719456 0.718043 0.718363 0.720420 0.724238 0.729865 0.737370 0.746849 0.758426 0.772257 0.788537 0.807505 0.829456 0.854750 0.883832 0.917249 0.955686 1.000000 0.972182 0.935641 0.903847 0.876184 0.852156 0.831360 0.813468 0.798212 0.785375 0.774781 0.766291 0.759796 0.755213 0.752488 0.751586 0.752498 0.755233 0.759825 0.766331 0.774832 0.785437 0.798286 0.813555 0.806096 0.785401 0.767543 0.752252 0.739305 0.728521 0.719756 0.712897 0.707856 0.704571 0.703003 0.703132 0.704959 0.708507 0.713820 0.720962 0.730026 0.741128 0.754419 0.770085 0.788354 0.809509 0.833895 0.861936 0.894158 0.931214 0.918599 0.888089 0.861548 0.838510 0.818592 0.801485 0.786935 0.774737 0.764726 0.756769 0.750767 0.746644 0.744349 0.743855 0.745155 0.748266 0.753225 0.760094 0.768958 0.779933 0.793164 0.808834 0.827169 0.848445 0.873003 0.901262 0.933735 7372.500000 1.108088 0.847758
0.809509 0.833895 0.861936 0.894158 0.931214 0.918599 0.888089 0.861548 0.838510 0.818592 0.801485 0.786935 0.774737 0.764726 0.756769 0.750767 0.746644 0.744349 0.743855 0.745155 0.748266 0.753225 0.760094 0.768958 0.779933 0.793164 0.808834 0.827169 0.848445 0.873003 0.901262 0.933735 0.955281 0.917014 0.883742 0.854787 0.829605 0.807754 0.788876 0.772679 0.758926 0.747423 0.738014 0.730578 0.725019 0.721269 0.719281 0.719032 0.720518 0.723757 0.728790 0.735677 0.744507 0.755392 0.768480 0.783952 0.802031 0.820967 0.800158 0.782216 0.766867 0.753890 0.743106 0.734370 0.727569 0.722618 0.719456 0.718043 0.718363 0.720420 0.724238 0.729865 0.737370 0.746849 0.758426 0.772257 0.788537 0.807505 0.829456 0.854750 0.883832 0.917249 0.955686 1.000000 0.972182 0.935641 0.903847 0.876184 0.852156 0.831360 0.813468 0.798212 0.785375 0.774781 0.766291 0.759796 0.755213 0.752488 0.751586 0.752498 0.755233 0.759825 0.766331 0.774832 0.785437 0.798286 0.813555 0.806096 0.785401 0.767543 0.752252 0.739305 0.728521 0.719756 0.712897 0.707856 0.704571 0.703003 0.703132 0.704959 0.708507 0.713820 0.720962 0.730026 0.741128 0.754419 0.770085 0.788354 7372.500000 1.108088 0.847758
0.755213 0.752488 0.751586 0.752498 0.755233 0.759825 0.766331 0.774832 0.785437 0.798286 0.813555 0.806096 0.785401 0.767543 0.752252 0.739305 0.728521 0.719756 0.712897 0.707856 0.704571 0.703003 0.703132 0.704959 0.708507 0.713820 0.720962 0.730026 0.741128 0.754419 0.770085 0.788354 0.809509 0.833895 0.861936 0.894158 0.931214 0.918599 0.888089 0.861548 0.838510 0.818592 0.801485 0.786935 0.774737 0.764726 0.756769 0.750767 0.746644 0.744349 0.743855 0.745155 0.748266 0.753225 0.760094 0.768958 0.779933 0.793164 0.808834 0.827169 0.848445 0.873003 0.901262 0.933735 0.955281 0.917014 0.883742 0.854787 0.829605 0.807754 0.788876 0.772679 0.758926 0.747423 0.738014 0.730578 0.725019 0.721269 0.719281 0.719032 0.720518 0.723757 0.728790 0.735677 0.744507 0.755392 0.768480 0.783952 0.802031 0.820967 0.800158 0.782216 0.766867 0.753890 0.743106 0.734370 0.727569 0.722618 0.719456 0.718043 0.718363 0.720420 0.724238 0.729865 0.737370 0.746849 0.758426 0.772257 0.788537 0.807505 0.829456 0.854750 0.883832 0.917249 0.955686 1.000000 0.972182 0.935641 0.903847 0.876184 0.852156 0.831360 0.813468 0.798212 0.785375 0.774781 0.766291 0.759796 7372.500000 1.108088 0.847758
0.727569 0.722618 0.719456 0.718043 0.718363 0.720420 0.724238 0.729865 0.737370 0.746849 0.758426 0.772257 0.788537 0.807505 0.829456 0.854750 0.883832 0.917249 0.955686 1.000000 0.972182 0.935641 0.903847 0.876184 0.852156 0.831360 0.813468 0.798212 0.785375 0.774781 0.766291 0.759796 0.755213 0.752488 0.751586 0.752498 0.755233 0.759825 0.766331 0.774832 0.785437 0.798286 0.813555 0.806096 0.785401 0.767543 0.752252 0.739305 0.728521 0.719756 0.712897 0.707856 0.704571 0.703003 0.703132 0.704959 0.708507 0.713820 0.720962 0.730026 0.741128 0.754419 0.770085 0.788354 0.809509 0.833895 0.861936 0.894158 0.931214 0.918599 0.888089 0.861548 0.838510 0.818592 0.801485 0.786935 0.774737 0.764726 0.756769 0.750767 0.746644 0.744349 0.743855 0.745155 0.748266 0.753225 0.760094 0.768958 0.779933 0.793164 0.808834 0.827169 0.848445 0.873003 0.901262 0.933735 0.955281 0.917014 0.883742 0.854787 0.829605 0.807754 0.788876 0.772679 0.758926 0.747423 0.738014 0.730578 0.725019 0.721269 0.719281 0.719032 0.720518 0.723757 0.728790 0.735677 0.744507 0.755392 0.768480 0.783952 0.802031 0.820967 0.800158 0.782216 0.766867 0.753890 0.743106 0.734370 7372.500000 1.108088 0.847758
0.759998 0.745002 0.732316 0.721764 0.713207 0.706531 0.701655 0.698516 0.697077 0.697321 0.699250 0.702887 0.708278 0.715489 0.724612 0.735767 0.749103 0.764807 0.752853 0.731945 0.713841 0.698252 0.684944 0.673726 0.664446 0.656978 0.651228 0.647123 0.644613 0.643667 0.644273 0.646440 0.650192 0.655577 0.662662 0.671537 0.682319 0.695155 0.710227 0.727759 0.732820 0.712468 0.694844 0.679669 0.666715 0.655795 0.646760 0.639491 0.633893 0.629897 0.627453 0.626531 0.627121 0.629229 0.632881 0.638122 0.624401 0.611090 0.599749 0.590217 0.582365 0.576088 0.571307 0.567961 0.566010 0.565430 0.566214 0.568371 0.571928 0.576928 0.583435 0.591531 0.601324 0.612948 0.626569 0.642393 0.649233 0.651971 0.656321 0.662335 0.670090 0.679685 0.691248 0.704939 0.720956 0.739540 0.760990 0.785670 0.814032 0.846634 0.884175 0.927539 0.977852 1.000000 0.895173 0.812010 0.744626 0.689101 0.642724 0.603558 0.570186 0.541547 0.516833 0.495417 0.476809 0.460618 0.446530 0.434294 0.423704 0.414593 0.406906 0.412460 0.419191 0.427192 0.436576 0.447484 0.460088 0.474599 0.491277 0.510445 0.532504 0.557961 0.587460 0.621834 0.662175 0.709942 0.767129 0.777522 1744.500000 1.157545 0.741429
0.744626 0.689101 0.642724 0.603558 0.570186 0.541547 0.516833 0.495417 0.476809 0.460618 0.446530 0.434294 0.423704 0.414593 0.406906 0.412460 0.419191 0.427192 0.436576 0.447484 0.460088 0.474599 0.491277 0.510445 0.532504 0.557961 0.587460 0.621834 0.662175 0.709942 0.767129 0.777522 0.759998 0.745002 0.732316 0.721764 0.713207 0.706531 0.701655 0.698516 0.697077 0.697321 0.699250 0.702887 0.708278 0.715489 0.724612 0.735767 0.749103 0.764807 0.752853 0.731945 0.713841 0.698252 0.684944 0.673726 0.664446 0.656978 0.651228 0.647123 0.644613 0.643667 0.644273 0.646440 0.650192 0.655577 0.662662 0.671537 0.682319 0.695155 0.710227 0.727759 0.732820 0.712468 0.694844 0.679669 0.666715 0.655795 0.646760 0.639491 0.633893 0.629897 0.627453 0.626531 0.627121 0.629229 0.632881 0.638122 0.624401 0.611090 0.599749 0.590217 0.582365 0.576088 0.571307 0.567961 0.566010 0.565430 0.566214 0.568371 0.571928 0.576928 0.583435 0.591531 0.601324 0.612948 0.626569 0.642393 0.649233 0.651971 0.656321 0.662335 0.670090 0.679685 0.691248 0.704939 0.720956 0.739540 0.760990 0.785670 0.814032 0.846634 0.884175 0.927539 0.977852 1.000000 0.895173 0.812010 1744.500000 1.157545 0.741429
0.566010 0.565430 0.566214 0.568371 0.571928 0.576928 0.583435 0.591531 0.601324 0.612948 0.626569 0.642393 0.649233 0.651971 0.656321 0.662335 0.670090 0.679685 0.691248 0.704939 0.720956 0.739540 0.760990 0.785670 0.814032 0.846634 0.884175 0.927539 0.977852 1.000000 0.895173 0.812010 0.744626 0.689101 0.642724 0.603558 0.570186 0.541547 0.516833 0.495417 0.476809 0.460618 0.446530 0.434294 0.423704 0.414593 0.406906 0.412460 0.419191 0.427192 0.436576 0.447484 0.460088 0.474599 0.491277 0.510445 0.532504 0.557961 0.587460 0.621834 0.662175 0.709942 0.767129 0.777522 0.759998 0.745002 0.732316 0.721764 0.713207 0.706531 0.701655 0.698516 0.697077 0.697321 0.699250 0.702887 0.708278 0.715489 0.724612 0.735767 0.749103 0.764807 0.752853 0.731945 0.713841 0.698252 0.684944 0.673726 0.664446 0.656978 0.651228 0.647123 0.644613 0.643667 0.644273 0.646440 0.650192 0.655577 0.662662 0.671537 0.682319 0.695155 0.710227 0.727759 0.732820 0.712468 0.694844 0.679669 0.666715 0.655795 0.646760 0.639491 0.633893 0.629897 0.627453 0.626531 0.627121 0.629229 0.632881 0.638122 0.624401 0.611090 0.599749 0.590217 0.582365 0.576088 0.571307 0.567961 1744.500000 1.157545 0.741429
0.650192 0.655577 0.662662 0.671537 0.682319 0.695155 0.710227 0.727759 0.732820 0.712468 0.694844 0.679669 0.666715 0.655795 0.646760 0.639491 0.633893 0.629897 0.627453 0.626531 0.627121 0.629229 0.632881 0.638122 0.624401 0.611090 0.599749 0.590217 0.582365 0.576088 0.571307 0.567961 0.566010 0.565430 0.566214 0.568371 0.571928 0.576928 0.583435 0.591531 0.601324 0.612948 0.626569 0.642393 0.649233 0.651971 0.656321 0.662335 0.670090 0.679685 0.691248 0.704939 0.720956 0.739540 0.760990 0.785670 0.814032 0.846634 0.884175 0.927539 0.977852 1.000000 0.895173 0.812010 0.744626 0.689101 0.642724 0.603558 0.570186 0.541547 0.516833 0.495417 0.476809 0.460618 0.446530 0.434294 0.423704 0.414593 0.406906 0.412460 0.419191 0.427192 0.436576 0.447484 0.460088 0.474599 0.491277 0.510445 0.532504 0.557961 0.587460 0.621834 0.662175 0.709942 0.767129 0.777522 0.759998 0.745002 0.732316 0.721764 0.713207 0.706531 0.701655 0.698516 0.697077 0.697321 0.699250 0.702887 0.708278 0.715489 0.724612 0.735767 0.749103 0.764807 0.752853 0.731945 0.713841 0.698252 0.684944 0.673726 0.664446 0.656978 0.651228 0.647123 0.644613 0.643667 0.644273 0.646440 1744.500000 1.157545 0.741429
0.683068 0.721519 0.766514 0.819600 0.820061 0.795429 0.774043 0.755550 0.739660 0.726138 0.714792 0.705469 0.698046 0.692429 0.688547 0.686352 0.685818 0.686938 0.689727 0.694218 0.700465 0.708549 0.718573 0.730670 0.745007 0.761790 0.781272 0.788763 0.737625 0.694285 0.657251 0.625398 0.597863 0.573975 0.553205 0.535129 0.519409 0.505769 0.493988 0.483882 0.475303 0.468131 0.462269 0.457642 0.454189 0.451869 0.450652 0.450524 0.451484 0.453543 0.456726 0.461072 0.466637 0.472345 0.473560 0.475930 0.479485 0.484269 0.490342 0.497784 0.506695 0.517200 0.529452 0.543639 0.559995 0.578802 0.600414 0.625267 0.653909 0.687037 0.725540 0.770583 0.823704 0.886986 0.963315 1.000000 0.935298 0.880453 0.833580 0.793260 0.758403 0.728161 0.701865 0.678980 0.659078 0.641812 0.626899 0.614110 0.603255 0.594185 0.586776 0.580931 0.576578 0.573660 0.572144 0.572010 0.573256 0.575899 0.579970 0.570756 0.552541 0.536706 0.522978 0.511135 0.500997 0.492417 0.485275 0.479476 0.474944 0.471623 0.469471 0.468462 0.468584 0.469838 0.472240 0.475818 0.480618 0.486700 0.494144 0.503049 0.513542 0.525775 0.539937 0.556261 0.575031 0.596599 0.621404 0.649995 10081.500000 1.565040 0.724531
0.573256 0.575899 0.579970 0.570756 0.552541 0.536706 0.522978 0.511135 0.500997 0.492417 0.485275 0.479476 0.474944 0.471623 0.469471 0.468462 0.468584 0.469838 0.472240 0.475818 0.480618 0.486700 0.494144 0.503049 0.513542 0.525775 0.539937 0.556261 0.575031 0.596599 0.621404 0.649995 0.683068 0.721519 0.766514 0.819600 0.820061 0.795429 0.774043 0.755550 0.739660 0.726138 0.714792 0.705469 0.698046 0.692429 0.688547 0.686352 0.685818 0.686938 0.689727 0.694218 0.700465 0.708549 0.718573 0.730670 0.745007 0.761790 0.781272 0.788763 0.737625 0.694285 0.657251 0.625398 0.597863 0.573975 0.553205 0.535129 0.519409 0.505769 0.493988 0.483882 0.475303 0.468131 0.462269 0.457642 0.454189 0.451869 0.450652 0.450524 0.451484 0.453543 0.456726 0.461072 0.466637 0.472345 0.473560 0.475930 0.479485 0.484269 0.490342 0.497784 0.506695 0.517200 0.529452 0.543639 0.559995 0.578802 0.600414 0.625267 0.653909 0.687037 0.725540 0.770583 0.823704 0.886986 0.963315 1.000000 0.935298 0.880453 0.833580 0.793260 0.758403 0.728161 0.701865 0.678980 0.659078 0.641812 0.626899 0.614110 0.603255 0.594185 0.586776 0.580931 0.576578 0.573660 0.572144 0.572010 10081.500000 1.565040 0.724531
0.559995 0.578802 0.600414 0.625267 0.653909 0.687037 0.725540 0.770583 0.823704 0.886986 0.963315 1.000000 0.935298 0.880453 0.833580 0.793260 0.758403 0.728161 0.701865 0.678980 0.659078 0.641812 0.626899 0.614110 0.603255 0.594185 0.586776 0.580931 0.576578 0.573660 0.572144 0.572010 0.573256 0.575899 0.579970 0.570756 0.552541 0.536706 0.522978 0.511135 0.500997 0.492417 0.485275 0.479476 0.474944 0.471623 0.469471 0.468462 0.468584 0.469838 0.472240 0.475818 0.480618 0.486700 0.494144 0.503049 0.513542 0.525775 0.539937 0.556261 0.575031 0.596599 0.621404 0.649995 0.683068 0.721519 0.766514 0.819600 0.820061 0.795429 0.774043 0.755550 0.739660 0.726138 0.714792 0.705469 0.698046 0.692429 0.688547 0.686352 0.685818 0.686938 0.689727 0.694218 0.700465 0.708549 0.718573 0.730670 0.745007 0.761790 0.781272 0.788763 0.737625 0.694285 0.657251 0.625398 0.597863 0.573975 0.553205 0.535129 0.519409 0.505769 0.493988 0.483882 0.475303 0.468131 0.462269 0.457642 0.454189 0.451869 0.450652 0.450524 0.451484 0.453543 0.456726 0.461072 0.466637 0.472345 0.473560 0.475930 0.479485 0.484269 0.490342 0.497784 0.506695 0.517200 0.529452 0.543639 10081.500000 1.565040 0.724531
0.597863 0.573975 0.553205 0.535129 0.519409 0.505769 0.493988 0.483882 0.475303 0.468131 0.462269 0.457642 0.454189 0.451869 0.450652 0.450524 0.451484 0.453543 0.456726 0.461072 0.466637 0.472345 0.473560 0.475930 0.479485 0.484269 0.490342 0.497784 0.506695 0.517200 0.529452 0.543639 0.559995 0.578802 0.600414 0.625267 0.653909 0.687037 0.725540 0.770583 0.823704 0.886986 0.963315 1.000000 0.935298 0.880453 0.833580 0.793260 0.758403 0.728161 0.701865 0.678980 0.659078 0.641812 0.626899 0.614110 0.603255 0.594185 0.586776 0.580931 0.576578 0.573660 0.572144 0.572010 0.573256 0.575899 0.579970 0.570756 0.552541 0.536706 0.522978 0.511135 0.500997 0.492417 0.485275 0.479476 0.474944 0.471623 0.469471 0.468462 0.468584 0.469838 0.472240 0.475818 0.480618 0.486700 0.494144 0.503049 0.513542 0.525775 0.539937 0.556261 0.575031 0.596599 0.621404 0.649995 0.683068 0.721519 0.766514 0.819600 0.820061 0.795429 0.774043 0.755550 0.739660 0.726138 0.714792 0.705469 0.698046 0.692429 0.688547 0.686352 0.685818 0.686938 0.689727 0.694218 0.700465 0.708549 0.718573 0.730670 0.745007 0.761790 0.781272 0.788763 0.737625 0.694285 0.657251 0.625398 10081.500000 1.565040 0.724531
0.733729 0.714924 0.698700 0.684810 0.673051 0.663259 0.655305 0.649084 0.644518 0.641551 0.640146 0.640287 0.641974 0.645229 0.650091 0.656621 0.664902 0.675041 0.687175 0.701474 0.718147 0.737453 0.759706 0.785294 0.814697 0.848511 0.887485 0.932565 0.984971 1.000000 0.934770 0.879518 0.832327 0.791752 0.756687 0.726272 0.699828 0.676816 0.656800 0.639431 0.624422 0.611541 0.600599 0.591441 0.583943 0.578009 0.573562 0.570546 0.568926 0.568681 0.569808 0.572321 0.576251 0.581646 0.588574 0.597126 0.607414 0.619582 0.633806 0.650301 0.669333 0.691229 0.716390 0.745314 0.778628 0.817120 0.861799 0.913977 0.954899 0.916300 0.882744 0.853543 0.828144 0.806098 0.787042 0.770680 0.756770 0.745118 0.735563 0.727982 0.722278 0.718380 0.716240 0.715832 0.717151 0.720214 0.725057 0.731740 0.740347 0.750991 0.763812 0.778987 0.796736 0.788861 0.762317 0.739224 0.719172 0.701824 0.686909 0.674206 0.663533 0.654746 0.647728 0.642391 0.638666 0.636510 0.635894 0.636813 0.639276 0.643314 0.648977 0.656336 0.665485 0.676546 0.689670 0.705046 0.722904 0.743528 0.767266 0.794547 0.825902 0.861996 0.903666 0.879966 0.841996 0.809035 0.780367 0.755419 4497.000000 1.138916 0.756540
0.719172 0.701824 0.686909 0.674206 0.663533 0.654746 0.647728 0.642391 0.638666 0.636510 0.635894 0.636813 0.639276 0.643314 0.648977 0.656336 0.665485 0.676546 0.689670 0.705046 0.722904 0.743528 0.767266 0.794547 0.825902 0.861996 0.903666 0.879966 0.841996 0.809035 0.780367 0.755419 0.733729 0.714924 0.698700 0.684810 0.673051 0.663259 0.655305 0.649084 0.644518 0.641551 0.640146 0.640287 0.641974 0.645229 0.650091 0.656621 0.664902 0.675041 0.687175 0.701474 0.718147 0.737453 0.759706 0.785294 0.814697 0.848511 0.887485 0.932565 0.984971 1.000000 0.934770 0.879518 0.832327 0.791752 0.756687 0.726272 0.699828 0.676816 0.656800 0.639431 0.624422 0.611541 0.600599 0.591441 0.583943 0.578009 0.573562 0.570546 0.568926 0.568681 0.569808 0.572321 0.576251 0.581646 0.588574 0.597126 0.607414 0.619582 0.633806 0.650301 0.669333 0.691229 0.716390 0.745314 0.778628 0.817120 0.861799 0.913977 0.954899 0.916300 0.882744 0.853543 0.828144 0.806098 0.787042 0.770680 0.756770 0.745118 0.735563 0.727982 0.722278 0.718380 0.716240 0.715832 0.717151 0.720214 0.725057 0.731740 0.740347 0.750991 0.763812 0.778987 0.796736 0.788861 0.762317 0.739224 4497.000000 1.138916 0.756540
0.778628 0.817120 0.861799 0.913977 0.954899 0.916300 0.882744 0.853543 0.828144 0.806098 0.787042 0.770680 0.756770 0.745118 0.735563 0.727982 0.722278 0.718380 0.716240 0.715832 0.717151 0.720214 0.725057 0.731740 0.740347 0.750991 0.763812 0.778987 0.796736 0.788861 0.762317 0.739224 0.719172 0.701824 0.686909 0.674206 0.663533 0.654746 0.647728 0.642391 0.638666 0.636510 0.635894 0.636813 0.639276 0.643314 0.648977 0.656336 0.665485 0.676546 0.689670 0.705046 0.722904 0.743528 0.767266 0.794547 0.825902 0.861996 0.903666 0.879966 0.841996 0.809035 0.780367 0.755419 0.733729 0.714924 0.698700 0.684810 0.673051 0.663259 0.655305 0.649084 0.644518 0.641551 0.640146 0.640287 0.641974 0.645229 0.650091 0.656621 0.664902 0.675041 0.687175 0.701474 0.718147 0.737453 0.759706 0.785294 0.814697 0.848511 0.887485 0.932565 0.984971 1.000000 0.934770 0.879518 0.832327 0.791752 0.756687 0.726272 0.699828 0.676816 0.656800 0.639431 0.624422 0.611541 0.600599 0.591441 0.583943 0.578009 0.573562 0.570546 0.568926 0.568681 0.569808 0.572321 0.576251 0.581646 0.588574 0.597126 0.607414 0.619582 0.633806 0.650301 0.669333 0.691229 0.716390 0.745314 4497.000000 1.138916 0.756540
0.832327 0.791752 0.756687 0.726272 0.699828 0.676816 0.656800 0.639431 0.624422 0.611541 0.600599 0.591441 0.583943 0.578009 0.573562 0.570546 0.568926 0.568681 0.569808 0.572321 0.576251 0.581646 0.588574 0.597126 0.607414 0.619582 0.633806 0.650301 0.669333 0.691229 0.716390 0.745314 0.778628 0.817120 0.861799 0.913977 0.954899 0.916300 0.882744 0.853543 0.828144 0.806098 0.787042 0.770680 0.756770 0.745118 0.735563 0.727982 0.722278 0.718380 0.716240 0.715832 0.717151 0.720214 0.725057 0.731740 0.740347 0.750991 0.763812 0.778987 0.796736 0.788861 0.762317 0.739224 0.719172 0.701824 0.686909 0.674206 0.663533 0.654746 0.647728 0.642391 0.638666 0.636510 0.635894 0.636813 0.639276 0.643314 0.648977 0.656336 0.665485 0.676546 0.689670 0.705046 0.722904 0.743528 0.767266 0.794547 0.825902 0.861996 0.903666 0.879966 0.841996 0.809035 0.780367 0.755419 0.733729 0.714924 0.698700 0.684810 0.673051 0.663259 0.655305 0.649084 0.644518 0.641551 0.640146 0.640287 0.641974 0.645229 0.650091 0.656621 0.664902 0.675041 0.687175 0.701474 0.718147 0.737453 0.759706 0.785294 0.814697 0.848511 0.887485 0.932565 0.984971 1.000000 0.934770 0.879518 4497.000000 1.138916 0.756540
0.812324 0.831618 0.853958 0.879709 0.909321 0.940834 0.926585 0.914933 0.905725 0.898844 0.894205 0.891750 0.891451 0.893304 0.897330 0.903580 0.912130 0.923088 0.936597 0.934561 0.909012 0.886903 0.867885 0.851674 0.838040 0.826796 0.817793 0.810917 0.806081 0.803226 0.802318 0.803344 0.806318 0.811276 0.818279 0.827415 0.838800 0.852585 0.868960 0.888158 0.910465 0.936236 0.965903 1.000000 0.992627 0.957324 0.926602 0.899890 0.876728 0.856741 0.839623 0.825124 0.813042 0.803217 0.795519 0.789853 0.786104 0.779477 0.774811 0.772050 0.771160 0.772129 0.774971 0.779718 0.786431 0.795193 0.806115 0.819344 0.835059 0.853485 0.874898 0.864977 0.854356 0.846007 0.839823 0.835727 0.833670 0.833626 0.835595 0.839601 0.845693 0.853946 0.864464 0.877385 0.892882 0.911171 0.932518 0.957251 0.964026 0.943475 0.925965 0.911249 0.899125 0.889434 0.882052 0.876887 0.873875 0.872980 0.874190 0.877520 0.883012 0.890732 0.900777 0.913277 0.928396 0.946343 0.937217 0.903987 0.875069 0.849927 0.828129 0.809322 0.793219 0.779586 0.768233 0.759008 0.751791 0.746492 0.743045 0.741407 0.741559 0.743503 0.747262 0.752882 0.760433 0.770011 0.781740 0.795779 1654.500000 1.057344 0.893843
0.873875 0.872980 0.874190 0.877520 0.883012 0.890732 0.900777 0.913277 0.928396 0.946343 0.937217 0.903987 0.875069 0.849927 0.828129 0.809322 0.793219 0.779586 0.768233 0.759008 0.751791 0.746492 0.743045 0.741407 0.741559 0.743503 0.747262 0.752882 0.760433 0.770011 0.781740 0.795779 0.812324 0.831618 0.853958 0.879709 0.909321 0.940834 0.926585 0.914933 0.905725 0.898844 0.894205 0.891750 0.891451 0.893304 0.897330 0.903580 0.912130 0.923088 0.936597 0.934561 0.909012 0.886903 0.867885 0.851674 0.838040 0.826796 0.817793 0.810917 0.806081 0.803226 0.802318 0.803344 0.806318 0.811276 0.818279 0.827415 0.838800 0.852585 0.868960 0.888158 0.910465 0.936236 0.965903 1.000000 0.992627 0.957324 0.926602 0.899890 0.876728 0.856741 0.839623 0.825124 0.813042 0.803217 0.795519 0.789853 0.786104 0.779477 0.774811 0.772050 0.771160 0.772129 0.774971 0.779718 0.786431 0.795193 0.806115 0.819344 0.835059 0.853485 0.874898 0.864977 0.854356 0.846007 0.839823 0.835727 0.833670 0.833626 0.835595 0.839601 0.845693 0.853946 0.864464 0.877385 0.892882 0.911171 0.932518 0.957251 0.964026 0.943475 0.925965 0.911249 0.899125 0.889434 0.882052 0.876887 1654.500000 1.057344 0.893843
0.786431 0.795193 0.806115 0.819344 0.835059 0.853485 0.874898 0.864977 0.854356 0.846007 0.839823 0.835727 0.833670 0.833626 0.835595 0.839601 0.845693 0.853946 0.864464 0.877385 0.892882 0.911171 0.932518 0.957251 0.964026 0.943475 0.925965 0.911249 0.899125 0.889434 0.882052 0.876887 0.873875 0.872980 0.874190 0.877520 0.883012 0.890732 0.900777 0.913277 0.928396 0.946343 0.937217 0.903987 0.875069 0.849927 0.828129 0.809322 0.793219 0.779586 0.768233 0.759008 0.751791 0.746492 0.743045 0.741407 0.741559 0.743503 0.747262 0.752882 0.760433 0.770011 0.781740 0.795779 0.812324 0.831618 0.853958 0.879709 0.909321 0.940834 0.926585 0.914933 0.905725 0.898844 0.894205 0.891750 0.891451 0.893304 0.897330 0.903580 0.912130 0.923088 0.936597 0.934561 0.909012 0.886903 0.867885 0.851674 0.838040 0.826796 0.817793 0.810917 0.806081 0.803226 0.802318 0.803344 0.806318 0.811276 0.818279 0.827415 0.838800 0.852585 0.868960 0.888158 0.910465 0.936236 0.965903 1.000000 0.992627 0.957324 0.926602 0.899890 0.876728 0.856741 0.839623 0.825124 0.813042 0.803217 0.795519 0.789853 0.786104 0.779477 0.774811 0.772050 0.771160 0.772129 0.774971 0.779718 1654.500000 1.057344 0.893843
0.806318 0.811276 0.818279 0.827415 0.838800 0.852585 0.868960 0.888158 0.910465 0.936236 0.965903 1.000000 0.992627 0.957324 0.926602 0.899890 0.876728 0.856741 0.839623 0.825124 0.813042 0.803217 0.795519 0.789853 0.786104 0.779477 0.774811 0.772050 0.771160 0.772129 0.774971 0.779718 0.786431 0.795193 0.806115 0.819344 0.835059 0.853485 0.874898 0.864977 0.854356 0.846007 0.839823 0.835727 0.833670 0.833626 0.835595 0.839601 0.845693 0.853946 0.864464 0.877385 0.892882 0.911171 0.932518 0.957251 0.964026 0.943475 0.925965 0.911249 0.899125 0.889434 0.882052 0.876887 0.873875 0.872980 0.874190 0.877520 0.883012 0.890732 0.900777 0.913277 0.928396 0.946343 0.937217 0.903987 0.875069 0.849927 0.828129 0.809322 0.793219 0.779586 0.768233 0.759008 0.751791 0.746492 0.743045 0.741407 0.741559 0.743503 0.747262 0.752882 0.760433 0.770011 0.781740 0.795779 0.812324 0.831618 0.853958 0.879709 0.909321 0.940834 0.926585 0.914933 0.905725 0.898844 0.894205 0.891750 0.891451 0.893304 0.897330 0.903580 0.912130 0.923088 0.936597 0.934561 0.909012 0.886903 0.867885 0.851674 0.838040 0.826796 0.817793 0.810917 0.806081 0.803226 0.802318 0.803344 1654.500000 1.057344 0.893843
0.761570 0.794189 0.831821 0.875411 0.890255 0.863000 0.839327 0.818837 0.801208 0.786177 0.773528 0.763089 0.754722 0.748319 0.743802 0.741113 0.740220 0.741113 0.743802 0.748319 0.754722 0.763089 0.773528 0.786177 0.801208 0.806523 0.769641 0.737684 0.709918 0.685758 0.664737 0.646477 0.630672 0.617073 0.605476 0.595716 0.587658 0.581197 0.576249 0.572754 0.570666 0.569963 0.570634 0.572687 0.576149 0.581061 0.587485 0.595503 0.605222 0.616773 0.630322 0.646071 0.664268 0.685219 0.709299 0.736973 0.768822 0.805575 0.848166 0.897794 0.956038 1.000000 0.942791 0.893809 0.851617 0.815103 0.783401 0.755826 0.731829 0.710969 0.692888 0.677296 0.663953 0.652669 0.643285 0.635677 0.629746 0.625418 0.622639 0.621374 0.621609 0.623347 0.626608 0.631432 0.637880 0.646034 0.655999 0.667911 0.681937 0.698283 0.717201 0.739004 0.764072 0.792878 0.826008 0.864201 0.908391 0.884941 0.840025 0.801285 0.767729 0.738578 0.713215 0.691146 0.671973 0.655370 0.641075 0.628874 0.618590 0.610083 0.603241 0.597975 0.594220 0.591928 0.591073 0.591643 0.593646 0.597106 0.602065 0.608586 0.616751 0.626669 0.638475 0.652335 0.668457 0.687093 0.708554 0.733222 1400.000000 1.172013 0.755511
0.908391 0.884941 0.840025 0.801285 0.767729 0.738578 0.713215 0.691146 0.671973 0.655370 0.641075 0.628874 0.618590 0.610083 0.603241 0.597975 0.594220 0.591928 0.591073 0.591643 0.593646 0.597106 0.602065 0.608586 0.616751 0.626669 0.638475 0.652335 0.668457 0.687093 0.708554 0.733222 0.761570 0.794189 0.831821 0.875411 0.890255 0.863000 0.839327 0.818837 0.801208 0.786177 0.773528 0.763089 0.754722 0.748319 0.743802 0.741113 0.740220 0.741113 0.743802 0.748319 0.754722 0.763089 0.773528 0.786177 0.801208 0.806523 0.769641 0.737684 0.709918 0.685758 0.664737 0.646477 0.630672 0.617073 0.605476 0.595716 0.587658 0.581197 0.576249 0.572754 0.570666 0.569963 0.570634 0.572687 0.576149 0.581061 0.587485 0.595503 0.605222 0.616773 0.630322 0.646071 0.664268 0.685219 0.709299 0.736973 0.768822 0.805575 0.848166 0.897794 0.956038 1.000000 0.942791 0.893809 0.851617 0.815103 0.783401 0.755826 0.731829 0.710969 0.692888 0.677296 0.663953 0.652669 0.643285 0.635677 0.629746 0.625418 0.622639 0.621374 0.621609 0.623347 0.626608 0.631432 0.637880 0.646034 0.655999 0.667911 0.681937 0.698283 0.717201 0.739004 0.764072 0.792878 0.826008 0.864201 1400.000000 1.172013 0.755511
0.851617 0.815103 0.783401 0.755826 0.731829 0.710969 0.692888 0.677296 0.663953 0.652669 0.643285 0.635677 0.629746 0.625418 0.622639 0.621374 0.621609 0.623347 0.626608 0.631432 0.637880 0.646034 0.655999 0.667911 0.681937 0.698283 0.717201 0.739004 0.764072 0.792878 0.826008 0.864201 0.908391 0.884941 0.840025 0.801285 0.767729 0.738578 0.713215 0.691146 0.671973 0.655370 0.641075 0.628874 0.618590 0.610083 0.603241 0.597975 0.594220 0.591928 0.591073 0.591643 0.593646 0.597106 0.602065 0.608586 0.616751 0.626669 0.638475 0.652335 0.668457 0.687093 0.708554 0.733222 0.761570 0.794189 0.831821 0.875411 0.890255 0.863000 0.839327 0.818837 0.801208 0.786177 0.773528 0.763089 0.754722 0.748319 0.743802 0.741113 0.740220 0.741113 0.743802 0.748319 0.754722 0.763089 0.773528 0.786177 0.801208 0.806523 0.769641 0.737684 0.709918 0.685758 0.664737 0.646477 0.630672 0.617073 0.605476 0.595716 0.587658 0.581197 0.576249 0.572754 0.570666 0.569963 0.570634 0.572687 0.576149 0.581061 0.587485 0.595503 0.605222 0.616773 0.630322 0.646071 0.664268 0.685219 0.709299 0.736973 0.768822 0.805575 0.848166 0.897794 0.956038 1.000000 0.942791 0.893809 1400.000000 1.172013 0.755511
0.630672 0.617073 0.605476 0.595716 0.587658 0.581197 0.576249 0.572754 0.570666 0.569963 0.570634 0.572687 0.576149 0.581061 0.587485 0.595503 0.605222 0.616773 0.630322 0.646071 0.664268 0.685219 0.709299 0.736973 0.768822 0.805575 0.848166 0.897794 0.956038 1.000000 0.942791 0.893809 0.851617 0.815103 0.783401 0.755826 0.731829 0.710969 0.692888 0.677296 0.663953 0.652669 0.643285 0.635677 0.629746 0.625418 0.622639 0.621374 0.621609 0.623347 0.626608 0.631432 0.637880 0.646034 0.655999 0.667911 0.681937 0.698283 0.717201 0.739004 0.764072 0.792878 0.826008 0.864201 0.908391 0.884941 0.840025 0.801285 0.767729 0.738578 0.713215 0.691146 0.671973 0.655370 0.641075 0.628874 0.618590 0.610083 0.603241 0.597975 0.594220 0.591928 0.591073 0.591643 0.593646 0.597106 0.602065 0.608586 0.616751 0.626669 0.638475 0.652335 0.668457 0.687093 0.708554 0.733222 0.761570 0.794189 0.831821 0.875411 0.890255 0.863000 0.839327 0.818837 0.801208 0.786177 0.773528 0.763089 0.754722 0.748319 0.743802 0.741113 0.740220 0.741113 0.743802 0.748319 0.754722 0.763089 0.773528 0.786177 0.801208 0.806523 0.769641 0.737684 0.709918 0.685758 0.664737 0.646477 1400.000000 1.172013 0.755511
0.826888 0.786766 0.752086 0.722001 0.695841 0.673076 0.653277 0.636098 0.621258 0.608527 0.597718 0.588680 0.581291 0.575454 0.571096 0.568161 0.566614 0.562820 0.554725 0.548161 0.543044 0.539308 0.536908 0.535815 0.536015 0.537510 0.540319 0.544476 0.550033 0.557060 0.565649 0.575917 0.588007 0.602097 0.618406 0.637200 0.658809 0.657127 0.641337 0.627766 0.616210 0.606507 0.598525 0.592158 0.587325 0.583965 0.582038 0.580606 0.578946 0.578686 0.579823 0.582369 0.586357 0.591835 0.598874 0.607563 0.618018 0.630385 0.644842 0.661609 0.680956 0.703213 0.728789 0.758192 0.792055 0.831181 0.876594 0.929625 0.897330 0.856755 0.821585 0.791018 0.764420 0.741280 0.721187 0.703804 0.688861 0.676133 0.665442 0.656640 0.649613 0.626218 0.605483 0.587447 0.571792 0.558259 0.546639 0.536760 0.528481 0.521692 0.516303 0.512246 0.503145 0.493209 0.484803 0.477811 0.472138 0.467713 0.464478 0.462394 0.461435 0.461590 0.462860 0.465261 0.468823 0.473589 0.479621 0.486997 0.495816 0.506202 0.518308 0.532321 0.548472 0.567041 0.588379 0.608898 0.631028 0.656469 0.685769 0.719621 0.758912 0.804792 0.858778 0.922911 1.000000 0.992567 0.928137 0.873538 7994.500000 1.361683 0.739561
0.472138 0.467713 0.464478 0.462394 0.461435 0.461590 0.462860 0.465261 0.468823 0.473589 0.479621 0.486997 0.495816 0.506202 0.518308 0.532321 0.548472 0.567041 0.588379 0.608898 0.631028 0.656469 0.685769 0.719621 0.758912 0.804792 0.858778 0.922911 1.000000 0.992567 0.928137 0.873538 0.826888 0.786766 0.752086 0.722001 0.695841 0.673076 0.653277 0.636098 0.621258 0.608527 0.597718 0.588680 0.581291 0.575454 0.571096 0.568161 0.566614 0.562820 0.554725 0.548161 0.543044 0.539308 0.536908 0.535815 0.536015 0.537510 0.540319 0.544476 0.550033 0.557060 0.565649 0.575917 0.588007 0.602097 0.618406 0.637200 0.658809 0.657127 0.641337 0.627766 0.616210 0.606507 0.598525 0.592158 0.587325 0.583965 0.582038 0.580606 0.578946 0.578686 0.579823 0.582369 0.586357 0.591835 0.598874 0.607563 0.618018 0.630385 0.644842 0.661609 0.680956 0.703213 0.728789 0.758192 0.792055 0.831181 0.876594 0.929625 0.897330 0.856755 0.821585 0.791018 0.764420 0.741280 0.721187 0.703804 0.688861 0.676133 0.665442 0.656640 0.649613 0.626218 0.605483 0.587447 0.571792 0.558259 0.546639 0.536760 0.528481 0.521692 0.516303 0.512246 0.503145 0.493209 0.484803 0.477811 7994.500000 1.361683 0.739561
0.792055 0.831181 0.876594 0.929625 0.897330 0.856755 0.821585 0.791018 0.764420 0.741280 0.721187 0.703804 0.688861 0.676133 0.665442 0.656640 0.649613 0.626218 0.605483 0.587447 0.571792 0.558259 0.546639 0.536760 0.528481 0.521692 0.516303 0.512246 0.503145 0.493209 0.484803 0.477811 0.472138 0.467713 0.464478 0.462394 0.461435 0.461590 0.462860 0.465261 0.468823 0.473589 0.479621 0.486997 0.495816 0.506202 0.518308 0.532321 0.548472 0.567041 0.588379 0.608898 0.631028 0.656469 0.685769 0.719621 0.758912 0.804792 0.858778 0.922911 1.000000 0.992567 0.928137 0.873538 0.826888 0.786766 0.752086 0.722001 0.695841 0.673076 0.653277 0.636098 0.621258 0.608527 0.597718 0.588680 0.581291 0.575454 0.571096 0.568161 0.566614 0.562820 0.554725 0.548161 0.543044 0.539308 0.536908 0.535815 0.536015 0.537510 0.540319 0.544476 0.550033 0.557060 0.565649 0.575917 0.588007 0.602097 0.618406 0.637200 0.658809 0.657127 0.641337 0.627766 0.616210 0.606507 0.598525 0.592158 0.587325 0.583965 0.582038 0.580606 0.578946 0.578686 0.579823 0.582369 0.586357 0.591835 0.598874 0.607563 0.618018 0.630385 0.644842 0.661609 0.680956 0.703213 0.728789 0.758192 7994.500000 1.361683 0.739561
0.588007 0.602097 0.618406 0.637200 0.658809 0.657127 0.641337 0.627766 0.616210 0.606507 0.598525 0.592158 0.587325 0.583965 0.582038 0.580606 0.578946 0.578686 0.579823 0.582369 0.586357 0.591835 0.598874 0.607563 0.618018 0.630385 0.644842 0.661609 0.680956 0.703213 0.728789 0.758192 0.792055 0.831181 0.876594 0.929625 0.897330 0.856755 0.821585 0.791018 0.764420 0.741280 0.721187 0.703804 0.688861 0.676133 0.665442 0.656640 0.649613 0.626218 0.605483 0.587447 0.571792 0.558259 0.546639 0.536760 0.528481 0.521692 0.516303 0.512246 0.503145 0.493209 0.484803 0.477811 0.472138 0.467713 0.464478 0.462394 0.461435 0.461590 0.462860 0.465261 0.468823 0.473589 0.479621 0.486997 0.495816 0.506202 0.518308 0.532321 0.548472 0.567041 0.588379 0.608898 0.631028 0.656469 0.685769 0.719621 0.758912 0.804792 0.858778 0.922911 1.000000 0.992567 0.928137 0.873538 0.826888 0.786766 0.752086 0.722001 0.695841 0.673076 0.653277 0.636098 0.621258 0.608527 0.597718 0.588680 0.581291 0.575454 0.571096 0.568161 0.566614 0.562820 0.554725 0.548161 0.543044 0.539308 0.536908 0.535815 0.536015 0.537510 0.540319 0.544476 0.550033 0.557060 0.565649 0.575917 7994.500000 1.361683 0.739561
0.942114 1.000000 0.944447 0.893699 0.850069 0.812367 0.779666 0.751236 0.726494 0.704975 0.686299 0.670160 0.656308 0.644538 0.634685 0.626615 0.620223 0.615428 0.612171 0.610410 0.610125 0.611312 0.613986 0.618179 0.623943 0.631351 0.640499 0.651508 0.664532 0.679757 0.697416 0.717793 0.741235 0.768174 0.799142 0.834807 0.839145 0.811063 0.786633 0.765423 0.747078 0.731313 0.717893 0.706629 0.697366 0.689985 0.684389 0.680509 0.678298 0.677729 0.678794 0.681508 0.685902 0.692031 0.699972 0.709828 0.721728 0.735838 0.752358 0.771539 0.793685 0.819172 0.848463 0.882129 0.858874 0.824384 0.794397 0.768301 0.745604 0.725908 0.708890 0.694286 0.681881 0.671500 0.663005 0.656282 0.651248 0.647840 0.646015 0.645752 0.647047 0.649916 0.654394 0.660537 0.668421 0.678150 0.689852 0.703691 0.719865 0.738622 0.760263 0.785160 0.813768 0.846658 0.884538 0.852813 0.815561 0.783236 0.755125 0.730661 0.709388 0.690936 0.675004 0.661348 0.649768 0.640102 0.632220 0.626020 0.621422 0.618371 0.616828 0.616774 0.618210 0.621153 0.625638 0.631722 0.639480 0.649015 0.660453 0.673955 0.689716 0.707978 0.729038 0.753260 0.781093 0.813096 0.849968 0.892595 6261.500000 1.103109 0.774939
0.815561 0.783236 0.755125 0.730661 0.709388 0.690936 0.675004 0.661348 0.649768 0.640102 0.632220 0.626020 0.621422 0.618371 0.616828 0.616774 0.618210 0.621153 0.625638 0.631722 0.639480 0.649015 0.660453 0.673955 0.689716 0.707978 0.729038 0.753260 0.781093 0.813096 0.849968 0.892595 0.942114 1.000000 0.944447 0.893699 0.850069 0.812367 0.779666 0.751236 0.726494 0.704975 0.686299 0.670160 0.656308 0.644538 0.634685 0.626615 0.620223 0.615428 0.612171 0.610410 0.610125 0.611312 0.613986 0.618179 0.623943 0.631351 0.640499 0.651508 0.664532 0.679757 0.697416 0.717793 0.741235 0.768174 0.799142 0.834807 0.839145 0.811063 0.786633 0.765423 0.747078 0.731313 0.717893 0.706629 0.697366 0.689985 0.684389 0.680509 0.678298 0.677729 0.678794 0.681508 0.685902 0.692031 0.699972 0.709828 0.721728 0.735838 0.752358 0.771539 0.793685 0.819172 0.848463 0.882129 0.858874 0.824384 0.794397 0.768301 0.745604 0.725908 0.708890 0.694286 0.681881 0.671500 0.663005 0.656282 0.651248 0.647840 0.646015 0.645752 0.647047 0.649916 0.654394 0.660537 0.668421 0.678150 0.689852 0.703691 0.719865 0.738622 0.760263 0.785160 0.813768 0.846658 0.884538 0.852813 6261.500000 1.103109 0.774939
0.858874 0.824384 0.794397 0.768301 0.745604 0.725908 0.708890 0.694286 0.681881 0.671500 0.663005 0.656282 0.651248 0.647840 0.646015 0.645752 0.647047 0.649916 0.654394 0.660537 0.668421 0.678150 0.689852 0.703691 0.719865 0.738622 0.760263 0.785160 0.813768 0.846658 0.884538 0.852813 0.815561 0.783236 0.755125 0.730661 0.709388 0.690936 0.675004 0.661348 0.649768 0.640102 0.632220 0.626020 0.621422 0.618371 0.616828 0.616774 0.618210 0.621153 0.625638 0.631722 0.639480 0.649015 0.660453 0.673955 0.689716 0.707978 0.729038 0.753260 0.781093 0.813096 0.849968 0.892595 0.942114 1.000000 0.944447 0.893699 0.850069 0.812367 0.779666 0.751236 0.726494 0.704975 0.686299 0.670160 0.656308 0.644538 0.634685 0.626615 0.620223 0.615428 0.612171 0.610410 0.610125 0.611312 0.613986 0.618179 0.623943 0.631351 0.640499 0.651508 0.664532 0.679757 0.697416 0.717793 0.741235 0.768174 0.799142 0.834807 0.839145 0.811063 0.786633 0.765423 0.747078 0.731313 0.717893 0.706629 0.697366 0.689985 0.684389 0.680509 0.678298 0.677729 0.678794 0.681508 0.685902 0.692031 0.699972 0.709828 0.721728 0.735838 0.752358 0.771539 0.793685 0.819172 0.848463 0.882129 6261.500000 1.103109 0.774939
0.741235 0.768174 0.799142 0.834807 0.839145 0.811063 0.786633 0.765423 0.747078 0.731313 0.717893 0.706629 0.697366 0.689985 0.684389 0.680509 0.678298 0.677729 0.678794 0.681508 0.685902 0.692031 0.699972 0.709828 0.721728 0.735838 0.752358 0.771539 0.793685 0.819172 0.848463 0.882129 0.858874 0.824384 0.794397 0.768301 0.745604 0.725908 0.708890 0.694286 0.681881 0.671500 0.663005 0.656282 0.651248 0.647840 0.646015 0.645752 0.647047 0.649916 0.654394 0.660537 0.668421 0.678150 0.689852 0.703691 0.719865 0.738622 0.760263 0.785160 0.813768 0.846658 0.884538 0.852813 0.815561 0.783236 0.755125 0.730661 0.709388 0.690936 0.675004 0.661348 0.649768 0.640102 0.632220 0.626020 0.621422 0.618371 0.616828 0.616774 0.618210 0.621153 0.625638 0.631722 0.639480 0.649015 0.660453 0.673955 0.689716 0.707978 0.729038 0.753260 0.781093 0.813096 0.849968 0.892595 0.942114 1.000000 0.944447 0.893699 0.850069 0.812367 0.779666 0.751236 0.726494 0.704975 0.686299 0.670160 0.656308 0.644538 0.634685 0.626615 0.620223 0.615428 0.612171 0.610410 0.610125 0.611312 0.613986 0.618179 0.623943 0.631351 0.640499 0.651508 0.664532 0.679757 0.697416 0.717793 6261.500000 1.103109 0.774939
0.661303 0.709892 0.768184 0.839109 0.926923 0.875865 0.821709 0.775619 0.736105 0.702031 0.672520 0.646886 0.624583 0.605177 0.588315 0.573711 0.561134 0.550395 0.541338 0.533839 0.527800 0.523142 0.519807 0.517754 0.516957 0.517407 0.519110 0.522085 0.526371 0.532019 0.539104 0.547716 0.557975 0.570024 0.584043 0.600252 0.618920 0.640378 0.665037 0.693409 0.726138 0.764040 0.767454 0.718439 0.676841 0.641258 0.610626 0.584131 0.561134 0.541134 0.523729 0.508596 0.495473 0.484147 0.474445 0.466225 0.459373 0.453797 0.449424 0.446199 0.444083 0.443049 0.443084 0.444190 0.446380 0.449679 0.454130 0.459789 0.466729 0.475044 0.484850 0.496290 0.509540 0.524816 0.542383 0.562569 0.585782 0.612532 0.643466 0.679415 0.721458 0.771029 0.830061 0.901234 0.988360 1.000000 0.897093 0.815171 0.748611 0.693645 0.647652 0.608754 0.575572 0.547071 0.522458 0.501119 0.482573 0.466433 0.452393 0.440203 0.429660 0.420601 0.412889 0.406417 0.401096 0.396856 0.393643 0.391417 0.390151 0.389829 0.390448 0.392014 0.394548 0.398079 0.402653 0.408329 0.415181 0.423304 0.432816 0.443858 0.456607 0.471280 0.488141 0.507522 0.529835 0.555599 0.585481 0.620338 672.500000 1.391659 0.580512
0.482573 0.466433 0.452393 0.440203 0.429660 0.420601 0.412889 0.406417 0.401096 0.396856 0.393643 0.391417 0.390151 0.389829 0.390448 0.392014 0.394548 0.398079 0.402653 0.408329 0.415181 0.423304 0.432816 0.443858 0.456607 0.471280 0.488141 0.507522 0.529835 0.555599 0.585481 0.620338 0.661303 0.709892 0.768184 0.839109 0.926923 0.875865 0.821709 0.775619 0.736105 0.702031 0.672520 0.646886 0.624583 0.605177 0.588315 0.573711 0.561134 0.550395 0.541338 0.533839 0.527800 0.523142 0.519807 0.517754 0.516957 0.517407 0.519110 0.522085 0.526371 0.532019 0.539104 0.547716 0.557975 0.570024 0.584043 0.600252 0.618920 0.640378 0.665037 0.693409 0.726138 0.764040 0.767454 0.718439 0.676841 0.641258 0.610626 0.584131 0.561134 0.541134 0.523729 0.508596 0.495473 0.484147 0.474445 0.466225 0.459373 0.453797 0.449424 0.446199 0.444083 0.443049 0.443084 0.444190 0.446380 0.449679 0.454130 0.459789 0.466729 0.475044 0.484850 0.496290 0.509540 0.524816 0.542383 0.562569 0.585782 0.612532 0.643466 0.679415 0.721458 0.771029 0.830061 0.901234 0.988360 1.000000 0.897093 0.815171 0.748611 0.693645 0.647652 0.608754 0.575572 0.547071 0.522458 0.501119 672.500000 1.391659 0.580512
0.446380 0.449679 0.454130 0.459789 0.466729 0.475044 0.484850 0.496290 0.509540 0.524816 0.542383 0.562569 0.585782 0.612532 0.643466 0.679415 0.721458 0.771029 0.830061 0.901234 0.988360 1.000000 0.897093 0.815171 0.748611 0.693645 0.647652 0.608754 0.575572 0.547071 0.522458 0.501119 0.482573 0.466433 0.452393 0.440203 0.429660 0.420601 0.412889 0.406417 0.401096 0.396856 0.393643 0.391417 0.390151 0.389829 0.390448 0.392014 0.394548 0.398079 0.402653 0.408329 0.415181 0.423304 0.432816 0.443858 0.456607 0.471280 0.488141 0.507522 0.529835 0.555599 0.585481 0.620338 0.661303 0.709892 0.768184 0.839109 0.926923 0.875865 0.821709 0.775619 0.736105 0.702031 0.672520 0.646886 0.624583 0.605177 0.588315 0.573711 0.561134 0.550395 0.541338 0.533839 0.527800 0.523142 0.519807 0.517754 0.516957 0.517407 0.519110 0.522085 0.526371 0.532019 0.539104 0.547716 0.557975 0.570024 0.584043 0.600252 0.618920 0.640378 0.665037 0.693409 0.726138 0.764040 0.767454 0.718439 0.676841 0.641258 0.610626 0.584131 0.561134 0.541134 0.523729 0.508596 0.495473 0.484147 0.474445 0.466225 0.459373 0.453797 0.449424 0.446199 0.444083 0.443049 0.443084 0.444190 672.500000 1.391659 0.580512
0.557975 0.570024 0.584043 0.600252 0.618920 0.640378 0.665037 0.693409 0.726138 0.764040 0.767454 0.718439 0.676841 0.641258 0.610626 0.584131 0.561134 0.541134 0.523729 0.508596 0.495473 0.484147 0.474445 0.466225 0.459373 0.453797 0.449424 0.446199 0.444083 0.443049 0.443084 0.444190 0.446380 0.449679 0.454130 0.459789 0.466729 0.475044 0.484850 0.496290 0.509540 0.524816 0.542383 0.562569 0.585782 0.612532 0.643466 0.679415 0.721458 0.771029 0.830061 0.901234 0.988360 1.000000 0.897093 0.815171 0.748611 0.693645 0.647652 0.608754 0.575572 0.547071 0.522458 0.501119 0.482573 0.466433 0.452393 0.440203 0.429660 0.420601 0.412889 0.406417 0.401096 0.396856 0.393643 0.391417 0.390151 0.389829 0.390448 0.392014 0.394548 0.398079 0.402653 0.408329 0.415181 0.423304 0.432816 0.443858 0.456607 0.471280 0.488141 0.507522 0.529835 0.555599 0.585481 0.620338 0.661303 0.709892 0.768184 0.839109 0.926923 0.875865 0.821709 0.775619 0.736105 0.702031 0.672520 0.646886 0.624583 0.605177 0.588315 0.573711 0.561134 0.550395 0.541338 0.533839 0.527800 0.523142 0.519807 0.517754 0.516957 0.517407 0.519110 0.522085 0.526371 0.532019 0.539104 0.547716 672.500000 1.391659 0.580512
0.861287 0.807246 0.761312 0.721969 0.688070 0.658726 0.633246 0.611082 0.591794 0.575029 0.560501 0.547976 0.537265 0.528213 0.520694 0.514609 0.509879 0.506443 0.504261 0.503304 0.503562 0.505037 0.507748 0.511728 0.517026 0.523709 0.531866 0.541606 0.553067 0.566418 0.581865 0.599664 0.620127 0.643641 0.670688 0.701873 0.737965 0.779950 0.829118 0.887184 0.956473 0.945676 0.874380 0.814906 0.764733 0.722018 0.685386 0.653791 0.626423 0.602647 0.581961 0.563962 0.548324 0.534783 0.523125 0.513174 0.504789 0.497852 0.492274 0.487982 0.484922 0.483057 0.482364 0.482834 0.484474 0.487303 0.491355 0.496682 0.503352 0.511452 0.521093 0.532412 0.545577 0.560795 0.578319 0.598462 0.621611 0.648246 0.678976 0.714571 0.756027 0.804647 0.862171 0.930967 1.000000 0.921767 0.856801 0.802195 0.755844 0.716188 0.682047 0.652513 0.626879 0.604584 0.585181 0.568312 0.553685 0.541062 0.530251 0.521094 0.513465 0.507259 0.502398 0.498820 0.496480 0.495349 0.495414 0.496676 0.499150 0.502866 0.507871 0.514228 0.522019 0.531349 0.542350 0.555182 0.570042 0.587173 0.606872 0.629509 0.655540 0.685540 0.720235 0.760560 0.807729 0.863353 0.929610 0.925472 1708.000000 1.050976 0.604039
0.553685 0.541062 0.530251 0.521094 0.513465 0.507259 0.502398 0.498820 0.496480 0.495349 0.495414 0.496676 0.499150 0.502866 0.507871 0.514228 0.522019 0.531349 0.542350 0.555182 0.570042 0.587173 0.606872 0.629509 0.655540 0.685540 0.720235 0.760560 0.807729 0.863353 0.929610 0.925472 0.861287 0.807246 0.761312 0.721969 0.688070 0.658726 0.633246 0.611082 0.591794 0.575029 0.560501 0.547976 0.537265 0.528213 0.520694 0.514609 0.509879 0.506443 0.504261 0.503304 0.503562 0.505037 0.507748 0.511728 0.517026 0.523709 0.531866 0.541606 0.553067 0.566418 0.581865 0.599664 0.620127 0.643641 0.670688 0.701873 0.737965 0.779950 0.829118 0.887184 0.956473 0.945676 0.874380 0.814906 0.764733 0.722018 0.685386 0.653791 0.626423 0.602647 0.581961 0.563962 0.548324 0.534783 0.523125 0.513174 0.504789 0.497852 0.492274 0.487982 0.484922 0.483057 0.482364 0.482834 0.484474 0.487303 0.491355 0.496682 0.503352 0.511452 0.521093 0.532412 0.545577 0.560795 0.578319 0.598462 0.621611 0.648246 0.678976 0.714571 0.756027 0.804647 0.862171 0.930967 1.000000 0.921767 0.856801 0.802195 0.755844 0.716188 0.682047 0.652513 0.626879 0.604584 0.585181 0.568312 1708.000000 1.050976 0.604039
0.484474 0.487303 0.491355 0.496682 0.503352 0.511452 0.521093 0.532412 0.545577 0.560795 0.578319 0.598462 0.621611 0.648246 0.678976 0.714571 0.756027 0.804647 0.862171 0.930967 1.000000 0.921767 0.856801 0.802195 0.755844 0.716188 0.682047 0.652513 0.626879 0.604584 0.585181 0.568312 0.553685 0.541062 0.530251 0.521094 0.513465 0.507259 0.502398 0.498820 0.496480 0.495349 0.495414 0.496676 0.499150 0.502866 0.507871 0.514228 0.522019 0.531349 0.542350 0.555182 0.570042 0.587173 0.606872 0.629509 0.655540 0.685540 0.720235 0.760560 0.807729 0.863353 0.929610 0.925472 0.861287 0.807246 0.761312 0.721969 0.688070 0.658726 0.633246 0.611082 0.591794 0.575029 0.560501 0.547976 0.537265 0.528213 0.520694 0.514609 0.509879 0.506443 0.504261 0.503304 0.503562 0.505037 0.507748 0.511728 0.517026 0.523709 0.531866 0.541606 0.553067 0.566418 0.581865 0.599664 0.620127 0.643641 0.670688 0.701873 0.737965 0.779950 0.829118 0.887184 0.956473 0.945676 0.874380 0.814906 0.764733 0.722018 0.685386 0.653791 0.626423 0.602647 0.581961 0.563962 0.548324 0.534783 0.523125 0.513174 0.504789 0.497852 0.492274 0.487982 0.484922 0.483057 0.482364 0.482834 1708.000000 1.050976 0.604039
0.620127 0.643641 0.670688 0.701873 0.737965 0.779950 0.829118 0.887184 0.956473 0.945676 0.874380 0.814906 0.764733 0.722018 0.685386 0.653791 0.626423 0.602647 0.581961 0.563962 0.548324 0.534783 0.523125 0.513174 0.504789 0.497852 0.492274 0.487982 0.484922 0.483057 0.482364 0.482834 0.484474 0.487303 0.491355 0.496682 0.503352 0.511452 0.521093 0.532412 0.545577 0.560795 0.578319 0.598462 0.621611 0.648246 0.678976 0.714571 0.756027 0.804647 0.862171 0.930967 1.000000 0.921767 0.856801 0.802195 0.755844 0.716188 0.682047 0.652513 0.626879 0.604584 0.585181 0.568312 0.553685 0.541062 0.530251 0.521094 0.513465 0.507259 0.502398 0.498820 0.496480 0.495349 0.495414 0.496676 0.499150 0.502866 0.507871 0.514228 0.522019 0.531349 0.542350 0.555182 0.570042 0.587173 0.606872 0.629509 0.655540 0.685540 0.720235 0.760560 0.807729 0.863353 0.929610 0.925472 0.861287 0.807246 0.761312 0.721969 0.688070 0.658726 0.633246 0.611082 0.591794 0.575029 0.560501 0.547976 0.537265 0.528213 0.520694 0.514609 0.509879 0.506443 0.504261 0.503304 0.503562 0.505037 0.507748 0.511728 0.517026 0.523709 0.531866 0.541606 0.553067 0.566418 0.581865 0.599664 1708.000000 1.050976 0.604039
0.607935 0.648765 0.697275 0.755593 0.826730 0.862842 0.809993 0.764981 0.726367 0.693052 0.664190 0.639113 0.617295 0.598310 0.581818 0.567542 0.555255 0.544773 0.535947 0.528656 0.522803 0.518313 0.515130 0.513215 0.512544 0.513110 0.514918 0.517992 0.522368 0.528102 0.535268 0.543958 0.554294 0.566420 0.580519 0.596812 0.615571 0.637133 0.661913 0.690429 0.723334 0.761458 0.735526 0.687226 0.646340 0.611436 0.581437 0.555520 0.533045 0.513506 0.496503 0.481713 0.468876 0.457779 0.448250 0.440149 0.433361 0.427793 0.423374 0.420048 0.417771 0.416517 0.416270 0.417028 0.418800 0.421606 0.425482 0.430477 0.436655 0.444098 0.452910 0.463217 0.475175 0.488976 0.504855 0.523103 0.544080 0.568235 0.596137 0.628513 0.666306 0.710756 0.763532 0.826925 0.904174 1.000000 0.952701 0.856582 0.779787 0.717214 0.665422 0.622003 0.585228 0.553817 0.526811 0.503473 0.483230 0.465630 0.450314 0.436993 0.425432 0.415443 0.406869 0.399586 0.393490 0.388498 0.384547 0.381586 0.379577 0.378496 0.378330 0.379077 0.380746 0.383358 0.386944 0.391550 0.397236 0.404077 0.412168 0.421626 0.432595 0.445252 0.459812 0.476544 0.495779 0.517932 0.543529 0.573239 800.000000 1.417974 0.578140
0.483230 0.465630 0.450314 0.436993 0.425432 0.415443 0.406869 0.399586 0.393490 0.388498 0.384547 0.381586 0.379577 0.378496 0.378330 0.379077 0.380746 0.383358 0.386944 0.391550 0.397236 0.404077 0.412168 0.421626 0.432595 0.445252 0.459812 0.476544 0.495779 0.517932 0.543529 0.573239 0.607935 0.648765 0.697275 0.755593 0.826730 0.862842 0.809993 0.764981 0.726367 0.693052 0.664190 0.639113 0.617295 0.598310 0.581818 0.567542 0.555255 0.544773 0.535947 0.528656 0.522803 0.518313 0.515130 0.513215 0.512544 0.513110 0.514918 0.517992 0.522368 0.528102 0.535268 0.543958 0.554294 0.566420 0.580519 0.596812 0.615571 0.637133 0.661913 0.690429 0.723334 0.761458 0.735526 0.687226 0.646340 0.611436 0.581437 0.555520 0.533045 0.513506 0.496503 0.481713 0.468876 0.457779 0.448250 0.440149 0.433361 0.427793 0.423374 0.420048 0.417771 0.416517 0.416270 0.417028 0.418800 0.421606 0.425482 0.430477 0.436655 0.444098 0.452910 0.463217 0.475175 0.488976 0.504855 0.523103 0.544080 0.568235 0.596137 0.628513 0.666306 0.710756 0.763532 0.826925 0.904174 1.000000 0.952701 0.856582 0.779787 0.717214 0.665422 0.622003 0.585228 0.553817 0.526811 0.503473 800.000000 1.417974 0.578140
0.418800 0.421606 0.425482 0.430477 0.436655 0.444098 0.452910 0.463217 0.475175 0.488976 0.504855 0.523103 0.544080 0.568235 0.596137 0.628513 0.666306 0.710756 0.763532 0.826925 0.904174 1.000000 0.952701 0.856582 0.779787 0.717214 0.665422 0.622003 0.585228 0.553817 0.526811 0.503473 0.483230 0.465630 0.450314 0.436993 0.425432 0.415443 0.406869 0.399586 0.393490 0.388498 0.384547 0.381586 0.379577 0.378496 0.378330 0.379077 0.380746 0.383358 0.386944 0.391550 0.397236 0.404077 0.412168 0.421626 0.432595 0.445252 0.459812 0.476544 0.495779 0.517932 0.543529 0.573239 0.607935 0.648765 0.697275 0.755593 0.826730 0.862842 0.809993 0.764981 0.726367 0.693052 0.664190 0.639113 0.617295 0.598310 0.581818 0.567542 0.555255 0.544773 0.535947 0.528656 0.522803 0.518313 0.515130 0.513215 0.512544 0.513110 0.514918 0.517992 0.522368 0.528102 0.535268 0.543958 0.554294 0.566420 0.580519 0.596812 0.615571 0.637133 0.661913 0.690429 0.723334 0.761458 0.735526 0.687226 0.646340 0.611436 0.581437 0.555520 0.533045 0.513506 0.496503 0.481713 0.468876 0.457779 0.448250 0.440149 0.433361 0.427793 0.423374 0.420048 0.417771 0.416517 0.416270 0.417028 800.000000 1.417974 0.578140
0.554294 0.566420 0.580519 0.596812 0.615571 0.637133 0.661913 0.690429 0.723334 0.761458 0.735526 0.687226 0.646340 0.611436 0.581437 0.555520 0.533045 0.513506 0.496503 0.481713 0.468876 0.457779 0.448250 0.440149 0.433361 0.427793 0.423374 0.420048 0.417771 0.416517 0.416270 0.417028 0.418800 0.421606 0.425482 0.430477 0.436655 0.444098 0.452910 0.463217 0.475175 0.488976 0.504855 0.523103 0.544080 0.568235 0.596137 0.628513 0.666306 0.710756 0.763532 0.826925 0.904174 1.000000 0.952701 0.856582 0.779787 0.717214 0.665422 0.622003 0.585228 0.553817 0.526811 0.503473 0.483230 0.465630 0.450314 0.436993 0.425432 0.415443 0.406869 0.399586 0.393490 0.388498 0.384547 0.381586 0.379577 0.378496 0.378330 0.379077 0.380746 0.383358 0.386944 0.391550 0.397236 0.404077 0.412168 0.421626 0.432595 0.445252 0.459812 0.476544 0.495779 0.517932 0.543529 0.573239 0.607935 0.648765 0.697275 0.755593 0.826730 0.862842 0.809993 0.764981 0.726367 0.693052 0.664190 0.639113 0.617295 0.598310 0.581818 0.567542 0.555255 0.544773 0.535947 0.528656 0.522803 0.518313 0.515130 0.513215 0.512544 0.513110 0.514918 0.517992 0.522368 0.528102 0.535268 0.543958 800.000000 1.417974 0.578140
0.822823 0.771398 0.727672 0.690212 0.657927 0.629977 0.605704 0.584589 0.566215 0.550245 0.536409 0.524484 0.514289 0.505679 0.498533 0.492756 0.488275 0.485033 0.482989 0.482119 0.482413 0.483873 0.486517 0.490379 0.495505 0.501962 0.509834 0.519227 0.530275 0.543140 0.558022 0.575168 0.594879 0.617529 0.643584 0.673630 0.708408 0.748875 0.796280 0.852284 0.919143 1.000000 0.954626 0.870820 0.802318 0.745472 0.697719 0.657202 0.622551 0.592727 0.566933 0.544548 0.525080 0.508138 0.493407 0.480631 0.469603 0.460153 0.452144 0.445463 0.440022 0.435749 0.432591 0.430507 0.429473 0.429477 0.430517 0.432607 0.435773 0.440053 0.445502 0.452191 0.460209 0.469669 0.480708 0.493496 0.508240 0.525197 0.544683 0.567088 0.592906 0.622758 0.657444 0.698002 0.745808 0.802719 0.871307 0.955226 0.930561 0.866337 0.812236 0.766233 0.726818 0.692848 0.663438 0.637897 0.615678 0.596344 0.579540 0.564981 0.552434 0.541709 0.532651 0.525135 0.519061 0.514352 0.510947 0.508804 0.507897 0.508217 0.509765 0.512561 0.516640 0.522052 0.528866 0.537171 0.547081 0.558734 0.572303 0.588000 0.606083 0.626872 0.650761 0.678242 0.709931 0.746614 0.789299 0.839306 14902.500000 1.229326 0.594936
0.615678 0.596344 0.579540 0.564981 0.552434 0.541709 0.532651 0.525135 0.519061 0.514352 0.510947 0.508804 0.507897 0.508217 0.509765 0.512561 0.516640 0.522052 0.528866 0.537171 0.547081 0.558734 0.572303 0.588000 0.606083 0.626872 0.650761 0.678242 0.709931 0.746614 0.789299 0.839306 0.822823 0.771398 0.727672 0.690212 0.657927 0.629977 0.605704 0.584589 0.566215 0.550245 0.536409 0.524484 0.514289 0.505679 0.498533 0.492756 0.488275 0.485033 0.482989 0.482119 0.482413 0.483873 0.486517 0.490379 0.495505 0.501962 0.509834 0.519227 0.530275 0.543140 0.558022 0.575168 0.594879 0.617529 0.643584 0.673630 0.708408 0.748875 0.796280 0.852284 0.919143 1.000000 0.954626 0.870820 0.802318 0.745472 0.697719 0.657202 0.622551 0.592727 0.566933 0.544548 0.525080 0.508138 0.493407 0.480631 0.469603 0.460153 0.452144 0.445463 0.440022 0.435749 0.432591 0.430507 0.429473 0.429477 0.430517 0.432607 0.435773 0.440053 0.445502 0.452191 0.460209 0.469669 0.480708 0.493496 0.508240 0.525197 0.544683 0.567088 0.592906 0.622758 0.657444 0.698002 0.745808 0.802719 0.871307 0.955226 0.930561 0.866337 0.812236 0.766233 0.726818 0.692848 0.663438 0.637897 14902.500000 1.229326 0.594936
0.429473 0.429477 0.430517 0.432607 0.435773 0.440053 0.445502 0.452191 0.460209 0.469669 0.480708 0.493496 0.508240 0.525197 0.544683 0.567088 0.592906 0.622758 0.657444 0.698002 0.745808 0.802719 0.871307 0.955226 0.930561 0.866337 0.812236 0.766233 0.726818 0.692848 0.663438 0.637897 0.615678 0.596344 0.579540 0.564981 0.552434 0.541709 0.532651 0.525135 0.519061 0.514352 0.510947 0.508804 0.507897 0.508217 0.509765 0.512561 0.516640 0.522052 0.528866 0.537171 0.547081 0.558734 0.572303 0.588000 0.606083 0.626872 0.650761 0.678242 0.709931 0.746614 0.789299 0.839306 0.822823 0.771398 0.727672 0.690212 0.657927 0.629977 0.605704 0.584589 0.566215 0.550245 0.536409 0.524484 0.514289 0.505679 0.498533 0.492756 0.488275 0.485033 0.482989 0.482119 0.482413 0.483873 0.486517 0.490379 0.495505 0.501962 0.509834 0.519227 0.530275 0.543140 0.558022 0.575168 0.594879 0.617529 0.643584 0.673630 0.708408 0.748875 0.796280 0.852284 0.919143 1.000000 0.954626 0.870820 0.802318 0.745472 0.697719 0.657202 0.622551 0.592727 0.566933 0.544548 0.525080 0.508138 0.493407 0.480631 0.469603 0.460153 0.452144 0.445463 0.440022 0.435749 0.432591 0.430507 14902.500000 1.229326 0.594936
0.594879 0.617529 0.643584 0.673630 0.708408 0.748875 0.796280 0.852284 0.919143 1.000000 0.954626 0.870820 0.802318 0.745472 0.697719 0.657202 0.622551 0.592727 0.566933 0.544548 0.525080 0.508138 0.493407 0.480631 0.469603 0.460153 0.452144 0.445463 0.440022 0.435749 0.432591 0.430507 0.429473 0.429477 0.430517 0.432607 0.435773 0.440053 0.445502 0.452191 0.460209 0.469669 0.480708 0.493496 0.508240 0.525197 0.544683 0.567088 0.592906 0.622758 0.657444 0.698002 0.745808 0.802719 0.871307 0.955226 0.930561 0.866337 0.812236 0.766233 0.726818 0.692848 0.663438 0.637897 0.615678 0.596344 0.579540 0.564981 0.552434 0.541709 0.532651 0.525135 0.519061 0.514352 0.510947 0.508804 0.507897 0.508217 0.509765 0.512561 0.516640 0.522052 0.528866 0.537171 0.547081 0.558734 0.572303 0.588000 0.606083 0.626872 0.650761 0.678242 0.709931 0.746614 0.789299 0.839306 0.822823 0.771398 0.727672 0.690212 0.657927 0.629977 0.605704 0.584589 0.566215 0.550245 0.536409 0.524484 0.514289 0.505679 0.498533 0.492756 0.488275 0.485033 0.482989 0.482119 0.482413 0.483873 0.486517 0.490379 0.495505 0.501962 0.509834 0.519227 0.530275 0.543140 0.558022 0.575168 14902.500000 1.229326 0.594936
0.867146 0.854204 0.843645 0.835331 0.829158 0.825049 0.822952 0.822844 0.824722 0.828610 0.834554 0.842629 0.852937 0.865611 0.880821 0.898780 0.919748 0.944046 0.936888 0.907566 0.882085 0.860010 0.840990 0.824737 0.811017 0.799641 0.790458 0.783349 0.778224 0.775022 0.773701 0.774248 0.776667 0.780989 0.787267 0.795578 0.806030 0.818758 0.833936 0.851778 0.872549 0.896571 0.924244 0.956055 0.992611 1.000000 0.964845 0.934252 0.907660 0.884611 0.864735 0.847731 0.833351 0.821396 0.811708 0.804160 0.798658 0.795132 0.793542 0.793866 0.796109 0.800298 0.806485 0.814746 0.825187 0.837944 0.853189 0.871137 0.890486 0.875749 0.863537 0.853690 0.846080 0.840611 0.837217 0.835856 0.836511 0.839190 0.843926 0.850778 0.859829 0.871197 0.885030 0.901517 0.920889 0.943436 0.927229 0.907452 0.890603 0.876440 0.864772 0.855444 0.848337 0.843363 0.840459 0.839591 0.840747 0.843944 0.849218 0.856635 0.866288 0.866779 0.848451 0.832847 0.819746 0.808969 0.800376 0.793855 0.789325 0.786732 0.786043 0.787250 0.790368 0.795435 0.802512 0.811690 0.823086 0.836851 0.853175 0.872292 0.894489 0.920120 0.949619 0.975376 0.946919 0.922235 0.900920 0.882646 1787.500000 1.036106 0.890155
0.840747 0.843944 0.849218 0.856635 0.866288 0.866779 0.848451 0.832847 0.819746 0.808969 0.800376 0.793855 0.789325 0.786732 0.786043 0.787250 0.790368 0.795435 0.802512 0.811690 0.823086 0.836851 0.853175 0.872292 0.894489 0.920120 0.949619 0.975376 0.946919 0.922235 0.900920 0.882646 0.867146 0.854204 0.843645 0.835331 0.829158 0.825049 0.822952 0.822844 0.824722 0.828610 0.834554 0.842629 0.852937 0.865611 0.880821 0.898780 0.919748 0.944046 0.936888 0.907566 0.882085 0.860010 0.840990 0.824737 0.811017 0.799641 0.790458 0.783349 0.778224 0.775022 0.773701 0.774248 0.776667 0.780989 0.787267 0.795578 0.806030 0.818758 0.833936 0.851778 0.872549 0.896571 0.924244 0.956055 0.992611 1.000000 0.964845 0.934252 0.907660 0.884611 0.864735 0.847731 0.833351 0.821396 0.811708 0.804160 0.798658 0.795132 0.793542 0.793866 0.796109 0.800298 0.806485 0.814746 0.825187 0.837944 0.853189 0.871137 0.890486 0.875749 0.863537 0.853690 0.846080 0.840611 0.837217 0.835856 0.836511 0.839190 0.843926 0.850778 0.859829 0.871197 0.885030 0.901517 0.920889 0.943436 0.927229 0.907452 0.890603 0.876440 0.864772 0.855444 0.848337 0.843363 0.840459 0.839591 1787.500000 1.036106 0.890155
0.825187 0.837944 0.853189 0.871137 0.890486 0.875749 0.863537 0.853690 0.846080 0.840611 0.837217 0.835856 0.836511 0.839190 0.843926 0.850778 0.859829 0.871197 0.885030 0.901517 0.920889 0.943436 0.927229 0.907452 0.890603 0.876440 0.864772 0.855444 0.848337 0.843363 0.840459 0.839591 0.840747 0.843944 0.849218 0.856635 0.866288 0.866779 0.848451 0.832847 0.819746 0.808969 0.800376 0.793855 0.789325 0.786732 0.786043 0.787250 0.790368 0.795435 0.802512 0.811690 0.823086 0.836851 0.853175 0.872292 0.894489 0.920120 0.949619 0.975376 0.946919 0.922235 0.900920 0.882646 0.867146 0.854204 0.843645 0.835331 0.829158 0.825049 0.822952 0.822844 0.824722 0.828610 0.834554 0.842629 0.852937 0.865611 0.880821 0.898780 0.919748 0.944046 0.936888 0.907566 0.882085 0.860010 0.840990 0.824737 0.811017 0.799641 0.790458 0.783349 0.778224 0.775022 0.773701 0.774248 0.776667 0.780989 0.787267 0.795578 0.806030 0.818758 0.833936 0.851778 0.872549 0.896571 0.924244 0.956055 0.992611 1.000000 0.964845 0.934252 0.907660 0.884611 0.864735 0.847731 0.833351 0.821396 0.811708 0.804160 0.798658 0.795132 0.793542 0.793866 0.796109 0.800298 0.806485 0.814746 1787.500000 1.036106 0.890155
0.776667 0.780989 0.787267 0.795578 0.806030 0.818758 0.833936 0.851778 0.872549 0.896571 0.924244 0.956055 0.992611 1.000000 0.964845 0.934252 0.907660 0.884611 0.864735 0.847731 0.833351 0.821396 0.811708 0.804160 0.798658 0.795132 0.793542 0.793866 0.796109 0.800298 0.806485 0.814746 0.825187 0.837944 0.853189 0.871137 0.890486 0.875749 0.863537 0.853690 0.846080 0.840611 0.837217 0.835856 0.836511 0.839190 0.843926 0.850778 0.859829 0.871197 0.885030 0.901517 0.920889 0.943436 0.927229 0.907452 0.890603 0.876440 0.864772 0.855444 0.848337 0.843363 0.840459 0.839591 0.840747 0.843944 0.849218 0.856635 0.866288 0.866779 0.848451 0.832847 0.819746 0.808969 0.800376 0.793855 0.789325 0.786732 0.786043 0.787250 0.790368 0.795435 0.802512 0.811690 0.823086 0.836851 0.853175 0.872292 0.894489 0.920120 0.949619 0.975376 0.946919 0.922235 0.900920 0.882646 0.867146 0.854204 0.843645 0.835331 0.829158 0.825049 0.822952 0.822844 0.824722 0.828610 0.834554 0.842629 0.852937 0.865611 0.880821 0.898780 0.919748 0.944046 0.936888 0.907566 0.882085 0.860010 0.840990 0.824737 0.811017 0.799641 0.790458 0.783349 0.778224 0.775022 0.773701 0.774248 1787.500000 1.036106 0.890155
0.607242 0.604460 0.596856 0.590847 0.586356 0.583328 0.581725 0.581528 0.582734 0.585359 0.589434 0.595009 0.602155 0.610965 0.621556 0.634075 0.648704 0.665665 0.685232 0.707741 0.733607 0.763343 0.797594 0.837175 0.883129 0.936808 1.000000 0.986748 0.926509 0.875189 0.831152 0.793155 0.760231 0.731623 0.706732 0.685075 0.666262 0.649980 0.635970 0.624022 0.613967 0.605667 0.599012 0.593918 0.590319 0.588172 0.587450 0.588146 0.590267 0.593839 0.598906 0.605531 0.601104 0.594919 0.590269 0.587094 0.585355 0.585032 0.586120 0.588634 0.592603 0.598076 0.605122 0.613833 0.624325 0.636742 0.651264 0.668111 0.687553 0.709921 0.735626 0.765175 0.799204 0.838513 0.884130 0.897000 0.855161 0.818935 0.787474 0.760104 0.736287 0.715589 0.697658 0.682206 0.669001 0.657852 0.648605 0.641138 0.635355 0.631181 0.628566 0.627479 0.627905 0.629850 0.633338 0.638411 0.645133 0.653589 0.663891 0.676177 0.690622 0.707439 0.726891 0.749298 0.775057 0.804658 0.838711 0.877982 0.862502 0.821564 0.786144 0.755397 0.728653 0.705380 0.685147 0.667605 0.652472 0.639517 0.628550 0.619421 0.612006 0.606210 0.601959 0.599200 0.597901 0.598045 0.599634 0.602687 7861.000000 1.126547 0.754386
0.645133 0.653589 0.663891 0.676177 0.690622 0.707439 0.726891 0.749298 0.775057 0.804658 0.838711 0.877982 0.862502 0.821564 0.786144 0.755397 0.728653 0.705380 0.685147 0.667605 0.652472 0.639517 0.628550 0.619421 0.612006 0.606210 0.601959 0.599200 0.597901 0.598045 0.599634 0.602687 0.607242 0.604460 0.596856 0.590847 0.586356 0.583328 0.581725 0.581528 0.582734 0.585359 0.589434 0.595009 0.602155 0.610965 0.621556 0.634075 0.648704 0.665665 0.685232 0.707741 0.733607 0.763343 0.797594 0.837175 0.883129 0.936808 1.000000 0.986748 0.926509 0.875189 0.831152 0.793155 0.760231 0.731623 0.706732 0.685075 0.666262 0.649980 0.635970 0.624022 0.613967 0.605667 0.599012 0.593918 0.590319 0.588172 0.587450 0.588146 0.590267 0.593839 0.598906 0.605531 0.601104 0.594919 0.590269 0.587094 0.585355 0.585032 0.586120 0.588634 0.592603 0.598076 0.605122 0.613833 0.624325 0.636742 0.651264 0.668111 0.687553 0.709921 0.735626 0.765175 0.799204 0.838513 0.884130 0.897000 0.855161 0.818935 0.787474 0.760104 0.736287 0.715589 0.697658 0.682206 0.669001 0.657852 0.648605 0.641138 0.635355 0.631181 0.628566 0.627479 0.627905 0.629850 0.633338 0.638411 7861.000000 1.126547 0.754386
0.624325 0.636742 0.651264 0.668111 0.687553 0.709921 0.735626 0.765175 0.799204 0.838513 0.884130 0.897000 0.855161 0.818935 0.787474 0.760104 0.736287 0.715589 0.697658 0.682206 0.669001 0.657852 0.648605 0.641138 0.635355 0.631181 0.628566 0.627479 0.627905 0.629850 0.633338 0.638411 0.645133 0.653589 0.663891 0.676177 0.690622 0.707439 0.726891 0.749298 0.775057 0.804658 0.838711 0.877982 0.862502 0.821564 0.786144 0.755397 0.728653 0.705380 0.685147 0.667605 0.652472 0.639517 0.628550 0.619421 0.612006 0.606210 0.601959 0.599200 0.597901 0.598045 0.599634 0.602687 0.607242 0.604460 0.596856 0.590847 0.586356 0.583328 0.581725 0.581528 0.582734 0.585359 0.589434 0.595009 0.602155 0.610965 0.621556 0.634075 0.648704 0.665665 0.685232 0.707741 0.733607 0.763343 0.797594 0.837175 0.883129 0.936808 1.000000 0.986748 0.926509 0.875189 0.831152 0.793155 0.760231 0.731623 0.706732 0.685075 0.666262 0.649980 0.635970 0.624022 0.613967 0.605667 0.599012 0.593918 0.590319 0.588172 0.587450 0.588146 0.590267 0.593839 0.598906 0.605531 0.601104 0.594919 0.590269 0.587094 0.585355 0.585032 0.586120 0.588634 0.592603 0.598076 0.605122 0.613833 7861.000000 1.126547 0.754386
0.760231 0.731623 0.706732 0.685075 0.666262 0.649980 0.635970 0.624022 0.613967 0.605667 0.599012 0.593918 0.590319 0.588172 0.587450 0.588146 0.590267 0.593839 0.598906 0.605531 0.601104 0.594919 0.590269 0.587094 0.585355 0.585032 0.586120 0.588634 0.592603 0.598076 0.605122 0.613833 0.624325 0.636742 0.651264 0.668111 0.687553 0.709921 0.735626 0.765175 0.799204 0.838513 0.884130 0.897000 0.855161 0.818935 0.787474 0.760104 0.736287 0.715589 0.697658 0.682206 0.669001 0.657852 0.648605 0.641138 0.635355 0.631181 0.628566 0.627479 0.627905 0.629850 0.633338 0.638411 0.645133 0.653589 0.663891 0.676177 0.690622 0.707439 0.726891 0.749298 0.775057 0.804658 0.838711 0.877982 0.862502 0.821564 0.786144 0.755397 0.728653 0.705380 0.685147 0.667605 0.652472 0.639517 0.628550 0.619421 0.612006 0.606210 0.601959 0.599200 0.597901 0.598045 0.599634 0.602687 0.607242 0.604460 0.596856 0.590847 0.586356 0.583328 0.581725 0.581528 0.582734 0.585359 0.589434 0.595009 0.602155 0.610965 0.621556 0.634075 0.648704 0.665665 0.685232 0.707741 0.733607 0.763343 0.797594 0.837175 0.883129 0.936808 1.000000 0.986748 0.926509 0.875189 0.831152 0.793155 7861.000000 1.126547 0.754386
0.820592 0.900370 1.000000 0.939077 0.870772 0.813557 0.765127 0.723785 0.688254 0.657559 0.630939 0.607799 0.587661 0.570145 0.554940 0.541797 0.530511 0.520914 0.512872 0.506276 0.501039 0.497094 0.494393 0.492902 0.492603 0.493493 0.495582 0.498896 0.503475 0.509378 0.516680 0.525479 0.535897 0.548082 0.562221 0.578540 0.597315 0.618892 0.643694 0.672255 0.705246 0.743525 0.788206 0.769847 0.727455 0.691066 0.659657 0.632437 0.608783 0.588200 0.570292 0.554740 0.541282 0.529708 0.519845 0.511552 0.504717 0.499248 0.495077 0.492150 0.490433 0.489904 0.490556 0.492398 0.495452 0.499755 0.505362 0.512344 0.520795 0.530829 0.542590 0.556254 0.572038 0.590208 0.611090 0.635090 0.662714 0.694600 0.731561 0.774647 0.825239 0.885182 0.957001 0.982728 0.886661 0.809480 0.746314 0.693843 0.649728 0.612274 0.580225 0.552629 0.528754 0.508031 0.490006 0.474320 0.460683 0.448859 0.438657 0.429922 0.422525 0.416365 0.411358 0.407441 0.404562 0.402688 0.401794 0.401870 0.402917 0.404948 0.407987 0.412072 0.417255 0.423604 0.431204 0.440161 0.450607 0.462703 0.476646 0.492679 0.511102 0.532289 0.556707 0.584950 0.617781 0.656190 0.701494 0.755472 1382.500000 1.338399 0.585343
0.460683 0.448859 0.438657 0.429922 0.422525 0.416365 0.411358 0.407441 0.404562 0.402688 0.401794 0.401870 0.402917 0.404948 0.407987 0.412072 0.417255 0.423604 0.431204 0.440161 0.450607 0.462703 0.476646 0.492679 0.511102 0.532289 0.556707 0.584950 0.617781 0.656190 0.701494 0.755472 0.820592 0.900370 1.000000 0.939077 0.870772 0.813557 0.765127 0.723785 0.688254 0.657559 0.630939 0.607799 0.587661 0.570145 0.554940 0.541797 0.530511 0.520914 0.512872 0.506276 0.501039 0.497094 0.494393 0.492902 0.492603 0.493493 0.495582 0.498896 0.503475 0.509378 0.516680 0.525479 0.535897 0.548082 0.562221 0.578540 0.597315 0.618892 0.643694 0.672255 0.705246 0.743525 0.788206 0.769847 0.727455 0.691066 0.659657 0.632437 0.608783 0.588200 0.570292 0.554740 0.541282 0.529708 0.519845 0.511552 0.504717 0.499248 0.495077 0.492150 0.490433 0.489904 0.490556 0.492398 0.495452 0.499755 0.505362 0.512344 0.520795 0.530829 0.542590 0.556254 0.572038 0.590208 0.611090 0.635090 0.662714 0.694600 0.731561 0.774647 0.825239 0.885182 0.957001 0.982728 0.886661 0.809480 0.746314 0.693843 0.649728 0.612274 0.580225 0.552629 0.528754 0.508031 0.490006 0.474320 1382.500000 1.338399 0.585343
0.495452 0.499755 0.505362 0.512344 0.520795 0.530829 0.542590 0.556254 0.572038 0.590208 0.611090 0.635090 0.662714 0.694600 0.731561 0.774647 0.825239 0.885182 0.957001 0.982728 0.886661 0.809480 0.746314 0.693843 0.649728 0.612274 0.580225 0.552629 0.528754 0.508031 0.490006 0.474320 0.460683 0.448859 0.438657 0.429922 0.422525 0.416365 0.411358 0.407441 0.404562 0.402688 0.401794 0.401870 0.402917 0.404948 0.407987 0.412072 0.417255 0.423604 0.431204 0.440161 0.450607 0.462703 0.476646 0.492679 0.511102 0.532289 0.556707 0.584950 0.617781 0.656190 0.701494 0.755472 0.820592 0.900370 1.000000 0.939077 0.870772 0.813557 0.765127 0.723785 0.688254 0.657559 0.630939 0.607799 0.587661 0.570145 0.554940 0.541797 0.530511 0.520914 0.512872 0.506276 0.501039 0.497094 0.494393 0.492902 0.492603 0.493493 0.495582 0.498896 0.503475 0.509378 0.516680 0.525479 0.535897 0.548082 0.562221 0.578540 0.597315 0.618892 0.643694 0.672255 0.705246 0.743525 0.788206 0.769847 0.727455 0.691066 0.659657 0.632437 0.608783 0.588200 0.570292 0.554740 0.541282 0.529708 0.519845 0.511552 0.504717 0.499248 0.495077 0.492150 0.490433 0.489904 0.490556 0.492398 1382.500000 1.338399 0.585343
0.535897 0.548082 0.562221 0.578540 0.597315 0.618892 0.643694 0.672255 0.705246 0.743525 0.788206 0.769847 0.727455 0.691066 0.659657 0.632437 0.608783 0.588200 0.570292 0.554740 0.541282 0.529708 0.519845 0.511552 0.504717 0.499248 0.495077 0.492150 0.490433 0.489904 0.490556 0.492398 0.495452 0.499755 0.505362 0.512344 0.520795 0.530829 0.542590 0.556254 0.572038 0.590208 0.611090 0.635090 0.662714 0.694600 0.731561 0.774647 0.825239 0.885182 0.957001 0.982728 0.886661 0.809480 0.746314 0.693843 0.649728 0.612274 0.580225 0.552629 0.528754 0.508031 0.490006 0.474320 0.460683 0.448859 0.438657 0.429922 0.422525 0.416365 0.411358 0.407441 0.404562 0.402688 0.401794 0.401870 0.402917 0.404948 0.407987 0.412072 0.417255 0.423604 0.431204 0.440161 0.450607 0.462703 0.476646 0.492679 0.511102 0.532289 0.556707 0.584950 0.617781 0.656190 0.701494 0.755472 0.820592 0.900370 1.000000 0.939077 0.870772 0.813557 0.765127 0.723785 0.688254 0.657559 0.630939 0.607799 0.587661 0.570145 0.554940 0.541797 0.530511 0.520914 0.512872 0.506276 0.501039 0.497094 0.494393 0.492902 0.492603 0.493493 0.495582 0.498896 0.503475 0.509378 0.516680 0.525479 1382.500000 1.338399 0.585343
0.719544 0.710076 0.702524 0.696792 0.692809 0.690525 0.689912 0.690964 0.693692 0.696420 0.681044 0.667907 0.656819 0.647629 0.640213 0.634476 0.630346 0.627772 0.626723 0.627185 0.629165 0.632687 0.637794 0.644549 0.653038 0.663374 0.675696 0.690179 0.707037 0.726533 0.748991 0.774807 0.804473 0.838603 0.877965 0.874361 0.846096 0.821517 0.800200 0.781797 0.766025 0.752655 0.741499 0.732407 0.725262 0.719972 0.716473 0.714721 0.714695 0.716395 0.719841 0.725076 0.732164 0.741195 0.752287 0.765589 0.781285 0.799605 0.820830 0.845304 0.873452 0.873286 0.845843 0.821992 0.801328 0.783517 0.768293 0.755433 0.744762 0.736137 0.729446 0.724606 0.721556 0.720260 0.720702 0.722887 0.726841 0.732614 0.740277 0.749927 0.761692 0.775730 0.756267 0.729539 0.706280 0.686059 0.668530 0.653409 0.640466 0.629513 0.620398 0.612998 0.607219 0.602986 0.600248 0.598972 0.599141 0.600758 0.603842 0.609918 0.619456 0.630842 0.644235 0.659833 0.677879 0.698670 0.722573 0.750040 0.781635 0.818066 0.860234 0.909294 0.966758 1.000000 0.964067 0.932796 0.905604 0.882016 0.861649 0.844190 0.829382 0.817019 0.806934 0.798997 0.779587 0.760858 0.744760 0.731053 5334.000000 1.214279 0.829613
0.599141 0.600758 0.603842 0.609918 0.619456 0.630842 0.644235 0.659833 0.677879 0.698670 0.722573 0.750040 0.781635 0.818066 0.860234 0.909294 0.966758 1.000000 0.964067 0.932796 0.905604 0.882016 0.861649 0.844190 0.829382 0.817019 0.806934 0.798997 0.779587 0.760858 0.744760 0.731053 0.719544 0.710076 0.702524 0.696792 0.692809 0.690525 0.689912 0.690964 0.693692 0.696420 0.681044 0.667907 0.656819 0.647629 0.640213 0.634476 0.630346 0.627772 0.626723 0.627185 0.629165 0.632687 0.637794 0.644549 0.653038 0.663374 0.675696 0.690179 0.707037 0.726533 0.748991 0.774807 0.804473 0.838603 0.877965 0.874361 0.846096 0.821517 0.800200 0.781797 0.766025 0.752655 0.741499 0.732407 0.725262 0.719972 0.716473 0.714721 0.714695 0.716395 0.719841 0.725076 0.732164 0.741195 0.752287 0.765589 0.781285 0.799605 0.820830 0.845304 0.873452 0.873286 0.845843 0.821992 0.801328 0.783517 0.768293 0.755433 0.744762 0.736137 0.729446 0.724606 0.721556 0.720260 0.720702 0.722887 0.726841 0.732614 0.740277 0.749927 0.761692 0.775730 0.756267 0.729539 0.706280 0.686059 0.668530 0.653409 0.640466 0.629513 0.620398 0.612998 0.607219 0.602986 0.600248 0.598972 5334.000000 1.214279 0.829613
0.801328 0.783517 0.768293 0.755433 0.744762 0.736137 0.729446 0.724606 0.721556 0.720260 0.720702 0.722887 0.726841 0.732614 0.740277 0.749927 0.761692 0.775730 0.756267 0.729539 0.706280 0.686059 0.668530 0.653409 0.640466 0.629513 0.620398 0.612998 0.607219 0.602986 0.600248 0.598972 0.599141 0.600758 0.603842 0.609918 0.619456 0.630842 0.644235 0.659833 0.677879 0.698670 0.722573 0.750040 0.781635 0.818066 0.860234 0.909294 0.966758 1.000000 0.964067 0.932796 0.905604 0.882016 0.861649 0.844190 0.829382 0.817019 0.806934 0.798997 0.779587 0.760858 0.744760 0.731053 0.719544 0.710076 0.702524 0.696792 0.692809 0.690525 0.689912 0.690964 0.693692 0.696420 0.681044 0.667907 0.656819 0.647629 0.640213 0.634476 0.630346 0.627772 0.626723 0.627185 0.629165 0.632687 0.637794 0.644549 0.653038 0.663374 0.675696 0.690179 0.707037 0.726533 0.748991 0.774807 0.804473 0.838603 0.877965 0.874361 0.846096 0.821517 0.800200 0.781797 0.766025 0.752655 0.741499 0.732407 0.725262 0.719972 0.716473 0.714721 0.714695 0.716395 0.719841 0.725076 0.732164 0.741195 0.752287 0.765589 0.781285 0.799605 0.820830 0.845304 0.873452 0.873286 0.845843 0.821992 5334.000000 1.214279 0.829613
0.804473 0.838603 0.877965 0.874361 0.846096 0.821517 0.800200 0.781797 0.766025 0.752655 0.741499 0.732407 0.725262 0.719972 0.716473 0.714721 0.714695 0.716395 0.719841 0.725076 0.732164 0.741195 0.752287 0.765589 0.781285 0.799605 0.820830 0.845304 0.873452 0.873286 0.845843 0.821992 0.801328 0.783517 0.768293 0.755433 0.744762 0.736137 0.729446 0.724606 0.721556 0.720260 0.720702 0.722887 0.726841 0.732614 0.740277 0.749927 0.761692 0.775730 0.756267 0.729539 0.706280 0.686059 0.668530 0.653409 0.640466 0.629513 0.620398 0.612998 0.607219 0.602986 0.600248 0.598972 0.599141 0.600758 0.603842 0.609918 0.619456 0.630842 0.644235 0.659833 0.677879 0.698670 0.722573 0.750040 0.781635 0.818066 0.860234 0.909294 0.966758 1.000000 0.964067 0.932796 0.905604 0.882016 0.861649 0.844190 0.829382 0.817019 0.806934 0.798997 0.779587 0.760858 0.744760 0.731053 0.719544 0.710076 0.702524 0.696792 0.692809 0.690525 0.689912 0.690964 0.693692 0.696420 0.681044 0.667907 0.656819 0.647629 0.640213 0.634476 0.630346 0.627772 0.626723 0.627185 0.629165 0.632687 0.637794 0.644549 0.653038 0.663374 0.675696 0.690179 0.707037 0.726533 0.748991 0.774807 5334.000000 1.214279 0.829613
0.398236 0.397739 0.398202 0.399629 0.403569 0.408860 0.415306 0.422994 0.432032 0.442554 0.454724 0.468744 0.484861 0.503381 0.524687 0.549258 0.577703 0.610807 0.649596 0.695435 0.750178 0.816411 0.897845 1.000000 0.978743 0.939877 0.906080 0.876668 0.851091 0.828904 0.809746 0.793322 0.779391 0.767758 0.758268 0.750795 0.745247 0.741553 0.739669 0.739572 0.723615 0.693043 0.666489 0.643389 0.623287 0.605818 0.590687 0.577650 0.566512 0.557111 0.549320 0.543033 0.538171 0.534672 0.529840 0.522232 0.516065 0.511259 0.507754 0.505506 0.504488 0.504687 0.506106 0.508763 0.512689 0.517933 0.524563 0.532665 0.541253 0.536457 0.533017 0.530892 0.530057 0.530499 0.532226 0.535258 0.539631 0.545402 0.552643 0.561450 0.571942 0.584269 0.598612 0.615196 0.634297 0.656254 0.681486 0.710517 0.744002 0.782779 0.827925 0.880848 0.943428 0.958365 0.921705 0.889811 0.862057 0.837940 0.817050 0.799055 0.783683 0.770713 0.759966 0.751300 0.744602 0.739790 0.736803 0.735605 0.736181 0.716846 0.668470 0.627626 0.592832 0.562979 0.537220 0.514901 0.495509 0.478635 0.463954 0.451202 0.440164 0.430665 0.422565 0.415746 0.410117 0.405602 0.402143 0.399698 1182.500000 1.556021 0.726627
0.862057 0.837940 0.817050 0.799055 0.783683 0.770713 0.759966 0.751300 0.744602 0.739790 0.736803 0.735605 0.736181 0.716846 0.668470 0.627626 0.592832 0.562979 0.537220 0.514901 0.495509 0.478635 0.463954 0.451202 0.440164 0.430665 0.422565 0.415746 0.410117 0.405602 0.402143 0.399698 0.398236 0.397739 0.398202 0.399629 0.403569 0.408860 0.415306 0.422994 0.432032 0.442554 0.454724 0.468744 0.484861 0.503381 0.524687 0.549258 0.577703 0.610807 0.649596 0.695435 0.750178 0.816411 0.897845 1.000000 0.978743 0.939877 0.906080 0.876668 0.851091 0.828904 0.809746 0.793322 0.779391 0.767758 0.758268 0.750795 0.745247 0.741553 0.739669 0.739572 0.723615 0.693043 0.666489 0.643389 0.623287 0.605818 0.590687 0.577650 0.566512 0.557111 0.549320 0.543033 0.538171 0.534672 0.529840 0.522232 0.516065 0.511259 0.507754 0.505506 0.504488 0.504687 0.506106 0.508763 0.512689 0.517933 0.524563 0.532665 0.541253 0.536457 0.533017 0.530892 0.530057 0.530499 0.532226 0.535258 0.539631 0.545402 0.552643 0.561450 0.571942 0.584269 0.598612 0.615196 0.634297 0.656254 0.681486 0.710517 0.744002 0.782779 0.827925 0.880848 0.943428 0.958365 0.921705 0.889811 1182.500000 1.556021 0.726627
0.512689 0.517933 0.524563 0.532665 0.541253 0.536457 0.533017 0.530892 0.530057 0.530499 0.532226 0.535258 0.539631 0.545402 0.552643 0.561450 0.571942 0.584269 0.598612 0.615196 0.634297 0.656254 0.681486 0.710517 0.744002 0.782779 0.827925 0.880848 0.943428 0.958365 0.921705 0.889811 0.862057 0.837940 0.817050 0.799055 0.783683 0.770713 0.759966 0.751300 0.744602 0.739790 0.736803 0.735605 0.736181 0.716846 0.668470 0.627626 0.592832 0.562979 0.537220 0.514901 0.495509 0.478635 0.463954 0.451202 0.440164 0.430665 0.422565 0.415746 0.410117 0.405602 0.402143 0.399698 0.398236 0.397739 0.398202 0.399629 0.403569 0.408860 0.415306 0.422994 0.432032 0.442554 0.454724 0.468744 0.484861 0.503381 0.524687 0.549258 0.577703 0.610807 0.649596 0.695435 0.750178 0.816411 0.897845 1.000000 0.978743 0.939877 0.906080 0.876668 0.851091 0.828904 0.809746 0.793322 0.779391 0.767758 0.758268 0.750795 0.745247 0.741553 0.739669 0.739572 0.723615 0.693043 0.666489 0.643389 0.623287 0.605818 0.590687 0.577650 0.566512 0.557111 0.549320 0.543033 0.538171 0.534672 0.529840 0.522232 0.516065 0.511259 0.507754 0.505506 0.504488 0.504687 0.506106 0.508763 1182.500000 1.556021 0.726627
0.779391 0.767758 0.758268 0.750795 0.745247 0.741553 0.739669 0.739572 0.723615 0.693043 0.666489 0.643389 0.623287 0.605818 0.590687 0.577650 0.566512 0.557111 0.549320 0.543033 0.538171 0.534672 0.529840 0.522232 0.516065 0.511259 0.507754 0.505506 0.504488 0.504687 0.506106 0.508763 0.512689 0.517933 0.524563 0.532665 0.541253 0.536457 0.533017 0.530892 0.530057 0.530499 0.532226 0.535258 0.539631 0.545402 0.552643 0.561450 0.571942 0.584269 0.598612 0.615196 0.634297 0.656254 0.681486 0.710517 0.744002 0.782779 0.827925 0.880848 0.943428 0.958365 0.921705 0.889811 0.862057 0.837940 0.817050 0.799055 0.783683 0.770713 0.759966 0.751300 0.744602 0.739790 0.736803 0.735605 0.736181 0.716846 0.668470 0.627626 0.592832 0.562979 0.537220 0.514901 0.495509 0.478635 0.463954 0.451202 0.440164 0.430665 0.422565 0.415746 0.410117 0.405602 0.402143 0.399698 0.398236 0.397739 0.398202 0.399629 0.403569 0.408860 0.415306 0.422994 0.432032 0.442554 0.454724 0.468744 0.484861 0.503381 0.524687 0.549258 0.577703 0.610807 0.649596 0.695435 0.750178 0.816411 0.897845 1.000000 0.978743 0.939877 0.906080 0.876668 0.851091 0.828904 0.809746 0.793322 1182.500000 1.556021 0.726627
1.000000 0.958666 0.921381 0.888949 0.860725 0.836191 0.814926 0.796586 0.780894 0.767622 0.756586 0.747638 0.740663 0.735572 0.732303 0.730816 0.731092 0.733136 0.736971 0.742645 0.750229 0.751096 0.750504 0.751722 0.754765 0.759671 0.766499 0.775336 0.786295 0.799523 0.815201 0.833554 0.854859 0.855278 0.828787 0.805770 0.785840 0.768678 0.754028 0.741680 0.731463 0.723242 0.716912 0.712393 0.709630 0.708588 0.709256 0.711641 0.710854 0.702054 0.695124 0.689975 0.686543 0.684787 0.684685 0.686236 0.689459 0.694394 0.701100 0.709664 0.720195 0.732837 0.747763 0.765192 0.785390 0.808684 0.835477 0.858407 0.854663 0.852997 0.853390 0.855846 0.860395 0.867092 0.876022 0.887297 0.901066 0.917513 0.936872 0.959425 0.985525 0.950872 0.905512 0.866274 0.832217 0.802597 0.776820 0.754409 0.734975 0.718204 0.703839 0.691671 0.680413 0.668060 0.657705 0.649205 0.642450 0.637354 0.633853 0.631905 0.631485 0.632588 0.635228 0.639438 0.645268 0.652793 0.662109 0.673341 0.686643 0.702207 0.720268 0.735519 0.733296 0.732847 0.734166 0.737269 0.742194 0.749002 0.757779 0.768637 0.781721 0.797213 0.815335 0.836361 0.860629 0.888552 0.920640 0.957526 1210.000000 1.160851 0.862665
0.642450 0.637354 0.633853 0.631905 0.631485 0.632588 0.635228 0.639438 0.645268 0.652793 0.662109 0.673341 0.686643 0.702207 0.720268 0.735519 0.733296 0.732847 0.734166 0.737269 0.742194 0.749002 0.757779 0.768637 0.781721 0.797213 0.815335 0.836361 0.860629 0.888552 0.920640 0.957526 1.000000 0.958666 0.921381 0.888949 0.860725 0.836191 0.814926 0.796586 0.780894 0.767622 0.756586 0.747638 0.740663 0.735572 0.732303 0.730816 0.731092 0.733136 0.736971 0.742645 0.750229 0.751096 0.750504 0.751722 0.754765 0.759671 0.766499 0.775336 0.786295 0.799523 0.815201 0.833554 0.854859 0.855278 0.828787 0.805770 0.785840 0.768678 0.754028 0.741680 0.731463 0.723242 0.716912 0.712393 0.709630 0.708588 0.709256 0.711641 0.710854 0.702054 0.695124 0.689975 0.686543 0.684787 0.684685 0.686236 0.689459 0.694394 0.701100 0.709664 0.720195 0.732837 0.747763 0.765192 0.785390 0.808684 0.835477 0.858407 0.854663 0.852997 0.853390 0.855846 0.860395 0.867092 0.876022 0.887297 0.901066 0.917513 0.936872 0.959425 0.985525 0.950872 0.905512 0.866274 0.832217 0.802597 0.776820 0.754409 0.734975 0.718204 0.703839 0.691671 0.680413 0.668060 0.657705 0.649205 1210.000000 1.160851 0.862665
0.785390 0.808684 0.835477 0.858407 0.854663 0.852997 0.853390 0.855846 0.860395 0.867092 0.876022 0.887297 0.901066 0.917513 0.936872 0.959425 0.985525 0.950872 0.905512 0.866274 0.832217 0.802597 0.776820 0.754409 0.734975 0.718204 0.703839 0.691671 0.680413 0.668060 0.657705 0.649205 0.642450 0.637354 0.633853 0.631905 0.631485 0.632588 0.635228 0.639438 0.645268 0.652793 0.662109 0.673341 0.686643 0.702207 0.720268 0.735519 0.733296 0.732847 0.734166 0.737269 0.742194 0.749002 0.757779 0.768637 0.781721 0.797213 0.815335 0.836361 0.860629 0.888552 0.920640 0.957526 1.000000 0.958666 0.921381 0.888949 0.860725 0.836191 0.814926 0.796586 0.780894 0.767622 0.756586 0.747638 0.740663 0.735572 0.732303 0.730816 0.731092 0.733136 0.736971 0.742645 0.750229 0.751096 0.750504 0.751722 0.754765 0.759671 0.766499 0.775336 0.786295 0.799523 0.815201 0.833554 0.854859 0.855278 0.828787 0.805770 0.785840 0.768678 0.754028 0.741680 0.731463 0.723242 0.716912 0.712393 0.709630 0.708588 0.709256 0.711641 0.710854 0.702054 0.695124 0.689975 0.686543 0.684787 0.684685 0.686236 0.689459 0.694394 0.701100 0.709664 0.720195 0.732837 0.747763 0.765192 1210.000000 1.160851 0.862665
0.854859 0.855278 0.828787 0.805770 0.785840 0.768678 0.754028 0.741680 0.731463 0.723242 0.716912 0.712393 0.709630 0.708588 0.709256 0.711641 0.710854 0.702054 0.695124 0.689975 0.686543 0.684787 0.684685 0.686236 0.689459 0.694394 0.701100 0.709664 0.720195 0.732837 0.747763 0.765192 0.785390 0.808684 0.835477 0.858407 0.854663 0.852997 0.853390 0.855846 0.860395 0.867092 0.876022 0.887297 0.901066 0.917513 0.936872 0.959425 0.985525 0.950872 0.905512 0.866274 0.832217 0.802597 0.776820 0.754409 0.734975 0.718204 0.703839 0.691671 0.680413 0.668060 0.657705 0.649205 0.642450 0.637354 0.633853 0.631905 0.631485 0.632588 0.635228 0.639438 0.645268 0.652793 0.662109 0.673341 0.686643 0.702207 0.720268 0.735519 0.733296 0.732847 0.734166 0.737269 0.742194 0.749002 0.757779 0.768637 0.781721 0.797213 0.815335 0.836361 0.860629 0.888552 0.920640 0.957526 1.000000 0.958666 0.921381 0.888949 0.860725 0.836191 0.814926 0.796586 0.780894 0.767622 0.756586 0.747638 0.740663 0.735572 0.732303 0.730816 0.731092 0.733136 0.736971 0.742645 0.750229 0.751096 0.750504 0.751722 0.754765 0.759671 0.766499 0.775336 0.786295 0.799523 0.815201 0.833554 1210.000000 1.160851 0.862665
0.949196 0.918746 0.892272 0.869316 0.849507 0.832542 0.818174 0.806202 0.796467 0.788842 0.783230 0.779562 0.777763 0.754580 0.734458 0.717063 0.702125 0.689424 0.678781 0.670051 0.663120 0.657899 0.654324 0.652351 0.651955 0.653133 0.655898 0.660283 0.666344 0.674156 0.683821 0.695466 0.709254 0.725381 0.744094 0.716770 0.684372 0.656289 0.631882 0.610644 0.592167 0.576123 0.562244 0.550312 0.540151 0.531615 0.524589 0.518981 0.514718 0.511747 0.514048 0.531092 0.550677 0.573196 0.599139 0.629130 0.663966 0.704682 0.752651 0.809719 0.878442 0.962447 1.000000 0.956187 0.918171 0.885114 0.856345 0.831327 0.809625 0.790883 0.774814 0.761183 0.749797 0.740505 0.733185 0.727745 0.724116 0.722255 0.722138 0.723765 0.727155 0.732349 0.739412 0.748433 0.743290 0.737439 0.733431 0.731220 0.730776 0.732096 0.735195 0.740111 0.746905 0.755661 0.759611 0.717572 0.681499 0.650370 0.623397 0.599960 0.579567 0.561824 0.546412 0.533073 0.521596 0.511811 0.503576 0.496780 0.491333 0.490706 0.497100 0.504894 0.514196 0.525135 0.537874 0.552611 0.569589 0.589107 0.611536 0.637337 0.667089 0.701526 0.741597 0.788538 0.843993 0.910197 0.990261 0.984185 583.000000 1.220562 0.723352
0.681499 0.650370 0.623397 0.599960 0.579567 0.561824 0.546412 0.533073 0.521596 0.511811 0.503576 0.496780 0.491333 0.490706 0.497100 0.504894 0.514196 0.525135 0.537874 0.552611 0.569589 0.589107 0.611536 0.637337 0.667089 0.701526 0.741597 0.788538 0.843993 0.910197 0.990261 0.984185 0.949196 0.918746 0.892272 0.869316 0.849507 0.832542 0.818174 0.806202 0.796467 0.788842 0.783230 0.779562 0.777763 0.754580 0.734458 0.717063 0.702125 0.689424 0.678781 0.670051 0.663120 0.657899 0.654324 0.652351 0.651955 0.653133 0.655898 0.660283 0.666344 0.674156 0.683821 0.695466 0.709254 0.725381 0.744094 0.716770 0.684372 0.656289 0.631882 0.610644 0.592167 0.576123 0.562244 0.550312 0.540151 0.531615 0.524589 0.518981 0.514718 0.511747 0.514048 0.531092 0.550677 0.573196 0.599139 0.629130 0.663966 0.704682 0.752651 0.809719 0.878442 0.962447 1.000000 0.956187 0.918171 0.885114 0.856345 0.831327 0.809625 0.790883 0.774814 0.761183 0.749797 0.740505 0.733185 0.727745 0.724116 0.722255 0.722138 0.723765 0.727155 0.732349 0.739412 0.748433 0.743290 0.737439 0.733431 0.731220 0.730776 0.732096 0.735195 0.740111 0.746905 0.755661 0.759611 0.717572 583.000000 1.220562 0.723352
0.918171 0.885114 0.856345 0.831327 0.809625 0.790883 0.774814 0.761183 0.749797 0.740505 0.733185 0.727745 0.724116 0.722255 0.722138 0.723765 0.727155 0.732349 0.739412 0.748433 0.743290 0.737439 0.733431 0.731220 0.730776 0.732096 0.735195 0.740111 0.746905 0.755661 0.759611 0.717572 0.681499 0.650370 0.623397 0.599960 0.579567 0.561824 0.546412 0.533073 0.521596 0.511811 0.503576 0.496780 0.491333 0.490706 0.497100 0.504894 0.514196 0.525135 0.537874 0.552611 0.569589 0.589107 0.611536 0.637337 0.667089 0.701526 0.741597 0.788538 0.843993 0.910197 0.990261 0.984185 0.949196 0.918746 0.892272 0.869316 0.849507 0.832542 0.818174 0.806202 0.796467 0.788842 0.783230 0.779562 0.777763 0.754580 0.734458 0.717063 0.702125 0.689424 0.678781 0.670051 0.663120 0.657899 0.654324 0.652351 0.651955 0.653133 0.655898 0.660283 0.666344 0.674156 0.683821 0.695466 0.709254 0.725381 0.744094 0.716770 0.684372 0.656289 0.631882 0.610644 0.592167 0.576123 0.562244 0.550312 0.540151 0.531615 0.524589 0.518981 0.514718 0.511747 0.514048 0.531092 0.550677 0.573196 0.599139 0.629130 0.663966 0.704682 0.752651 0.809719 0.878442 0.962447 1.000000 0.956187 583.000000 1.220562 0.723352
0.709254 0.725381 0.744094 0.716770 0.684372 0.656289 0.631882 0.610644 0.592167 0.576123 0.562244 0.550312 0.540151 0.531615 0.524589 0.518981 0.514718 0.511747 0.514048 0.531092 0.550677 0.573196 0.599139 0.629130 0.663966 0.704682 0.752651 0.809719 0.878442 0.962447 1.000000 0.956187 0.918171 0.885114 0.856345 0.831327 0.809625 0.790883 0.774814 0.761183 0.749797 0.740505 0.733185 0.727745 0.724116 0.722255 0.722138 0.723765 0.727155 0.732349 0.739412 0.748433 0.743290 0.737439 0.733431 0.731220 0.730776 0.732096 0.735195 0.740111 0.746905 0.755661 0.759611 0.717572 0.681499 0.650370 0.623397 0.599960 0.579567 0.561824 0.546412 0.533073 0.521596 0.511811 0.503576 0.496780 0.491333 0.490706 0.497100 0.504894 0.514196 0.525135 0.537874 0.552611 0.569589 0.589107 0.611536 0.637337 0.667089 0.701526 0.741597 0.788538 0.843993 0.910197 0.990261 0.984185 0.949196 0.918746 0.892272 0.869316 0.849507 0.832542 0.818174 0.806202 0.796467 0.788842 0.783230 0.779562 0.777763 0.754580 0.734458 0.717063 0.702125 0.689424 0.678781 0.670051 0.663120 0.657899 0.654324 0.652351 0.651955 0.653133 0.655898 0.660283 0.666344 0.674156 0.683821 0.695466 583.000000 1.220562 0.723352
0.982931 1.000000 0.955975 0.917780 0.884570 0.855668 0.830533 0.808725 0.789887 0.773729 0.760012 0.748545 0.739174 0.731775 0.726255 0.722546 0.720601 0.720397 0.721933 0.725226 0.730316 0.737267 0.746167 0.757130 0.770304 0.785871 0.804057 0.784693 0.765559 0.749098 0.735063 0.723254 0.713511 0.705704 0.699734 0.695525 0.693026 0.692207 0.693058 0.695588 0.699829 0.705833 0.713675 0.723455 0.735304 0.749382 0.765891 0.785078 0.807245 0.832766 0.862097 0.895806 0.934603 0.979378 0.983490 0.953283 0.927043 0.904329 0.884782 0.868109 0.854073 0.842480 0.833178 0.826048 0.821000 0.817971 0.816926 0.817851 0.820758 0.825682 0.832683 0.841850 0.853299 0.867181 0.883687 0.854877 0.823712 0.796591 0.773002 0.752530 0.734840 0.719656 0.706755 0.695955 0.687111 0.680107 0.674853 0.671285 0.669359 0.669050 0.670356 0.673293 0.677895 0.684221 0.692349 0.702386 0.714464 0.728751 0.745454 0.764826 0.787178 0.812894 0.842445 0.876417 0.883881 0.861290 0.841802 0.825121 0.811003 0.799254 0.789715 0.782264 0.776806 0.773274 0.771624 0.771836 0.773914 0.777882 0.783788 0.791707 0.801739 0.814015 0.828699 0.845999 0.866168 0.889517 0.916429 0.947373 938.500000 1.234048 0.846663
0.714464 0.728751 0.745454 0.764826 0.787178 0.812894 0.842445 0.876417 0.883881 0.861290 0.841802 0.825121 0.811003 0.799254 0.789715 0.782264 0.776806 0.773274 0.771624 0.771836 0.773914 0.777882 0.783788 0.791707 0.801739 0.814015 0.828699 0.845999 0.866168 0.889517 0.916429 0.947373 0.982931 1.000000 0.955975 0.917780 0.884570 0.855668 0.830533 0.808725 0.789887 0.773729 0.760012 0.748545 0.739174 0.731775 0.726255 0.722546 0.720601 0.720397 0.721933 0.725226 0.730316 0.737267 0.746167 0.757130 0.770304 0.785871 0.804057 0.784693 0.765559 0.749098 0.735063 0.723254 0.713511 0.705704 0.699734 0.695525 0.693026 0.692207 0.693058 0.695588 0.699829 0.705833 0.713675 0.723455 0.735304 0.749382 0.765891 0.785078 0.807245 0.832766 0.862097 0.895806 0.934603 0.979378 0.983490 0.953283 0.927043 0.904329 0.884782 0.868109 0.854073 0.842480 0.833178 0.826048 0.821000 0.817971 0.816926 0.817851 0.820758 0.825682 0.832683 0.841850 0.853299 0.867181 0.883687 0.854877 0.823712 0.796591 0.773002 0.752530 0.734840 0.719656 0.706755 0.695955 0.687111 0.680107 0.674853 0.671285 0.669359 0.669050 0.670356 0.673293 0.677895 0.684221 0.692349 0.702386 938.500000 1.234048 0.846663
0.821000 0.817971 0.816926 0.817851 0.820758 0.825682 0.832683 0.841850 0.853299 0.867181 0.883687 0.854877 0.823712 0.796591 0.773002 0.752530 0.734840 0.719656 0.706755 0.695955 0.687111 0.680107 0.674853 0.671285 0.669359 0.669050 0.670356 0.673293 0.677895 0.684221 0.692349 0.702386 0.714464 0.728751 0.745454 0.764826 0.787178 0.812894 0.842445 0.876417 0.883881 0.861290 0.841802 0.825121 0.811003 0.799254 0.789715 0.782264 0.776806 0.773274 0.771624 0.771836 0.773914 0.777882 0.783788 0.791707 0.801739 0.814015 0.828699 0.845999 0.866168 0.889517 0.916429 0.947373 0.982931 1.000000 0.955975 0.917780 0.884570 0.855668 0.830533 0.808725 0.789887 0.773729 0.760012 0.748545 0.739174 0.731775 0.726255 0.722546 0.720601 0.720397 0.721933 0.725226 0.730316 0.737267 0.746167 0.757130 0.770304 0.785871 0.804057 0.784693 0.765559 0.749098 0.735063 0.723254 0.713511 0.705704 0.699734 0.695525 0.693026 0.692207 0.693058 0.695588 0.699829 0.705833 0.713675 0.723455 0.735304 0.749382 0.765891 0.785078 0.807245 0.832766 0.862097 0.895806 0.934603 0.979378 0.983490 0.953283 0.927043 0.904329 0.884782 0.868109 0.854073 0.842480 0.833178 0.826048 938.500000 1.234048 0.846663
0.713511 0.705704 0.699734 0.695525 0.693026 0.692207 0.693058 0.695588 0.699829 0.705833 0.713675 0.723455 0.735304 0.749382 0.765891 0.785078 0.807245 0.832766 0.862097 0.895806 0.934603 0.979378 0.983490 0.953283 0.927043 0.904329 0.884782 0.868109 0.854073 0.842480 0.833178 0.826048 0.821000 0.817971 0.816926 0.817851 0.820758 0.825682 0.832683 0.841850 0.853299 0.867181 0.883687 0.854877 0.823712 0.796591 0.773002 0.752530 0.734840 0.719656 0.706755 0.695955 0.687111 0.680107 0.674853 0.671285 0.669359 0.669050 0.670356 0.673293 0.677895 0.684221 0.692349 0.702386 0.714464 0.728751 0.745454 0.764826 0.787178 0.812894 0.842445 0.876417 0.883881 0.861290 0.841802 0.825121 0.811003 0.799254 0.789715 0.782264 0.776806 0.773274 0.771624 0.771836 0.773914 0.777882 0.783788 0.791707 0.801739 0.814015 0.828699 0.845999 0.866168 0.889517 0.916429 0.947373 0.982931 1.000000 0.955975 0.917780 0.884570 0.855668 0.830533 0.808725 0.789887 0.773729 0.760012 0.748545 0.739174 0.731775 0.726255 0.722546 0.720601 0.720397 0.721933 0.725226 0.730316 0.737267 0.746167 0.757130 0.770304 0.785871 0.804057 0.784693 0.765559 0.749098 0.735063 0.723254 938.500000 1.234048 0.846663
0.948546 0.976148 1.000000 0.976345 0.956033 0.938764 0.924295 0.912430 0.903014 0.895927 0.891080 0.888413 0.887896 0.889520 0.893307 0.893947 0.876422 0.861606 0.849294 0.839323 0.831564 0.825918 0.822316 0.820713 0.821092 0.823455 0.827832 0.834276 0.842868 0.853717 0.866965 0.882790 0.901416 0.923117 0.948229 0.977165 0.967653 0.940652 0.917267 0.897125 0.879923 0.865415 0.853399 0.843717 0.836244 0.830887 0.827579 0.826280 0.826974 0.829669 0.834399 0.841222 0.850222 0.861514 0.875248 0.878266 0.865358 0.854853 0.846616 0.840542 0.836555 0.834607 0.834674 0.836757 0.840881 0.847097 0.855482 0.866142 0.879216 0.894879 0.913351 0.934901 0.959862 0.978857 0.956294 0.936953 0.920554 0.906865 0.895704 0.886925 0.880416 0.876098 0.873917 0.873847 0.875887 0.880061 0.886421 0.895046 0.906044 0.919559 0.935771 0.954907 0.950819 0.923820 0.900420 0.880246 0.862988 0.848400 0.836277 0.826459 0.818818 0.813259 0.809712 0.808134 0.808507 0.810834 0.815144 0.821489 0.829949 0.840632 0.853677 0.869260 0.864488 0.853419 0.844638 0.838035 0.833527 0.831058 0.830599 0.832144 0.835712 0.841347 0.849117 0.859121 0.871488 0.886383 0.904012 0.924628 3784.500000 1.091915 0.916256
0.862988 0.848400 0.836277 0.826459 0.818818 0.813259 0.809712 0.808134 0.808507 0.810834 0.815144 0.821489 0.829949 0.840632 0.853677 0.869260 0.864488 0.853419 0.844638 0.838035 0.833527 0.831058 0.830599 0.832144 0.835712 0.841347 0.849117 0.859121 0.871488 0.886383 0.904012 0.924628 0.948546 0.976148 1.000000 0.976345 0.956033 0.938764 0.924295 0.912430 0.903014 0.895927 0.891080 0.888413 0.887896 0.889520 0.893307 0.893947 0.876422 0.861606 0.849294 0.839323 0.831564 0.825918 0.822316 0.820713 0.821092 0.823455 0.827832 0.834276 0.842868 0.853717 0.866965 0.882790 0.901416 0.923117 0.948229 0.977165 0.967653 0.940652 0.917267 0.897125 0.879923 0.865415 0.853399 0.843717 0.836244 0.830887 0.827579 0.826280 0.826974 0.829669 0.834399 0.841222 0.850222 0.861514 0.875248 0.878266 0.865358 0.854853 0.846616 0.840542 0.836555 0.834607 0.834674 0.836757 0.840881 0.847097 0.855482 0.866142 0.879216 0.894879 0.913351 0.934901 0.959862 0.978857 0.956294 0.936953 0.920554 0.906865 0.895704 0.886925 0.880416 0.876098 0.873917 0.873847 0.875887 0.880061 0.886421 0.895046 0.906044 0.919559 0.935771 0.954907 0.950819 0.923820 0.900420 0.880246 3784.500000 1.091915 0.916256
0.840881 0.847097 0.855482 0.866142 0.879216 0.894879 0.913351 0.934901 0.959862 0.978857 0.956294 0.936953 0.920554 0.906865 0.895704 0.886925 0.880416 0.876098 0.873917 0.873847 0.875887 0.880061 0.886421 0.895046 0.906044 0.919559 0.935771 0.954907 0.950819 0.923820 0.900420 0.880246 0.862988 0.848400 0.836277 0.826459 0.818818 0.813259 0.809712 0.808134 0.808507 0.810834 0.815144 0.821489 0.829949 0.840632 0.853677 0.869260 0.864488 0.853419 0.844638 0.838035 0.833527 0.831058 0.830599 0.832144 0.835712 0.841347 0.849117 0.859121 0.871488 0.886383 0.904012 0.924628 0.948546 0.976148 1.000000 0.976345 0.956033 0.938764 0.924295 0.912430 0.903014 0.895927 0.891080 0.888413 0.887896 0.889520 0.893307 0.893947 0.876422 0.861606 0.849294 0.839323 0.831564 0.825918 0.822316 0.820713 0.821092 0.823455 0.827832 0.834276 0.842868 0.853717 0.866965 0.882790 0.901416 0.923117 0.948229 0.977165 0.967653 0.940652 0.917267 0.897125 0.879923 0.865415 0.853399 0.843717 0.836244 0.830887 0.827579 0.826280 0.826974 0.829669 0.834399 0.841222 0.850222 0.861514 0.875248 0.878266 0.865358 0.854853 0.846616 0.840542 0.836555 0.834607 0.834674 0.836757 3784.500000 1.091915 0.916256
0.901416 0.923117 0.948229 0.977165 0.967653 0.940652 0.917267 0.897125 0.879923 0.865415 0.853399 0.843717 0.836244 0.830887 0.827579 0.826280 0.826974 0.829669 0.834399 0.841222 0.850222 0.861514 0.875248 0.878266 0.865358 0.854853 0.846616 0.840542 0.836555 0.834607 0.834674 0.836757 0.840881 0.847097 0.855482 0.866142 0.879216 0.894879 0.913351 0.934901 0.959862 0.978857 0.956294 0.936953 0.920554 0.906865 0.895704 0.886925 0.880416 0.876098 0.873917 0.873847 0.875887 0.880061 0.886421 0.895046 0.906044 0.919559 0.935771 0.954907 0.950819 0.923820 0.900420 0.880246 0.862988 0.848400 0.836277 0.826459 0.818818 0.813259 0.809712 0.808134 0.808507 0.810834 0.815144 0.821489 0.829949 0.840632 0.853677 0.869260 0.864488 0.853419 0.844638 0.838035 0.833527 0.831058 0.830599 0.832144 0.835712 0.841347 0.849117 0.859121 0.871488 0.886383 0.904012 0.924628 0.948546 0.976148 1.000000 0.976345 0.956033 0.938764 0.924295 0.912430 0.903014 0.895927 0.891080 0.888413 0.887896 0.889520 0.893307 0.893947 0.876422 0.861606 0.849294 0.839323 0.831564 0.825918 0.822316 0.820713 0.821092 0.823455 0.827832 0.834276 0.842868 0.853717 0.866965 0.882790 3784.500000 1.091915 0.916256
0.917318 1.000000 0.913566 0.842754 0.783882 0.734352 0.692277 0.656258 0.625234 0.598387 0.575079 0.554805 0.537162 0.521825 0.508530 0.497064 0.487251 0.478950 0.472045 0.466444 0.458633 0.448666 0.440161 0.432996 0.427073 0.422313 0.418656 0.416055 0.414479 0.413908 0.414335 0.415766 0.418218 0.421721 0.426319 0.432071 0.439052 0.447358 0.457107 0.468443 0.481546 0.496634 0.513976 0.533906 0.556839 0.572288 0.567809 0.564750 0.563073 0.562758 0.563800 0.566213 0.570026 0.575286 0.582059 0.590432 0.600518 0.612456 0.626418 0.642615 0.661308 0.682814 0.707529 0.735940 0.768656 0.806450 0.850308 0.838075 0.788777 0.746656 0.710429 0.679116 0.651950 0.628330 0.607775 0.589898 0.574387 0.560987 0.549492 0.539733 0.531573 0.524901 0.519631 0.515696 0.513047 0.511651 0.511492 0.512567 0.514889 0.510319 0.496287 0.484140 0.473688 0.464774 0.457270 0.451074 0.446104 0.442296 0.439603 0.437991 0.437441 0.437946 0.439512 0.442159 0.445918 0.444418 0.443582 0.443816 0.445124 0.447520 0.451035 0.455712 0.461610 0.468808 0.477402 0.487513 0.499290 0.512918 0.528619 0.546670 0.567413 0.591272 0.618783 0.650622 0.687662 0.731042 0.782274 0.843414 16257.500000 1.617477 0.696679
0.446104 0.442296 0.439603 0.437991 0.437441 0.437946 0.439512 0.442159 0.445918 0.444418 0.443582 0.443816 0.445124 0.447520 0.451035 0.455712 0.461610 0.468808 0.477402 0.487513 0.499290 0.512918 0.528619 0.546670 0.567413 0.591272 0.618783 0.650622 0.687662 0.731042 0.782274 0.843414 0.917318 1.000000 0.913566 0.842754 0.783882 0.734352 0.692277 0.656258 0.625234 0.598387 0.575079 0.554805 0.537162 0.521825 0.508530 0.497064 0.487251 0.478950 0.472045 0.466444 0.458633 0.448666 0.440161 0.432996 0.427073 0.422313 0.418656 0.416055 0.414479 0.413908 0.414335 0.415766 0.418218 0.421721 0.426319 0.432071 0.439052 0.447358 0.457107 0.468443 0.481546 0.496634 0.513976 0.533906 0.556839 0.572288 0.567809 0.564750 0.563073 0.562758 0.563800 0.566213 0.570026 0.575286 0.582059 0.590432 0.600518 0.612456 0.626418 0.642615 0.661308 0.682814 0.707529 0.735940 0.768656 0.806450 0.850308 0.838075 0.788777 0.746656 0.710429 0.679116 0.651950 0.628330 0.607775 0.589898 0.574387 0.560987 0.549492 0.539733 0.531573 0.524901 0.519631 0.515696 0.513047 0.511651 0.511492 0.512567 0.514889 0.510319 0.496287 0.484140 0.473688 0.464774 0.457270 0.451074 16257.500000 1.617477 0.696679
0.768656 0.806450 0.850308 0.838075 0.788777 0.746656 0.710429 0.679116 0.651950 0.628330 0.607775 0.589898 0.574387 0.560987 0.549492 0.539733 0.531573 0.524901 0.519631 0.515696 0.513047 0.511651 0.511492 0.512567 0.514889 0.510319 0.496287 0.484140 0.473688 0.464774 0.457270 0.451074 0.446104 0.442296 0.439603 0.437991 0.437441 0.437946 0.439512 0.442159 0.445918 0.444418 0.443582 0.443816 0.445124 0.447520 0.451035 0.455712 0.461610 0.468808 0.477402 0.487513 0.499290 0.512918 0.528619 0.546670 0.567413 0.591272 0.618783 0.650622 0.687662 0.731042 0.782274 0.843414 0.917318 1.000000 0.913566 0.842754 0.783882 0.734352 0.692277 0.656258 0.625234 0.598387 0.575079 0.554805 0.537162 0.521825 0.508530 0.497064 0.487251 0.478950 0.472045 0.466444 0.458633 0.448666 0.440161 0.432996 0.427073 0.422313 0.418656 0.416055 0.414479 0.413908 0.414335 0.415766 0.418218 0.421721 0.426319 0.432071 0.439052 0.447358 0.457107 0.468443 0.481546 0.496634 0.513976 0.533906 0.556839 0.572288 0.567809 0.564750 0.563073 0.562758 0.563800 0.566213 0.570026 0.575286 0.582059 0.590432 0.600518 0.612456 0.626418 0.642615 0.661308 0.682814 0.707529 0.735940 16257.500000 1.617477 0.696679
0.418218 0.421721 0.426319 0.432071 0.439052 0.447358 0.457107 0.468443 0.481546 0.496634 0.513976 0.533906 0.556839 0.572288 0.567809 0.564750 0.563073 0.562758 0.563800 0.566213 0.570026 0.575286 0.582059 0.590432 0.600518 0.612456 0.626418 0.642615 0.661308 0.682814 0.707529 0.735940 0.768656 0.806450 0.850308 0.838075 0.788777 0.746656 0.710429 0.679116 0.651950 0.628330 0.607775 0.589898 0.574387 0.560987 0.549492 0.539733 0.531573 0.524901 0.519631 0.515696 0.513047 0.511651 0.511492 0.512567 0.514889 0.510319 0.496287 0.484140 0.473688 0.464774 0.457270 0.451074 0.446104 0.442296 0.439603 0.437991 0.437441 0.437946 0.439512 0.442159 0.445918 0.444418 0.443582 0.443816 0.445124 0.447520 0.451035 0.455712 0.461610 0.468808 0.477402 0.487513 0.499290 0.512918 0.528619 0.546670 0.567413 0.591272 0.618783 0.650622 0.687662 0.731042 0.782274 0.843414 0.917318 1.000000 0.913566 0.842754 0.783882 0.734352 0.692277 0.656258 0.625234 0.598387 0.575079 0.554805 0.537162 0.521825 0.508530 0.497064 0.487251 0.478950 0.472045 0.466444 0.458633 0.448666 0.440161 0.432996 0.427073 0.422313 0.418656 0.416055 0.414479 0.413908 0.414335 0.415766 16257.500000 1.617477 0.696679
0.672019 0.710037 0.754541 0.807071 0.869715 0.945371 0.999523 0.944048 0.896453 0.855388 0.819809 0.788897 0.762000 0.738597 0.718268 0.700670 0.685527 0.672610 0.661735 0.652754 0.645548 0.640025 0.636114 0.633769 0.632960 0.633678 0.635931 0.639747 0.645173 0.652276 0.661148 0.671906 0.684696 0.699701 0.717145 0.737302 0.720645 0.695393 0.673418 0.654318 0.637765 0.623493 0.611288 0.600970 0.592399 0.585459 0.580061 0.576138 0.573639 0.572536 0.572814 0.574477 0.577545 0.582055 0.588065 0.595650 0.604909 0.615969 0.628983 0.644145 0.661689 0.681905 0.705147 0.712294 0.698030 0.685946 0.675875 0.667680 0.661255 0.656519 0.653413 0.651900 0.651961 0.653597 0.656827 0.661691 0.668249 0.676586 0.686808 0.699054 0.713494 0.730341 0.749852 0.772346 0.798214 0.827938 0.862119 0.901509 0.947062 1.000000 0.920005 0.848810 0.789607 0.739791 0.697468 0.661232 0.630018 0.603006 0.579553 0.559153 0.541400 0.525968 0.512592 0.501057 0.491187 0.482838 0.475896 0.470268 0.465881 0.462679 0.460622 0.459687 0.459861 0.461146 0.463559 0.467128 0.471898 0.477930 0.485302 0.494114 0.504491 0.516583 0.530579 0.546708 0.565253 0.586563 0.611073 0.639328 7490.000000 1.376412 0.714618
0.630018 0.603006 0.579553 0.559153 0.541400 0.525968 0.512592 0.501057 0.491187 0.482838 0.475896 0.470268 0.465881 0.462679 0.460622 0.459687 0.459861 0.461146 0.463559 0.467128 0.471898 0.477930 0.485302 0.494114 0.504491 0.516583 0.530579 0.546708 0.565253 0.586563 0.611073 0.639328 0.672019 0.710037 0.754541 0.807071 0.869715 0.945371 0.999523 0.944048 0.896453 0.855388 0.819809 0.788897 0.762000 0.738597 0.718268 0.700670 0.685527 0.672610 0.661735 0.652754 0.645548 0.640025 0.636114 0.633769 0.632960 0.633678 0.635931 0.639747 0.645173 0.652276 0.661148 0.671906 0.684696 0.699701 0.717145 0.737302 0.720645 0.695393 0.673418 0.654318 0.637765 0.623493 0.611288 0.600970 0.592399 0.585459 0.580061 0.576138 0.573639 0.572536 0.572814 0.574477 0.577545 0.582055 0.588065 0.595650 0.604909 0.615969 0.628983 0.644145 0.661689 0.681905 0.705147 0.712294 0.698030 0.685946 0.675875 0.667680 0.661255 0.656519 0.653413 0.651900 0.651961 0.653597 0.656827 0.661691 0.668249 0.676586 0.686808 0.699054 0.713494 0.730341 0.749852 0.772346 0.798214 0.827938 0.862119 0.901509 0.947062 1.000000 0.920005 0.848810 0.789607 0.739791 0.697468 0.661232 7490.000000 1.376412 0.714618
0.698030 0.685946 0.675875 0.667680 0.661255 0.656519 0.653413 0.651900 0.651961 0.653597 0.656827 0.661691 0.668249 0.676586 0.686808 0.699054 0.713494 0.730341 0.749852 0.772346 0.798214 0.827938 0.862119 0.901509 0.947062 1.000000 0.920005 0.848810 0.789607 0.739791 0.697468 0.661232 0.630018 0.603006 0.579553 0.559153 0.541400 0.525968 0.512592 0.501057 0.491187 0.482838 0.475896 0.470268 0.465881 0.462679 0.460622 0.459687 0.459861 0.461146 0.463559 0.467128 0.471898 0.477930 0.485302 0.494114 0.504491 0.516583 0.530579 0.546708 0.565253 0.586563 0.611073 0.639328 0.672019 0.710037 0.754541 0.807071 0.869715 0.945371 0.999523 0.944048 0.896453 0.855388 0.819809 0.788897 0.762000 0.738597 0.718268 0.700670 0.685527 0.672610 0.661735 0.652754 0.645548 0.640025 0.636114 0.633769 0.632960 0.633678 0.635931 0.639747 0.645173 0.652276 0.661148 0.671906 0.684696 0.699701 0.717145 0.737302 0.720645 0.695393 0.673418 0.654318 0.637765 0.623493 0.611288 0.600970 0.592399 0.585459 0.580061 0.576138 0.573639 0.572536 0.572814 0.574477 0.577545 0.582055 0.588065 0.595650 0.604909 0.615969 0.628983 0.644145 0.661689 0.681905 0.705147 0.712294 7490.000000 1.376412 0.714618
0.684696 0.699701 0.717145 0.737302 0.720645 0.695393 0.673418 0.654318 0.637765 0.623493 0.611288 0.600970 0.592399 0.585459 0.580061 0.576138 0.573639 0.572536 0.572814 0.574477 0.577545 0.582055 0.588065 0.595650 0.604909 0.615969 0.628983 0.644145 0.661689 0.681905 0.705147 0.712294 0.698030 0.685946 0.675875 0.667680 0.661255 0.656519 0.653413 0.651900 0.651961 0.653597 0.656827 0.661691 0.668249 0.676586 0.686808 0.699054 0.713494 0.730341 0.749852 0.772346 0.798214 0.827938 0.862119 0.901509 0.947062 1.000000 0.920005 0.848810 0.789607 0.739791 0.697468 0.661232 0.630018 0.603006 0.579553 0.559153 0.541400 0.525968 0.512592 0.501057 0.491187 0.482838 0.475896 0.470268 0.465881 0.462679 0.460622 0.459687 0.459861 0.461146 0.463559 0.467128 0.471898 0.477930 0.485302 0.494114 0.504491 0.516583 0.530579 0.546708 0.565253 0.586563 0.611073 0.639328 0.672019 0.710037 0.754541 0.807071 0.869715 0.945371 0.999523 0.944048 0.896453 0.855388 0.819809 0.788897 0.762000 0.738597 0.718268 0.700670 0.685527 0.672610 0.661735 0.652754 0.645548 0.640025 0.636114 0.633769 0.632960 0.633678 0.635931 0.639747 0.645173 0.652276 0.661148 0.671906 7490.000000 1.376412 0.714618
0.802664 0.784365 0.768693 0.755418 0.744358 0.735362 0.728315 0.723128 0.719735 0.718096 0.718190 0.720020 0.723606 0.728994 0.736249 0.745464 0.756759 0.770285 0.786233 0.804834 0.826376 0.851211 0.879769 0.912585 0.924438 0.888603 0.857432 0.830306 0.806728 0.786293 0.768675 0.753604 0.740864 0.730277 0.721702 0.715029 0.710174 0.707076 0.705698 0.706022 0.708054 0.711816 0.717357 0.724744 0.734072 0.745462 0.759069 0.775084 0.793742 0.815333 0.797641 0.776652 0.758520 0.742964 0.729756 0.718711 0.709679 0.702543 0.697211 0.693619 0.691721 0.691495 0.692938 0.696067 0.700921 0.707560 0.716067 0.726553 0.739158 0.754056 0.771464 0.791648 0.814931 0.841715 0.872493 0.907877 0.948634 0.995734 1.000000 0.947671 0.902613 0.863631 0.829793 0.800362 0.774750 0.752483 0.733177 0.716520 0.702257 0.690181 0.680124 0.671952 0.665558 0.660862 0.657805 0.656350 0.656479 0.658195 0.661517 0.666487 0.673166 0.681639 0.692017 0.704438 0.719078 0.736150 0.755918 0.778705 0.804907 0.835016 0.869642 0.864424 0.843098 0.824737 0.809066 0.795862 0.784942 0.776162 0.769409 0.764600 0.761673 0.760594 0.761350 0.763949 0.768424 0.774829 0.783245 0.793779 1194.500000 1.079746 0.832214
0.656479 0.658195 0.661517 0.666487 0.673166 0.681639 0.692017 0.704438 0.719078 0.736150 0.755918 0.778705 0.804907 0.835016 0.869642 0.864424 0.843098 0.824737 0.809066 0.795862 0.784942 0.776162 0.769409 0.764600 0.761673 0.760594 0.761350 0.763949 0.768424 0.774829 0.783245 0.793779 0.802664 0.784365 0.768693 0.755418 0.744358 0.735362 0.728315 0.723128 0.719735 0.718096 0.718190 0.720020 0.723606 0.728994 0.736249 0.745464 0.756759 0.770285 0.786233 0.804834 0.826376 0.851211 0.879769 0.912585 0.924438 0.888603 0.857432 0.830306 0.806728 0.786293 0.768675 0.753604 0.740864 0.730277 0.721702 0.715029 0.710174 0.707076 0.705698 0.706022 0.708054 0.711816 0.717357 0.724744 0.734072 0.745462 0.759069 0.775084 0.793742 0.815333 0.797641 0.776652 0.758520 0.742964 0.729756 0.718711 0.709679 0.702543 0.697211 0.693619 0.691721 0.691495 0.692938 0.696067 0.700921 0.707560 0.716067 0.726553 0.739158 0.754056 0.771464 0.791648 0.814931 0.841715 0.872493 0.907877 0.948634 0.995734 1.000000 0.947671 0.902613 0.863631 0.829793 0.800362 0.774750 0.752483 0.733177 0.716520 0.702257 0.690181 0.680124 0.671952 0.665558 0.660862 0.657805 0.656350 1194.500000 1.079746 0.832214
0.700921 0.707560 0.716067 0.726553 0.739158 0.754056 0.771464 0.791648 0.814931 0.841715 0.872493 0.907877 0.948634 0.995734 1.000000 0.947671 0.902613 0.863631 0.829793 0.800362 0.774750 0.752483 0.733177 0.716520 0.702257 0.690181 0.680124 0.671952 0.665558 0.660862 0.657805 0.656350 0.656479 0.658195 0.661517 0.666487 0.673166 0.681639 0.692017 0.704438 0.719078 0.736150 0.755918 0.778705 0.804907 0.835016 0.869642 0.864424 0.843098 0.824737 0.809066 0.795862 0.784942 0.776162 0.769409 0.764600 0.761673 0.760594 0.761350 0.763949 0.768424 0.774829 0.783245 0.793779 0.802664 0.784365 0.768693 0.755418 0.744358 0.735362 0.728315 0.723128 0.719735 0.718096 0.718190 0.720020 0.723606 0.728994 0.736249 0.745464 0.756759 0.770285 0.786233 0.804834 0.826376 0.851211 0.879769 0.912585 0.924438 0.888603 0.857432 0.830306 0.806728 0.786293 0.768675 0.753604 0.740864 0.730277 0.721702 0.715029 0.710174 0.707076 0.705698 0.706022 0.708054 0.711816 0.717357 0.724744 0.734072 0.745462 0.759069 0.775084 0.793742 0.815333 0.797641 0.776652 0.758520 0.742964 0.729756 0.718711 0.709679 0.702543 0.697211 0.693619 0.691721 0.691495 0.692938 0.696067 1194.500000 1.079746 0.832214
0.740864 0.730277 0.721702 0.715029 0.710174 0.707076 0.705698 0.706022 0.708054 0.711816 0.717357 0.724744 0.734072 0.745462 0.759069 0.775084 0.793742 0.815333 0.797641 0.776652 0.758520 0.742964 0.729756 0.718711 0.709679 0.702543 0.697211 0.693619 0.691721 0.691495 0.692938 0.696067 0.700921 0.707560 0.716067 0.726553 0.739158 0.754056 0.771464 0.791648 0.814931 0.841715 0.872493 0.907877 0.948634 0.995734 1.000000 0.947671 0.902613 0.863631 0.829793 0.800362 0.774750 0.752483 0.733177 0.716520 0.702257 0.690181 0.680124 0.671952 0.665558 0.660862 0.657805 0.656350 0.656479 0.658195 0.661517 0.666487 0.673166 0.681639 0.692017 0.704438 0.719078 0.736150 0.755918 0.778705 0.804907 0.835016 0.869642 0.864424 0.843098 0.824737 0.809066 0.795862 0.784942 0.776162 0.769409 0.764600 0.761673 0.760594 0.761350 0.763949 0.768424 0.774829 0.783245 0.793779 0.802664 0.784365 0.768693 0.755418 0.744358 0.735362 0.728315 0.723128 0.719735 0.718096 0.718190 0.720020 0.723606 0.728994 0.736249 0.745464 0.756759 0.770285 0.786233 0.804834 0.826376 0.851211 0.879769 0.912585 0.924438 0.888603 0.857432 0.830306 0.806728 0.786293 0.768675 0.753604 1194.500000 1.079746 0.832214
0.777705 0.836895 0.789274 0.748486 0.713341 0.682920 0.656505 0.633526 0.613529 0.596149 0.581087 0.568102 0.556998 0.547614 0.539819 0.533510 0.528606 0.525044 0.522782 0.521790 0.522057 0.523587 0.526397 0.530523 0.536015 0.542944 0.551401 0.561499 0.573380 0.587221 0.603236 0.621688 0.642903 0.667281 0.695322 0.727652 0.765069 0.808596 0.823482 0.758625 0.704812 0.659612 0.621267 0.588474 0.560252 0.535845 0.514663 0.496243 0.480212 0.466273 0.454184 0.443748 0.434804 0.427223 0.420898 0.415745 0.411696 0.408700 0.406721 0.405733 0.405725 0.406697 0.408660 0.411639 0.415670 0.420805 0.427110 0.434670 0.443590 0.454001 0.466062 0.479970 0.495964 0.514343 0.535476 0.559826 0.587981 0.620691 0.658937 0.704013 0.757668 0.822321 0.901412 1.000000 0.973445 0.880589 0.805677 0.744164 0.692928 0.649758 0.613041 0.581578 0.554458 0.530976 0.510583 0.492842 0.477403 0.463986 0.452363 0.442348 0.433789 0.426562 0.420570 0.415731 0.411983 0.409279 0.407586 0.406884 0.407163 0.408426 0.410691 0.413983 0.418345 0.423831 0.430514 0.438484 0.447855 0.458764 0.471382 0.485917 0.502626 0.521828 0.543917 0.569391 0.598883 0.633205 0.673421 0.720946 5052.000000 1.366065 0.583651
0.477403 0.463986 0.452363 0.442348 0.433789 0.426562 0.420570 0.415731 0.411983 0.409279 0.407586 0.406884 0.407163 0.408426 0.410691 0.413983 0.418345 0.423831 0.430514 0.438484 0.447855 0.458764 0.471382 0.485917 0.502626 0.521828 0.543917 0.569391 0.598883 0.633205 0.673421 0.720946 0.777705 0.836895 0.789274 0.748486 0.713341 0.682920 0.656505 0.633526 0.613529 0.596149 0.581087 0.568102 0.556998 0.547614 0.539819 0.533510 0.528606 0.525044 0.522782 0.521790 0.522057 0.523587 0.526397 0.530523 0.536015 0.542944 0.551401 0.561499 0.573380 0.587221 0.603236 0.621688 0.642903 0.667281 0.695322 0.727652 0.765069 0.808596 0.823482 0.758625 0.704812 0.659612 0.621267 0.588474 0.560252 0.535845 0.514663 0.496243 0.480212 0.466273 0.454184 0.443748 0.434804 0.427223 0.420898 0.415745 0.411696 0.408700 0.406721 0.405733 0.405725 0.406697 0.408660 0.411639 0.415670 0.420805 0.427110 0.434670 0.443590 0.454001 0.466062 0.479970 0.495964 0.514343 0.535476 0.559826 0.587981 0.620691 0.658937 0.704013 0.757668 0.822321 0.901412 1.000000 0.973445 0.880589 0.805677 0.744164 0.692928 0.649758 0.613041 0.581578 0.554458 0.530976 0.510583 0.492842 5052.000000 1.366065 0.583651
0.415670 0.420805 0.427110 0.434670 0.443590 0.454001 0.466062 0.479970 0.495964 0.514343 0.535476 0.559826 0.587981 0.620691 0.658937 0.704013 0.757668 0.822321 0.901412 1.000000 0.973445 0.880589 0.805677 0.744164 0.692928 0.649758 0.613041 0.581578 0.554458 0.530976 0.510583 0.492842 0.477403 0.463986 0.452363 0.442348 0.433789 0.426562 0.420570 0.415731 0.411983 0.409279 0.407586 0.406884 0.407163 0.408426 0.410691 0.413983 0.418345 0.423831 0.430514 0.438484 0.447855 0.458764 0.471382 0.485917 0.502626 0.521828 0.543917 0.569391 0.598883 0.633205 0.673421 0.720946 0.777705 0.836895 0.789274 0.748486 0.713341 0.682920 0.656505 0.633526 0.613529 0.596149 0.581087 0.568102 0.556998 0.547614 0.539819 0.533510 0.528606 0.525044 0.522782 0.521790 0.522057 0.523587 0.526397 0.530523 0.536015 0.542944 0.551401 0.561499 0.573380 0.587221 0.603236 0.621688 0.642903 0.667281 0.695322 0.727652 0.765069 0.808596 0.823482 0.758625 0.704812 0.659612 0.621267 0.588474 0.560252 0.535845 0.514663 0.496243 0.480212 0.466273 0.454184 0.443748 0.434804 0.427223 0.420898 0.415745 0.411696 0.408700 0.406721 0.405733 0.405725 0.406697 0.408660 0.411639 5052.000000 1.366065 0.583651
0.642903 0.667281 0.695322 0.727652 0.765069 0.808596 0.823482 0.758625 0.704812 0.659612 0.621267 0.588474 0.560252 0.535845 0.514663 0.496243 0.480212 0.466273 0.454184 0.443748 0.434804 0.427223 0.420898 0.415745 0.411696 0.408700 0.406721 0.405733 0.405725 0.406697 0.408660 0.411639 0.415670 0.420805 0.427110 0.434670 0.443590 0.454001 0.466062 0.479970 0.495964 0.514343 0.535476 0.559826 0.587981 0.620691 0.658937 0.704013 0.757668 0.822321 0.901412 1.000000 0.973445 0.880589 0.805677 0.744164 0.692928 0.649758 0.613041 0.581578 0.554458 0.530976 0.510583 0.492842 0.477403 0.463986 0.452363 0.442348 0.433789 0.426562 0.420570 0.415731 0.411983 0.409279 0.407586 0.406884 0.407163 0.408426 0.410691 0.413983 0.418345 0.423831 0.430514 0.438484 0.447855 0.458764 0.471382 0.485917 0.502626 0.521828 0.543917 0.569391 0.598883 0.633205 0.673421 0.720946 0.777705 0.836895 0.789274 0.748486 0.713341 0.682920 0.656505 0.633526 0.613529 0.596149 0.581087 0.568102 0.556998 0.547614 0.539819 0.533510 0.528606 0.525044 0.522782 0.521790 0.522057 0.523587 0.526397 0.530523 0.536015 0.542944 0.551401 0.561499 0.573380 0.587221 0.603236 0.621688 5052.000000 1.366065 0.583651
0.549497 0.556331 0.564715 0.574761 0.566197 0.559003 0.553305 0.549031 0.546129 0.544562 0.544312 0.545375 0.547764 0.551509 0.556656 0.563270 0.571436 0.581263 0.592887 0.606476 0.622237 0.640424 0.661346 0.685389 0.686645 0.670554 0.656745 0.645016 0.635202 0.627170 0.620816 0.616059 0.612839 0.611117 0.610873 0.612102 0.614821 0.619062 0.624878 0.632342 0.641550 0.652627 0.665724 0.681032 0.698784 0.719265 0.742826 0.769901 0.801027 0.836877 0.878302 0.909614 0.842988 0.787224 0.740051 0.699803 0.665227 0.635366 0.609475 0.586970 0.567387 0.550351 0.535561 0.522771 0.511782 0.502431 0.494586 0.488140 0.483009 0.479126 0.476444 0.474930 0.474565 0.475344 0.477278 0.480390 0.484718 0.490317 0.497258 0.494424 0.492330 0.491434 0.491723 0.493201 0.495887 0.499813 0.505027 0.511597 0.519609 0.529170 0.540417 0.553514 0.568666 0.586122 0.606191 0.629252 0.655780 0.686369 0.721776 0.762972 0.811228 0.868233 0.936281 1.000000 0.929300 0.869895 0.819483 0.776363 0.739245 0.707140 0.679276 0.655043 0.633955 0.615618 0.599717 0.585992 0.574234 0.564271 0.555965 0.549203 0.543899 0.539984 0.537411 0.536148 0.536179 0.537505 0.540143 0.544123 4382.000000 1.379928 0.726283
0.655780 0.686369 0.721776 0.762972 0.811228 0.868233 0.936281 1.000000 0.929300 0.869895 0.819483 0.776363 0.739245 0.707140 0.679276 0.655043 0.633955 0.615618 0.599717 0.585992 0.574234 0.564271 0.555965 0.549203 0.543899 0.539984 0.537411 0.536148 0.536179 0.537505 0.540143 0.544123 0.549497 0.556331 0.564715 0.574761 0.566197 0.559003 0.553305 0.549031 0.546129 0.544562 0.544312 0.545375 0.547764 0.551509 0.556656 0.563270 0.571436 0.581263 0.592887 0.606476 0.622237 0.640424 0.661346 0.685389 0.686645 0.670554 0.656745 0.645016 0.635202 0.627170 0.620816 0.616059 0.612839 0.611117 0.610873 0.612102 0.614821 0.619062 0.624878 0.632342 0.641550 0.652627 0.665724 0.681032 0.698784 0.719265 0.742826 0.769901 0.801027 0.836877 0.878302 0.909614 0.842988 0.787224 0.740051 0.699803 0.665227 0.635366 0.609475 0.586970 0.567387 0.550351 0.535561 0.522771 0.511782 0.502431 0.494586 0.488140 0.483009 0.479126 0.476444 0.474930 0.474565 0.475344 0.477278 0.480390 0.484718 0.490317 0.497258 0.494424 0.492330 0.491434 0.491723 0.493201 0.495887 0.499813 0.505027 0.511597 0.519609 0.529170 0.540417 0.553514 0.568666 0.586122 0.606191 0.629252 4382.000000 1.379928 0.726283
0.511782 0.502431 0.494586 0.488140 0.483009 0.479126 0.476444 0.474930 0.474565 0.475344 0.477278 0.480390 0.484718 0.490317 0.497258 0.494424 0.492330 0.491434 0.491723 0.493201 0.495887 0.499813 0.505027 0.511597 0.519609 0.529170 0.540417 0.553514 0.568666 0.586122 0.606191 0.629252 0.655780 0.686369 0.721776 0.762972 0.811228 0.868233 0.936281 1.000000 0.929300 0.869895 0.819483 0.776363 0.739245 0.707140 0.679276 0.655043 0.633955 0.615618 0.599717 0.585992 0.574234 0.564271 0.555965 0.549203 0.543899 0.539984 0.537411 0.536148 0.536179 0.537505 0.540143 0.544123 0.549497 0.556331 0.564715 0.574761 0.566197 0.559003 0.553305 0.549031 0.546129 0.544562 0.544312 0.545375 0.547764 0.551509 0.556656 0.563270 0.571436 0.581263 0.592887 0.606476 0.622237 0.640424 0.661346 0.685389 0.686645 0.670554 0.656745 0.645016 0.635202 0.627170 0.620816 0.616059 0.612839 0.611117 0.610873 0.612102 0.614821 0.619062 0.624878 0.632342 0.641550 0.652627 0.665724 0.681032 0.698784 0.719265 0.742826 0.769901 0.801027 0.836877 0.878302 0.909614 0.842988 0.787224 0.740051 0.699803 0.665227 0.635366 0.609475 0.586970 0.567387 0.550351 0.535561 0.522771 4382.000000 1.379928 0.726283
0.612839 0.611117 0.610873 0.612102 0.614821 0.619062 0.624878 0.632342 0.641550 0.652627 0.665724 0.681032 0.698784 0.719265 0.742826 0.769901 0.801027 0.836877 0.878302 0.909614 0.842988 0.787224 0.740051 0.699803 0.665227 0.635366 0.609475 0.586970 0.567387 0.550351 0.535561 0.522771 0.511782 0.502431 0.494586 0.488140 0.483009 0.479126 0.476444 0.474930 0.474565 0.475344 0.477278 0.480390 0.484718 0.490317 0.497258 0.494424 0.492330 0.491434 0.491723 0.493201 0.495887 0.499813 0.505027 0.511597 0.519609 0.529170 0.540417 0.553514 0.568666 0.586122 0.606191 0.629252 0.655780 0.686369 0.721776 0.762972 0.811228 0.868233 0.936281 1.000000 0.929300 0.869895 0.819483 0.776363 0.739245 0.707140 0.679276 0.655043 0.633955 0.615618 0.599717 0.585992 0.574234 0.564271 0.555965 0.549203 0.543899 0.539984 0.537411 0.536148 0.536179 0.537505 0.540143 0.544123 0.549497 0.556331 0.564715 0.574761 0.566197 0.559003 0.553305 0.549031 0.546129 0.544562 0.544312 0.545375 0.547764 0.551509 0.556656 0.563270 0.571436 0.581263 0.592887 0.606476 0.622237 0.640424 0.661346 0.685389 0.686645 0.670554 0.656745 0.645016 0.635202 0.627170 0.620816 0.616059 4382.000000 1.379928 0.726283
0.770723 0.764696 0.760580 0.758325 0.757904 0.759312 0.762566 0.767705 0.774793 0.783919 0.795202 0.808790 0.824873 0.843683 0.865504 0.890686 0.919659 0.952954 0.991228 0.967642 0.932040 0.901059 0.874109 0.850714 0.830488 0.813114 0.798336 0.785946 0.775774 0.767689 0.761585 0.757389 0.755047 0.754532 0.755837 0.758979 0.763994 0.770947 0.757883 0.736018 0.717058 0.700696 0.686681 0.674809 0.664916 0.656869 0.650562 0.645916 0.642874 0.641399 0.641472 0.643095 0.646287 0.651087 0.657554 0.665772 0.673332 0.679388 0.687225 0.696943 0.708672 0.722573 0.738846 0.757736 0.779544 0.804641 0.833483 0.866634 0.904802 0.948878 1.000000 0.981688 0.949610 0.921713 0.897509 0.876601 0.858666 0.843442 0.830715 0.820312 0.812100 0.805972 0.801854 0.799694 0.799467 0.801169 0.804822 0.810470 0.818182 0.828056 0.840221 0.825923 0.801826 0.780924 0.762875 0.747401 0.734276 0.723317 0.714376 0.707336 0.702109 0.698629 0.696854 0.696762 0.698353 0.701645 0.706678 0.713516 0.722244 0.732976 0.745856 0.761063 0.763857 0.753512 0.745214 0.738858 0.734364 0.731676 0.730762 0.731610 0.734232 0.738658 0.744943 0.753166 0.763432 0.775877 0.788840 0.778737 1880.000000 1.152586 0.870514
0.734276 0.723317 0.714376 0.707336 0.702109 0.698629 0.696854 0.696762 0.698353 0.701645 0.706678 0.713516 0.722244 0.732976 0.745856 0.761063 0.763857 0.753512 0.745214 0.738858 0.734364 0.731676 0.730762 0.731610 0.734232 0.738658 0.744943 0.753166 0.763432 0.775877 0.788840 0.778737 0.770723 0.764696 0.760580 0.758325 0.757904 0.759312 0.762566 0.767705 0.774793 0.783919 0.795202 0.808790 0.824873 0.843683 0.865504 0.890686 0.919659 0.952954 0.991228 0.967642 0.932040 0.901059 0.874109 0.850714 0.830488 0.813114 0.798336 0.785946 0.775774 0.767689 0.761585 0.757389 0.755047 0.754532 0.755837 0.758979 0.763994 0.770947 0.757883 0.736018 0.717058 0.700696 0.686681 0.674809 0.664916 0.656869 0.650562 0.645916 0.642874 0.641399 0.641472 0.643095 0.646287 0.651087 0.657554 0.665772 0.673332 0.679388 0.687225 0.696943 0.708672 0.722573 0.738846 0.757736 0.779544 0.804641 0.833483 0.866634 0.904802 0.948878 1.000000 0.981688 0.949610 0.921713 0.897509 0.876601 0.858666 0.843442 0.830715 0.820312 0.812100 0.805972 0.801854 0.799694 0.799467 0.801169 0.804822 0.810470 0.818182 0.828056 0.840221 0.825923 0.801826 0.780924 0.762875 0.747401 1880.000000 1.152586 0.870514
0.779544 0.804641 0.833483 0.866634 0.904802 0.948878 1.000000 0.981688 0.949610 0.921713 0.897509 0.876601 0.858666 0.843442 0.830715 0.820312 0.812100 0.805972 0.801854 0.799694 0.799467 0.801169 0.804822 0.810470 0.818182 0.828056 0.840221 0.825923 0.801826 0.780924 0.762875 0.747401 0.734276 0.723317 0.714376 0.707336 0.702109 0.698629 0.696854 0.696762 0.698353 0.701645 0.706678 0.713516 0.722244 0.732976 0.745856 0.761063 0.763857 0.753512 0.745214 0.738858 0.734364 0.731676 0.730762 0.731610 0.734232 0.738658 0.744943 0.753166 0.763432 0.775877 0.788840 0.778737 0.770723 0.764696 0.760580 0.758325 0.757904 0.759312 0.762566 0.767705 0.774793 0.783919 0.795202 0.808790 0.824873 0.843683 0.865504 0.890686 0.919659 0.952954 0.991228 0.967642 0.932040 0.901059 0.874109 0.850714 0.830488 0.813114 0.798336 0.785946 0.775774 0.767689 0.761585 0.757389 0.755047 0.754532 0.755837 0.758979 0.763994 0.770947 0.757883 0.736018 0.717058 0.700696 0.686681 0.674809 0.664916 0.656869 0.650562 0.645916 0.642874 0.641399 0.641472 0.643095 0.646287 0.651087 0.657554 0.665772 0.673332 0.679388 0.687225 0.696943 0.708672 0.722573 0.738846 0.757736 1880.000000 1.152586 0.870514
0.755047 0.754532 0.755837 0.758979 0.763994 0.770947 0.757883 0.736018 0.717058 0.700696 0.686681 0.674809 0.664916 0.656869 0.650562 0.645916 0.642874 0.641399 0.641472 0.643095 0.646287 0.651087 0.657554 0.665772 0.673332 0.679388 0.687225 0.696943 0.708672 0.722573 0.738846 0.757736 0.779544 0.804641 0.833483 0.866634 0.904802 0.948878 1.000000 0.981688 0.949610 0.921713 0.897509 0.876601 0.858666 0.843442 0.830715 0.820312 0.812100 0.805972 0.801854 0.799694 0.799467 0.801169 0.804822 0.810470 0.818182 0.828056 0.840221 0.825923 0.801826 0.780924 0.762875 0.747401 0.734276 0.723317 0.714376 0.707336 0.702109 0.698629 0.696854 0.696762 0.698353 0.701645 0.706678 0.713516 0.722244 0.732976 0.745856 0.761063 0.763857 0.753512 0.745214 0.738858 0.734364 0.731676 0.730762 0.731610 0.734232 0.738658 0.744943 0.753166 0.763432 0.775877 0.788840 0.778737 0.770723 0.764696 0.760580 0.758325 0.757904 0.759312 0.762566 0.767705 0.774793 0.783919 0.795202 0.808790 0.824873 0.843683 0.865504 0.890686 0.919659 0.952954 0.991228 0.967642 0.932040 0.901059 0.874109 0.850714 0.830488 0.813114 0.798336 0.785946 0.775774 0.767689 0.761585 0.757389 1880.000000 1.152586 0.870514
0.756666 0.731407 0.709432 0.690355 0.673857 0.659682 0.647619 0.637497 0.629179 0.622556 0.617544 0.614078 0.612118 0.611639 0.612636 0.615120 0.619122 0.624692 0.631898 0.640834 0.651620 0.664402 0.679366 0.696736 0.716789 0.739867 0.766388 0.796872 0.785046 0.775323 0.767665 0.761974 0.758180 0.756237 0.756120 0.757829 0.761384 0.766828 0.774230 0.783682 0.795308 0.809262 0.825740 0.844981 0.822404 0.784916 0.752430 0.724202 0.699640 0.678269 0.659708 0.643645 0.629826 0.618046 0.608137 0.599963 0.593417 0.588414 0.584892 0.582808 0.582136 0.582868 0.585013 0.588597 0.593664 0.600278 0.608523 0.618509 0.630372 0.639822 0.645594 0.653059 0.662314 0.673479 0.686711 0.702198 0.720176 0.740929 0.764812 0.792257 0.823804 0.860126 0.902072 0.950726 1.000000 0.937123 0.883689 0.837929 0.798504 0.764380 0.734752 0.708978 0.686550 0.667055 0.650159 0.635592 0.623131 0.612597 0.603843 0.596754 0.591237 0.587223 0.584662 0.583523 0.583792 0.584187 0.585522 0.588283 0.592505 0.598240 0.605559 0.614559 0.625359 0.638111 0.652999 0.670253 0.690150 0.713035 0.739332 0.769568 0.804403 0.844673 0.891447 0.946119 0.902209 0.857608 0.819090 0.785694 10258.500000 1.089577 0.768183
0.623131 0.612597 0.603843 0.596754 0.591237 0.587223 0.584662 0.583523 0.583792 0.584187 0.585522 0.588283 0.592505 0.598240 0.605559 0.614559 0.625359 0.638111 0.652999 0.670253 0.690150 0.713035 0.739332 0.769568 0.804403 0.844673 0.891447 0.946119 0.902209 0.857608 0.819090 0.785694 0.756666 0.731407 0.709432 0.690355 0.673857 0.659682 0.647619 0.637497 0.629179 0.622556 0.617544 0.614078 0.612118 0.611639 0.612636 0.615120 0.619122 0.624692 0.631898 0.640834 0.651620 0.664402 0.679366 0.696736 0.716789 0.739867 0.766388 0.796872 0.785046 0.775323 0.767665 0.761974 0.758180 0.756237 0.756120 0.757829 0.761384 0.766828 0.774230 0.783682 0.795308 0.809262 0.825740 0.844981 0.822404 0.784916 0.752430 0.724202 0.699640 0.678269 0.659708 0.643645 0.629826 0.618046 0.608137 0.599963 0.593417 0.588414 0.584892 0.582808 0.582136 0.582868 0.585013 0.588597 0.593664 0.600278 0.608523 0.618509 0.630372 0.639822 0.645594 0.653059 0.662314 0.673479 0.686711 0.702198 0.720176 0.740929 0.764812 0.792257 0.823804 0.860126 0.902072 0.950726 1.000000 0.937123 0.883689 0.837929 0.798504 0.764380 0.734752 0.708978 0.686550 0.667055 0.650159 0.635592 10258.500000 1.089577 0.768183
0.593664 0.600278 0.608523 0.618509 0.630372 0.639822 0.645594 0.653059 0.662314 0.673479 0.686711 0.702198 0.720176 0.740929 0.764812 0.792257 0.823804 0.860126 0.902072 0.950726 1.000000 0.937123 0.883689 0.837929 0.798504 0.764380 0.734752 0.708978 0.686550 0.667055 0.650159 0.635592 0.623131 0.612597 0.603843 0.596754 0.591237 0.587223 0.584662 0.583523 0.583792 0.584187 0.585522 0.588283 0.592505 0.598240 0.605559 0.614559 0.625359 0.638111 0.652999 0.670253 0.690150 0.713035 0.739332 0.769568 0.804403 0.844673 0.891447 0.946119 0.902209 0.857608 0.819090 0.785694 0.756666 0.731407 0.709432 0.690355 0.673857 0.659682 0.647619 0.637497 0.629179 0.622556 0.617544 0.614078 0.612118 0.611639 0.612636 0.615120 0.619122 0.624692 0.631898 0.640834 0.651620 0.664402 0.679366 0.696736 0.716789 0.739867 0.766388 0.796872 0.785046 0.775323 0.767665 0.761974 0.758180 0.756237 0.756120 0.757829 0.761384 0.766828 0.774230 0.783682 0.795308 0.809262 0.825740 0.844981 0.822404 0.784916 0.752430 0.724202 0.699640 0.678269 0.659708 0.643645 0.629826 0.618046 0.608137 0.599963 0.593417 0.588414 0.584892 0.582808 0.582136 0.582868 0.585013 0.588597 10258.500000 1.089577 0.768183
0.758180 0.756237 0.756120 0.757829 0.761384 0.766828 0.774230 0.783682 0.795308 0.809262 0.825740 0.844981 0.822404 0.784916 0.752430 0.724202 0.699640 0.678269 0.659708 0.643645 0.629826 0.618046 0.608137 0.599963 0.593417 0.588414 0.584892 0.582808 0.582136 0.582868 0.585013 0.588597 0.593664 0.600278 0.608523 0.618509 0.630372 0.639822 0.645594 0.653059 0.662314 0.673479 0.686711 0.702198 0.720176 0.740929 0.764812 0.792257 0.823804 0.860126 0.902072 0.950726 1.000000 0.937123 0.883689 0.837929 0.798504 0.764380 0.734752 0.708978 0.686550 0.667055 0.650159 0.635592 0.623131 0.612597 0.603843 0.596754 0.591237 0.587223 0.584662 0.583523 0.583792 0.584187 0.585522 0.588283 0.592505 0.598240 0.605559 0.614559 0.625359 0.638111 0.652999 0.670253 0.690150 0.713035 0.739332 0.769568 0.804403 0.844673 0.891447 0.946119 0.902209 0.857608 0.819090 0.785694 0.756666 0.731407 0.709432 0.690355 0.673857 0.659682 0.647619 0.637497 0.629179 0.622556 0.617544 0.614078 0.612118 0.611639 0.612636 0.615120 0.619122 0.624692 0.631898 0.640834 0.651620 0.664402 0.679366 0.696736 0.716789 0.739867 0.766388 0.796872 0.785046 0.775323 0.767665 0.761974 10258.500000 1.089577 0.768183
0.780087 0.748579 0.721187 0.697350 0.676616 0.658621 0.643066 0.629712 0.618360 0.608851 0.601057 0.594874 0.590224 0.587050 0.585313 0.584991 0.586080 0.588594 0.592564 0.598037 0.605085 0.613796 0.624288 0.636706 0.651228 0.668075 0.687517 0.709886 0.735592 0.765141 0.799170 0.838481 0.884099 0.937354 1.000000 0.953321 0.892658 0.841159 0.797093 0.759152 0.726330 0.697839 0.673059 0.651495 0.632746 0.616490 0.602464 0.590452 0.580280 0.571808 0.564920 0.559528 0.555564 0.552979 0.551740 0.551834 0.553261 0.556038 0.560199 0.565797 0.572901 0.581606 0.592027 0.604310 0.618637 0.635226 0.631921 0.626037 0.621746 0.618994 0.617748 0.617993 0.619731 0.622985 0.627793 0.634216 0.642335 0.652256 0.664114 0.678074 0.694343 0.713171 0.734870 0.759817 0.788485 0.821457 0.859468 0.903449 0.954598 0.978607 0.915697 0.862338 0.816714 0.777455 0.743505 0.714045 0.688426 0.666131 0.646743 0.629927 0.615408 0.602964 0.592411 0.583603 0.576422 0.570773 0.566586 0.563809 0.562406 0.562362 0.563676 0.566364 0.570458 0.576009 0.583089 0.591788 0.602223 0.614539 0.628917 0.645576 0.664787 0.686882 0.712271 0.741464 0.775099 0.813984 0.858466 0.816417 5649.000000 1.261747 0.718874
0.688426 0.666131 0.646743 0.629927 0.615408 0.602964 0.592411 0.583603 0.576422 0.570773 0.566586 0.563809 0.562406 0.562362 0.563676 0.566364 0.570458 0.576009 0.583089 0.591788 0.602223 0.614539 0.628917 0.645576 0.664787 0.686882 0.712271 0.741464 0.775099 0.813984 0.858466 0.816417 0.780087 0.748579 0.721187 0.697350 0.676616 0.658621 0.643066 0.629712 0.618360 0.608851 0.601057 0.594874 0.590224 0.587050 0.585313 0.584991 0.586080 0.588594 0.592564 0.598037 0.605085 0.613796 0.624288 0.636706 0.651228 0.668075 0.687517 0.709886 0.735592 0.765141 0.799170 0.838481 0.884099 0.937354 1.000000 0.953321 0.892658 0.841159 0.797093 0.759152 0.726330 0.697839 0.673059 0.651495 0.632746 0.616490 0.602464 0.590452 0.580280 0.571808 0.564920 0.559528 0.555564 0.552979 0.551740 0.551834 0.553261 0.556038 0.560199 0.565797 0.572901 0.581606 0.592027 0.604310 0.618637 0.635226 0.631921 0.626037 0.621746 0.618994 0.617748 0.617993 0.619731 0.622985 0.627793 0.634216 0.642335 0.652256 0.664114 0.678074 0.694343 0.713171 0.734870 0.759817 0.788485 0.821457 0.859468 0.903449 0.954598 0.978607 0.915697 0.862338 0.816714 0.777455 0.743505 0.714045 5649.000000 1.261747 0.718874
0.618637 0.635226 0.631921 0.626037 0.621746 0.618994 0.617748 0.617993 0.619731 0.622985 0.627793 0.634216 0.642335 0.652256 0.664114 0.678074 0.694343 0.713171 0.734870 0.759817 0.788485 0.821457 0.859468 0.903449 0.954598 0.978607 0.915697 0.862338 0.816714 0.777455 0.743505 0.714045 0.688426 0.666131 0.646743 0.629927 0.615408 0.602964 0.592411 0.583603 0.576422 0.570773 0.566586 0.563809 0.562406 0.562362 0.563676 0.566364 0.570458 0.576009 0.583089 0.591788 0.602223 0.614539 0.628917 0.645576 0.664787 0.686882 0.712271 0.741464 0.775099 0.813984 0.858466 0.816417 0.780087 0.748579 0.721187 0.697350 0.676616 0.658621 0.643066 0.629712 0.618360 0.608851 0.601057 0.594874 0.590224 0.587050 0.585313 0.584991 0.586080 0.588594 0.592564 0.598037 0.605085 0.613796 0.624288 0.636706 0.651228 0.668075 0.687517 0.709886 0.735592 0.765141 0.799170 0.838481 0.884099 0.937354 1.000000 0.953321 0.892658 0.841159 0.797093 0.759152 0.726330 0.697839 0.673059 0.651495 0.632746 0.616490 0.602464 0.590452 0.580280 0.571808 0.564920 0.559528 0.555564 0.552979 0.551740 0.551834 0.553261 0.556038 0.560199 0.565797 0.572901 0.581606 0.592027 0.604310 5649.000000 1.261747 0.718874
0.884099 0.937354 1.000000 0.953321 0.892658 0.841159 0.797093 0.759152 0.726330 0.697839 0.673059 0.651495 0.632746 0.616490 0.602464 0.590452 0.580280 0.571808 0.564920 0.559528 0.555564 0.552979 0.551740 0.551834 0.553261 0.556038 0.560199 0.565797 0.572901 0.581606 0.592027 0.604310 0.618637 0.635226 0.631921 0.626037 0.621746 0.618994 0.617748 0.617993 0.619731 0.622985 0.627793 0.634216 0.642335 0.652256 0.664114 0.678074 0.694343 0.713171 0.734870 0.759817 0.788485 0.821457 0.859468 0.903449 0.954598 0.978607 0.915697 0.862338 0.816714 0.777455 0.743505 0.714045 0.688426 0.666131 0.646743 0.629927 0.615408 0.602964 0.592411 0.583603 0.576422 0.570773 0.566586 0.563809 0.562406 0.562362 0.563676 0.566364 0.570458 0.576009 0.583089 0.591788 0.602223 0.614539 0.628917 0.645576 0.664787 0.686882 0.712271 0.741464 0.775099 0.813984 0.858466 0.816417 0.780087 0.748579 0.721187 0.697350 0.676616 0.658621 0.643066 0.629712 0.618360 0.608851 0.601057 0.594874 0.590224 0.587050 0.585313 0.584991 0.586080 0.588594 0.592564 0.598037 0.605085 0.613796 0.624288 0.636706 0.651228 0.668075 0.687517 0.709886 0.735592 0.765141 0.799170 0.838481 5649.000000 1.261747 0.718874
0.654089 0.679488 0.708714 0.742437 0.781506 0.827019 0.854681 0.813509 0.777909 0.747019 0.720157 0.696780 0.676451 0.658817 0.643590 0.630536 0.619463 0.610218 0.602675 0.596736 0.592326 0.589390 0.587893 0.587815 0.589157 0.591934 0.596180 0.601949 0.609312 0.618366 0.629232 0.642061 0.657040 0.674398 0.694416 0.717441 0.743898 0.774317 0.809364 0.819521 0.792392 0.768794 0.748312 0.730608 0.715405 0.702480 0.691651 0.682770 0.675721 0.670415 0.666786 0.664789 0.664399 0.665613 0.668444 0.672927 0.679118 0.687095 0.696960 0.701922 0.674346 0.650363 0.629491 0.611345 0.595609 0.582031 0.570402 0.560552 0.552344 0.545669 0.540440 0.536590 0.534073 0.532857 0.532927 0.534284 0.536946 0.540943 0.546327 0.553165 0.561546 0.571583 0.583417 0.597220 0.613205 0.631633 0.652825 0.677175 0.705178 0.737449 0.774772 0.818150 0.868890 0.928726 1.000000 0.951720 0.887230 0.832804 0.786455 0.746697 0.712398 0.682685 0.656870 0.634409 0.614866 0.597888 0.583190 0.570538 0.559744 0.550652 0.543139 0.537104 0.532471 0.529180 0.527193 0.526484 0.527045 0.528882 0.532019 0.536493 0.542361 0.549697 0.558599 0.569188 0.581614 0.596063 0.612761 0.631989 16417.500000 1.185993 0.731731
0.887230 0.832804 0.786455 0.746697 0.712398 0.682685 0.656870 0.634409 0.614866 0.597888 0.583190 0.570538 0.559744 0.550652 0.543139 0.537104 0.532471 0.529180 0.527193 0.526484 0.527045 0.528882 0.532019 0.536493 0.542361 0.549697 0.558599 0.569188 0.581614 0.596063 0.612761 0.631989 0.654089 0.679488 0.708714 0.742437 0.781506 0.827019 0.854681 0.813509 0.777909 0.747019 0.720157 0.696780 0.676451 0.658817 0.643590 0.630536 0.619463 0.610218 0.602675 0.596736 0.592326 0.589390 0.587893 0.587815 0.589157 0.591934 0.596180 0.601949 0.609312 0.618366 0.629232 0.642061 0.657040 0.674398 0.694416 0.717441 0.743898 0.774317 0.809364 0.819521 0.792392 0.768794 0.748312 0.730608 0.715405 0.702480 0.691651 0.682770 0.675721 0.670415 0.666786 0.664789 0.664399 0.665613 0.668444 0.672927 0.679118 0.687095 0.696960 0.701922 0.674346 0.650363 0.629491 0.611345 0.595609 0.582031 0.570402 0.560552 0.552344 0.545669 0.540440 0.536590 0.534073 0.532857 0.532927 0.534284 0.536946 0.540943 0.546327 0.553165 0.561546 0.571583 0.583417 0.597220 0.613205 0.631633 0.652825 0.677175 0.705178 0.737449 0.774772 0.818150 0.868890 0.928726 1.000000 0.951720 16417.500000 1.185993 0.731731
0.595609 0.582031 0.570402 0.560552 0.552344 0.545669 0.540440 0.536590 0.534073 0.532857 0.532927 0.534284 0.536946 0.540943 0.546327 0.553165 0.561546 0.571583 0.583417 0.597220 0.613205 0.631633 0.652825 0.677175 0.705178 0.737449 0.774772 0.818150 0.868890 0.928726 1.000000 0.951720 0.887230 0.832804 0.786455 0.746697 0.712398 0.682685 0.656870 0.634409 0.614866 0.597888 0.583190 0.570538 0.559744 0.550652 0.543139 0.537104 0.532471 0.529180 0.527193 0.526484 0.527045 0.528882 0.532019 0.536493 0.542361 0.549697 0.558599 0.569188 0.581614 0.596063 0.612761 0.631989 0.654089 0.679488 0.708714 0.742437 0.781506 0.827019 0.854681 0.813509 0.777909 0.747019 0.720157 0.696780 0.676451 0.658817 0.643590 0.630536 0.619463 0.610218 0.602675 0.596736 0.592326 0.589390 0.587893 0.587815 0.589157 0.591934 0.596180 0.601949 0.609312 0.618366 0.629232 0.642061 0.657040 0.674398 0.694416 0.717441 0.743898 0.774317 0.809364 0.819521 0.792392 0.768794 0.748312 0.730608 0.715405 0.702480 0.691651 0.682770 0.675721 0.670415 0.666786 0.664789 0.664399 0.665613 0.668444 0.672927 0.679118 0.687095 0.696960 0.701922 0.674346 0.650363 0.629491 0.611345 16417.500000 1.185993 0.731731
0.657040 0.674398 0.694416 0.717441 0.743898 0.774317 0.809364 0.819521 0.792392 0.768794 0.748312 0.730608 0.715405 0.702480 0.691651 0.682770 0.675721 0.670415 0.666786 0.664789 0.664399 0.665613 0.668444 0.672927 0.679118 0.687095 0.696960 0.701922 0.674346 0.650363 0.629491 0.611345 0.595609 0.582031 0.570402 0.560552 0.552344 0.545669 0.540440 0.536590 0.534073 0.532857 0.532927 0.534284 0.536946 0.540943 0.546327 0.553165 0.561546 0.571583 0.583417 0.597220 0.613205 0.631633 0.652825 0.677175 0.705178 0.737449 0.774772 0.818150 0.868890 0.928726 1.000000 0.951720 0.887230 0.832804 0.786455 0.746697 0.712398 0.682685 0.656870 0.634409 0.614866 0.597888 0.583190 0.570538 0.559744 0.550652 0.543139 0.537104 0.532471 0.529180 0.527193 0.526484 0.527045 0.528882 0.532019 0.536493 0.542361 0.549697 0.558599 0.569188 0.581614 0.596063 0.612761 0.631989 0.654089 0.679488 0.708714 0.742437 0.781506 0.827019 0.854681 0.813509 0.777909 0.747019 0.720157 0.696780 0.676451 0.658817 0.643590 0.630536 0.619463 0.610218 0.602675 0.596736 0.592326 0.589390 0.587893 0.587815 0.589157 0.591934 0.596180 0.601949 0.609312 0.618366 0.629232 0.642061 16417.500000 1.185993 0.731731
0.733772 0.707418 0.684483 0.664539 0.647240 0.632303 0.619499 0.608640 0.599575 0.592181 0.586363 0.582047 0.579179 0.577725 0.577665 0.579000 0.581747 0.585937 0.591625 0.598880 0.607798 0.618498 0.631130 0.645876 0.662964 0.682670 0.705334 0.731377 0.761321 0.795821 0.835706 0.882036 0.936192 1.000000 0.960997 0.891078 0.832513 0.782941 0.740625 0.704258 0.672840 0.645595 0.621910 0.601299 0.583371 0.567809 0.554357 0.542804 0.532981 0.524749 0.517996 0.512635 0.508595 0.505828 0.504299 0.503990 0.504897 0.507031 0.510418 0.515100 0.521135 0.528602 0.537600 0.548254 0.560716 0.575176 0.591865 0.611067 0.633134 0.637486 0.630935 0.626010 0.622650 0.620813 0.620477 0.621639 0.624312 0.628528 0.634340 0.641822 0.651069 0.662206 0.675385 0.690797 0.708677 0.729310 0.753049 0.780329 0.811689 0.847803 0.889522 0.937937 0.954159 0.891813 0.839012 0.793919 0.755153 0.721654 0.692598 0.667337 0.645354 0.626233 0.609640 0.595300 0.582991 0.572532 0.563777 0.556606 0.550925 0.546663 0.543766 0.542199 0.541943 0.542995 0.545367 0.549089 0.554206 0.560783 0.568905 0.578680 0.590244 0.603764 0.619445 0.637539 0.658355 0.682276 0.709776 0.741446 1705.000000 1.441023 0.718708
0.755153 0.721654 0.692598 0.667337 0.645354 0.626233 0.609640 0.595300 0.582991 0.572532 0.563777 0.556606 0.550925 0.546663 0.543766 0.542199 0.541943 0.542995 0.545367 0.549089 0.554206 0.560783 0.568905 0.578680 0.590244 0.603764 0.619445 0.637539 0.658355 0.682276 0.709776 0.741446 0.733772 0.707418 0.684483 0.664539 0.647240 0.632303 0.619499 0.608640 0.599575 0.592181 0.586363 0.582047 0.579179 0.577725 0.577665 0.579000 0.581747 0.585937 0.591625 0.598880 0.607798 0.618498 0.631130 0.645876 0.662964 0.682670 0.705334 0.731377 0.761321 0.795821 0.835706 0.882036 0.936192 1.000000 0.960997 0.891078 0.832513 0.782941 0.740625 0.704258 0.672840 0.645595 0.621910 0.601299 0.583371 0.567809 0.554357 0.542804 0.532981 0.524749 0.517996 0.512635 0.508595 0.505828 0.504299 0.503990 0.504897 0.507031 0.510418 0.515100 0.521135 0.528602 0.537600 0.548254 0.560716 0.575176 0.591865 0.611067 0.633134 0.637486 0.630935 0.626010 0.622650 0.620813 0.620477 0.621639 0.624312 0.628528 0.634340 0.641822 0.651069 0.662206 0.675385 0.690797 0.708677 0.729310 0.753049 0.780329 0.811689 0.847803 0.889522 0.937937 0.954159 0.891813 0.839012 0.793919 1705.000000 1.441023 0.718708
0.560716 0.575176 0.591865 0.611067 0.633134 0.637486 0.630935 0.626010 0.622650 0.620813 0.620477 0.621639 0.624312 0.628528 0.634340 0.641822 0.651069 0.662206 0.675385 0.690797 0.708677 0.729310 0.753049 0.780329 0.811689 0.847803 0.889522 0.937937 0.954159 0.891813 0.839012 0.793919 0.755153 0.721654 0.692598 0.667337 0.645354 0.626233 0.609640 0.595300 0.582991 0.572532 0.563777 0.556606 0.550925 0.546663 0.543766 0.542199 0.541943 0.542995 0.545367 0.549089 0.554206 0.560783 0.568905 0.578680 0.590244 0.603764 0.619445 0.637539 0.658355 0.682276 0.709776 0.741446 0.733772 0.707418 0.684483 0.664539 0.647240 0.632303 0.619499 0.608640 0.599575 0.592181 0.586363 0.582047 0.579179 0.577725 0.577665 0.579000 0.581747 0.585937 0.591625 0.598880 0.607798 0.618498 0.631130 0.645876 0.662964 0.682670 0.705334 0.731377 0.761321 0.795821 0.835706 0.882036 0.936192 1.000000 0.960997 0.891078 0.832513 0.782941 0.740625 0.704258 0.672840 0.645595 0.621910 0.601299 0.583371 0.567809 0.554357 0.542804 0.532981 0.524749 0.517996 0.512635 0.508595 0.505828 0.504299 0.503990 0.504897 0.507031 0.510418 0.515100 0.521135 0.528602 0.537600 0.548254 1705.000000 1.441023 0.718708
0.936192 1.000000 0.960997 0.891078 0.832513 0.782941 0.740625 0.704258 0.672840 0.645595 0.621910 0.601299 0.583371 0.567809 0.554357 0.542804 0.532981 0.524749 0.517996 0.512635 0.508595 0.505828 0.504299 0.503990 0.504897 0.507031 0.510418 0.515100 0.521135 0.528602 0.537600 0.548254 0.560716 0.575176 0.591865 0.611067 0.633134 0.637486 0.630935 0.626010 0.622650 0.620813 0.620477 0.621639 0.624312 0.628528 0.634340 0.641822 0.651069 0.662206 0.675385 0.690797 0.708677 0.729310 0.753049 0.780329 0.811689 0.847803 0.889522 0.937937 0.954159 0.891813 0.839012 0.793919 0.755153 0.721654 0.692598 0.667337 0.645354 0.626233 0.609640 0.595300 0.582991 0.572532 0.563777 0.556606 0.550925 0.546663 0.543766 0.542199 0.541943 0.542995 0.545367 0.549089 0.554206 0.560783 0.568905 0.578680 0.590244 0.603764 0.619445 0.637539 0.658355 0.682276 0.709776 0.741446 0.733772 0.707418 0.684483 0.664539 0.647240 0.632303 0.619499 0.608640 0.599575 0.592181 0.586363 0.582047 0.579179 0.577725 0.577665 0.579000 0.581747 0.585937 0.591625 0.598880 0.607798 0.618498 0.631130 0.645876 0.662964 0.682670 0.705334 0.731377 0.761321 0.795821 0.835706 0.882036 1705.000000 1.441023 0.718708
0.530504 0.527002 0.524801 0.523875 0.524214 0.525820 0.528714 0.532931 0.538523 0.545563 0.554141 0.564375 0.576409 0.590420 0.606628 0.625299 0.646764 0.671430 0.699804 0.732526 0.770404 0.814482 0.866123 0.927141 1.000000 0.962342 0.927737 0.897621 0.871433 0.848716 0.829100 0.812283 0.798019 0.786109 0.776391 0.768741 0.763059 0.759277 0.757348 0.757249 0.758977 0.762555 0.768025 0.775457 0.784943 0.771132 0.732478 0.699118 0.670209 0.645088 0.623230 0.604212 0.587694 0.573400 0.561105 0.550624 0.541809 0.534539 0.528719 0.524273 0.521147 0.519301 0.518714 0.519377 0.521300 0.524506 0.529033 0.534939 0.542300 0.551213 0.561799 0.574211 0.588633 0.605295 0.621938 0.631346 0.642614 0.655901 0.671401 0.689352 0.710046 0.733845 0.761191 0.792637 0.828877 0.832830 0.823007 0.815354 0.809775 0.806200 0.804587 0.804916 0.807191 0.811438 0.817711 0.826087 0.836673 0.849608 0.865065 0.883263 0.904468 0.885555 0.843426 0.806979 0.775343 0.747827 0.723881 0.703062 0.685012 0.669437 0.656100 0.644808 0.635402 0.627758 0.621775 0.617378 0.614514 0.613146 0.613258 0.614852 0.614970 0.597656 0.582655 0.569727 0.558678 0.549347 0.541606 0.535352 699.000000 1.505391 0.807522
0.836673 0.849608 0.865065 0.883263 0.904468 0.885555 0.843426 0.806979 0.775343 0.747827 0.723881 0.703062 0.685012 0.669437 0.656100 0.644808 0.635402 0.627758 0.621775 0.617378 0.614514 0.613146 0.613258 0.614852 0.614970 0.597656 0.582655 0.569727 0.558678 0.549347 0.541606 0.535352 0.530504 0.527002 0.524801 0.523875 0.524214 0.525820 0.528714 0.532931 0.538523 0.545563 0.554141 0.564375 0.576409 0.590420 0.606628 0.625299 0.646764 0.671430 0.699804 0.732526 0.770404 0.814482 0.866123 0.927141 1.000000 0.962342 0.927737 0.897621 0.871433 0.848716 0.829100 0.812283 0.798019 0.786109 0.776391 0.768741 0.763059 0.759277 0.757348 0.757249 0.758977 0.762555 0.768025 0.775457 0.784943 0.771132 0.732478 0.699118 0.670209 0.645088 0.623230 0.604212 0.587694 0.573400 0.561105 0.550624 0.541809 0.534539 0.528719 0.524273 0.521147 0.519301 0.518714 0.519377 0.521300 0.524506 0.529033 0.534939 0.542300 0.551213 0.561799 0.574211 0.588633 0.605295 0.621938 0.631346 0.642614 0.655901 0.671401 0.689352 0.710046 0.733845 0.761191 0.792637 0.828877 0.832830 0.823007 0.815354 0.809775 0.806200 0.804587 0.804916 0.807191 0.811438 0.817711 0.826087 699.000000 1.505391 0.807522
0.521300 0.524506 0.529033 0.534939 0.542300 0.551213 0.561799 0.574211 0.588633 0.605295 0.621938 0.631346 0.642614 0.655901 0.671401 0.689352 0.710046 0.733845 0.761191 0.792637 0.828877 0.832830 0.823007 0.815354 0.809775 0.806200 0.804587 0.804916 0.807191 0.811438 0.817711 0.826087 0.836673 0.849608 0.865065 0.883263 0.904468 0.885555 0.843426 0.806979 0.775343 0.747827 0.723881 0.703062 0.685012 0.669437 0.656100 0.644808 0.635402 0.627758 0.621775 0.617378 0.614514 0.613146 0.613258 0.614852 0.614970 0.597656 0.582655 0.569727 0.558678 0.549347 0.541606 0.535352 0.530504 0.527002 0.524801 0.523875 0.524214 0.525820 0.528714 0.532931 0.538523 0.545563 0.554141 0.564375 0.576409 0.590420 0.606628 0.625299 0.646764 0.671430 0.699804 0.732526 0.770404 0.814482 0.866123 0.927141 1.000000 0.962342 0.927737 0.897621 0.871433 0.848716 0.829100 0.812283 0.798019 0.786109 0.776391 0.768741 0.763059 0.759277 0.757348 0.757249 0.758977 0.762555 0.768025 0.775457 0.784943 0.771132 0.732478 0.699118 0.670209 0.645088 0.623230 0.604212 0.587694 0.573400 0.561105 0.550624 0.541809 0.534539 0.528719 0.524273 0.521147 0.519301 0.518714 0.519377 699.000000 1.505391 0.807522
0.798019 0.786109 0.776391 0.768741 0.763059 0.759277 0.757348 0.757249 0.758977 0.762555 0.768025 0.775457 0.784943 0.771132 0.732478 0.699118 0.670209 0.645088 0.623230 0.604212 0.587694 0.573400 0.561105 0.550624 0.541809 0.534539 0.528719 0.524273 0.521147 0.519301 0.518714 0.519377 0.521300 0.524506 0.529033 0.534939 0.542300 0.551213 0.561799 0.574211 0.588633 0.605295 0.621938 0.631346 0.642614 0.655901 0.671401 0.689352 0.710046 0.733845 0.761191 0.792637 0.828877 0.832830 0.823007 0.815354 0.809775 0.806200 0.804587 0.804916 0.807191 0.811438 0.817711 0.826087 0.836673 0.849608 0.865065 0.883263 0.904468 0.885555 0.843426 0.806979 0.775343 0.747827 0.723881 0.703062 0.685012 0.669437 0.656100 0.644808 0.635402 0.627758 0.621775 0.617378 0.614514 0.613146 0.613258 0.614852 0.614970 0.597656 0.582655 0.569727 0.558678 0.549347 0.541606 0.535352 0.530504 0.527002 0.524801 0.523875 0.524214 0.525820 0.528714 0.532931 0.538523 0.545563 0.554141 0.564375 0.576409 0.590420 0.606628 0.625299 0.646764 0.671430 0.699804 0.732526 0.770404 0.814482 0.866123 0.927141 1.000000 0.962342 0.927737 0.897621 0.871433 0.848716 0.829100 0.812283 699.000000 1.505391 0.807522
