0.841150 0.801921 0.767956 0.738458 0.712796 0.690465 0.671058 0.654246 0.639759 0.627378 0.616925 0.608256 0.601256 0.595834 0.591923 0.589473 0.588455 0.588857 0.590684 0.593957 0.598717 0.605023 0.612956 0.622620 0.634145 0.647695 0.663470 0.681715 0.702734 0.726897 0.709003 0.687972 0.669720 0.653947 0.640406 0.628900 0.619265 0.611371 0.605116 0.600419 0.597222 0.595486 0.595189 0.596329 0.598919 0.602990 0.608594 0.615800 0.624701 0.635417 0.648096 0.662920 0.680116 0.699958 0.722786 0.749019 0.779176 0.813905 0.854029 0.900596 0.954967 1.000000 0.933024 0.876436 0.828200 0.786794 0.751054 0.720079 0.693161 0.669739 0.649361 0.631664 0.616350 0.603181 0.591959 0.582524 0.574749 0.568529 0.563787 0.560462 0.558514 0.557918 0.558669 0.560774 0.564260 0.569168 0.575562 0.583523 0.593156 0.604594 0.617999 0.633573 0.651563 0.672271 0.696071 0.723424 0.754908 0.738819 0.717590 0.699184 0.683304 0.669706 0.658194 0.648607 0.640818 0.634723 0.630248 0.627337 0.625952 0.626080 0.627719 0.630891 0.635635 0.642008 0.650093 0.659994 0.671845 0.685812 0.702100 0.720958 0.742697 0.767694 0.796418 0.829450 0.867522 0.911559 0.939770 0.886660 18446.000000 1.332685 0.753459
0.754908 0.738819 0.717590 0.699184 0.683304 0.669706 0.658194 0.648607 0.640818 0.634723 0.630248 0.627337 0.625952 0.626080 0.627719 0.630891 0.635635 0.642008 0.650093 0.659994 0.671845 0.685812 0.702100 0.720958 0.742697 0.767694 0.796418 0.829450 0.867522 0.911559 0.939770 0.886660 0.841150 0.801921 0.767956 0.738458 0.712796 0.690465 0.671058 0.654246 0.639759 0.627378 0.616925 0.608256 0.601256 0.595834 0.591923 0.589473 0.588455 0.588857 0.590684 0.593957 0.598717 0.605023 0.612956 0.622620 0.634145 0.647695 0.663470 0.681715 0.702734 0.726897 0.709003 0.687972 0.669720 0.653947 0.640406 0.628900 0.619265 0.611371 0.605116 0.600419 0.597222 0.595486 0.595189 0.596329 0.598919 0.602990 0.608594 0.615800 0.624701 0.635417 0.648096 0.662920 0.680116 0.699958 0.722786 0.749019 0.779176 0.813905 0.854029 0.900596 0.954967 1.000000 0.933024 0.876436 0.828200 0.786794 0.751054 0.720079 0.693161 0.669739 0.649361 0.631664 0.616350 0.603181 0.591959 0.582524 0.574749 0.568529 0.563787 0.560462 0.558514 0.557918 0.558669 0.560774 0.564260 0.569168 0.575562 0.583523 0.593156 0.604594 0.617999 0.633573 0.651563 0.672271 0.696071 0.723424 18446.000000 1.332685 0.753459
0.828200 0.786794 0.751054 0.720079 0.693161 0.669739 0.649361 0.631664 0.616350 0.603181 0.591959 0.582524 0.574749 0.568529 0.563787 0.560462 0.558514 0.557918 0.558669 0.560774 0.564260 0.569168 0.575562 0.583523 0.593156 0.604594 0.617999 0.633573 0.651563 0.672271 0.696071 0.723424 0.754908 0.738819 0.717590 0.699184 0.683304 0.669706 0.658194 0.648607 0.640818 0.634723 0.630248 0.627337 0.625952 0.626080 0.627719 0.630891 0.635635 0.642008 0.650093 0.659994 0.671845 0.685812 0.702100 0.720958 0.742697 0.767694 0.796418 0.829450 0.867522 0.911559 0.939770 0.886660 0.841150 0.801921 0.767956 0.738458 0.712796 0.690465 0.671058 0.654246 0.639759 0.627378 0.616925 0.608256 0.601256 0.595834 0.591923 0.589473 0.588455 0.588857 0.590684 0.593957 0.598717 0.605023 0.612956 0.622620 0.634145 0.647695 0.663470 0.681715 0.702734 0.726897 0.709003 0.687972 0.669720 0.653947 0.640406 0.628900 0.619265 0.611371 0.605116 0.600419 0.597222 0.595486 0.595189 0.596329 0.598919 0.602990 0.608594 0.615800 0.624701 0.635417 0.648096 0.662920 0.680116 0.699958 0.722786 0.749019 0.779176 0.813905 0.854029 0.900596 0.954967 1.000000 0.933024 0.876436 18446.000000 1.332685 0.753459
0.669720 0.653947 0.640406 0.628900 0.619265 0.611371 0.605116 0.600419 0.597222 0.595486 0.595189 0.596329 0.598919 0.602990 0.608594 0.615800 0.624701 0.635417 0.648096 0.662920 0.680116 0.699958 0.722786 0.749019 0.779176 0.813905 0.854029 0.900596 0.954967 1.000000 0.933024 0.876436 0.828200 0.786794 0.751054 0.720079 0.693161 0.669739 0.649361 0.631664 0.616350 0.603181 0.591959 0.582524 0.574749 0.568529 0.563787 0.560462 0.558514 0.557918 0.558669 0.560774 0.564260 0.569168 0.575562 0.583523 0.593156 0.604594 0.617999 0.633573 0.651563 0.672271 0.696071 0.723424 0.754908 0.738819 0.717590 0.699184 0.683304 0.669706 0.658194 0.648607 0.640818 0.634723 0.630248 0.627337 0.625952 0.626080 0.627719 0.630891 0.635635 0.642008 0.650093 0.659994 0.671845 0.685812 0.702100 0.720958 0.742697 0.767694 0.796418 0.829450 0.867522 0.911559 0.939770 0.886660 0.841150 0.801921 0.767956 0.738458 0.712796 0.690465 0.671058 0.654246 0.639759 0.627378 0.616925 0.608256 0.601256 0.595834 0.591923 0.589473 0.588455 0.588857 0.590684 0.593957 0.598717 0.605023 0.612956 0.622620 0.634145 0.647695 0.663470 0.681715 0.702734 0.726897 0.709003 0.687972 18446.000000 1.332685 0.753459
0.917298 0.903311 0.871788 0.844356 0.820514 0.799856 0.782050 0.766827 0.753967 0.743292 0.734661 0.727961 0.723108 0.720043 0.718728 0.719148 0.721306 0.725230 0.730967 0.738589 0.748194 0.759906 0.773885 0.764634 0.752682 0.742859 0.735038 0.729118 0.725025 0.722709 0.722142 0.723317 0.726249 0.730972 0.737546 0.746052 0.756601 0.769333 0.784423 0.802087 0.822593 0.846266 0.873510 0.904818 0.940805 0.982237 1.000000 0.952372 0.911170 0.875407 0.844302 0.817233 0.793698 0.773292 0.755684 0.740604 0.727833 0.717194 0.708544 0.701770 0.696788 0.693534 0.691970 0.692077 0.693856 0.697328 0.702536 0.709544 0.714000 0.711125 0.709976 0.710541 0.712825 0.716856 0.722684 0.730381 0.740046 0.751806 0.765821 0.782288 0.801452 0.823613 0.849138 0.868401 0.848875 0.832170 0.818042 0.806295 0.796774 0.789354 0.783942 0.780471 0.778899 0.779207 0.781399 0.785500 0.791561 0.799659 0.809895 0.822403 0.837353 0.854954 0.875399 0.847562 0.823362 0.802386 0.784294 0.768812 0.755714 0.744819 0.735982 0.729088 0.724050 0.720805 0.719315 0.719561 0.721546 0.725294 0.730851 0.738286 0.747693 0.759197 0.772950 0.789148 0.808027 0.829880 0.855065 0.884023 1516.000000 1.020395 0.860281
0.791561 0.799659 0.809895 0.822403 0.837353 0.854954 0.875399 0.847562 0.823362 0.802386 0.784294 0.768812 0.755714 0.744819 0.735982 0.729088 0.724050 0.720805 0.719315 0.719561 0.721546 0.725294 0.730851 0.738286 0.747693 0.759197 0.772950 0.789148 0.808027 0.829880 0.855065 0.884023 0.917298 0.903311 0.871788 0.844356 0.820514 0.799856 0.782050 0.766827 0.753967 0.743292 0.734661 0.727961 0.723108 0.720043 0.718728 0.719148 0.721306 0.725230 0.730967 0.738589 0.748194 0.759906 0.773885 0.764634 0.752682 0.742859 0.735038 0.729118 0.725025 0.722709 0.722142 0.723317 0.726249 0.730972 0.737546 0.746052 0.756601 0.769333 0.784423 0.802087 0.822593 0.846266 0.873510 0.904818 0.940805 0.982237 1.000000 0.952372 0.911170 0.875407 0.844302 0.817233 0.793698 0.773292 0.755684 0.740604 0.727833 0.717194 0.708544 0.701770 0.696788 0.693534 0.691970 0.692077 0.693856 0.697328 0.702536 0.709544 0.714000 0.711125 0.709976 0.710541 0.712825 0.716856 0.722684 0.730381 0.740046 0.751806 0.765821 0.782288 0.801452 0.823613 0.849138 0.868401 0.848875 0.832170 0.818042 0.806295 0.796774 0.789354 0.783942 0.780471 0.778899 0.779207 0.781399 0.785500 1516.000000 1.020395 0.860281
0.693856 0.697328 0.702536 0.709544 0.714000 0.711125 0.709976 0.710541 0.712825 0.716856 0.722684 0.730381 0.740046 0.751806 0.765821 0.782288 0.801452 0.823613 0.849138 0.868401 0.848875 0.832170 0.818042 0.806295 0.796774 0.789354 0.783942 0.780471 0.778899 0.779207 0.781399 0.785500 0.791561 0.799659 0.809895 0.822403 0.837353 0.854954 0.875399 0.847562 0.823362 0.802386 0.784294 0.768812 0.755714 0.744819 0.735982 0.729088 0.724050 0.720805 0.719315 0.719561 0.721546 0.725294 0.730851 0.738286 0.747693 0.759197 0.772950 0.789148 0.808027 0.829880 0.855065 0.884023 0.917298 0.903311 0.871788 0.844356 0.820514 0.799856 0.782050 0.766827 0.753967 0.743292 0.734661 0.727961 0.723108 0.720043 0.718728 0.719148 0.721306 0.725230 0.730967 0.738589 0.748194 0.759906 0.773885 0.764634 0.752682 0.742859 0.735038 0.729118 0.725025 0.722709 0.722142 0.723317 0.726249 0.730972 0.737546 0.746052 0.756601 0.769333 0.784423 0.802087 0.822593 0.846266 0.873510 0.904818 0.940805 0.982237 1.000000 0.952372 0.911170 0.875407 0.844302 0.817233 0.793698 0.773292 0.755684 0.740604 0.727833 0.717194 0.708544 0.701770 0.696788 0.693534 0.691970 0.692077 1516.000000 1.020395 0.860281
0.726249 0.730972 0.737546 0.746052 0.756601 0.769333 0.784423 0.802087 0.822593 0.846266 0.873510 0.904818 0.940805 0.982237 1.000000 0.952372 0.911170 0.875407 0.844302 0.817233 0.793698 0.773292 0.755684 0.740604 0.727833 0.717194 0.708544 0.701770 0.696788 0.693534 0.691970 0.692077 0.693856 0.697328 0.702536 0.709544 0.714000 0.711125 0.709976 0.710541 0.712825 0.716856 0.722684 0.730381 0.740046 0.751806 0.765821 0.782288 0.801452 0.823613 0.849138 0.868401 0.848875 0.832170 0.818042 0.806295 0.796774 0.789354 0.783942 0.780471 0.778899 0.779207 0.781399 0.785500 0.791561 0.799659 0.809895 0.822403 0.837353 0.854954 0.875399 0.847562 0.823362 0.802386 0.784294 0.768812 0.755714 0.744819 0.735982 0.729088 0.724050 0.720805 0.719315 0.719561 0.721546 0.725294 0.730851 0.738286 0.747693 0.759197 0.772950 0.789148 0.808027 0.829880 0.855065 0.884023 0.917298 0.903311 0.871788 0.844356 0.820514 0.799856 0.782050 0.766827 0.753967 0.743292 0.734661 0.727961 0.723108 0.720043 0.718728 0.719148 0.721306 0.725230 0.730967 0.738589 0.748194 0.759906 0.773885 0.764634 0.752682 0.742859 0.735038 0.729118 0.725025 0.722709 0.722142 0.723317 1516.000000 1.020395 0.860281
0.851215 0.832899 0.817281 0.804141 0.793297 0.784606 0.777958 0.773269 0.770481 0.769560 0.770495 0.773298 0.778003 0.784667 0.793374 0.804235 0.817395 0.833033 0.851371 0.872685 0.897311 0.925662 0.904656 0.872889 0.845246 0.821217 0.800391 0.782434 0.767072 0.754084 0.743289 0.734543 0.727733 0.722774 0.719604 0.718184 0.718497 0.720547 0.724359 0.729979 0.737478 0.746951 0.758521 0.772345 0.788618 0.807578 0.829520 0.854805 0.883876 0.917281 0.955704 1.000000 0.972299 0.936029 0.904469 0.877011 0.853166 0.832537 0.814797 0.799685 0.786984 0.776521 0.768160 0.761792 0.757339 0.754745 0.753978 0.755031 0.757915 0.762665 0.769341 0.778025 0.788829 0.801897 0.817408 0.835583 0.856695 0.881080 0.909147 0.941405 0.978480 0.956165 0.917685 0.884230 0.855116 0.829793 0.807817 0.788827 0.772527 0.758678 0.747084 0.737590 0.730071 0.724431 0.720601 0.718532 0.718201 0.719603 0.722755 0.727695 0.734485 0.743210 0.753983 0.766948 0.782285 0.800214 0.821009 0.845003 0.860955 0.849116 0.839593 0.832264 0.827037 0.823847 0.822657 0.823450 0.826238 0.831053 0.837956 0.847031 0.858396 0.872200 0.888631 0.907922 0.930360 0.925422 0.897102 0.872504 6745.000000 1.097465 0.846762
0.718201 0.719603 0.722755 0.727695 0.734485 0.743210 0.753983 0.766948 0.782285 0.800214 0.821009 0.845003 0.860955 0.849116 0.839593 0.832264 0.827037 0.823847 0.822657 0.823450 0.826238 0.831053 0.837956 0.847031 0.858396 0.872200 0.888631 0.907922 0.930360 0.925422 0.897102 0.872504 0.851215 0.832899 0.817281 0.804141 0.793297 0.784606 0.777958 0.773269 0.770481 0.769560 0.770495 0.773298 0.778003 0.784667 0.793374 0.804235 0.817395 0.833033 0.851371 0.872685 0.897311 0.925662 0.904656 0.872889 0.845246 0.821217 0.800391 0.782434 0.767072 0.754084 0.743289 0.734543 0.727733 0.722774 0.719604 0.718184 0.718497 0.720547 0.724359 0.729979 0.737478 0.746951 0.758521 0.772345 0.788618 0.807578 0.829520 0.854805 0.883876 0.917281 0.955704 1.000000 0.972299 0.936029 0.904469 0.877011 0.853166 0.832537 0.814797 0.799685 0.786984 0.776521 0.768160 0.761792 0.757339 0.754745 0.753978 0.755031 0.757915 0.762665 0.769341 0.778025 0.788829 0.801897 0.817408 0.835583 0.856695 0.881080 0.909147 0.941405 0.978480 0.956165 0.917685 0.884230 0.855116 0.829793 0.807817 0.788827 0.772527 0.758678 0.747084 0.737590 0.730071 0.724431 0.720601 0.718532 6745.000000 1.097465 0.846762
0.757339 0.754745 0.753978 0.755031 0.757915 0.762665 0.769341 0.778025 0.788829 0.801897 0.817408 0.835583 0.856695 0.881080 0.909147 0.941405 0.978480 0.956165 0.917685 0.884230 0.855116 0.829793 0.807817 0.788827 0.772527 0.758678 0.747084 0.737590 0.730071 0.724431 0.720601 0.718532 0.718201 0.719603 0.722755 0.727695 0.734485 0.743210 0.753983 0.766948 0.782285 0.800214 0.821009 0.845003 0.860955 0.849116 0.839593 0.832264 0.827037 0.823847 0.822657 0.823450 0.826238 0.831053 0.837956 0.847031 0.858396 0.872200 0.888631 0.907922 0.930360 0.925422 0.897102 0.872504 0.851215 0.832899 0.817281 0.804141 0.793297 0.784606 0.777958 0.773269 0.770481 0.769560 0.770495 0.773298 0.778003 0.784667 0.793374 0.804235 0.817395 0.833033 0.851371 0.872685 0.897311 0.925662 0.904656 0.872889 0.845246 0.821217 0.800391 0.782434 0.767072 0.754084 0.743289 0.734543 0.727733 0.722774 0.719604 0.718184 0.718497 0.720547 0.724359 0.729979 0.737478 0.746951 0.758521 0.772345 0.788618 0.807578 0.829520 0.854805 0.883876 0.917281 0.955704 1.000000 0.972299 0.936029 0.904469 0.877011 0.853166 0.832537 0.814797 0.799685 0.786984 0.776521 0.768160 0.761792 6745.000000 1.097465 0.846762
0.727733 0.722774 0.719604 0.718184 0.718497 0.720547 0.724359 0.729979 0.737478 0.746951 0.758521 0.772345 0.788618 0.807578 0.829520 0.854805 0.883876 0.917281 0.955704 1.000000 0.972299 0.936029 0.904469 0.877011 0.853166 0.832537 0.814797 0.799685 0.786984 0.776521 0.768160 0.761792 0.757339 0.754745 0.753978 0.755031 0.757915 0.762665 0.769341 0.778025 0.788829 0.801897 0.817408 0.835583 0.856695 0.881080 0.909147 0.941405 0.978480 0.956165 0.917685 0.884230 0.855116 0.829793 0.807817 0.788827 0.772527 0.758678 0.747084 0.737590 0.730071 0.724431 0.720601 0.718532 0.718201 0.719603 0.722755 0.727695 0.734485 0.743210 0.753983 0.766948 0.782285 0.800214 0.821009 0.845003 0.860955 0.849116 0.839593 0.832264 0.827037 0.823847 0.822657 0.823450 0.826238 0.831053 0.837956 0.847031 0.858396 0.872200 0.888631 0.907922 0.930360 0.925422 0.897102 0.872504 0.851215 0.832899 0.817281 0.804141 0.793297 0.784606 0.777958 0.773269 0.770481 0.769560 0.770495 0.773298 0.778003 0.784667 0.793374 0.804235 0.817395 0.833033 0.851371 0.872685 0.897311 0.925662 0.904656 0.872889 0.845246 0.821217 0.800391 0.782434 0.767072 0.754084 0.743289 0.734543 6745.000000 1.097465 0.846762
0.917132 0.890884 0.868130 0.848503 0.831703 0.817486 0.805655 0.796053 0.788553 0.783063 0.779514 0.777862 0.778087 0.780193 0.784205 0.790171 0.795989 0.781590 0.769524 0.759627 0.751769 0.745850 0.741797 0.739560 0.739112 0.740447 0.743581 0.748553 0.755424 0.764281 0.775237 0.774104 0.758702 0.745662 0.734803 0.725979 0.719077 0.714008 0.710711 0.709145 0.709290 0.711149 0.714744 0.720120 0.727342 0.736503 0.747722 0.761150 0.776976 0.795430 0.816798 0.841428 0.859623 0.855362 0.853189 0.853076 0.855024 0.859054 0.865217 0.873588 0.884275 0.897414 0.913184 0.931802 0.953540 0.978731 1.000000 0.939062 0.887139 0.842580 0.804128 0.770809 0.741857 0.716665 0.701749 0.692279 0.684688 0.678880 0.674781 0.672342 0.671532 0.672342 0.674781 0.678880 0.684688 0.692279 0.701749 0.713224 0.726861 0.742854 0.761442 0.782919 0.801740 0.790124 0.780695 0.773329 0.767933 0.764441 0.762810 0.763020 0.765074 0.768996 0.774836 0.782664 0.792581 0.804717 0.819234 0.836336 0.840912 0.825645 0.812846 0.802342 0.793994 0.787696 0.783369 0.780961 0.780442 0.781805 0.785069 0.790271 0.797477 0.806776 0.818290 0.832171 0.848611 0.867846 0.890168 0.915933 1474.000000 1.177064 0.885309
0.767933 0.764441 0.762810 0.763020 0.765074 0.768996 0.774836 0.782664 0.792581 0.804717 0.819234 0.836336 0.840912 0.825645 0.812846 0.802342 0.793994 0.787696 0.783369 0.780961 0.780442 0.781805 0.785069 0.790271 0.797477 0.806776 0.818290 0.832171 0.848611 0.867846 0.890168 0.915933 0.917132 0.890884 0.868130 0.848503 0.831703 0.817486 0.805655 0.796053 0.788553 0.783063 0.779514 0.777862 0.778087 0.780193 0.784205 0.790171 0.795989 0.781590 0.769524 0.759627 0.751769 0.745850 0.741797 0.739560 0.739112 0.740447 0.743581 0.748553 0.755424 0.764281 0.775237 0.774104 0.758702 0.745662 0.734803 0.725979 0.719077 0.714008 0.710711 0.709145 0.709290 0.711149 0.714744 0.720120 0.727342 0.736503 0.747722 0.761150 0.776976 0.795430 0.816798 0.841428 0.859623 0.855362 0.853189 0.853076 0.855024 0.859054 0.865217 0.873588 0.884275 0.897414 0.913184 0.931802 0.953540 0.978731 1.000000 0.939062 0.887139 0.842580 0.804128 0.770809 0.741857 0.716665 0.701749 0.692279 0.684688 0.678880 0.674781 0.672342 0.671532 0.672342 0.674781 0.678880 0.684688 0.692279 0.701749 0.713224 0.726861 0.742854 0.761442 0.782919 0.801740 0.790124 0.780695 0.773329 1474.000000 1.177064 0.885309
0.953540 0.978731 1.000000 0.939062 0.887139 0.842580 0.804128 0.770809 0.741857 0.716665 0.701749 0.692279 0.684688 0.678880 0.674781 0.672342 0.671532 0.672342 0.674781 0.678880 0.684688 0.692279 0.701749 0.713224 0.726861 0.742854 0.761442 0.782919 0.801740 0.790124 0.780695 0.773329 0.767933 0.764441 0.762810 0.763020 0.765074 0.768996 0.774836 0.782664 0.792581 0.804717 0.819234 0.836336 0.840912 0.825645 0.812846 0.802342 0.793994 0.787696 0.783369 0.780961 0.780442 0.781805 0.785069 0.790271 0.797477 0.806776 0.818290 0.832171 0.848611 0.867846 0.890168 0.915933 0.917132 0.890884 0.868130 0.848503 0.831703 0.817486 0.805655 0.796053 0.788553 0.783063 0.779514 0.777862 0.778087 0.780193 0.784205 0.790171 0.795989 0.781590 0.769524 0.759627 0.751769 0.745850 0.741797 0.739560 0.739112 0.740447 0.743581 0.748553 0.755424 0.764281 0.775237 0.774104 0.758702 0.745662 0.734803 0.725979 0.719077 0.714008 0.710711 0.709145 0.709290 0.711149 0.714744 0.720120 0.727342 0.736503 0.747722 0.761150 0.776976 0.795430 0.816798 0.841428 0.859623 0.855362 0.853189 0.853076 0.855024 0.859054 0.865217 0.873588 0.884275 0.897414 0.913184 0.931802 1474.000000 1.177064 0.885309
0.758702 0.745662 0.734803 0.725979 0.719077 0.714008 0.710711 0.709145 0.709290 0.711149 0.714744 0.720120 0.727342 0.736503 0.747722 0.761150 0.776976 0.795430 0.816798 0.841428 0.859623 0.855362 0.853189 0.853076 0.855024 0.859054 0.865217 0.873588 0.884275 0.897414 0.913184 0.931802 0.953540 0.978731 1.000000 0.939062 0.887139 0.842580 0.804128 0.770809 0.741857 0.716665 0.701749 0.692279 0.684688 0.678880 0.674781 0.672342 0.671532 0.672342 0.674781 0.678880 0.684688 0.692279 0.701749 0.713224 0.726861 0.742854 0.761442 0.782919 0.801740 0.790124 0.780695 0.773329 0.767933 0.764441 0.762810 0.763020 0.765074 0.768996 0.774836 0.782664 0.792581 0.804717 0.819234 0.836336 0.840912 0.825645 0.812846 0.802342 0.793994 0.787696 0.783369 0.780961 0.780442 0.781805 0.785069 0.790271 0.797477 0.806776 0.818290 0.832171 0.848611 0.867846 0.890168 0.915933 0.917132 0.890884 0.868130 0.848503 0.831703 0.817486 0.805655 0.796053 0.788553 0.783063 0.779514 0.777862 0.778087 0.780193 0.784205 0.790171 0.795989 0.781590 0.769524 0.759627 0.751769 0.745850 0.741797 0.739560 0.739112 0.740447 0.743581 0.748553 0.755424 0.764281 0.775237 0.774104 1474.000000 1.177064 0.885309
0.905483 0.874579 0.847690 0.824332 0.804112 0.786710 0.771865 0.759366 0.749041 0.740753 0.734397 0.729892 0.727183 0.726237 0.727044 0.729611 0.733971 0.740178 0.748308 0.758467 0.770788 0.785439 0.802629 0.822614 0.845709 0.822710 0.800709 0.781689 0.765352 0.751457 0.739808 0.730248 0.722650 0.716917 0.712979 0.710788 0.710315 0.711556 0.714526 0.719261 0.725820 0.726928 0.710244 0.695947 0.683829 0.673722 0.665489 0.659023 0.654242 0.651088 0.649521 0.649522 0.651093 0.654250 0.659034 0.665504 0.673741 0.683852 0.695974 0.710275 0.726964 0.746298 0.768591 0.794228 0.823688 0.857563 0.896596 0.940132 0.912063 0.887698 0.866635 0.848544 0.833160 0.820264 0.809683 0.801277 0.794938 0.790589 0.788176 0.787669 0.789063 0.792374 0.797642 0.804933 0.814339 0.825980 0.840012 0.856628 0.876068 0.854326 0.813600 0.778370 0.747791 0.721195 0.698051 0.677928 0.660479 0.645422 0.632526 0.621603 0.612501 0.605081 0.598730 0.593927 0.590612 0.588744 0.588301 0.589278 0.591685 0.595552 0.600928 0.607879 0.616496 0.626892 0.639212 0.653631 0.670368 0.689690 0.711925 0.737478 0.766849 0.800665 0.839718 0.885017 0.937871 1.000000 0.981880 0.941000 4631.000000 1.108911 0.819981
0.660479 0.645422 0.632526 0.621603 0.612501 0.605081 0.598730 0.593927 0.590612 0.588744 0.588301 0.589278 0.591685 0.595552 0.600928 0.607879 0.616496 0.626892 0.639212 0.653631 0.670368 0.689690 0.711925 0.737478 0.766849 0.800665 0.839718 0.885017 0.937871 1.000000 0.981880 0.941000 0.905483 0.874579 0.847690 0.824332 0.804112 0.786710 0.771865 0.759366 0.749041 0.740753 0.734397 0.729892 0.727183 0.726237 0.727044 0.729611 0.733971 0.740178 0.748308 0.758467 0.770788 0.785439 0.802629 0.822614 0.845709 0.822710 0.800709 0.781689 0.765352 0.751457 0.739808 0.730248 0.722650 0.716917 0.712979 0.710788 0.710315 0.711556 0.714526 0.719261 0.725820 0.726928 0.710244 0.695947 0.683829 0.673722 0.665489 0.659023 0.654242 0.651088 0.649521 0.649522 0.651093 0.654250 0.659034 0.665504 0.673741 0.683852 0.695974 0.710275 0.726964 0.746298 0.768591 0.794228 0.823688 0.857563 0.896596 0.940132 0.912063 0.887698 0.866635 0.848544 0.833160 0.820264 0.809683 0.801277 0.794938 0.790589 0.788176 0.787669 0.789063 0.792374 0.797642 0.804933 0.814339 0.825980 0.840012 0.856628 0.876068 0.854326 0.813600 0.778370 0.747791 0.721195 0.698051 0.677928 4631.000000 1.108911 0.819981
0.823688 0.857563 0.896596 0.940132 0.912063 0.887698 0.866635 0.848544 0.833160 0.820264 0.809683 0.801277 0.794938 0.790589 0.788176 0.787669 0.789063 0.792374 0.797642 0.804933 0.814339 0.825980 0.840012 0.856628 0.876068 0.854326 0.813600 0.778370 0.747791 0.721195 0.698051 0.677928 0.660479 0.645422 0.632526 0.621603 0.612501 0.605081 0.598730 0.593927 0.590612 0.588744 0.588301 0.589278 0.591685 0.595552 0.600928 0.607879 0.616496 0.626892 0.639212 0.653631 0.670368 0.689690 0.711925 0.737478 0.766849 0.800665 0.839718 0.885017 0.937871 1.000000 0.981880 0.941000 0.905483 0.874579 0.847690 0.824332 0.804112 0.786710 0.771865 0.759366 0.749041 0.740753 0.734397 0.729892 0.727183 0.726237 0.727044 0.729611 0.733971 0.740178 0.748308 0.758467 0.770788 0.785439 0.802629 0.822614 0.845709 0.822710 0.800709 0.781689 0.765352 0.751457 0.739808 0.730248 0.722650 0.716917 0.712979 0.710788 0.710315 0.711556 0.714526 0.719261 0.725820 0.726928 0.710244 0.695947 0.683829 0.673722 0.665489 0.659023 0.654242 0.651088 0.649521 0.649522 0.651093 0.654250 0.659034 0.665504 0.673741 0.683852 0.695974 0.710275 0.726964 0.746298 0.768591 0.794228 4631.000000 1.108911 0.819981
0.722650 0.716917 0.712979 0.710788 0.710315 0.711556 0.714526 0.719261 0.725820 0.726928 0.710244 0.695947 0.683829 0.673722 0.665489 0.659023 0.654242 0.651088 0.649521 0.649522 0.651093 0.654250 0.659034 0.665504 0.673741 0.683852 0.695974 0.710275 0.726964 0.746298 0.768591 0.794228 0.823688 0.857563 0.896596 0.940132 0.912063 0.887698 0.866635 0.848544 0.833160 0.820264 0.809683 0.801277 0.794938 0.790589 0.788176 0.787669 0.789063 0.792374 0.797642 0.804933 0.814339 0.825980 0.840012 0.856628 0.876068 0.854326 0.813600 0.778370 0.747791 0.721195 0.698051 0.677928 0.660479 0.645422 0.632526 0.621603 0.612501 0.605081 0.598730 0.593927 0.590612 0.588744 0.588301 0.589278 0.591685 0.595552 0.600928 0.607879 0.616496 0.626892 0.639212 0.653631 0.670368 0.689690 0.711925 0.737478 0.766849 0.800665 0.839718 0.885017 0.937871 1.000000 0.981880 0.941000 0.905483 0.874579 0.847690 0.824332 0.804112 0.786710 0.771865 0.759366 0.749041 0.740753 0.734397 0.729892 0.727183 0.726237 0.727044 0.729611 0.733971 0.740178 0.748308 0.758467 0.770788 0.785439 0.802629 0.822614 0.845709 0.822710 0.800709 0.781689 0.765352 0.751457 0.739808 0.730248 4631.000000 1.108911 0.819981
0.682183 0.707844 0.731927 0.726871 0.723615 0.722119 0.722367 0.724361 0.728124 0.733704 0.741169 0.750614 0.762164 0.775972 0.792235 0.811189 0.832123 0.784760 0.744195 0.709242 0.678988 0.652717 0.629864 0.609977 0.592692 0.577712 0.564798 0.553754 0.544420 0.536667 0.530391 0.525512 0.521968 0.519715 0.520120 0.522368 0.525909 0.530785 0.537059 0.544811 0.554145 0.565189 0.578104 0.593084 0.610372 0.630261 0.653116 0.679390 0.709648 0.744604 0.781162 0.713116 0.657433 0.611181 0.572297 0.539287 0.511041 0.486721 0.465681 0.447418 0.433839 0.441385 0.450303 0.460722 0.472800 0.486733 0.502759 0.521176 0.542349 0.566738 0.594925 0.627653 0.665890 0.710912 0.764438 0.828840 0.907479 1.000000 0.937284 0.883974 0.838313 0.798967 0.764910 0.735336 0.709610 0.687223 0.667764 0.650902 0.636366 0.623936 0.613431 0.604707 0.597647 0.592160 0.576467 0.561306 0.548209 0.536974 0.527434 0.519458 0.512936 0.507784 0.503937 0.501346 0.499980 0.499822 0.500871 0.503139 0.506653 0.511458 0.517613 0.525200 0.534318 0.545095 0.556362 0.555204 0.555385 0.556909 0.559793 0.564074 0.569803 0.577055 0.585923 0.596528 0.609018 0.623576 0.640429 0.659851 12332.500000 1.301432 0.685360
0.548209 0.536974 0.527434 0.519458 0.512936 0.507784 0.503937 0.501346 0.499980 0.499822 0.500871 0.503139 0.506653 0.511458 0.517613 0.525200 0.534318 0.545095 0.556362 0.555204 0.555385 0.556909 0.559793 0.564074 0.569803 0.577055 0.585923 0.596528 0.609018 0.623576 0.640429 0.659851 0.682183 0.707844 0.731927 0.726871 0.723615 0.722119 0.722367 0.724361 0.728124 0.733704 0.741169 0.750614 0.762164 0.775972 0.792235 0.811189 0.832123 0.784760 0.744195 0.709242 0.678988 0.652717 0.629864 0.609977 0.592692 0.577712 0.564798 0.553754 0.544420 0.536667 0.530391 0.525512 0.521968 0.519715 0.520120 0.522368 0.525909 0.530785 0.537059 0.544811 0.554145 0.565189 0.578104 0.593084 0.610372 0.630261 0.653116 0.679390 0.709648 0.744604 0.781162 0.713116 0.657433 0.611181 0.572297 0.539287 0.511041 0.486721 0.465681 0.447418 0.433839 0.441385 0.450303 0.460722 0.472800 0.486733 0.502759 0.521176 0.542349 0.566738 0.594925 0.627653 0.665890 0.710912 0.764438 0.828840 0.907479 1.000000 0.937284 0.883974 0.838313 0.798967 0.764910 0.735336 0.709610 0.687223 0.667764 0.650902 0.636366 0.623936 0.613431 0.604707 0.597647 0.592160 0.576467 0.561306 12332.500000 1.301432 0.685360
0.472800 0.486733 0.502759 0.521176 0.542349 0.566738 0.594925 0.627653 0.665890 0.710912 0.764438 0.828840 0.907479 1.000000 0.937284 0.883974 0.838313 0.798967 0.764910 0.735336 0.709610 0.687223 0.667764 0.650902 0.636366 0.623936 0.613431 0.604707 0.597647 0.592160 0.576467 0.561306 0.548209 0.536974 0.527434 0.519458 0.512936 0.507784 0.503937 0.501346 0.499980 0.499822 0.500871 0.503139 0.506653 0.511458 0.517613 0.525200 0.534318 0.545095 0.556362 0.555204 0.555385 0.556909 0.559793 0.564074 0.569803 0.577055 0.585923 0.596528 0.609018 0.623576 0.640429 0.659851 0.682183 0.707844 0.731927 0.726871 0.723615 0.722119 0.722367 0.724361 0.728124 0.733704 0.741169 0.750614 0.762164 0.775972 0.792235 0.811189 0.832123 0.784760 0.744195 0.709242 0.678988 0.652717 0.629864 0.609977 0.592692 0.577712 0.564798 0.553754 0.544420 0.536667 0.530391 0.525512 0.521968 0.519715 0.520120 0.522368 0.525909 0.530785 0.537059 0.544811 0.554145 0.565189 0.578104 0.593084 0.610372 0.630261 0.653116 0.679390 0.709648 0.744604 0.781162 0.713116 0.657433 0.611181 0.572297 0.539287 0.511041 0.486721 0.465681 0.447418 0.433839 0.441385 0.450303 0.460722 12332.500000 1.301432 0.685360
0.521968 0.519715 0.520120 0.522368 0.525909 0.530785 0.537059 0.544811 0.554145 0.565189 0.578104 0.593084 0.610372 0.630261 0.653116 0.679390 0.709648 0.744604 0.781162 0.713116 0.657433 0.611181 0.572297 0.539287 0.511041 0.486721 0.465681 0.447418 0.433839 0.441385 0.450303 0.460722 0.472800 0.486733 0.502759 0.521176 0.542349 0.566738 0.594925 0.627653 0.665890 0.710912 0.764438 0.828840 0.907479 1.000000 0.937284 0.883974 0.838313 0.798967 0.764910 0.735336 0.709610 0.687223 0.667764 0.650902 0.636366 0.623936 0.613431 0.604707 0.597647 0.592160 0.576467 0.561306 0.548209 0.536974 0.527434 0.519458 0.512936 0.507784 0.503937 0.501346 0.499980 0.499822 0.500871 0.503139 0.506653 0.511458 0.517613 0.525200 0.534318 0.545095 0.556362 0.555204 0.555385 0.556909 0.559793 0.564074 0.569803 0.577055 0.585923 0.596528 0.609018 0.623576 0.640429 0.659851 0.682183 0.707844 0.731927 0.726871 0.723615 0.722119 0.722367 0.724361 0.728124 0.733704 0.741169 0.750614 0.762164 0.775972 0.792235 0.811189 0.832123 0.784760 0.744195 0.709242 0.678988 0.652717 0.629864 0.609977 0.592692 0.577712 0.564798 0.553754 0.544420 0.536667 0.530391 0.525512 12332.500000 1.301432 0.685360
0.655810 0.711028 0.778446 0.853116 0.799883 0.754615 0.715828 0.682398 0.653454 0.628318 0.606451 0.587422 0.570885 0.556557 0.544210 0.533656 0.524745 0.517351 0.511378 0.506749 0.503404 0.501303 0.500420 0.500744 0.502279 0.505044 0.509074 0.514417 0.521142 0.529338 0.539115 0.550611 0.563997 0.579480 0.597318 0.617824 0.641388 0.668495 0.699754 0.718437 0.669653 0.628491 0.593443 0.563383 0.537454 0.514992 0.495479 0.478501 0.463728 0.450893 0.439781 0.430215 0.422052 0.415173 0.409487 0.404916 0.401402 0.398902 0.397384 0.396830 0.397233 0.398598 0.400941 0.404293 0.408693 0.414200 0.420884 0.428838 0.438174 0.449031 0.461581 0.476032 0.492642 0.511730 0.533695 0.559038 0.588395 0.622589 0.662699 0.710160 0.766934 0.835764 0.920602 1.000000 0.886259 0.797475 0.726450 0.668521 0.620533 0.580277 0.546162 0.517011 0.491940 0.470268 0.451467 0.435120 0.420893 0.408520 0.397785 0.388512 0.380557 0.373804 0.368157 0.363542 0.359897 0.357176 0.355346 0.354384 0.354278 0.355028 0.356641 0.359139 0.362551 0.366921 0.372306 0.378777 0.386424 0.395359 0.405717 0.417666 0.431410 0.447205 0.465363 0.486279 0.510452 0.538519 0.571308 0.609914 1946.000000 1.488769 0.570535
0.420893 0.408520 0.397785 0.388512 0.380557 0.373804 0.368157 0.363542 0.359897 0.357176 0.355346 0.354384 0.354278 0.355028 0.356641 0.359139 0.362551 0.366921 0.372306 0.378777 0.386424 0.395359 0.405717 0.417666 0.431410 0.447205 0.465363 0.486279 0.510452 0.538519 0.571308 0.609914 0.655810 0.711028 0.778446 0.853116 0.799883 0.754615 0.715828 0.682398 0.653454 0.628318 0.606451 0.587422 0.570885 0.556557 0.544210 0.533656 0.524745 0.517351 0.511378 0.506749 0.503404 0.501303 0.500420 0.500744 0.502279 0.505044 0.509074 0.514417 0.521142 0.529338 0.539115 0.550611 0.563997 0.579480 0.597318 0.617824 0.641388 0.668495 0.699754 0.718437 0.669653 0.628491 0.593443 0.563383 0.537454 0.514992 0.495479 0.478501 0.463728 0.450893 0.439781 0.430215 0.422052 0.415173 0.409487 0.404916 0.401402 0.398902 0.397384 0.396830 0.397233 0.398598 0.400941 0.404293 0.408693 0.414200 0.420884 0.428838 0.438174 0.449031 0.461581 0.476032 0.492642 0.511730 0.533695 0.559038 0.588395 0.622589 0.662699 0.710160 0.766934 0.835764 0.920602 1.000000 0.886259 0.797475 0.726450 0.668521 0.620533 0.580277 0.546162 0.517011 0.491940 0.470268 0.451467 0.435120 1946.000000 1.488769 0.570535
0.408693 0.414200 0.420884 0.428838 0.438174 0.449031 0.461581 0.476032 0.492642 0.511730 0.533695 0.559038 0.588395 0.622589 0.662699 0.710160 0.766934 0.835764 0.920602 1.000000 0.886259 0.797475 0.726450 0.668521 0.620533 0.580277 0.546162 0.517011 0.491940 0.470268 0.451467 0.435120 0.420893 0.408520 0.397785 0.388512 0.380557 0.373804 0.368157 0.363542 0.359897 0.357176 0.355346 0.354384 0.354278 0.355028 0.356641 0.359139 0.362551 0.366921 0.372306 0.378777 0.386424 0.395359 0.405717 0.417666 0.431410 0.447205 0.465363 0.486279 0.510452 0.538519 0.571308 0.609914 0.655810 0.711028 0.778446 0.853116 0.799883 0.754615 0.715828 0.682398 0.653454 0.628318 0.606451 0.587422 0.570885 0.556557 0.544210 0.533656 0.524745 0.517351 0.511378 0.506749 0.503404 0.501303 0.500420 0.500744 0.502279 0.505044 0.509074 0.514417 0.521142 0.529338 0.539115 0.550611 0.563997 0.579480 0.597318 0.617824 0.641388 0.668495 0.699754 0.718437 0.669653 0.628491 0.593443 0.563383 0.537454 0.514992 0.495479 0.478501 0.463728 0.450893 0.439781 0.430215 0.422052 0.415173 0.409487 0.404916 0.401402 0.398902 0.397384 0.396830 0.397233 0.398598 0.400941 0.404293 1946.000000 1.488769 0.570535
0.563997 0.579480 0.597318 0.617824 0.641388 0.668495 0.699754 0.718437 0.669653 0.628491 0.593443 0.563383 0.537454 0.514992 0.495479 0.478501 0.463728 0.450893 0.439781 0.430215 0.422052 0.415173 0.409487 0.404916 0.401402 0.398902 0.397384 0.396830 0.397233 0.398598 0.400941 0.404293 0.408693 0.414200 0.420884 0.428838 0.438174 0.449031 0.461581 0.476032 0.492642 0.511730 0.533695 0.559038 0.588395 0.622589 0.662699 0.710160 0.766934 0.835764 0.920602 1.000000 0.886259 0.797475 0.726450 0.668521 0.620533 0.580277 0.546162 0.517011 0.491940 0.470268 0.451467 0.435120 0.420893 0.408520 0.397785 0.388512 0.380557 0.373804 0.368157 0.363542 0.359897 0.357176 0.355346 0.354384 0.354278 0.355028 0.356641 0.359139 0.362551 0.366921 0.372306 0.378777 0.386424 0.395359 0.405717 0.417666 0.431410 0.447205 0.465363 0.486279 0.510452 0.538519 0.571308 0.609914 0.655810 0.711028 0.778446 0.853116 0.799883 0.754615 0.715828 0.682398 0.653454 0.628318 0.606451 0.587422 0.570885 0.556557 0.544210 0.533656 0.524745 0.517351 0.511378 0.506749 0.503404 0.501303 0.500420 0.500744 0.502279 0.505044 0.509074 0.514417 0.521142 0.529338 0.539115 0.550611 1946.000000 1.488769 0.570535
0.589965 0.587669 0.586799 0.587345 0.589313 0.592726 0.597628 0.604078 0.612161 0.621981 0.633673 0.647402 0.663373 0.681836 0.703098 0.727539 0.755626 0.787942 0.825224 0.868404 0.851395 0.804943 0.765045 0.730592 0.700724 0.674763 0.652173 0.632521 0.615458 0.600700 0.588017 0.577220 0.568156 0.560703 0.554762 0.550257 0.547133 0.545349 0.544886 0.545738 0.547999 0.554811 0.563168 0.573183 0.584996 0.598778 0.614742 0.633148 0.654315 0.678638 0.706607 0.738837 0.776106 0.800733 0.781445 0.764864 0.750742 0.738881 0.729117 0.721323 0.715399 0.711272 0.708890 0.708224 0.709266 0.712029 0.716547 0.722876 0.731094 0.741307 0.753651 0.768296 0.785450 0.805373 0.828380 0.854860 0.862709 0.793734 0.736614 0.688712 0.648125 0.613452 0.583634 0.557863 0.535506 0.516068 0.499152 0.484440 0.471674 0.460645 0.451182 0.451540 0.454881 0.459386 0.465113 0.472136 0.480551 0.490473 0.502049 0.515457 0.530914 0.548690 0.569116 0.592604 0.619672 0.650974 0.687351 0.729896 0.780059 0.839797 0.911824 1.000000 0.948228 0.893296 0.846308 0.805860 0.770874 0.740510 0.714102 0.691121 0.671139 0.653810 0.638855 0.626042 0.615187 0.606137 0.598965 0.593715 5206.500000 1.102719 0.682450
0.480551 0.490473 0.502049 0.515457 0.530914 0.548690 0.569116 0.592604 0.619672 0.650974 0.687351 0.729896 0.780059 0.839797 0.911824 1.000000 0.948228 0.893296 0.846308 0.805860 0.770874 0.740510 0.714102 0.691121 0.671139 0.653810 0.638855 0.626042 0.615187 0.606137 0.598965 0.593715 0.589965 0.587669 0.586799 0.587345 0.589313 0.592726 0.597628 0.604078 0.612161 0.621981 0.633673 0.647402 0.663373 0.681836 0.703098 0.727539 0.755626 0.787942 0.825224 0.868404 0.851395 0.804943 0.765045 0.730592 0.700724 0.674763 0.652173 0.632521 0.615458 0.600700 0.588017 0.577220 0.568156 0.560703 0.554762 0.550257 0.547133 0.545349 0.544886 0.545738 0.547999 0.554811 0.563168 0.573183 0.584996 0.598778 0.614742 0.633148 0.654315 0.678638 0.706607 0.738837 0.776106 0.800733 0.781445 0.764864 0.750742 0.738881 0.729117 0.721323 0.715399 0.711272 0.708890 0.708224 0.709266 0.712029 0.716547 0.722876 0.731094 0.741307 0.753651 0.768296 0.785450 0.805373 0.828380 0.854860 0.862709 0.793734 0.736614 0.688712 0.648125 0.613452 0.583634 0.557863 0.535506 0.516068 0.499152 0.484440 0.471674 0.460645 0.451182 0.451540 0.454881 0.459386 0.465113 0.472136 5206.500000 1.102719 0.682450
0.709266 0.712029 0.716547 0.722876 0.731094 0.741307 0.753651 0.768296 0.785450 0.805373 0.828380 0.854860 0.862709 0.793734 0.736614 0.688712 0.648125 0.613452 0.583634 0.557863 0.535506 0.516068 0.499152 0.484440 0.471674 0.460645 0.451182 0.451540 0.454881 0.459386 0.465113 0.472136 0.480551 0.490473 0.502049 0.515457 0.530914 0.548690 0.569116 0.592604 0.619672 0.650974 0.687351 0.729896 0.780059 0.839797 0.911824 1.000000 0.948228 0.893296 0.846308 0.805860 0.770874 0.740510 0.714102 0.691121 0.671139 0.653810 0.638855 0.626042 0.615187 0.606137 0.598965 0.593715 0.589965 0.587669 0.586799 0.587345 0.589313 0.592726 0.597628 0.604078 0.612161 0.621981 0.633673 0.647402 0.663373 0.681836 0.703098 0.727539 0.755626 0.787942 0.825224 0.868404 0.851395 0.804943 0.765045 0.730592 0.700724 0.674763 0.652173 0.632521 0.615458 0.600700 0.588017 0.577220 0.568156 0.560703 0.554762 0.550257 0.547133 0.545349 0.544886 0.545738 0.547999 0.554811 0.563168 0.573183 0.584996 0.598778 0.614742 0.633148 0.654315 0.678638 0.706607 0.738837 0.776106 0.800733 0.781445 0.764864 0.750742 0.738881 0.729117 0.721323 0.715399 0.711272 0.708890 0.708224 5206.500000 1.102719 0.682450
0.568156 0.560703 0.554762 0.550257 0.547133 0.545349 0.544886 0.545738 0.547999 0.554811 0.563168 0.573183 0.584996 0.598778 0.614742 0.633148 0.654315 0.678638 0.706607 0.738837 0.776106 0.800733 0.781445 0.764864 0.750742 0.738881 0.729117 0.721323 0.715399 0.711272 0.708890 0.708224 0.709266 0.712029 0.716547 0.722876 0.731094 0.741307 0.753651 0.768296 0.785450 0.805373 0.828380 0.854860 0.862709 0.793734 0.736614 0.688712 0.648125 0.613452 0.583634 0.557863 0.535506 0.516068 0.499152 0.484440 0.471674 0.460645 0.451182 0.451540 0.454881 0.459386 0.465113 0.472136 0.480551 0.490473 0.502049 0.515457 0.530914 0.548690 0.569116 0.592604 0.619672 0.650974 0.687351 0.729896 0.780059 0.839797 0.911824 1.000000 0.948228 0.893296 0.846308 0.805860 0.770874 0.740510 0.714102 0.691121 0.671139 0.653810 0.638855 0.626042 0.615187 0.606137 0.598965 0.593715 0.589965 0.587669 0.586799 0.587345 0.589313 0.592726 0.597628 0.604078 0.612161 0.621981 0.633673 0.647402 0.663373 0.681836 0.703098 0.727539 0.755626 0.787942 0.825224 0.868404 0.851395 0.804943 0.765045 0.730592 0.700724 0.674763 0.652173 0.632521 0.615458 0.600700 0.588017 0.577220 5206.500000 1.102719 0.682450
0.612321 0.594475 0.578994 0.565628 0.554170 0.544452 0.536339 0.529722 0.524514 0.520650 0.518081 0.516777 0.516720 0.517911 0.520365 0.525854 0.533284 0.542251 0.552881 0.565324 0.579770 0.596447 0.615640 0.637696 0.663048 0.692236 0.725941 0.765034 0.810641 0.864245 0.927833 1.000000 0.968722 0.941540 0.917994 0.897706 0.880371 0.865738 0.853607 0.843816 0.836239 0.830780 0.827372 0.825974 0.826568 0.829162 0.833788 0.840502 0.849387 0.860558 0.874160 0.890379 0.909444 0.931636 0.957302 0.986867 0.989820 0.907283 0.839318 0.782580 0.734685 0.693890 0.658890 0.628694 0.602532 0.579801 0.560023 0.542815 0.527866 0.514926 0.506761 0.506694 0.507851 0.510245 0.513905 0.518878 0.525225 0.533030 0.542396 0.553455 0.566366 0.581329 0.598584 0.618431 0.641237 0.667459 0.697404 0.708808 0.722360 0.738254 0.756727 0.778071 0.802643 0.830886 0.863344 0.861784 0.851554 0.843571 0.837737 0.833978 0.832249 0.832528 0.834819 0.839150 0.845574 0.854171 0.865049 0.878352 0.894258 0.912991 0.934826 0.960100 0.951240 0.938822 0.928933 0.921447 0.916271 0.913340 0.912620 0.914101 0.900004 0.842072 0.792942 0.750939 0.714796 0.683545 0.656426 0.632844 1775.000000 1.270019 0.759628
0.851554 0.843571 0.837737 0.833978 0.832249 0.832528 0.834819 0.839150 0.845574 0.854171 0.865049 0.878352 0.894258 0.912991 0.934826 0.960100 0.951240 0.938822 0.928933 0.921447 0.916271 0.913340 0.912620 0.914101 0.900004 0.842072 0.792942 0.750939 0.714796 0.683545 0.656426 0.632844 0.612321 0.594475 0.578994 0.565628 0.554170 0.544452 0.536339 0.529722 0.524514 0.520650 0.518081 0.516777 0.516720 0.517911 0.520365 0.525854 0.533284 0.542251 0.552881 0.565324 0.579770 0.596447 0.615640 0.637696 0.663048 0.692236 0.725941 0.765034 0.810641 0.864245 0.927833 1.000000 0.968722 0.941540 0.917994 0.897706 0.880371 0.865738 0.853607 0.843816 0.836239 0.830780 0.827372 0.825974 0.826568 0.829162 0.833788 0.840502 0.849387 0.860558 0.874160 0.890379 0.909444 0.931636 0.957302 0.986867 0.989820 0.907283 0.839318 0.782580 0.734685 0.693890 0.658890 0.628694 0.602532 0.579801 0.560023 0.542815 0.527866 0.514926 0.506761 0.506694 0.507851 0.510245 0.513905 0.518878 0.525225 0.533030 0.542396 0.553455 0.566366 0.581329 0.598584 0.618431 0.641237 0.667459 0.697404 0.708808 0.722360 0.738254 0.756727 0.778071 0.802643 0.830886 0.863344 0.861784 1775.000000 1.270019 0.759628
0.602532 0.579801 0.560023 0.542815 0.527866 0.514926 0.506761 0.506694 0.507851 0.510245 0.513905 0.518878 0.525225 0.533030 0.542396 0.553455 0.566366 0.581329 0.598584 0.618431 0.641237 0.667459 0.697404 0.708808 0.722360 0.738254 0.756727 0.778071 0.802643 0.830886 0.863344 0.861784 0.851554 0.843571 0.837737 0.833978 0.832249 0.832528 0.834819 0.839150 0.845574 0.854171 0.865049 0.878352 0.894258 0.912991 0.934826 0.960100 0.951240 0.938822 0.928933 0.921447 0.916271 0.913340 0.912620 0.914101 0.900004 0.842072 0.792942 0.750939 0.714796 0.683545 0.656426 0.632844 0.612321 0.594475 0.578994 0.565628 0.554170 0.544452 0.536339 0.529722 0.524514 0.520650 0.518081 0.516777 0.516720 0.517911 0.520365 0.525854 0.533284 0.542251 0.552881 0.565324 0.579770 0.596447 0.615640 0.637696 0.663048 0.692236 0.725941 0.765034 0.810641 0.864245 0.927833 1.000000 0.968722 0.941540 0.917994 0.897706 0.880371 0.865738 0.853607 0.843816 0.836239 0.830780 0.827372 0.825974 0.826568 0.829162 0.833788 0.840502 0.849387 0.860558 0.874160 0.890379 0.909444 0.931636 0.957302 0.986867 0.989820 0.907283 0.839318 0.782580 0.734685 0.693890 0.658890 0.628694 1775.000000 1.270019 0.759628
0.968722 0.941540 0.917994 0.897706 0.880371 0.865738 0.853607 0.843816 0.836239 0.830780 0.827372 0.825974 0.826568 0.829162 0.833788 0.840502 0.849387 0.860558 0.874160 0.890379 0.909444 0.931636 0.957302 0.986867 0.989820 0.907283 0.839318 0.782580 0.734685 0.693890 0.658890 0.628694 0.602532 0.579801 0.560023 0.542815 0.527866 0.514926 0.506761 0.506694 0.507851 0.510245 0.513905 0.518878 0.525225 0.533030 0.542396 0.553455 0.566366 0.581329 0.598584 0.618431 0.641237 0.667459 0.697404 0.708808 0.722360 0.738254 0.756727 0.778071 0.802643 0.830886 0.863344 0.861784 0.851554 0.843571 0.837737 0.833978 0.832249 0.832528 0.834819 0.839150 0.845574 0.854171 0.865049 0.878352 0.894258 0.912991 0.934826 0.960100 0.951240 0.938822 0.928933 0.921447 0.916271 0.913340 0.912620 0.914101 0.900004 0.842072 0.792942 0.750939 0.714796 0.683545 0.656426 0.632844 0.612321 0.594475 0.578994 0.565628 0.554170 0.544452 0.536339 0.529722 0.524514 0.520650 0.518081 0.516777 0.516720 0.517911 0.520365 0.525854 0.533284 0.542251 0.552881 0.565324 0.579770 0.596447 0.615640 0.637696 0.663048 0.692236 0.725941 0.765034 0.810641 0.864245 0.927833 1.000000 1775.000000 1.270019 0.759628
0.786786 0.763466 0.743227 0.725737 0.710724 0.697967 0.687286 0.678538 0.671607 0.666405 0.662868 0.660952 0.660634 0.661910 0.664796 0.669326 0.675558 0.683568 0.693462 0.705371 0.719459 0.735930 0.755035 0.777081 0.802443 0.831588 0.865093 0.903679 0.948259 1.000000 0.965217 0.929006 0.897497 0.870083 0.846273 0.825667 0.807941 0.792829 0.780118 0.769633 0.761235 0.754817 0.750299 0.747625 0.746763 0.747702 0.750454 0.755051 0.761552 0.770036 0.780613 0.793423 0.808641 0.826484 0.847220 0.871175 0.894679 0.863295 0.835984 0.812245 0.791672 0.773934 0.758760 0.745933 0.735274 0.726642 0.719924 0.715035 0.711917 0.710529 0.710857 0.712902 0.716692 0.722271 0.729709 0.739101 0.750570 0.764270 0.780395 0.799182 0.820922 0.845973 0.874775 0.907872 0.884757 0.860171 0.838881 0.820548 0.804897 0.791704 0.780786 0.772000 0.765233 0.760399 0.757440 0.756318 0.757020 0.759556 0.763955 0.770271 0.778585 0.789001 0.801657 0.816726 0.812234 0.800954 0.791864 0.784848 0.779817 0.776710 0.775488 0.776137 0.778664 0.783100 0.789501 0.797944 0.808540 0.821426 0.836777 0.854813 0.875799 0.900064 0.928012 0.960138 0.920702 0.879844 0.844407 0.813597 1509.500000 1.120419 0.838054
0.757020 0.759556 0.763955 0.770271 0.778585 0.789001 0.801657 0.816726 0.812234 0.800954 0.791864 0.784848 0.779817 0.776710 0.775488 0.776137 0.778664 0.783100 0.789501 0.797944 0.808540 0.821426 0.836777 0.854813 0.875799 0.900064 0.928012 0.960138 0.920702 0.879844 0.844407 0.813597 0.786786 0.763466 0.743227 0.725737 0.710724 0.697967 0.687286 0.678538 0.671607 0.666405 0.662868 0.660952 0.660634 0.661910 0.664796 0.669326 0.675558 0.683568 0.693462 0.705371 0.719459 0.735930 0.755035 0.777081 0.802443 0.831588 0.865093 0.903679 0.948259 1.000000 0.965217 0.929006 0.897497 0.870083 0.846273 0.825667 0.807941 0.792829 0.780118 0.769633 0.761235 0.754817 0.750299 0.747625 0.746763 0.747702 0.750454 0.755051 0.761552 0.770036 0.780613 0.793423 0.808641 0.826484 0.847220 0.871175 0.894679 0.863295 0.835984 0.812245 0.791672 0.773934 0.758760 0.745933 0.735274 0.726642 0.719924 0.715035 0.711917 0.710529 0.710857 0.712902 0.716692 0.722271 0.729709 0.739101 0.750570 0.764270 0.780395 0.799182 0.820922 0.845973 0.874775 0.907872 0.884757 0.860171 0.838881 0.820548 0.804897 0.791704 0.780786 0.772000 0.765233 0.760399 0.757440 0.756318 1509.500000 1.120419 0.838054
0.735274 0.726642 0.719924 0.715035 0.711917 0.710529 0.710857 0.712902 0.716692 0.722271 0.729709 0.739101 0.750570 0.764270 0.780395 0.799182 0.820922 0.845973 0.874775 0.907872 0.884757 0.860171 0.838881 0.820548 0.804897 0.791704 0.780786 0.772000 0.765233 0.760399 0.757440 0.756318 0.757020 0.759556 0.763955 0.770271 0.778585 0.789001 0.801657 0.816726 0.812234 0.800954 0.791864 0.784848 0.779817 0.776710 0.775488 0.776137 0.778664 0.783100 0.789501 0.797944 0.808540 0.821426 0.836777 0.854813 0.875799 0.900064 0.928012 0.960138 0.920702 0.879844 0.844407 0.813597 0.786786 0.763466 0.743227 0.725737 0.710724 0.697967 0.687286 0.678538 0.671607 0.666405 0.662868 0.660952 0.660634 0.661910 0.664796 0.669326 0.675558 0.683568 0.693462 0.705371 0.719459 0.735930 0.755035 0.777081 0.802443 0.831588 0.865093 0.903679 0.948259 1.000000 0.965217 0.929006 0.897497 0.870083 0.846273 0.825667 0.807941 0.792829 0.780118 0.769633 0.761235 0.754817 0.750299 0.747625 0.746763 0.747702 0.750454 0.755051 0.761552 0.770036 0.780613 0.793423 0.808641 0.826484 0.847220 0.871175 0.894679 0.863295 0.835984 0.812245 0.791672 0.773934 0.758760 0.745933 1509.500000 1.120419 0.838054
0.897497 0.870083 0.846273 0.825667 0.807941 0.792829 0.780118 0.769633 0.761235 0.754817 0.750299 0.747625 0.746763 0.747702 0.750454 0.755051 0.761552 0.770036 0.780613 0.793423 0.808641 0.826484 0.847220 0.871175 0.894679 0.863295 0.835984 0.812245 0.791672 0.773934 0.758760 0.745933 0.735274 0.726642 0.719924 0.715035 0.711917 0.710529 0.710857 0.712902 0.716692 0.722271 0.729709 0.739101 0.750570 0.764270 0.780395 0.799182 0.820922 0.845973 0.874775 0.907872 0.884757 0.860171 0.838881 0.820548 0.804897 0.791704 0.780786 0.772000 0.765233 0.760399 0.757440 0.756318 0.757020 0.759556 0.763955 0.770271 0.778585 0.789001 0.801657 0.816726 0.812234 0.800954 0.791864 0.784848 0.779817 0.776710 0.775488 0.776137 0.778664 0.783100 0.789501 0.797944 0.808540 0.821426 0.836777 0.854813 0.875799 0.900064 0.928012 0.960138 0.920702 0.879844 0.844407 0.813597 0.786786 0.763466 0.743227 0.725737 0.710724 0.697967 0.687286 0.678538 0.671607 0.666405 0.662868 0.660952 0.660634 0.661910 0.664796 0.669326 0.675558 0.683568 0.693462 0.705371 0.719459 0.735930 0.755035 0.777081 0.802443 0.831588 0.865093 0.903679 0.948259 1.000000 0.965217 0.929006 1509.500000 1.120419 0.838054
0.757086 0.747088 0.739107 0.733043 0.728819 0.726383 0.725706 0.726779 0.729616 0.734251 0.740741 0.749168 0.759639 0.772295 0.787308 0.804894 0.825317 0.848902 0.876047 0.907244 0.937739 0.924058 0.912938 0.904235 0.897839 0.893671 0.891680 0.891841 0.894156 0.898654 0.905390 0.914448 0.925941 0.940021 0.956876 0.921063 0.875146 0.835507 0.801150 0.771291 0.745310 0.722706 0.703076 0.686094 0.671492 0.659054 0.648602 0.640721 0.637434 0.635705 0.635511 0.636851 0.639742 0.644218 0.650335 0.658170 0.667824 0.679427 0.693140 0.709161 0.727735 0.749162 0.773809 0.802131 0.834693 0.872200 0.915546 0.938830 0.931611 0.926718 0.924091 0.923698 0.925534 0.929621 0.936009 0.944777 0.956037 0.969932 0.986650 1.000000 0.949728 0.906347 0.868758 0.836096 0.807677 0.782950 0.761473 0.742884 0.726890 0.713253 0.701777 0.692306 0.684973 0.680956 0.678611 0.677910 0.678844 0.681425 0.685683 0.691672 0.699466 0.709166 0.720900 0.734829 0.751151 0.770113 0.792014 0.817224 0.846197 0.879497 0.917827 0.962073 0.995518 0.958081 0.925506 0.897164 0.872546 0.851239 0.832906 0.817274 0.804119 0.793262 0.784559 0.777898 0.773197 0.770397 0.769464 0.769234 16740.500000 1.099063 0.826799
0.678844 0.681425 0.685683 0.691672 0.699466 0.709166 0.720900 0.734829 0.751151 0.770113 0.792014 0.817224 0.846197 0.879497 0.917827 0.962073 0.995518 0.958081 0.925506 0.897164 0.872546 0.851239 0.832906 0.817274 0.804119 0.793262 0.784559 0.777898 0.773197 0.770397 0.769464 0.769234 0.757086 0.747088 0.739107 0.733043 0.728819 0.726383 0.725706 0.726779 0.729616 0.734251 0.740741 0.749168 0.759639 0.772295 0.787308 0.804894 0.825317 0.848902 0.876047 0.907244 0.937739 0.924058 0.912938 0.904235 0.897839 0.893671 0.891680 0.891841 0.894156 0.898654 0.905390 0.914448 0.925941 0.940021 0.956876 0.921063 0.875146 0.835507 0.801150 0.771291 0.745310 0.722706 0.703076 0.686094 0.671492 0.659054 0.648602 0.640721 0.637434 0.635705 0.635511 0.636851 0.639742 0.644218 0.650335 0.658170 0.667824 0.679427 0.693140 0.709161 0.727735 0.749162 0.773809 0.802131 0.834693 0.872200 0.915546 0.938830 0.931611 0.926718 0.924091 0.923698 0.925534 0.929621 0.936009 0.944777 0.956037 0.969932 0.986650 1.000000 0.949728 0.906347 0.868758 0.836096 0.807677 0.782950 0.761473 0.742884 0.726890 0.713253 0.701777 0.692306 0.684973 0.680956 0.678611 0.677910 16740.500000 1.099063 0.826799
0.834693 0.872200 0.915546 0.938830 0.931611 0.926718 0.924091 0.923698 0.925534 0.929621 0.936009 0.944777 0.956037 0.969932 0.986650 1.000000 0.949728 0.906347 0.868758 0.836096 0.807677 0.782950 0.761473 0.742884 0.726890 0.713253 0.701777 0.692306 0.684973 0.680956 0.678611 0.677910 0.678844 0.681425 0.685683 0.691672 0.699466 0.709166 0.720900 0.734829 0.751151 0.770113 0.792014 0.817224 0.846197 0.879497 0.917827 0.962073 0.995518 0.958081 0.925506 0.897164 0.872546 0.851239 0.832906 0.817274 0.804119 0.793262 0.784559 0.777898 0.773197 0.770397 0.769464 0.769234 0.757086 0.747088 0.739107 0.733043 0.728819 0.726383 0.725706 0.726779 0.729616 0.734251 0.740741 0.749168 0.759639 0.772295 0.787308 0.804894 0.825317 0.848902 0.876047 0.907244 0.937739 0.924058 0.912938 0.904235 0.897839 0.893671 0.891680 0.891841 0.894156 0.898654 0.905390 0.914448 0.925941 0.940021 0.956876 0.921063 0.875146 0.835507 0.801150 0.771291 0.745310 0.722706 0.703076 0.686094 0.671492 0.659054 0.648602 0.640721 0.637434 0.635705 0.635511 0.636851 0.639742 0.644218 0.650335 0.658170 0.667824 0.679427 0.693140 0.709161 0.727735 0.749162 0.773809 0.802131 16740.500000 1.099063 0.826799
0.925941 0.940021 0.956876 0.921063 0.875146 0.835507 0.801150 0.771291 0.745310 0.722706 0.703076 0.686094 0.671492 0.659054 0.648602 0.640721 0.637434 0.635705 0.635511 0.636851 0.639742 0.644218 0.650335 0.658170 0.667824 0.679427 0.693140 0.709161 0.727735 0.749162 0.773809 0.802131 0.834693 0.872200 0.915546 0.938830 0.931611 0.926718 0.924091 0.923698 0.925534 0.929621 0.936009 0.944777 0.956037 0.969932 0.986650 1.000000 0.949728 0.906347 0.868758 0.836096 0.807677 0.782950 0.761473 0.742884 0.726890 0.713253 0.701777 0.692306 0.684973 0.680956 0.678611 0.677910 0.678844 0.681425 0.685683 0.691672 0.699466 0.709166 0.720900 0.734829 0.751151 0.770113 0.792014 0.817224 0.846197 0.879497 0.917827 0.962073 0.995518 0.958081 0.925506 0.897164 0.872546 0.851239 0.832906 0.817274 0.804119 0.793262 0.784559 0.777898 0.773197 0.770397 0.769464 0.769234 0.757086 0.747088 0.739107 0.733043 0.728819 0.726383 0.725706 0.726779 0.729616 0.734251 0.740741 0.749168 0.759639 0.772295 0.787308 0.804894 0.825317 0.848902 0.876047 0.907244 0.937739 0.924058 0.912938 0.904235 0.897839 0.893671 0.891680 0.891841 0.894156 0.898654 0.905390 0.914448 16740.500000 1.099063 0.826799
0.618395 0.629449 0.642480 0.657681 0.675284 0.695578 0.718188 0.688031 0.661836 0.639045 0.619213 0.601982 0.587060 0.574209 0.563237 0.553986 0.546329 0.540164 0.535412 0.532014 0.529927 0.529126 0.529602 0.531359 0.534420 0.538822 0.544025 0.546408 0.550143 0.555277 0.561873 0.570018 0.579820 0.591415 0.604970 0.620691 0.638831 0.659701 0.683683 0.711252 0.743004 0.779689 0.822268 0.871989 0.930495 1.000000 0.907434 0.817212 0.744941 0.685933 0.637008 0.595939 0.561114 0.531343 0.505730 0.484181 0.477065 0.471274 0.466733 0.463384 0.461186 0.460112 0.460149 0.461297 0.463571 0.466998 0.471621 0.477497 0.484705 0.493340 0.503523 0.515404 0.529164 0.545028 0.563272 0.584236 0.608342 0.636123 0.668248 0.705581 0.749244 0.756598 0.731097 0.708911 0.689644 0.672975 0.658643 0.646433 0.636172 0.627720 0.620966 0.615824 0.612229 0.610137 0.609523 0.610379 0.612715 0.616561 0.621963 0.628989 0.637730 0.648300 0.660846 0.675547 0.692623 0.712346 0.735047 0.761137 0.742615 0.716203 0.693219 0.673235 0.655907 0.640954 0.628147 0.617300 0.608262 0.600911 0.595152 0.590913 0.588141 0.586801 0.586879 0.588374 0.591304 0.595707 0.601635 0.609166 2141.500000 1.215987 0.707046
0.612715 0.616561 0.621963 0.628989 0.637730 0.648300 0.660846 0.675547 0.692623 0.712346 0.735047 0.761137 0.742615 0.716203 0.693219 0.673235 0.655907 0.640954 0.628147 0.617300 0.608262 0.600911 0.595152 0.590913 0.588141 0.586801 0.586879 0.588374 0.591304 0.595707 0.601635 0.609166 0.618395 0.629449 0.642480 0.657681 0.675284 0.695578 0.718188 0.688031 0.661836 0.639045 0.619213 0.601982 0.587060 0.574209 0.563237 0.553986 0.546329 0.540164 0.535412 0.532014 0.529927 0.529126 0.529602 0.531359 0.534420 0.538822 0.544025 0.546408 0.550143 0.555277 0.561873 0.570018 0.579820 0.591415 0.604970 0.620691 0.638831 0.659701 0.683683 0.711252 0.743004 0.779689 0.822268 0.871989 0.930495 1.000000 0.907434 0.817212 0.744941 0.685933 0.637008 0.595939 0.561114 0.531343 0.505730 0.484181 0.477065 0.471274 0.466733 0.463384 0.461186 0.460112 0.460149 0.461297 0.463571 0.466998 0.471621 0.477497 0.484705 0.493340 0.503523 0.515404 0.529164 0.545028 0.563272 0.584236 0.608342 0.636123 0.668248 0.705581 0.749244 0.756598 0.731097 0.708911 0.689644 0.672975 0.658643 0.646433 0.636172 0.627720 0.620966 0.615824 0.612229 0.610137 0.609523 0.610379 2141.500000 1.215987 0.707046
0.463571 0.466998 0.471621 0.477497 0.484705 0.493340 0.503523 0.515404 0.529164 0.545028 0.563272 0.584236 0.608342 0.636123 0.668248 0.705581 0.749244 0.756598 0.731097 0.708911 0.689644 0.672975 0.658643 0.646433 0.636172 0.627720 0.620966 0.615824 0.612229 0.610137 0.609523 0.610379 0.612715 0.616561 0.621963 0.628989 0.637730 0.648300 0.660846 0.675547 0.692623 0.712346 0.735047 0.761137 0.742615 0.716203 0.693219 0.673235 0.655907 0.640954 0.628147 0.617300 0.608262 0.600911 0.595152 0.590913 0.588141 0.586801 0.586879 0.588374 0.591304 0.595707 0.601635 0.609166 0.618395 0.629449 0.642480 0.657681 0.675284 0.695578 0.718188 0.688031 0.661836 0.639045 0.619213 0.601982 0.587060 0.574209 0.563237 0.553986 0.546329 0.540164 0.535412 0.532014 0.529927 0.529126 0.529602 0.531359 0.534420 0.538822 0.544025 0.546408 0.550143 0.555277 0.561873 0.570018 0.579820 0.591415 0.604970 0.620691 0.638831 0.659701 0.683683 0.711252 0.743004 0.779689 0.822268 0.871989 0.930495 1.000000 0.907434 0.817212 0.744941 0.685933 0.637008 0.595939 0.561114 0.531343 0.505730 0.484181 0.477065 0.471274 0.466733 0.463384 0.461186 0.460112 0.460149 0.461297 2141.500000 1.215987 0.707046
0.579820 0.591415 0.604970 0.620691 0.638831 0.659701 0.683683 0.711252 0.743004 0.779689 0.822268 0.871989 0.930495 1.000000 0.907434 0.817212 0.744941 0.685933 0.637008 0.595939 0.561114 0.531343 0.505730 0.484181 0.477065 0.471274 0.466733 0.463384 0.461186 0.460112 0.460149 0.461297 0.463571 0.466998 0.471621 0.477497 0.484705 0.493340 0.503523 0.515404 0.529164 0.545028 0.563272 0.584236 0.608342 0.636123 0.668248 0.705581 0.749244 0.756598 0.731097 0.708911 0.689644 0.672975 0.658643 0.646433 0.636172 0.627720 0.620966 0.615824 0.612229 0.610137 0.609523 0.610379 0.612715 0.616561 0.621963 0.628989 0.637730 0.648300 0.660846 0.675547 0.692623 0.712346 0.735047 0.761137 0.742615 0.716203 0.693219 0.673235 0.655907 0.640954 0.628147 0.617300 0.608262 0.600911 0.595152 0.590913 0.588141 0.586801 0.586879 0.588374 0.591304 0.595707 0.601635 0.609166 0.618395 0.629449 0.642480 0.657681 0.675284 0.695578 0.718188 0.688031 0.661836 0.639045 0.619213 0.601982 0.587060 0.574209 0.563237 0.553986 0.546329 0.540164 0.535412 0.532014 0.529927 0.529126 0.529602 0.531359 0.534420 0.538822 0.544025 0.546408 0.550143 0.555277 0.561873 0.570018 2141.500000 1.215987 0.707046
0.623745 0.615380 0.608683 0.603569 0.599973 0.597852 0.597179 0.597946 0.600164 0.603858 0.609074 0.615877 0.624355 0.634621 0.646814 0.661108 0.677718 0.696906 0.718995 0.744382 0.773560 0.807142 0.845902 0.890827 0.943191 1.000000 0.936291 0.882212 0.835943 0.796107 0.761647 0.731736 0.705721 0.683082 0.663399 0.646331 0.631603 0.618990 0.608307 0.599406 0.592168 0.586499 0.582327 0.579600 0.578285 0.578367 0.579845 0.582739 0.587083 0.592931 0.593315 0.593479 0.595076 0.598127 0.602669 0.608758 0.616472 0.625910 0.637202 0.650504 0.666012 0.683965 0.704658 0.728452 0.755793 0.787237 0.823481 0.865408 0.914155 0.901554 0.851600 0.808737 0.771753 0.739707 0.711863 0.687636 0.666556 0.648246 0.632398 0.618761 0.607131 0.597343 0.589263 0.583163 0.581649 0.581540 0.582834 0.585549 0.589716 0.595388 0.602635 0.611553 0.622260 0.634905 0.649673 0.666789 0.686529 0.709235 0.735326 0.765324 0.799883 0.839830 0.886223 0.940440 0.901064 0.856735 0.818443 0.785239 0.756374 0.731256 0.709406 0.690440 0.674042 0.659959 0.647981 0.637939 0.629698 0.623149 0.618209 0.614816 0.612929 0.612524 0.613598 0.616161 0.620247 0.625906 0.633208 0.633889 6091.000000 1.127469 0.731748
0.686529 0.709235 0.735326 0.765324 0.799883 0.839830 0.886223 0.940440 0.901064 0.856735 0.818443 0.785239 0.756374 0.731256 0.709406 0.690440 0.674042 0.659959 0.647981 0.637939 0.629698 0.623149 0.618209 0.614816 0.612929 0.612524 0.613598 0.616161 0.620247 0.625906 0.633208 0.633889 0.623745 0.615380 0.608683 0.603569 0.599973 0.597852 0.597179 0.597946 0.600164 0.603858 0.609074 0.615877 0.624355 0.634621 0.646814 0.661108 0.677718 0.696906 0.718995 0.744382 0.773560 0.807142 0.845902 0.890827 0.943191 1.000000 0.936291 0.882212 0.835943 0.796107 0.761647 0.731736 0.705721 0.683082 0.663399 0.646331 0.631603 0.618990 0.608307 0.599406 0.592168 0.586499 0.582327 0.579600 0.578285 0.578367 0.579845 0.582739 0.587083 0.592931 0.593315 0.593479 0.595076 0.598127 0.602669 0.608758 0.616472 0.625910 0.637202 0.650504 0.666012 0.683965 0.704658 0.728452 0.755793 0.787237 0.823481 0.865408 0.914155 0.901554 0.851600 0.808737 0.771753 0.739707 0.711863 0.687636 0.666556 0.648246 0.632398 0.618761 0.607131 0.597343 0.589263 0.583163 0.581649 0.581540 0.582834 0.585549 0.589716 0.595388 0.602635 0.611553 0.622260 0.634905 0.649673 0.666789 6091.000000 1.127469 0.731748
0.755793 0.787237 0.823481 0.865408 0.914155 0.901554 0.851600 0.808737 0.771753 0.739707 0.711863 0.687636 0.666556 0.648246 0.632398 0.618761 0.607131 0.597343 0.589263 0.583163 0.581649 0.581540 0.582834 0.585549 0.589716 0.595388 0.602635 0.611553 0.622260 0.634905 0.649673 0.666789 0.686529 0.709235 0.735326 0.765324 0.799883 0.839830 0.886223 0.940440 0.901064 0.856735 0.818443 0.785239 0.756374 0.731256 0.709406 0.690440 0.674042 0.659959 0.647981 0.637939 0.629698 0.623149 0.618209 0.614816 0.612929 0.612524 0.613598 0.616161 0.620247 0.625906 0.633208 0.633889 0.623745 0.615380 0.608683 0.603569 0.599973 0.597852 0.597179 0.597946 0.600164 0.603858 0.609074 0.615877 0.624355 0.634621 0.646814 0.661108 0.677718 0.696906 0.718995 0.744382 0.773560 0.807142 0.845902 0.890827 0.943191 1.000000 0.936291 0.882212 0.835943 0.796107 0.761647 0.731736 0.705721 0.683082 0.663399 0.646331 0.631603 0.618990 0.608307 0.599406 0.592168 0.586499 0.582327 0.579600 0.578285 0.578367 0.579845 0.582739 0.587083 0.592931 0.593315 0.593479 0.595076 0.598127 0.602669 0.608758 0.616472 0.625910 0.637202 0.650504 0.666012 0.683965 0.704658 0.728452 6091.000000 1.127469 0.731748
0.705721 0.683082 0.663399 0.646331 0.631603 0.618990 0.608307 0.599406 0.592168 0.586499 0.582327 0.579600 0.578285 0.578367 0.579845 0.582739 0.587083 0.592931 0.593315 0.593479 0.595076 0.598127 0.602669 0.608758 0.616472 0.625910 0.637202 0.650504 0.666012 0.683965 0.704658 0.728452 0.755793 0.787237 0.823481 0.865408 0.914155 0.901554 0.851600 0.808737 0.771753 0.739707 0.711863 0.687636 0.666556 0.648246 0.632398 0.618761 0.607131 0.597343 0.589263 0.583163 0.581649 0.581540 0.582834 0.585549 0.589716 0.595388 0.602635 0.611553 0.622260 0.634905 0.649673 0.666789 0.686529 0.709235 0.735326 0.765324 0.799883 0.839830 0.886223 0.940440 0.901064 0.856735 0.818443 0.785239 0.756374 0.731256 0.709406 0.690440 0.674042 0.659959 0.647981 0.637939 0.629698 0.623149 0.618209 0.614816 0.612929 0.612524 0.613598 0.616161 0.620247 0.625906 0.633208 0.633889 0.623745 0.615380 0.608683 0.603569 0.599973 0.597852 0.597179 0.597946 0.600164 0.603858 0.609074 0.615877 0.624355 0.634621 0.646814 0.661108 0.677718 0.696906 0.718995 0.744382 0.773560 0.807142 0.845902 0.890827 0.943191 1.000000 0.936291 0.882212 0.835943 0.796107 0.761647 0.731736 6091.000000 1.127469 0.731748
0.866102 0.840227 0.817765 0.798346 0.781668 0.767483 0.755592 0.745833 0.738078 0.732229 0.728212 0.725979 0.725502 0.726775 0.729813 0.734655 0.741359 0.750010 0.760719 0.773630 0.752085 0.729060 0.709061 0.691751 0.676859 0.664160 0.653474 0.644655 0.637587 0.632178 0.628362 0.626090 0.625336 0.626090 0.628362 0.632178 0.637587 0.644655 0.653474 0.664160 0.676859 0.691751 0.687145 0.673248 0.661464 0.651628 0.643608 0.637300 0.632623 0.629520 0.627953 0.627903 0.629368 0.632368 0.636938 0.643135 0.651038 0.660749 0.672398 0.686149 0.702200 0.720798 0.742246 0.766913 0.795257 0.827848 0.865398 0.908810 0.959241 1.000000 0.948601 0.904299 0.865943 0.832633 0.803656 0.778439 0.756524 0.737538 0.721175 0.707190 0.695380 0.685583 0.677668 0.671533 0.667100 0.664316 0.663145 0.663575 0.665610 0.669274 0.674613 0.669386 0.654404 0.641590 0.630758 0.621759 0.614472 0.608804 0.604684 0.602059 0.600898 0.601187 0.602930 0.606147 0.610879 0.617183 0.614474 0.612284 0.611578 0.612347 0.614601 0.618366 0.623689 0.630638 0.639300 0.649791 0.662254 0.676867 0.693849 0.713468 0.736053 0.762011 0.791844 0.826179 0.865808 0.911736 0.930032 0.895849 1550.500000 1.231792 0.828012
0.614472 0.608804 0.604684 0.602059 0.600898 0.601187 0.602930 0.606147 0.610879 0.617183 0.614474 0.612284 0.611578 0.612347 0.614601 0.618366 0.623689 0.630638 0.639300 0.649791 0.662254 0.676867 0.693849 0.713468 0.736053 0.762011 0.791844 0.826179 0.865808 0.911736 0.930032 0.895849 0.866102 0.840227 0.817765 0.798346 0.781668 0.767483 0.755592 0.745833 0.738078 0.732229 0.728212 0.725979 0.725502 0.726775 0.729813 0.734655 0.741359 0.750010 0.760719 0.773630 0.752085 0.729060 0.709061 0.691751 0.676859 0.664160 0.653474 0.644655 0.637587 0.632178 0.628362 0.626090 0.625336 0.626090 0.628362 0.632178 0.637587 0.644655 0.653474 0.664160 0.676859 0.691751 0.687145 0.673248 0.661464 0.651628 0.643608 0.637300 0.632623 0.629520 0.627953 0.627903 0.629368 0.632368 0.636938 0.643135 0.651038 0.660749 0.672398 0.686149 0.702200 0.720798 0.742246 0.766913 0.795257 0.827848 0.865398 0.908810 0.959241 1.000000 0.948601 0.904299 0.865943 0.832633 0.803656 0.778439 0.756524 0.737538 0.721175 0.707190 0.695380 0.685583 0.677668 0.671533 0.667100 0.664316 0.663145 0.663575 0.665610 0.669274 0.674613 0.669386 0.654404 0.641590 0.630758 0.621759 1550.500000 1.231792 0.828012
0.795257 0.827848 0.865398 0.908810 0.959241 1.000000 0.948601 0.904299 0.865943 0.832633 0.803656 0.778439 0.756524 0.737538 0.721175 0.707190 0.695380 0.685583 0.677668 0.671533 0.667100 0.664316 0.663145 0.663575 0.665610 0.669274 0.674613 0.669386 0.654404 0.641590 0.630758 0.621759 0.614472 0.608804 0.604684 0.602059 0.600898 0.601187 0.602930 0.606147 0.610879 0.617183 0.614474 0.612284 0.611578 0.612347 0.614601 0.618366 0.623689 0.630638 0.639300 0.649791 0.662254 0.676867 0.693849 0.713468 0.736053 0.762011 0.791844 0.826179 0.865808 0.911736 0.930032 0.895849 0.866102 0.840227 0.817765 0.798346 0.781668 0.767483 0.755592 0.745833 0.738078 0.732229 0.728212 0.725979 0.725502 0.726775 0.729813 0.734655 0.741359 0.750010 0.760719 0.773630 0.752085 0.729060 0.709061 0.691751 0.676859 0.664160 0.653474 0.644655 0.637587 0.632178 0.628362 0.626090 0.625336 0.626090 0.628362 0.632178 0.637587 0.644655 0.653474 0.664160 0.676859 0.691751 0.687145 0.673248 0.661464 0.651628 0.643608 0.637300 0.632623 0.629520 0.627953 0.627903 0.629368 0.632368 0.636938 0.643135 0.651038 0.660749 0.672398 0.686149 0.702200 0.720798 0.742246 0.766913 1550.500000 1.231792 0.828012
0.625336 0.626090 0.628362 0.632178 0.637587 0.644655 0.653474 0.664160 0.676859 0.691751 0.687145 0.673248 0.661464 0.651628 0.643608 0.637300 0.632623 0.629520 0.627953 0.627903 0.629368 0.632368 0.636938 0.643135 0.651038 0.660749 0.672398 0.686149 0.702200 0.720798 0.742246 0.766913 0.795257 0.827848 0.865398 0.908810 0.959241 1.000000 0.948601 0.904299 0.865943 0.832633 0.803656 0.778439 0.756524 0.737538 0.721175 0.707190 0.695380 0.685583 0.677668 0.671533 0.667100 0.664316 0.663145 0.663575 0.665610 0.669274 0.674613 0.669386 0.654404 0.641590 0.630758 0.621759 0.614472 0.608804 0.604684 0.602059 0.600898 0.601187 0.602930 0.606147 0.610879 0.617183 0.614474 0.612284 0.611578 0.612347 0.614601 0.618366 0.623689 0.630638 0.639300 0.649791 0.662254 0.676867 0.693849 0.713468 0.736053 0.762011 0.791844 0.826179 0.865808 0.911736 0.930032 0.895849 0.866102 0.840227 0.817765 0.798346 0.781668 0.767483 0.755592 0.745833 0.738078 0.732229 0.728212 0.725979 0.725502 0.726775 0.729813 0.734655 0.741359 0.750010 0.760719 0.773630 0.752085 0.729060 0.709061 0.691751 0.676859 0.664160 0.653474 0.644655 0.637587 0.632178 0.628362 0.626090 1550.500000 1.231792 0.828012
0.870215 0.924967 0.989616 1.000000 0.945125 0.898011 0.857338 0.822084 0.791447 0.764787 0.741593 0.721451 0.704026 0.689043 0.676281 0.665556 0.656724 0.649668 0.644297 0.640545 0.638366 0.637732 0.638637 0.624338 0.597743 0.574649 0.554560 0.537078 0.521883 0.508716 0.497366 0.487661 0.479460 0.472650 0.467140 0.462860 0.459755 0.457787 0.456931 0.458127 0.460637 0.464299 0.469159 0.475280 0.482740 0.491642 0.502110 0.514300 0.528402 0.544647 0.563323 0.584784 0.609472 0.637941 0.670894 0.709240 0.754162 0.807235 0.870600 0.893858 0.880350 0.869308 0.860587 0.854076 0.849695 0.847389 0.847131 0.848918 0.852771 0.858738 0.851319 0.811263 0.776593 0.746490 0.720304 0.697516 0.677708 0.660542 0.645741 0.633081 0.622378 0.613484 0.606281 0.600675 0.596596 0.593994 0.592836 0.593109 0.594815 0.597976 0.589285 0.577367 0.567261 0.558826 0.551948 0.546538 0.542528 0.539867 0.538523 0.538480 0.539737 0.542309 0.546228 0.551543 0.558320 0.566648 0.574905 0.569594 0.565730 0.563266 0.562172 0.562435 0.564057 0.567059 0.571477 0.577366 0.584801 0.593880 0.604725 0.617488 0.632358 0.649566 0.669394 0.692191 0.718386 0.748517 0.783256 0.823455 3676.000000 1.498261 0.774152
0.542528 0.539867 0.538523 0.538480 0.539737 0.542309 0.546228 0.551543 0.558320 0.566648 0.574905 0.569594 0.565730 0.563266 0.562172 0.562435 0.564057 0.567059 0.571477 0.577366 0.584801 0.593880 0.604725 0.617488 0.632358 0.649566 0.669394 0.692191 0.718386 0.748517 0.783256 0.823455 0.870215 0.924967 0.989616 1.000000 0.945125 0.898011 0.857338 0.822084 0.791447 0.764787 0.741593 0.721451 0.704026 0.689043 0.676281 0.665556 0.656724 0.649668 0.644297 0.640545 0.638366 0.637732 0.638637 0.624338 0.597743 0.574649 0.554560 0.537078 0.521883 0.508716 0.497366 0.487661 0.479460 0.472650 0.467140 0.462860 0.459755 0.457787 0.456931 0.458127 0.460637 0.464299 0.469159 0.475280 0.482740 0.491642 0.502110 0.514300 0.528402 0.544647 0.563323 0.584784 0.609472 0.637941 0.670894 0.709240 0.754162 0.807235 0.870600 0.893858 0.880350 0.869308 0.860587 0.854076 0.849695 0.847389 0.847131 0.848918 0.852771 0.858738 0.851319 0.811263 0.776593 0.746490 0.720304 0.697516 0.677708 0.660542 0.645741 0.633081 0.622378 0.613484 0.606281 0.600675 0.596596 0.593994 0.592836 0.593109 0.594815 0.597976 0.589285 0.577367 0.567261 0.558826 0.551948 0.546538 3676.000000 1.498261 0.774152
0.849695 0.847389 0.847131 0.848918 0.852771 0.858738 0.851319 0.811263 0.776593 0.746490 0.720304 0.697516 0.677708 0.660542 0.645741 0.633081 0.622378 0.613484 0.606281 0.600675 0.596596 0.593994 0.592836 0.593109 0.594815 0.597976 0.589285 0.577367 0.567261 0.558826 0.551948 0.546538 0.542528 0.539867 0.538523 0.538480 0.539737 0.542309 0.546228 0.551543 0.558320 0.566648 0.574905 0.569594 0.565730 0.563266 0.562172 0.562435 0.564057 0.567059 0.571477 0.577366 0.584801 0.593880 0.604725 0.617488 0.632358 0.649566 0.669394 0.692191 0.718386 0.748517 0.783256 0.823455 0.870215 0.924967 0.989616 1.000000 0.945125 0.898011 0.857338 0.822084 0.791447 0.764787 0.741593 0.721451 0.704026 0.689043 0.676281 0.665556 0.656724 0.649668 0.644297 0.640545 0.638366 0.637732 0.638637 0.624338 0.597743 0.574649 0.554560 0.537078 0.521883 0.508716 0.497366 0.487661 0.479460 0.472650 0.467140 0.462860 0.459755 0.457787 0.456931 0.458127 0.460637 0.464299 0.469159 0.475280 0.482740 0.491642 0.502110 0.514300 0.528402 0.544647 0.563323 0.584784 0.609472 0.637941 0.670894 0.709240 0.754162 0.807235 0.870600 0.893858 0.880350 0.869308 0.860587 0.854076 3676.000000 1.498261 0.774152
0.479460 0.472650 0.467140 0.462860 0.459755 0.457787 0.456931 0.458127 0.460637 0.464299 0.469159 0.475280 0.482740 0.491642 0.502110 0.514300 0.528402 0.544647 0.563323 0.584784 0.609472 0.637941 0.670894 0.709240 0.754162 0.807235 0.870600 0.893858 0.880350 0.869308 0.860587 0.854076 0.849695 0.847389 0.847131 0.848918 0.852771 0.858738 0.851319 0.811263 0.776593 0.746490 0.720304 0.697516 0.677708 0.660542 0.645741 0.633081 0.622378 0.613484 0.606281 0.600675 0.596596 0.593994 0.592836 0.593109 0.594815 0.597976 0.589285 0.577367 0.567261 0.558826 0.551948 0.546538 0.542528 0.539867 0.538523 0.538480 0.539737 0.542309 0.546228 0.551543 0.558320 0.566648 0.574905 0.569594 0.565730 0.563266 0.562172 0.562435 0.564057 0.567059 0.571477 0.577366 0.584801 0.593880 0.604725 0.617488 0.632358 0.649566 0.669394 0.692191 0.718386 0.748517 0.783256 0.823455 0.870215 0.924967 0.989616 1.000000 0.945125 0.898011 0.857338 0.822084 0.791447 0.764787 0.741593 0.721451 0.704026 0.689043 0.676281 0.665556 0.656724 0.649668 0.644297 0.640545 0.638366 0.637732 0.638637 0.624338 0.597743 0.574649 0.554560 0.537078 0.521883 0.508716 0.497366 0.487661 3676.000000 1.498261 0.774152
0.819632 0.754254 0.700098 0.654670 0.616171 0.583277 0.554985 0.530530 0.509315 0.490868 0.474815 0.460853 0.448739 0.438275 0.429298 0.421677 0.415305 0.410096 0.405981 0.402910 0.400843 0.399755 0.399634 0.400477 0.402294 0.405109 0.408955 0.413882 0.419953 0.427250 0.435873 0.445948 0.457628 0.471101 0.486601 0.504411 0.524887 0.548473 0.575730 0.607378 0.644351 0.687882 0.739630 0.801888 0.834302 0.784976 0.742846 0.706624 0.675322 0.648170 0.624564 0.604021 0.586153 0.570647 0.557248 0.545749 0.535980 0.527804 0.521109 0.515810 0.511838 0.509144 0.507694 0.507473 0.508475 0.510715 0.514218 0.519029 0.525208 0.532835 0.542012 0.552866 0.565553 0.580267 0.597245 0.616777 0.639221 0.665023 0.694740 0.729076 0.768931 0.815473 0.760998 0.707820 0.663082 0.625080 0.592547 0.564526 0.540278 0.519227 0.500916 0.484982 0.471129 0.459122 0.448765 0.439902 0.432404 0.426167 0.421107 0.417159 0.414273 0.412413 0.411557 0.411694 0.412827 0.414968 0.418144 0.422394 0.427773 0.434350 0.442215 0.451477 0.462274 0.474771 0.489174 0.505734 0.524764 0.546650 0.571879 0.601067 0.635007 0.674732 0.721614 0.777510 0.844998 0.927765 1.000000 0.899791 6714.500000 1.328820 0.587050
0.432404 0.426167 0.421107 0.417159 0.414273 0.412413 0.411557 0.411694 0.412827 0.414968 0.418144 0.422394 0.427773 0.434350 0.442215 0.451477 0.462274 0.474771 0.489174 0.505734 0.524764 0.546650 0.571879 0.601067 0.635007 0.674732 0.721614 0.777510 0.844998 0.927765 1.000000 0.899791 0.819632 0.754254 0.700098 0.654670 0.616171 0.583277 0.554985 0.530530 0.509315 0.490868 0.474815 0.460853 0.448739 0.438275 0.429298 0.421677 0.415305 0.410096 0.405981 0.402910 0.400843 0.399755 0.399634 0.400477 0.402294 0.405109 0.408955 0.413882 0.419953 0.427250 0.435873 0.445948 0.457628 0.471101 0.486601 0.504411 0.524887 0.548473 0.575730 0.607378 0.644351 0.687882 0.739630 0.801888 0.834302 0.784976 0.742846 0.706624 0.675322 0.648170 0.624564 0.604021 0.586153 0.570647 0.557248 0.545749 0.535980 0.527804 0.521109 0.515810 0.511838 0.509144 0.507694 0.507473 0.508475 0.510715 0.514218 0.519029 0.525208 0.532835 0.542012 0.552866 0.565553 0.580267 0.597245 0.616777 0.639221 0.665023 0.694740 0.729076 0.768931 0.815473 0.760998 0.707820 0.663082 0.625080 0.592547 0.564526 0.540278 0.519227 0.500916 0.484982 0.471129 0.459122 0.448765 0.439902 6714.500000 1.328820 0.587050
0.508475 0.510715 0.514218 0.519029 0.525208 0.532835 0.542012 0.552866 0.565553 0.580267 0.597245 0.616777 0.639221 0.665023 0.694740 0.729076 0.768931 0.815473 0.760998 0.707820 0.663082 0.625080 0.592547 0.564526 0.540278 0.519227 0.500916 0.484982 0.471129 0.459122 0.448765 0.439902 0.432404 0.426167 0.421107 0.417159 0.414273 0.412413 0.411557 0.411694 0.412827 0.414968 0.418144 0.422394 0.427773 0.434350 0.442215 0.451477 0.462274 0.474771 0.489174 0.505734 0.524764 0.546650 0.571879 0.601067 0.635007 0.674732 0.721614 0.777510 0.844998 0.927765 1.000000 0.899791 0.819632 0.754254 0.700098 0.654670 0.616171 0.583277 0.554985 0.530530 0.509315 0.490868 0.474815 0.460853 0.448739 0.438275 0.429298 0.421677 0.415305 0.410096 0.405981 0.402910 0.400843 0.399755 0.399634 0.400477 0.402294 0.405109 0.408955 0.413882 0.419953 0.427250 0.435873 0.445948 0.457628 0.471101 0.486601 0.504411 0.524887 0.548473 0.575730 0.607378 0.644351 0.687882 0.739630 0.801888 0.834302 0.784976 0.742846 0.706624 0.675322 0.648170 0.624564 0.604021 0.586153 0.570647 0.557248 0.545749 0.535980 0.527804 0.521109 0.515810 0.511838 0.509144 0.507694 0.507473 6714.500000 1.328820 0.587050
0.457628 0.471101 0.486601 0.504411 0.524887 0.548473 0.575730 0.607378 0.644351 0.687882 0.739630 0.801888 0.834302 0.784976 0.742846 0.706624 0.675322 0.648170 0.624564 0.604021 0.586153 0.570647 0.557248 0.545749 0.535980 0.527804 0.521109 0.515810 0.511838 0.509144 0.507694 0.507473 0.508475 0.510715 0.514218 0.519029 0.525208 0.532835 0.542012 0.552866 0.565553 0.580267 0.597245 0.616777 0.639221 0.665023 0.694740 0.729076 0.768931 0.815473 0.760998 0.707820 0.663082 0.625080 0.592547 0.564526 0.540278 0.519227 0.500916 0.484982 0.471129 0.459122 0.448765 0.439902 0.432404 0.426167 0.421107 0.417159 0.414273 0.412413 0.411557 0.411694 0.412827 0.414968 0.418144 0.422394 0.427773 0.434350 0.442215 0.451477 0.462274 0.474771 0.489174 0.505734 0.524764 0.546650 0.571879 0.601067 0.635007 0.674732 0.721614 0.777510 0.844998 0.927765 1.000000 0.899791 0.819632 0.754254 0.700098 0.654670 0.616171 0.583277 0.554985 0.530530 0.509315 0.490868 0.474815 0.460853 0.448739 0.438275 0.429298 0.421677 0.415305 0.410096 0.405981 0.402910 0.400843 0.399755 0.399634 0.400477 0.402294 0.405109 0.408955 0.413882 0.419953 0.427250 0.435873 0.445948 6714.500000 1.328820 0.587050
0.565951 0.597414 0.634200 0.677552 0.729151 0.791320 0.809965 0.766074 0.728359 0.695781 0.667532 0.642975 0.621606 0.603018 0.586881 0.572930 0.560947 0.550755 0.542209 0.535194 0.529618 0.525409 0.522516 0.520902 0.520549 0.521451 0.523620 0.527083 0.531881 0.538076 0.545747 0.554996 0.565951 0.578770 0.593646 0.610817 0.630576 0.653282 0.679382 0.709435 0.744145 0.784413 0.790851 0.729904 0.679198 0.636514 0.600237 0.569170 0.542403 0.519236 0.499119 0.481620 0.466392 0.453156 0.441685 0.431795 0.423335 0.416184 0.410243 0.405432 0.401689 0.398966 0.397231 0.396462 0.396649 0.397796 0.399915 0.403033 0.407189 0.412436 0.418841 0.426493 0.435497 0.445988 0.458128 0.472116 0.488199 0.506679 0.527936 0.552443 0.580804 0.613793 0.652421 0.698033 0.752450 0.818207 0.898931 1.000000 0.965353 0.869913 0.793387 0.730854 0.678974 0.635401 0.598438 0.566830 0.539628 0.516103 0.495688 0.477935 0.462485 0.449050 0.437398 0.427338 0.418717 0.411409 0.405311 0.400341 0.396435 0.393544 0.391631 0.390674 0.390660 0.391589 0.393473 0.396334 0.400208 0.405145 0.411208 0.418479 0.427059 0.437073 0.448674 0.462052 0.477438 0.495117 0.515446 0.538869 4867.000000 1.415280 0.578845
0.539628 0.516103 0.495688 0.477935 0.462485 0.449050 0.437398 0.427338 0.418717 0.411409 0.405311 0.400341 0.396435 0.393544 0.391631 0.390674 0.390660 0.391589 0.393473 0.396334 0.400208 0.405145 0.411208 0.418479 0.427059 0.437073 0.448674 0.462052 0.477438 0.495117 0.515446 0.538869 0.565951 0.597414 0.634200 0.677552 0.729151 0.791320 0.809965 0.766074 0.728359 0.695781 0.667532 0.642975 0.621606 0.603018 0.586881 0.572930 0.560947 0.550755 0.542209 0.535194 0.529618 0.525409 0.522516 0.520902 0.520549 0.521451 0.523620 0.527083 0.531881 0.538076 0.545747 0.554996 0.565951 0.578770 0.593646 0.610817 0.630576 0.653282 0.679382 0.709435 0.744145 0.784413 0.790851 0.729904 0.679198 0.636514 0.600237 0.569170 0.542403 0.519236 0.499119 0.481620 0.466392 0.453156 0.441685 0.431795 0.423335 0.416184 0.410243 0.405432 0.401689 0.398966 0.397231 0.396462 0.396649 0.397796 0.399915 0.403033 0.407189 0.412436 0.418841 0.426493 0.435497 0.445988 0.458128 0.472116 0.488199 0.506679 0.527936 0.552443 0.580804 0.613793 0.652421 0.698033 0.752450 0.818207 0.898931 1.000000 0.965353 0.869913 0.793387 0.730854 0.678974 0.635401 0.598438 0.566830 4867.000000 1.415280 0.578845
0.396649 0.397796 0.399915 0.403033 0.407189 0.412436 0.418841 0.426493 0.435497 0.445988 0.458128 0.472116 0.488199 0.506679 0.527936 0.552443 0.580804 0.613793 0.652421 0.698033 0.752450 0.818207 0.898931 1.000000 0.965353 0.869913 0.793387 0.730854 0.678974 0.635401 0.598438 0.566830 0.539628 0.516103 0.495688 0.477935 0.462485 0.449050 0.437398 0.427338 0.418717 0.411409 0.405311 0.400341 0.396435 0.393544 0.391631 0.390674 0.390660 0.391589 0.393473 0.396334 0.400208 0.405145 0.411208 0.418479 0.427059 0.437073 0.448674 0.462052 0.477438 0.495117 0.515446 0.538869 0.565951 0.597414 0.634200 0.677552 0.729151 0.791320 0.809965 0.766074 0.728359 0.695781 0.667532 0.642975 0.621606 0.603018 0.586881 0.572930 0.560947 0.550755 0.542209 0.535194 0.529618 0.525409 0.522516 0.520902 0.520549 0.521451 0.523620 0.527083 0.531881 0.538076 0.545747 0.554996 0.565951 0.578770 0.593646 0.610817 0.630576 0.653282 0.679382 0.709435 0.744145 0.784413 0.790851 0.729904 0.679198 0.636514 0.600237 0.569170 0.542403 0.519236 0.499119 0.481620 0.466392 0.453156 0.441685 0.431795 0.423335 0.416184 0.410243 0.405432 0.401689 0.398966 0.397231 0.396462 4867.000000 1.415280 0.578845
0.565951 0.578770 0.593646 0.610817 0.630576 0.653282 0.679382 0.709435 0.744145 0.784413 0.790851 0.729904 0.679198 0.636514 0.600237 0.569170 0.542403 0.519236 0.499119 0.481620 0.466392 0.453156 0.441685 0.431795 0.423335 0.416184 0.410243 0.405432 0.401689 0.398966 0.397231 0.396462 0.396649 0.397796 0.399915 0.403033 0.407189 0.412436 0.418841 0.426493 0.435497 0.445988 0.458128 0.472116 0.488199 0.506679 0.527936 0.552443 0.580804 0.613793 0.652421 0.698033 0.752450 0.818207 0.898931 1.000000 0.965353 0.869913 0.793387 0.730854 0.678974 0.635401 0.598438 0.566830 0.539628 0.516103 0.495688 0.477935 0.462485 0.449050 0.437398 0.427338 0.418717 0.411409 0.405311 0.400341 0.396435 0.393544 0.391631 0.390674 0.390660 0.391589 0.393473 0.396334 0.400208 0.405145 0.411208 0.418479 0.427059 0.437073 0.448674 0.462052 0.477438 0.495117 0.515446 0.538869 0.565951 0.597414 0.634200 0.677552 0.729151 0.791320 0.809965 0.766074 0.728359 0.695781 0.667532 0.642975 0.621606 0.603018 0.586881 0.572930 0.560947 0.550755 0.542209 0.535194 0.529618 0.525409 0.522516 0.520902 0.520549 0.521451 0.523620 0.527083 0.531881 0.538076 0.545747 0.554996 4867.000000 1.415280 0.578845
0.745686 0.804645 0.876018 0.829490 0.780906 0.739381 0.703658 0.672774 0.645978 0.622678 0.602400 0.584766 0.569468 0.556256 0.544926 0.535312 0.527280 0.520721 0.515550 0.511701 0.509127 0.507796 0.507692 0.508813 0.511173 0.514801 0.519743 0.526059 0.533833 0.543169 0.554195 0.567073 0.581999 0.599215 0.619016 0.641771 0.667932 0.698070 0.732906 0.773362 0.820638 0.824547 0.764357 0.713959 0.671313 0.634919 0.603646 0.576634 0.553212 0.532851 0.515133 0.499720 0.486341 0.474773 0.464837 0.456385 0.449298 0.443479 0.438853 0.435361 0.432958 0.431617 0.431319 0.432061 0.433854 0.436718 0.440688 0.445815 0.452165 0.459823 0.468893 0.479506 0.491824 0.506042 0.522403 0.541205 0.562816 0.587701 0.616441 0.649783 0.688692 0.734439 0.788732 0.853914 0.933291 1.000000 0.905041 0.828375 0.765384 0.712891 0.668644 0.631000 0.598734 0.570916 0.546827 0.525904 0.507701 0.491862 0.478098 0.466175 0.455905 0.447131 0.439728 0.433593 0.428646 0.424822 0.422074 0.420367 0.419681 0.420008 0.421351 0.423726 0.427163 0.431705 0.437410 0.444353 0.452627 0.462350 0.473666 0.486753 0.501826 0.519153 0.539065 0.561973 0.588394 0.618988 0.654600 0.696341 1196.500000 1.254770 0.593275
0.507701 0.491862 0.478098 0.466175 0.455905 0.447131 0.439728 0.433593 0.428646 0.424822 0.422074 0.420367 0.419681 0.420008 0.421351 0.423726 0.427163 0.431705 0.437410 0.444353 0.452627 0.462350 0.473666 0.486753 0.501826 0.519153 0.539065 0.561973 0.588394 0.618988 0.654600 0.696341 0.745686 0.804645 0.876018 0.829490 0.780906 0.739381 0.703658 0.672774 0.645978 0.622678 0.602400 0.584766 0.569468 0.556256 0.544926 0.535312 0.527280 0.520721 0.515550 0.511701 0.509127 0.507796 0.507692 0.508813 0.511173 0.514801 0.519743 0.526059 0.533833 0.543169 0.554195 0.567073 0.581999 0.599215 0.619016 0.641771 0.667932 0.698070 0.732906 0.773362 0.820638 0.824547 0.764357 0.713959 0.671313 0.634919 0.603646 0.576634 0.553212 0.532851 0.515133 0.499720 0.486341 0.474773 0.464837 0.456385 0.449298 0.443479 0.438853 0.435361 0.432958 0.431617 0.431319 0.432061 0.433854 0.436718 0.440688 0.445815 0.452165 0.459823 0.468893 0.479506 0.491824 0.506042 0.522403 0.541205 0.562816 0.587701 0.616441 0.649783 0.688692 0.734439 0.788732 0.853914 0.933291 1.000000 0.905041 0.828375 0.765384 0.712891 0.668644 0.631000 0.598734 0.570916 0.546827 0.525904 1196.500000 1.254770 0.593275
0.433854 0.436718 0.440688 0.445815 0.452165 0.459823 0.468893 0.479506 0.491824 0.506042 0.522403 0.541205 0.562816 0.587701 0.616441 0.649783 0.688692 0.734439 0.788732 0.853914 0.933291 1.000000 0.905041 0.828375 0.765384 0.712891 0.668644 0.631000 0.598734 0.570916 0.546827 0.525904 0.507701 0.491862 0.478098 0.466175 0.455905 0.447131 0.439728 0.433593 0.428646 0.424822 0.422074 0.420367 0.419681 0.420008 0.421351 0.423726 0.427163 0.431705 0.437410 0.444353 0.452627 0.462350 0.473666 0.486753 0.501826 0.519153 0.539065 0.561973 0.588394 0.618988 0.654600 0.696341 0.745686 0.804645 0.876018 0.829490 0.780906 0.739381 0.703658 0.672774 0.645978 0.622678 0.602400 0.584766 0.569468 0.556256 0.544926 0.535312 0.527280 0.520721 0.515550 0.511701 0.509127 0.507796 0.507692 0.508813 0.511173 0.514801 0.519743 0.526059 0.533833 0.543169 0.554195 0.567073 0.581999 0.599215 0.619016 0.641771 0.667932 0.698070 0.732906 0.773362 0.820638 0.824547 0.764357 0.713959 0.671313 0.634919 0.603646 0.576634 0.553212 0.532851 0.515133 0.499720 0.486341 0.474773 0.464837 0.456385 0.449298 0.443479 0.438853 0.435361 0.432958 0.431617 0.431319 0.432061 1196.500000 1.254770 0.593275
0.581999 0.599215 0.619016 0.641771 0.667932 0.698070 0.732906 0.773362 0.820638 0.824547 0.764357 0.713959 0.671313 0.634919 0.603646 0.576634 0.553212 0.532851 0.515133 0.499720 0.486341 0.474773 0.464837 0.456385 0.449298 0.443479 0.438853 0.435361 0.432958 0.431617 0.431319 0.432061 0.433854 0.436718 0.440688 0.445815 0.452165 0.459823 0.468893 0.479506 0.491824 0.506042 0.522403 0.541205 0.562816 0.587701 0.616441 0.649783 0.688692 0.734439 0.788732 0.853914 0.933291 1.000000 0.905041 0.828375 0.765384 0.712891 0.668644 0.631000 0.598734 0.570916 0.546827 0.525904 0.507701 0.491862 0.478098 0.466175 0.455905 0.447131 0.439728 0.433593 0.428646 0.424822 0.422074 0.420367 0.419681 0.420008 0.421351 0.423726 0.427163 0.431705 0.437410 0.444353 0.452627 0.462350 0.473666 0.486753 0.501826 0.519153 0.539065 0.561973 0.588394 0.618988 0.654600 0.696341 0.745686 0.804645 0.876018 0.829490 0.780906 0.739381 0.703658 0.672774 0.645978 0.622678 0.602400 0.584766 0.569468 0.556256 0.544926 0.535312 0.527280 0.520721 0.515550 0.511701 0.509127 0.507796 0.507692 0.508813 0.511173 0.514801 0.519743 0.526059 0.533833 0.543169 0.554195 0.567073 1196.500000 1.254770 0.593275
0.628803 0.585079 0.548274 0.516998 0.490215 0.467140 0.447168 0.429827 0.414743 0.401616 0.390206 0.380318 0.371791 0.364498 0.358331 0.353207 0.349056 0.345825 0.343474 0.341972 0.341302 0.341455 0.342434 0.344251 0.346927 0.350496 0.355003 0.360507 0.367083 0.374824 0.383842 0.394278 0.406304 0.420130 0.436018 0.454293 0.475361 0.499741 0.528098 0.561301 0.600502 0.647266 0.703768 0.773118 0.859928 0.971335 1.000000 0.895128 0.811935 0.744532 0.688995 0.642609 0.603436 0.570060 0.541418 0.516702 0.495284 0.476675 0.460482 0.446394 0.434156 0.423565 0.414454 0.406685 0.400148 0.394754 0.390431 0.387125 0.384793 0.383408 0.382951 0.383418 0.384815 0.387158 0.390476 0.394811 0.400218 0.406769 0.414553 0.423682 0.434291 0.446549 0.460661 0.476880 0.495520 0.516973 0.541732 0.570424 0.603863 0.643111 0.689593 0.698303 0.669395 0.644275 0.622418 0.603401 0.586883 0.572589 0.560292 0.549808 0.540989 0.533714 0.527887 0.523433 0.520297 0.518440 0.517838 0.518486 0.520391 0.523576 0.528080 0.533959 0.541290 0.550169 0.560717 0.573085 0.587459 0.604064 0.623181 0.645152 0.670403 0.699464 0.733006 0.771879 0.817186 0.825100 0.745477 0.681366 1725.000000 1.613751 0.556563
0.586883 0.572589 0.560292 0.549808 0.540989 0.533714 0.527887 0.523433 0.520297 0.518440 0.517838 0.518486 0.520391 0.523576 0.528080 0.533959 0.541290 0.550169 0.560717 0.573085 0.587459 0.604064 0.623181 0.645152 0.670403 0.699464 0.733006 0.771879 0.817186 0.825100 0.745477 0.681366 0.628803 0.585079 0.548274 0.516998 0.490215 0.467140 0.447168 0.429827 0.414743 0.401616 0.390206 0.380318 0.371791 0.364498 0.358331 0.353207 0.349056 0.345825 0.343474 0.341972 0.341302 0.341455 0.342434 0.344251 0.346927 0.350496 0.355003 0.360507 0.367083 0.374824 0.383842 0.394278 0.406304 0.420130 0.436018 0.454293 0.475361 0.499741 0.528098 0.561301 0.600502 0.647266 0.703768 0.773118 0.859928 0.971335 1.000000 0.895128 0.811935 0.744532 0.688995 0.642609 0.603436 0.570060 0.541418 0.516702 0.495284 0.476675 0.460482 0.446394 0.434156 0.423565 0.414454 0.406685 0.400148 0.394754 0.390431 0.387125 0.384793 0.383408 0.382951 0.383418 0.384815 0.387158 0.390476 0.394811 0.400218 0.406769 0.414553 0.423682 0.434291 0.446549 0.460661 0.476880 0.495520 0.516973 0.541732 0.570424 0.603863 0.643111 0.689593 0.698303 0.669395 0.644275 0.622418 0.603401 1725.000000 1.613751 0.556563
0.400148 0.394754 0.390431 0.387125 0.384793 0.383408 0.382951 0.383418 0.384815 0.387158 0.390476 0.394811 0.400218 0.406769 0.414553 0.423682 0.434291 0.446549 0.460661 0.476880 0.495520 0.516973 0.541732 0.570424 0.603863 0.643111 0.689593 0.698303 0.669395 0.644275 0.622418 0.603401 0.586883 0.572589 0.560292 0.549808 0.540989 0.533714 0.527887 0.523433 0.520297 0.518440 0.517838 0.518486 0.520391 0.523576 0.528080 0.533959 0.541290 0.550169 0.560717 0.573085 0.587459 0.604064 0.623181 0.645152 0.670403 0.699464 0.733006 0.771879 0.817186 0.825100 0.745477 0.681366 0.628803 0.585079 0.548274 0.516998 0.490215 0.467140 0.447168 0.429827 0.414743 0.401616 0.390206 0.380318 0.371791 0.364498 0.358331 0.353207 0.349056 0.345825 0.343474 0.341972 0.341302 0.341455 0.342434 0.344251 0.346927 0.350496 0.355003 0.360507 0.367083 0.374824 0.383842 0.394278 0.406304 0.420130 0.436018 0.454293 0.475361 0.499741 0.528098 0.561301 0.600502 0.647266 0.703768 0.773118 0.859928 0.971335 1.000000 0.895128 0.811935 0.744532 0.688995 0.642609 0.603436 0.570060 0.541418 0.516702 0.495284 0.476675 0.460482 0.446394 0.434156 0.423565 0.414454 0.406685 1725.000000 1.613751 0.556563
0.406304 0.420130 0.436018 0.454293 0.475361 0.499741 0.528098 0.561301 0.600502 0.647266 0.703768 0.773118 0.859928 0.971335 1.000000 0.895128 0.811935 0.744532 0.688995 0.642609 0.603436 0.570060 0.541418 0.516702 0.495284 0.476675 0.460482 0.446394 0.434156 0.423565 0.414454 0.406685 0.400148 0.394754 0.390431 0.387125 0.384793 0.383408 0.382951 0.383418 0.384815 0.387158 0.390476 0.394811 0.400218 0.406769 0.414553 0.423682 0.434291 0.446549 0.460661 0.476880 0.495520 0.516973 0.541732 0.570424 0.603863 0.643111 0.689593 0.698303 0.669395 0.644275 0.622418 0.603401 0.586883 0.572589 0.560292 0.549808 0.540989 0.533714 0.527887 0.523433 0.520297 0.518440 0.517838 0.518486 0.520391 0.523576 0.528080 0.533959 0.541290 0.550169 0.560717 0.573085 0.587459 0.604064 0.623181 0.645152 0.670403 0.699464 0.733006 0.771879 0.817186 0.825100 0.745477 0.681366 0.628803 0.585079 0.548274 0.516998 0.490215 0.467140 0.447168 0.429827 0.414743 0.401616 0.390206 0.380318 0.371791 0.364498 0.358331 0.353207 0.349056 0.345825 0.343474 0.341972 0.341302 0.341455 0.342434 0.344251 0.346927 0.350496 0.355003 0.360507 0.367083 0.374824 0.383842 0.394278 1725.000000 1.613751 0.556563
0.670963 0.649373 0.630601 0.614322 0.600272 0.588236 0.578039 0.569537 0.562618 0.557191 0.553188 0.550559 0.549271 0.549310 0.550676 0.553384 0.557470 0.562982 0.569991 0.578589 0.588890 0.601039 0.615213 0.631630 0.650558 0.672325 0.697337 0.726098 0.759242 0.797570 0.842110 0.894200 0.955613 1.000000 0.928390 0.868303 0.817370 0.773842 0.736401 0.704033 0.675950 0.651532 0.630281 0.611800 0.595767 0.581918 0.570041 0.559961 0.551537 0.544655 0.539226 0.535181 0.532469 0.531057 0.530929 0.532082 0.534530 0.538305 0.543451 0.550034 0.558140 0.567878 0.579381 0.592818 0.608393 0.626359 0.647024 0.670770 0.698071 0.729521 0.748467 0.728501 0.711242 0.696420 0.683818 0.673257 0.664593 0.657714 0.652532 0.648982 0.647021 0.646625 0.647789 0.650527 0.654872 0.660879 0.668623 0.678204 0.689749 0.703418 0.719407 0.737960 0.759373 0.784011 0.812324 0.844869 0.808698 0.776165 0.747880 0.723265 0.701856 0.683276 0.667221 0.653441 0.641734 0.631934 0.623909 0.617555 0.612790 0.609556 0.607812 0.607537 0.608729 0.611401 0.615586 0.621336 0.628723 0.637843 0.648818 0.661799 0.676974 0.694574 0.714883 0.738246 0.765094 0.757163 0.724297 0.695771 2318.000000 1.270344 0.751514
0.808698 0.776165 0.747880 0.723265 0.701856 0.683276 0.667221 0.653441 0.641734 0.631934 0.623909 0.617555 0.612790 0.609556 0.607812 0.607537 0.608729 0.611401 0.615586 0.621336 0.628723 0.637843 0.648818 0.661799 0.676974 0.694574 0.714883 0.738246 0.765094 0.757163 0.724297 0.695771 0.670963 0.649373 0.630601 0.614322 0.600272 0.588236 0.578039 0.569537 0.562618 0.557191 0.553188 0.550559 0.549271 0.549310 0.550676 0.553384 0.557470 0.562982 0.569991 0.578589 0.588890 0.601039 0.615213 0.631630 0.650558 0.672325 0.697337 0.726098 0.759242 0.797570 0.842110 0.894200 0.955613 1.000000 0.928390 0.868303 0.817370 0.773842 0.736401 0.704033 0.675950 0.651532 0.630281 0.611800 0.595767 0.581918 0.570041 0.559961 0.551537 0.544655 0.539226 0.535181 0.532469 0.531057 0.530929 0.532082 0.534530 0.538305 0.543451 0.550034 0.558140 0.567878 0.579381 0.592818 0.608393 0.626359 0.647024 0.670770 0.698071 0.729521 0.748467 0.728501 0.711242 0.696420 0.683818 0.673257 0.664593 0.657714 0.652532 0.648982 0.647021 0.646625 0.647789 0.650527 0.654872 0.660879 0.668623 0.678204 0.689749 0.703418 0.719407 0.737960 0.759373 0.784011 0.812324 0.844869 2318.000000 1.270344 0.751514
0.608393 0.626359 0.647024 0.670770 0.698071 0.729521 0.748467 0.728501 0.711242 0.696420 0.683818 0.673257 0.664593 0.657714 0.652532 0.648982 0.647021 0.646625 0.647789 0.650527 0.654872 0.660879 0.668623 0.678204 0.689749 0.703418 0.719407 0.737960 0.759373 0.784011 0.812324 0.844869 0.808698 0.776165 0.747880 0.723265 0.701856 0.683276 0.667221 0.653441 0.641734 0.631934 0.623909 0.617555 0.612790 0.609556 0.607812 0.607537 0.608729 0.611401 0.615586 0.621336 0.628723 0.637843 0.648818 0.661799 0.676974 0.694574 0.714883 0.738246 0.765094 0.757163 0.724297 0.695771 0.670963 0.649373 0.630601 0.614322 0.600272 0.588236 0.578039 0.569537 0.562618 0.557191 0.553188 0.550559 0.549271 0.549310 0.550676 0.553384 0.557470 0.562982 0.569991 0.578589 0.588890 0.601039 0.615213 0.631630 0.650558 0.672325 0.697337 0.726098 0.759242 0.797570 0.842110 0.894200 0.955613 1.000000 0.928390 0.868303 0.817370 0.773842 0.736401 0.704033 0.675950 0.651532 0.630281 0.611800 0.595767 0.581918 0.570041 0.559961 0.551537 0.544655 0.539226 0.535181 0.532469 0.531057 0.530929 0.532082 0.534530 0.538305 0.543451 0.550034 0.558140 0.567878 0.579381 0.592818 2318.000000 1.270344 0.751514
0.955613 1.000000 0.928390 0.868303 0.817370 0.773842 0.736401 0.704033 0.675950 0.651532 0.630281 0.611800 0.595767 0.581918 0.570041 0.559961 0.551537 0.544655 0.539226 0.535181 0.532469 0.531057 0.530929 0.532082 0.534530 0.538305 0.543451 0.550034 0.558140 0.567878 0.579381 0.592818 0.608393 0.626359 0.647024 0.670770 0.698071 0.729521 0.748467 0.728501 0.711242 0.696420 0.683818 0.673257 0.664593 0.657714 0.652532 0.648982 0.647021 0.646625 0.647789 0.650527 0.654872 0.660879 0.668623 0.678204 0.689749 0.703418 0.719407 0.737960 0.759373 0.784011 0.812324 0.844869 0.808698 0.776165 0.747880 0.723265 0.701856 0.683276 0.667221 0.653441 0.641734 0.631934 0.623909 0.617555 0.612790 0.609556 0.607812 0.607537 0.608729 0.611401 0.615586 0.621336 0.628723 0.637843 0.648818 0.661799 0.676974 0.694574 0.714883 0.738246 0.765094 0.757163 0.724297 0.695771 0.670963 0.649373 0.630601 0.614322 0.600272 0.588236 0.578039 0.569537 0.562618 0.557191 0.553188 0.550559 0.549271 0.549310 0.550676 0.553384 0.557470 0.562982 0.569991 0.578589 0.588890 0.601039 0.615213 0.631630 0.650558 0.672325 0.697337 0.726098 0.759242 0.797570 0.842110 0.894200 2318.000000 1.270344 0.751514
0.852095 0.888658 0.930841 0.958855 0.909703 0.867333 0.830645 0.798782 0.771061 0.746940 0.725977 0.707818 0.692172 0.678802 0.651497 0.627055 0.605788 0.587284 0.571213 0.557304 0.545340 0.535140 0.526560 0.519483 0.513814 0.509483 0.506433 0.504628 0.504046 0.504680 0.506537 0.509641 0.514028 0.516350 0.513364 0.511639 0.511152 0.511899 0.513887 0.517141 0.521702 0.527627 0.534991 0.543892 0.554453 0.566825 0.581194 0.597788 0.616887 0.638836 0.664064 0.680312 0.699100 0.720741 0.745618 0.774205 0.807094 0.845028 0.888950 0.940077 1.000000 0.987118 0.931387 0.883627 0.842457 0.806810 0.775850 0.748916 0.725478 0.705110 0.687465 0.672262 0.659271 0.648304 0.639211 0.631871 0.626189 0.622093 0.619534 0.618479 0.618916 0.620601 0.606391 0.594216 0.583899 0.575297 0.568294 0.562799 0.558742 0.556073 0.554760 0.554786 0.551035 0.547194 0.544709 0.543551 0.543704 0.545172 0.547970 0.552135 0.557718 0.564789 0.573441 0.583790 0.595982 0.610195 0.626650 0.645615 0.667421 0.681964 0.674346 0.668489 0.664319 0.661786 0.660858 0.661524 0.663792 0.667690 0.673265 0.680588 0.689751 0.700876 0.714115 0.729655 0.747728 0.768617 0.792672 0.820321 5410.000000 1.391986 0.784388
0.543704 0.545172 0.547970 0.552135 0.557718 0.564789 0.573441 0.583790 0.595982 0.610195 0.626650 0.645615 0.667421 0.681964 0.674346 0.668489 0.664319 0.661786 0.660858 0.661524 0.663792 0.667690 0.673265 0.680588 0.689751 0.700876 0.714115 0.729655 0.747728 0.768617 0.792672 0.820321 0.852095 0.888658 0.930841 0.958855 0.909703 0.867333 0.830645 0.798782 0.771061 0.746940 0.725977 0.707818 0.692172 0.678802 0.651497 0.627055 0.605788 0.587284 0.571213 0.557304 0.545340 0.535140 0.526560 0.519483 0.513814 0.509483 0.506433 0.504628 0.504046 0.504680 0.506537 0.509641 0.514028 0.516350 0.513364 0.511639 0.511152 0.511899 0.513887 0.517141 0.521702 0.527627 0.534991 0.543892 0.554453 0.566825 0.581194 0.597788 0.616887 0.638836 0.664064 0.680312 0.699100 0.720741 0.745618 0.774205 0.807094 0.845028 0.888950 0.940077 1.000000 0.987118 0.931387 0.883627 0.842457 0.806810 0.775850 0.748916 0.725478 0.705110 0.687465 0.672262 0.659271 0.648304 0.639211 0.631871 0.626189 0.622093 0.619534 0.618479 0.618916 0.620601 0.606391 0.594216 0.583899 0.575297 0.568294 0.562799 0.558742 0.556073 0.554760 0.554786 0.551035 0.547194 0.544709 0.543551 5410.000000 1.391986 0.784388
0.842457 0.806810 0.775850 0.748916 0.725478 0.705110 0.687465 0.672262 0.659271 0.648304 0.639211 0.631871 0.626189 0.622093 0.619534 0.618479 0.618916 0.620601 0.606391 0.594216 0.583899 0.575297 0.568294 0.562799 0.558742 0.556073 0.554760 0.554786 0.551035 0.547194 0.544709 0.543551 0.543704 0.545172 0.547970 0.552135 0.557718 0.564789 0.573441 0.583790 0.595982 0.610195 0.626650 0.645615 0.667421 0.681964 0.674346 0.668489 0.664319 0.661786 0.660858 0.661524 0.663792 0.667690 0.673265 0.680588 0.689751 0.700876 0.714115 0.729655 0.747728 0.768617 0.792672 0.820321 0.852095 0.888658 0.930841 0.958855 0.909703 0.867333 0.830645 0.798782 0.771061 0.746940 0.725977 0.707818 0.692172 0.678802 0.651497 0.627055 0.605788 0.587284 0.571213 0.557304 0.545340 0.535140 0.526560 0.519483 0.513814 0.509483 0.506433 0.504628 0.504046 0.504680 0.506537 0.509641 0.514028 0.516350 0.513364 0.511639 0.511152 0.511899 0.513887 0.517141 0.521702 0.527627 0.534991 0.543892 0.554453 0.566825 0.581194 0.597788 0.616887 0.638836 0.664064 0.680312 0.699100 0.720741 0.745618 0.774205 0.807094 0.845028 0.888950 0.940077 1.000000 0.987118 0.931387 0.883627 5410.000000 1.391986 0.784388
0.514028 0.516350 0.513364 0.511639 0.511152 0.511899 0.513887 0.517141 0.521702 0.527627 0.534991 0.543892 0.554453 0.566825 0.581194 0.597788 0.616887 0.638836 0.664064 0.680312 0.699100 0.720741 0.745618 0.774205 0.807094 0.845028 0.888950 0.940077 1.000000 0.987118 0.931387 0.883627 0.842457 0.806810 0.775850 0.748916 0.725478 0.705110 0.687465 0.672262 0.659271 0.648304 0.639211 0.631871 0.626189 0.622093 0.619534 0.618479 0.618916 0.620601 0.606391 0.594216 0.583899 0.575297 0.568294 0.562799 0.558742 0.556073 0.554760 0.554786 0.551035 0.547194 0.544709 0.543551 0.543704 0.545172 0.547970 0.552135 0.557718 0.564789 0.573441 0.583790 0.595982 0.610195 0.626650 0.645615 0.667421 0.681964 0.674346 0.668489 0.664319 0.661786 0.660858 0.661524 0.663792 0.667690 0.673265 0.680588 0.689751 0.700876 0.714115 0.729655 0.747728 0.768617 0.792672 0.820321 0.852095 0.888658 0.930841 0.958855 0.909703 0.867333 0.830645 0.798782 0.771061 0.746940 0.725977 0.707818 0.692172 0.678802 0.651497 0.627055 0.605788 0.587284 0.571213 0.557304 0.545340 0.535140 0.526560 0.519483 0.513814 0.509483 0.506433 0.504628 0.504046 0.504680 0.506537 0.509641 5410.000000 1.391986 0.784388
0.859153 0.890626 0.910104 0.890060 0.872937 0.858489 0.846518 0.836865 0.829405 0.824044 0.820717 0.819383 0.820025 0.822652 0.827294 0.834011 0.842884 0.854028 0.867588 0.883750 0.902741 0.924843 0.950401 0.979840 0.986218 0.942764 0.905065 0.872286 0.843760 0.818951 0.797425 0.778830 0.762879 0.749337 0.738014 0.728758 0.721448 0.715990 0.712318 0.710386 0.710171 0.711669 0.714900 0.719903 0.726739 0.735495 0.746284 0.759251 0.774576 0.792481 0.813238 0.837183 0.864727 0.896379 0.932768 0.974684 0.976970 0.941432 0.910504 0.883605 0.860263 0.840095 0.822787 0.808085 0.795783 0.785714 0.777747 0.771780 0.767740 0.765577 0.765265 0.766799 0.770198 0.775505 0.782784 0.792127 0.803655 0.817523 0.833921 0.853089 0.842840 0.831291 0.822007 0.814870 0.809790 0.806704 0.805575 0.806389 0.809156 0.813910 0.820709 0.829637 0.840810 0.854374 0.870515 0.889462 0.911496 0.936964 0.966291 1.000000 0.979230 0.936116 0.898712 0.866189 0.837885 0.813270 0.791914 0.773466 0.757641 0.744208 0.732978 0.723800 0.716554 0.711147 0.707513 0.705608 0.705407 0.706909 0.710132 0.715115 0.721920 0.730633 0.741366 0.754264 0.769505 0.787311 0.807952 0.831763 968.500000 1.125401 0.841360
0.911496 0.936964 0.966291 1.000000 0.979230 0.936116 0.898712 0.866189 0.837885 0.813270 0.791914 0.773466 0.757641 0.744208 0.732978 0.723800 0.716554 0.711147 0.707513 0.705608 0.705407 0.706909 0.710132 0.715115 0.721920 0.730633 0.741366 0.754264 0.769505 0.787311 0.807952 0.831763 0.859153 0.890626 0.910104 0.890060 0.872937 0.858489 0.846518 0.836865 0.829405 0.824044 0.820717 0.819383 0.820025 0.822652 0.827294 0.834011 0.842884 0.854028 0.867588 0.883750 0.902741 0.924843 0.950401 0.979840 0.986218 0.942764 0.905065 0.872286 0.843760 0.818951 0.797425 0.778830 0.762879 0.749337 0.738014 0.728758 0.721448 0.715990 0.712318 0.710386 0.710171 0.711669 0.714900 0.719903 0.726739 0.735495 0.746284 0.759251 0.774576 0.792481 0.813238 0.837183 0.864727 0.896379 0.932768 0.974684 0.976970 0.941432 0.910504 0.883605 0.860263 0.840095 0.822787 0.808085 0.795783 0.785714 0.777747 0.771780 0.767740 0.765577 0.765265 0.766799 0.770198 0.775505 0.782784 0.792127 0.803655 0.817523 0.833921 0.853089 0.842840 0.831291 0.822007 0.814870 0.809790 0.806704 0.805575 0.806389 0.809156 0.813910 0.820709 0.829637 0.840810 0.854374 0.870515 0.889462 968.500000 1.125401 0.841360
0.795783 0.785714 0.777747 0.771780 0.767740 0.765577 0.765265 0.766799 0.770198 0.775505 0.782784 0.792127 0.803655 0.817523 0.833921 0.853089 0.842840 0.831291 0.822007 0.814870 0.809790 0.806704 0.805575 0.806389 0.809156 0.813910 0.820709 0.829637 0.840810 0.854374 0.870515 0.889462 0.911496 0.936964 0.966291 1.000000 0.979230 0.936116 0.898712 0.866189 0.837885 0.813270 0.791914 0.773466 0.757641 0.744208 0.732978 0.723800 0.716554 0.711147 0.707513 0.705608 0.705407 0.706909 0.710132 0.715115 0.721920 0.730633 0.741366 0.754264 0.769505 0.787311 0.807952 0.831763 0.859153 0.890626 0.910104 0.890060 0.872937 0.858489 0.846518 0.836865 0.829405 0.824044 0.820717 0.819383 0.820025 0.822652 0.827294 0.834011 0.842884 0.854028 0.867588 0.883750 0.902741 0.924843 0.950401 0.979840 0.986218 0.942764 0.905065 0.872286 0.843760 0.818951 0.797425 0.778830 0.762879 0.749337 0.738014 0.728758 0.721448 0.715990 0.712318 0.710386 0.710171 0.711669 0.714900 0.719903 0.726739 0.735495 0.746284 0.759251 0.774576 0.792481 0.813238 0.837183 0.864727 0.896379 0.932768 0.974684 0.976970 0.941432 0.910504 0.883605 0.860263 0.840095 0.822787 0.808085 968.500000 1.125401 0.841360
0.762879 0.749337 0.738014 0.728758 0.721448 0.715990 0.712318 0.710386 0.710171 0.711669 0.714900 0.719903 0.726739 0.735495 0.746284 0.759251 0.774576 0.792481 0.813238 0.837183 0.864727 0.896379 0.932768 0.974684 0.976970 0.941432 0.910504 0.883605 0.860263 0.840095 0.822787 0.808085 0.795783 0.785714 0.777747 0.771780 0.767740 0.765577 0.765265 0.766799 0.770198 0.775505 0.782784 0.792127 0.803655 0.817523 0.833921 0.853089 0.842840 0.831291 0.822007 0.814870 0.809790 0.806704 0.805575 0.806389 0.809156 0.813910 0.820709 0.829637 0.840810 0.854374 0.870515 0.889462 0.911496 0.936964 0.966291 1.000000 0.979230 0.936116 0.898712 0.866189 0.837885 0.813270 0.791914 0.773466 0.757641 0.744208 0.732978 0.723800 0.716554 0.711147 0.707513 0.705608 0.705407 0.706909 0.710132 0.715115 0.721920 0.730633 0.741366 0.754264 0.769505 0.787311 0.807952 0.831763 0.859153 0.890626 0.910104 0.890060 0.872937 0.858489 0.846518 0.836865 0.829405 0.824044 0.820717 0.819383 0.820025 0.822652 0.827294 0.834011 0.842884 0.854028 0.867588 0.883750 0.902741 0.924843 0.950401 0.979840 0.986218 0.942764 0.905065 0.872286 0.843760 0.818951 0.797425 0.778830 968.500000 1.125401 0.841360
0.891291 0.905640 0.879846 0.857489 0.838209 0.821714 0.807763 0.796164 0.786762 0.779435 0.774092 0.770665 0.769112 0.769417 0.771580 0.775630 0.781615 0.789611 0.799718 0.767823 0.728095 0.693865 0.664238 0.638512 0.616134 0.596660 0.579733 0.565064 0.552417 0.541600 0.532456 0.524859 0.518708 0.513924 0.510445 0.508229 0.507249 0.507494 0.511141 0.517869 0.526061 0.535828 0.547308 0.560671 0.576126 0.593928 0.614392 0.637909 0.664963 0.696166 0.732292 0.774339 0.823615 0.881857 0.951430 1.000000 0.970358 0.944633 0.922401 0.903318 0.887103 0.873526 0.862405 0.853595 0.846982 0.842485 0.840048 0.839643 0.841264 0.844930 0.840686 0.809013 0.781454 0.757476 0.736647 0.718618 0.703103 0.689871 0.678733 0.669537 0.662160 0.656508 0.652510 0.650118 0.649301 0.650051 0.652376 0.656304 0.648289 0.634202 0.622180 0.612053 0.603682 0.596955 0.591786 0.588111 0.585884 0.585078 0.585683 0.587706 0.591173 0.596125 0.602626 0.610757 0.620626 0.632368 0.646149 0.662175 0.680698 0.702027 0.726543 0.754717 0.787137 0.808384 0.799646 0.792986 0.788319 0.785588 0.784760 0.785825 0.788795 0.793708 0.800623 0.809627 0.820836 0.834398 0.850499 0.869369 800.000000 1.397261 0.823263
0.585884 0.585078 0.585683 0.587706 0.591173 0.596125 0.602626 0.610757 0.620626 0.632368 0.646149 0.662175 0.680698 0.702027 0.726543 0.754717 0.787137 0.808384 0.799646 0.792986 0.788319 0.785588 0.784760 0.785825 0.788795 0.793708 0.800623 0.809627 0.820836 0.834398 0.850499 0.869369 0.891291 0.905640 0.879846 0.857489 0.838209 0.821714 0.807763 0.796164 0.786762 0.779435 0.774092 0.770665 0.769112 0.769417 0.771580 0.775630 0.781615 0.789611 0.799718 0.767823 0.728095 0.693865 0.664238 0.638512 0.616134 0.596660 0.579733 0.565064 0.552417 0.541600 0.532456 0.524859 0.518708 0.513924 0.510445 0.508229 0.507249 0.507494 0.511141 0.517869 0.526061 0.535828 0.547308 0.560671 0.576126 0.593928 0.614392 0.637909 0.664963 0.696166 0.732292 0.774339 0.823615 0.881857 0.951430 1.000000 0.970358 0.944633 0.922401 0.903318 0.887103 0.873526 0.862405 0.853595 0.846982 0.842485 0.840048 0.839643 0.841264 0.844930 0.840686 0.809013 0.781454 0.757476 0.736647 0.718618 0.703103 0.689871 0.678733 0.669537 0.662160 0.656508 0.652510 0.650118 0.649301 0.650051 0.652376 0.656304 0.648289 0.634202 0.622180 0.612053 0.603682 0.596955 0.591786 0.588111 800.000000 1.397261 0.823263
0.846982 0.842485 0.840048 0.839643 0.841264 0.844930 0.840686 0.809013 0.781454 0.757476 0.736647 0.718618 0.703103 0.689871 0.678733 0.669537 0.662160 0.656508 0.652510 0.650118 0.649301 0.650051 0.652376 0.656304 0.648289 0.634202 0.622180 0.612053 0.603682 0.596955 0.591786 0.588111 0.585884 0.585078 0.585683 0.587706 0.591173 0.596125 0.602626 0.610757 0.620626 0.632368 0.646149 0.662175 0.680698 0.702027 0.726543 0.754717 0.787137 0.808384 0.799646 0.792986 0.788319 0.785588 0.784760 0.785825 0.788795 0.793708 0.800623 0.809627 0.820836 0.834398 0.850499 0.869369 0.891291 0.905640 0.879846 0.857489 0.838209 0.821714 0.807763 0.796164 0.786762 0.779435 0.774092 0.770665 0.769112 0.769417 0.771580 0.775630 0.781615 0.789611 0.799718 0.767823 0.728095 0.693865 0.664238 0.638512 0.616134 0.596660 0.579733 0.565064 0.552417 0.541600 0.532456 0.524859 0.518708 0.513924 0.510445 0.508229 0.507249 0.507494 0.511141 0.517869 0.526061 0.535828 0.547308 0.560671 0.576126 0.593928 0.614392 0.637909 0.664963 0.696166 0.732292 0.774339 0.823615 0.881857 0.951430 1.000000 0.970358 0.944633 0.922401 0.903318 0.887103 0.873526 0.862405 0.853595 800.000000 1.397261 0.823263
0.518708 0.513924 0.510445 0.508229 0.507249 0.507494 0.511141 0.517869 0.526061 0.535828 0.547308 0.560671 0.576126 0.593928 0.614392 0.637909 0.664963 0.696166 0.732292 0.774339 0.823615 0.881857 0.951430 1.000000 0.970358 0.944633 0.922401 0.903318 0.887103 0.873526 0.862405 0.853595 0.846982 0.842485 0.840048 0.839643 0.841264 0.844930 0.840686 0.809013 0.781454 0.757476 0.736647 0.718618 0.703103 0.689871 0.678733 0.669537 0.662160 0.656508 0.652510 0.650118 0.649301 0.650051 0.652376 0.656304 0.648289 0.634202 0.622180 0.612053 0.603682 0.596955 0.591786 0.588111 0.585884 0.585078 0.585683 0.587706 0.591173 0.596125 0.602626 0.610757 0.620626 0.632368 0.646149 0.662175 0.680698 0.702027 0.726543 0.754717 0.787137 0.808384 0.799646 0.792986 0.788319 0.785588 0.784760 0.785825 0.788795 0.793708 0.800623 0.809627 0.820836 0.834398 0.850499 0.869369 0.891291 0.905640 0.879846 0.857489 0.838209 0.821714 0.807763 0.796164 0.786762 0.779435 0.774092 0.770665 0.769112 0.769417 0.771580 0.775630 0.781615 0.789611 0.799718 0.767823 0.728095 0.693865 0.664238 0.638512 0.616134 0.596660 0.579733 0.565064 0.552417 0.541600 0.532456 0.524859 800.000000 1.397261 0.823263
0.831779 0.863834 0.882885 0.852781 0.826588 0.803835 0.784139 0.767190 0.752732 0.740561 0.730509 0.722443 0.716260 0.711882 0.709256 0.708349 0.709151 0.711671 0.715940 0.722010 0.729958 0.739885 0.751922 0.766234 0.783024 0.802543 0.825099 0.851069 0.880918 0.901061 0.859746 0.823951 0.792852 0.765792 0.742248 0.721795 0.704090 0.688853 0.675855 0.664910 0.655869 0.648612 0.643046 0.639102 0.636730 0.635902 0.636608 0.638856 0.642674 0.648109 0.655228 0.664123 0.674911 0.687740 0.702791 0.720290 0.740513 0.763797 0.790559 0.821315 0.856709 0.897550 0.944870 1.000000 0.996599 0.942029 0.895169 0.854712 0.819643 0.789164 0.762642 0.739569 0.719534 0.702202 0.687302 0.674614 0.663955 0.655182 0.648179 0.642857 0.639148 0.637008 0.636410 0.637347 0.639831 0.643891 0.649578 0.656963 0.666141 0.677234 0.690395 0.705810 0.723714 0.744389 0.768185 0.795532 0.826965 0.863148 0.904923 0.953360 0.911301 0.873021 0.839770 0.810840 0.785666 0.763793 0.744851 0.728539 0.714610 0.702865 0.693143 0.685315 0.679280 0.674961 0.672307 0.671285 0.671882 0.674105 0.677982 0.683560 0.690909 0.700122 0.711321 0.724659 0.740324 0.758549 0.779619 0.803885 2849.000000 1.054296 0.773961
0.826965 0.863148 0.904923 0.953360 0.911301 0.873021 0.839770 0.810840 0.785666 0.763793 0.744851 0.728539 0.714610 0.702865 0.693143 0.685315 0.679280 0.674961 0.672307 0.671285 0.671882 0.674105 0.677982 0.683560 0.690909 0.700122 0.711321 0.724659 0.740324 0.758549 0.779619 0.803885 0.831779 0.863834 0.882885 0.852781 0.826588 0.803835 0.784139 0.767190 0.752732 0.740561 0.730509 0.722443 0.716260 0.711882 0.709256 0.708349 0.709151 0.711671 0.715940 0.722010 0.729958 0.739885 0.751922 0.766234 0.783024 0.802543 0.825099 0.851069 0.880918 0.901061 0.859746 0.823951 0.792852 0.765792 0.742248 0.721795 0.704090 0.688853 0.675855 0.664910 0.655869 0.648612 0.643046 0.639102 0.636730 0.635902 0.636608 0.638856 0.642674 0.648109 0.655228 0.664123 0.674911 0.687740 0.702791 0.720290 0.740513 0.763797 0.790559 0.821315 0.856709 0.897550 0.944870 1.000000 0.996599 0.942029 0.895169 0.854712 0.819643 0.789164 0.762642 0.739569 0.719534 0.702202 0.687302 0.674614 0.663955 0.655182 0.648179 0.642857 0.639148 0.637008 0.636410 0.637347 0.639831 0.643891 0.649578 0.656963 0.666141 0.677234 0.690395 0.705810 0.723714 0.744389 0.768185 0.795532 2849.000000 1.054296 0.773961
0.996599 0.942029 0.895169 0.854712 0.819643 0.789164 0.762642 0.739569 0.719534 0.702202 0.687302 0.674614 0.663955 0.655182 0.648179 0.642857 0.639148 0.637008 0.636410 0.637347 0.639831 0.643891 0.649578 0.656963 0.666141 0.677234 0.690395 0.705810 0.723714 0.744389 0.768185 0.795532 0.826965 0.863148 0.904923 0.953360 0.911301 0.873021 0.839770 0.810840 0.785666 0.763793 0.744851 0.728539 0.714610 0.702865 0.693143 0.685315 0.679280 0.674961 0.672307 0.671285 0.671882 0.674105 0.677982 0.683560 0.690909 0.700122 0.711321 0.724659 0.740324 0.758549 0.779619 0.803885 0.831779 0.863834 0.882885 0.852781 0.826588 0.803835 0.784139 0.767190 0.752732 0.740561 0.730509 0.722443 0.716260 0.711882 0.709256 0.708349 0.709151 0.711671 0.715940 0.722010 0.729958 0.739885 0.751922 0.766234 0.783024 0.802543 0.825099 0.851069 0.880918 0.901061 0.859746 0.823951 0.792852 0.765792 0.742248 0.721795 0.704090 0.688853 0.675855 0.664910 0.655869 0.648612 0.643046 0.639102 0.636730 0.635902 0.636608 0.638856 0.642674 0.648109 0.655228 0.664123 0.674911 0.687740 0.702791 0.720290 0.740513 0.763797 0.790559 0.821315 0.856709 0.897550 0.944870 1.000000 2849.000000 1.054296 0.773961
0.792852 0.765792 0.742248 0.721795 0.704090 0.688853 0.675855 0.664910 0.655869 0.648612 0.643046 0.639102 0.636730 0.635902 0.636608 0.638856 0.642674 0.648109 0.655228 0.664123 0.674911 0.687740 0.702791 0.720290 0.740513 0.763797 0.790559 0.821315 0.856709 0.897550 0.944870 1.000000 0.996599 0.942029 0.895169 0.854712 0.819643 0.789164 0.762642 0.739569 0.719534 0.702202 0.687302 0.674614 0.663955 0.655182 0.648179 0.642857 0.639148 0.637008 0.636410 0.637347 0.639831 0.643891 0.649578 0.656963 0.666141 0.677234 0.690395 0.705810 0.723714 0.744389 0.768185 0.795532 0.826965 0.863148 0.904923 0.953360 0.911301 0.873021 0.839770 0.810840 0.785666 0.763793 0.744851 0.728539 0.714610 0.702865 0.693143 0.685315 0.679280 0.674961 0.672307 0.671285 0.671882 0.674105 0.677982 0.683560 0.690909 0.700122 0.711321 0.724659 0.740324 0.758549 0.779619 0.803885 0.831779 0.863834 0.882885 0.852781 0.826588 0.803835 0.784139 0.767190 0.752732 0.740561 0.730509 0.722443 0.716260 0.711882 0.709256 0.708349 0.709151 0.711671 0.715940 0.722010 0.729958 0.739885 0.751922 0.766234 0.783024 0.802543 0.825099 0.851069 0.880918 0.901061 0.859746 0.823951 2849.000000 1.054296 0.773961
0.614926 0.615667 0.617901 0.621654 0.626973 0.633924 0.642596 0.653104 0.665591 0.680236 0.697257 0.716924 0.739565 0.765588 0.795495 0.829914 0.869637 0.915669 0.969313 0.964757 0.952916 0.943608 0.936714 0.932150 0.929860 0.929815 0.932015 0.936487 0.943286 0.952496 0.964233 0.936909 0.900417 0.868676 0.841054 0.817041 0.796227 0.778276 0.762913 0.749916 0.739106 0.730338 0.723498 0.718499 0.715280 0.713802 0.712119 0.699600 0.689146 0.680615 0.673896 0.668904 0.665577 0.663875 0.663776 0.665280 0.668405 0.673188 0.679690 0.687992 0.698202 0.710457 0.724928 0.741825 0.761406 0.783989 0.809963 0.815928 0.802429 0.791245 0.782227 0.775258 0.770252 0.767146 0.765903 0.766508 0.768967 0.773312 0.779594 0.787893 0.791960 0.788268 0.786496 0.786623 0.788650 0.792603 0.798528 0.806500 0.816620 0.829020 0.843867 0.861368 0.881779 0.905416 0.932663 0.963996 1.000000 0.965388 0.934010 0.906724 0.883053 0.862612 0.845086 0.830218 0.817800 0.807665 0.799681 0.793747 0.789789 0.787759 0.787632 0.789406 0.793103 0.777829 0.750552 0.726814 0.706182 0.688300 0.672883 0.659696 0.648548 0.639286 0.631784 0.625947 0.621701 0.618994 0.617792 0.615667 1150.500000 1.267523 0.870579
1.000000 0.965388 0.934010 0.906724 0.883053 0.862612 0.845086 0.830218 0.817800 0.807665 0.799681 0.793747 0.789789 0.787759 0.787632 0.789406 0.793103 0.777829 0.750552 0.726814 0.706182 0.688300 0.672883 0.659696 0.648548 0.639286 0.631784 0.625947 0.621701 0.618994 0.617792 0.615667 0.614926 0.615667 0.617901 0.621654 0.626973 0.633924 0.642596 0.653104 0.665591 0.680236 0.697257 0.716924 0.739565 0.765588 0.795495 0.829914 0.869637 0.915669 0.969313 0.964757 0.952916 0.943608 0.936714 0.932150 0.929860 0.929815 0.932015 0.936487 0.943286 0.952496 0.964233 0.936909 0.900417 0.868676 0.841054 0.817041 0.796227 0.778276 0.762913 0.749916 0.739106 0.730338 0.723498 0.718499 0.715280 0.713802 0.712119 0.699600 0.689146 0.680615 0.673896 0.668904 0.665577 0.663875 0.663776 0.665280 0.668405 0.673188 0.679690 0.687992 0.698202 0.710457 0.724928 0.741825 0.761406 0.783989 0.809963 0.815928 0.802429 0.791245 0.782227 0.775258 0.770252 0.767146 0.765903 0.766508 0.768967 0.773312 0.779594 0.787893 0.791960 0.788268 0.786496 0.786623 0.788650 0.792603 0.798528 0.806500 0.816620 0.829020 0.843867 0.861368 0.881779 0.905416 0.932663 0.963996 1150.500000 1.267523 0.870579
0.761406 0.783989 0.809963 0.815928 0.802429 0.791245 0.782227 0.775258 0.770252 0.767146 0.765903 0.766508 0.768967 0.773312 0.779594 0.787893 0.791960 0.788268 0.786496 0.786623 0.788650 0.792603 0.798528 0.806500 0.816620 0.829020 0.843867 0.861368 0.881779 0.905416 0.932663 0.963996 1.000000 0.965388 0.934010 0.906724 0.883053 0.862612 0.845086 0.830218 0.817800 0.807665 0.799681 0.793747 0.789789 0.787759 0.787632 0.789406 0.793103 0.777829 0.750552 0.726814 0.706182 0.688300 0.672883 0.659696 0.648548 0.639286 0.631784 0.625947 0.621701 0.618994 0.617792 0.615667 0.614926 0.615667 0.617901 0.621654 0.626973 0.633924 0.642596 0.653104 0.665591 0.680236 0.697257 0.716924 0.739565 0.765588 0.795495 0.829914 0.869637 0.915669 0.969313 0.964757 0.952916 0.943608 0.936714 0.932150 0.929860 0.929815 0.932015 0.936487 0.943286 0.952496 0.964233 0.936909 0.900417 0.868676 0.841054 0.817041 0.796227 0.778276 0.762913 0.749916 0.739106 0.730338 0.723498 0.718499 0.715280 0.713802 0.712119 0.699600 0.689146 0.680615 0.673896 0.668904 0.665577 0.663875 0.663776 0.665280 0.668405 0.673188 0.679690 0.687992 0.698202 0.710457 0.724928 0.741825 1150.500000 1.267523 0.870579
0.900417 0.868676 0.841054 0.817041 0.796227 0.778276 0.762913 0.749916 0.739106 0.730338 0.723498 0.718499 0.715280 0.713802 0.712119 0.699600 0.689146 0.680615 0.673896 0.668904 0.665577 0.663875 0.663776 0.665280 0.668405 0.673188 0.679690 0.687992 0.698202 0.710457 0.724928 0.741825 0.761406 0.783989 0.809963 0.815928 0.802429 0.791245 0.782227 0.775258 0.770252 0.767146 0.765903 0.766508 0.768967 0.773312 0.779594 0.787893 0.791960 0.788268 0.786496 0.786623 0.788650 0.792603 0.798528 0.806500 0.816620 0.829020 0.843867 0.861368 0.881779 0.905416 0.932663 0.963996 1.000000 0.965388 0.934010 0.906724 0.883053 0.862612 0.845086 0.830218 0.817800 0.807665 0.799681 0.793747 0.789789 0.787759 0.787632 0.789406 0.793103 0.777829 0.750552 0.726814 0.706182 0.688300 0.672883 0.659696 0.648548 0.639286 0.631784 0.625947 0.621701 0.618994 0.617792 0.615667 0.614926 0.615667 0.617901 0.621654 0.626973 0.633924 0.642596 0.653104 0.665591 0.680236 0.697257 0.716924 0.739565 0.765588 0.795495 0.829914 0.869637 0.915669 0.969313 0.964757 0.952916 0.943608 0.936714 0.932150 0.929860 0.929815 0.932015 0.936487 0.943286 0.952496 0.964233 0.936909 1150.500000 1.267523 0.870579
0.695325 0.675735 0.658762 0.644134 0.631631 0.621071 0.612310 0.605230 0.599740 0.595771 0.593275 0.592220 0.592593 0.594401 0.597663 0.602421 0.605160 0.604475 0.605249 0.607490 0.611226 0.616502 0.623385 0.631963 0.642350 0.654687 0.669151 0.685959 0.705376 0.727728 0.753417 0.782942 0.816924 0.827310 0.825251 0.825185 0.827111 0.831053 0.837058 0.845203 0.855588 0.868351 0.883660 0.901731 0.922825 0.947267 0.975453 1.000000 0.966084 0.936575 0.910945 0.888764 0.869683 0.853417 0.839734 0.828448 0.819408 0.812500 0.807637 0.804759 0.803831 0.790475 0.756606 0.727200 0.701621 0.679362 0.660012 0.643241 0.628778 0.616404 0.605939 0.597238 0.590186 0.584690 0.580681 0.578110 0.576946 0.577174 0.578797 0.581835 0.581619 0.579376 0.578539 0.579097 0.581057 0.584444 0.589298 0.595680 0.603673 0.613381 0.624936 0.638502 0.654282 0.672523 0.693529 0.717674 0.745421 0.777349 0.814182 0.856848 0.906536 0.962011 0.952792 0.946006 0.941567 0.939423 0.939547 0.941940 0.946632 0.953680 0.963171 0.961316 0.928712 0.900344 0.875706 0.854383 0.836040 0.820404 0.807250 0.796400 0.787710 0.781069 0.776394 0.773628 0.772735 0.773545 0.743769 0.717866 1060.500000 1.504247 0.860373
0.745421 0.777349 0.814182 0.856848 0.906536 0.962011 0.952792 0.946006 0.941567 0.939423 0.939547 0.941940 0.946632 0.953680 0.963171 0.961316 0.928712 0.900344 0.875706 0.854383 0.836040 0.820404 0.807250 0.796400 0.787710 0.781069 0.776394 0.773628 0.772735 0.773545 0.743769 0.717866 0.695325 0.675735 0.658762 0.644134 0.631631 0.621071 0.612310 0.605230 0.599740 0.595771 0.593275 0.592220 0.592593 0.594401 0.597663 0.602421 0.605160 0.604475 0.605249 0.607490 0.611226 0.616502 0.623385 0.631963 0.642350 0.654687 0.669151 0.685959 0.705376 0.727728 0.753417 0.782942 0.816924 0.827310 0.825251 0.825185 0.827111 0.831053 0.837058 0.845203 0.855588 0.868351 0.883660 0.901731 0.922825 0.947267 0.975453 1.000000 0.966084 0.936575 0.910945 0.888764 0.869683 0.853417 0.839734 0.828448 0.819408 0.812500 0.807637 0.804759 0.803831 0.790475 0.756606 0.727200 0.701621 0.679362 0.660012 0.643241 0.628778 0.616404 0.605939 0.597238 0.590186 0.584690 0.580681 0.578110 0.576946 0.577174 0.578797 0.581835 0.581619 0.579376 0.578539 0.579097 0.581057 0.584444 0.589298 0.595680 0.603673 0.613381 0.624936 0.638502 0.654282 0.672523 0.693529 0.717674 1060.500000 1.504247 0.860373
0.701621 0.679362 0.660012 0.643241 0.628778 0.616404 0.605939 0.597238 0.590186 0.584690 0.580681 0.578110 0.576946 0.577174 0.578797 0.581835 0.581619 0.579376 0.578539 0.579097 0.581057 0.584444 0.589298 0.595680 0.603673 0.613381 0.624936 0.638502 0.654282 0.672523 0.693529 0.717674 0.745421 0.777349 0.814182 0.856848 0.906536 0.962011 0.952792 0.946006 0.941567 0.939423 0.939547 0.941940 0.946632 0.953680 0.963171 0.961316 0.928712 0.900344 0.875706 0.854383 0.836040 0.820404 0.807250 0.796400 0.787710 0.781069 0.776394 0.773628 0.772735 0.773545 0.743769 0.717866 0.695325 0.675735 0.658762 0.644134 0.631631 0.621071 0.612310 0.605230 0.599740 0.595771 0.593275 0.592220 0.592593 0.594401 0.597663 0.602421 0.605160 0.604475 0.605249 0.607490 0.611226 0.616502 0.623385 0.631963 0.642350 0.654687 0.669151 0.685959 0.705376 0.727728 0.753417 0.782942 0.816924 0.827310 0.825251 0.825185 0.827111 0.831053 0.837058 0.845203 0.855588 0.868351 0.883660 0.901731 0.922825 0.947267 0.975453 1.000000 0.966084 0.936575 0.910945 0.888764 0.869683 0.853417 0.839734 0.828448 0.819408 0.812500 0.807637 0.804759 0.803831 0.790475 0.756606 0.727200 1060.500000 1.504247 0.860373
0.816924 0.827310 0.825251 0.825185 0.827111 0.831053 0.837058 0.845203 0.855588 0.868351 0.883660 0.901731 0.922825 0.947267 0.975453 1.000000 0.966084 0.936575 0.910945 0.888764 0.869683 0.853417 0.839734 0.828448 0.819408 0.812500 0.807637 0.804759 0.803831 0.790475 0.756606 0.727200 0.701621 0.679362 0.660012 0.643241 0.628778 0.616404 0.605939 0.597238 0.590186 0.584690 0.580681 0.578110 0.576946 0.577174 0.578797 0.581835 0.581619 0.579376 0.578539 0.579097 0.581057 0.584444 0.589298 0.595680 0.603673 0.613381 0.624936 0.638502 0.654282 0.672523 0.693529 0.717674 0.745421 0.777349 0.814182 0.856848 0.906536 0.962011 0.952792 0.946006 0.941567 0.939423 0.939547 0.941940 0.946632 0.953680 0.963171 0.961316 0.928712 0.900344 0.875706 0.854383 0.836040 0.820404 0.807250 0.796400 0.787710 0.781069 0.776394 0.773628 0.772735 0.773545 0.743769 0.717866 0.695325 0.675735 0.658762 0.644134 0.631631 0.621071 0.612310 0.605230 0.599740 0.595771 0.593275 0.592220 0.592593 0.594401 0.597663 0.602421 0.605160 0.604475 0.605249 0.607490 0.611226 0.616502 0.623385 0.631963 0.642350 0.654687 0.669151 0.685959 0.705376 0.727728 0.753417 0.782942 1060.500000 1.504247 0.860373
0.995174 0.904346 0.830544 0.769593 0.718589 0.675451 0.638651 0.607040 0.579742 0.556075 0.535505 0.517604 0.502032 0.488512 0.476819 0.466771 0.458220 0.451043 0.445143 0.440443 0.436882 0.434417 0.433017 0.432665 0.433356 0.435100 0.437917 0.441842 0.446924 0.453230 0.460842 0.469865 0.480429 0.492693 0.506853 0.523149 0.541876 0.563401 0.588182 0.616798 0.649987 0.688705 0.734207 0.788181 0.852938 0.860684 0.810123 0.766918 0.729757 0.697634 0.669765 0.645533 0.624445 0.606104 0.590192 0.576447 0.564657 0.554649 0.546283 0.539446 0.534048 0.530022 0.527316 0.525899 0.525752 0.526875 0.529280 0.532997 0.538072 0.544569 0.552572 0.562189 0.573553 0.586828 0.602218 0.619970 0.640391 0.663856 0.690834 0.721910 0.757825 0.799528 0.848250 0.857466 0.792349 0.738076 0.692322 0.653392 0.620021 0.591249 0.566332 0.544690 0.525861 0.509477 0.495239 0.482908 0.472286 0.463213 0.455559 0.449219 0.444107 0.440159 0.437325 0.435570 0.434872 0.435224 0.436629 0.439104 0.442679 0.447401 0.453327 0.460538 0.469130 0.479225 0.490972 0.504557 0.520203 0.538189 0.558858 0.582637 0.610064 0.641825 0.678798 0.722139 0.773381 0.834615 0.908757 1.000000 1551.000000 1.274843 0.591704
0.472286 0.463213 0.455559 0.449219 0.444107 0.440159 0.437325 0.435570 0.434872 0.435224 0.436629 0.439104 0.442679 0.447401 0.453327 0.460538 0.469130 0.479225 0.490972 0.504557 0.520203 0.538189 0.558858 0.582637 0.610064 0.641825 0.678798 0.722139 0.773381 0.834615 0.908757 1.000000 0.995174 0.904346 0.830544 0.769593 0.718589 0.675451 0.638651 0.607040 0.579742 0.556075 0.535505 0.517604 0.502032 0.488512 0.476819 0.466771 0.458220 0.451043 0.445143 0.440443 0.436882 0.434417 0.433017 0.432665 0.433356 0.435100 0.437917 0.441842 0.446924 0.453230 0.460842 0.469865 0.480429 0.492693 0.506853 0.523149 0.541876 0.563401 0.588182 0.616798 0.649987 0.688705 0.734207 0.788181 0.852938 0.860684 0.810123 0.766918 0.729757 0.697634 0.669765 0.645533 0.624445 0.606104 0.590192 0.576447 0.564657 0.554649 0.546283 0.539446 0.534048 0.530022 0.527316 0.525899 0.525752 0.526875 0.529280 0.532997 0.538072 0.544569 0.552572 0.562189 0.573553 0.586828 0.602218 0.619970 0.640391 0.663856 0.690834 0.721910 0.757825 0.799528 0.848250 0.857466 0.792349 0.738076 0.692322 0.653392 0.620021 0.591249 0.566332 0.544690 0.525861 0.509477 0.495239 0.482908 1551.000000 1.274843 0.591704
0.525752 0.526875 0.529280 0.532997 0.538072 0.544569 0.552572 0.562189 0.573553 0.586828 0.602218 0.619970 0.640391 0.663856 0.690834 0.721910 0.757825 0.799528 0.848250 0.857466 0.792349 0.738076 0.692322 0.653392 0.620021 0.591249 0.566332 0.544690 0.525861 0.509477 0.495239 0.482908 0.472286 0.463213 0.455559 0.449219 0.444107 0.440159 0.437325 0.435570 0.434872 0.435224 0.436629 0.439104 0.442679 0.447401 0.453327 0.460538 0.469130 0.479225 0.490972 0.504557 0.520203 0.538189 0.558858 0.582637 0.610064 0.641825 0.678798 0.722139 0.773381 0.834615 0.908757 1.000000 0.995174 0.904346 0.830544 0.769593 0.718589 0.675451 0.638651 0.607040 0.579742 0.556075 0.535505 0.517604 0.502032 0.488512 0.476819 0.466771 0.458220 0.451043 0.445143 0.440443 0.436882 0.434417 0.433017 0.432665 0.433356 0.435100 0.437917 0.441842 0.446924 0.453230 0.460842 0.469865 0.480429 0.492693 0.506853 0.523149 0.541876 0.563401 0.588182 0.616798 0.649987 0.688705 0.734207 0.788181 0.852938 0.860684 0.810123 0.766918 0.729757 0.697634 0.669765 0.645533 0.624445 0.606104 0.590192 0.576447 0.564657 0.554649 0.546283 0.539446 0.534048 0.530022 0.527316 0.525899 1551.000000 1.274843 0.591704
0.480429 0.492693 0.506853 0.523149 0.541876 0.563401 0.588182 0.616798 0.649987 0.688705 0.734207 0.788181 0.852938 0.860684 0.810123 0.766918 0.729757 0.697634 0.669765 0.645533 0.624445 0.606104 0.590192 0.576447 0.564657 0.554649 0.546283 0.539446 0.534048 0.530022 0.527316 0.525899 0.525752 0.526875 0.529280 0.532997 0.538072 0.544569 0.552572 0.562189 0.573553 0.586828 0.602218 0.619970 0.640391 0.663856 0.690834 0.721910 0.757825 0.799528 0.848250 0.857466 0.792349 0.738076 0.692322 0.653392 0.620021 0.591249 0.566332 0.544690 0.525861 0.509477 0.495239 0.482908 0.472286 0.463213 0.455559 0.449219 0.444107 0.440159 0.437325 0.435570 0.434872 0.435224 0.436629 0.439104 0.442679 0.447401 0.453327 0.460538 0.469130 0.479225 0.490972 0.504557 0.520203 0.538189 0.558858 0.582637 0.610064 0.641825 0.678798 0.722139 0.773381 0.834615 0.908757 1.000000 0.995174 0.904346 0.830544 0.769593 0.718589 0.675451 0.638651 0.607040 0.579742 0.556075 0.535505 0.517604 0.502032 0.488512 0.476819 0.466771 0.458220 0.451043 0.445143 0.440443 0.436882 0.434417 0.433017 0.432665 0.433356 0.435100 0.437917 0.441842 0.446924 0.453230 0.460842 0.469865 1551.000000 1.274843 0.591704
0.456756 0.458083 0.460530 0.464128 0.468921 0.483004 0.500674 0.520988 0.544388 0.571430 0.602827 0.639505 0.682687 0.734019 0.795771 0.871160 0.964894 1.000000 0.917985 0.850297 0.793686 0.745827 0.705014 0.669965 0.639705 0.613474 0.590676 0.570839 0.553580 0.538594 0.525631 0.525601 0.527464 0.530623 0.535117 0.541002 0.548353 0.557268 0.567869 0.580306 0.594764 0.611472 0.630710 0.652821 0.678232 0.707475 0.741219 0.751457 0.721581 0.695601 0.672992 0.653331 0.636275 0.621547 0.608918 0.598205 0.589258 0.581955 0.576202 0.571927 0.563691 0.554784 0.547452 0.541599 0.537150 0.534050 0.532260 0.531759 0.532540 0.534614 0.538005 0.542756 0.548925 0.556592 0.565859 0.576854 0.589732 0.604689 0.621962 0.641842 0.664689 0.678845 0.679635 0.682071 0.686184 0.692025 0.699665 0.709204 0.720767 0.734512 0.750635 0.769376 0.791032 0.815965 0.827089 0.791690 0.760954 0.734218 0.710952 0.690728 0.673199 0.658085 0.645154 0.634220 0.625131 0.617767 0.612031 0.607852 0.605177 0.603974 0.604229 0.605945 0.609142 0.597764 0.574619 0.554485 0.536964 0.521735 0.508537 0.497159 0.487427 0.479202 0.472368 0.466835 0.462532 0.459404 0.457413 0.456534 3903.000000 1.270350 0.695289
0.760954 0.734218 0.710952 0.690728 0.673199 0.658085 0.645154 0.634220 0.625131 0.617767 0.612031 0.607852 0.605177 0.603974 0.604229 0.605945 0.609142 0.597764 0.574619 0.554485 0.536964 0.521735 0.508537 0.497159 0.487427 0.479202 0.472368 0.466835 0.462532 0.459404 0.457413 0.456534 0.456756 0.458083 0.460530 0.464128 0.468921 0.483004 0.500674 0.520988 0.544388 0.571430 0.602827 0.639505 0.682687 0.734019 0.795771 0.871160 0.964894 1.000000 0.917985 0.850297 0.793686 0.745827 0.705014 0.669965 0.639705 0.613474 0.590676 0.570839 0.553580 0.538594 0.525631 0.525601 0.527464 0.530623 0.535117 0.541002 0.548353 0.557268 0.567869 0.580306 0.594764 0.611472 0.630710 0.652821 0.678232 0.707475 0.741219 0.751457 0.721581 0.695601 0.672992 0.653331 0.636275 0.621547 0.608918 0.598205 0.589258 0.581955 0.576202 0.571927 0.563691 0.554784 0.547452 0.541599 0.537150 0.534050 0.532260 0.531759 0.532540 0.534614 0.538005 0.542756 0.548925 0.556592 0.565859 0.576854 0.589732 0.604689 0.621962 0.641842 0.664689 0.678845 0.679635 0.682071 0.686184 0.692025 0.699665 0.709204 0.720767 0.734512 0.750635 0.769376 0.791032 0.815965 0.827089 0.791690 3903.000000 1.270350 0.695289
0.537150 0.534050 0.532260 0.531759 0.532540 0.534614 0.538005 0.542756 0.548925 0.556592 0.565859 0.576854 0.589732 0.604689 0.621962 0.641842 0.664689 0.678845 0.679635 0.682071 0.686184 0.692025 0.699665 0.709204 0.720767 0.734512 0.750635 0.769376 0.791032 0.815965 0.827089 0.791690 0.760954 0.734218 0.710952 0.690728 0.673199 0.658085 0.645154 0.634220 0.625131 0.617767 0.612031 0.607852 0.605177 0.603974 0.604229 0.605945 0.609142 0.597764 0.574619 0.554485 0.536964 0.521735 0.508537 0.497159 0.487427 0.479202 0.472368 0.466835 0.462532 0.459404 0.457413 0.456534 0.456756 0.458083 0.460530 0.464128 0.468921 0.483004 0.500674 0.520988 0.544388 0.571430 0.602827 0.639505 0.682687 0.734019 0.795771 0.871160 0.964894 1.000000 0.917985 0.850297 0.793686 0.745827 0.705014 0.669965 0.639705 0.613474 0.590676 0.570839 0.553580 0.538594 0.525631 0.525601 0.527464 0.530623 0.535117 0.541002 0.548353 0.557268 0.567869 0.580306 0.594764 0.611472 0.630710 0.652821 0.678232 0.707475 0.741219 0.751457 0.721581 0.695601 0.672992 0.653331 0.636275 0.621547 0.608918 0.598205 0.589258 0.581955 0.576202 0.571927 0.563691 0.554784 0.547452 0.541599 3903.000000 1.270350 0.695289
0.527464 0.530623 0.535117 0.541002 0.548353 0.557268 0.567869 0.580306 0.594764 0.611472 0.630710 0.652821 0.678232 0.707475 0.741219 0.751457 0.721581 0.695601 0.672992 0.653331 0.636275 0.621547 0.608918 0.598205 0.589258 0.581955 0.576202 0.571927 0.563691 0.554784 0.547452 0.541599 0.537150 0.534050 0.532260 0.531759 0.532540 0.534614 0.538005 0.542756 0.548925 0.556592 0.565859 0.576854 0.589732 0.604689 0.621962 0.641842 0.664689 0.678845 0.679635 0.682071 0.686184 0.692025 0.699665 0.709204 0.720767 0.734512 0.750635 0.769376 0.791032 0.815965 0.827089 0.791690 0.760954 0.734218 0.710952 0.690728 0.673199 0.658085 0.645154 0.634220 0.625131 0.617767 0.612031 0.607852 0.605177 0.603974 0.604229 0.605945 0.609142 0.597764 0.574619 0.554485 0.536964 0.521735 0.508537 0.497159 0.487427 0.479202 0.472368 0.466835 0.462532 0.459404 0.457413 0.456534 0.456756 0.458083 0.460530 0.464128 0.468921 0.483004 0.500674 0.520988 0.544388 0.571430 0.602827 0.639505 0.682687 0.734019 0.795771 0.871160 0.964894 1.000000 0.917985 0.850297 0.793686 0.745827 0.705014 0.669965 0.639705 0.613474 0.590676 0.570839 0.553580 0.538594 0.525631 0.525601 3903.000000 1.270350 0.695289
0.535054 0.544543 0.555738 0.567395 0.572925 0.579976 0.588638 0.599027 0.611289 0.625602 0.642186 0.661309 0.683303 0.708576 0.737635 0.771117 0.809827 0.854797 0.907369 0.969320 1.000000 0.944910 0.897622 0.856807 0.821435 0.790698 0.763952 0.740682 0.720472 0.702984 0.687943 0.675125 0.664347 0.655462 0.648352 0.642928 0.639120 0.636883 0.636188 0.637028 0.639413 0.643371 0.648951 0.656224 0.665283 0.676248 0.689268 0.704530 0.719238 0.703729 0.690503 0.679372 0.670183 0.662814 0.657172 0.653185 0.650805 0.650002 0.650768 0.653110 0.657057 0.662659 0.669985 0.679130 0.677673 0.666217 0.656697 0.648987 0.642987 0.638622 0.635836 0.634598 0.634890 0.636717 0.640102 0.645085 0.651728 0.660117 0.670360 0.682597 0.687798 0.683276 0.680442 0.679261 0.679718 0.681820 0.685592 0.691080 0.698352 0.707502 0.718649 0.731944 0.747575 0.765774 0.786823 0.811072 0.838948 0.870981 0.907832 0.950330 0.999527 0.949264 0.882013 0.825518 0.777585 0.736589 0.701305 0.670789 0.644305 0.621273 0.601229 0.583801 0.568686 0.555639 0.544459 0.534983 0.527080 0.520643 0.515589 0.511852 0.509388 0.508166 0.508171 0.509403 0.511878 0.515624 0.520690 0.527139 19151.500000 1.231472 0.767445
0.838948 0.870981 0.907832 0.950330 0.999527 0.949264 0.882013 0.825518 0.777585 0.736589 0.701305 0.670789 0.644305 0.621273 0.601229 0.583801 0.568686 0.555639 0.544459 0.534983 0.527080 0.520643 0.515589 0.511852 0.509388 0.508166 0.508171 0.509403 0.511878 0.515624 0.520690 0.527139 0.535054 0.544543 0.555738 0.567395 0.572925 0.579976 0.588638 0.599027 0.611289 0.625602 0.642186 0.661309 0.683303 0.708576 0.737635 0.771117 0.809827 0.854797 0.907369 0.969320 1.000000 0.944910 0.897622 0.856807 0.821435 0.790698 0.763952 0.740682 0.720472 0.702984 0.687943 0.675125 0.664347 0.655462 0.648352 0.642928 0.639120 0.636883 0.636188 0.637028 0.639413 0.643371 0.648951 0.656224 0.665283 0.676248 0.689268 0.704530 0.719238 0.703729 0.690503 0.679372 0.670183 0.662814 0.657172 0.653185 0.650805 0.650002 0.650768 0.653110 0.657057 0.662659 0.669985 0.679130 0.677673 0.666217 0.656697 0.648987 0.642987 0.638622 0.635836 0.634598 0.634890 0.636717 0.640102 0.645085 0.651728 0.660117 0.670360 0.682597 0.687798 0.683276 0.680442 0.679261 0.679718 0.681820 0.685592 0.691080 0.698352 0.707502 0.718649 0.731944 0.747575 0.765774 0.786823 0.811072 19151.500000 1.231472 0.767445
0.677673 0.666217 0.656697 0.648987 0.642987 0.638622 0.635836 0.634598 0.634890 0.636717 0.640102 0.645085 0.651728 0.660117 0.670360 0.682597 0.687798 0.683276 0.680442 0.679261 0.679718 0.681820 0.685592 0.691080 0.698352 0.707502 0.718649 0.731944 0.747575 0.765774 0.786823 0.811072 0.838948 0.870981 0.907832 0.950330 0.999527 0.949264 0.882013 0.825518 0.777585 0.736589 0.701305 0.670789 0.644305 0.621273 0.601229 0.583801 0.568686 0.555639 0.544459 0.534983 0.527080 0.520643 0.515589 0.511852 0.509388 0.508166 0.508171 0.509403 0.511878 0.515624 0.520690 0.527139 0.535054 0.544543 0.555738 0.567395 0.572925 0.579976 0.588638 0.599027 0.611289 0.625602 0.642186 0.661309 0.683303 0.708576 0.737635 0.771117 0.809827 0.854797 0.907369 0.969320 1.000000 0.944910 0.897622 0.856807 0.821435 0.790698 0.763952 0.740682 0.720472 0.702984 0.687943 0.675125 0.664347 0.655462 0.648352 0.642928 0.639120 0.636883 0.636188 0.637028 0.639413 0.643371 0.648951 0.656224 0.665283 0.676248 0.689268 0.704530 0.719238 0.703729 0.690503 0.679372 0.670183 0.662814 0.657172 0.653185 0.650805 0.650002 0.650768 0.653110 0.657057 0.662659 0.669985 0.679130 19151.500000 1.231472 0.767445
0.664347 0.655462 0.648352 0.642928 0.639120 0.636883 0.636188 0.637028 0.639413 0.643371 0.648951 0.656224 0.665283 0.676248 0.689268 0.704530 0.719238 0.703729 0.690503 0.679372 0.670183 0.662814 0.657172 0.653185 0.650805 0.650002 0.650768 0.653110 0.657057 0.662659 0.669985 0.679130 0.677673 0.666217 0.656697 0.648987 0.642987 0.638622 0.635836 0.634598 0.634890 0.636717 0.640102 0.645085 0.651728 0.660117 0.670360 0.682597 0.687798 0.683276 0.680442 0.679261 0.679718 0.681820 0.685592 0.691080 0.698352 0.707502 0.718649 0.731944 0.747575 0.765774 0.786823 0.811072 0.838948 0.870981 0.907832 0.950330 0.999527 0.949264 0.882013 0.825518 0.777585 0.736589 0.701305 0.670789 0.644305 0.621273 0.601229 0.583801 0.568686 0.555639 0.544459 0.534983 0.527080 0.520643 0.515589 0.511852 0.509388 0.508166 0.508171 0.509403 0.511878 0.515624 0.520690 0.527139 0.535054 0.544543 0.555738 0.567395 0.572925 0.579976 0.588638 0.599027 0.611289 0.625602 0.642186 0.661309 0.683303 0.708576 0.737635 0.771117 0.809827 0.854797 0.907369 0.969320 1.000000 0.944910 0.897622 0.856807 0.821435 0.790698 0.763952 0.740682 0.720472 0.702984 0.687943 0.675125 19151.500000 1.231472 0.767445
0.904681 0.893507 0.884711 0.878182 0.873838 0.871626 0.871520 0.873518 0.877644 0.883949 0.892511 0.903439 0.916873 0.932994 0.952028 0.974249 1.000000 0.948066 0.890119 0.840756 0.798403 0.761860 0.730197 0.702687 0.678750 0.657923 0.640160 0.625006 0.611994 0.600931 0.591660 0.584057 0.578022 0.573478 0.570367 0.568653 0.568315 0.569347 0.571763 0.575592 0.580882 0.587699 0.596131 0.606290 0.618317 0.632385 0.648707 0.667545 0.689220 0.714127 0.742759 0.775730 0.813815 0.858007 0.853954 0.844361 0.836975 0.831704 0.828481 0.827269 0.828053 0.830841 0.835669 0.842594 0.851704 0.863115 0.876978 0.870867 0.854506 0.840737 0.829371 0.820258 0.813281 0.808352 0.805412 0.804423 0.805375 0.808279 0.813170 0.820108 0.829181 0.840504 0.849284 0.829166 0.811889 0.797199 0.784889 0.774791 0.766773 0.760734 0.756597 0.754313 0.753852 0.755211 0.758405 0.763473 0.770478 0.770762 0.741989 0.716952 0.695170 0.676253 0.659886 0.645812 0.633820 0.623742 0.615438 0.608799 0.603741 0.600201 0.599513 0.600604 0.603155 0.607197 0.612780 0.619973 0.628871 0.639591 0.652281 0.667125 0.684347 0.704223 0.727093 0.753374 0.783584 0.818372 0.858557 0.905186 14844.500000 1.275080 0.843485
0.770478 0.770762 0.741989 0.716952 0.695170 0.676253 0.659886 0.645812 0.633820 0.623742 0.615438 0.608799 0.603741 0.600201 0.599513 0.600604 0.603155 0.607197 0.612780 0.619973 0.628871 0.639591 0.652281 0.667125 0.684347 0.704223 0.727093 0.753374 0.783584 0.818372 0.858557 0.905186 0.904681 0.893507 0.884711 0.878182 0.873838 0.871626 0.871520 0.873518 0.877644 0.883949 0.892511 0.903439 0.916873 0.932994 0.952028 0.974249 1.000000 0.948066 0.890119 0.840756 0.798403 0.761860 0.730197 0.702687 0.678750 0.657923 0.640160 0.625006 0.611994 0.600931 0.591660 0.584057 0.578022 0.573478 0.570367 0.568653 0.568315 0.569347 0.571763 0.575592 0.580882 0.587699 0.596131 0.606290 0.618317 0.632385 0.648707 0.667545 0.689220 0.714127 0.742759 0.775730 0.813815 0.858007 0.853954 0.844361 0.836975 0.831704 0.828481 0.827269 0.828053 0.830841 0.835669 0.842594 0.851704 0.863115 0.876978 0.870867 0.854506 0.840737 0.829371 0.820258 0.813281 0.808352 0.805412 0.804423 0.805375 0.808279 0.813170 0.820108 0.829181 0.840504 0.849284 0.829166 0.811889 0.797199 0.784889 0.774791 0.766773 0.760734 0.756597 0.754313 0.753852 0.755211 0.758405 0.763473 14844.500000 1.275080 0.843485
0.851704 0.863115 0.876978 0.870867 0.854506 0.840737 0.829371 0.820258 0.813281 0.808352 0.805412 0.804423 0.805375 0.808279 0.813170 0.820108 0.829181 0.840504 0.849284 0.829166 0.811889 0.797199 0.784889 0.774791 0.766773 0.760734 0.756597 0.754313 0.753852 0.755211 0.758405 0.763473 0.770478 0.770762 0.741989 0.716952 0.695170 0.676253 0.659886 0.645812 0.633820 0.623742 0.615438 0.608799 0.603741 0.600201 0.599513 0.600604 0.603155 0.607197 0.612780 0.619973 0.628871 0.639591 0.652281 0.667125 0.684347 0.704223 0.727093 0.753374 0.783584 0.818372 0.858557 0.905186 0.904681 0.893507 0.884711 0.878182 0.873838 0.871626 0.871520 0.873518 0.877644 0.883949 0.892511 0.903439 0.916873 0.932994 0.952028 0.974249 1.000000 0.948066 0.890119 0.840756 0.798403 0.761860 0.730197 0.702687 0.678750 0.657923 0.640160 0.625006 0.611994 0.600931 0.591660 0.584057 0.578022 0.573478 0.570367 0.568653 0.568315 0.569347 0.571763 0.575592 0.580882 0.587699 0.596131 0.606290 0.618317 0.632385 0.648707 0.667545 0.689220 0.714127 0.742759 0.775730 0.813815 0.858007 0.853954 0.844361 0.836975 0.831704 0.828481 0.827269 0.828053 0.830841 0.835669 0.842594 14844.500000 1.275080 0.843485
0.578022 0.573478 0.570367 0.568653 0.568315 0.569347 0.571763 0.575592 0.580882 0.587699 0.596131 0.606290 0.618317 0.632385 0.648707 0.667545 0.689220 0.714127 0.742759 0.775730 0.813815 0.858007 0.853954 0.844361 0.836975 0.831704 0.828481 0.827269 0.828053 0.830841 0.835669 0.842594 0.851704 0.863115 0.876978 0.870867 0.854506 0.840737 0.829371 0.820258 0.813281 0.808352 0.805412 0.804423 0.805375 0.808279 0.813170 0.820108 0.829181 0.840504 0.849284 0.829166 0.811889 0.797199 0.784889 0.774791 0.766773 0.760734 0.756597 0.754313 0.753852 0.755211 0.758405 0.763473 0.770478 0.770762 0.741989 0.716952 0.695170 0.676253 0.659886 0.645812 0.633820 0.623742 0.615438 0.608799 0.603741 0.600201 0.599513 0.600604 0.603155 0.607197 0.612780 0.619973 0.628871 0.639591 0.652281 0.667125 0.684347 0.704223 0.727093 0.753374 0.783584 0.818372 0.858557 0.905186 0.904681 0.893507 0.884711 0.878182 0.873838 0.871626 0.871520 0.873518 0.877644 0.883949 0.892511 0.903439 0.916873 0.932994 0.952028 0.974249 1.000000 0.948066 0.890119 0.840756 0.798403 0.761860 0.730197 0.702687 0.678750 0.657923 0.640160 0.625006 0.611994 0.600931 0.591660 0.584057 14844.500000 1.275080 0.843485
0.812653 0.784348 0.759717 0.738311 0.719764 0.703781 0.690118 0.678579 0.669005 0.661268 0.655269 0.650931 0.648202 0.647048 0.647455 0.646911 0.647286 0.649227 0.652756 0.657918 0.664776 0.673418 0.683957 0.696536 0.711332 0.728563 0.748499 0.771466 0.797871 0.828213 0.863116 0.903361 0.949944 0.967808 0.927670 0.892794 0.862447 0.836044 0.813110 0.793260 0.776182 0.761620 0.749366 0.739253 0.731147 0.724945 0.720568 0.716070 0.711694 0.709069 0.708163 0.708965 0.711485 0.715753 0.721822 0.729768 0.739693 0.751728 0.766036 0.782822 0.802337 0.824888 0.850851 0.880693 0.914989 0.954456 1.000000 0.958587 0.896827 0.844455 0.799682 0.761159 0.727851 0.698948 0.673814 0.651942 0.632921 0.616422 0.611152 0.609834 0.609988 0.611616 0.614738 0.619392 0.625635 0.633547 0.643232 0.654819 0.668471 0.684389 0.702817 0.724058 0.748482 0.776547 0.808824 0.846027 0.887346 0.865231 0.846181 0.829907 0.816177 0.804801 0.795628 0.788541 0.783449 0.780290 0.779025 0.779640 0.782142 0.786561 0.792951 0.801392 0.811992 0.824891 0.840262 0.835815 0.829266 0.824790 0.822333 0.821864 0.823379 0.826894 0.832454 0.840127 0.850009 0.862229 0.876948 0.845189 18650.500000 1.090031 0.794900
0.887346 0.865231 0.846181 0.829907 0.816177 0.804801 0.795628 0.788541 0.783449 0.780290 0.779025 0.779640 0.782142 0.786561 0.792951 0.801392 0.811992 0.824891 0.840262 0.835815 0.829266 0.824790 0.822333 0.821864 0.823379 0.826894 0.832454 0.840127 0.850009 0.862229 0.876948 0.845189 0.812653 0.784348 0.759717 0.738311 0.719764 0.703781 0.690118 0.678579 0.669005 0.661268 0.655269 0.650931 0.648202 0.647048 0.647455 0.646911 0.647286 0.649227 0.652756 0.657918 0.664776 0.673418 0.683957 0.696536 0.711332 0.728563 0.748499 0.771466 0.797871 0.828213 0.863116 0.903361 0.949944 0.967808 0.927670 0.892794 0.862447 0.836044 0.813110 0.793260 0.776182 0.761620 0.749366 0.739253 0.731147 0.724945 0.720568 0.716070 0.711694 0.709069 0.708163 0.708965 0.711485 0.715753 0.721822 0.729768 0.739693 0.751728 0.766036 0.782822 0.802337 0.824888 0.850851 0.880693 0.914989 0.954456 1.000000 0.958587 0.896827 0.844455 0.799682 0.761159 0.727851 0.698948 0.673814 0.651942 0.632921 0.616422 0.611152 0.609834 0.609988 0.611616 0.614738 0.619392 0.625635 0.633547 0.643232 0.654819 0.668471 0.684389 0.702817 0.724058 0.748482 0.776547 0.808824 0.846027 18650.500000 1.090031 0.794900
0.914989 0.954456 1.000000 0.958587 0.896827 0.844455 0.799682 0.761159 0.727851 0.698948 0.673814 0.651942 0.632921 0.616422 0.611152 0.609834 0.609988 0.611616 0.614738 0.619392 0.625635 0.633547 0.643232 0.654819 0.668471 0.684389 0.702817 0.724058 0.748482 0.776547 0.808824 0.846027 0.887346 0.865231 0.846181 0.829907 0.816177 0.804801 0.795628 0.788541 0.783449 0.780290 0.779025 0.779640 0.782142 0.786561 0.792951 0.801392 0.811992 0.824891 0.840262 0.835815 0.829266 0.824790 0.822333 0.821864 0.823379 0.826894 0.832454 0.840127 0.850009 0.862229 0.876948 0.845189 0.812653 0.784348 0.759717 0.738311 0.719764 0.703781 0.690118 0.678579 0.669005 0.661268 0.655269 0.650931 0.648202 0.647048 0.647455 0.646911 0.647286 0.649227 0.652756 0.657918 0.664776 0.673418 0.683957 0.696536 0.711332 0.728563 0.748499 0.771466 0.797871 0.828213 0.863116 0.903361 0.949944 0.967808 0.927670 0.892794 0.862447 0.836044 0.813110 0.793260 0.776182 0.761620 0.749366 0.739253 0.731147 0.724945 0.720568 0.716070 0.711694 0.709069 0.708163 0.708965 0.711485 0.715753 0.721822 0.729768 0.739693 0.751728 0.766036 0.782822 0.802337 0.824888 0.850851 0.880693 18650.500000 1.090031 0.794900
0.949944 0.967808 0.927670 0.892794 0.862447 0.836044 0.813110 0.793260 0.776182 0.761620 0.749366 0.739253 0.731147 0.724945 0.720568 0.716070 0.711694 0.709069 0.708163 0.708965 0.711485 0.715753 0.721822 0.729768 0.739693 0.751728 0.766036 0.782822 0.802337 0.824888 0.850851 0.880693 0.914989 0.954456 1.000000 0.958587 0.896827 0.844455 0.799682 0.761159 0.727851 0.698948 0.673814 0.651942 0.632921 0.616422 0.611152 0.609834 0.609988 0.611616 0.614738 0.619392 0.625635 0.633547 0.643232 0.654819 0.668471 0.684389 0.702817 0.724058 0.748482 0.776547 0.808824 0.846027 0.887346 0.865231 0.846181 0.829907 0.816177 0.804801 0.795628 0.788541 0.783449 0.780290 0.779025 0.779640 0.782142 0.786561 0.792951 0.801392 0.811992 0.824891 0.840262 0.835815 0.829266 0.824790 0.822333 0.821864 0.823379 0.826894 0.832454 0.840127 0.850009 0.862229 0.876948 0.845189 0.812653 0.784348 0.759717 0.738311 0.719764 0.703781 0.690118 0.678579 0.669005 0.661268 0.655269 0.650931 0.648202 0.647048 0.647455 0.646911 0.647286 0.649227 0.652756 0.657918 0.664776 0.673418 0.683957 0.696536 0.711332 0.728563 0.748499 0.771466 0.797871 0.828213 0.863116 0.903361 18650.500000 1.090031 0.794900
0.953233 1.000000 0.972402 0.939096 0.910116 0.884939 0.863141 0.844376 0.828363 0.814873 0.803720 0.794757 0.787869 0.782969 0.779998 0.778918 0.779717 0.782405 0.787013 0.793600 0.802246 0.813064 0.826194 0.841817 0.860155 0.881479 0.906127 0.896207 0.867625 0.842777 0.821237 0.802655 0.786750 0.773289 0.762086 0.752991 0.745886 0.740682 0.737314 0.735741 0.735943 0.737925 0.741708 0.747340 0.754891 0.764456 0.776161 0.790163 0.806658 0.825889 0.848152 0.873813 0.903318 0.923002 0.895483 0.871595 0.850946 0.833214 0.818135 0.805500 0.795134 0.786904 0.780704 0.776457 0.774111 0.773637 0.775029 0.778305 0.783504 0.790691 0.799956 0.811419 0.825231 0.841585 0.860716 0.882913 0.888567 0.868119 0.850595 0.835738 0.823340 0.813235 0.805292 0.799410 0.795515 0.793561 0.793523 0.795402 0.799219 0.805022 0.812882 0.822900 0.835204 0.849961 0.867376 0.887703 0.911253 0.938409 0.932606 0.894843 0.862015 0.833447 0.808597 0.787028 0.768382 0.752370 0.738755 0.727345 0.717985 0.710554 0.704955 0.701120 0.699002 0.698573 0.699831 0.702789 0.707484 0.713973 0.722339 0.732690 0.745162 0.759929 0.777203 0.797247 0.820380 0.846997 0.877584 0.912745 1609.000000 1.093442 0.854677
0.911253 0.938409 0.932606 0.894843 0.862015 0.833447 0.808597 0.787028 0.768382 0.752370 0.738755 0.727345 0.717985 0.710554 0.704955 0.701120 0.699002 0.698573 0.699831 0.702789 0.707484 0.713973 0.722339 0.732690 0.745162 0.759929 0.777203 0.797247 0.820380 0.846997 0.877584 0.912745 0.953233 1.000000 0.972402 0.939096 0.910116 0.884939 0.863141 0.844376 0.828363 0.814873 0.803720 0.794757 0.787869 0.782969 0.779998 0.778918 0.779717 0.782405 0.787013 0.793600 0.802246 0.813064 0.826194 0.841817 0.860155 0.881479 0.906127 0.896207 0.867625 0.842777 0.821237 0.802655 0.786750 0.773289 0.762086 0.752991 0.745886 0.740682 0.737314 0.735741 0.735943 0.737925 0.741708 0.747340 0.754891 0.764456 0.776161 0.790163 0.806658 0.825889 0.848152 0.873813 0.903318 0.923002 0.895483 0.871595 0.850946 0.833214 0.818135 0.805500 0.795134 0.786904 0.780704 0.776457 0.774111 0.773637 0.775029 0.778305 0.783504 0.790691 0.799956 0.811419 0.825231 0.841585 0.860716 0.882913 0.888567 0.868119 0.850595 0.835738 0.823340 0.813235 0.805292 0.799410 0.795515 0.793561 0.793523 0.795402 0.799219 0.805022 0.812882 0.822900 0.835204 0.849961 0.867376 0.887703 1609.000000 1.093442 0.854677
0.774111 0.773637 0.775029 0.778305 0.783504 0.790691 0.799956 0.811419 0.825231 0.841585 0.860716 0.882913 0.888567 0.868119 0.850595 0.835738 0.823340 0.813235 0.805292 0.799410 0.795515 0.793561 0.793523 0.795402 0.799219 0.805022 0.812882 0.822900 0.835204 0.849961 0.867376 0.887703 0.911253 0.938409 0.932606 0.894843 0.862015 0.833447 0.808597 0.787028 0.768382 0.752370 0.738755 0.727345 0.717985 0.710554 0.704955 0.701120 0.699002 0.698573 0.699831 0.702789 0.707484 0.713973 0.722339 0.732690 0.745162 0.759929 0.777203 0.797247 0.820380 0.846997 0.877584 0.912745 0.953233 1.000000 0.972402 0.939096 0.910116 0.884939 0.863141 0.844376 0.828363 0.814873 0.803720 0.794757 0.787869 0.782969 0.779998 0.778918 0.779717 0.782405 0.787013 0.793600 0.802246 0.813064 0.826194 0.841817 0.860155 0.881479 0.906127 0.896207 0.867625 0.842777 0.821237 0.802655 0.786750 0.773289 0.762086 0.752991 0.745886 0.740682 0.737314 0.735741 0.735943 0.737925 0.741708 0.747340 0.754891 0.764456 0.776161 0.790163 0.806658 0.825889 0.848152 0.873813 0.903318 0.923002 0.895483 0.871595 0.850946 0.833214 0.818135 0.805500 0.795134 0.786904 0.780704 0.776457 1609.000000 1.093442 0.854677
0.786750 0.773289 0.762086 0.752991 0.745886 0.740682 0.737314 0.735741 0.735943 0.737925 0.741708 0.747340 0.754891 0.764456 0.776161 0.790163 0.806658 0.825889 0.848152 0.873813 0.903318 0.923002 0.895483 0.871595 0.850946 0.833214 0.818135 0.805500 0.795134 0.786904 0.780704 0.776457 0.774111 0.773637 0.775029 0.778305 0.783504 0.790691 0.799956 0.811419 0.825231 0.841585 0.860716 0.882913 0.888567 0.868119 0.850595 0.835738 0.823340 0.813235 0.805292 0.799410 0.795515 0.793561 0.793523 0.795402 0.799219 0.805022 0.812882 0.822900 0.835204 0.849961 0.867376 0.887703 0.911253 0.938409 0.932606 0.894843 0.862015 0.833447 0.808597 0.787028 0.768382 0.752370 0.738755 0.727345 0.717985 0.710554 0.704955 0.701120 0.699002 0.698573 0.699831 0.702789 0.707484 0.713973 0.722339 0.732690 0.745162 0.759929 0.777203 0.797247 0.820380 0.846997 0.877584 0.912745 0.953233 1.000000 0.972402 0.939096 0.910116 0.884939 0.863141 0.844376 0.828363 0.814873 0.803720 0.794757 0.787869 0.782969 0.779998 0.778918 0.779717 0.782405 0.787013 0.793600 0.802246 0.813064 0.826194 0.841817 0.860155 0.881479 0.906127 0.896207 0.867625 0.842777 0.821237 0.802655 1609.000000 1.093442 0.854677
1.000000 0.949095 0.905196 0.867175 0.834148 0.805414 0.780411 0.758686 0.739872 0.723670 0.709836 0.698171 0.688515 0.680740 0.674746 0.670458 0.667823 0.666809 0.667403 0.669612 0.673464 0.679006 0.686307 0.695461 0.706587 0.719837 0.735399 0.753504 0.774436 0.798543 0.826253 0.858098 0.894737 0.920213 0.887852 0.859691 0.835211 0.813994 0.795697 0.780042 0.766804 0.755797 0.746876 0.739925 0.734856 0.731606 0.730137 0.730429 0.732487 0.736335 0.742021 0.749616 0.759216 0.770946 0.784965 0.801469 0.820702 0.842962 0.868614 0.898108 0.931999 0.953229 0.908893 0.870502 0.837158 0.808149 0.782907 0.760971 0.741969 0.725599 0.711613 0.699810 0.690027 0.682135 0.676031 0.671639 0.668905 0.667796 0.668297 0.670416 0.674177 0.679627 0.686835 0.695891 0.706915 0.720056 0.735501 0.753478 0.774267 0.798214 0.825742 0.857377 0.893770 0.935744 0.984343 0.948176 0.906325 0.870019 0.838453 0.810981 0.787089 0.766358 0.748448 0.733081 0.720033 0.709119 0.700193 0.693138 0.687864 0.684306 0.682420 0.682183 0.683593 0.686666 0.691441 0.697975 0.706352 0.716680 0.729098 0.743776 0.760928 0.780816 0.803759 0.830152 0.860481 0.895348 0.935509 0.981919 2455.500000 1.060726 0.780606
0.906325 0.870019 0.838453 0.810981 0.787089 0.766358 0.748448 0.733081 0.720033 0.709119 0.700193 0.693138 0.687864 0.684306 0.682420 0.682183 0.683593 0.686666 0.691441 0.697975 0.706352 0.716680 0.729098 0.743776 0.760928 0.780816 0.803759 0.830152 0.860481 0.895348 0.935509 0.981919 1.000000 0.949095 0.905196 0.867175 0.834148 0.805414 0.780411 0.758686 0.739872 0.723670 0.709836 0.698171 0.688515 0.680740 0.674746 0.670458 0.667823 0.666809 0.667403 0.669612 0.673464 0.679006 0.686307 0.695461 0.706587 0.719837 0.735399 0.753504 0.774436 0.798543 0.826253 0.858098 0.894737 0.920213 0.887852 0.859691 0.835211 0.813994 0.795697 0.780042 0.766804 0.755797 0.746876 0.739925 0.734856 0.731606 0.730137 0.730429 0.732487 0.736335 0.742021 0.749616 0.759216 0.770946 0.784965 0.801469 0.820702 0.842962 0.868614 0.898108 0.931999 0.953229 0.908893 0.870502 0.837158 0.808149 0.782907 0.760971 0.741969 0.725599 0.711613 0.699810 0.690027 0.682135 0.676031 0.671639 0.668905 0.667796 0.668297 0.670416 0.674177 0.679627 0.686835 0.695891 0.706915 0.720056 0.735501 0.753478 0.774267 0.798214 0.825742 0.857377 0.893770 0.935744 0.984343 0.948176 2455.500000 1.060726 0.780606
0.837158 0.808149 0.782907 0.760971 0.741969 0.725599 0.711613 0.699810 0.690027 0.682135 0.676031 0.671639 0.668905 0.667796 0.668297 0.670416 0.674177 0.679627 0.686835 0.695891 0.706915 0.720056 0.735501 0.753478 0.774267 0.798214 0.825742 0.857377 0.893770 0.935744 0.984343 0.948176 0.906325 0.870019 0.838453 0.810981 0.787089 0.766358 0.748448 0.733081 0.720033 0.709119 0.700193 0.693138 0.687864 0.684306 0.682420 0.682183 0.683593 0.686666 0.691441 0.697975 0.706352 0.716680 0.729098 0.743776 0.760928 0.780816 0.803759 0.830152 0.860481 0.895348 0.935509 0.981919 1.000000 0.949095 0.905196 0.867175 0.834148 0.805414 0.780411 0.758686 0.739872 0.723670 0.709836 0.698171 0.688515 0.680740 0.674746 0.670458 0.667823 0.666809 0.667403 0.669612 0.673464 0.679006 0.686307 0.695461 0.706587 0.719837 0.735399 0.753504 0.774436 0.798543 0.826253 0.858098 0.894737 0.920213 0.887852 0.859691 0.835211 0.813994 0.795697 0.780042 0.766804 0.755797 0.746876 0.739925 0.734856 0.731606 0.730137 0.730429 0.732487 0.736335 0.742021 0.749616 0.759216 0.770946 0.784965 0.801469 0.820702 0.842962 0.868614 0.898108 0.931999 0.953229 0.908893 0.870502 2455.500000 1.060726 0.780606
0.894737 0.920213 0.887852 0.859691 0.835211 0.813994 0.795697 0.780042 0.766804 0.755797 0.746876 0.739925 0.734856 0.731606 0.730137 0.730429 0.732487 0.736335 0.742021 0.749616 0.759216 0.770946 0.784965 0.801469 0.820702 0.842962 0.868614 0.898108 0.931999 0.953229 0.908893 0.870502 0.837158 0.808149 0.782907 0.760971 0.741969 0.725599 0.711613 0.699810 0.690027 0.682135 0.676031 0.671639 0.668905 0.667796 0.668297 0.670416 0.674177 0.679627 0.686835 0.695891 0.706915 0.720056 0.735501 0.753478 0.774267 0.798214 0.825742 0.857377 0.893770 0.935744 0.984343 0.948176 0.906325 0.870019 0.838453 0.810981 0.787089 0.766358 0.748448 0.733081 0.720033 0.709119 0.700193 0.693138 0.687864 0.684306 0.682420 0.682183 0.683593 0.686666 0.691441 0.697975 0.706352 0.716680 0.729098 0.743776 0.760928 0.780816 0.803759 0.830152 0.860481 0.895348 0.935509 0.981919 1.000000 0.949095 0.905196 0.867175 0.834148 0.805414 0.780411 0.758686 0.739872 0.723670 0.709836 0.698171 0.688515 0.680740 0.674746 0.670458 0.667823 0.666809 0.667403 0.669612 0.673464 0.679006 0.686307 0.695461 0.706587 0.719837 0.735399 0.753504 0.774436 0.798543 0.826253 0.858098 2455.500000 1.060726 0.780606
0.683030 0.643049 0.608875 0.579476 0.554058 0.532004 0.512827 0.496138 0.481625 0.469034 0.458161 0.448837 0.440926 0.434317 0.428922 0.424669 0.421506 0.419392 0.418302 0.418222 0.419152 0.421103 0.424099 0.428176 0.433387 0.439799 0.447498 0.456590 0.467209 0.479516 0.493710 0.510037 0.528798 0.550368 0.575217 0.603941 0.637299 0.676283 0.722200 0.776814 0.842560 0.922892 1.000000 0.885980 0.797024 0.725890 0.667890 0.619856 0.579570 0.545435 0.516272 0.491192 0.469515 0.450710 0.434359 0.420130 0.407755 0.397017 0.387741 0.379782 0.373023 0.367371 0.362748 0.359094 0.356364 0.354522 0.353546 0.353425 0.354156 0.355750 0.358225 0.361612 0.365953 0.371306 0.377741 0.385347 0.394236 0.404541 0.416431 0.430107 0.445823 0.463891 0.484703 0.508752 0.536674 0.569289 0.607683 0.653319 0.708209 0.775209 0.858494 0.867100 0.810412 0.762405 0.721408 0.686164 0.655709 0.629294 0.606330 0.586345 0.568962 0.553877 0.540839 0.529649 0.520139 0.512177 0.505655 0.500488 0.496609 0.493971 0.492541 0.492302 0.493251 0.495400 0.498774 0.503415 0.509382 0.516752 0.525624 0.536119 0.548390 0.562624 0.579048 0.597943 0.619656 0.644618 0.673365 0.706577 2564.000000 1.489352 0.569815
0.655709 0.629294 0.606330 0.586345 0.568962 0.553877 0.540839 0.529649 0.520139 0.512177 0.505655 0.500488 0.496609 0.493971 0.492541 0.492302 0.493251 0.495400 0.498774 0.503415 0.509382 0.516752 0.525624 0.536119 0.548390 0.562624 0.579048 0.597943 0.619656 0.644618 0.673365 0.706577 0.683030 0.643049 0.608875 0.579476 0.554058 0.532004 0.512827 0.496138 0.481625 0.469034 0.458161 0.448837 0.440926 0.434317 0.428922 0.424669 0.421506 0.419392 0.418302 0.418222 0.419152 0.421103 0.424099 0.428176 0.433387 0.439799 0.447498 0.456590 0.467209 0.479516 0.493710 0.510037 0.528798 0.550368 0.575217 0.603941 0.637299 0.676283 0.722200 0.776814 0.842560 0.922892 1.000000 0.885980 0.797024 0.725890 0.667890 0.619856 0.579570 0.545435 0.516272 0.491192 0.469515 0.450710 0.434359 0.420130 0.407755 0.397017 0.387741 0.379782 0.373023 0.367371 0.362748 0.359094 0.356364 0.354522 0.353546 0.353425 0.354156 0.355750 0.358225 0.361612 0.365953 0.371306 0.377741 0.385347 0.394236 0.404541 0.416431 0.430107 0.445823 0.463891 0.484703 0.508752 0.536674 0.569289 0.607683 0.653319 0.708209 0.775209 0.858494 0.867100 0.810412 0.762405 0.721408 0.686164 2564.000000 1.489352 0.569815
0.356364 0.354522 0.353546 0.353425 0.354156 0.355750 0.358225 0.361612 0.365953 0.371306 0.377741 0.385347 0.394236 0.404541 0.416431 0.430107 0.445823 0.463891 0.484703 0.508752 0.536674 0.569289 0.607683 0.653319 0.708209 0.775209 0.858494 0.867100 0.810412 0.762405 0.721408 0.686164 0.655709 0.629294 0.606330 0.586345 0.568962 0.553877 0.540839 0.529649 0.520139 0.512177 0.505655 0.500488 0.496609 0.493971 0.492541 0.492302 0.493251 0.495400 0.498774 0.503415 0.509382 0.516752 0.525624 0.536119 0.548390 0.562624 0.579048 0.597943 0.619656 0.644618 0.673365 0.706577 0.683030 0.643049 0.608875 0.579476 0.554058 0.532004 0.512827 0.496138 0.481625 0.469034 0.458161 0.448837 0.440926 0.434317 0.428922 0.424669 0.421506 0.419392 0.418302 0.418222 0.419152 0.421103 0.424099 0.428176 0.433387 0.439799 0.447498 0.456590 0.467209 0.479516 0.493710 0.510037 0.528798 0.550368 0.575217 0.603941 0.637299 0.676283 0.722200 0.776814 0.842560 0.922892 1.000000 0.885980 0.797024 0.725890 0.667890 0.619856 0.579570 0.545435 0.516272 0.491192 0.469515 0.450710 0.434359 0.420130 0.407755 0.397017 0.387741 0.379782 0.373023 0.367371 0.362748 0.359094 2564.000000 1.489352 0.569815
0.528798 0.550368 0.575217 0.603941 0.637299 0.676283 0.722200 0.776814 0.842560 0.922892 1.000000 0.885980 0.797024 0.725890 0.667890 0.619856 0.579570 0.545435 0.516272 0.491192 0.469515 0.450710 0.434359 0.420130 0.407755 0.397017 0.387741 0.379782 0.373023 0.367371 0.362748 0.359094 0.356364 0.354522 0.353546 0.353425 0.354156 0.355750 0.358225 0.361612 0.365953 0.371306 0.377741 0.385347 0.394236 0.404541 0.416431 0.430107 0.445823 0.463891 0.484703 0.508752 0.536674 0.569289 0.607683 0.653319 0.708209 0.775209 0.858494 0.867100 0.810412 0.762405 0.721408 0.686164 0.655709 0.629294 0.606330 0.586345 0.568962 0.553877 0.540839 0.529649 0.520139 0.512177 0.505655 0.500488 0.496609 0.493971 0.492541 0.492302 0.493251 0.495400 0.498774 0.503415 0.509382 0.516752 0.525624 0.536119 0.548390 0.562624 0.579048 0.597943 0.619656 0.644618 0.673365 0.706577 0.683030 0.643049 0.608875 0.579476 0.554058 0.532004 0.512827 0.496138 0.481625 0.469034 0.458161 0.448837 0.440926 0.434317 0.428922 0.424669 0.421506 0.419392 0.418302 0.418222 0.419152 0.421103 0.424099 0.428176 0.433387 0.439799 0.447498 0.456590 0.467209 0.479516 0.493710 0.510037 2564.000000 1.489352 0.569815
0.867964 0.835119 0.806542 0.781676 0.760074 0.741372 0.725274 0.711537 0.699966 0.690402 0.682718 0.676816 0.672622 0.670084 0.669171 0.669872 0.672195 0.676170 0.681844 0.689288 0.698599 0.709898 0.723340 0.739115 0.741649 0.721555 0.704172 0.689229 0.676502 0.665812 0.657013 0.649989 0.644649 0.640929 0.638781 0.638180 0.639118 0.641606 0.645676 0.651377 0.658781 0.667983 0.679105 0.692299 0.707755 0.725705 0.746435 0.770293 0.797713 0.829228 0.865506 0.907390 0.896265 0.868826 0.844993 0.824365 0.806617 0.791484 0.778750 0.768240 0.759817 0.753371 0.748823 0.746116 0.745217 0.746116 0.748823 0.753371 0.759817 0.768240 0.778750 0.791484 0.806617 0.824365 0.844993 0.868826 0.896265 0.863939 0.824463 0.790257 0.760536 0.734675 0.712174 0.692630 0.675714 0.661159 0.648748 0.638304 0.629684 0.622774 0.617485 0.613751 0.611527 0.610785 0.611516 0.613729 0.617451 0.622728 0.629626 0.638233 0.648663 0.661059 0.675596 0.692494 0.705357 0.699821 0.696035 0.693952 0.693548 0.694817 0.697774 0.702457 0.708922 0.717252 0.727553 0.739962 0.754652 0.771834 0.791769 0.814776 0.841247 0.871666 0.906634 0.946901 0.993415 1.000000 0.949410 0.905770 1233.500000 1.265753 0.822671
0.617451 0.622728 0.629626 0.638233 0.648663 0.661059 0.675596 0.692494 0.705357 0.699821 0.696035 0.693952 0.693548 0.694817 0.697774 0.702457 0.708922 0.717252 0.727553 0.739962 0.754652 0.771834 0.791769 0.814776 0.841247 0.871666 0.906634 0.946901 0.993415 1.000000 0.949410 0.905770 0.867964 0.835119 0.806542 0.781676 0.760074 0.741372 0.725274 0.711537 0.699966 0.690402 0.682718 0.676816 0.672622 0.670084 0.669171 0.669872 0.672195 0.676170 0.681844 0.689288 0.698599 0.709898 0.723340 0.739115 0.741649 0.721555 0.704172 0.689229 0.676502 0.665812 0.657013 0.649989 0.644649 0.640929 0.638781 0.638180 0.639118 0.641606 0.645676 0.651377 0.658781 0.667983 0.679105 0.692299 0.707755 0.725705 0.746435 0.770293 0.797713 0.829228 0.865506 0.907390 0.896265 0.868826 0.844993 0.824365 0.806617 0.791484 0.778750 0.768240 0.759817 0.753371 0.748823 0.746116 0.745217 0.746116 0.748823 0.753371 0.759817 0.768240 0.778750 0.791484 0.806617 0.824365 0.844993 0.868826 0.896265 0.863939 0.824463 0.790257 0.760536 0.734675 0.712174 0.692630 0.675714 0.661159 0.648748 0.638304 0.629684 0.622774 0.617485 0.613751 0.611527 0.610785 0.611516 0.613729 1233.500000 1.265753 0.822671
0.745217 0.746116 0.748823 0.753371 0.759817 0.768240 0.778750 0.791484 0.806617 0.824365 0.844993 0.868826 0.896265 0.863939 0.824463 0.790257 0.760536 0.734675 0.712174 0.692630 0.675714 0.661159 0.648748 0.638304 0.629684 0.622774 0.617485 0.613751 0.611527 0.610785 0.611516 0.613729 0.617451 0.622728 0.629626 0.638233 0.648663 0.661059 0.675596 0.692494 0.705357 0.699821 0.696035 0.693952 0.693548 0.694817 0.697774 0.702457 0.708922 0.717252 0.727553 0.739962 0.754652 0.771834 0.791769 0.814776 0.841247 0.871666 0.906634 0.946901 0.993415 1.000000 0.949410 0.905770 0.867964 0.835119 0.806542 0.781676 0.760074 0.741372 0.725274 0.711537 0.699966 0.690402 0.682718 0.676816 0.672622 0.670084 0.669171 0.669872 0.672195 0.676170 0.681844 0.689288 0.698599 0.709898 0.723340 0.739115 0.741649 0.721555 0.704172 0.689229 0.676502 0.665812 0.657013 0.649989 0.644649 0.640929 0.638781 0.638180 0.639118 0.641606 0.645676 0.651377 0.658781 0.667983 0.679105 0.692299 0.707755 0.725705 0.746435 0.770293 0.797713 0.829228 0.865506 0.907390 0.896265 0.868826 0.844993 0.824365 0.806617 0.791484 0.778750 0.768240 0.759817 0.753371 0.748823 0.746116 1233.500000 1.265753 0.822671
0.644649 0.640929 0.638781 0.638180 0.639118 0.641606 0.645676 0.651377 0.658781 0.667983 0.679105 0.692299 0.707755 0.725705 0.746435 0.770293 0.797713 0.829228 0.865506 0.907390 0.896265 0.868826 0.844993 0.824365 0.806617 0.791484 0.778750 0.768240 0.759817 0.753371 0.748823 0.746116 0.745217 0.746116 0.748823 0.753371 0.759817 0.768240 0.778750 0.791484 0.806617 0.824365 0.844993 0.868826 0.896265 0.863939 0.824463 0.790257 0.760536 0.734675 0.712174 0.692630 0.675714 0.661159 0.648748 0.638304 0.629684 0.622774 0.617485 0.613751 0.611527 0.610785 0.611516 0.613729 0.617451 0.622728 0.629626 0.638233 0.648663 0.661059 0.675596 0.692494 0.705357 0.699821 0.696035 0.693952 0.693548 0.694817 0.697774 0.702457 0.708922 0.717252 0.727553 0.739962 0.754652 0.771834 0.791769 0.814776 0.841247 0.871666 0.906634 0.946901 0.993415 1.000000 0.949410 0.905770 0.867964 0.835119 0.806542 0.781676 0.760074 0.741372 0.725274 0.711537 0.699966 0.690402 0.682718 0.676816 0.672622 0.670084 0.669171 0.669872 0.672195 0.676170 0.681844 0.689288 0.698599 0.709898 0.723340 0.739115 0.741649 0.721555 0.704172 0.689229 0.676502 0.665812 0.657013 0.649989 1233.500000 1.265753 0.822671
0.926161 0.958676 0.996044 0.984135 0.953208 0.926329 0.903041 0.882970 0.865812 0.851320 0.839293 0.829573 0.822033 0.816578 0.813141 0.811680 0.812177 0.814639 0.819095 0.825600 0.834235 0.845109 0.851086 0.838204 0.827671 0.819348 0.813130 0.808941 0.806728 0.806464 0.808147 0.811796 0.817457 0.825200 0.835121 0.847351 0.862051 0.879426 0.899729 0.923268 0.950422 0.963274 0.931343 0.903569 0.879460 0.858620 0.840722 0.825504 0.812750 0.802287 0.793979 0.787720 0.783430 0.781059 0.780577 0.781978 0.785280 0.790522 0.797769 0.807113 0.818674 0.832605 0.849101 0.868397 0.890786 0.892370 0.872541 0.855591 0.841274 0.829394 0.819793 0.812346 0.806959 0.803566 0.802126 0.802622 0.805058 0.809466 0.815898 0.824436 0.835187 0.848293 0.863932 0.882323 0.903739 0.928513 0.957054 0.989866 1.000000 0.965159 0.934840 0.908491 0.885661 0.865985 0.849166 0.834961 0.823173 0.813647 0.806259 0.800916 0.797552 0.796126 0.796621 0.799043 0.803421 0.809808 0.818286 0.828960 0.834467 0.818763 0.805544 0.794629 0.785874 0.779166 0.774422 0.771582 0.770613 0.771503 0.774262 0.778924 0.785547 0.794213 0.805033 0.818151 0.833744 0.852037 0.873301 0.897872 1087.500000 1.066036 0.884722
0.823173 0.813647 0.806259 0.800916 0.797552 0.796126 0.796621 0.799043 0.803421 0.809808 0.818286 0.828960 0.834467 0.818763 0.805544 0.794629 0.785874 0.779166 0.774422 0.771582 0.770613 0.771503 0.774262 0.778924 0.785547 0.794213 0.805033 0.818151 0.833744 0.852037 0.873301 0.897872 0.926161 0.958676 0.996044 0.984135 0.953208 0.926329 0.903041 0.882970 0.865812 0.851320 0.839293 0.829573 0.822033 0.816578 0.813141 0.811680 0.812177 0.814639 0.819095 0.825600 0.834235 0.845109 0.851086 0.838204 0.827671 0.819348 0.813130 0.808941 0.806728 0.806464 0.808147 0.811796 0.817457 0.825200 0.835121 0.847351 0.862051 0.879426 0.899729 0.923268 0.950422 0.963274 0.931343 0.903569 0.879460 0.858620 0.840722 0.825504 0.812750 0.802287 0.793979 0.787720 0.783430 0.781059 0.780577 0.781978 0.785280 0.790522 0.797769 0.807113 0.818674 0.832605 0.849101 0.868397 0.890786 0.892370 0.872541 0.855591 0.841274 0.829394 0.819793 0.812346 0.806959 0.803566 0.802126 0.802622 0.805058 0.809466 0.815898 0.824436 0.835187 0.848293 0.863932 0.882323 0.903739 0.928513 0.957054 0.989866 1.000000 0.965159 0.934840 0.908491 0.885661 0.865985 0.849166 0.834961 1087.500000 1.066036 0.884722
0.890786 0.892370 0.872541 0.855591 0.841274 0.829394 0.819793 0.812346 0.806959 0.803566 0.802126 0.802622 0.805058 0.809466 0.815898 0.824436 0.835187 0.848293 0.863932 0.882323 0.903739 0.928513 0.957054 0.989866 1.000000 0.965159 0.934840 0.908491 0.885661 0.865985 0.849166 0.834961 0.823173 0.813647 0.806259 0.800916 0.797552 0.796126 0.796621 0.799043 0.803421 0.809808 0.818286 0.828960 0.834467 0.818763 0.805544 0.794629 0.785874 0.779166 0.774422 0.771582 0.770613 0.771503 0.774262 0.778924 0.785547 0.794213 0.805033 0.818151 0.833744 0.852037 0.873301 0.897872 0.926161 0.958676 0.996044 0.984135 0.953208 0.926329 0.903041 0.882970 0.865812 0.851320 0.839293 0.829573 0.822033 0.816578 0.813141 0.811680 0.812177 0.814639 0.819095 0.825600 0.834235 0.845109 0.851086 0.838204 0.827671 0.819348 0.813130 0.808941 0.806728 0.806464 0.808147 0.811796 0.817457 0.825200 0.835121 0.847351 0.862051 0.879426 0.899729 0.923268 0.950422 0.963274 0.931343 0.903569 0.879460 0.858620 0.840722 0.825504 0.812750 0.802287 0.793979 0.787720 0.783430 0.781059 0.780577 0.781978 0.785280 0.790522 0.797769 0.807113 0.818674 0.832605 0.849101 0.868397 1087.500000 1.066036 0.884722
0.817457 0.825200 0.835121 0.847351 0.862051 0.879426 0.899729 0.923268 0.950422 0.963274 0.931343 0.903569 0.879460 0.858620 0.840722 0.825504 0.812750 0.802287 0.793979 0.787720 0.783430 0.781059 0.780577 0.781978 0.785280 0.790522 0.797769 0.807113 0.818674 0.832605 0.849101 0.868397 0.890786 0.892370 0.872541 0.855591 0.841274 0.829394 0.819793 0.812346 0.806959 0.803566 0.802126 0.802622 0.805058 0.809466 0.815898 0.824436 0.835187 0.848293 0.863932 0.882323 0.903739 0.928513 0.957054 0.989866 1.000000 0.965159 0.934840 0.908491 0.885661 0.865985 0.849166 0.834961 0.823173 0.813647 0.806259 0.800916 0.797552 0.796126 0.796621 0.799043 0.803421 0.809808 0.818286 0.828960 0.834467 0.818763 0.805544 0.794629 0.785874 0.779166 0.774422 0.771582 0.770613 0.771503 0.774262 0.778924 0.785547 0.794213 0.805033 0.818151 0.833744 0.852037 0.873301 0.897872 0.926161 0.958676 0.996044 0.984135 0.953208 0.926329 0.903041 0.882970 0.865812 0.851320 0.839293 0.829573 0.822033 0.816578 0.813141 0.811680 0.812177 0.814639 0.819095 0.825600 0.834235 0.845109 0.851086 0.838204 0.827671 0.819348 0.813130 0.808941 0.806728 0.806464 0.808147 0.811796 1087.500000 1.066036 0.884722
0.702522 0.707230 0.713732 0.722111 0.732474 0.744960 0.759741 0.777030 0.797090 0.820241 0.846878 0.877488 0.912675 0.953195 1.000000 0.931502 0.870961 0.819663 0.775838 0.738149 0.705573 0.677313 0.652742 0.631359 0.612762 0.603134 0.603519 0.605364 0.608690 0.613540 0.619974 0.628072 0.637943 0.649719 0.663566 0.679689 0.698340 0.719827 0.744528 0.772913 0.805565 0.843219 0.886807 0.937528 0.905088 0.869638 0.838804 0.811972 0.788643 0.768418 0.750967 0.736026 0.723376 0.712842 0.704282 0.697587 0.692670 0.689472 0.687952 0.688094 0.689898 0.693386 0.698601 0.705608 0.698744 0.691388 0.685821 0.681972 0.679794 0.679262 0.680368 0.683127 0.687570 0.693755 0.701757 0.711681 0.723658 0.737853 0.754470 0.773759 0.796029 0.821657 0.851108 0.846561 0.829048 0.814167 0.801708 0.791503 0.783418 0.777350 0.773224 0.770989 0.770619 0.772107 0.775473 0.780758 0.788027 0.797372 0.808912 0.822804 0.817556 0.792527 0.770786 0.751970 0.735781 0.721977 0.710361 0.700774 0.693090 0.687211 0.683062 0.680593 0.679773 0.680593 0.683062 0.687211 0.693090 0.686625 0.680045 0.675201 0.672033 0.670502 0.670591 0.672299 0.675648 0.680678 0.687452 0.696056 2946.000000 1.089126 0.808273
0.788027 0.797372 0.808912 0.822804 0.817556 0.792527 0.770786 0.751970 0.735781 0.721977 0.710361 0.700774 0.693090 0.687211 0.683062 0.680593 0.679773 0.680593 0.683062 0.687211 0.693090 0.686625 0.680045 0.675201 0.672033 0.670502 0.670591 0.672299 0.675648 0.680678 0.687452 0.696056 0.702522 0.707230 0.713732 0.722111 0.732474 0.744960 0.759741 0.777030 0.797090 0.820241 0.846878 0.877488 0.912675 0.953195 1.000000 0.931502 0.870961 0.819663 0.775838 0.738149 0.705573 0.677313 0.652742 0.631359 0.612762 0.603134 0.603519 0.605364 0.608690 0.613540 0.619974 0.628072 0.637943 0.649719 0.663566 0.679689 0.698340 0.719827 0.744528 0.772913 0.805565 0.843219 0.886807 0.937528 0.905088 0.869638 0.838804 0.811972 0.788643 0.768418 0.750967 0.736026 0.723376 0.712842 0.704282 0.697587 0.692670 0.689472 0.687952 0.688094 0.689898 0.693386 0.698601 0.705608 0.698744 0.691388 0.685821 0.681972 0.679794 0.679262 0.680368 0.683127 0.687570 0.693755 0.701757 0.711681 0.723658 0.737853 0.754470 0.773759 0.796029 0.821657 0.851108 0.846561 0.829048 0.814167 0.801708 0.791503 0.783418 0.777350 0.773224 0.770989 0.770619 0.772107 0.775473 0.780758 2946.000000 1.089126 0.808273
0.698744 0.691388 0.685821 0.681972 0.679794 0.679262 0.680368 0.683127 0.687570 0.693755 0.701757 0.711681 0.723658 0.737853 0.754470 0.773759 0.796029 0.821657 0.851108 0.846561 0.829048 0.814167 0.801708 0.791503 0.783418 0.777350 0.773224 0.770989 0.770619 0.772107 0.775473 0.780758 0.788027 0.797372 0.808912 0.822804 0.817556 0.792527 0.770786 0.751970 0.735781 0.721977 0.710361 0.700774 0.693090 0.687211 0.683062 0.680593 0.679773 0.680593 0.683062 0.687211 0.693090 0.686625 0.680045 0.675201 0.672033 0.670502 0.670591 0.672299 0.675648 0.680678 0.687452 0.696056 0.702522 0.707230 0.713732 0.722111 0.732474 0.744960 0.759741 0.777030 0.797090 0.820241 0.846878 0.877488 0.912675 0.953195 1.000000 0.931502 0.870961 0.819663 0.775838 0.738149 0.705573 0.677313 0.652742 0.631359 0.612762 0.603134 0.603519 0.605364 0.608690 0.613540 0.619974 0.628072 0.637943 0.649719 0.663566 0.679689 0.698340 0.719827 0.744528 0.772913 0.805565 0.843219 0.886807 0.937528 0.905088 0.869638 0.838804 0.811972 0.788643 0.768418 0.750967 0.736026 0.723376 0.712842 0.704282 0.697587 0.692670 0.689472 0.687952 0.688094 0.689898 0.693386 0.698601 0.705608 2946.000000 1.089126 0.808273
0.637943 0.649719 0.663566 0.679689 0.698340 0.719827 0.744528 0.772913 0.805565 0.843219 0.886807 0.937528 0.905088 0.869638 0.838804 0.811972 0.788643 0.768418 0.750967 0.736026 0.723376 0.712842 0.704282 0.697587 0.692670 0.689472 0.687952 0.688094 0.689898 0.693386 0.698601 0.705608 0.698744 0.691388 0.685821 0.681972 0.679794 0.679262 0.680368 0.683127 0.687570 0.693755 0.701757 0.711681 0.723658 0.737853 0.754470 0.773759 0.796029 0.821657 0.851108 0.846561 0.829048 0.814167 0.801708 0.791503 0.783418 0.777350 0.773224 0.770989 0.770619 0.772107 0.775473 0.780758 0.788027 0.797372 0.808912 0.822804 0.817556 0.792527 0.770786 0.751970 0.735781 0.721977 0.710361 0.700774 0.693090 0.687211 0.683062 0.680593 0.679773 0.680593 0.683062 0.687211 0.693090 0.686625 0.680045 0.675201 0.672033 0.670502 0.670591 0.672299 0.675648 0.680678 0.687452 0.696056 0.702522 0.707230 0.713732 0.722111 0.732474 0.744960 0.759741 0.777030 0.797090 0.820241 0.846878 0.877488 0.912675 0.953195 1.000000 0.931502 0.870961 0.819663 0.775838 0.738149 0.705573 0.677313 0.652742 0.631359 0.612762 0.603134 0.603519 0.605364 0.608690 0.613540 0.619974 0.628072 2946.000000 1.089126 0.808273
0.564225 0.555682 0.543196 0.532515 0.523482 0.515972 0.509887 0.505145 0.501689 0.499474 0.498475 0.498679 0.500088 0.502719 0.506606 0.511795 0.518031 0.512842 0.508969 0.506366 0.504999 0.504853 0.505925 0.508228 0.511792 0.516659 0.522891 0.530570 0.539797 0.550701 0.562202 0.569238 0.577863 0.588192 0.600370 0.614574 0.631024 0.649987 0.671794 0.696852 0.725668 0.758877 0.797285 0.798126 0.766771 0.739500 0.715768 0.695134 0.677243 0.661803 0.648580 0.637380 0.628047 0.620457 0.614512 0.610134 0.607272 0.605889 0.605969 0.607512 0.610538 0.615084 0.621205 0.628980 0.624496 0.614468 0.606194 0.599565 0.594497 0.590925 0.588806 0.588114 0.588840 0.590994 0.594601 0.599706 0.606373 0.614687 0.624758 0.636725 0.650757 0.667065 0.664670 0.627809 0.596184 0.568896 0.545253 0.524710 0.506836 0.491284 0.477775 0.466082 0.456019 0.447438 0.440214 0.434249 0.429464 0.425798 0.423206 0.421654 0.421124 0.421611 0.423119 0.432004 0.455925 0.483884 0.516822 0.556010 0.603200 0.660883 0.732716 0.824298 0.944645 1.000000 0.930965 0.872813 0.823365 0.781001 0.744488 0.712878 0.685427 0.661546 0.640765 0.622704 0.607055 0.593569 0.582041 0.572304 775.500000 1.313300 0.687584
0.429464 0.425798 0.423206 0.421654 0.421124 0.421611 0.423119 0.432004 0.455925 0.483884 0.516822 0.556010 0.603200 0.660883 0.732716 0.824298 0.944645 1.000000 0.930965 0.872813 0.823365 0.781001 0.744488 0.712878 0.685427 0.661546 0.640765 0.622704 0.607055 0.593569 0.582041 0.572304 0.564225 0.555682 0.543196 0.532515 0.523482 0.515972 0.509887 0.505145 0.501689 0.499474 0.498475 0.498679 0.500088 0.502719 0.506606 0.511795 0.518031 0.512842 0.508969 0.506366 0.504999 0.504853 0.505925 0.508228 0.511792 0.516659 0.522891 0.530570 0.539797 0.550701 0.562202 0.569238 0.577863 0.588192 0.600370 0.614574 0.631024 0.649987 0.671794 0.696852 0.725668 0.758877 0.797285 0.798126 0.766771 0.739500 0.715768 0.695134 0.677243 0.661803 0.648580 0.637380 0.628047 0.620457 0.614512 0.610134 0.607272 0.605889 0.605969 0.607512 0.610538 0.615084 0.621205 0.628980 0.624496 0.614468 0.606194 0.599565 0.594497 0.590925 0.588806 0.588114 0.588840 0.590994 0.594601 0.599706 0.606373 0.614687 0.624758 0.636725 0.650757 0.667065 0.664670 0.627809 0.596184 0.568896 0.545253 0.524710 0.506836 0.491284 0.477775 0.466082 0.456019 0.447438 0.440214 0.434249 775.500000 1.313300 0.687584
0.624496 0.614468 0.606194 0.599565 0.594497 0.590925 0.588806 0.588114 0.588840 0.590994 0.594601 0.599706 0.606373 0.614687 0.624758 0.636725 0.650757 0.667065 0.664670 0.627809 0.596184 0.568896 0.545253 0.524710 0.506836 0.491284 0.477775 0.466082 0.456019 0.447438 0.440214 0.434249 0.429464 0.425798 0.423206 0.421654 0.421124 0.421611 0.423119 0.432004 0.455925 0.483884 0.516822 0.556010 0.603200 0.660883 0.732716 0.824298 0.944645 1.000000 0.930965 0.872813 0.823365 0.781001 0.744488 0.712878 0.685427 0.661546 0.640765 0.622704 0.607055 0.593569 0.582041 0.572304 0.564225 0.555682 0.543196 0.532515 0.523482 0.515972 0.509887 0.505145 0.501689 0.499474 0.498475 0.498679 0.500088 0.502719 0.506606 0.511795 0.518031 0.512842 0.508969 0.506366 0.504999 0.504853 0.505925 0.508228 0.511792 0.516659 0.522891 0.530570 0.539797 0.550701 0.562202 0.569238 0.577863 0.588192 0.600370 0.614574 0.631024 0.649987 0.671794 0.696852 0.725668 0.758877 0.797285 0.798126 0.766771 0.739500 0.715768 0.695134 0.677243 0.661803 0.648580 0.637380 0.628047 0.620457 0.614512 0.610134 0.607272 0.605889 0.605969 0.607512 0.610538 0.615084 0.621205 0.628980 775.500000 1.313300 0.687584
0.577863 0.588192 0.600370 0.614574 0.631024 0.649987 0.671794 0.696852 0.725668 0.758877 0.797285 0.798126 0.766771 0.739500 0.715768 0.695134 0.677243 0.661803 0.648580 0.637380 0.628047 0.620457 0.614512 0.610134 0.607272 0.605889 0.605969 0.607512 0.610538 0.615084 0.621205 0.628980 0.624496 0.614468 0.606194 0.599565 0.594497 0.590925 0.588806 0.588114 0.588840 0.590994 0.594601 0.599706 0.606373 0.614687 0.624758 0.636725 0.650757 0.667065 0.664670 0.627809 0.596184 0.568896 0.545253 0.524710 0.506836 0.491284 0.477775 0.466082 0.456019 0.447438 0.440214 0.434249 0.429464 0.425798 0.423206 0.421654 0.421124 0.421611 0.423119 0.432004 0.455925 0.483884 0.516822 0.556010 0.603200 0.660883 0.732716 0.824298 0.944645 1.000000 0.930965 0.872813 0.823365 0.781001 0.744488 0.712878 0.685427 0.661546 0.640765 0.622704 0.607055 0.593569 0.582041 0.572304 0.564225 0.555682 0.543196 0.532515 0.523482 0.515972 0.509887 0.505145 0.501689 0.499474 0.498475 0.498679 0.500088 0.502719 0.506606 0.511795 0.518031 0.512842 0.508969 0.506366 0.504999 0.504853 0.505925 0.508228 0.511792 0.516659 0.522891 0.530570 0.539797 0.550701 0.562202 0.569238 775.500000 1.313300 0.687584
0.888260 0.912130 0.939644 0.971282 0.954650 0.926457 0.901993 0.880854 0.862715 0.847308 0.834416 0.823865 0.815519 0.809269 0.805040 0.802778 0.802457 0.804072 0.807644 0.813215 0.810526 0.786500 0.765649 0.747629 0.732162 0.719018 0.708014 0.699000 0.691859 0.686499 0.682853 0.680878 0.680550 0.681863 0.684834 0.689500 0.695918 0.704169 0.714359 0.726625 0.741136 0.758102 0.777781 0.800488 0.826612 0.856633 0.891144 0.930889 0.957267 0.928205 0.902967 0.881131 0.862355 0.846359 0.832915 0.821841 0.812990 0.806249 0.801535 0.798788 0.797976 0.799089 0.802140 0.807167 0.814230 0.823420 0.834853 0.848682 0.865096 0.884330 0.906673 0.932478 0.962181 0.996318 1.000000 0.948838 0.904731 0.866536 0.833362 0.804502 0.779388 0.757564 0.738660 0.722375 0.708462 0.696721 0.686992 0.679144 0.673076 0.668713 0.666000 0.664904 0.665413 0.667531 0.671285 0.676722 0.683908 0.692935 0.703923 0.717020 0.732411 0.750325 0.771042 0.794904 0.822334 0.853856 0.890121 0.931947 0.907686 0.884414 0.864336 0.847145 0.832591 0.820472 0.810625 0.802924 0.797270 0.793593 0.791849 0.792017 0.794098 0.798118 0.804126 0.812196 0.822432 0.834966 0.849967 0.867646 7299.500000 1.212191 0.837835
0.683908 0.692935 0.703923 0.717020 0.732411 0.750325 0.771042 0.794904 0.822334 0.853856 0.890121 0.931947 0.907686 0.884414 0.864336 0.847145 0.832591 0.820472 0.810625 0.802924 0.797270 0.793593 0.791849 0.792017 0.794098 0.798118 0.804126 0.812196 0.822432 0.834966 0.849967 0.867646 0.888260 0.912130 0.939644 0.971282 0.954650 0.926457 0.901993 0.880854 0.862715 0.847308 0.834416 0.823865 0.815519 0.809269 0.805040 0.802778 0.802457 0.804072 0.807644 0.813215 0.810526 0.786500 0.765649 0.747629 0.732162 0.719018 0.708014 0.699000 0.691859 0.686499 0.682853 0.680878 0.680550 0.681863 0.684834 0.689500 0.695918 0.704169 0.714359 0.726625 0.741136 0.758102 0.777781 0.800488 0.826612 0.856633 0.891144 0.930889 0.957267 0.928205 0.902967 0.881131 0.862355 0.846359 0.832915 0.821841 0.812990 0.806249 0.801535 0.798788 0.797976 0.799089 0.802140 0.807167 0.814230 0.823420 0.834853 0.848682 0.865096 0.884330 0.906673 0.932478 0.962181 0.996318 1.000000 0.948838 0.904731 0.866536 0.833362 0.804502 0.779388 0.757564 0.738660 0.722375 0.708462 0.696721 0.686992 0.679144 0.673076 0.668713 0.666000 0.664904 0.665413 0.667531 0.671285 0.676722 7299.500000 1.212191 0.837835
0.814230 0.823420 0.834853 0.848682 0.865096 0.884330 0.906673 0.932478 0.962181 0.996318 1.000000 0.948838 0.904731 0.866536 0.833362 0.804502 0.779388 0.757564 0.738660 0.722375 0.708462 0.696721 0.686992 0.679144 0.673076 0.668713 0.666000 0.664904 0.665413 0.667531 0.671285 0.676722 0.683908 0.692935 0.703923 0.717020 0.732411 0.750325 0.771042 0.794904 0.822334 0.853856 0.890121 0.931947 0.907686 0.884414 0.864336 0.847145 0.832591 0.820472 0.810625 0.802924 0.797270 0.793593 0.791849 0.792017 0.794098 0.798118 0.804126 0.812196 0.822432 0.834966 0.849967 0.867646 0.888260 0.912130 0.939644 0.971282 0.954650 0.926457 0.901993 0.880854 0.862715 0.847308 0.834416 0.823865 0.815519 0.809269 0.805040 0.802778 0.802457 0.804072 0.807644 0.813215 0.810526 0.786500 0.765649 0.747629 0.732162 0.719018 0.708014 0.699000 0.691859 0.686499 0.682853 0.680878 0.680550 0.681863 0.684834 0.689500 0.695918 0.704169 0.714359 0.726625 0.741136 0.758102 0.777781 0.800488 0.826612 0.856633 0.891144 0.930889 0.957267 0.928205 0.902967 0.881131 0.862355 0.846359 0.832915 0.821841 0.812990 0.806249 0.801535 0.798788 0.797976 0.799089 0.802140 0.807167 7299.500000 1.212191 0.837835
0.680550 0.681863 0.684834 0.689500 0.695918 0.704169 0.714359 0.726625 0.741136 0.758102 0.777781 0.800488 0.826612 0.856633 0.891144 0.930889 0.957267 0.928205 0.902967 0.881131 0.862355 0.846359 0.832915 0.821841 0.812990 0.806249 0.801535 0.798788 0.797976 0.799089 0.802140 0.807167 0.814230 0.823420 0.834853 0.848682 0.865096 0.884330 0.906673 0.932478 0.962181 0.996318 1.000000 0.948838 0.904731 0.866536 0.833362 0.804502 0.779388 0.757564 0.738660 0.722375 0.708462 0.696721 0.686992 0.679144 0.673076 0.668713 0.666000 0.664904 0.665413 0.667531 0.671285 0.676722 0.683908 0.692935 0.703923 0.717020 0.732411 0.750325 0.771042 0.794904 0.822334 0.853856 0.890121 0.931947 0.907686 0.884414 0.864336 0.847145 0.832591 0.820472 0.810625 0.802924 0.797270 0.793593 0.791849 0.792017 0.794098 0.798118 0.804126 0.812196 0.822432 0.834966 0.849967 0.867646 0.888260 0.912130 0.939644 0.971282 0.954650 0.926457 0.901993 0.880854 0.862715 0.847308 0.834416 0.823865 0.815519 0.809269 0.805040 0.802778 0.802457 0.804072 0.807644 0.813215 0.810526 0.786500 0.765649 0.747629 0.732162 0.719018 0.708014 0.699000 0.691859 0.686499 0.682853 0.680878 7299.500000 1.212191 0.837835
0.602877 0.659315 0.729350 0.818237 0.934360 0.913137 0.841933 0.782779 0.733042 0.690813 0.654675 0.623558 0.596637 0.573268 0.552942 0.535254 0.519876 0.506543 0.495040 0.485190 0.476852 0.469907 0.464265 0.459851 0.456610 0.454502 0.453500 0.453593 0.454783 0.457082 0.460520 0.465139 0.470998 0.478173 0.486760 0.496881 0.508683 0.522348 0.538100 0.556213 0.577026 0.600962 0.585804 0.559993 0.537600 0.518130 0.501186 0.486451 0.473665 0.462620 0.453145 0.445102 0.438376 0.432879 0.428537 0.425295 0.423114 0.421967 0.421839 0.422729 0.424649 0.427620 0.431681 0.436883 0.443292 0.450995 0.460098 0.470733 0.483064 0.497287 0.513649 0.532451 0.554066 0.578965 0.607740 0.641150 0.680181 0.726135 0.780766 0.846491 0.926736 1.000000 0.867218 0.767197 0.689351 0.627219 0.576636 0.534794 0.499737 0.470055 0.444713 0.422931 0.404111 0.387789 0.373599 0.361251 0.350510 0.341188 0.333130 0.326212 0.320331 0.315406 0.311368 0.308165 0.305756 0.304112 0.303212 0.303045 0.303610 0.304912 0.306968 0.309804 0.313455 0.317968 0.323403 0.329836 0.337359 0.346086 0.356158 0.367746 0.381062 0.396370 0.413998 0.434363 0.457995 0.485583 0.518036 0.556575 593.500000 1.809202 0.529191
0.350510 0.341188 0.333130 0.326212 0.320331 0.315406 0.311368 0.308165 0.305756 0.304112 0.303212 0.303045 0.303610 0.304912 0.306968 0.309804 0.313455 0.317968 0.323403 0.329836 0.337359 0.346086 0.356158 0.367746 0.381062 0.396370 0.413998 0.434363 0.457995 0.485583 0.518036 0.556575 0.602877 0.659315 0.729350 0.818237 0.934360 0.913137 0.841933 0.782779 0.733042 0.690813 0.654675 0.623558 0.596637 0.573268 0.552942 0.535254 0.519876 0.506543 0.495040 0.485190 0.476852 0.469907 0.464265 0.459851 0.456610 0.454502 0.453500 0.453593 0.454783 0.457082 0.460520 0.465139 0.470998 0.478173 0.486760 0.496881 0.508683 0.522348 0.538100 0.556213 0.577026 0.600962 0.585804 0.559993 0.537600 0.518130 0.501186 0.486451 0.473665 0.462620 0.453145 0.445102 0.438376 0.432879 0.428537 0.425295 0.423114 0.421967 0.421839 0.422729 0.424649 0.427620 0.431681 0.436883 0.443292 0.450995 0.460098 0.470733 0.483064 0.497287 0.513649 0.532451 0.554066 0.578965 0.607740 0.641150 0.680181 0.726135 0.780766 0.846491 0.926736 1.000000 0.867218 0.767197 0.689351 0.627219 0.576636 0.534794 0.499737 0.470055 0.444713 0.422931 0.404111 0.387789 0.373599 0.361251 593.500000 1.809202 0.529191
0.443292 0.450995 0.460098 0.470733 0.483064 0.497287 0.513649 0.532451 0.554066 0.578965 0.607740 0.641150 0.680181 0.726135 0.780766 0.846491 0.926736 1.000000 0.867218 0.767197 0.689351 0.627219 0.576636 0.534794 0.499737 0.470055 0.444713 0.422931 0.404111 0.387789 0.373599 0.361251 0.350510 0.341188 0.333130 0.326212 0.320331 0.315406 0.311368 0.308165 0.305756 0.304112 0.303212 0.303045 0.303610 0.304912 0.306968 0.309804 0.313455 0.317968 0.323403 0.329836 0.337359 0.346086 0.356158 0.367746 0.381062 0.396370 0.413998 0.434363 0.457995 0.485583 0.518036 0.556575 0.602877 0.659315 0.729350 0.818237 0.934360 0.913137 0.841933 0.782779 0.733042 0.690813 0.654675 0.623558 0.596637 0.573268 0.552942 0.535254 0.519876 0.506543 0.495040 0.485190 0.476852 0.469907 0.464265 0.459851 0.456610 0.454502 0.453500 0.453593 0.454783 0.457082 0.460520 0.465139 0.470998 0.478173 0.486760 0.496881 0.508683 0.522348 0.538100 0.556213 0.577026 0.600962 0.585804 0.559993 0.537600 0.518130 0.501186 0.486451 0.473665 0.462620 0.453145 0.445102 0.438376 0.432879 0.428537 0.425295 0.423114 0.421967 0.421839 0.422729 0.424649 0.427620 0.431681 0.436883 593.500000 1.809202 0.529191
0.470998 0.478173 0.486760 0.496881 0.508683 0.522348 0.538100 0.556213 0.577026 0.600962 0.585804 0.559993 0.537600 0.518130 0.501186 0.486451 0.473665 0.462620 0.453145 0.445102 0.438376 0.432879 0.428537 0.425295 0.423114 0.421967 0.421839 0.422729 0.424649 0.427620 0.431681 0.436883 0.443292 0.450995 0.460098 0.470733 0.483064 0.497287 0.513649 0.532451 0.554066 0.578965 0.607740 0.641150 0.680181 0.726135 0.780766 0.846491 0.926736 1.000000 0.867218 0.767197 0.689351 0.627219 0.576636 0.534794 0.499737 0.470055 0.444713 0.422931 0.404111 0.387789 0.373599 0.361251 0.350510 0.341188 0.333130 0.326212 0.320331 0.315406 0.311368 0.308165 0.305756 0.304112 0.303212 0.303045 0.303610 0.304912 0.306968 0.309804 0.313455 0.317968 0.323403 0.329836 0.337359 0.346086 0.356158 0.367746 0.381062 0.396370 0.413998 0.434363 0.457995 0.485583 0.518036 0.556575 0.602877 0.659315 0.729350 0.818237 0.934360 0.913137 0.841933 0.782779 0.733042 0.690813 0.654675 0.623558 0.596637 0.573268 0.552942 0.535254 0.519876 0.506543 0.495040 0.485190 0.476852 0.469907 0.464265 0.459851 0.456610 0.454502 0.453500 0.453593 0.454783 0.457082 0.460520 0.465139 593.500000 1.809202 0.529191
0.732221 0.726307 0.722215 0.719892 0.719312 0.720468 0.723372 0.728061 0.734592 0.743048 0.753537 0.766199 0.781208 0.798780 0.819179 0.842730 0.826087 0.794827 0.767628 0.743962 0.723402 0.705603 0.690281 0.677207 0.666194 0.657092 0.649779 0.644161 0.640170 0.637754 0.636885 0.637552 0.639763 0.643546 0.648946 0.656031 0.664893 0.675647 0.688440 0.703454 0.720914 0.741093 0.764329 0.791036 0.821728 0.857047 0.897797 0.945007 1.000000 0.973969 0.924862 0.882494 0.845786 0.813892 0.786141 0.761995 0.741020 0.722864 0.707239 0.693912 0.682692 0.673426 0.665990 0.660291 0.656256 0.653835 0.653000 0.653739 0.656063 0.659998 0.665595 0.672922 0.678781 0.672460 0.667849 0.664892 0.663553 0.663816 0.665682 0.669176 0.674340 0.681238 0.689959 0.700615 0.713350 0.728345 0.745818 0.750549 0.746440 0.744158 0.743676 0.744989 0.748111 0.753082 0.759962 0.768839 0.779826 0.793070 0.808753 0.827103 0.848395 0.872971 0.901250 0.873982 0.842346 0.814815 0.790872 0.770097 0.752152 0.736759 0.723692 0.712767 0.703837 0.696787 0.691526 0.687988 0.686131 0.685932 0.687389 0.690519 0.695360 0.701973 0.710441 0.720873 0.733410 0.748225 0.749831 0.740029 1660.500000 1.036153 0.838456
0.779826 0.793070 0.808753 0.827103 0.848395 0.872971 0.901250 0.873982 0.842346 0.814815 0.790872 0.770097 0.752152 0.736759 0.723692 0.712767 0.703837 0.696787 0.691526 0.687988 0.686131 0.685932 0.687389 0.690519 0.695360 0.701973 0.710441 0.720873 0.733410 0.748225 0.749831 0.740029 0.732221 0.726307 0.722215 0.719892 0.719312 0.720468 0.723372 0.728061 0.734592 0.743048 0.753537 0.766199 0.781208 0.798780 0.819179 0.842730 0.826087 0.794827 0.767628 0.743962 0.723402 0.705603 0.690281 0.677207 0.666194 0.657092 0.649779 0.644161 0.640170 0.637754 0.636885 0.637552 0.639763 0.643546 0.648946 0.656031 0.664893 0.675647 0.688440 0.703454 0.720914 0.741093 0.764329 0.791036 0.821728 0.857047 0.897797 0.945007 1.000000 0.973969 0.924862 0.882494 0.845786 0.813892 0.786141 0.761995 0.741020 0.722864 0.707239 0.693912 0.682692 0.673426 0.665990 0.660291 0.656256 0.653835 0.653000 0.653739 0.656063 0.659998 0.665595 0.672922 0.678781 0.672460 0.667849 0.664892 0.663553 0.663816 0.665682 0.669176 0.674340 0.681238 0.689959 0.700615 0.713350 0.728345 0.745818 0.750549 0.746440 0.744158 0.743676 0.744989 0.748111 0.753082 0.759962 0.768839 1660.500000 1.036153 0.838456
0.656256 0.653835 0.653000 0.653739 0.656063 0.659998 0.665595 0.672922 0.678781 0.672460 0.667849 0.664892 0.663553 0.663816 0.665682 0.669176 0.674340 0.681238 0.689959 0.700615 0.713350 0.728345 0.745818 0.750549 0.746440 0.744158 0.743676 0.744989 0.748111 0.753082 0.759962 0.768839 0.779826 0.793070 0.808753 0.827103 0.848395 0.872971 0.901250 0.873982 0.842346 0.814815 0.790872 0.770097 0.752152 0.736759 0.723692 0.712767 0.703837 0.696787 0.691526 0.687988 0.686131 0.685932 0.687389 0.690519 0.695360 0.701973 0.710441 0.720873 0.733410 0.748225 0.749831 0.740029 0.732221 0.726307 0.722215 0.719892 0.719312 0.720468 0.723372 0.728061 0.734592 0.743048 0.753537 0.766199 0.781208 0.798780 0.819179 0.842730 0.826087 0.794827 0.767628 0.743962 0.723402 0.705603 0.690281 0.677207 0.666194 0.657092 0.649779 0.644161 0.640170 0.637754 0.636885 0.637552 0.639763 0.643546 0.648946 0.656031 0.664893 0.675647 0.688440 0.703454 0.720914 0.741093 0.764329 0.791036 0.821728 0.857047 0.897797 0.945007 1.000000 0.973969 0.924862 0.882494 0.845786 0.813892 0.786141 0.761995 0.741020 0.722864 0.707239 0.693912 0.682692 0.673426 0.665990 0.660291 1660.500000 1.036153 0.838456
0.639763 0.643546 0.648946 0.656031 0.664893 0.675647 0.688440 0.703454 0.720914 0.741093 0.764329 0.791036 0.821728 0.857047 0.897797 0.945007 1.000000 0.973969 0.924862 0.882494 0.845786 0.813892 0.786141 0.761995 0.741020 0.722864 0.707239 0.693912 0.682692 0.673426 0.665990 0.660291 0.656256 0.653835 0.653000 0.653739 0.656063 0.659998 0.665595 0.672922 0.678781 0.672460 0.667849 0.664892 0.663553 0.663816 0.665682 0.669176 0.674340 0.681238 0.689959 0.700615 0.713350 0.728345 0.745818 0.750549 0.746440 0.744158 0.743676 0.744989 0.748111 0.753082 0.759962 0.768839 0.779826 0.793070 0.808753 0.827103 0.848395 0.872971 0.901250 0.873982 0.842346 0.814815 0.790872 0.770097 0.752152 0.736759 0.723692 0.712767 0.703837 0.696787 0.691526 0.687988 0.686131 0.685932 0.687389 0.690519 0.695360 0.701973 0.710441 0.720873 0.733410 0.748225 0.749831 0.740029 0.732221 0.726307 0.722215 0.719892 0.719312 0.720468 0.723372 0.728061 0.734592 0.743048 0.753537 0.766199 0.781208 0.798780 0.819179 0.842730 0.826087 0.794827 0.767628 0.743962 0.723402 0.705603 0.690281 0.677207 0.666194 0.657092 0.649779 0.644161 0.640170 0.637754 0.636885 0.637552 1660.500000 1.036153 0.838456
0.818755 0.813433 0.810118 0.808771 0.809375 0.811938 0.816490 0.823087 0.831812 0.842776 0.856123 0.872034 0.890734 0.912501 0.937673 0.966668 1.000000 0.975765 0.935297 0.900133 0.869538 0.842917 0.819794 0.799782 0.782563 0.767881 0.755527 0.745331 0.737158 0.730905 0.726492 0.723866 0.722017 0.718184 0.716107 0.715761 0.717143 0.720268 0.725176 0.731926 0.740604 0.751321 0.764222 0.779484 0.797329 0.818026 0.841908 0.869385 0.900959 0.932375 0.908562 0.888020 0.870437 0.855558 0.843177 0.833127 0.825278 0.819533 0.815818 0.814089 0.814325 0.816529 0.820727 0.826972 0.819116 0.804299 0.791882 0.781697 0.773611 0.767521 0.763350 0.761048 0.760587 0.761960 0.765186 0.770302 0.777373 0.786487 0.797762 0.811348 0.827432 0.846247 0.868078 0.859902 0.853547 0.849316 0.847158 0.847047 0.848980 0.852982 0.859102 0.867414 0.878025 0.891072 0.906730 0.925216 0.946801 0.918039 0.884195 0.854743 0.829124 0.806883 0.787651 0.771130 0.757074 0.745284 0.735601 0.727898 0.722076 0.717898 0.713564 0.710984 0.710128 0.710984 0.713564 0.717898 0.724040 0.732067 0.742082 0.754216 0.768637 0.785549 0.805206 0.827917 0.854064 0.847565 0.835713 0.826151 961.500000 1.051685 0.881876
0.946801 0.918039 0.884195 0.854743 0.829124 0.806883 0.787651 0.771130 0.757074 0.745284 0.735601 0.727898 0.722076 0.717898 0.713564 0.710984 0.710128 0.710984 0.713564 0.717898 0.724040 0.732067 0.742082 0.754216 0.768637 0.785549 0.805206 0.827917 0.854064 0.847565 0.835713 0.826151 0.818755 0.813433 0.810118 0.808771 0.809375 0.811938 0.816490 0.823087 0.831812 0.842776 0.856123 0.872034 0.890734 0.912501 0.937673 0.966668 1.000000 0.975765 0.935297 0.900133 0.869538 0.842917 0.819794 0.799782 0.782563 0.767881 0.755527 0.745331 0.737158 0.730905 0.726492 0.723866 0.722017 0.718184 0.716107 0.715761 0.717143 0.720268 0.725176 0.731926 0.740604 0.751321 0.764222 0.779484 0.797329 0.818026 0.841908 0.869385 0.900959 0.932375 0.908562 0.888020 0.870437 0.855558 0.843177 0.833127 0.825278 0.819533 0.815818 0.814089 0.814325 0.816529 0.820727 0.826972 0.819116 0.804299 0.791882 0.781697 0.773611 0.767521 0.763350 0.761048 0.760587 0.761960 0.765186 0.770302 0.777373 0.786487 0.797762 0.811348 0.827432 0.846247 0.868078 0.859902 0.853547 0.849316 0.847158 0.847047 0.848980 0.852982 0.859102 0.867414 0.878025 0.891072 0.906730 0.925216 961.500000 1.051685 0.881876
0.819116 0.804299 0.791882 0.781697 0.773611 0.767521 0.763350 0.761048 0.760587 0.761960 0.765186 0.770302 0.777373 0.786487 0.797762 0.811348 0.827432 0.846247 0.868078 0.859902 0.853547 0.849316 0.847158 0.847047 0.848980 0.852982 0.859102 0.867414 0.878025 0.891072 0.906730 0.925216 0.946801 0.918039 0.884195 0.854743 0.829124 0.806883 0.787651 0.771130 0.757074 0.745284 0.735601 0.727898 0.722076 0.717898 0.713564 0.710984 0.710128 0.710984 0.713564 0.717898 0.724040 0.732067 0.742082 0.754216 0.768637 0.785549 0.805206 0.827917 0.854064 0.847565 0.835713 0.826151 0.818755 0.813433 0.810118 0.808771 0.809375 0.811938 0.816490 0.823087 0.831812 0.842776 0.856123 0.872034 0.890734 0.912501 0.937673 0.966668 1.000000 0.975765 0.935297 0.900133 0.869538 0.842917 0.819794 0.799782 0.782563 0.767881 0.755527 0.745331 0.737158 0.730905 0.726492 0.723866 0.722017 0.718184 0.716107 0.715761 0.717143 0.720268 0.725176 0.731926 0.740604 0.751321 0.764222 0.779484 0.797329 0.818026 0.841908 0.869385 0.900959 0.932375 0.908562 0.888020 0.870437 0.855558 0.843177 0.833127 0.825278 0.819533 0.815818 0.814089 0.814325 0.816529 0.820727 0.826972 961.500000 1.051685 0.881876
0.722017 0.718184 0.716107 0.715761 0.717143 0.720268 0.725176 0.731926 0.740604 0.751321 0.764222 0.779484 0.797329 0.818026 0.841908 0.869385 0.900959 0.932375 0.908562 0.888020 0.870437 0.855558 0.843177 0.833127 0.825278 0.819533 0.815818 0.814089 0.814325 0.816529 0.820727 0.826972 0.819116 0.804299 0.791882 0.781697 0.773611 0.767521 0.763350 0.761048 0.760587 0.761960 0.765186 0.770302 0.777373 0.786487 0.797762 0.811348 0.827432 0.846247 0.868078 0.859902 0.853547 0.849316 0.847158 0.847047 0.848980 0.852982 0.859102 0.867414 0.878025 0.891072 0.906730 0.925216 0.946801 0.918039 0.884195 0.854743 0.829124 0.806883 0.787651 0.771130 0.757074 0.745284 0.735601 0.727898 0.722076 0.717898 0.713564 0.710984 0.710128 0.710984 0.713564 0.717898 0.724040 0.732067 0.742082 0.754216 0.768637 0.785549 0.805206 0.827917 0.854064 0.847565 0.835713 0.826151 0.818755 0.813433 0.810118 0.808771 0.809375 0.811938 0.816490 0.823087 0.831812 0.842776 0.856123 0.872034 0.890734 0.912501 0.937673 0.966668 1.000000 0.975765 0.935297 0.900133 0.869538 0.842917 0.819794 0.799782 0.782563 0.767881 0.755527 0.745331 0.737158 0.730905 0.726492 0.723866 961.500000 1.051685 0.881876
0.805943 0.784251 0.765493 0.749374 0.735655 0.724143 0.714681 0.707144 0.701438 0.697489 0.695250 0.694693 0.695813 0.698621 0.703154 0.709466 0.717636 0.727771 0.740005 0.754505 0.771481 0.791188 0.813941 0.840125 0.870215 0.857639 0.847295 0.839195 0.833237 0.829346 0.827476 0.827604 0.829731 0.833882 0.840110 0.848491 0.859131 0.872170 0.887782 0.906186 0.927651 0.930781 0.907051 0.886584 0.869067 0.854247 0.841918 0.831915 0.824110 0.818403 0.814724 0.813027 0.813293 0.815524 0.819748 0.826016 0.834406 0.845026 0.858012 0.873542 0.891831 0.913151 0.937829 0.909006 0.876052 0.847374 0.822432 0.800791 0.782095 0.766055 0.752437 0.741048 0.731736 0.724378 0.718881 0.715177 0.713220 0.712987 0.714475 0.717701 0.722706 0.729551 0.738323 0.749134 0.762131 0.777492 0.783995 0.776003 0.770009 0.765938 0.763740 0.763389 0.764879 0.768230 0.773482 0.780700 0.789975 0.801426 0.815208 0.831510 0.850568 0.872672 0.898177 0.927519 0.961238 1.000000 0.986705 0.958328 0.933723 0.912494 0.894315 0.878922 0.866102 0.855682 0.847527 0.841534 0.837629 0.835765 0.835918 0.838090 0.842309 0.848624 0.857116 0.867891 0.881090 0.892651 0.859647 0.830927 688.500000 1.204705 0.885990
0.789975 0.801426 0.815208 0.831510 0.850568 0.872672 0.898177 0.927519 0.961238 1.000000 0.986705 0.958328 0.933723 0.912494 0.894315 0.878922 0.866102 0.855682 0.847527 0.841534 0.837629 0.835765 0.835918 0.838090 0.842309 0.848624 0.857116 0.867891 0.881090 0.892651 0.859647 0.830927 0.805943 0.784251 0.765493 0.749374 0.735655 0.724143 0.714681 0.707144 0.701438 0.697489 0.695250 0.694693 0.695813 0.698621 0.703154 0.709466 0.717636 0.727771 0.740005 0.754505 0.771481 0.791188 0.813941 0.840125 0.870215 0.857639 0.847295 0.839195 0.833237 0.829346 0.827476 0.827604 0.829731 0.833882 0.840110 0.848491 0.859131 0.872170 0.887782 0.906186 0.927651 0.930781 0.907051 0.886584 0.869067 0.854247 0.841918 0.831915 0.824110 0.818403 0.814724 0.813027 0.813293 0.815524 0.819748 0.826016 0.834406 0.845026 0.858012 0.873542 0.891831 0.913151 0.937829 0.909006 0.876052 0.847374 0.822432 0.800791 0.782095 0.766055 0.752437 0.741048 0.731736 0.724378 0.718881 0.715177 0.713220 0.712987 0.714475 0.717701 0.722706 0.729551 0.738323 0.749134 0.762131 0.777492 0.783995 0.776003 0.770009 0.765938 0.763740 0.763389 0.764879 0.768230 0.773482 0.780700 688.500000 1.204705 0.885990
0.876052 0.847374 0.822432 0.800791 0.782095 0.766055 0.752437 0.741048 0.731736 0.724378 0.718881 0.715177 0.713220 0.712987 0.714475 0.717701 0.722706 0.729551 0.738323 0.749134 0.762131 0.777492 0.783995 0.776003 0.770009 0.765938 0.763740 0.763389 0.764879 0.768230 0.773482 0.780700 0.789975 0.801426 0.815208 0.831510 0.850568 0.872672 0.898177 0.927519 0.961238 1.000000 0.986705 0.958328 0.933723 0.912494 0.894315 0.878922 0.866102 0.855682 0.847527 0.841534 0.837629 0.835765 0.835918 0.838090 0.842309 0.848624 0.857116 0.867891 0.881090 0.892651 0.859647 0.830927 0.805943 0.784251 0.765493 0.749374 0.735655 0.724143 0.714681 0.707144 0.701438 0.697489 0.695250 0.694693 0.695813 0.698621 0.703154 0.709466 0.717636 0.727771 0.740005 0.754505 0.771481 0.791188 0.813941 0.840125 0.870215 0.857639 0.847295 0.839195 0.833237 0.829346 0.827476 0.827604 0.829731 0.833882 0.840110 0.848491 0.859131 0.872170 0.887782 0.906186 0.927651 0.930781 0.907051 0.886584 0.869067 0.854247 0.841918 0.831915 0.824110 0.818403 0.814724 0.813027 0.813293 0.815524 0.819748 0.826016 0.834406 0.845026 0.858012 0.873542 0.891831 0.913151 0.937829 0.909006 688.500000 1.204705 0.885990
0.829731 0.833882 0.840110 0.848491 0.859131 0.872170 0.887782 0.906186 0.927651 0.930781 0.907051 0.886584 0.869067 0.854247 0.841918 0.831915 0.824110 0.818403 0.814724 0.813027 0.813293 0.815524 0.819748 0.826016 0.834406 0.845026 0.858012 0.873542 0.891831 0.913151 0.937829 0.909006 0.876052 0.847374 0.822432 0.800791 0.782095 0.766055 0.752437 0.741048 0.731736 0.724378 0.718881 0.715177 0.713220 0.712987 0.714475 0.717701 0.722706 0.729551 0.738323 0.749134 0.762131 0.777492 0.783995 0.776003 0.770009 0.765938 0.763740 0.763389 0.764879 0.768230 0.773482 0.780700 0.789975 0.801426 0.815208 0.831510 0.850568 0.872672 0.898177 0.927519 0.961238 1.000000 0.986705 0.958328 0.933723 0.912494 0.894315 0.878922 0.866102 0.855682 0.847527 0.841534 0.837629 0.835765 0.835918 0.838090 0.842309 0.848624 0.857116 0.867891 0.881090 0.892651 0.859647 0.830927 0.805943 0.784251 0.765493 0.749374 0.735655 0.724143 0.714681 0.707144 0.701438 0.697489 0.695250 0.694693 0.695813 0.698621 0.703154 0.709466 0.717636 0.727771 0.740005 0.754505 0.771481 0.791188 0.813941 0.840125 0.870215 0.857639 0.847295 0.839195 0.833237 0.829346 0.827476 0.827604 688.500000 1.204705 0.885990
0.618254 0.621656 0.626612 0.633187 0.641462 0.651547 0.663578 0.677725 0.694198 0.713252 0.735203 0.760438 0.789436 0.822795 0.839434 0.818008 0.799527 0.783709 0.770324 0.759187 0.750149 0.743092 0.737929 0.734594 0.733047 0.733269 0.735264 0.739054 0.744687 0.752233 0.761787 0.773475 0.787453 0.803918 0.802174 0.787626 0.775432 0.765425 0.757474 0.751479 0.747365 0.745080 0.744598 0.745912 0.749038 0.754015 0.760904 0.769791 0.780792 0.794052 0.809755 0.828127 0.841889 0.814690 0.791039 0.770527 0.752819 0.737644 0.724781 0.714049 0.705304 0.698434 0.693350 0.689990 0.688312 0.688297 0.689944 0.693273 0.698324 0.705161 0.713871 0.724565 0.737388 0.752518 0.770177 0.790635 0.814225 0.841355 0.872529 0.842355 0.815037 0.791283 0.770678 0.752886 0.737635 0.724700 0.713901 0.705093 0.698161 0.693018 0.687706 0.680338 0.674734 0.670825 0.668562 0.667918 0.668885 0.671475 0.675719 0.681669 0.689402 0.699014 0.710635 0.724424 0.740577 0.759339 0.781006 0.805944 0.834605 0.867546 0.905466 0.949243 1.000000 0.988188 0.927789 0.876337 0.832192 0.794102 0.761100 0.732425 0.707475 0.685767 0.666910 0.650587 0.636541 0.624562 0.615970 0.616367 2665.000000 1.033812 0.817911
0.668885 0.671475 0.675719 0.681669 0.689402 0.699014 0.710635 0.724424 0.740577 0.759339 0.781006 0.805944 0.834605 0.867546 0.905466 0.949243 1.000000 0.988188 0.927789 0.876337 0.832192 0.794102 0.761100 0.732425 0.707475 0.685767 0.666910 0.650587 0.636541 0.624562 0.615970 0.616367 0.618254 0.621656 0.626612 0.633187 0.641462 0.651547 0.663578 0.677725 0.694198 0.713252 0.735203 0.760438 0.789436 0.822795 0.839434 0.818008 0.799527 0.783709 0.770324 0.759187 0.750149 0.743092 0.737929 0.734594 0.733047 0.733269 0.735264 0.739054 0.744687 0.752233 0.761787 0.773475 0.787453 0.803918 0.802174 0.787626 0.775432 0.765425 0.757474 0.751479 0.747365 0.745080 0.744598 0.745912 0.749038 0.754015 0.760904 0.769791 0.780792 0.794052 0.809755 0.828127 0.841889 0.814690 0.791039 0.770527 0.752819 0.737644 0.724781 0.714049 0.705304 0.698434 0.693350 0.689990 0.688312 0.688297 0.689944 0.693273 0.698324 0.705161 0.713871 0.724565 0.737388 0.752518 0.770177 0.790635 0.814225 0.841355 0.872529 0.842355 0.815037 0.791283 0.770678 0.752886 0.737635 0.724700 0.713901 0.705093 0.698161 0.693018 0.687706 0.680338 0.674734 0.670825 0.668562 0.667918 2665.000000 1.033812 0.817911
0.688312 0.688297 0.689944 0.693273 0.698324 0.705161 0.713871 0.724565 0.737388 0.752518 0.770177 0.790635 0.814225 0.841355 0.872529 0.842355 0.815037 0.791283 0.770678 0.752886 0.737635 0.724700 0.713901 0.705093 0.698161 0.693018 0.687706 0.680338 0.674734 0.670825 0.668562 0.667918 0.668885 0.671475 0.675719 0.681669 0.689402 0.699014 0.710635 0.724424 0.740577 0.759339 0.781006 0.805944 0.834605 0.867546 0.905466 0.949243 1.000000 0.988188 0.927789 0.876337 0.832192 0.794102 0.761100 0.732425 0.707475 0.685767 0.666910 0.650587 0.636541 0.624562 0.615970 0.616367 0.618254 0.621656 0.626612 0.633187 0.641462 0.651547 0.663578 0.677725 0.694198 0.713252 0.735203 0.760438 0.789436 0.822795 0.839434 0.818008 0.799527 0.783709 0.770324 0.759187 0.750149 0.743092 0.737929 0.734594 0.733047 0.733269 0.735264 0.739054 0.744687 0.752233 0.761787 0.773475 0.787453 0.803918 0.802174 0.787626 0.775432 0.765425 0.757474 0.751479 0.747365 0.745080 0.744598 0.745912 0.749038 0.754015 0.760904 0.769791 0.780792 0.794052 0.809755 0.828127 0.841889 0.814690 0.791039 0.770527 0.752819 0.737644 0.724781 0.714049 0.705304 0.698434 0.693350 0.689990 2665.000000 1.033812 0.817911
0.787453 0.803918 0.802174 0.787626 0.775432 0.765425 0.757474 0.751479 0.747365 0.745080 0.744598 0.745912 0.749038 0.754015 0.760904 0.769791 0.780792 0.794052 0.809755 0.828127 0.841889 0.814690 0.791039 0.770527 0.752819 0.737644 0.724781 0.714049 0.705304 0.698434 0.693350 0.689990 0.688312 0.688297 0.689944 0.693273 0.698324 0.705161 0.713871 0.724565 0.737388 0.752518 0.770177 0.790635 0.814225 0.841355 0.872529 0.842355 0.815037 0.791283 0.770678 0.752886 0.737635 0.724700 0.713901 0.705093 0.698161 0.693018 0.687706 0.680338 0.674734 0.670825 0.668562 0.667918 0.668885 0.671475 0.675719 0.681669 0.689402 0.699014 0.710635 0.724424 0.740577 0.759339 0.781006 0.805944 0.834605 0.867546 0.905466 0.949243 1.000000 0.988188 0.927789 0.876337 0.832192 0.794102 0.761100 0.732425 0.707475 0.685767 0.666910 0.650587 0.636541 0.624562 0.615970 0.616367 0.618254 0.621656 0.626612 0.633187 0.641462 0.651547 0.663578 0.677725 0.694198 0.713252 0.735203 0.760438 0.789436 0.822795 0.839434 0.818008 0.799527 0.783709 0.770324 0.759187 0.750149 0.743092 0.737929 0.734594 0.733047 0.733269 0.735264 0.739054 0.744687 0.752233 0.761787 0.773475 2665.000000 1.033812 0.817911
0.760039 0.714821 0.676220 0.643043 0.614381 0.589524 0.567916 0.549111 0.532755 0.518557 0.506285 0.495747 0.486787 0.479280 0.473123 0.468236 0.464557 0.462039 0.460653 0.460380 0.461218 0.463178 0.466282 0.470569 0.476093 0.482926 0.491158 0.500904 0.512303 0.525528 0.540792 0.558355 0.578537 0.601737 0.628452 0.659312 0.695120 0.736918 0.786080 0.844449 0.914563 1.000000 0.913644 0.837748 0.775219 0.722997 0.678898 0.641327 0.609086 0.581264 0.557158 0.536211 0.517985 0.502127 0.488353 0.476431 0.466174 0.457428 0.450068 0.443995 0.439126 0.435401 0.432773 0.431208 0.430689 0.431208 0.432773 0.435401 0.439126 0.443995 0.450068 0.457428 0.466174 0.476431 0.488353 0.502127 0.517985 0.536211 0.557158 0.581264 0.609086 0.641327 0.678898 0.722997 0.775219 0.837748 0.913644 0.883109 0.825157 0.776097 0.734213 0.698214 0.667113 0.640140 0.616692 0.596286 0.578537 0.563131 0.549815 0.538381 0.528660 0.520516 0.513838 0.508539 0.504552 0.501826 0.500328 0.500039 0.500958 0.503094 0.506474 0.511139 0.517148 0.524579 0.533531 0.544127 0.556521 0.570900 0.587494 0.606587 0.628527 0.653749 0.682793 0.716343 0.755275 0.800721 0.854176 0.813455 3015.000000 1.188244 0.597916
0.578537 0.563131 0.549815 0.538381 0.528660 0.520516 0.513838 0.508539 0.504552 0.501826 0.500328 0.500039 0.500958 0.503094 0.506474 0.511139 0.517148 0.524579 0.533531 0.544127 0.556521 0.570900 0.587494 0.606587 0.628527 0.653749 0.682793 0.716343 0.755275 0.800721 0.854176 0.813455 0.760039 0.714821 0.676220 0.643043 0.614381 0.589524 0.567916 0.549111 0.532755 0.518557 0.506285 0.495747 0.486787 0.479280 0.473123 0.468236 0.464557 0.462039 0.460653 0.460380 0.461218 0.463178 0.466282 0.470569 0.476093 0.482926 0.491158 0.500904 0.512303 0.525528 0.540792 0.558355 0.578537 0.601737 0.628452 0.659312 0.695120 0.736918 0.786080 0.844449 0.914563 1.000000 0.913644 0.837748 0.775219 0.722997 0.678898 0.641327 0.609086 0.581264 0.557158 0.536211 0.517985 0.502127 0.488353 0.476431 0.466174 0.457428 0.450068 0.443995 0.439126 0.435401 0.432773 0.431208 0.430689 0.431208 0.432773 0.435401 0.439126 0.443995 0.450068 0.457428 0.466174 0.476431 0.488353 0.502127 0.517985 0.536211 0.557158 0.581264 0.609086 0.641327 0.678898 0.722997 0.775219 0.837748 0.913644 0.883109 0.825157 0.776097 0.734213 0.698214 0.667113 0.640140 0.616692 0.596286 3015.000000 1.188244 0.597916
0.430689 0.431208 0.432773 0.435401 0.439126 0.443995 0.450068 0.457428 0.466174 0.476431 0.488353 0.502127 0.517985 0.536211 0.557158 0.581264 0.609086 0.641327 0.678898 0.722997 0.775219 0.837748 0.913644 0.883109 0.825157 0.776097 0.734213 0.698214 0.667113 0.640140 0.616692 0.596286 0.578537 0.563131 0.549815 0.538381 0.528660 0.520516 0.513838 0.508539 0.504552 0.501826 0.500328 0.500039 0.500958 0.503094 0.506474 0.511139 0.517148 0.524579 0.533531 0.544127 0.556521 0.570900 0.587494 0.606587 0.628527 0.653749 0.682793 0.716343 0.755275 0.800721 0.854176 0.813455 0.760039 0.714821 0.676220 0.643043 0.614381 0.589524 0.567916 0.549111 0.532755 0.518557 0.506285 0.495747 0.486787 0.479280 0.473123 0.468236 0.464557 0.462039 0.460653 0.460380 0.461218 0.463178 0.466282 0.470569 0.476093 0.482926 0.491158 0.500904 0.512303 0.525528 0.540792 0.558355 0.578537 0.601737 0.628452 0.659312 0.695120 0.736918 0.786080 0.844449 0.914563 1.000000 0.913644 0.837748 0.775219 0.722997 0.678898 0.641327 0.609086 0.581264 0.557158 0.536211 0.517985 0.502127 0.488353 0.476431 0.466174 0.457428 0.450068 0.443995 0.439126 0.435401 0.432773 0.431208 3015.000000 1.188244 0.597916
0.578537 0.601737 0.628452 0.659312 0.695120 0.736918 0.786080 0.844449 0.914563 1.000000 0.913644 0.837748 0.775219 0.722997 0.678898 0.641327 0.609086 0.581264 0.557158 0.536211 0.517985 0.502127 0.488353 0.476431 0.466174 0.457428 0.450068 0.443995 0.439126 0.435401 0.432773 0.431208 0.430689 0.431208 0.432773 0.435401 0.439126 0.443995 0.450068 0.457428 0.466174 0.476431 0.488353 0.502127 0.517985 0.536211 0.557158 0.581264 0.609086 0.641327 0.678898 0.722997 0.775219 0.837748 0.913644 0.883109 0.825157 0.776097 0.734213 0.698214 0.667113 0.640140 0.616692 0.596286 0.578537 0.563131 0.549815 0.538381 0.528660 0.520516 0.513838 0.508539 0.504552 0.501826 0.500328 0.500039 0.500958 0.503094 0.506474 0.511139 0.517148 0.524579 0.533531 0.544127 0.556521 0.570900 0.587494 0.606587 0.628527 0.653749 0.682793 0.716343 0.755275 0.800721 0.854176 0.813455 0.760039 0.714821 0.676220 0.643043 0.614381 0.589524 0.567916 0.549111 0.532755 0.518557 0.506285 0.495747 0.486787 0.479280 0.473123 0.468236 0.464557 0.462039 0.460653 0.460380 0.461218 0.463178 0.466282 0.470569 0.476093 0.482926 0.491158 0.500904 0.512303 0.525528 0.540792 0.558355 3015.000000 1.188244 0.597916
0.815327 0.798335 0.783886 0.771777 0.761844 0.753957 0.748015 0.743944 0.741695 0.741239 0.742571 0.745709 0.750688 0.757573 0.748357 0.728779 0.711871 0.697372 0.685069 0.674790 0.666397 0.659779 0.654854 0.651560 0.649857 0.649724 0.651159 0.654180 0.658824 0.665148 0.650108 0.627342 0.607530 0.590311 0.575388 0.562523 0.551521 0.542221 0.534497 0.528244 0.523382 0.519849 0.517603 0.516615 0.516874 0.518382 0.521159 0.525237 0.530669 0.537522 0.545887 0.562038 0.582196 0.605366 0.632043 0.662850 0.698583 0.740274 0.789278 0.847416 0.917186 1.000000 0.954468 0.915011 0.880723 0.850889 0.824932 0.802387 0.782878 0.766096 0.751792 0.739762 0.729842 0.721900 0.715835 0.711571 0.709055 0.704074 0.686911 0.672146 0.659557 0.648966 0.640228 0.633228 0.627875 0.624102 0.621864 0.621133 0.621900 0.624174 0.627984 0.633376 0.640417 0.638285 0.624125 0.612022 0.601801 0.593323 0.586473 0.581163 0.577327 0.574917 0.573904 0.574276 0.576037 0.579208 0.583829 0.589957 0.597670 0.605549 0.606812 0.609553 0.613803 0.619617 0.627067 0.636249 0.647287 0.660334 0.675579 0.693253 0.713643 0.737098 0.764050 0.795036 0.830728 0.871974 0.858004 0.835114 2422.000000 1.304504 0.814731
0.601801 0.593323 0.586473 0.581163 0.577327 0.574917 0.573904 0.574276 0.576037 0.579208 0.583829 0.589957 0.597670 0.605549 0.606812 0.609553 0.613803 0.619617 0.627067 0.636249 0.647287 0.660334 0.675579 0.693253 0.713643 0.737098 0.764050 0.795036 0.830728 0.871974 0.858004 0.835114 0.815327 0.798335 0.783886 0.771777 0.761844 0.753957 0.748015 0.743944 0.741695 0.741239 0.742571 0.745709 0.750688 0.757573 0.748357 0.728779 0.711871 0.697372 0.685069 0.674790 0.666397 0.659779 0.654854 0.651560 0.649857 0.649724 0.651159 0.654180 0.658824 0.665148 0.650108 0.627342 0.607530 0.590311 0.575388 0.562523 0.551521 0.542221 0.534497 0.528244 0.523382 0.519849 0.517603 0.516615 0.516874 0.518382 0.521159 0.525237 0.530669 0.537522 0.545887 0.562038 0.582196 0.605366 0.632043 0.662850 0.698583 0.740274 0.789278 0.847416 0.917186 1.000000 0.954468 0.915011 0.880723 0.850889 0.824932 0.802387 0.782878 0.766096 0.751792 0.739762 0.729842 0.721900 0.715835 0.711571 0.709055 0.704074 0.686911 0.672146 0.659557 0.648966 0.640228 0.633228 0.627875 0.624102 0.621864 0.621133 0.621900 0.624174 0.627984 0.633376 0.640417 0.638285 0.624125 0.612022 2422.000000 1.304504 0.814731
0.880723 0.850889 0.824932 0.802387 0.782878 0.766096 0.751792 0.739762 0.729842 0.721900 0.715835 0.711571 0.709055 0.704074 0.686911 0.672146 0.659557 0.648966 0.640228 0.633228 0.627875 0.624102 0.621864 0.621133 0.621900 0.624174 0.627984 0.633376 0.640417 0.638285 0.624125 0.612022 0.601801 0.593323 0.586473 0.581163 0.577327 0.574917 0.573904 0.574276 0.576037 0.579208 0.583829 0.589957 0.597670 0.605549 0.606812 0.609553 0.613803 0.619617 0.627067 0.636249 0.647287 0.660334 0.675579 0.693253 0.713643 0.737098 0.764050 0.795036 0.830728 0.871974 0.858004 0.835114 0.815327 0.798335 0.783886 0.771777 0.761844 0.753957 0.748015 0.743944 0.741695 0.741239 0.742571 0.745709 0.750688 0.757573 0.748357 0.728779 0.711871 0.697372 0.685069 0.674790 0.666397 0.659779 0.654854 0.651560 0.649857 0.649724 0.651159 0.654180 0.658824 0.665148 0.650108 0.627342 0.607530 0.590311 0.575388 0.562523 0.551521 0.542221 0.534497 0.528244 0.523382 0.519849 0.517603 0.516615 0.516874 0.518382 0.521159 0.525237 0.530669 0.537522 0.545887 0.562038 0.582196 0.605366 0.632043 0.662850 0.698583 0.740274 0.789278 0.847416 0.917186 1.000000 0.954468 0.915011 2422.000000 1.304504 0.814731
0.607530 0.590311 0.575388 0.562523 0.551521 0.542221 0.534497 0.528244 0.523382 0.519849 0.517603 0.516615 0.516874 0.518382 0.521159 0.525237 0.530669 0.537522 0.545887 0.562038 0.582196 0.605366 0.632043 0.662850 0.698583 0.740274 0.789278 0.847416 0.917186 1.000000 0.954468 0.915011 0.880723 0.850889 0.824932 0.802387 0.782878 0.766096 0.751792 0.739762 0.729842 0.721900 0.715835 0.711571 0.709055 0.704074 0.686911 0.672146 0.659557 0.648966 0.640228 0.633228 0.627875 0.624102 0.621864 0.621133 0.621900 0.624174 0.627984 0.633376 0.640417 0.638285 0.624125 0.612022 0.601801 0.593323 0.586473 0.581163 0.577327 0.574917 0.573904 0.574276 0.576037 0.579208 0.583829 0.589957 0.597670 0.605549 0.606812 0.609553 0.613803 0.619617 0.627067 0.636249 0.647287 0.660334 0.675579 0.693253 0.713643 0.737098 0.764050 0.795036 0.830728 0.871974 0.858004 0.835114 0.815327 0.798335 0.783886 0.771777 0.761844 0.753957 0.748015 0.743944 0.741695 0.741239 0.742571 0.745709 0.750688 0.757573 0.748357 0.728779 0.711871 0.697372 0.685069 0.674790 0.666397 0.659779 0.654854 0.651560 0.649857 0.649724 0.651159 0.654180 0.658824 0.665148 0.650108 0.627342 2422.000000 1.304504 0.814731
0.910844 0.952194 1.000000 0.925069 0.853696 0.794325 0.744351 0.701884 0.665517 0.634187 0.607070 0.583525 0.563044 0.545221 0.529729 0.517072 0.507992 0.500411 0.494225 0.489355 0.485738 0.483331 0.482103 0.482039 0.483139 0.485417 0.488899 0.493630 0.499668 0.507093 0.508651 0.509119 0.510818 0.513772 0.518014 0.523599 0.530598 0.539104 0.549230 0.561123 0.574957 0.590951 0.609370 0.630542 0.654872 0.682867 0.715161 0.752565 0.783904 0.767448 0.753447 0.741702 0.732054 0.724377 0.718572 0.714568 0.712314 0.711784 0.712971 0.715889 0.720575 0.727085 0.735502 0.745934 0.758521 0.773434 0.790889 0.783891 0.763665 0.746209 0.731255 0.718585 0.708024 0.699430 0.692690 0.687720 0.684458 0.682864 0.682919 0.684623 0.687998 0.682940 0.653561 0.628057 0.605873 0.586568 0.569785 0.555236 0.542687 0.531946 0.522856 0.515293 0.509154 0.504361 0.500852 0.498585 0.497532 0.497679 0.499029 0.501598 0.505417 0.510534 0.516800 0.518850 0.522179 0.526829 0.532857 0.540342 0.549382 0.560103 0.572657 0.587234 0.604066 0.623437 0.645699 0.671287 0.695557 0.700598 0.707429 0.716137 0.726835 0.739666 0.754810 0.772486 0.792967 0.816584 0.843745 0.874957 9975.000000 1.394079 0.792472
0.497532 0.497679 0.499029 0.501598 0.505417 0.510534 0.516800 0.518850 0.522179 0.526829 0.532857 0.540342 0.549382 0.560103 0.572657 0.587234 0.604066 0.623437 0.645699 0.671287 0.695557 0.700598 0.707429 0.716137 0.726835 0.739666 0.754810 0.772486 0.792967 0.816584 0.843745 0.874957 0.910844 0.952194 1.000000 0.925069 0.853696 0.794325 0.744351 0.701884 0.665517 0.634187 0.607070 0.583525 0.563044 0.545221 0.529729 0.517072 0.507992 0.500411 0.494225 0.489355 0.485738 0.483331 0.482103 0.482039 0.483139 0.485417 0.488899 0.493630 0.499668 0.507093 0.508651 0.509119 0.510818 0.513772 0.518014 0.523599 0.530598 0.539104 0.549230 0.561123 0.574957 0.590951 0.609370 0.630542 0.654872 0.682867 0.715161 0.752565 0.783904 0.767448 0.753447 0.741702 0.732054 0.724377 0.718572 0.714568 0.712314 0.711784 0.712971 0.715889 0.720575 0.727085 0.735502 0.745934 0.758521 0.773434 0.790889 0.783891 0.763665 0.746209 0.731255 0.718585 0.708024 0.699430 0.692690 0.687720 0.684458 0.682864 0.682919 0.684623 0.687998 0.682940 0.653561 0.628057 0.605873 0.586568 0.569785 0.555236 0.542687 0.531946 0.522856 0.515293 0.509154 0.504361 0.500852 0.498585 9975.000000 1.394079 0.792472
0.758521 0.773434 0.790889 0.783891 0.763665 0.746209 0.731255 0.718585 0.708024 0.699430 0.692690 0.687720 0.684458 0.682864 0.682919 0.684623 0.687998 0.682940 0.653561 0.628057 0.605873 0.586568 0.569785 0.555236 0.542687 0.531946 0.522856 0.515293 0.509154 0.504361 0.500852 0.498585 0.497532 0.497679 0.499029 0.501598 0.505417 0.510534 0.516800 0.518850 0.522179 0.526829 0.532857 0.540342 0.549382 0.560103 0.572657 0.587234 0.604066 0.623437 0.645699 0.671287 0.695557 0.700598 0.707429 0.716137 0.726835 0.739666 0.754810 0.772486 0.792967 0.816584 0.843745 0.874957 0.910844 0.952194 1.000000 0.925069 0.853696 0.794325 0.744351 0.701884 0.665517 0.634187 0.607070 0.583525 0.563044 0.545221 0.529729 0.517072 0.507992 0.500411 0.494225 0.489355 0.485738 0.483331 0.482103 0.482039 0.483139 0.485417 0.488899 0.493630 0.499668 0.507093 0.508651 0.509119 0.510818 0.513772 0.518014 0.523599 0.530598 0.539104 0.549230 0.561123 0.574957 0.590951 0.609370 0.630542 0.654872 0.682867 0.715161 0.752565 0.783904 0.767448 0.753447 0.741702 0.732054 0.724377 0.718572 0.714568 0.712314 0.711784 0.712971 0.715889 0.720575 0.727085 0.735502 0.745934 9975.000000 1.394079 0.792472
0.510818 0.513772 0.518014 0.523599 0.530598 0.539104 0.549230 0.561123 0.574957 0.590951 0.609370 0.630542 0.654872 0.682867 0.715161 0.752565 0.783904 0.767448 0.753447 0.741702 0.732054 0.724377 0.718572 0.714568 0.712314 0.711784 0.712971 0.715889 0.720575 0.727085 0.735502 0.745934 0.758521 0.773434 0.790889 0.783891 0.763665 0.746209 0.731255 0.718585 0.708024 0.699430 0.692690 0.687720 0.684458 0.682864 0.682919 0.684623 0.687998 0.682940 0.653561 0.628057 0.605873 0.586568 0.569785 0.555236 0.542687 0.531946 0.522856 0.515293 0.509154 0.504361 0.500852 0.498585 0.497532 0.497679 0.499029 0.501598 0.505417 0.510534 0.516800 0.518850 0.522179 0.526829 0.532857 0.540342 0.549382 0.560103 0.572657 0.587234 0.604066 0.623437 0.645699 0.671287 0.695557 0.700598 0.707429 0.716137 0.726835 0.739666 0.754810 0.772486 0.792967 0.816584 0.843745 0.874957 0.910844 0.952194 1.000000 0.925069 0.853696 0.794325 0.744351 0.701884 0.665517 0.634187 0.607070 0.583525 0.563044 0.545221 0.529729 0.517072 0.507992 0.500411 0.494225 0.489355 0.485738 0.483331 0.482103 0.482039 0.483139 0.485417 0.488899 0.493630 0.499668 0.507093 0.508651 0.509119 9975.000000 1.394079 0.792472
0.782958 0.805041 0.806322 0.796507 0.788806 0.783120 0.779380 0.777540 0.777578 0.779493 0.783310 0.789074 0.796858 0.806760 0.818909 0.833468 0.850640 0.870676 0.893885 0.920643 0.951415 0.986775 1.000000 0.940709 0.890079 0.846557 0.808950 0.776333 0.747976 0.723299 0.701835 0.683207 0.667108 0.653287 0.641542 0.631706 0.623647 0.617260 0.612462 0.609195 0.607418 0.607110 0.608267 0.610902 0.615049 0.614689 0.608934 0.604729 0.602023 0.600781 0.600990 0.602650 0.605784 0.610428 0.616642 0.624503 0.634114 0.645606 0.659139 0.674912 0.693169 0.714210 0.738403 0.766203 0.798177 0.835034 0.877677 0.880072 0.873115 0.868343 0.865697 0.865145 0.866680 0.870321 0.876113 0.884126 0.894462 0.907254 0.922672 0.940929 0.962288 0.965157 0.913511 0.869100 0.830715 0.797416 0.768465 0.743270 0.721357 0.702343 0.685915 0.671820 0.659850 0.649837 0.641647 0.635171 0.630328 0.627058 0.625320 0.625093 0.626375 0.629181 0.633546 0.639522 0.647187 0.656639 0.668004 0.681440 0.697141 0.715347 0.736351 0.733392 0.721592 0.711853 0.704047 0.698074 0.693858 0.691349 0.690516 0.691348 0.693855 0.698069 0.704041 0.711845 0.721582 0.733381 0.747402 0.763846 15310.000000 1.366142 0.835639
0.630328 0.627058 0.625320 0.625093 0.626375 0.629181 0.633546 0.639522 0.647187 0.656639 0.668004 0.681440 0.697141 0.715347 0.736351 0.733392 0.721592 0.711853 0.704047 0.698074 0.693858 0.691349 0.690516 0.691348 0.693855 0.698069 0.704041 0.711845 0.721582 0.733381 0.747402 0.763846 0.782958 0.805041 0.806322 0.796507 0.788806 0.783120 0.779380 0.777540 0.777578 0.779493 0.783310 0.789074 0.796858 0.806760 0.818909 0.833468 0.850640 0.870676 0.893885 0.920643 0.951415 0.986775 1.000000 0.940709 0.890079 0.846557 0.808950 0.776333 0.747976 0.723299 0.701835 0.683207 0.667108 0.653287 0.641542 0.631706 0.623647 0.617260 0.612462 0.609195 0.607418 0.607110 0.608267 0.610902 0.615049 0.614689 0.608934 0.604729 0.602023 0.600781 0.600990 0.602650 0.605784 0.610428 0.616642 0.624503 0.634114 0.645606 0.659139 0.674912 0.693169 0.714210 0.738403 0.766203 0.798177 0.835034 0.877677 0.880072 0.873115 0.868343 0.865697 0.865145 0.866680 0.870321 0.876113 0.884126 0.894462 0.907254 0.922672 0.940929 0.962288 0.965157 0.913511 0.869100 0.830715 0.797416 0.768465 0.743270 0.721357 0.702343 0.685915 0.671820 0.659850 0.649837 0.641647 0.635171 15310.000000 1.366142 0.835639
0.798177 0.835034 0.877677 0.880072 0.873115 0.868343 0.865697 0.865145 0.866680 0.870321 0.876113 0.884126 0.894462 0.907254 0.922672 0.940929 0.962288 0.965157 0.913511 0.869100 0.830715 0.797416 0.768465 0.743270 0.721357 0.702343 0.685915 0.671820 0.659850 0.649837 0.641647 0.635171 0.630328 0.627058 0.625320 0.625093 0.626375 0.629181 0.633546 0.639522 0.647187 0.656639 0.668004 0.681440 0.697141 0.715347 0.736351 0.733392 0.721592 0.711853 0.704047 0.698074 0.693858 0.691349 0.690516 0.691348 0.693855 0.698069 0.704041 0.711845 0.721582 0.733381 0.747402 0.763846 0.782958 0.805041 0.806322 0.796507 0.788806 0.783120 0.779380 0.777540 0.777578 0.779493 0.783310 0.789074 0.796858 0.806760 0.818909 0.833468 0.850640 0.870676 0.893885 0.920643 0.951415 0.986775 1.000000 0.940709 0.890079 0.846557 0.808950 0.776333 0.747976 0.723299 0.701835 0.683207 0.667108 0.653287 0.641542 0.631706 0.623647 0.617260 0.612462 0.609195 0.607418 0.607110 0.608267 0.610902 0.615049 0.614689 0.608934 0.604729 0.602023 0.600781 0.600990 0.602650 0.605784 0.610428 0.616642 0.624503 0.634114 0.645606 0.659139 0.674912 0.693169 0.714210 0.738403 0.766203 15310.000000 1.366142 0.835639
0.667108 0.653287 0.641542 0.631706 0.623647 0.617260 0.612462 0.609195 0.607418 0.607110 0.608267 0.610902 0.615049 0.614689 0.608934 0.604729 0.602023 0.600781 0.600990 0.602650 0.605784 0.610428 0.616642 0.624503 0.634114 0.645606 0.659139 0.674912 0.693169 0.714210 0.738403 0.766203 0.798177 0.835034 0.877677 0.880072 0.873115 0.868343 0.865697 0.865145 0.866680 0.870321 0.876113 0.884126 0.894462 0.907254 0.922672 0.940929 0.962288 0.965157 0.913511 0.869100 0.830715 0.797416 0.768465 0.743270 0.721357 0.702343 0.685915 0.671820 0.659850 0.649837 0.641647 0.635171 0.630328 0.627058 0.625320 0.625093 0.626375 0.629181 0.633546 0.639522 0.647187 0.656639 0.668004 0.681440 0.697141 0.715347 0.736351 0.733392 0.721592 0.711853 0.704047 0.698074 0.693858 0.691349 0.690516 0.691348 0.693855 0.698069 0.704041 0.711845 0.721582 0.733381 0.747402 0.763846 0.782958 0.805041 0.806322 0.796507 0.788806 0.783120 0.779380 0.777540 0.777578 0.779493 0.783310 0.789074 0.796858 0.806760 0.818909 0.833468 0.850640 0.870676 0.893885 0.920643 0.951415 0.986775 1.000000 0.940709 0.890079 0.846557 0.808950 0.776333 0.747976 0.723299 0.701835 0.683207 15310.000000 1.366142 0.835639
0.917272 0.943088 0.972811 1.000000 0.958404 0.922263 0.890817 0.863456 0.839689 0.819115 0.801410 0.786308 0.773594 0.763094 0.754669 0.748210 0.743638 0.740895 0.739948 0.740786 0.743419 0.747879 0.735476 0.724915 0.716354 0.709683 0.704818 0.701697 0.700284 0.700561 0.702531 0.706218 0.711668 0.718948 0.728151 0.739397 0.752837 0.768662 0.785654 0.785551 0.787344 0.791055 0.796730 0.804439 0.814279 0.826379 0.840900 0.845200 0.834308 0.825656 0.819135 0.814664 0.812187 0.811675 0.813121 0.816543 0.821982 0.829506 0.839210 0.851218 0.865690 0.882827 0.902875 0.926138 0.952987 0.983881 0.987804 0.950667 0.918353 0.890238 0.865817 0.844681 0.826496 0.810990 0.797942 0.787173 0.778542 0.771938 0.767277 0.764504 0.753753 0.740667 0.729756 0.720873 0.713903 0.708757 0.705372 0.703707 0.703741 0.705474 0.708929 0.714146 0.721191 0.730152 0.741147 0.742337 0.738131 0.735735 0.735121 0.736279 0.739225 0.743994 0.750645 0.759261 0.769954 0.782866 0.798173 0.816097 0.836906 0.860933 0.876376 0.859889 0.846012 0.834555 0.825365 0.818326 0.813348 0.810371 0.809358 0.810298 0.813201 0.818103 0.825064 0.834172 0.845542 0.859326 0.875711 0.894930 660.000000 1.075506 0.896387
0.738131 0.735735 0.735121 0.736279 0.739225 0.743994 0.750645 0.759261 0.769954 0.782866 0.798173 0.816097 0.836906 0.860933 0.876376 0.859889 0.846012 0.834555 0.825365 0.818326 0.813348 0.810371 0.809358 0.810298 0.813201 0.818103 0.825064 0.834172 0.845542 0.859326 0.875711 0.894930 0.917272 0.943088 0.972811 1.000000 0.958404 0.922263 0.890817 0.863456 0.839689 0.819115 0.801410 0.786308 0.773594 0.763094 0.754669 0.748210 0.743638 0.740895 0.739948 0.740786 0.743419 0.747879 0.735476 0.724915 0.716354 0.709683 0.704818 0.701697 0.700284 0.700561 0.702531 0.706218 0.711668 0.718948 0.728151 0.739397 0.752837 0.768662 0.785654 0.785551 0.787344 0.791055 0.796730 0.804439 0.814279 0.826379 0.840900 0.845200 0.834308 0.825656 0.819135 0.814664 0.812187 0.811675 0.813121 0.816543 0.821982 0.829506 0.839210 0.851218 0.865690 0.882827 0.902875 0.926138 0.952987 0.983881 0.987804 0.950667 0.918353 0.890238 0.865817 0.844681 0.826496 0.810990 0.797942 0.787173 0.778542 0.771938 0.767277 0.764504 0.753753 0.740667 0.729756 0.720873 0.713903 0.708757 0.705372 0.703707 0.703741 0.705474 0.708929 0.714146 0.721191 0.730152 0.741147 0.742337 660.000000 1.075506 0.896387
0.952987 0.983881 0.987804 0.950667 0.918353 0.890238 0.865817 0.844681 0.826496 0.810990 0.797942 0.787173 0.778542 0.771938 0.767277 0.764504 0.753753 0.740667 0.729756 0.720873 0.713903 0.708757 0.705372 0.703707 0.703741 0.705474 0.708929 0.714146 0.721191 0.730152 0.741147 0.742337 0.738131 0.735735 0.735121 0.736279 0.739225 0.743994 0.750645 0.759261 0.769954 0.782866 0.798173 0.816097 0.836906 0.860933 0.876376 0.859889 0.846012 0.834555 0.825365 0.818326 0.813348 0.810371 0.809358 0.810298 0.813201 0.818103 0.825064 0.834172 0.845542 0.859326 0.875711 0.894930 0.917272 0.943088 0.972811 1.000000 0.958404 0.922263 0.890817 0.863456 0.839689 0.819115 0.801410 0.786308 0.773594 0.763094 0.754669 0.748210 0.743638 0.740895 0.739948 0.740786 0.743419 0.747879 0.735476 0.724915 0.716354 0.709683 0.704818 0.701697 0.700284 0.700561 0.702531 0.706218 0.711668 0.718948 0.728151 0.739397 0.752837 0.768662 0.785654 0.785551 0.787344 0.791055 0.796730 0.804439 0.814279 0.826379 0.840900 0.845200 0.834308 0.825656 0.819135 0.814664 0.812187 0.811675 0.813121 0.816543 0.821982 0.829506 0.839210 0.851218 0.865690 0.882827 0.902875 0.926138 660.000000 1.075506 0.896387
0.711668 0.718948 0.728151 0.739397 0.752837 0.768662 0.785654 0.785551 0.787344 0.791055 0.796730 0.804439 0.814279 0.826379 0.840900 0.845200 0.834308 0.825656 0.819135 0.814664 0.812187 0.811675 0.813121 0.816543 0.821982 0.829506 0.839210 0.851218 0.865690 0.882827 0.902875 0.926138 0.952987 0.983881 0.987804 0.950667 0.918353 0.890238 0.865817 0.844681 0.826496 0.810990 0.797942 0.787173 0.778542 0.771938 0.767277 0.764504 0.753753 0.740667 0.729756 0.720873 0.713903 0.708757 0.705372 0.703707 0.703741 0.705474 0.708929 0.714146 0.721191 0.730152 0.741147 0.742337 0.738131 0.735735 0.735121 0.736279 0.739225 0.743994 0.750645 0.759261 0.769954 0.782866 0.798173 0.816097 0.836906 0.860933 0.876376 0.859889 0.846012 0.834555 0.825365 0.818326 0.813348 0.810371 0.809358 0.810298 0.813201 0.818103 0.825064 0.834172 0.845542 0.859326 0.875711 0.894930 0.917272 0.943088 0.972811 1.000000 0.958404 0.922263 0.890817 0.863456 0.839689 0.819115 0.801410 0.786308 0.773594 0.763094 0.754669 0.748210 0.743638 0.740895 0.739948 0.740786 0.743419 0.747879 0.735476 0.724915 0.716354 0.709683 0.704818 0.701697 0.700284 0.700561 0.702531 0.706218 660.000000 1.075506 0.896387
0.829107 0.877114 0.933409 1.000000 0.956693 0.898592 0.849073 0.806567 0.769881 0.738088 0.710460 0.686420 0.665504 0.647339 0.631620 0.618100 0.606578 0.596888 0.588900 0.582508 0.577630 0.574204 0.572189 0.571561 0.572311 0.574448 0.578000 0.583009 0.589538 0.597671 0.607516 0.619207 0.632911 0.648835 0.667229 0.688403 0.712739 0.717674 0.709317 0.702826 0.698119 0.695139 0.693848 0.694231 0.696293 0.700060 0.705576 0.712910 0.722157 0.733437 0.734117 0.717409 0.703101 0.690985 0.680891 0.672686 0.666262 0.661538 0.658456 0.656978 0.657086 0.658781 0.662084 0.667035 0.673696 0.682152 0.692512 0.704916 0.719537 0.736590 0.756338 0.779101 0.805278 0.794729 0.771014 0.750429 0.732634 0.717351 0.704355 0.693462 0.684525 0.677427 0.672077 0.668408 0.666376 0.665956 0.667142 0.669950 0.674413 0.680586 0.688547 0.698400 0.710274 0.724334 0.740783 0.759869 0.760015 0.728141 0.700453 0.676362 0.655401 0.637188 0.621417 0.607837 0.596243 0.586470 0.578382 0.571874 0.566861 0.563280 0.561088 0.560257 0.560777 0.562655 0.565914 0.570593 0.576751 0.584467 0.593843 0.605005 0.618113 0.633360 0.650987 0.671287 0.694621 0.721435 0.752289 0.787882 7402.500000 1.137752 0.799432
0.760015 0.728141 0.700453 0.676362 0.655401 0.637188 0.621417 0.607837 0.596243 0.586470 0.578382 0.571874 0.566861 0.563280 0.561088 0.560257 0.560777 0.562655 0.565914 0.570593 0.576751 0.584467 0.593843 0.605005 0.618113 0.633360 0.650987 0.671287 0.694621 0.721435 0.752289 0.787882 0.829107 0.877114 0.933409 1.000000 0.956693 0.898592 0.849073 0.806567 0.769881 0.738088 0.710460 0.686420 0.665504 0.647339 0.631620 0.618100 0.606578 0.596888 0.588900 0.582508 0.577630 0.574204 0.572189 0.571561 0.572311 0.574448 0.578000 0.583009 0.589538 0.597671 0.607516 0.619207 0.632911 0.648835 0.667229 0.688403 0.712739 0.717674 0.709317 0.702826 0.698119 0.695139 0.693848 0.694231 0.696293 0.700060 0.705576 0.712910 0.722157 0.733437 0.734117 0.717409 0.703101 0.690985 0.680891 0.672686 0.666262 0.661538 0.658456 0.656978 0.657086 0.658781 0.662084 0.667035 0.673696 0.682152 0.692512 0.704916 0.719537 0.736590 0.756338 0.779101 0.805278 0.794729 0.771014 0.750429 0.732634 0.717351 0.704355 0.693462 0.684525 0.677427 0.672077 0.668408 0.666376 0.665956 0.667142 0.669950 0.674413 0.680586 0.688547 0.698400 0.710274 0.724334 0.740783 0.759869 7402.500000 1.137752 0.799432
0.673696 0.682152 0.692512 0.704916 0.719537 0.736590 0.756338 0.779101 0.805278 0.794729 0.771014 0.750429 0.732634 0.717351 0.704355 0.693462 0.684525 0.677427 0.672077 0.668408 0.666376 0.665956 0.667142 0.669950 0.674413 0.680586 0.688547 0.698400 0.710274 0.724334 0.740783 0.759869 0.760015 0.728141 0.700453 0.676362 0.655401 0.637188 0.621417 0.607837 0.596243 0.586470 0.578382 0.571874 0.566861 0.563280 0.561088 0.560257 0.560777 0.562655 0.565914 0.570593 0.576751 0.584467 0.593843 0.605005 0.618113 0.633360 0.650987 0.671287 0.694621 0.721435 0.752289 0.787882 0.829107 0.877114 0.933409 1.000000 0.956693 0.898592 0.849073 0.806567 0.769881 0.738088 0.710460 0.686420 0.665504 0.647339 0.631620 0.618100 0.606578 0.596888 0.588900 0.582508 0.577630 0.574204 0.572189 0.571561 0.572311 0.574448 0.578000 0.583009 0.589538 0.597671 0.607516 0.619207 0.632911 0.648835 0.667229 0.688403 0.712739 0.717674 0.709317 0.702826 0.698119 0.695139 0.693848 0.694231 0.696293 0.700060 0.705576 0.712910 0.722157 0.733437 0.734117 0.717409 0.703101 0.690985 0.680891 0.672686 0.666262 0.661538 0.658456 0.656978 0.657086 0.658781 0.662084 0.667035 7402.500000 1.137752 0.799432
0.632911 0.648835 0.667229 0.688403 0.712739 0.717674 0.709317 0.702826 0.698119 0.695139 0.693848 0.694231 0.696293 0.700060 0.705576 0.712910 0.722157 0.733437 0.734117 0.717409 0.703101 0.690985 0.680891 0.672686 0.666262 0.661538 0.658456 0.656978 0.657086 0.658781 0.662084 0.667035 0.673696 0.682152 0.692512 0.704916 0.719537 0.736590 0.756338 0.779101 0.805278 0.794729 0.771014 0.750429 0.732634 0.717351 0.704355 0.693462 0.684525 0.677427 0.672077 0.668408 0.666376 0.665956 0.667142 0.669950 0.674413 0.680586 0.688547 0.698400 0.710274 0.724334 0.740783 0.759869 0.760015 0.728141 0.700453 0.676362 0.655401 0.637188 0.621417 0.607837 0.596243 0.586470 0.578382 0.571874 0.566861 0.563280 0.561088 0.560257 0.560777 0.562655 0.565914 0.570593 0.576751 0.584467 0.593843 0.605005 0.618113 0.633360 0.650987 0.671287 0.694621 0.721435 0.752289 0.787882 0.829107 0.877114 0.933409 1.000000 0.956693 0.898592 0.849073 0.806567 0.769881 0.738088 0.710460 0.686420 0.665504 0.647339 0.631620 0.618100 0.606578 0.596888 0.588900 0.582508 0.577630 0.574204 0.572189 0.571561 0.572311 0.574448 0.578000 0.583009 0.589538 0.597671 0.607516 0.619207 7402.500000 1.137752 0.799432
0.836405 0.867867 0.904053 0.935377 0.917473 0.902376 0.889876 0.879809 0.872044 0.866484 0.863060 0.861731 0.862481 0.865319 0.870279 0.877422 0.886838 0.898646 0.913002 0.930101 0.889189 0.848982 0.814131 0.783841 0.757485 0.734555 0.714643 0.697419 0.682611 0.669999 0.659404 0.650683 0.643719 0.638425 0.634734 0.632601 0.631999 0.632922 0.635380 0.639404 0.645043 0.652369 0.647226 0.641139 0.636684 0.633807 0.632473 0.632666 0.634387 0.637658 0.642519 0.649031 0.657275 0.667359 0.679421 0.693628 0.710189 0.729361 0.751457 0.776864 0.806058 0.839634 0.878338 0.923112 0.975173 1.000000 0.968597 0.941305 0.917659 0.897281 0.879862 0.865150 0.852944 0.843080 0.835431 0.829901 0.826421 0.824950 0.825469 0.827985 0.832527 0.839153 0.847944 0.859013 0.845418 0.814114 0.786874 0.763177 0.742602 0.724808 0.709515 0.696498 0.685572 0.676588 0.669429 0.664002 0.660240 0.658097 0.657547 0.658583 0.661218 0.665484 0.671433 0.679140 0.688705 0.700254 0.713946 0.729979 0.727639 0.715231 0.704909 0.696534 0.689999 0.685220 0.682140 0.680719 0.680942 0.682810 0.686347 0.691595 0.698620 0.707511 0.718384 0.731386 0.746700 0.764549 0.785211 0.809024 2534.500000 1.357473 0.855792
0.660240 0.658097 0.657547 0.658583 0.661218 0.665484 0.671433 0.679140 0.688705 0.700254 0.713946 0.729979 0.727639 0.715231 0.704909 0.696534 0.689999 0.685220 0.682140 0.680719 0.680942 0.682810 0.686347 0.691595 0.698620 0.707511 0.718384 0.731386 0.746700 0.764549 0.785211 0.809024 0.836405 0.867867 0.904053 0.935377 0.917473 0.902376 0.889876 0.879809 0.872044 0.866484 0.863060 0.861731 0.862481 0.865319 0.870279 0.877422 0.886838 0.898646 0.913002 0.930101 0.889189 0.848982 0.814131 0.783841 0.757485 0.734555 0.714643 0.697419 0.682611 0.669999 0.659404 0.650683 0.643719 0.638425 0.634734 0.632601 0.631999 0.632922 0.635380 0.639404 0.645043 0.652369 0.647226 0.641139 0.636684 0.633807 0.632473 0.632666 0.634387 0.637658 0.642519 0.649031 0.657275 0.667359 0.679421 0.693628 0.710189 0.729361 0.751457 0.776864 0.806058 0.839634 0.878338 0.923112 0.975173 1.000000 0.968597 0.941305 0.917659 0.897281 0.879862 0.865150 0.852944 0.843080 0.835431 0.829901 0.826421 0.824950 0.825469 0.827985 0.832527 0.839153 0.847944 0.859013 0.845418 0.814114 0.786874 0.763177 0.742602 0.724808 0.709515 0.696498 0.685572 0.676588 0.669429 0.664002 2534.500000 1.357473 0.855792
0.975173 1.000000 0.968597 0.941305 0.917659 0.897281 0.879862 0.865150 0.852944 0.843080 0.835431 0.829901 0.826421 0.824950 0.825469 0.827985 0.832527 0.839153 0.847944 0.859013 0.845418 0.814114 0.786874 0.763177 0.742602 0.724808 0.709515 0.696498 0.685572 0.676588 0.669429 0.664002 0.660240 0.658097 0.657547 0.658583 0.661218 0.665484 0.671433 0.679140 0.688705 0.700254 0.713946 0.729979 0.727639 0.715231 0.704909 0.696534 0.689999 0.685220 0.682140 0.680719 0.680942 0.682810 0.686347 0.691595 0.698620 0.707511 0.718384 0.731386 0.746700 0.764549 0.785211 0.809024 0.836405 0.867867 0.904053 0.935377 0.917473 0.902376 0.889876 0.879809 0.872044 0.866484 0.863060 0.861731 0.862481 0.865319 0.870279 0.877422 0.886838 0.898646 0.913002 0.930101 0.889189 0.848982 0.814131 0.783841 0.757485 0.734555 0.714643 0.697419 0.682611 0.669999 0.659404 0.650683 0.643719 0.638425 0.634734 0.632601 0.631999 0.632922 0.635380 0.639404 0.645043 0.652369 0.647226 0.641139 0.636684 0.633807 0.632473 0.632666 0.634387 0.637658 0.642519 0.649031 0.657275 0.667359 0.679421 0.693628 0.710189 0.729361 0.751457 0.776864 0.806058 0.839634 0.878338 0.923112 2534.500000 1.357473 0.855792
0.643719 0.638425 0.634734 0.632601 0.631999 0.632922 0.635380 0.639404 0.645043 0.652369 0.647226 0.641139 0.636684 0.633807 0.632473 0.632666 0.634387 0.637658 0.642519 0.649031 0.657275 0.667359 0.679421 0.693628 0.710189 0.729361 0.751457 0.776864 0.806058 0.839634 0.878338 0.923112 0.975173 1.000000 0.968597 0.941305 0.917659 0.897281 0.879862 0.865150 0.852944 0.843080 0.835431 0.829901 0.826421 0.824950 0.825469 0.827985 0.832527 0.839153 0.847944 0.859013 0.845418 0.814114 0.786874 0.763177 0.742602 0.724808 0.709515 0.696498 0.685572 0.676588 0.669429 0.664002 0.660240 0.658097 0.657547 0.658583 0.661218 0.665484 0.671433 0.679140 0.688705 0.700254 0.713946 0.729979 0.727639 0.715231 0.704909 0.696534 0.689999 0.685220 0.682140 0.680719 0.680942 0.682810 0.686347 0.691595 0.698620 0.707511 0.718384 0.731386 0.746700 0.764549 0.785211 0.809024 0.836405 0.867867 0.904053 0.935377 0.917473 0.902376 0.889876 0.879809 0.872044 0.866484 0.863060 0.861731 0.862481 0.865319 0.870279 0.877422 0.886838 0.898646 0.913002 0.930101 0.889189 0.848982 0.814131 0.783841 0.757485 0.734555 0.714643 0.697419 0.682611 0.669999 0.659404 0.650683 2534.500000 1.357473 0.855792
0.984047 0.903472 0.836958 0.781319 0.734275 0.694151 0.659692 0.629939 0.604146 0.581729 0.562221 0.545251 0.530515 0.517770 0.506815 0.497488 0.489656 0.483212 0.478073 0.474173 0.471462 0.469907 0.469491 0.470206 0.472063 0.475084 0.479305 0.484781 0.491581 0.499796 0.509538 0.520948 0.534197 0.549496 0.567103 0.587338 0.610595 0.637369 0.668283 0.704131 0.745942 0.795068 0.853322 0.923187 0.934820 0.871846 0.818669 0.773362 0.734483 0.700934 0.671864 0.646605 0.624627 0.605504 0.588894 0.574518 0.562149 0.551603 0.542728 0.535403 0.529533 0.525041 0.521871 0.519984 0.519358 0.519984 0.521871 0.525041 0.529533 0.535403 0.542728 0.551603 0.562149 0.574518 0.588894 0.605504 0.624627 0.646605 0.671864 0.700934 0.734483 0.773362 0.818669 0.871846 0.934820 0.878582 0.818119 0.767172 0.723839 0.686706 0.654697 0.626983 0.602913 0.581973 0.563751 0.547915 0.534197 0.522376 0.512275 0.503748 0.496676 0.490967 0.486547 0.483359 0.481365 0.480540 0.480875 0.482373 0.485052 0.488946 0.494103 0.500589 0.508488 0.517909 0.528983 0.541876 0.556787 0.573965 0.593711 0.616403 0.642508 0.672613 0.707467 0.748030 0.795561 0.851734 0.918823 1.000000 630.000000 1.126998 0.601396
0.534197 0.522376 0.512275 0.503748 0.496676 0.490967 0.486547 0.483359 0.481365 0.480540 0.480875 0.482373 0.485052 0.488946 0.494103 0.500589 0.508488 0.517909 0.528983 0.541876 0.556787 0.573965 0.593711 0.616403 0.642508 0.672613 0.707467 0.748030 0.795561 0.851734 0.918823 1.000000 0.984047 0.903472 0.836958 0.781319 0.734275 0.694151 0.659692 0.629939 0.604146 0.581729 0.562221 0.545251 0.530515 0.517770 0.506815 0.497488 0.489656 0.483212 0.478073 0.474173 0.471462 0.469907 0.469491 0.470206 0.472063 0.475084 0.479305 0.484781 0.491581 0.499796 0.509538 0.520948 0.534197 0.549496 0.567103 0.587338 0.610595 0.637369 0.668283 0.704131 0.745942 0.795068 0.853322 0.923187 0.934820 0.871846 0.818669 0.773362 0.734483 0.700934 0.671864 0.646605 0.624627 0.605504 0.588894 0.574518 0.562149 0.551603 0.542728 0.535403 0.529533 0.525041 0.521871 0.519984 0.519358 0.519984 0.521871 0.525041 0.529533 0.535403 0.542728 0.551603 0.562149 0.574518 0.588894 0.605504 0.624627 0.646605 0.671864 0.700934 0.734483 0.773362 0.818669 0.871846 0.934820 0.878582 0.818119 0.767172 0.723839 0.686706 0.654697 0.626983 0.602913 0.581973 0.563751 0.547915 630.000000 1.126998 0.601396
0.519358 0.519984 0.521871 0.525041 0.529533 0.535403 0.542728 0.551603 0.562149 0.574518 0.588894 0.605504 0.624627 0.646605 0.671864 0.700934 0.734483 0.773362 0.818669 0.871846 0.934820 0.878582 0.818119 0.767172 0.723839 0.686706 0.654697 0.626983 0.602913 0.581973 0.563751 0.547915 0.534197 0.522376 0.512275 0.503748 0.496676 0.490967 0.486547 0.483359 0.481365 0.480540 0.480875 0.482373 0.485052 0.488946 0.494103 0.500589 0.508488 0.517909 0.528983 0.541876 0.556787 0.573965 0.593711 0.616403 0.642508 0.672613 0.707467 0.748030 0.795561 0.851734 0.918823 1.000000 0.984047 0.903472 0.836958 0.781319 0.734275 0.694151 0.659692 0.629939 0.604146 0.581729 0.562221 0.545251 0.530515 0.517770 0.506815 0.497488 0.489656 0.483212 0.478073 0.474173 0.471462 0.469907 0.469491 0.470206 0.472063 0.475084 0.479305 0.484781 0.491581 0.499796 0.509538 0.520948 0.534197 0.549496 0.567103 0.587338 0.610595 0.637369 0.668283 0.704131 0.745942 0.795068 0.853322 0.923187 0.934820 0.871846 0.818669 0.773362 0.734483 0.700934 0.671864 0.646605 0.624627 0.605504 0.588894 0.574518 0.562149 0.551603 0.542728 0.535403 0.529533 0.525041 0.521871 0.519984 630.000000 1.126998 0.601396
0.534197 0.549496 0.567103 0.587338 0.610595 0.637369 0.668283 0.704131 0.745942 0.795068 0.853322 0.923187 0.934820 0.871846 0.818669 0.773362 0.734483 0.700934 0.671864 0.646605 0.624627 0.605504 0.588894 0.574518 0.562149 0.551603 0.542728 0.535403 0.529533 0.525041 0.521871 0.519984 0.519358 0.519984 0.521871 0.525041 0.529533 0.535403 0.542728 0.551603 0.562149 0.574518 0.588894 0.605504 0.624627 0.646605 0.671864 0.700934 0.734483 0.773362 0.818669 0.871846 0.934820 0.878582 0.818119 0.767172 0.723839 0.686706 0.654697 0.626983 0.602913 0.581973 0.563751 0.547915 0.534197 0.522376 0.512275 0.503748 0.496676 0.490967 0.486547 0.483359 0.481365 0.480540 0.480875 0.482373 0.485052 0.488946 0.494103 0.500589 0.508488 0.517909 0.528983 0.541876 0.556787 0.573965 0.593711 0.616403 0.642508 0.672613 0.707467 0.748030 0.795561 0.851734 0.918823 1.000000 0.984047 0.903472 0.836958 0.781319 0.734275 0.694151 0.659692 0.629939 0.604146 0.581729 0.562221 0.545251 0.530515 0.517770 0.506815 0.497488 0.489656 0.483212 0.478073 0.474173 0.471462 0.469907 0.469491 0.470206 0.472063 0.475084 0.479305 0.484781 0.491581 0.499796 0.509538 0.520948 630.000000 1.126998 0.601396
0.807585 0.831246 0.856519 0.849082 0.843789 0.840573 0.839397 0.840245 0.843128 0.848081 0.855165 0.864469 0.876111 0.882660 0.859850 0.840162 0.823294 0.809001 0.797083 0.787380 0.779767 0.774147 0.770450 0.768631 0.768668 0.770562 0.774334 0.780033 0.787728 0.797516 0.788512 0.775412 0.764553 0.755789 0.749007 0.744124 0.741077 0.739829 0.740367 0.742696 0.746845 0.752864 0.760829 0.770841 0.783031 0.797566 0.814650 0.834537 0.857536 0.884029 0.880278 0.864561 0.851410 0.840649 0.832135 0.825762 0.821450 0.819145 0.818821 0.820472 0.824120 0.829808 0.809363 0.787026 0.767689 0.751045 0.736845 0.724886 0.715004 0.707068 0.700976 0.696653 0.694044 0.693118 0.693865 0.696292 0.700429 0.706328 0.714061 0.723729 0.735458 0.749409 0.765779 0.776793 0.789265 0.804113 0.821547 0.841827 0.865271 0.892269 0.923302 0.958965 1.000000 0.988697 0.946863 0.910531 0.878922 0.851417 0.827514 0.806808 0.788966 0.773720 0.760851 0.750180 0.741566 0.734898 0.730092 0.727089 0.725852 0.726366 0.728638 0.732694 0.734205 0.724916 0.717565 0.712061 0.708333 0.706337 0.706049 0.707464 0.710601 0.715497 0.722212 0.730833 0.741469 0.754263 0.769393 0.787077 6854.000000 1.084887 0.891078
0.878922 0.851417 0.827514 0.806808 0.788966 0.773720 0.760851 0.750180 0.741566 0.734898 0.730092 0.727089 0.725852 0.726366 0.728638 0.732694 0.734205 0.724916 0.717565 0.712061 0.708333 0.706337 0.706049 0.707464 0.710601 0.715497 0.722212 0.730833 0.741469 0.754263 0.769393 0.787077 0.807585 0.831246 0.856519 0.849082 0.843789 0.840573 0.839397 0.840245 0.843128 0.848081 0.855165 0.864469 0.876111 0.882660 0.859850 0.840162 0.823294 0.809001 0.797083 0.787380 0.779767 0.774147 0.770450 0.768631 0.768668 0.770562 0.774334 0.780033 0.787728 0.797516 0.788512 0.775412 0.764553 0.755789 0.749007 0.744124 0.741077 0.739829 0.740367 0.742696 0.746845 0.752864 0.760829 0.770841 0.783031 0.797566 0.814650 0.834537 0.857536 0.884029 0.880278 0.864561 0.851410 0.840649 0.832135 0.825762 0.821450 0.819145 0.818821 0.820472 0.824120 0.829808 0.809363 0.787026 0.767689 0.751045 0.736845 0.724886 0.715004 0.707068 0.700976 0.696653 0.694044 0.693118 0.693865 0.696292 0.700429 0.706328 0.714061 0.723729 0.735458 0.749409 0.765779 0.776793 0.789265 0.804113 0.821547 0.841827 0.865271 0.892269 0.923302 0.958965 1.000000 0.988697 0.946863 0.910531 6854.000000 1.084887 0.891078
0.767689 0.751045 0.736845 0.724886 0.715004 0.707068 0.700976 0.696653 0.694044 0.693118 0.693865 0.696292 0.700429 0.706328 0.714061 0.723729 0.735458 0.749409 0.765779 0.776793 0.789265 0.804113 0.821547 0.841827 0.865271 0.892269 0.923302 0.958965 1.000000 0.988697 0.946863 0.910531 0.878922 0.851417 0.827514 0.806808 0.788966 0.773720 0.760851 0.750180 0.741566 0.734898 0.730092 0.727089 0.725852 0.726366 0.728638 0.732694 0.734205 0.724916 0.717565 0.712061 0.708333 0.706337 0.706049 0.707464 0.710601 0.715497 0.722212 0.730833 0.741469 0.754263 0.769393 0.787077 0.807585 0.831246 0.856519 0.849082 0.843789 0.840573 0.839397 0.840245 0.843128 0.848081 0.855165 0.864469 0.876111 0.882660 0.859850 0.840162 0.823294 0.809001 0.797083 0.787380 0.779767 0.774147 0.770450 0.768631 0.768668 0.770562 0.774334 0.780033 0.787728 0.797516 0.788512 0.775412 0.764553 0.755789 0.749007 0.744124 0.741077 0.739829 0.740367 0.742696 0.746845 0.752864 0.760829 0.770841 0.783031 0.797566 0.814650 0.834537 0.857536 0.884029 0.880278 0.864561 0.851410 0.840649 0.832135 0.825762 0.821450 0.819145 0.818821 0.820472 0.824120 0.829808 0.809363 0.787026 6854.000000 1.084887 0.891078
0.764553 0.755789 0.749007 0.744124 0.741077 0.739829 0.740367 0.742696 0.746845 0.752864 0.760829 0.770841 0.783031 0.797566 0.814650 0.834537 0.857536 0.884029 0.880278 0.864561 0.851410 0.840649 0.832135 0.825762 0.821450 0.819145 0.818821 0.820472 0.824120 0.829808 0.809363 0.787026 0.767689 0.751045 0.736845 0.724886 0.715004 0.707068 0.700976 0.696653 0.694044 0.693118 0.693865 0.696292 0.700429 0.706328 0.714061 0.723729 0.735458 0.749409 0.765779 0.776793 0.789265 0.804113 0.821547 0.841827 0.865271 0.892269 0.923302 0.958965 1.000000 0.988697 0.946863 0.910531 0.878922 0.851417 0.827514 0.806808 0.788966 0.773720 0.760851 0.750180 0.741566 0.734898 0.730092 0.727089 0.725852 0.726366 0.728638 0.732694 0.734205 0.724916 0.717565 0.712061 0.708333 0.706337 0.706049 0.707464 0.710601 0.715497 0.722212 0.730833 0.741469 0.754263 0.769393 0.787077 0.807585 0.831246 0.856519 0.849082 0.843789 0.840573 0.839397 0.840245 0.843128 0.848081 0.855165 0.864469 0.876111 0.882660 0.859850 0.840162 0.823294 0.809001 0.797083 0.787380 0.779767 0.774147 0.770450 0.768631 0.768668 0.770562 0.774334 0.780033 0.787728 0.797516 0.788512 0.775412 6854.000000 1.084887 0.891078
0.879393 0.910266 0.945747 0.986579 1.000000 0.969385 0.942793 0.919778 0.899976 0.883092 0.868883 0.857158 0.847759 0.840568 0.835493 0.816777 0.792891 0.772171 0.754277 0.738933 0.725914 0.715040 0.706162 0.699166 0.693963 0.690488 0.688698 0.688572 0.688669 0.675709 0.664800 0.655792 0.648566 0.643030 0.639115 0.636772 0.635972 0.636706 0.638983 0.642831 0.648296 0.655448 0.664378 0.675204 0.688073 0.703169 0.720718 0.740996 0.764342 0.762405 0.761431 0.762293 0.765003 0.769592 0.776118 0.784661 0.795333 0.808273 0.823657 0.841706 0.862689 0.886935 0.914852 0.946939 0.928420 0.907255 0.889127 0.873773 0.860979 0.850574 0.842423 0.836423 0.832499 0.830603 0.830712 0.832828 0.836977 0.842433 0.817486 0.795837 0.777128 0.761070 0.747427 0.736006 0.726653 0.719245 0.713690 0.709916 0.707879 0.707553 0.708934 0.712039 0.716907 0.723596 0.732193 0.742806 0.755580 0.770689 0.757881 0.738623 0.722016 0.707807 0.695790 0.685799 0.677700 0.671389 0.666786 0.663834 0.662497 0.662759 0.664623 0.668111 0.673267 0.680154 0.688860 0.699499 0.712215 0.727185 0.735165 0.739591 0.745880 0.754108 0.764382 0.776837 0.791643 0.809012 0.829202 0.852533 906.000000 1.343175 0.892204
0.755580 0.770689 0.757881 0.738623 0.722016 0.707807 0.695790 0.685799 0.677700 0.671389 0.666786 0.663834 0.662497 0.662759 0.664623 0.668111 0.673267 0.680154 0.688860 0.699499 0.712215 0.727185 0.735165 0.739591 0.745880 0.754108 0.764382 0.776837 0.791643 0.809012 0.829202 0.852533 0.879393 0.910266 0.945747 0.986579 1.000000 0.969385 0.942793 0.919778 0.899976 0.883092 0.868883 0.857158 0.847759 0.840568 0.835493 0.816777 0.792891 0.772171 0.754277 0.738933 0.725914 0.715040 0.706162 0.699166 0.693963 0.690488 0.688698 0.688572 0.688669 0.675709 0.664800 0.655792 0.648566 0.643030 0.639115 0.636772 0.635972 0.636706 0.638983 0.642831 0.648296 0.655448 0.664378 0.675204 0.688073 0.703169 0.720718 0.740996 0.764342 0.762405 0.761431 0.762293 0.765003 0.769592 0.776118 0.784661 0.795333 0.808273 0.823657 0.841706 0.862689 0.886935 0.914852 0.946939 0.928420 0.907255 0.889127 0.873773 0.860979 0.850574 0.842423 0.836423 0.832499 0.830603 0.830712 0.832828 0.836977 0.842433 0.817486 0.795837 0.777128 0.761070 0.747427 0.736006 0.726653 0.719245 0.713690 0.709916 0.707879 0.707553 0.708934 0.712039 0.716907 0.723596 0.732193 0.742806 906.000000 1.343175 0.892204
0.928420 0.907255 0.889127 0.873773 0.860979 0.850574 0.842423 0.836423 0.832499 0.830603 0.830712 0.832828 0.836977 0.842433 0.817486 0.795837 0.777128 0.761070 0.747427 0.736006 0.726653 0.719245 0.713690 0.709916 0.707879 0.707553 0.708934 0.712039 0.716907 0.723596 0.732193 0.742806 0.755580 0.770689 0.757881 0.738623 0.722016 0.707807 0.695790 0.685799 0.677700 0.671389 0.666786 0.663834 0.662497 0.662759 0.664623 0.668111 0.673267 0.680154 0.688860 0.699499 0.712215 0.727185 0.735165 0.739591 0.745880 0.754108 0.764382 0.776837 0.791643 0.809012 0.829202 0.852533 0.879393 0.910266 0.945747 0.986579 1.000000 0.969385 0.942793 0.919778 0.899976 0.883092 0.868883 0.857158 0.847759 0.840568 0.835493 0.816777 0.792891 0.772171 0.754277 0.738933 0.725914 0.715040 0.706162 0.699166 0.693963 0.690488 0.688698 0.688572 0.688669 0.675709 0.664800 0.655792 0.648566 0.643030 0.639115 0.636772 0.635972 0.636706 0.638983 0.642831 0.648296 0.655448 0.664378 0.675204 0.688073 0.703169 0.720718 0.740996 0.764342 0.762405 0.761431 0.762293 0.765003 0.769592 0.776118 0.784661 0.795333 0.808273 0.823657 0.841706 0.862689 0.886935 0.914852 0.946939 906.000000 1.343175 0.892204
0.648566 0.643030 0.639115 0.636772 0.635972 0.636706 0.638983 0.642831 0.648296 0.655448 0.664378 0.675204 0.688073 0.703169 0.720718 0.740996 0.764342 0.762405 0.761431 0.762293 0.765003 0.769592 0.776118 0.784661 0.795333 0.808273 0.823657 0.841706 0.862689 0.886935 0.914852 0.946939 0.928420 0.907255 0.889127 0.873773 0.860979 0.850574 0.842423 0.836423 0.832499 0.830603 0.830712 0.832828 0.836977 0.842433 0.817486 0.795837 0.777128 0.761070 0.747427 0.736006 0.726653 0.719245 0.713690 0.709916 0.707879 0.707553 0.708934 0.712039 0.716907 0.723596 0.732193 0.742806 0.755580 0.770689 0.757881 0.738623 0.722016 0.707807 0.695790 0.685799 0.677700 0.671389 0.666786 0.663834 0.662497 0.662759 0.664623 0.668111 0.673267 0.680154 0.688860 0.699499 0.712215 0.727185 0.735165 0.739591 0.745880 0.754108 0.764382 0.776837 0.791643 0.809012 0.829202 0.852533 0.879393 0.910266 0.945747 0.986579 1.000000 0.969385 0.942793 0.919778 0.899976 0.883092 0.868883 0.857158 0.847759 0.840568 0.835493 0.816777 0.792891 0.772171 0.754277 0.738933 0.725914 0.715040 0.706162 0.699166 0.693963 0.690488 0.688698 0.688572 0.688669 0.675709 0.664800 0.655792 906.000000 1.343175 0.892204
0.788101 0.739282 0.697741 0.662130 0.631425 0.604834 0.581737 0.561643 0.544157 0.528963 0.515804 0.504469 0.494788 0.486622 0.479858 0.474407 0.470198 0.467179 0.465312 0.464575 0.464959 0.466468 0.469120 0.472949 0.478002 0.484343 0.492057 0.501247 0.512044 0.524608 0.539135 0.555867 0.575101 0.597204 0.622634 0.651966 0.685933 0.725477 0.771833 0.826644 0.892150 0.965035 0.896442 0.838840 0.789982 0.748205 0.712255 0.681167 0.654189 0.630728 0.610311 0.592557 0.577158 0.563864 0.552468 0.542806 0.534743 0.528169 0.522999 0.519169 0.516629 0.515350 0.515315 0.516525 0.518994 0.522751 0.527845 0.534338 0.542317 0.551886 0.563181 0.576365 0.591641 0.609256 0.629515 0.652795 0.679563 0.710404 0.746061 0.787483 0.835908 0.892971 0.902218 0.837913 0.783928 0.738149 0.699013 0.665339 0.636224 0.610960 0.588990 0.569871 0.553245 0.538822 0.526369 0.515692 0.506637 0.499075 0.492906 0.488048 0.484442 0.482041 0.480816 0.480753 0.481850 0.484121 0.487594 0.492312 0.498335 0.505739 0.514626 0.525119 0.537369 0.551566 0.567938 0.586769 0.608407 0.633286 0.661950 0.695085 0.733572 0.778557 0.831554 0.894606 0.970533 1.000000 0.915476 0.846007 3304.000000 1.127581 0.601360
0.506637 0.499075 0.492906 0.488048 0.484442 0.482041 0.480816 0.480753 0.481850 0.484121 0.487594 0.492312 0.498335 0.505739 0.514626 0.525119 0.537369 0.551566 0.567938 0.586769 0.608407 0.633286 0.661950 0.695085 0.733572 0.778557 0.831554 0.894606 0.970533 1.000000 0.915476 0.846007 0.788101 0.739282 0.697741 0.662130 0.631425 0.604834 0.581737 0.561643 0.544157 0.528963 0.515804 0.504469 0.494788 0.486622 0.479858 0.474407 0.470198 0.467179 0.465312 0.464575 0.464959 0.466468 0.469120 0.472949 0.478002 0.484343 0.492057 0.501247 0.512044 0.524608 0.539135 0.555867 0.575101 0.597204 0.622634 0.651966 0.685933 0.725477 0.771833 0.826644 0.892150 0.965035 0.896442 0.838840 0.789982 0.748205 0.712255 0.681167 0.654189 0.630728 0.610311 0.592557 0.577158 0.563864 0.552468 0.542806 0.534743 0.528169 0.522999 0.519169 0.516629 0.515350 0.515315 0.516525 0.518994 0.522751 0.527845 0.534338 0.542317 0.551886 0.563181 0.576365 0.591641 0.609256 0.629515 0.652795 0.679563 0.710404 0.746061 0.787483 0.835908 0.892971 0.902218 0.837913 0.783928 0.738149 0.699013 0.665339 0.636224 0.610960 0.588990 0.569871 0.553245 0.538822 0.526369 0.515692 3304.000000 1.127581 0.601360
0.518994 0.522751 0.527845 0.534338 0.542317 0.551886 0.563181 0.576365 0.591641 0.609256 0.629515 0.652795 0.679563 0.710404 0.746061 0.787483 0.835908 0.892971 0.902218 0.837913 0.783928 0.738149 0.699013 0.665339 0.636224 0.610960 0.588990 0.569871 0.553245 0.538822 0.526369 0.515692 0.506637 0.499075 0.492906 0.488048 0.484442 0.482041 0.480816 0.480753 0.481850 0.484121 0.487594 0.492312 0.498335 0.505739 0.514626 0.525119 0.537369 0.551566 0.567938 0.586769 0.608407 0.633286 0.661950 0.695085 0.733572 0.778557 0.831554 0.894606 0.970533 1.000000 0.915476 0.846007 0.788101 0.739282 0.697741 0.662130 0.631425 0.604834 0.581737 0.561643 0.544157 0.528963 0.515804 0.504469 0.494788 0.486622 0.479858 0.474407 0.470198 0.467179 0.465312 0.464575 0.464959 0.466468 0.469120 0.472949 0.478002 0.484343 0.492057 0.501247 0.512044 0.524608 0.539135 0.555867 0.575101 0.597204 0.622634 0.651966 0.685933 0.725477 0.771833 0.826644 0.892150 0.965035 0.896442 0.838840 0.789982 0.748205 0.712255 0.681167 0.654189 0.630728 0.610311 0.592557 0.577158 0.563864 0.552468 0.542806 0.534743 0.528169 0.522999 0.519169 0.516629 0.515350 0.515315 0.516525 3304.000000 1.127581 0.601360
0.575101 0.597204 0.622634 0.651966 0.685933 0.725477 0.771833 0.826644 0.892150 0.965035 0.896442 0.838840 0.789982 0.748205 0.712255 0.681167 0.654189 0.630728 0.610311 0.592557 0.577158 0.563864 0.552468 0.542806 0.534743 0.528169 0.522999 0.519169 0.516629 0.515350 0.515315 0.516525 0.518994 0.522751 0.527845 0.534338 0.542317 0.551886 0.563181 0.576365 0.591641 0.609256 0.629515 0.652795 0.679563 0.710404 0.746061 0.787483 0.835908 0.892971 0.902218 0.837913 0.783928 0.738149 0.699013 0.665339 0.636224 0.610960 0.588990 0.569871 0.553245 0.538822 0.526369 0.515692 0.506637 0.499075 0.492906 0.488048 0.484442 0.482041 0.480816 0.480753 0.481850 0.484121 0.487594 0.492312 0.498335 0.505739 0.514626 0.525119 0.537369 0.551566 0.567938 0.586769 0.608407 0.633286 0.661950 0.695085 0.733572 0.778557 0.831554 0.894606 0.970533 1.000000 0.915476 0.846007 0.788101 0.739282 0.697741 0.662130 0.631425 0.604834 0.581737 0.561643 0.544157 0.528963 0.515804 0.504469 0.494788 0.486622 0.479858 0.474407 0.470198 0.467179 0.465312 0.464575 0.464959 0.466468 0.469120 0.472949 0.478002 0.484343 0.492057 0.501247 0.512044 0.524608 0.539135 0.555867 3304.000000 1.127581 0.601360
