0.552671 0.561903 0.554234 0.548075 0.543345 0.539986 0.537956 0.537231 0.537801 0.539674 0.542873 0.547437 0.553422 0.560906 0.569988 0.580790 0.593467 0.608208 0.625244 0.644860 0.667408 0.693319 0.723137 0.757541 0.797400 0.843832 0.898303 0.962772 1.000000 0.918309 0.850852 0.794410 0.746677 0.705960 0.670986 0.640785 0.614603 0.591846 0.572043 0.554815 0.539858 0.526922 0.515804 0.506341 0.498398 0.491867 0.486662 0.482717 0.479982 0.478424 0.478024 0.478778 0.480693 0.483794 0.488119 0.493722 0.500676 0.509071 0.519026 0.530681 0.544212 0.559836 0.577816 0.598480 0.598487 0.585582 0.574577 0.565314 0.557668 0.551537 0.546842 0.543524 0.541544 0.540876 0.541512 0.543461 0.546746 0.551408 0.557504 0.565113 0.574335 0.585297 0.598155 0.613100 0.630369 0.650250 0.673101 0.699363 0.729586 0.764464 0.804881 0.851977 0.907249 0.972695 0.992746 0.908947 0.840061 0.782632 0.734209 0.693001 0.657673 0.627210 0.600827 0.577911 0.557973 0.540624 0.525549 0.512493 0.501249 0.491646 0.483547 0.476841 0.471439 0.467270 0.464284 0.462442 0.461723 0.462118 0.463631 0.466281 0.470101 0.475138 0.481456 0.489139 0.498291 0.509042 0.521551 0.536014 1591.000000 1.780931 0.670568
0.840061 0.782632 0.734209 0.693001 0.657673 0.627210 0.600827 0.577911 0.557973 0.540624 0.525549 0.512493 0.501249 0.491646 0.483547 0.476841 0.471439 0.467270 0.464284 0.462442 0.461723 0.462118 0.463631 0.466281 0.470101 0.475138 0.481456 0.489139 0.498291 0.509042 0.521551 0.536014 0.552671 0.561903 0.554234 0.548075 0.543345 0.539986 0.537956 0.537231 0.537801 0.539674 0.542873 0.547437 0.553422 0.560906 0.569988 0.580790 0.593467 0.608208 0.625244 0.644860 0.667408 0.693319 0.723137 0.757541 0.797400 0.843832 0.898303 0.962772 1.000000 0.918309 0.850852 0.794410 0.746677 0.705960 0.670986 0.640785 0.614603 0.591846 0.572043 0.554815 0.539858 0.526922 0.515804 0.506341 0.498398 0.491867 0.486662 0.482717 0.479982 0.478424 0.478024 0.478778 0.480693 0.483794 0.488119 0.493722 0.500676 0.509071 0.519026 0.530681 0.544212 0.559836 0.577816 0.598480 0.598487 0.585582 0.574577 0.565314 0.557668 0.551537 0.546842 0.543524 0.541544 0.540876 0.541512 0.543461 0.546746 0.551408 0.557504 0.565113 0.574335 0.585297 0.598155 0.613100 0.630369 0.650250 0.673101 0.699363 0.729586 0.764464 0.804881 0.851977 0.907249 0.972695 0.992746 0.908947 1591.000000 1.780931 0.670568
0.598487 0.585582 0.574577 0.565314 0.557668 0.551537 0.546842 0.543524 0.541544 0.540876 0.541512 0.543461 0.546746 0.551408 0.557504 0.565113 0.574335 0.585297 0.598155 0.613100 0.630369 0.650250 0.673101 0.699363 0.729586 0.764464 0.804881 0.851977 0.907249 0.972695 0.992746 0.908947 0.840061 0.782632 0.734209 0.693001 0.657673 0.627210 0.600827 0.577911 0.557973 0.540624 0.525549 0.512493 0.501249 0.491646 0.483547 0.476841 0.471439 0.467270 0.464284 0.462442 0.461723 0.462118 0.463631 0.466281 0.470101 0.475138 0.481456 0.489139 0.498291 0.509042 0.521551 0.536014 0.552671 0.561903 0.554234 0.548075 0.543345 0.539986 0.537956 0.537231 0.537801 0.539674 0.542873 0.547437 0.553422 0.560906 0.569988 0.580790 0.593467 0.608208 0.625244 0.644860 0.667408 0.693319 0.723137 0.757541 0.797400 0.843832 0.898303 0.962772 1.000000 0.918309 0.850852 0.794410 0.746677 0.705960 0.670986 0.640785 0.614603 0.591846 0.572043 0.554815 0.539858 0.526922 0.515804 0.506341 0.498398 0.491867 0.486662 0.482717 0.479982 0.478424 0.478024 0.478778 0.480693 0.483794 0.488119 0.493722 0.500676 0.509071 0.519026 0.530681 0.544212 0.559836 0.577816 0.598480 1591.000000 1.780931 0.670568
0.746677 0.705960 0.670986 0.640785 0.614603 0.591846 0.572043 0.554815 0.539858 0.526922 0.515804 0.506341 0.498398 0.491867 0.486662 0.482717 0.479982 0.478424 0.478024 0.478778 0.480693 0.483794 0.488119 0.493722 0.500676 0.509071 0.519026 0.530681 0.544212 0.559836 0.577816 0.598480 0.598487 0.585582 0.574577 0.565314 0.557668 0.551537 0.546842 0.543524 0.541544 0.540876 0.541512 0.543461 0.546746 0.551408 0.557504 0.565113 0.574335 0.585297 0.598155 0.613100 0.630369 0.650250 0.673101 0.699363 0.729586 0.764464 0.804881 0.851977 0.907249 0.972695 0.992746 0.908947 0.840061 0.782632 0.734209 0.693001 0.657673 0.627210 0.600827 0.577911 0.557973 0.540624 0.525549 0.512493 0.501249 0.491646 0.483547 0.476841 0.471439 0.467270 0.464284 0.462442 0.461723 0.462118 0.463631 0.466281 0.470101 0.475138 0.481456 0.489139 0.498291 0.509042 0.521551 0.536014 0.552671 0.561903 0.554234 0.548075 0.543345 0.539986 0.537956 0.537231 0.537801 0.539674 0.542873 0.547437 0.553422 0.560906 0.569988 0.580790 0.593467 0.608208 0.625244 0.644860 0.667408 0.693319 0.723137 0.757541 0.797400 0.843832 0.898303 0.962772 1.000000 0.918309 0.850852 0.794410 1591.000000 1.780931 0.670568
0.857228 0.885823 0.918681 0.956464 1.000000 0.984257 0.953983 0.927684 0.904917 0.885323 0.868608 0.854533 0.842905 0.833570 0.826409 0.821332 0.818276 0.817204 0.818103 0.820984 0.825882 0.832858 0.841998 0.853419 0.867273 0.883748 0.903079 0.925554 0.942088 0.910864 0.883703 0.860128 0.839748 0.822246 0.807365 0.794894 0.784663 0.776540 0.770420 0.766227 0.763910 0.763440 0.764813 0.768044 0.773173 0.780263 0.789404 0.800714 0.814342 0.830478 0.849354 0.871256 0.892442 0.871662 0.853837 0.838707 0.826059 0.815723 0.807564 0.801478 0.797390 0.795249 0.795030 0.796730 0.800370 0.805993 0.813670 0.823498 0.835604 0.850150 0.867337 0.887416 0.910693 0.937543 0.968428 0.974819 0.942085 0.913608 0.888881 0.867492 0.849105 0.833448 0.820298 0.809477 0.800841 0.794281 0.789715 0.787086 0.786363 0.787537 0.790622 0.795655 0.802699 0.811842 0.823202 0.836929 0.853212 0.872284 0.894432 0.920009 0.949445 0.983276 0.956357 0.918589 0.885743 0.857158 0.832303 0.810747 0.792140 0.776195 0.762681 0.751409 0.742227 0.735016 0.729684 0.726167 0.724420 0.724422 0.726174 0.729696 0.735032 0.742248 0.751435 0.762714 0.776234 0.792185 0.810800 0.832364 5819.500000 1.091320 0.856235
0.853212 0.872284 0.894432 0.920009 0.949445 0.983276 0.956357 0.918589 0.885743 0.857158 0.832303 0.810747 0.792140 0.776195 0.762681 0.751409 0.742227 0.735016 0.729684 0.726167 0.724420 0.724422 0.726174 0.729696 0.735032 0.742248 0.751435 0.762714 0.776234 0.792185 0.810800 0.832364 0.857228 0.885823 0.918681 0.956464 1.000000 0.984257 0.953983 0.927684 0.904917 0.885323 0.868608 0.854533 0.842905 0.833570 0.826409 0.821332 0.818276 0.817204 0.818103 0.820984 0.825882 0.832858 0.841998 0.853419 0.867273 0.883748 0.903079 0.925554 0.942088 0.910864 0.883703 0.860128 0.839748 0.822246 0.807365 0.794894 0.784663 0.776540 0.770420 0.766227 0.763910 0.763440 0.764813 0.768044 0.773173 0.780263 0.789404 0.800714 0.814342 0.830478 0.849354 0.871256 0.892442 0.871662 0.853837 0.838707 0.826059 0.815723 0.807564 0.801478 0.797390 0.795249 0.795030 0.796730 0.800370 0.805993 0.813670 0.823498 0.835604 0.850150 0.867337 0.887416 0.910693 0.937543 0.968428 0.974819 0.942085 0.913608 0.888881 0.867492 0.849105 0.833448 0.820298 0.809477 0.800841 0.794281 0.789715 0.787086 0.786363 0.787537 0.790622 0.795655 0.802699 0.811842 0.823202 0.836929 5819.500000 1.091320 0.856235
0.800370 0.805993 0.813670 0.823498 0.835604 0.850150 0.867337 0.887416 0.910693 0.937543 0.968428 0.974819 0.942085 0.913608 0.888881 0.867492 0.849105 0.833448 0.820298 0.809477 0.800841 0.794281 0.789715 0.787086 0.786363 0.787537 0.790622 0.795655 0.802699 0.811842 0.823202 0.836929 0.853212 0.872284 0.894432 0.920009 0.949445 0.983276 0.956357 0.918589 0.885743 0.857158 0.832303 0.810747 0.792140 0.776195 0.762681 0.751409 0.742227 0.735016 0.729684 0.726167 0.724420 0.724422 0.726174 0.729696 0.735032 0.742248 0.751435 0.762714 0.776234 0.792185 0.810800 0.832364 0.857228 0.885823 0.918681 0.956464 1.000000 0.984257 0.953983 0.927684 0.904917 0.885323 0.868608 0.854533 0.842905 0.833570 0.826409 0.821332 0.818276 0.817204 0.818103 0.820984 0.825882 0.832858 0.841998 0.853419 0.867273 0.883748 0.903079 0.925554 0.942088 0.910864 0.883703 0.860128 0.839748 0.822246 0.807365 0.794894 0.784663 0.776540 0.770420 0.766227 0.763910 0.763440 0.764813 0.768044 0.773173 0.780263 0.789404 0.800714 0.814342 0.830478 0.849354 0.871256 0.892442 0.871662 0.853837 0.838707 0.826059 0.815723 0.807564 0.801478 0.797390 0.795249 0.795030 0.796730 5819.500000 1.091320 0.856235
0.839748 0.822246 0.807365 0.794894 0.784663 0.776540 0.770420 0.766227 0.763910 0.763440 0.764813 0.768044 0.773173 0.780263 0.789404 0.800714 0.814342 0.830478 0.849354 0.871256 0.892442 0.871662 0.853837 0.838707 0.826059 0.815723 0.807564 0.801478 0.797390 0.795249 0.795030 0.796730 0.800370 0.805993 0.813670 0.823498 0.835604 0.850150 0.867337 0.887416 0.910693 0.937543 0.968428 0.974819 0.942085 0.913608 0.888881 0.867492 0.849105 0.833448 0.820298 0.809477 0.800841 0.794281 0.789715 0.787086 0.786363 0.787537 0.790622 0.795655 0.802699 0.811842 0.823202 0.836929 0.853212 0.872284 0.894432 0.920009 0.949445 0.983276 0.956357 0.918589 0.885743 0.857158 0.832303 0.810747 0.792140 0.776195 0.762681 0.751409 0.742227 0.735016 0.729684 0.726167 0.724420 0.724422 0.726174 0.729696 0.735032 0.742248 0.751435 0.762714 0.776234 0.792185 0.810800 0.832364 0.857228 0.885823 0.918681 0.956464 1.000000 0.984257 0.953983 0.927684 0.904917 0.885323 0.868608 0.854533 0.842905 0.833570 0.826409 0.821332 0.818276 0.817204 0.818103 0.820984 0.825882 0.832858 0.841998 0.853419 0.867273 0.883748 0.903079 0.925554 0.942088 0.910864 0.883703 0.860128 5819.500000 1.091320 0.856235
0.580761 0.583852 0.588400 0.594464 0.602120 0.611467 0.622633 0.635775 0.651085 0.668802 0.689218 0.712689 0.739661 0.770684 0.806451 0.796377 0.779497 0.765124 0.753052 0.743118 0.735190 0.729168 0.724976 0.722563 0.721899 0.722976 0.725808 0.730429 0.736895 0.745289 0.755717 0.768319 0.783267 0.800776 0.821108 0.844588 0.871612 0.902668 0.938364 0.893831 0.833561 0.782673 0.739319 0.702118 0.670019 0.642206 0.618039 0.597012 0.578716 0.562824 0.549069 0.541353 0.543893 0.547782 0.553069 0.559821 0.568126 0.578094 0.589865 0.603610 0.619538 0.637909 0.659038 0.683318 0.711234 0.713838 0.712061 0.712004 0.713666 0.717067 0.722249 0.729276 0.738237 0.749249 0.762459 0.778051 0.796252 0.817342 0.841662 0.869632 0.901773 0.938730 0.981309 0.929434 0.863695 0.808460 0.761589 0.721499 0.686990 0.657143 0.631238 0.608709 0.589104 0.572056 0.557273 0.544513 0.533581 0.538231 0.545278 0.553863 0.564104 0.576145 0.590165 0.606380 0.625061 0.646536 0.671213 0.699601 0.732339 0.770238 0.814343 0.866018 0.927081 1.000000 0.968480 0.902704 0.847205 0.799951 0.759422 0.724463 0.694180 0.667872 0.644981 0.625064 0.607761 0.592779 0.579881 0.579091 701.500000 1.060732 0.676182
0.533581 0.538231 0.545278 0.553863 0.564104 0.576145 0.590165 0.606380 0.625061 0.646536 0.671213 0.699601 0.732339 0.770238 0.814343 0.866018 0.927081 1.000000 0.968480 0.902704 0.847205 0.799951 0.759422 0.724463 0.694180 0.667872 0.644981 0.625064 0.607761 0.592779 0.579881 0.579091 0.580761 0.583852 0.588400 0.594464 0.602120 0.611467 0.622633 0.635775 0.651085 0.668802 0.689218 0.712689 0.739661 0.770684 0.806451 0.796377 0.779497 0.765124 0.753052 0.743118 0.735190 0.729168 0.724976 0.722563 0.721899 0.722976 0.725808 0.730429 0.736895 0.745289 0.755717 0.768319 0.783267 0.800776 0.821108 0.844588 0.871612 0.902668 0.938364 0.893831 0.833561 0.782673 0.739319 0.702118 0.670019 0.642206 0.618039 0.597012 0.578716 0.562824 0.549069 0.541353 0.543893 0.547782 0.553069 0.559821 0.568126 0.578094 0.589865 0.603610 0.619538 0.637909 0.659038 0.683318 0.711234 0.713838 0.712061 0.712004 0.713666 0.717067 0.722249 0.729276 0.738237 0.749249 0.762459 0.778051 0.796252 0.817342 0.841662 0.869632 0.901773 0.938730 0.981309 0.929434 0.863695 0.808460 0.761589 0.721499 0.686990 0.657143 0.631238 0.608709 0.589104 0.572056 0.557273 0.544513 701.500000 1.060732 0.676182
0.711234 0.713838 0.712061 0.712004 0.713666 0.717067 0.722249 0.729276 0.738237 0.749249 0.762459 0.778051 0.796252 0.817342 0.841662 0.869632 0.901773 0.938730 0.981309 0.929434 0.863695 0.808460 0.761589 0.721499 0.686990 0.657143 0.631238 0.608709 0.589104 0.572056 0.557273 0.544513 0.533581 0.538231 0.545278 0.553863 0.564104 0.576145 0.590165 0.606380 0.625061 0.646536 0.671213 0.699601 0.732339 0.770238 0.814343 0.866018 0.927081 1.000000 0.968480 0.902704 0.847205 0.799951 0.759422 0.724463 0.694180 0.667872 0.644981 0.625064 0.607761 0.592779 0.579881 0.579091 0.580761 0.583852 0.588400 0.594464 0.602120 0.611467 0.622633 0.635775 0.651085 0.668802 0.689218 0.712689 0.739661 0.770684 0.806451 0.796377 0.779497 0.765124 0.753052 0.743118 0.735190 0.729168 0.724976 0.722563 0.721899 0.722976 0.725808 0.730429 0.736895 0.745289 0.755717 0.768319 0.783267 0.800776 0.821108 0.844588 0.871612 0.902668 0.938364 0.893831 0.833561 0.782673 0.739319 0.702118 0.670019 0.642206 0.618039 0.597012 0.578716 0.562824 0.549069 0.541353 0.543893 0.547782 0.553069 0.559821 0.568126 0.578094 0.589865 0.603610 0.619538 0.637909 0.659038 0.683318 701.500000 1.060732 0.676182
0.783267 0.800776 0.821108 0.844588 0.871612 0.902668 0.938364 0.893831 0.833561 0.782673 0.739319 0.702118 0.670019 0.642206 0.618039 0.597012 0.578716 0.562824 0.549069 0.541353 0.543893 0.547782 0.553069 0.559821 0.568126 0.578094 0.589865 0.603610 0.619538 0.637909 0.659038 0.683318 0.711234 0.713838 0.712061 0.712004 0.713666 0.717067 0.722249 0.729276 0.738237 0.749249 0.762459 0.778051 0.796252 0.817342 0.841662 0.869632 0.901773 0.938730 0.981309 0.929434 0.863695 0.808460 0.761589 0.721499 0.686990 0.657143 0.631238 0.608709 0.589104 0.572056 0.557273 0.544513 0.533581 0.538231 0.545278 0.553863 0.564104 0.576145 0.590165 0.606380 0.625061 0.646536 0.671213 0.699601 0.732339 0.770238 0.814343 0.866018 0.927081 1.000000 0.968480 0.902704 0.847205 0.799951 0.759422 0.724463 0.694180 0.667872 0.644981 0.625064 0.607761 0.592779 0.579881 0.579091 0.580761 0.583852 0.588400 0.594464 0.602120 0.611467 0.622633 0.635775 0.651085 0.668802 0.689218 0.712689 0.739661 0.770684 0.806451 0.796377 0.779497 0.765124 0.753052 0.743118 0.735190 0.729168 0.724976 0.722563 0.721899 0.722976 0.725808 0.730429 0.736895 0.745289 0.755717 0.768319 701.500000 1.060732 0.676182
0.786526 0.807305 0.831268 0.858830 0.846265 0.820357 0.797853 0.778376 0.761618 0.747329 0.735306 0.725382 0.717429 0.711343 0.707048 0.704492 0.703644 0.704492 0.707048 0.711343 0.717429 0.725382 0.735306 0.729136 0.714622 0.702333 0.692099 0.683783 0.677276 0.672497 0.669387 0.667906 0.668038 0.669784 0.673165 0.678222 0.685019 0.693641 0.704201 0.716841 0.731739 0.733206 0.731102 0.730766 0.732193 0.735400 0.740428 0.747337 0.756215 0.767178 0.780370 0.795976 0.814219 0.835379 0.859794 0.887882 0.920160 0.957265 1.000000 0.966124 0.915151 0.871281 0.833340 0.800414 0.771779 0.746859 0.725191 0.706398 0.690176 0.676274 0.664491 0.654661 0.646653 0.640363 0.635711 0.632638 0.631109 0.631103 0.632622 0.635683 0.640323 0.646602 0.654409 0.648583 0.644399 0.641804 0.640767 0.641277 0.643338 0.646976 0.652236 0.659183 0.667906 0.678520 0.691168 0.706030 0.723326 0.743327 0.766363 0.792845 0.823276 0.858287 0.898669 0.945428 0.931216 0.894237 0.862081 0.834097 0.809762 0.788653 0.770425 0.754799 0.741544 0.730476 0.721447 0.714337 0.709058 0.705544 0.703751 0.703659 0.705265 0.708589 0.713673 0.720578 0.729393 0.740231 0.753238 0.768595 5424.000000 1.112286 0.833186
0.723326 0.743327 0.766363 0.792845 0.823276 0.858287 0.898669 0.945428 0.931216 0.894237 0.862081 0.834097 0.809762 0.788653 0.770425 0.754799 0.741544 0.730476 0.721447 0.714337 0.709058 0.705544 0.703751 0.703659 0.705265 0.708589 0.713673 0.720578 0.729393 0.740231 0.753238 0.768595 0.786526 0.807305 0.831268 0.858830 0.846265 0.820357 0.797853 0.778376 0.761618 0.747329 0.735306 0.725382 0.717429 0.711343 0.707048 0.704492 0.703644 0.704492 0.707048 0.711343 0.717429 0.725382 0.735306 0.729136 0.714622 0.702333 0.692099 0.683783 0.677276 0.672497 0.669387 0.667906 0.668038 0.669784 0.673165 0.678222 0.685019 0.693641 0.704201 0.716841 0.731739 0.733206 0.731102 0.730766 0.732193 0.735400 0.740428 0.747337 0.756215 0.767178 0.780370 0.795976 0.814219 0.835379 0.859794 0.887882 0.920160 0.957265 1.000000 0.966124 0.915151 0.871281 0.833340 0.800414 0.771779 0.746859 0.725191 0.706398 0.690176 0.676274 0.664491 0.654661 0.646653 0.640363 0.635711 0.632638 0.631109 0.631103 0.632622 0.635683 0.640323 0.646602 0.654409 0.648583 0.644399 0.641804 0.640767 0.641277 0.643338 0.646976 0.652236 0.659183 0.667906 0.678520 0.691168 0.706030 5424.000000 1.112286 0.833186
0.771779 0.746859 0.725191 0.706398 0.690176 0.676274 0.664491 0.654661 0.646653 0.640363 0.635711 0.632638 0.631109 0.631103 0.632622 0.635683 0.640323 0.646602 0.654409 0.648583 0.644399 0.641804 0.640767 0.641277 0.643338 0.646976 0.652236 0.659183 0.667906 0.678520 0.691168 0.706030 0.723326 0.743327 0.766363 0.792845 0.823276 0.858287 0.898669 0.945428 0.931216 0.894237 0.862081 0.834097 0.809762 0.788653 0.770425 0.754799 0.741544 0.730476 0.721447 0.714337 0.709058 0.705544 0.703751 0.703659 0.705265 0.708589 0.713673 0.720578 0.729393 0.740231 0.753238 0.768595 0.786526 0.807305 0.831268 0.858830 0.846265 0.820357 0.797853 0.778376 0.761618 0.747329 0.735306 0.725382 0.717429 0.711343 0.707048 0.704492 0.703644 0.704492 0.707048 0.711343 0.717429 0.725382 0.735306 0.729136 0.714622 0.702333 0.692099 0.683783 0.677276 0.672497 0.669387 0.667906 0.668038 0.669784 0.673165 0.678222 0.685019 0.693641 0.704201 0.716841 0.731739 0.733206 0.731102 0.730766 0.732193 0.735400 0.740428 0.747337 0.756215 0.767178 0.780370 0.795976 0.814219 0.835379 0.859794 0.887882 0.920160 0.957265 1.000000 0.966124 0.915151 0.871281 0.833340 0.800414 5424.000000 1.112286 0.833186
0.668038 0.669784 0.673165 0.678222 0.685019 0.693641 0.704201 0.716841 0.731739 0.733206 0.731102 0.730766 0.732193 0.735400 0.740428 0.747337 0.756215 0.767178 0.780370 0.795976 0.814219 0.835379 0.859794 0.887882 0.920160 0.957265 1.000000 0.966124 0.915151 0.871281 0.833340 0.800414 0.771779 0.746859 0.725191 0.706398 0.690176 0.676274 0.664491 0.654661 0.646653 0.640363 0.635711 0.632638 0.631109 0.631103 0.632622 0.635683 0.640323 0.646602 0.654409 0.648583 0.644399 0.641804 0.640767 0.641277 0.643338 0.646976 0.652236 0.659183 0.667906 0.678520 0.691168 0.706030 0.723326 0.743327 0.766363 0.792845 0.823276 0.858287 0.898669 0.945428 0.931216 0.894237 0.862081 0.834097 0.809762 0.788653 0.770425 0.754799 0.741544 0.730476 0.721447 0.714337 0.709058 0.705544 0.703751 0.703659 0.705265 0.708589 0.713673 0.720578 0.729393 0.740231 0.753238 0.768595 0.786526 0.807305 0.831268 0.858830 0.846265 0.820357 0.797853 0.778376 0.761618 0.747329 0.735306 0.725382 0.717429 0.711343 0.707048 0.704492 0.703644 0.704492 0.707048 0.711343 0.717429 0.725382 0.735306 0.729136 0.714622 0.702333 0.692099 0.683783 0.677276 0.672497 0.669387 0.667906 5424.000000 1.112286 0.833186
0.867910 0.849614 0.834042 0.820972 0.810227 0.801667 0.795181 0.790688 0.788134 0.787488 0.788741 0.791909 0.797031 0.804169 0.813413 0.824883 0.838730 0.855145 0.874365 0.896678 0.900949 0.864659 0.833108 0.805652 0.781771 0.761046 0.743135 0.727760 0.714696 0.703758 0.694799 0.687700 0.682373 0.678750 0.679449 0.681885 0.685997 0.691836 0.699474 0.709010 0.720570 0.734311 0.750430 0.769166 0.790816 0.815742 0.844392 0.877317 0.915208 0.958935 1.000000 0.962404 0.929692 0.901230 0.876507 0.855110 0.836700 0.821003 0.807794 0.796892 0.788155 0.781469 0.776751 0.773943 0.773010 0.773943 0.776751 0.781469 0.788155 0.795936 0.795772 0.797529 0.801229 0.806916 0.814661 0.824562 0.836747 0.851380 0.868663 0.888848 0.912244 0.939228 0.970266 0.957849 0.897463 0.846157 0.802228 0.764385 0.731635 0.703201 0.678467 0.656943 0.638233 0.622017 0.623095 0.626437 0.631345 0.637879 0.646123 0.656184 0.668198 0.682335 0.698803 0.717857 0.739813 0.765054 0.794060 0.827423 0.865891 0.910410 0.962199 0.937096 0.913828 0.893789 0.876676 0.862245 0.850296 0.840672 0.833247 0.827930 0.824655 0.823381 0.824093 0.826800 0.831534 0.838355 0.847346 0.858624 5950.500000 1.027562 0.808195
0.631345 0.637879 0.646123 0.656184 0.668198 0.682335 0.698803 0.717857 0.739813 0.765054 0.794060 0.827423 0.865891 0.910410 0.962199 0.937096 0.913828 0.893789 0.876676 0.862245 0.850296 0.840672 0.833247 0.827930 0.824655 0.823381 0.824093 0.826800 0.831534 0.838355 0.847346 0.858624 0.867910 0.849614 0.834042 0.820972 0.810227 0.801667 0.795181 0.790688 0.788134 0.787488 0.788741 0.791909 0.797031 0.804169 0.813413 0.824883 0.838730 0.855145 0.874365 0.896678 0.900949 0.864659 0.833108 0.805652 0.781771 0.761046 0.743135 0.727760 0.714696 0.703758 0.694799 0.687700 0.682373 0.678750 0.679449 0.681885 0.685997 0.691836 0.699474 0.709010 0.720570 0.734311 0.750430 0.769166 0.790816 0.815742 0.844392 0.877317 0.915208 0.958935 1.000000 0.962404 0.929692 0.901230 0.876507 0.855110 0.836700 0.821003 0.807794 0.796892 0.788155 0.781469 0.776751 0.773943 0.773010 0.773943 0.776751 0.781469 0.788155 0.795936 0.795772 0.797529 0.801229 0.806916 0.814661 0.824562 0.836747 0.851380 0.868663 0.888848 0.912244 0.939228 0.970266 0.957849 0.897463 0.846157 0.802228 0.764385 0.731635 0.703201 0.678467 0.656943 0.638233 0.622017 0.623095 0.626437 5950.500000 1.027562 0.808195
0.773010 0.773943 0.776751 0.781469 0.788155 0.795936 0.795772 0.797529 0.801229 0.806916 0.814661 0.824562 0.836747 0.851380 0.868663 0.888848 0.912244 0.939228 0.970266 0.957849 0.897463 0.846157 0.802228 0.764385 0.731635 0.703201 0.678467 0.656943 0.638233 0.622017 0.623095 0.626437 0.631345 0.637879 0.646123 0.656184 0.668198 0.682335 0.698803 0.717857 0.739813 0.765054 0.794060 0.827423 0.865891 0.910410 0.962199 0.937096 0.913828 0.893789 0.876676 0.862245 0.850296 0.840672 0.833247 0.827930 0.824655 0.823381 0.824093 0.826800 0.831534 0.838355 0.847346 0.858624 0.867910 0.849614 0.834042 0.820972 0.810227 0.801667 0.795181 0.790688 0.788134 0.787488 0.788741 0.791909 0.797031 0.804169 0.813413 0.824883 0.838730 0.855145 0.874365 0.896678 0.900949 0.864659 0.833108 0.805652 0.781771 0.761046 0.743135 0.727760 0.714696 0.703758 0.694799 0.687700 0.682373 0.678750 0.679449 0.681885 0.685997 0.691836 0.699474 0.709010 0.720570 0.734311 0.750430 0.769166 0.790816 0.815742 0.844392 0.877317 0.915208 0.958935 1.000000 0.962404 0.929692 0.901230 0.876507 0.855110 0.836700 0.821003 0.807794 0.796892 0.788155 0.781469 0.776751 0.773943 5950.500000 1.027562 0.808195
0.682373 0.678750 0.679449 0.681885 0.685997 0.691836 0.699474 0.709010 0.720570 0.734311 0.750430 0.769166 0.790816 0.815742 0.844392 0.877317 0.915208 0.958935 1.000000 0.962404 0.929692 0.901230 0.876507 0.855110 0.836700 0.821003 0.807794 0.796892 0.788155 0.781469 0.776751 0.773943 0.773010 0.773943 0.776751 0.781469 0.788155 0.795936 0.795772 0.797529 0.801229 0.806916 0.814661 0.824562 0.836747 0.851380 0.868663 0.888848 0.912244 0.939228 0.970266 0.957849 0.897463 0.846157 0.802228 0.764385 0.731635 0.703201 0.678467 0.656943 0.638233 0.622017 0.623095 0.626437 0.631345 0.637879 0.646123 0.656184 0.668198 0.682335 0.698803 0.717857 0.739813 0.765054 0.794060 0.827423 0.865891 0.910410 0.962199 0.937096 0.913828 0.893789 0.876676 0.862245 0.850296 0.840672 0.833247 0.827930 0.824655 0.823381 0.824093 0.826800 0.831534 0.838355 0.847346 0.858624 0.867910 0.849614 0.834042 0.820972 0.810227 0.801667 0.795181 0.790688 0.788134 0.787488 0.788741 0.791909 0.797031 0.804169 0.813413 0.824883 0.838730 0.855145 0.874365 0.896678 0.900949 0.864659 0.833108 0.805652 0.781771 0.761046 0.743135 0.727760 0.714696 0.703758 0.694799 0.687700 5950.500000 1.027562 0.808195
0.823318 0.858033 0.898063 0.944397 0.976823 0.930215 0.889899 0.854906 0.824473 0.797988 0.774960 0.754992 0.737760 0.723000 0.710497 0.700077 0.691600 0.684956 0.680062 0.676856 0.675299 0.675373 0.677078 0.680435 0.685485 0.692291 0.700939 0.711542 0.724242 0.739216 0.756685 0.776916 0.800239 0.827060 0.857615 0.830927 0.807738 0.787654 0.770355 0.755581 0.743119 0.732799 0.724483 0.718064 0.713461 0.710618 0.709500 0.710093 0.712406 0.716464 0.722320 0.730045 0.739739 0.751529 0.765574 0.782075 0.801275 0.823475 0.849045 0.878437 0.912214 0.951075 0.912239 0.869953 0.833333 0.801525 0.773851 0.749770 0.728846 0.710723 0.695114 0.681783 0.670538 0.661226 0.653722 0.647930 0.643777 0.641211 0.640202 0.640738 0.642824 0.646487 0.651771 0.658741 0.667488 0.678126 0.690800 0.705689 0.723014 0.743046 0.766118 0.792640 0.823117 0.858183 0.898630 0.945469 1.000000 0.970775 0.920768 0.877671 0.840362 0.807963 0.779778 0.755251 0.733935 0.715464 0.699545 0.685935 0.674439 0.664896 0.657182 0.651195 0.646860 0.644124 0.642954 0.643335 0.645271 0.648787 0.653926 0.660751 0.669350 0.679835 0.692348 0.707066 0.724205 0.744033 0.766877 0.793140 781.000000 1.020832 0.771825
1.000000 0.970775 0.920768 0.877671 0.840362 0.807963 0.779778 0.755251 0.733935 0.715464 0.699545 0.685935 0.674439 0.664896 0.657182 0.651195 0.646860 0.644124 0.642954 0.643335 0.645271 0.648787 0.653926 0.660751 0.669350 0.679835 0.692348 0.707066 0.724205 0.744033 0.766877 0.793140 0.823318 0.858033 0.898063 0.944397 0.976823 0.930215 0.889899 0.854906 0.824473 0.797988 0.774960 0.754992 0.737760 0.723000 0.710497 0.700077 0.691600 0.684956 0.680062 0.676856 0.675299 0.675373 0.677078 0.680435 0.685485 0.692291 0.700939 0.711542 0.724242 0.739216 0.756685 0.776916 0.800239 0.827060 0.857615 0.830927 0.807738 0.787654 0.770355 0.755581 0.743119 0.732799 0.724483 0.718064 0.713461 0.710618 0.709500 0.710093 0.712406 0.716464 0.722320 0.730045 0.739739 0.751529 0.765574 0.782075 0.801275 0.823475 0.849045 0.878437 0.912214 0.951075 0.912239 0.869953 0.833333 0.801525 0.773851 0.749770 0.728846 0.710723 0.695114 0.681783 0.670538 0.661226 0.653722 0.647930 0.643777 0.641211 0.640202 0.640738 0.642824 0.646487 0.651771 0.658741 0.667488 0.678126 0.690800 0.705689 0.723014 0.743046 0.766118 0.792640 0.823117 0.858183 0.898630 0.945469 781.000000 1.020832 0.771825
0.833333 0.801525 0.773851 0.749770 0.728846 0.710723 0.695114 0.681783 0.670538 0.661226 0.653722 0.647930 0.643777 0.641211 0.640202 0.640738 0.642824 0.646487 0.651771 0.658741 0.667488 0.678126 0.690800 0.705689 0.723014 0.743046 0.766118 0.792640 0.823117 0.858183 0.898630 0.945469 1.000000 0.970775 0.920768 0.877671 0.840362 0.807963 0.779778 0.755251 0.733935 0.715464 0.699545 0.685935 0.674439 0.664896 0.657182 0.651195 0.646860 0.644124 0.642954 0.643335 0.645271 0.648787 0.653926 0.660751 0.669350 0.679835 0.692348 0.707066 0.724205 0.744033 0.766877 0.793140 0.823318 0.858033 0.898063 0.944397 0.976823 0.930215 0.889899 0.854906 0.824473 0.797988 0.774960 0.754992 0.737760 0.723000 0.710497 0.700077 0.691600 0.684956 0.680062 0.676856 0.675299 0.675373 0.677078 0.680435 0.685485 0.692291 0.700939 0.711542 0.724242 0.739216 0.756685 0.776916 0.800239 0.827060 0.857615 0.830927 0.807738 0.787654 0.770355 0.755581 0.743119 0.732799 0.724483 0.718064 0.713461 0.710618 0.709500 0.710093 0.712406 0.716464 0.722320 0.730045 0.739739 0.751529 0.765574 0.782075 0.801275 0.823475 0.849045 0.878437 0.912214 0.951075 0.912239 0.869953 781.000000 1.020832 0.771825
0.800239 0.827060 0.857615 0.830927 0.807738 0.787654 0.770355 0.755581 0.743119 0.732799 0.724483 0.718064 0.713461 0.710618 0.709500 0.710093 0.712406 0.716464 0.722320 0.730045 0.739739 0.751529 0.765574 0.782075 0.801275 0.823475 0.849045 0.878437 0.912214 0.951075 0.912239 0.869953 0.833333 0.801525 0.773851 0.749770 0.728846 0.710723 0.695114 0.681783 0.670538 0.661226 0.653722 0.647930 0.643777 0.641211 0.640202 0.640738 0.642824 0.646487 0.651771 0.658741 0.667488 0.678126 0.690800 0.705689 0.723014 0.743046 0.766118 0.792640 0.823117 0.858183 0.898630 0.945469 1.000000 0.970775 0.920768 0.877671 0.840362 0.807963 0.779778 0.755251 0.733935 0.715464 0.699545 0.685935 0.674439 0.664896 0.657182 0.651195 0.646860 0.644124 0.642954 0.643335 0.645271 0.648787 0.653926 0.660751 0.669350 0.679835 0.692348 0.707066 0.724205 0.744033 0.766877 0.793140 0.823318 0.858033 0.898063 0.944397 0.976823 0.930215 0.889899 0.854906 0.824473 0.797988 0.774960 0.754992 0.737760 0.723000 0.710497 0.700077 0.691600 0.684956 0.680062 0.676856 0.675299 0.675373 0.677078 0.680435 0.685485 0.692291 0.700939 0.711542 0.724242 0.739216 0.756685 0.776916 781.000000 1.020832 0.771825
0.776575 0.793565 0.813317 0.836144 0.862427 0.892635 0.927352 0.967304 0.973950 0.925875 0.884354 0.848353 0.817059 0.789828 0.766139 0.745573 0.727790 0.712513 0.699514 0.688610 0.679653 0.672525 0.667984 0.676332 0.686566 0.698824 0.713277 0.730137 0.749663 0.772173 0.798059 0.827805 0.862010 0.901429 0.947018 1.000000 0.984286 0.941529 0.904421 0.872148 0.844063 0.819642 0.798465 0.780187 0.764527 0.751258 0.740194 0.731188 0.724121 0.718905 0.715135 0.711643 0.709887 0.709846 0.711519 0.714925 0.720108 0.727131 0.736083 0.747081 0.760271 0.775839 0.794009 0.815063 0.839340 0.867261 0.899345 0.936236 0.919830 0.888932 0.862050 0.838708 0.818517 0.801160 0.786378 0.773963 0.763746 0.755591 0.749394 0.745079 0.742592 0.741903 0.743004 0.745907 0.750649 0.757287 0.765905 0.776615 0.789557 0.804910 0.822893 0.843777 0.867895 0.857274 0.843433 0.832005 0.822838 0.815814 0.810847 0.807874 0.806859 0.807791 0.810680 0.815561 0.822495 0.831569 0.842898 0.856633 0.864841 0.838244 0.815138 0.795137 0.777923 0.763238 0.750872 0.740657 0.732457 0.726166 0.721707 0.719024 0.718084 0.718876 0.721410 0.725716 0.731847 0.739881 0.749920 0.762096 1935.000000 1.100997 0.811496
0.822838 0.815814 0.810847 0.807874 0.806859 0.807791 0.810680 0.815561 0.822495 0.831569 0.842898 0.856633 0.864841 0.838244 0.815138 0.795137 0.777923 0.763238 0.750872 0.740657 0.732457 0.726166 0.721707 0.719024 0.718084 0.718876 0.721410 0.725716 0.731847 0.739881 0.749920 0.762096 0.776575 0.793565 0.813317 0.836144 0.862427 0.892635 0.927352 0.967304 0.973950 0.925875 0.884354 0.848353 0.817059 0.789828 0.766139 0.745573 0.727790 0.712513 0.699514 0.688610 0.679653 0.672525 0.667984 0.676332 0.686566 0.698824 0.713277 0.730137 0.749663 0.772173 0.798059 0.827805 0.862010 0.901429 0.947018 1.000000 0.984286 0.941529 0.904421 0.872148 0.844063 0.819642 0.798465 0.780187 0.764527 0.751258 0.740194 0.731188 0.724121 0.718905 0.715135 0.711643 0.709887 0.709846 0.711519 0.714925 0.720108 0.727131 0.736083 0.747081 0.760271 0.775839 0.794009 0.815063 0.839340 0.867261 0.899345 0.936236 0.919830 0.888932 0.862050 0.838708 0.818517 0.801160 0.786378 0.773963 0.763746 0.755591 0.749394 0.745079 0.742592 0.741903 0.743004 0.745907 0.750649 0.757287 0.765905 0.776615 0.789557 0.804910 0.822893 0.843777 0.867895 0.857274 0.843433 0.832005 1935.000000 1.100997 0.811496
0.839340 0.867261 0.899345 0.936236 0.919830 0.888932 0.862050 0.838708 0.818517 0.801160 0.786378 0.773963 0.763746 0.755591 0.749394 0.745079 0.742592 0.741903 0.743004 0.745907 0.750649 0.757287 0.765905 0.776615 0.789557 0.804910 0.822893 0.843777 0.867895 0.857274 0.843433 0.832005 0.822838 0.815814 0.810847 0.807874 0.806859 0.807791 0.810680 0.815561 0.822495 0.831569 0.842898 0.856633 0.864841 0.838244 0.815138 0.795137 0.777923 0.763238 0.750872 0.740657 0.732457 0.726166 0.721707 0.719024 0.718084 0.718876 0.721410 0.725716 0.731847 0.739881 0.749920 0.762096 0.776575 0.793565 0.813317 0.836144 0.862427 0.892635 0.927352 0.967304 0.973950 0.925875 0.884354 0.848353 0.817059 0.789828 0.766139 0.745573 0.727790 0.712513 0.699514 0.688610 0.679653 0.672525 0.667984 0.676332 0.686566 0.698824 0.713277 0.730137 0.749663 0.772173 0.798059 0.827805 0.862010 0.901429 0.947018 1.000000 0.984286 0.941529 0.904421 0.872148 0.844063 0.819642 0.798465 0.780187 0.764527 0.751258 0.740194 0.731188 0.724121 0.718905 0.715135 0.711643 0.709887 0.709846 0.711519 0.714925 0.720108 0.727131 0.736083 0.747081 0.760271 0.775839 0.794009 0.815063 1935.000000 1.100997 0.811496
0.862010 0.901429 0.947018 1.000000 0.984286 0.941529 0.904421 0.872148 0.844063 0.819642 0.798465 0.780187 0.764527 0.751258 0.740194 0.731188 0.724121 0.718905 0.715135 0.711643 0.709887 0.709846 0.711519 0.714925 0.720108 0.727131 0.736083 0.747081 0.760271 0.775839 0.794009 0.815063 0.839340 0.867261 0.899345 0.936236 0.919830 0.888932 0.862050 0.838708 0.818517 0.801160 0.786378 0.773963 0.763746 0.755591 0.749394 0.745079 0.742592 0.741903 0.743004 0.745907 0.750649 0.757287 0.765905 0.776615 0.789557 0.804910 0.822893 0.843777 0.867895 0.857274 0.843433 0.832005 0.822838 0.815814 0.810847 0.807874 0.806859 0.807791 0.810680 0.815561 0.822495 0.831569 0.842898 0.856633 0.864841 0.838244 0.815138 0.795137 0.777923 0.763238 0.750872 0.740657 0.732457 0.726166 0.721707 0.719024 0.718084 0.718876 0.721410 0.725716 0.731847 0.739881 0.749920 0.762096 0.776575 0.793565 0.813317 0.836144 0.862427 0.892635 0.927352 0.967304 0.973950 0.925875 0.884354 0.848353 0.817059 0.789828 0.766139 0.745573 0.727790 0.712513 0.699514 0.688610 0.679653 0.672525 0.667984 0.676332 0.686566 0.698824 0.713277 0.730137 0.749663 0.772173 0.798059 0.827805 1935.000000 1.100997 0.811496
0.636033 0.597444 0.564552 0.536317 0.511946 0.490825 0.472471 0.456500 0.442605 0.430537 0.420095 0.411115 0.403462 0.397028 0.391725 0.387482 0.384247 0.381977 0.380646 0.380237 0.380745 0.382177 0.384549 0.387891 0.392245 0.397666 0.404227 0.412018 0.421149 0.431758 0.444012 0.458118 0.474330 0.492963 0.514409 0.539164 0.567860 0.601312 0.640591 0.687132 0.742895 0.810634 0.894336 1.000000 0.986908 0.889423 0.811243 0.747352 0.694341 0.649814 0.612039 0.579734 0.551932 0.527888 0.507022 0.488875 0.473083 0.459352 0.447442 0.437161 0.428351 0.420882 0.414651 0.409575 0.405586 0.402636 0.400686 0.399713 0.399705 0.400663 0.402597 0.405532 0.409504 0.414563 0.420775 0.428223 0.437012 0.447269 0.459151 0.472853 0.488610 0.506717 0.527537 0.551528 0.579266 0.611493 0.649173 0.693582 0.746444 0.781055 0.741945 0.708189 0.678935 0.653514 0.631395 0.612150 0.595435 0.580972 0.568532 0.557929 0.549013 0.541662 0.535778 0.531287 0.528133 0.526276 0.525695 0.526381 0.528343 0.531606 0.536209 0.542210 0.549686 0.558737 0.569485 0.582084 0.596724 0.613635 0.633103 0.655477 0.681192 0.710789 0.744950 0.784547 0.830703 0.802642 0.736360 0.681708 1771.500000 1.457939 0.574363
0.595435 0.580972 0.568532 0.557929 0.549013 0.541662 0.535778 0.531287 0.528133 0.526276 0.525695 0.526381 0.528343 0.531606 0.536209 0.542210 0.549686 0.558737 0.569485 0.582084 0.596724 0.613635 0.633103 0.655477 0.681192 0.710789 0.744950 0.784547 0.830703 0.802642 0.736360 0.681708 0.636033 0.597444 0.564552 0.536317 0.511946 0.490825 0.472471 0.456500 0.442605 0.430537 0.420095 0.411115 0.403462 0.397028 0.391725 0.387482 0.384247 0.381977 0.380646 0.380237 0.380745 0.382177 0.384549 0.387891 0.392245 0.397666 0.404227 0.412018 0.421149 0.431758 0.444012 0.458118 0.474330 0.492963 0.514409 0.539164 0.567860 0.601312 0.640591 0.687132 0.742895 0.810634 0.894336 1.000000 0.986908 0.889423 0.811243 0.747352 0.694341 0.649814 0.612039 0.579734 0.551932 0.527888 0.507022 0.488875 0.473083 0.459352 0.447442 0.437161 0.428351 0.420882 0.414651 0.409575 0.405586 0.402636 0.400686 0.399713 0.399705 0.400663 0.402597 0.405532 0.409504 0.414563 0.420775 0.428223 0.437012 0.447269 0.459151 0.472853 0.488610 0.506717 0.527537 0.551528 0.579266 0.611493 0.649173 0.693582 0.746444 0.781055 0.741945 0.708189 0.678935 0.653514 0.631395 0.612150 1771.500000 1.457939 0.574363
0.405586 0.402636 0.400686 0.399713 0.399705 0.400663 0.402597 0.405532 0.409504 0.414563 0.420775 0.428223 0.437012 0.447269 0.459151 0.472853 0.488610 0.506717 0.527537 0.551528 0.579266 0.611493 0.649173 0.693582 0.746444 0.781055 0.741945 0.708189 0.678935 0.653514 0.631395 0.612150 0.595435 0.580972 0.568532 0.557929 0.549013 0.541662 0.535778 0.531287 0.528133 0.526276 0.525695 0.526381 0.528343 0.531606 0.536209 0.542210 0.549686 0.558737 0.569485 0.582084 0.596724 0.613635 0.633103 0.655477 0.681192 0.710789 0.744950 0.784547 0.830703 0.802642 0.736360 0.681708 0.636033 0.597444 0.564552 0.536317 0.511946 0.490825 0.472471 0.456500 0.442605 0.430537 0.420095 0.411115 0.403462 0.397028 0.391725 0.387482 0.384247 0.381977 0.380646 0.380237 0.380745 0.382177 0.384549 0.387891 0.392245 0.397666 0.404227 0.412018 0.421149 0.431758 0.444012 0.458118 0.474330 0.492963 0.514409 0.539164 0.567860 0.601312 0.640591 0.687132 0.742895 0.810634 0.894336 1.000000 0.986908 0.889423 0.811243 0.747352 0.694341 0.649814 0.612039 0.579734 0.551932 0.527888 0.507022 0.488875 0.473083 0.459352 0.447442 0.437161 0.428351 0.420882 0.414651 0.409575 1771.500000 1.457939 0.574363
0.474330 0.492963 0.514409 0.539164 0.567860 0.601312 0.640591 0.687132 0.742895 0.810634 0.894336 1.000000 0.986908 0.889423 0.811243 0.747352 0.694341 0.649814 0.612039 0.579734 0.551932 0.527888 0.507022 0.488875 0.473083 0.459352 0.447442 0.437161 0.428351 0.420882 0.414651 0.409575 0.405586 0.402636 0.400686 0.399713 0.399705 0.400663 0.402597 0.405532 0.409504 0.414563 0.420775 0.428223 0.437012 0.447269 0.459151 0.472853 0.488610 0.506717 0.527537 0.551528 0.579266 0.611493 0.649173 0.693582 0.746444 0.781055 0.741945 0.708189 0.678935 0.653514 0.631395 0.612150 0.595435 0.580972 0.568532 0.557929 0.549013 0.541662 0.535778 0.531287 0.528133 0.526276 0.525695 0.526381 0.528343 0.531606 0.536209 0.542210 0.549686 0.558737 0.569485 0.582084 0.596724 0.613635 0.633103 0.655477 0.681192 0.710789 0.744950 0.784547 0.830703 0.802642 0.736360 0.681708 0.636033 0.597444 0.564552 0.536317 0.511946 0.490825 0.472471 0.456500 0.442605 0.430537 0.420095 0.411115 0.403462 0.397028 0.391725 0.387482 0.384247 0.381977 0.380646 0.380237 0.380745 0.382177 0.384549 0.387891 0.392245 0.397666 0.404227 0.412018 0.421149 0.431758 0.444012 0.458118 1771.500000 1.457939 0.574363
0.832663 0.845381 0.860599 0.878530 0.878539 0.864600 0.853118 0.843945 0.836961 0.832080 0.829242 0.828412 0.829580 0.832761 0.837992 0.845339 0.854894 0.866779 0.881152 0.898211 0.876573 0.824325 0.779728 0.741404 0.708296 0.679586 0.654629 0.632910 0.614018 0.597620 0.583443 0.571268 0.560914 0.561397 0.572259 0.584987 0.599772 0.616848 0.636504 0.659093 0.685056 0.714941 0.749440 0.789436 0.836069 0.852979 0.840778 0.830893 0.823199 0.817597 0.814019 0.812421 0.812783 0.815110 0.819430 0.825797 0.834288 0.845013 0.858111 0.873760 0.892180 0.913641 0.938477 0.967096 1.000000 0.984094 0.945417 0.911778 0.882504 0.857052 0.834982 0.815937 0.799624 0.785807 0.774293 0.757181 0.741453 0.728083 0.716883 0.707702 0.700419 0.694942 0.691201 0.689152 0.688770 0.690049 0.693006 0.697677 0.704118 0.712412 0.722665 0.735014 0.749630 0.766724 0.776497 0.763306 0.752338 0.743446 0.736516 0.731460 0.728215 0.726741 0.727022 0.729060 0.732880 0.738528 0.746076 0.755619 0.767281 0.781220 0.797633 0.816760 0.838897 0.864408 0.874699 0.857332 0.842632 0.830394 0.820455 0.812685 0.806988 0.803291 0.801550 0.801744 0.803875 0.807969 0.814077 0.822273 5677.000000 1.161694 0.841974
0.752338 0.743446 0.736516 0.731460 0.728215 0.726741 0.727022 0.729060 0.732880 0.738528 0.746076 0.755619 0.767281 0.781220 0.797633 0.816760 0.838897 0.864408 0.874699 0.857332 0.842632 0.830394 0.820455 0.812685 0.806988 0.803291 0.801550 0.801744 0.803875 0.807969 0.814077 0.822273 0.832663 0.845381 0.860599 0.878530 0.878539 0.864600 0.853118 0.843945 0.836961 0.832080 0.829242 0.828412 0.829580 0.832761 0.837992 0.845339 0.854894 0.866779 0.881152 0.898211 0.876573 0.824325 0.779728 0.741404 0.708296 0.679586 0.654629 0.632910 0.614018 0.597620 0.583443 0.571268 0.560914 0.561397 0.572259 0.584987 0.599772 0.616848 0.636504 0.659093 0.685056 0.714941 0.749440 0.789436 0.836069 0.852979 0.840778 0.830893 0.823199 0.817597 0.814019 0.812421 0.812783 0.815110 0.819430 0.825797 0.834288 0.845013 0.858111 0.873760 0.892180 0.913641 0.938477 0.967096 1.000000 0.984094 0.945417 0.911778 0.882504 0.857052 0.834982 0.815937 0.799624 0.785807 0.774293 0.757181 0.741453 0.728083 0.716883 0.707702 0.700419 0.694942 0.691201 0.689152 0.688770 0.690049 0.693006 0.697677 0.704118 0.712412 0.722665 0.735014 0.749630 0.766724 0.776497 0.763306 5677.000000 1.161694 0.841974
1.000000 0.984094 0.945417 0.911778 0.882504 0.857052 0.834982 0.815937 0.799624 0.785807 0.774293 0.757181 0.741453 0.728083 0.716883 0.707702 0.700419 0.694942 0.691201 0.689152 0.688770 0.690049 0.693006 0.697677 0.704118 0.712412 0.722665 0.735014 0.749630 0.766724 0.776497 0.763306 0.752338 0.743446 0.736516 0.731460 0.728215 0.726741 0.727022 0.729060 0.732880 0.738528 0.746076 0.755619 0.767281 0.781220 0.797633 0.816760 0.838897 0.864408 0.874699 0.857332 0.842632 0.830394 0.820455 0.812685 0.806988 0.803291 0.801550 0.801744 0.803875 0.807969 0.814077 0.822273 0.832663 0.845381 0.860599 0.878530 0.878539 0.864600 0.853118 0.843945 0.836961 0.832080 0.829242 0.828412 0.829580 0.832761 0.837992 0.845339 0.854894 0.866779 0.881152 0.898211 0.876573 0.824325 0.779728 0.741404 0.708296 0.679586 0.654629 0.632910 0.614018 0.597620 0.583443 0.571268 0.560914 0.561397 0.572259 0.584987 0.599772 0.616848 0.636504 0.659093 0.685056 0.714941 0.749440 0.789436 0.836069 0.852979 0.840778 0.830893 0.823199 0.817597 0.814019 0.812421 0.812783 0.815110 0.819430 0.825797 0.834288 0.845013 0.858111 0.873760 0.892180 0.913641 0.938477 0.967096 5677.000000 1.161694 0.841974
0.560914 0.561397 0.572259 0.584987 0.599772 0.616848 0.636504 0.659093 0.685056 0.714941 0.749440 0.789436 0.836069 0.852979 0.840778 0.830893 0.823199 0.817597 0.814019 0.812421 0.812783 0.815110 0.819430 0.825797 0.834288 0.845013 0.858111 0.873760 0.892180 0.913641 0.938477 0.967096 1.000000 0.984094 0.945417 0.911778 0.882504 0.857052 0.834982 0.815937 0.799624 0.785807 0.774293 0.757181 0.741453 0.728083 0.716883 0.707702 0.700419 0.694942 0.691201 0.689152 0.688770 0.690049 0.693006 0.697677 0.704118 0.712412 0.722665 0.735014 0.749630 0.766724 0.776497 0.763306 0.752338 0.743446 0.736516 0.731460 0.728215 0.726741 0.727022 0.729060 0.732880 0.738528 0.746076 0.755619 0.767281 0.781220 0.797633 0.816760 0.838897 0.864408 0.874699 0.857332 0.842632 0.830394 0.820455 0.812685 0.806988 0.803291 0.801550 0.801744 0.803875 0.807969 0.814077 0.822273 0.832663 0.845381 0.860599 0.878530 0.878539 0.864600 0.853118 0.843945 0.836961 0.832080 0.829242 0.828412 0.829580 0.832761 0.837992 0.845339 0.854894 0.866779 0.881152 0.898211 0.876573 0.824325 0.779728 0.741404 0.708296 0.679586 0.654629 0.632910 0.614018 0.597620 0.583443 0.571268 5677.000000 1.161694 0.841974
0.943185 1.000000 0.952829 0.889746 0.836387 0.790863 0.751757 0.717984 0.688703 0.663252 0.641104 0.621837 0.605110 0.590645 0.578216 0.567638 0.558762 0.551468 0.545659 0.537364 0.530194 0.524459 0.520087 0.517023 0.515228 0.514681 0.515376 0.517321 0.520539 0.525070 0.530972 0.538319 0.547209 0.557763 0.570134 0.584506 0.601106 0.620215 0.642177 0.667418 0.696470 0.730006 0.768881 0.774609 0.759172 0.746100 0.735212 0.726361 0.719434 0.714343 0.711024 0.709436 0.709562 0.711401 0.714977 0.720333 0.727536 0.736678 0.747876 0.761283 0.777085 0.795514 0.816854 0.814834 0.785630 0.760215 0.738115 0.718947 0.702399 0.688216 0.676191 0.666156 0.657977 0.651547 0.646784 0.643630 0.642045 0.642011 0.643528 0.646613 0.651304 0.657660 0.665761 0.675712 0.687647 0.701732 0.710238 0.687417 0.667574 0.650368 0.635519 0.622799 0.612025 0.603045 0.595739 0.590012 0.585792 0.583027 0.581682 0.581742 0.583207 0.586095 0.590441 0.596299 0.603744 0.612872 0.623807 0.634631 0.629671 0.626285 0.624431 0.624087 0.625250 0.627932 0.632166 0.638006 0.645524 0.654818 0.666011 0.679258 0.694751 0.712724 0.733466 0.757330 0.784753 0.816278 0.852581 0.894519 3494.000000 1.279311 0.801314
0.585792 0.583027 0.581682 0.581742 0.583207 0.586095 0.590441 0.596299 0.603744 0.612872 0.623807 0.634631 0.629671 0.626285 0.624431 0.624087 0.625250 0.627932 0.632166 0.638006 0.645524 0.654818 0.666011 0.679258 0.694751 0.712724 0.733466 0.757330 0.784753 0.816278 0.852581 0.894519 0.943185 1.000000 0.952829 0.889746 0.836387 0.790863 0.751757 0.717984 0.688703 0.663252 0.641104 0.621837 0.605110 0.590645 0.578216 0.567638 0.558762 0.551468 0.545659 0.537364 0.530194 0.524459 0.520087 0.517023 0.515228 0.514681 0.515376 0.517321 0.520539 0.525070 0.530972 0.538319 0.547209 0.557763 0.570134 0.584506 0.601106 0.620215 0.642177 0.667418 0.696470 0.730006 0.768881 0.774609 0.759172 0.746100 0.735212 0.726361 0.719434 0.714343 0.711024 0.709436 0.709562 0.711401 0.714977 0.720333 0.727536 0.736678 0.747876 0.761283 0.777085 0.795514 0.816854 0.814834 0.785630 0.760215 0.738115 0.718947 0.702399 0.688216 0.676191 0.666156 0.657977 0.651547 0.646784 0.643630 0.642045 0.642011 0.643528 0.646613 0.651304 0.657660 0.665761 0.675712 0.687647 0.701732 0.710238 0.687417 0.667574 0.650368 0.635519 0.622799 0.612025 0.603045 0.595739 0.590012 3494.000000 1.279311 0.801314
0.785630 0.760215 0.738115 0.718947 0.702399 0.688216 0.676191 0.666156 0.657977 0.651547 0.646784 0.643630 0.642045 0.642011 0.643528 0.646613 0.651304 0.657660 0.665761 0.675712 0.687647 0.701732 0.710238 0.687417 0.667574 0.650368 0.635519 0.622799 0.612025 0.603045 0.595739 0.590012 0.585792 0.583027 0.581682 0.581742 0.583207 0.586095 0.590441 0.596299 0.603744 0.612872 0.623807 0.634631 0.629671 0.626285 0.624431 0.624087 0.625250 0.627932 0.632166 0.638006 0.645524 0.654818 0.666011 0.679258 0.694751 0.712724 0.733466 0.757330 0.784753 0.816278 0.852581 0.894519 0.943185 1.000000 0.952829 0.889746 0.836387 0.790863 0.751757 0.717984 0.688703 0.663252 0.641104 0.621837 0.605110 0.590645 0.578216 0.567638 0.558762 0.551468 0.545659 0.537364 0.530194 0.524459 0.520087 0.517023 0.515228 0.514681 0.515376 0.517321 0.520539 0.525070 0.530972 0.538319 0.547209 0.557763 0.570134 0.584506 0.601106 0.620215 0.642177 0.667418 0.696470 0.730006 0.768881 0.774609 0.759172 0.746100 0.735212 0.726361 0.719434 0.714343 0.711024 0.709436 0.709562 0.711401 0.714977 0.720333 0.727536 0.736678 0.747876 0.761283 0.777085 0.795514 0.816854 0.814834 3494.000000 1.279311 0.801314
0.547209 0.557763 0.570134 0.584506 0.601106 0.620215 0.642177 0.667418 0.696470 0.730006 0.768881 0.774609 0.759172 0.746100 0.735212 0.726361 0.719434 0.714343 0.711024 0.709436 0.709562 0.711401 0.714977 0.720333 0.727536 0.736678 0.747876 0.761283 0.777085 0.795514 0.816854 0.814834 0.785630 0.760215 0.738115 0.718947 0.702399 0.688216 0.676191 0.666156 0.657977 0.651547 0.646784 0.643630 0.642045 0.642011 0.643528 0.646613 0.651304 0.657660 0.665761 0.675712 0.687647 0.701732 0.710238 0.687417 0.667574 0.650368 0.635519 0.622799 0.612025 0.603045 0.595739 0.590012 0.585792 0.583027 0.581682 0.581742 0.583207 0.586095 0.590441 0.596299 0.603744 0.612872 0.623807 0.634631 0.629671 0.626285 0.624431 0.624087 0.625250 0.627932 0.632166 0.638006 0.645524 0.654818 0.666011 0.679258 0.694751 0.712724 0.733466 0.757330 0.784753 0.816278 0.852581 0.894519 0.943185 1.000000 0.952829 0.889746 0.836387 0.790863 0.751757 0.717984 0.688703 0.663252 0.641104 0.621837 0.605110 0.590645 0.578216 0.567638 0.558762 0.551468 0.545659 0.537364 0.530194 0.524459 0.520087 0.517023 0.515228 0.514681 0.515376 0.517321 0.520539 0.525070 0.530972 0.538319 3494.000000 1.279311 0.801314
0.865815 0.871611 0.843142 0.818382 0.796900 0.778345 0.762428 0.748918 0.737624 0.728394 0.721109 0.715674 0.712024 0.710112 0.709917 0.711435 0.714685 0.719706 0.726562 0.735337 0.742731 0.740012 0.739088 0.739946 0.742597 0.747073 0.753430 0.761746 0.772130 0.784717 0.799679 0.817230 0.837632 0.861207 0.888349 0.919545 0.955397 0.942337 0.922385 0.905396 0.891129 0.879391 0.870027 0.862917 0.857973 0.855133 0.854363 0.855654 0.859022 0.864507 0.872178 0.882130 0.894491 0.909426 0.881596 0.844033 0.811415 0.783040 0.758348 0.736887 0.718289 0.702258 0.688549 0.676964 0.667344 0.659561 0.653513 0.649124 0.646341 0.645129 0.645474 0.647379 0.650868 0.655985 0.662791 0.671375 0.681848 0.692630 0.704581 0.718714 0.735233 0.754389 0.776491 0.801916 0.831134 0.864723 0.903409 0.948111 1.000000 0.976159 0.944193 0.916392 0.892269 0.871429 0.853549 0.838368 0.825671 0.815289 0.807084 0.800953 0.796820 0.794633 0.794367 0.796019 0.799607 0.805176 0.812796 0.822562 0.834600 0.849072 0.843463 0.826630 0.812374 0.800497 0.790840 0.783278 0.777715 0.774082 0.772335 0.772452 0.774436 0.778309 0.784120 0.791941 0.801870 0.814038 0.828607 0.845783 19045.000000 1.124055 0.865119
0.825671 0.815289 0.807084 0.800953 0.796820 0.794633 0.794367 0.796019 0.799607 0.805176 0.812796 0.822562 0.834600 0.849072 0.843463 0.826630 0.812374 0.800497 0.790840 0.783278 0.777715 0.774082 0.772335 0.772452 0.774436 0.778309 0.784120 0.791941 0.801870 0.814038 0.828607 0.845783 0.865815 0.871611 0.843142 0.818382 0.796900 0.778345 0.762428 0.748918 0.737624 0.728394 0.721109 0.715674 0.712024 0.710112 0.709917 0.711435 0.714685 0.719706 0.726562 0.735337 0.742731 0.740012 0.739088 0.739946 0.742597 0.747073 0.753430 0.761746 0.772130 0.784717 0.799679 0.817230 0.837632 0.861207 0.888349 0.919545 0.955397 0.942337 0.922385 0.905396 0.891129 0.879391 0.870027 0.862917 0.857973 0.855133 0.854363 0.855654 0.859022 0.864507 0.872178 0.882130 0.894491 0.909426 0.881596 0.844033 0.811415 0.783040 0.758348 0.736887 0.718289 0.702258 0.688549 0.676964 0.667344 0.659561 0.653513 0.649124 0.646341 0.645129 0.645474 0.647379 0.650868 0.655985 0.662791 0.671375 0.681848 0.692630 0.704581 0.718714 0.735233 0.754389 0.776491 0.801916 0.831134 0.864723 0.903409 0.948111 1.000000 0.976159 0.944193 0.916392 0.892269 0.871429 0.853549 0.838368 19045.000000 1.124055 0.865119
0.667344 0.659561 0.653513 0.649124 0.646341 0.645129 0.645474 0.647379 0.650868 0.655985 0.662791 0.671375 0.681848 0.692630 0.704581 0.718714 0.735233 0.754389 0.776491 0.801916 0.831134 0.864723 0.903409 0.948111 1.000000 0.976159 0.944193 0.916392 0.892269 0.871429 0.853549 0.838368 0.825671 0.815289 0.807084 0.800953 0.796820 0.794633 0.794367 0.796019 0.799607 0.805176 0.812796 0.822562 0.834600 0.849072 0.843463 0.826630 0.812374 0.800497 0.790840 0.783278 0.777715 0.774082 0.772335 0.772452 0.774436 0.778309 0.784120 0.791941 0.801870 0.814038 0.828607 0.845783 0.865815 0.871611 0.843142 0.818382 0.796900 0.778345 0.762428 0.748918 0.737624 0.728394 0.721109 0.715674 0.712024 0.710112 0.709917 0.711435 0.714685 0.719706 0.726562 0.735337 0.742731 0.740012 0.739088 0.739946 0.742597 0.747073 0.753430 0.761746 0.772130 0.784717 0.799679 0.817230 0.837632 0.861207 0.888349 0.919545 0.955397 0.942337 0.922385 0.905396 0.891129 0.879391 0.870027 0.862917 0.857973 0.855133 0.854363 0.855654 0.859022 0.864507 0.872178 0.882130 0.894491 0.909426 0.881596 0.844033 0.811415 0.783040 0.758348 0.736887 0.718289 0.702258 0.688549 0.676964 19045.000000 1.124055 0.865119
0.837632 0.861207 0.888349 0.919545 0.955397 0.942337 0.922385 0.905396 0.891129 0.879391 0.870027 0.862917 0.857973 0.855133 0.854363 0.855654 0.859022 0.864507 0.872178 0.882130 0.894491 0.909426 0.881596 0.844033 0.811415 0.783040 0.758348 0.736887 0.718289 0.702258 0.688549 0.676964 0.667344 0.659561 0.653513 0.649124 0.646341 0.645129 0.645474 0.647379 0.650868 0.655985 0.662791 0.671375 0.681848 0.692630 0.704581 0.718714 0.735233 0.754389 0.776491 0.801916 0.831134 0.864723 0.903409 0.948111 1.000000 0.976159 0.944193 0.916392 0.892269 0.871429 0.853549 0.838368 0.825671 0.815289 0.807084 0.800953 0.796820 0.794633 0.794367 0.796019 0.799607 0.805176 0.812796 0.822562 0.834600 0.849072 0.843463 0.826630 0.812374 0.800497 0.790840 0.783278 0.777715 0.774082 0.772335 0.772452 0.774436 0.778309 0.784120 0.791941 0.801870 0.814038 0.828607 0.845783 0.865815 0.871611 0.843142 0.818382 0.796900 0.778345 0.762428 0.748918 0.737624 0.728394 0.721109 0.715674 0.712024 0.710112 0.709917 0.711435 0.714685 0.719706 0.726562 0.735337 0.742731 0.740012 0.739088 0.739946 0.742597 0.747073 0.753430 0.761746 0.772130 0.784717 0.799679 0.817230 19045.000000 1.124055 0.865119
0.821502 0.834796 0.850610 0.869170 0.890751 0.915693 0.944413 0.961321 0.943992 0.929475 0.917576 0.908137 0.901039 0.896194 0.893542 0.893050 0.894713 0.898551 0.898894 0.884003 0.871663 0.861710 0.854016 0.848484 0.845046 0.843661 0.844310 0.847002 0.851771 0.858673 0.867796 0.862750 0.849616 0.838866 0.830360 0.823990 0.819677 0.817367 0.817034 0.818672 0.822301 0.827966 0.835738 0.823139 0.809830 0.798838 0.790018 0.783257 0.778470 0.775599 0.774608 0.775485 0.778241 0.782910 0.789549 0.798240 0.809096 0.822260 0.837911 0.856272 0.877618 0.902284 0.930684 0.963326 1.000000 0.970224 0.944380 0.922040 0.902858 0.886550 0.872886 0.861681 0.852788 0.846095 0.841518 0.839000 0.832674 0.824719 0.818868 0.815050 0.813218 0.813348 0.815444 0.819529 0.825655 0.833897 0.844361 0.857181 0.872531 0.890625 0.911729 0.936167 0.964339 0.950640 0.922235 0.897578 0.876262 0.857953 0.842381 0.829327 0.818614 0.810100 0.803678 0.799267 0.796814 0.796288 0.797683 0.801016 0.806328 0.813683 0.823176 0.834928 0.849096 0.865875 0.852775 0.836631 0.823032 0.811793 0.802765 0.795832 0.790906 0.787928 0.786860 0.787690 0.790428 0.795108 0.801786 0.810547 4578.500000 1.191391 0.912685
0.876262 0.857953 0.842381 0.829327 0.818614 0.810100 0.803678 0.799267 0.796814 0.796288 0.797683 0.801016 0.806328 0.813683 0.823176 0.834928 0.849096 0.865875 0.852775 0.836631 0.823032 0.811793 0.802765 0.795832 0.790906 0.787928 0.786860 0.787690 0.790428 0.795108 0.801786 0.810547 0.821502 0.834796 0.850610 0.869170 0.890751 0.915693 0.944413 0.961321 0.943992 0.929475 0.917576 0.908137 0.901039 0.896194 0.893542 0.893050 0.894713 0.898551 0.898894 0.884003 0.871663 0.861710 0.854016 0.848484 0.845046 0.843661 0.844310 0.847002 0.851771 0.858673 0.867796 0.862750 0.849616 0.838866 0.830360 0.823990 0.819677 0.817367 0.817034 0.818672 0.822301 0.827966 0.835738 0.823139 0.809830 0.798838 0.790018 0.783257 0.778470 0.775599 0.774608 0.775485 0.778241 0.782910 0.789549 0.798240 0.809096 0.822260 0.837911 0.856272 0.877618 0.902284 0.930684 0.963326 1.000000 0.970224 0.944380 0.922040 0.902858 0.886550 0.872886 0.861681 0.852788 0.846095 0.841518 0.839000 0.832674 0.824719 0.818868 0.815050 0.813218 0.813348 0.815444 0.819529 0.825655 0.833897 0.844361 0.857181 0.872531 0.890625 0.911729 0.936167 0.964339 0.950640 0.922235 0.897578 4578.500000 1.191391 0.912685
1.000000 0.970224 0.944380 0.922040 0.902858 0.886550 0.872886 0.861681 0.852788 0.846095 0.841518 0.839000 0.832674 0.824719 0.818868 0.815050 0.813218 0.813348 0.815444 0.819529 0.825655 0.833897 0.844361 0.857181 0.872531 0.890625 0.911729 0.936167 0.964339 0.950640 0.922235 0.897578 0.876262 0.857953 0.842381 0.829327 0.818614 0.810100 0.803678 0.799267 0.796814 0.796288 0.797683 0.801016 0.806328 0.813683 0.823176 0.834928 0.849096 0.865875 0.852775 0.836631 0.823032 0.811793 0.802765 0.795832 0.790906 0.787928 0.786860 0.787690 0.790428 0.795108 0.801786 0.810547 0.821502 0.834796 0.850610 0.869170 0.890751 0.915693 0.944413 0.961321 0.943992 0.929475 0.917576 0.908137 0.901039 0.896194 0.893542 0.893050 0.894713 0.898551 0.898894 0.884003 0.871663 0.861710 0.854016 0.848484 0.845046 0.843661 0.844310 0.847002 0.851771 0.858673 0.867796 0.862750 0.849616 0.838866 0.830360 0.823990 0.819677 0.817367 0.817034 0.818672 0.822301 0.827966 0.835738 0.823139 0.809830 0.798838 0.790018 0.783257 0.778470 0.775599 0.774608 0.775485 0.778241 0.782910 0.789549 0.798240 0.809096 0.822260 0.837911 0.856272 0.877618 0.902284 0.930684 0.963326 4578.500000 1.191391 0.912685
0.849616 0.838866 0.830360 0.823990 0.819677 0.817367 0.817034 0.818672 0.822301 0.827966 0.835738 0.823139 0.809830 0.798838 0.790018 0.783257 0.778470 0.775599 0.774608 0.775485 0.778241 0.782910 0.789549 0.798240 0.809096 0.822260 0.837911 0.856272 0.877618 0.902284 0.930684 0.963326 1.000000 0.970224 0.944380 0.922040 0.902858 0.886550 0.872886 0.861681 0.852788 0.846095 0.841518 0.839000 0.832674 0.824719 0.818868 0.815050 0.813218 0.813348 0.815444 0.819529 0.825655 0.833897 0.844361 0.857181 0.872531 0.890625 0.911729 0.936167 0.964339 0.950640 0.922235 0.897578 0.876262 0.857953 0.842381 0.829327 0.818614 0.810100 0.803678 0.799267 0.796814 0.796288 0.797683 0.801016 0.806328 0.813683 0.823176 0.834928 0.849096 0.865875 0.852775 0.836631 0.823032 0.811793 0.802765 0.795832 0.790906 0.787928 0.786860 0.787690 0.790428 0.795108 0.801786 0.810547 0.821502 0.834796 0.850610 0.869170 0.890751 0.915693 0.944413 0.961321 0.943992 0.929475 0.917576 0.908137 0.901039 0.896194 0.893542 0.893050 0.894713 0.898551 0.898894 0.884003 0.871663 0.861710 0.854016 0.848484 0.845046 0.843661 0.844310 0.847002 0.851771 0.858673 0.867796 0.862750 4578.500000 1.191391 0.912685
0.763034 0.756215 0.751310 0.748260 0.747026 0.747595 0.749972 0.754188 0.760293 0.768364 0.778504 0.790846 0.805557 0.822846 0.842968 0.866239 0.893043 0.923855 0.959264 1.000000 0.956811 0.911829 0.872895 0.839088 0.809680 0.784089 0.761845 0.742567 0.725947 0.711732 0.699716 0.689733 0.681650 0.675363 0.660985 0.646737 0.634587 0.624361 0.615921 0.609153 0.603971 0.600311 0.598127 0.597394 0.598101 0.600257 0.603889 0.609042 0.615779 0.624188 0.634379 0.646491 0.660698 0.677212 0.696292 0.718259 0.743507 0.764460 0.761679 0.760744 0.761645 0.764391 0.769016 0.775578 0.784157 0.794865 0.807843 0.823268 0.841359 0.862388 0.886685 0.914659 0.946811 0.983762 0.990540 0.949877 0.914537 0.883785 0.857032 0.833800 0.813703 0.796426 0.781711 0.769349 0.759174 0.751049 0.744872 0.740565 0.738076 0.737374 0.738450 0.741318 0.740797 0.720234 0.702428 0.687096 0.674009 0.662978 0.653852 0.646511 0.640859 0.636826 0.634362 0.633438 0.634041 0.636179 0.639879 0.645185 0.649146 0.652172 0.656817 0.663136 0.671212 0.681148 0.693077 0.707165 0.723617 0.742685 0.764677 0.789972 0.819039 0.852459 0.851160 0.829917 0.811616 0.795982 0.782788 0.771854 3494.000000 1.174769 0.842058
0.674009 0.662978 0.653852 0.646511 0.640859 0.636826 0.634362 0.633438 0.634041 0.636179 0.639879 0.645185 0.649146 0.652172 0.656817 0.663136 0.671212 0.681148 0.693077 0.707165 0.723617 0.742685 0.764677 0.789972 0.819039 0.852459 0.851160 0.829917 0.811616 0.795982 0.782788 0.771854 0.763034 0.756215 0.751310 0.748260 0.747026 0.747595 0.749972 0.754188 0.760293 0.768364 0.778504 0.790846 0.805557 0.822846 0.842968 0.866239 0.893043 0.923855 0.959264 1.000000 0.956811 0.911829 0.872895 0.839088 0.809680 0.784089 0.761845 0.742567 0.725947 0.711732 0.699716 0.689733 0.681650 0.675363 0.660985 0.646737 0.634587 0.624361 0.615921 0.609153 0.603971 0.600311 0.598127 0.597394 0.598101 0.600257 0.603889 0.609042 0.615779 0.624188 0.634379 0.646491 0.660698 0.677212 0.696292 0.718259 0.743507 0.764460 0.761679 0.760744 0.761645 0.764391 0.769016 0.775578 0.784157 0.794865 0.807843 0.823268 0.841359 0.862388 0.886685 0.914659 0.946811 0.983762 0.990540 0.949877 0.914537 0.883785 0.857032 0.833800 0.813703 0.796426 0.781711 0.769349 0.759174 0.751049 0.744872 0.740565 0.738076 0.737374 0.738450 0.741318 0.740797 0.720234 0.702428 0.687096 3494.000000 1.174769 0.842058
0.784157 0.794865 0.807843 0.823268 0.841359 0.862388 0.886685 0.914659 0.946811 0.983762 0.990540 0.949877 0.914537 0.883785 0.857032 0.833800 0.813703 0.796426 0.781711 0.769349 0.759174 0.751049 0.744872 0.740565 0.738076 0.737374 0.738450 0.741318 0.740797 0.720234 0.702428 0.687096 0.674009 0.662978 0.653852 0.646511 0.640859 0.636826 0.634362 0.633438 0.634041 0.636179 0.639879 0.645185 0.649146 0.652172 0.656817 0.663136 0.671212 0.681148 0.693077 0.707165 0.723617 0.742685 0.764677 0.789972 0.819039 0.852459 0.851160 0.829917 0.811616 0.795982 0.782788 0.771854 0.763034 0.756215 0.751310 0.748260 0.747026 0.747595 0.749972 0.754188 0.760293 0.768364 0.778504 0.790846 0.805557 0.822846 0.842968 0.866239 0.893043 0.923855 0.959264 1.000000 0.956811 0.911829 0.872895 0.839088 0.809680 0.784089 0.761845 0.742567 0.725947 0.711732 0.699716 0.689733 0.681650 0.675363 0.660985 0.646737 0.634587 0.624361 0.615921 0.609153 0.603971 0.600311 0.598127 0.597394 0.598101 0.600257 0.603889 0.609042 0.615779 0.624188 0.634379 0.646491 0.660698 0.677212 0.696292 0.718259 0.743507 0.764460 0.761679 0.760744 0.761645 0.764391 0.769016 0.775578 3494.000000 1.174769 0.842058
0.681650 0.675363 0.660985 0.646737 0.634587 0.624361 0.615921 0.609153 0.603971 0.600311 0.598127 0.597394 0.598101 0.600257 0.603889 0.609042 0.615779 0.624188 0.634379 0.646491 0.660698 0.677212 0.696292 0.718259 0.743507 0.764460 0.761679 0.760744 0.761645 0.764391 0.769016 0.775578 0.784157 0.794865 0.807843 0.823268 0.841359 0.862388 0.886685 0.914659 0.946811 0.983762 0.990540 0.949877 0.914537 0.883785 0.857032 0.833800 0.813703 0.796426 0.781711 0.769349 0.759174 0.751049 0.744872 0.740565 0.738076 0.737374 0.738450 0.741318 0.740797 0.720234 0.702428 0.687096 0.674009 0.662978 0.653852 0.646511 0.640859 0.636826 0.634362 0.633438 0.634041 0.636179 0.639879 0.645185 0.649146 0.652172 0.656817 0.663136 0.671212 0.681148 0.693077 0.707165 0.723617 0.742685 0.764677 0.789972 0.819039 0.852459 0.851160 0.829917 0.811616 0.795982 0.782788 0.771854 0.763034 0.756215 0.751310 0.748260 0.747026 0.747595 0.749972 0.754188 0.760293 0.768364 0.778504 0.790846 0.805557 0.822846 0.842968 0.866239 0.893043 0.923855 0.959264 1.000000 0.956811 0.911829 0.872895 0.839088 0.809680 0.784089 0.761845 0.742567 0.725947 0.711732 0.699716 0.689733 3494.000000 1.174769 0.842058
0.954257 0.930612 0.910250 0.892865 0.878207 0.866076 0.856310 0.848784 0.843403 0.840101 0.838838 0.839598 0.842391 0.847251 0.854236 0.863436 0.874966 0.888979 0.893624 0.880273 0.869380 0.860801 0.854428 0.850181 0.848010 0.847887 0.849811 0.853805 0.850799 0.819311 0.791911 0.768074 0.747378 0.729480 0.714099 0.701007 0.690019 0.680985 0.673787 0.668333 0.664554 0.662405 0.661859 0.662909 0.665569 0.669871 0.675867 0.683634 0.693270 0.704905 0.717864 0.724786 0.733627 0.744503 0.757558 0.772975 0.790978 0.811841 0.835904 0.863580 0.895383 0.931948 0.974074 1.000000 0.972031 0.947806 0.926937 0.909111 0.894070 0.881608 0.871560 0.863796 0.858218 0.854757 0.853373 0.854046 0.856787 0.861627 0.868627 0.877874 0.889486 0.903615 0.920453 0.902396 0.870544 0.842825 0.818729 0.797841 0.779824 0.764403 0.751356 0.740501 0.731692 0.724816 0.719786 0.716540 0.715037 0.715261 0.717213 0.715882 0.714116 0.714074 0.715756 0.719184 0.724397 0.731462 0.740468 0.751531 0.764800 0.771899 0.763956 0.757983 0.753905 0.751671 0.751255 0.752652 0.755879 0.760974 0.768001 0.777049 0.788234 0.801705 0.817648 0.836295 0.857926 0.882890 0.911612 0.944618 14419.500000 1.118938 0.889236
0.715037 0.715261 0.717213 0.715882 0.714116 0.714074 0.715756 0.719184 0.724397 0.731462 0.740468 0.751531 0.764800 0.771899 0.763956 0.757983 0.753905 0.751671 0.751255 0.752652 0.755879 0.760974 0.768001 0.777049 0.788234 0.801705 0.817648 0.836295 0.857926 0.882890 0.911612 0.944618 0.954257 0.930612 0.910250 0.892865 0.878207 0.866076 0.856310 0.848784 0.843403 0.840101 0.838838 0.839598 0.842391 0.847251 0.854236 0.863436 0.874966 0.888979 0.893624 0.880273 0.869380 0.860801 0.854428 0.850181 0.848010 0.847887 0.849811 0.853805 0.850799 0.819311 0.791911 0.768074 0.747378 0.729480 0.714099 0.701007 0.690019 0.680985 0.673787 0.668333 0.664554 0.662405 0.661859 0.662909 0.665569 0.669871 0.675867 0.683634 0.693270 0.704905 0.717864 0.724786 0.733627 0.744503 0.757558 0.772975 0.790978 0.811841 0.835904 0.863580 0.895383 0.931948 0.974074 1.000000 0.972031 0.947806 0.926937 0.909111 0.894070 0.881608 0.871560 0.863796 0.858218 0.854757 0.853373 0.854046 0.856787 0.861627 0.868627 0.877874 0.889486 0.903615 0.920453 0.902396 0.870544 0.842825 0.818729 0.797841 0.779824 0.764403 0.751356 0.740501 0.731692 0.724816 0.719786 0.716540 14419.500000 1.118938 0.889236
0.972031 0.947806 0.926937 0.909111 0.894070 0.881608 0.871560 0.863796 0.858218 0.854757 0.853373 0.854046 0.856787 0.861627 0.868627 0.877874 0.889486 0.903615 0.920453 0.902396 0.870544 0.842825 0.818729 0.797841 0.779824 0.764403 0.751356 0.740501 0.731692 0.724816 0.719786 0.716540 0.715037 0.715261 0.717213 0.715882 0.714116 0.714074 0.715756 0.719184 0.724397 0.731462 0.740468 0.751531 0.764800 0.771899 0.763956 0.757983 0.753905 0.751671 0.751255 0.752652 0.755879 0.760974 0.768001 0.777049 0.788234 0.801705 0.817648 0.836295 0.857926 0.882890 0.911612 0.944618 0.954257 0.930612 0.910250 0.892865 0.878207 0.866076 0.856310 0.848784 0.843403 0.840101 0.838838 0.839598 0.842391 0.847251 0.854236 0.863436 0.874966 0.888979 0.893624 0.880273 0.869380 0.860801 0.854428 0.850181 0.848010 0.847887 0.849811 0.853805 0.850799 0.819311 0.791911 0.768074 0.747378 0.729480 0.714099 0.701007 0.690019 0.680985 0.673787 0.668333 0.664554 0.662405 0.661859 0.662909 0.665569 0.669871 0.675867 0.683634 0.693270 0.704905 0.717864 0.724786 0.733627 0.744503 0.757558 0.772975 0.790978 0.811841 0.835904 0.863580 0.895383 0.931948 0.974074 1.000000 14419.500000 1.118938 0.889236
0.747378 0.729480 0.714099 0.701007 0.690019 0.680985 0.673787 0.668333 0.664554 0.662405 0.661859 0.662909 0.665569 0.669871 0.675867 0.683634 0.693270 0.704905 0.717864 0.724786 0.733627 0.744503 0.757558 0.772975 0.790978 0.811841 0.835904 0.863580 0.895383 0.931948 0.974074 1.000000 0.972031 0.947806 0.926937 0.909111 0.894070 0.881608 0.871560 0.863796 0.858218 0.854757 0.853373 0.854046 0.856787 0.861627 0.868627 0.877874 0.889486 0.903615 0.920453 0.902396 0.870544 0.842825 0.818729 0.797841 0.779824 0.764403 0.751356 0.740501 0.731692 0.724816 0.719786 0.716540 0.715037 0.715261 0.717213 0.715882 0.714116 0.714074 0.715756 0.719184 0.724397 0.731462 0.740468 0.751531 0.764800 0.771899 0.763956 0.757983 0.753905 0.751671 0.751255 0.752652 0.755879 0.760974 0.768001 0.777049 0.788234 0.801705 0.817648 0.836295 0.857926 0.882890 0.911612 0.944618 0.954257 0.930612 0.910250 0.892865 0.878207 0.866076 0.856310 0.848784 0.843403 0.840101 0.838838 0.839598 0.842391 0.847251 0.854236 0.863436 0.874966 0.888979 0.893624 0.880273 0.869380 0.860801 0.854428 0.850181 0.848010 0.847887 0.849811 0.853805 0.850799 0.819311 0.791911 0.768074 14419.500000 1.118938 0.889236
0.628299 0.623170 0.619604 0.617558 0.617007 0.617944 0.620381 0.624347 0.629892 0.637084 0.646017 0.653878 0.654652 0.657012 0.660988 0.666627 0.674002 0.683206 0.694360 0.707618 0.723168 0.741243 0.762127 0.786172 0.813807 0.845567 0.882118 0.923816 0.913687 0.905936 0.900466 0.897211 0.896130 0.897211 0.900466 0.905936 0.913687 0.923816 0.936454 0.951767 0.969965 0.932280 0.889335 0.852135 0.819817 0.791699 0.767233 0.745977 0.727572 0.711727 0.698204 0.686809 0.677385 0.669809 0.663981 0.659831 0.656478 0.644162 0.633798 0.625244 0.618389 0.613143 0.609441 0.607238 0.606507 0.607238 0.609441 0.613143 0.618389 0.625244 0.633798 0.644162 0.656478 0.670922 0.687711 0.707108 0.729439 0.755106 0.784603 0.818552 0.857730 0.903132 0.956042 1.000000 0.957491 0.920576 0.888463 0.860517 0.836230 0.815185 0.797047 0.781540 0.768441 0.757569 0.748779 0.741958 0.737019 0.733902 0.732568 0.733002 0.735209 0.739215 0.745070 0.752846 0.762644 0.774590 0.788847 0.805616 0.825144 0.847736 0.873764 0.903687 0.938072 0.977625 0.965112 0.912364 0.867063 0.827949 0.794041 0.764571 0.738927 0.716617 0.697246 0.680490 0.666088 0.653825 0.643528 0.635057 1289.500000 1.228252 0.801159
0.737019 0.733902 0.732568 0.733002 0.735209 0.739215 0.745070 0.752846 0.762644 0.774590 0.788847 0.805616 0.825144 0.847736 0.873764 0.903687 0.938072 0.977625 0.965112 0.912364 0.867063 0.827949 0.794041 0.764571 0.738927 0.716617 0.697246 0.680490 0.666088 0.653825 0.643528 0.635057 0.628299 0.623170 0.619604 0.617558 0.617007 0.617944 0.620381 0.624347 0.629892 0.637084 0.646017 0.653878 0.654652 0.657012 0.660988 0.666627 0.674002 0.683206 0.694360 0.707618 0.723168 0.741243 0.762127 0.786172 0.813807 0.845567 0.882118 0.923816 0.913687 0.905936 0.900466 0.897211 0.896130 0.897211 0.900466 0.905936 0.913687 0.923816 0.936454 0.951767 0.969965 0.932280 0.889335 0.852135 0.819817 0.791699 0.767233 0.745977 0.727572 0.711727 0.698204 0.686809 0.677385 0.669809 0.663981 0.659831 0.656478 0.644162 0.633798 0.625244 0.618389 0.613143 0.609441 0.607238 0.606507 0.607238 0.609441 0.613143 0.618389 0.625244 0.633798 0.644162 0.656478 0.670922 0.687711 0.707108 0.729439 0.755106 0.784603 0.818552 0.857730 0.903132 0.956042 1.000000 0.957491 0.920576 0.888463 0.860517 0.836230 0.815185 0.797047 0.781540 0.768441 0.757569 0.748779 0.741958 1289.500000 1.228252 0.801159
0.606507 0.607238 0.609441 0.613143 0.618389 0.625244 0.633798 0.644162 0.656478 0.670922 0.687711 0.707108 0.729439 0.755106 0.784603 0.818552 0.857730 0.903132 0.956042 1.000000 0.957491 0.920576 0.888463 0.860517 0.836230 0.815185 0.797047 0.781540 0.768441 0.757569 0.748779 0.741958 0.737019 0.733902 0.732568 0.733002 0.735209 0.739215 0.745070 0.752846 0.762644 0.774590 0.788847 0.805616 0.825144 0.847736 0.873764 0.903687 0.938072 0.977625 0.965112 0.912364 0.867063 0.827949 0.794041 0.764571 0.738927 0.716617 0.697246 0.680490 0.666088 0.653825 0.643528 0.635057 0.628299 0.623170 0.619604 0.617558 0.617007 0.617944 0.620381 0.624347 0.629892 0.637084 0.646017 0.653878 0.654652 0.657012 0.660988 0.666627 0.674002 0.683206 0.694360 0.707618 0.723168 0.741243 0.762127 0.786172 0.813807 0.845567 0.882118 0.923816 0.913687 0.905936 0.900466 0.897211 0.896130 0.897211 0.900466 0.905936 0.913687 0.923816 0.936454 0.951767 0.969965 0.932280 0.889335 0.852135 0.819817 0.791699 0.767233 0.745977 0.727572 0.711727 0.698204 0.686809 0.677385 0.669809 0.663981 0.659831 0.656478 0.644162 0.633798 0.625244 0.618389 0.613143 0.609441 0.607238 1289.500000 1.228252 0.801159
0.896130 0.897211 0.900466 0.905936 0.913687 0.923816 0.936454 0.951767 0.969965 0.932280 0.889335 0.852135 0.819817 0.791699 0.767233 0.745977 0.727572 0.711727 0.698204 0.686809 0.677385 0.669809 0.663981 0.659831 0.656478 0.644162 0.633798 0.625244 0.618389 0.613143 0.609441 0.607238 0.606507 0.607238 0.609441 0.613143 0.618389 0.625244 0.633798 0.644162 0.656478 0.670922 0.687711 0.707108 0.729439 0.755106 0.784603 0.818552 0.857730 0.903132 0.956042 1.000000 0.957491 0.920576 0.888463 0.860517 0.836230 0.815185 0.797047 0.781540 0.768441 0.757569 0.748779 0.741958 0.737019 0.733902 0.732568 0.733002 0.735209 0.739215 0.745070 0.752846 0.762644 0.774590 0.788847 0.805616 0.825144 0.847736 0.873764 0.903687 0.938072 0.977625 0.965112 0.912364 0.867063 0.827949 0.794041 0.764571 0.738927 0.716617 0.697246 0.680490 0.666088 0.653825 0.643528 0.635057 0.628299 0.623170 0.619604 0.617558 0.617007 0.617944 0.620381 0.624347 0.629892 0.637084 0.646017 0.653878 0.654652 0.657012 0.660988 0.666627 0.674002 0.683206 0.694360 0.707618 0.723168 0.741243 0.762127 0.786172 0.813807 0.845567 0.882118 0.923816 0.913687 0.905936 0.900466 0.897211 1289.500000 1.228252 0.801159
0.824776 0.772308 0.727765 0.689651 0.656833 0.628443 0.603799 0.582365 0.563712 0.547495 0.533434 0.521302 0.510913 0.502116 0.494788 0.488832 0.484170 0.480743 0.478510 0.477441 0.477526 0.478764 0.481170 0.484775 0.489623 0.495775 0.503311 0.512333 0.522968 0.535371 0.549732 0.566288 0.585325 0.585301 0.571159 0.558998 0.548639 0.539934 0.532764 0.527035 0.522674 0.519625 0.517853 0.517335 0.518064 0.520050 0.523317 0.527906 0.533873 0.541295 0.550271 0.560923 0.573405 0.587904 0.604649 0.623923 0.646074 0.671534 0.700840 0.734671 0.773892 0.819624 0.873336 0.936997 1.000000 0.909375 0.835656 0.774720 0.723692 0.680508 0.643651 0.611980 0.584622 0.560899 0.540277 0.522331 0.506720 0.493170 0.481454 0.471392 0.462834 0.455659 0.449770 0.445090 0.441559 0.439134 0.437783 0.437492 0.438256 0.440085 0.443002 0.447041 0.452254 0.458708 0.466489 0.475704 0.486487 0.498999 0.513442 0.530061 0.549158 0.571111 0.567817 0.562073 0.557774 0.554867 0.553316 0.553102 0.554224 0.556693 0.560542 0.565816 0.572583 0.580931 0.590970 0.602840 0.616713 0.632800 0.651359 0.672710 0.697245 0.725451 0.757938 0.795477 0.839055 0.889953 0.949861 0.887186 1158.000000 1.742803 0.679027
0.486487 0.498999 0.513442 0.530061 0.549158 0.571111 0.567817 0.562073 0.557774 0.554867 0.553316 0.553102 0.554224 0.556693 0.560542 0.565816 0.572583 0.580931 0.590970 0.602840 0.616713 0.632800 0.651359 0.672710 0.697245 0.725451 0.757938 0.795477 0.839055 0.889953 0.949861 0.887186 0.824776 0.772308 0.727765 0.689651 0.656833 0.628443 0.603799 0.582365 0.563712 0.547495 0.533434 0.521302 0.510913 0.502116 0.494788 0.488832 0.484170 0.480743 0.478510 0.477441 0.477526 0.478764 0.481170 0.484775 0.489623 0.495775 0.503311 0.512333 0.522968 0.535371 0.549732 0.566288 0.585325 0.585301 0.571159 0.558998 0.548639 0.539934 0.532764 0.527035 0.522674 0.519625 0.517853 0.517335 0.518064 0.520050 0.523317 0.527906 0.533873 0.541295 0.550271 0.560923 0.573405 0.587904 0.604649 0.623923 0.646074 0.671534 0.700840 0.734671 0.773892 0.819624 0.873336 0.936997 1.000000 0.909375 0.835656 0.774720 0.723692 0.680508 0.643651 0.611980 0.584622 0.560899 0.540277 0.522331 0.506720 0.493170 0.481454 0.471392 0.462834 0.455659 0.449770 0.445090 0.441559 0.439134 0.437783 0.437492 0.438256 0.440085 0.443002 0.447041 0.452254 0.458708 0.466489 0.475704 1158.000000 1.742803 0.679027
1.000000 0.909375 0.835656 0.774720 0.723692 0.680508 0.643651 0.611980 0.584622 0.560899 0.540277 0.522331 0.506720 0.493170 0.481454 0.471392 0.462834 0.455659 0.449770 0.445090 0.441559 0.439134 0.437783 0.437492 0.438256 0.440085 0.443002 0.447041 0.452254 0.458708 0.466489 0.475704 0.486487 0.498999 0.513442 0.530061 0.549158 0.571111 0.567817 0.562073 0.557774 0.554867 0.553316 0.553102 0.554224 0.556693 0.560542 0.565816 0.572583 0.580931 0.590970 0.602840 0.616713 0.632800 0.651359 0.672710 0.697245 0.725451 0.757938 0.795477 0.839055 0.889953 0.949861 0.887186 0.824776 0.772308 0.727765 0.689651 0.656833 0.628443 0.603799 0.582365 0.563712 0.547495 0.533434 0.521302 0.510913 0.502116 0.494788 0.488832 0.484170 0.480743 0.478510 0.477441 0.477526 0.478764 0.481170 0.484775 0.489623 0.495775 0.503311 0.512333 0.522968 0.535371 0.549732 0.566288 0.585325 0.585301 0.571159 0.558998 0.548639 0.539934 0.532764 0.527035 0.522674 0.519625 0.517853 0.517335 0.518064 0.520050 0.523317 0.527906 0.533873 0.541295 0.550271 0.560923 0.573405 0.587904 0.604649 0.623923 0.646074 0.671534 0.700840 0.734671 0.773892 0.819624 0.873336 0.936997 1158.000000 1.742803 0.679027
0.585325 0.585301 0.571159 0.558998 0.548639 0.539934 0.532764 0.527035 0.522674 0.519625 0.517853 0.517335 0.518064 0.520050 0.523317 0.527906 0.533873 0.541295 0.550271 0.560923 0.573405 0.587904 0.604649 0.623923 0.646074 0.671534 0.700840 0.734671 0.773892 0.819624 0.873336 0.936997 1.000000 0.909375 0.835656 0.774720 0.723692 0.680508 0.643651 0.611980 0.584622 0.560899 0.540277 0.522331 0.506720 0.493170 0.481454 0.471392 0.462834 0.455659 0.449770 0.445090 0.441559 0.439134 0.437783 0.437492 0.438256 0.440085 0.443002 0.447041 0.452254 0.458708 0.466489 0.475704 0.486487 0.498999 0.513442 0.530061 0.549158 0.571111 0.567817 0.562073 0.557774 0.554867 0.553316 0.553102 0.554224 0.556693 0.560542 0.565816 0.572583 0.580931 0.590970 0.602840 0.616713 0.632800 0.651359 0.672710 0.697245 0.725451 0.757938 0.795477 0.839055 0.889953 0.949861 0.887186 0.824776 0.772308 0.727765 0.689651 0.656833 0.628443 0.603799 0.582365 0.563712 0.547495 0.533434 0.521302 0.510913 0.502116 0.494788 0.488832 0.484170 0.480743 0.478510 0.477441 0.477526 0.478764 0.481170 0.484775 0.489623 0.495775 0.503311 0.512333 0.522968 0.535371 0.549732 0.566288 1158.000000 1.742803 0.679027
0.705099 0.724456 0.727523 0.708379 0.691841 0.677652 0.665605 0.655531 0.647293 0.640784 0.635922 0.632645 0.630914 0.630708 0.632024 0.634878 0.639306 0.645361 0.653120 0.662684 0.674181 0.687770 0.703647 0.722056 0.743293 0.767722 0.795794 0.828068 0.865242 0.908202 0.948104 0.900099 0.858689 0.822817 0.791653 0.764538 0.740945 0.720448 0.702701 0.687425 0.674388 0.663405 0.654326 0.647029 0.641421 0.637432 0.635013 0.634134 0.634784 0.636972 0.640724 0.646086 0.653126 0.661932 0.672622 0.685341 0.700270 0.717631 0.737697 0.760803 0.787362 0.817884 0.853005 0.865390 0.821885 0.784344 0.751815 0.723550 0.698956 0.677558 0.658971 0.642884 0.629044 0.617242 0.607311 0.599115 0.592546 0.587520 0.583973 0.581861 0.581161 0.581861 0.583973 0.587520 0.592546 0.599115 0.607311 0.617242 0.629044 0.642884 0.658971 0.677558 0.698956 0.723550 0.751815 0.784344 0.821885 0.865390 0.916089 0.975594 1.000000 0.943407 0.894916 0.853121 0.816937 0.785512 0.758174 0.734385 0.713710 0.695798 0.680362 0.667168 0.656026 0.646784 0.639316 0.633528 0.629347 0.626720 0.625616 0.626021 0.627941 0.631398 0.636435 0.643115 0.651523 0.661768 0.673992 0.688364 874.000000 1.204023 0.756579
0.821885 0.865390 0.916089 0.975594 1.000000 0.943407 0.894916 0.853121 0.816937 0.785512 0.758174 0.734385 0.713710 0.695798 0.680362 0.667168 0.656026 0.646784 0.639316 0.633528 0.629347 0.626720 0.625616 0.626021 0.627941 0.631398 0.636435 0.643115 0.651523 0.661768 0.673992 0.688364 0.705099 0.724456 0.727523 0.708379 0.691841 0.677652 0.665605 0.655531 0.647293 0.640784 0.635922 0.632645 0.630914 0.630708 0.632024 0.634878 0.639306 0.645361 0.653120 0.662684 0.674181 0.687770 0.703647 0.722056 0.743293 0.767722 0.795794 0.828068 0.865242 0.908202 0.948104 0.900099 0.858689 0.822817 0.791653 0.764538 0.740945 0.720448 0.702701 0.687425 0.674388 0.663405 0.654326 0.647029 0.641421 0.637432 0.635013 0.634134 0.634784 0.636972 0.640724 0.646086 0.653126 0.661932 0.672622 0.685341 0.700270 0.717631 0.737697 0.760803 0.787362 0.817884 0.853005 0.865390 0.821885 0.784344 0.751815 0.723550 0.698956 0.677558 0.658971 0.642884 0.629044 0.617242 0.607311 0.599115 0.592546 0.587520 0.583973 0.581861 0.581161 0.581861 0.583973 0.587520 0.592546 0.599115 0.607311 0.617242 0.629044 0.642884 0.658971 0.677558 0.698956 0.723550 0.751815 0.784344 874.000000 1.204023 0.756579
0.821885 0.784344 0.751815 0.723550 0.698956 0.677558 0.658971 0.642884 0.629044 0.617242 0.607311 0.599115 0.592546 0.587520 0.583973 0.581861 0.581161 0.581861 0.583973 0.587520 0.592546 0.599115 0.607311 0.617242 0.629044 0.642884 0.658971 0.677558 0.698956 0.723550 0.751815 0.784344 0.821885 0.865390 0.916089 0.975594 1.000000 0.943407 0.894916 0.853121 0.816937 0.785512 0.758174 0.734385 0.713710 0.695798 0.680362 0.667168 0.656026 0.646784 0.639316 0.633528 0.629347 0.626720 0.625616 0.626021 0.627941 0.631398 0.636435 0.643115 0.651523 0.661768 0.673992 0.688364 0.705099 0.724456 0.727523 0.708379 0.691841 0.677652 0.665605 0.655531 0.647293 0.640784 0.635922 0.632645 0.630914 0.630708 0.632024 0.634878 0.639306 0.645361 0.653120 0.662684 0.674181 0.687770 0.703647 0.722056 0.743293 0.767722 0.795794 0.828068 0.865242 0.908202 0.948104 0.900099 0.858689 0.822817 0.791653 0.764538 0.740945 0.720448 0.702701 0.687425 0.674388 0.663405 0.654326 0.647029 0.641421 0.637432 0.635013 0.634134 0.634784 0.636972 0.640724 0.646086 0.653126 0.661932 0.672622 0.685341 0.700270 0.717631 0.737697 0.760803 0.787362 0.817884 0.853005 0.865390 874.000000 1.204023 0.756579
0.858689 0.822817 0.791653 0.764538 0.740945 0.720448 0.702701 0.687425 0.674388 0.663405 0.654326 0.647029 0.641421 0.637432 0.635013 0.634134 0.634784 0.636972 0.640724 0.646086 0.653126 0.661932 0.672622 0.685341 0.700270 0.717631 0.737697 0.760803 0.787362 0.817884 0.853005 0.865390 0.821885 0.784344 0.751815 0.723550 0.698956 0.677558 0.658971 0.642884 0.629044 0.617242 0.607311 0.599115 0.592546 0.587520 0.583973 0.581861 0.581161 0.581861 0.583973 0.587520 0.592546 0.599115 0.607311 0.617242 0.629044 0.642884 0.658971 0.677558 0.698956 0.723550 0.751815 0.784344 0.821885 0.865390 0.916089 0.975594 1.000000 0.943407 0.894916 0.853121 0.816937 0.785512 0.758174 0.734385 0.713710 0.695798 0.680362 0.667168 0.656026 0.646784 0.639316 0.633528 0.629347 0.626720 0.625616 0.626021 0.627941 0.631398 0.636435 0.643115 0.651523 0.661768 0.673992 0.688364 0.705099 0.724456 0.727523 0.708379 0.691841 0.677652 0.665605 0.655531 0.647293 0.640784 0.635922 0.632645 0.630914 0.630708 0.632024 0.634878 0.639306 0.645361 0.653120 0.662684 0.674181 0.687770 0.703647 0.722056 0.743293 0.767722 0.795794 0.828068 0.865242 0.908202 0.948104 0.900099 874.000000 1.204023 0.756579
0.511808 0.544415 0.582959 0.629008 0.684746 0.753315 0.839391 0.850238 0.794978 0.748156 0.708154 0.673752 0.644018 0.618224 0.595797 0.576279 0.559304 0.544576 0.531851 0.520934 0.511663 0.503910 0.497569 0.492558 0.488812 0.486285 0.484947 0.484781 0.485784 0.487970 0.491365 0.496010 0.501966 0.509307 0.518134 0.528567 0.540759 0.554895 0.571203 0.589963 0.611520 0.636303 0.664849 0.634531 0.598739 0.568065 0.541622 0.518725 0.498839 0.481539 0.466484 0.453401 0.442068 0.432304 0.423961 0.416920 0.411082 0.406372 0.402727 0.400102 0.398465 0.397796 0.398087 0.399340 0.401572 0.404810 0.409094 0.414479 0.421036 0.428853 0.438041 0.448735 0.461104 0.475352 0.491731 0.510552 0.532205 0.557178 0.586090 0.619743 0.659180 0.705794 0.761475 0.828863 0.911745 1.000000 0.877209 0.782956 0.708533 0.648457 0.599103 0.557979 0.523318 0.493831 0.468559 0.446771 0.427905 0.411519 0.397263 0.384858 0.374078 0.364740 0.356695 0.349823 0.344023 0.339216 0.335338 0.332340 0.330183 0.328841 0.328298 0.328546 0.329590 0.331441 0.334123 0.337669 0.342123 0.347546 0.354009 0.361605 0.370446 0.380670 0.392448 0.405986 0.421543 0.439442 0.460085 0.483986 1753.000000 1.604459 0.556366
0.427905 0.411519 0.397263 0.384858 0.374078 0.364740 0.356695 0.349823 0.344023 0.339216 0.335338 0.332340 0.330183 0.328841 0.328298 0.328546 0.329590 0.331441 0.334123 0.337669 0.342123 0.347546 0.354009 0.361605 0.370446 0.380670 0.392448 0.405986 0.421543 0.439442 0.460085 0.483986 0.511808 0.544415 0.582959 0.629008 0.684746 0.753315 0.839391 0.850238 0.794978 0.748156 0.708154 0.673752 0.644018 0.618224 0.595797 0.576279 0.559304 0.544576 0.531851 0.520934 0.511663 0.503910 0.497569 0.492558 0.488812 0.486285 0.484947 0.484781 0.485784 0.487970 0.491365 0.496010 0.501966 0.509307 0.518134 0.528567 0.540759 0.554895 0.571203 0.589963 0.611520 0.636303 0.664849 0.634531 0.598739 0.568065 0.541622 0.518725 0.498839 0.481539 0.466484 0.453401 0.442068 0.432304 0.423961 0.416920 0.411082 0.406372 0.402727 0.400102 0.398465 0.397796 0.398087 0.399340 0.401572 0.404810 0.409094 0.414479 0.421036 0.428853 0.438041 0.448735 0.461104 0.475352 0.491731 0.510552 0.532205 0.557178 0.586090 0.619743 0.659180 0.705794 0.761475 0.828863 0.911745 1.000000 0.877209 0.782956 0.708533 0.648457 0.599103 0.557979 0.523318 0.493831 0.468559 0.446771 1753.000000 1.604459 0.556366
0.401572 0.404810 0.409094 0.414479 0.421036 0.428853 0.438041 0.448735 0.461104 0.475352 0.491731 0.510552 0.532205 0.557178 0.586090 0.619743 0.659180 0.705794 0.761475 0.828863 0.911745 1.000000 0.877209 0.782956 0.708533 0.648457 0.599103 0.557979 0.523318 0.493831 0.468559 0.446771 0.427905 0.411519 0.397263 0.384858 0.374078 0.364740 0.356695 0.349823 0.344023 0.339216 0.335338 0.332340 0.330183 0.328841 0.328298 0.328546 0.329590 0.331441 0.334123 0.337669 0.342123 0.347546 0.354009 0.361605 0.370446 0.380670 0.392448 0.405986 0.421543 0.439442 0.460085 0.483986 0.511808 0.544415 0.582959 0.629008 0.684746 0.753315 0.839391 0.850238 0.794978 0.748156 0.708154 0.673752 0.644018 0.618224 0.595797 0.576279 0.559304 0.544576 0.531851 0.520934 0.511663 0.503910 0.497569 0.492558 0.488812 0.486285 0.484947 0.484781 0.485784 0.487970 0.491365 0.496010 0.501966 0.509307 0.518134 0.528567 0.540759 0.554895 0.571203 0.589963 0.611520 0.636303 0.664849 0.634531 0.598739 0.568065 0.541622 0.518725 0.498839 0.481539 0.466484 0.453401 0.442068 0.432304 0.423961 0.416920 0.411082 0.406372 0.402727 0.400102 0.398465 0.397796 0.398087 0.399340 1753.000000 1.604459 0.556366
0.501966 0.509307 0.518134 0.528567 0.540759 0.554895 0.571203 0.589963 0.611520 0.636303 0.664849 0.634531 0.598739 0.568065 0.541622 0.518725 0.498839 0.481539 0.466484 0.453401 0.442068 0.432304 0.423961 0.416920 0.411082 0.406372 0.402727 0.400102 0.398465 0.397796 0.398087 0.399340 0.401572 0.404810 0.409094 0.414479 0.421036 0.428853 0.438041 0.448735 0.461104 0.475352 0.491731 0.510552 0.532205 0.557178 0.586090 0.619743 0.659180 0.705794 0.761475 0.828863 0.911745 1.000000 0.877209 0.782956 0.708533 0.648457 0.599103 0.557979 0.523318 0.493831 0.468559 0.446771 0.427905 0.411519 0.397263 0.384858 0.374078 0.364740 0.356695 0.349823 0.344023 0.339216 0.335338 0.332340 0.330183 0.328841 0.328298 0.328546 0.329590 0.331441 0.334123 0.337669 0.342123 0.347546 0.354009 0.361605 0.370446 0.380670 0.392448 0.405986 0.421543 0.439442 0.460085 0.483986 0.511808 0.544415 0.582959 0.629008 0.684746 0.753315 0.839391 0.850238 0.794978 0.748156 0.708154 0.673752 0.644018 0.618224 0.595797 0.576279 0.559304 0.544576 0.531851 0.520934 0.511663 0.503910 0.497569 0.492558 0.488812 0.486285 0.484947 0.484781 0.485784 0.487970 0.491365 0.496010 1753.000000 1.604459 0.556366
0.457504 0.450824 0.445394 0.441143 0.443135 0.450689 0.459632 0.470091 0.482227 0.496233 0.512348 0.530867 0.552154 0.576668 0.604984 0.637841 0.676195 0.721305 0.738195 0.724686 0.713351 0.704034 0.696614 0.690997 0.687111 0.684909 0.684365 0.685472 0.688243 0.692713 0.698935 0.702573 0.703642 0.706419 0.710937 0.717252 0.725444 0.735618 0.747908 0.762485 0.779556 0.799379 0.822269 0.848613 0.878889 0.913687 0.953747 1.000000 0.928104 0.848324 0.782910 0.728492 0.682685 0.643757 0.610420 0.581698 0.556839 0.535254 0.516478 0.500139 0.485936 0.473627 0.466199 0.461879 0.458732 0.456721 0.455821 0.456021 0.457323 0.459743 0.463312 0.468072 0.474086 0.481430 0.490206 0.500535 0.512571 0.526499 0.542549 0.561003 0.582207 0.590398 0.598058 0.607401 0.618555 0.631676 0.646958 0.664639 0.685010 0.708431 0.735343 0.766300 0.801995 0.843308 0.846303 0.828881 0.814084 0.801703 0.791571 0.783556 0.777557 0.773497 0.771329 0.771025 0.772582 0.776018 0.781376 0.788721 0.798147 0.809776 0.823762 0.840300 0.859628 0.877005 0.808509 0.751616 0.703789 0.663185 0.628443 0.598530 0.572652 0.550189 0.530653 0.513651 0.498869 0.486053 0.474994 0.465523 7523.000000 1.292354 0.725130
0.814084 0.801703 0.791571 0.783556 0.777557 0.773497 0.771329 0.771025 0.772582 0.776018 0.781376 0.788721 0.798147 0.809776 0.823762 0.840300 0.859628 0.877005 0.808509 0.751616 0.703789 0.663185 0.628443 0.598530 0.572652 0.550189 0.530653 0.513651 0.498869 0.486053 0.474994 0.465523 0.457504 0.450824 0.445394 0.441143 0.443135 0.450689 0.459632 0.470091 0.482227 0.496233 0.512348 0.530867 0.552154 0.576668 0.604984 0.637841 0.676195 0.721305 0.738195 0.724686 0.713351 0.704034 0.696614 0.690997 0.687111 0.684909 0.684365 0.685472 0.688243 0.692713 0.698935 0.702573 0.703642 0.706419 0.710937 0.717252 0.725444 0.735618 0.747908 0.762485 0.779556 0.799379 0.822269 0.848613 0.878889 0.913687 0.953747 1.000000 0.928104 0.848324 0.782910 0.728492 0.682685 0.643757 0.610420 0.581698 0.556839 0.535254 0.516478 0.500139 0.485936 0.473627 0.466199 0.461879 0.458732 0.456721 0.455821 0.456021 0.457323 0.459743 0.463312 0.468072 0.474086 0.481430 0.490206 0.500535 0.512571 0.526499 0.542549 0.561003 0.582207 0.590398 0.598058 0.607401 0.618555 0.631676 0.646958 0.664639 0.685010 0.708431 0.735343 0.766300 0.801995 0.843308 0.846303 0.828881 7523.000000 1.292354 0.725130
0.458732 0.456721 0.455821 0.456021 0.457323 0.459743 0.463312 0.468072 0.474086 0.481430 0.490206 0.500535 0.512571 0.526499 0.542549 0.561003 0.582207 0.590398 0.598058 0.607401 0.618555 0.631676 0.646958 0.664639 0.685010 0.708431 0.735343 0.766300 0.801995 0.843308 0.846303 0.828881 0.814084 0.801703 0.791571 0.783556 0.777557 0.773497 0.771329 0.771025 0.772582 0.776018 0.781376 0.788721 0.798147 0.809776 0.823762 0.840300 0.859628 0.877005 0.808509 0.751616 0.703789 0.663185 0.628443 0.598530 0.572652 0.550189 0.530653 0.513651 0.498869 0.486053 0.474994 0.465523 0.457504 0.450824 0.445394 0.441143 0.443135 0.450689 0.459632 0.470091 0.482227 0.496233 0.512348 0.530867 0.552154 0.576668 0.604984 0.637841 0.676195 0.721305 0.738195 0.724686 0.713351 0.704034 0.696614 0.690997 0.687111 0.684909 0.684365 0.685472 0.688243 0.692713 0.698935 0.702573 0.703642 0.706419 0.710937 0.717252 0.725444 0.735618 0.747908 0.762485 0.779556 0.799379 0.822269 0.848613 0.878889 0.913687 0.953747 1.000000 0.928104 0.848324 0.782910 0.728492 0.682685 0.643757 0.610420 0.581698 0.556839 0.535254 0.516478 0.500139 0.485936 0.473627 0.466199 0.461879 7523.000000 1.292354 0.725130
0.703642 0.706419 0.710937 0.717252 0.725444 0.735618 0.747908 0.762485 0.779556 0.799379 0.822269 0.848613 0.878889 0.913687 0.953747 1.000000 0.928104 0.848324 0.782910 0.728492 0.682685 0.643757 0.610420 0.581698 0.556839 0.535254 0.516478 0.500139 0.485936 0.473627 0.466199 0.461879 0.458732 0.456721 0.455821 0.456021 0.457323 0.459743 0.463312 0.468072 0.474086 0.481430 0.490206 0.500535 0.512571 0.526499 0.542549 0.561003 0.582207 0.590398 0.598058 0.607401 0.618555 0.631676 0.646958 0.664639 0.685010 0.708431 0.735343 0.766300 0.801995 0.843308 0.846303 0.828881 0.814084 0.801703 0.791571 0.783556 0.777557 0.773497 0.771329 0.771025 0.772582 0.776018 0.781376 0.788721 0.798147 0.809776 0.823762 0.840300 0.859628 0.877005 0.808509 0.751616 0.703789 0.663185 0.628443 0.598530 0.572652 0.550189 0.530653 0.513651 0.498869 0.486053 0.474994 0.465523 0.457504 0.450824 0.445394 0.441143 0.443135 0.450689 0.459632 0.470091 0.482227 0.496233 0.512348 0.530867 0.552154 0.576668 0.604984 0.637841 0.676195 0.721305 0.738195 0.724686 0.713351 0.704034 0.696614 0.690997 0.687111 0.684909 0.684365 0.685472 0.688243 0.692713 0.698935 0.702573 7523.000000 1.292354 0.725130
0.894668 0.868791 0.846350 0.826981 0.810388 0.796328 0.784605 0.775063 0.767577 0.762053 0.758421 0.756638 0.756682 0.758554 0.762276 0.767894 0.775477 0.785122 0.796953 0.811131 0.827853 0.847363 0.869961 0.896016 0.925979 0.960409 1.000000 0.998907 0.957804 0.922084 0.891001 0.863959 0.840475 0.820158 0.802688 0.787805 0.775297 0.764995 0.756762 0.750493 0.746110 0.743558 0.742808 0.743849 0.746694 0.751378 0.757959 0.766520 0.777169 0.790049 0.805335 0.793688 0.779908 0.768418 0.759064 0.751724 0.746306 0.742741 0.740987 0.741022 0.742847 0.746484 0.751976 0.759394 0.768830 0.780406 0.794280 0.810644 0.829738 0.851854 0.877353 0.906678 0.940374 0.979121 0.974387 0.938650 0.907550 0.880499 0.857018 0.836721 0.819290 0.804470 0.792050 0.781864 0.773776 0.767684 0.763512 0.761210 0.760749 0.762123 0.765349 0.770466 0.777538 0.786654 0.797931 0.811520 0.827608 0.846427 0.868262 0.893464 0.922460 0.938892 0.904633 0.874819 0.848888 0.826383 0.806935 0.790240 0.776055 0.764178 0.754449 0.746741 0.740956 0.737022 0.734891 0.734536 0.735954 0.739161 0.744197 0.751124 0.760030 0.771029 0.784268 0.799930 0.818243 0.839483 0.863992 0.892189 738.500000 1.068133 0.847592
0.827608 0.846427 0.868262 0.893464 0.922460 0.938892 0.904633 0.874819 0.848888 0.826383 0.806935 0.790240 0.776055 0.764178 0.754449 0.746741 0.740956 0.737022 0.734891 0.734536 0.735954 0.739161 0.744197 0.751124 0.760030 0.771029 0.784268 0.799930 0.818243 0.839483 0.863992 0.892189 0.894668 0.868791 0.846350 0.826981 0.810388 0.796328 0.784605 0.775063 0.767577 0.762053 0.758421 0.756638 0.756682 0.758554 0.762276 0.767894 0.775477 0.785122 0.796953 0.811131 0.827853 0.847363 0.869961 0.896016 0.925979 0.960409 1.000000 0.998907 0.957804 0.922084 0.891001 0.863959 0.840475 0.820158 0.802688 0.787805 0.775297 0.764995 0.756762 0.750493 0.746110 0.743558 0.742808 0.743849 0.746694 0.751378 0.757959 0.766520 0.777169 0.790049 0.805335 0.793688 0.779908 0.768418 0.759064 0.751724 0.746306 0.742741 0.740987 0.741022 0.742847 0.746484 0.751976 0.759394 0.768830 0.780406 0.794280 0.810644 0.829738 0.851854 0.877353 0.906678 0.940374 0.979121 0.974387 0.938650 0.907550 0.880499 0.857018 0.836721 0.819290 0.804470 0.792050 0.781864 0.773776 0.767684 0.763512 0.761210 0.760749 0.762123 0.765349 0.770466 0.777538 0.786654 0.797931 0.811520 738.500000 1.068133 0.847592
0.768830 0.780406 0.794280 0.810644 0.829738 0.851854 0.877353 0.906678 0.940374 0.979121 0.974387 0.938650 0.907550 0.880499 0.857018 0.836721 0.819290 0.804470 0.792050 0.781864 0.773776 0.767684 0.763512 0.761210 0.760749 0.762123 0.765349 0.770466 0.777538 0.786654 0.797931 0.811520 0.827608 0.846427 0.868262 0.893464 0.922460 0.938892 0.904633 0.874819 0.848888 0.826383 0.806935 0.790240 0.776055 0.764178 0.754449 0.746741 0.740956 0.737022 0.734891 0.734536 0.735954 0.739161 0.744197 0.751124 0.760030 0.771029 0.784268 0.799930 0.818243 0.839483 0.863992 0.892189 0.894668 0.868791 0.846350 0.826981 0.810388 0.796328 0.784605 0.775063 0.767577 0.762053 0.758421 0.756638 0.756682 0.758554 0.762276 0.767894 0.775477 0.785122 0.796953 0.811131 0.827853 0.847363 0.869961 0.896016 0.925979 0.960409 1.000000 0.998907 0.957804 0.922084 0.891001 0.863959 0.840475 0.820158 0.802688 0.787805 0.775297 0.764995 0.756762 0.750493 0.746110 0.743558 0.742808 0.743849 0.746694 0.751378 0.757959 0.766520 0.777169 0.790049 0.805335 0.793688 0.779908 0.768418 0.759064 0.751724 0.746306 0.742741 0.740987 0.741022 0.742847 0.746484 0.751976 0.759394 738.500000 1.068133 0.847592
0.840475 0.820158 0.802688 0.787805 0.775297 0.764995 0.756762 0.750493 0.746110 0.743558 0.742808 0.743849 0.746694 0.751378 0.757959 0.766520 0.777169 0.790049 0.805335 0.793688 0.779908 0.768418 0.759064 0.751724 0.746306 0.742741 0.740987 0.741022 0.742847 0.746484 0.751976 0.759394 0.768830 0.780406 0.794280 0.810644 0.829738 0.851854 0.877353 0.906678 0.940374 0.979121 0.974387 0.938650 0.907550 0.880499 0.857018 0.836721 0.819290 0.804470 0.792050 0.781864 0.773776 0.767684 0.763512 0.761210 0.760749 0.762123 0.765349 0.770466 0.777538 0.786654 0.797931 0.811520 0.827608 0.846427 0.868262 0.893464 0.922460 0.938892 0.904633 0.874819 0.848888 0.826383 0.806935 0.790240 0.776055 0.764178 0.754449 0.746741 0.740956 0.737022 0.734891 0.734536 0.735954 0.739161 0.744197 0.751124 0.760030 0.771029 0.784268 0.799930 0.818243 0.839483 0.863992 0.892189 0.894668 0.868791 0.846350 0.826981 0.810388 0.796328 0.784605 0.775063 0.767577 0.762053 0.758421 0.756638 0.756682 0.758554 0.762276 0.767894 0.775477 0.785122 0.796953 0.811131 0.827853 0.847363 0.869961 0.896016 0.925979 0.960409 1.000000 0.998907 0.957804 0.922084 0.891001 0.863959 738.500000 1.068133 0.847592
0.892912 0.950986 0.970990 0.917561 0.871695 0.832106 0.797795 0.767978 0.742033 0.719460 0.699857 0.682895 0.668307 0.655877 0.645427 0.636815 0.630669 0.639281 0.649719 0.662124 0.676675 0.693587 0.713129 0.735628 0.761486 0.791204 0.825406 0.864875 0.910613 0.963910 0.999369 0.945386 0.898991 0.858909 0.824149 0.793931 0.767635 0.744762 0.724908 0.707746 0.693008 0.680478 0.669978 0.661367 0.654531 0.649383 0.645859 0.643916 0.643530 0.644698 0.647431 0.651765 0.657753 0.665470 0.675016 0.686517 0.700133 0.699263 0.689059 0.680765 0.674273 0.669502 0.666392 0.664905 0.665023 0.666748 0.670100 0.675120 0.681872 0.690440 0.700937 0.713502 0.728314 0.745587 0.765589 0.788646 0.786309 0.784654 0.784892 0.787028 0.791086 0.797116 0.805194 0.815421 0.827932 0.842895 0.860520 0.881066 0.904850 0.932262 0.963782 1.000000 0.950731 0.893146 0.844056 0.801912 0.765533 0.734003 0.706602 0.682759 0.662015 0.644001 0.628415 0.615012 0.603592 0.593994 0.586086 0.579764 0.574947 0.571576 0.569608 0.569019 0.569803 0.572287 0.577201 0.583618 0.591620 0.601314 0.612832 0.626338 0.642035 0.660170 0.681047 0.705042 0.732619 0.764357 0.800987 0.843438 19527.500000 1.275009 0.740891
0.765533 0.734003 0.706602 0.682759 0.662015 0.644001 0.628415 0.615012 0.603592 0.593994 0.586086 0.579764 0.574947 0.571576 0.569608 0.569019 0.569803 0.572287 0.577201 0.583618 0.591620 0.601314 0.612832 0.626338 0.642035 0.660170 0.681047 0.705042 0.732619 0.764357 0.800987 0.843438 0.892912 0.950986 0.970990 0.917561 0.871695 0.832106 0.797795 0.767978 0.742033 0.719460 0.699857 0.682895 0.668307 0.655877 0.645427 0.636815 0.630669 0.639281 0.649719 0.662124 0.676675 0.693587 0.713129 0.735628 0.761486 0.791204 0.825406 0.864875 0.910613 0.963910 0.999369 0.945386 0.898991 0.858909 0.824149 0.793931 0.767635 0.744762 0.724908 0.707746 0.693008 0.680478 0.669978 0.661367 0.654531 0.649383 0.645859 0.643916 0.643530 0.644698 0.647431 0.651765 0.657753 0.665470 0.675016 0.686517 0.700133 0.699263 0.689059 0.680765 0.674273 0.669502 0.666392 0.664905 0.665023 0.666748 0.670100 0.675120 0.681872 0.690440 0.700937 0.713502 0.728314 0.745587 0.765589 0.788646 0.786309 0.784654 0.784892 0.787028 0.791086 0.797116 0.805194 0.815421 0.827932 0.842895 0.860520 0.881066 0.904850 0.932262 0.963782 1.000000 0.950731 0.893146 0.844056 0.801912 19527.500000 1.275009 0.740891
0.665023 0.666748 0.670100 0.675120 0.681872 0.690440 0.700937 0.713502 0.728314 0.745587 0.765589 0.788646 0.786309 0.784654 0.784892 0.787028 0.791086 0.797116 0.805194 0.815421 0.827932 0.842895 0.860520 0.881066 0.904850 0.932262 0.963782 1.000000 0.950731 0.893146 0.844056 0.801912 0.765533 0.734003 0.706602 0.682759 0.662015 0.644001 0.628415 0.615012 0.603592 0.593994 0.586086 0.579764 0.574947 0.571576 0.569608 0.569019 0.569803 0.572287 0.577201 0.583618 0.591620 0.601314 0.612832 0.626338 0.642035 0.660170 0.681047 0.705042 0.732619 0.764357 0.800987 0.843438 0.892912 0.950986 0.970990 0.917561 0.871695 0.832106 0.797795 0.767978 0.742033 0.719460 0.699857 0.682895 0.668307 0.655877 0.645427 0.636815 0.630669 0.639281 0.649719 0.662124 0.676675 0.693587 0.713129 0.735628 0.761486 0.791204 0.825406 0.864875 0.910613 0.963910 0.999369 0.945386 0.898991 0.858909 0.824149 0.793931 0.767635 0.744762 0.724908 0.707746 0.693008 0.680478 0.669978 0.661367 0.654531 0.649383 0.645859 0.643916 0.643530 0.644698 0.647431 0.651765 0.657753 0.665470 0.675016 0.686517 0.700133 0.699263 0.689059 0.680765 0.674273 0.669502 0.666392 0.664905 19527.500000 1.275009 0.740891
0.898991 0.858909 0.824149 0.793931 0.767635 0.744762 0.724908 0.707746 0.693008 0.680478 0.669978 0.661367 0.654531 0.649383 0.645859 0.643916 0.643530 0.644698 0.647431 0.651765 0.657753 0.665470 0.675016 0.686517 0.700133 0.699263 0.689059 0.680765 0.674273 0.669502 0.666392 0.664905 0.665023 0.666748 0.670100 0.675120 0.681872 0.690440 0.700937 0.713502 0.728314 0.745587 0.765589 0.788646 0.786309 0.784654 0.784892 0.787028 0.791086 0.797116 0.805194 0.815421 0.827932 0.842895 0.860520 0.881066 0.904850 0.932262 0.963782 1.000000 0.950731 0.893146 0.844056 0.801912 0.765533 0.734003 0.706602 0.682759 0.662015 0.644001 0.628415 0.615012 0.603592 0.593994 0.586086 0.579764 0.574947 0.571576 0.569608 0.569019 0.569803 0.572287 0.577201 0.583618 0.591620 0.601314 0.612832 0.626338 0.642035 0.660170 0.681047 0.705042 0.732619 0.764357 0.800987 0.843438 0.892912 0.950986 0.970990 0.917561 0.871695 0.832106 0.797795 0.767978 0.742033 0.719460 0.699857 0.682895 0.668307 0.655877 0.645427 0.636815 0.630669 0.639281 0.649719 0.662124 0.676675 0.693587 0.713129 0.735628 0.761486 0.791204 0.825406 0.864875 0.910613 0.963910 0.999369 0.945386 19527.500000 1.275009 0.740891
0.790757 0.785744 0.766068 0.749115 0.734626 0.722395 0.712253 0.704063 0.697722 0.693149 0.690288 0.689103 0.689581 0.691727 0.695567 0.701149 0.708542 0.717841 0.729166 0.742673 0.758551 0.777036 0.798416 0.823044 0.851357 0.883892 0.921320 0.878690 0.836529 0.800068 0.768427 0.740910 0.716964 0.696141 0.678081 0.662490 0.649129 0.637802 0.628352 0.620650 0.614598 0.610119 0.607156 0.605674 0.605655 0.607098 0.610022 0.614461 0.620471 0.628127 0.637531 0.648806 0.659094 0.648979 0.640689 0.634117 0.629179 0.625813 0.623978 0.623652 0.624830 0.627528 0.631778 0.637632 0.645165 0.654473 0.665681 0.678944 0.694452 0.712443 0.733203 0.757089 0.784537 0.816090 0.852426 0.894405 0.943122 1.000000 0.950574 0.901403 0.859036 0.822365 0.790523 0.762825 0.738721 0.717770 0.699613 0.683960 0.670571 0.659255 0.649854 0.642242 0.636322 0.632019 0.629279 0.628070 0.628376 0.630202 0.633568 0.638518 0.645112 0.653434 0.663593 0.675726 0.690005 0.706639 0.725887 0.711167 0.696653 0.684335 0.674041 0.665632 0.658997 0.654054 0.650741 0.649017 0.648860 0.650270 0.653264 0.657877 0.664167 0.672214 0.682122 0.694023 0.708083 0.724506 0.743542 0.765500 4016.000000 1.197018 0.813136
0.628376 0.630202 0.633568 0.638518 0.645112 0.653434 0.663593 0.675726 0.690005 0.706639 0.725887 0.711167 0.696653 0.684335 0.674041 0.665632 0.658997 0.654054 0.650741 0.649017 0.648860 0.650270 0.653264 0.657877 0.664167 0.672214 0.682122 0.694023 0.708083 0.724506 0.743542 0.765500 0.790757 0.785744 0.766068 0.749115 0.734626 0.722395 0.712253 0.704063 0.697722 0.693149 0.690288 0.689103 0.689581 0.691727 0.695567 0.701149 0.708542 0.717841 0.729166 0.742673 0.758551 0.777036 0.798416 0.823044 0.851357 0.883892 0.921320 0.878690 0.836529 0.800068 0.768427 0.740910 0.716964 0.696141 0.678081 0.662490 0.649129 0.637802 0.628352 0.620650 0.614598 0.610119 0.607156 0.605674 0.605655 0.607098 0.610022 0.614461 0.620471 0.628127 0.637531 0.648806 0.659094 0.648979 0.640689 0.634117 0.629179 0.625813 0.623978 0.623652 0.624830 0.627528 0.631778 0.637632 0.645165 0.654473 0.665681 0.678944 0.694452 0.712443 0.733203 0.757089 0.784537 0.816090 0.852426 0.894405 0.943122 1.000000 0.950574 0.901403 0.859036 0.822365 0.790523 0.762825 0.738721 0.717770 0.699613 0.683960 0.670571 0.659255 0.649854 0.642242 0.636322 0.632019 0.629279 0.628070 4016.000000 1.197018 0.813136
0.645165 0.654473 0.665681 0.678944 0.694452 0.712443 0.733203 0.757089 0.784537 0.816090 0.852426 0.894405 0.943122 1.000000 0.950574 0.901403 0.859036 0.822365 0.790523 0.762825 0.738721 0.717770 0.699613 0.683960 0.670571 0.659255 0.649854 0.642242 0.636322 0.632019 0.629279 0.628070 0.628376 0.630202 0.633568 0.638518 0.645112 0.653434 0.663593 0.675726 0.690005 0.706639 0.725887 0.711167 0.696653 0.684335 0.674041 0.665632 0.658997 0.654054 0.650741 0.649017 0.648860 0.650270 0.653264 0.657877 0.664167 0.672214 0.682122 0.694023 0.708083 0.724506 0.743542 0.765500 0.790757 0.785744 0.766068 0.749115 0.734626 0.722395 0.712253 0.704063 0.697722 0.693149 0.690288 0.689103 0.689581 0.691727 0.695567 0.701149 0.708542 0.717841 0.729166 0.742673 0.758551 0.777036 0.798416 0.823044 0.851357 0.883892 0.921320 0.878690 0.836529 0.800068 0.768427 0.740910 0.716964 0.696141 0.678081 0.662490 0.649129 0.637802 0.628352 0.620650 0.614598 0.610119 0.607156 0.605674 0.605655 0.607098 0.610022 0.614461 0.620471 0.628127 0.637531 0.648806 0.659094 0.648979 0.640689 0.634117 0.629179 0.625813 0.623978 0.623652 0.624830 0.627528 0.631778 0.637632 4016.000000 1.197018 0.813136
0.716964 0.696141 0.678081 0.662490 0.649129 0.637802 0.628352 0.620650 0.614598 0.610119 0.607156 0.605674 0.605655 0.607098 0.610022 0.614461 0.620471 0.628127 0.637531 0.648806 0.659094 0.648979 0.640689 0.634117 0.629179 0.625813 0.623978 0.623652 0.624830 0.627528 0.631778 0.637632 0.645165 0.654473 0.665681 0.678944 0.694452 0.712443 0.733203 0.757089 0.784537 0.816090 0.852426 0.894405 0.943122 1.000000 0.950574 0.901403 0.859036 0.822365 0.790523 0.762825 0.738721 0.717770 0.699613 0.683960 0.670571 0.659255 0.649854 0.642242 0.636322 0.632019 0.629279 0.628070 0.628376 0.630202 0.633568 0.638518 0.645112 0.653434 0.663593 0.675726 0.690005 0.706639 0.725887 0.711167 0.696653 0.684335 0.674041 0.665632 0.658997 0.654054 0.650741 0.649017 0.648860 0.650270 0.653264 0.657877 0.664167 0.672214 0.682122 0.694023 0.708083 0.724506 0.743542 0.765500 0.790757 0.785744 0.766068 0.749115 0.734626 0.722395 0.712253 0.704063 0.697722 0.693149 0.690288 0.689103 0.689581 0.691727 0.695567 0.701149 0.708542 0.717841 0.729166 0.742673 0.758551 0.777036 0.798416 0.823044 0.851357 0.883892 0.921320 0.878690 0.836529 0.800068 0.768427 0.740910 4016.000000 1.197018 0.813136
0.867942 0.892193 0.920119 0.952217 0.957674 0.913841 0.875862 0.842864 0.814152 0.789170 0.767470 0.748686 0.732523 0.718737 0.707133 0.697552 0.689866 0.683978 0.680052 0.679998 0.681585 0.684833 0.689782 0.696494 0.705052 0.715569 0.728185 0.743076 0.760459 0.774593 0.747064 0.723106 0.702277 0.684217 0.668632 0.655285 0.643982 0.634564 0.626907 0.620910 0.616498 0.613616 0.612229 0.612320 0.613891 0.616959 0.621563 0.627760 0.632875 0.631813 0.632275 0.634266 0.637811 0.642954 0.649759 0.658312 0.668726 0.681141 0.695735 0.712722 0.732367 0.754997 0.781012 0.810906 0.845298 0.884962 0.930885 0.984336 1.000000 0.962030 0.928994 0.900248 0.875273 0.853648 0.835028 0.819135 0.805740 0.794660 0.785748 0.778889 0.773997 0.771012 0.769898 0.770640 0.758780 0.730684 0.706236 0.684967 0.666500 0.650530 0.636805 0.625121 0.615315 0.607252 0.600826 0.591541 0.583572 0.577186 0.572303 0.568861 0.566818 0.566148 0.566843 0.568913 0.572381 0.577292 0.583706 0.591705 0.601396 0.612910 0.626413 0.642105 0.660236 0.681109 0.705098 0.732669 0.764400 0.768158 0.767083 0.767858 0.770493 0.775019 0.781493 0.789995 0.800634 0.813550 0.828920 0.846961 1358.500000 1.311388 0.830386
0.583572 0.577186 0.572303 0.568861 0.566818 0.566148 0.566843 0.568913 0.572381 0.577292 0.583706 0.591705 0.601396 0.612910 0.626413 0.642105 0.660236 0.681109 0.705098 0.732669 0.764400 0.768158 0.767083 0.767858 0.770493 0.775019 0.781493 0.789995 0.800634 0.813550 0.828920 0.846961 0.867942 0.892193 0.920119 0.952217 0.957674 0.913841 0.875862 0.842864 0.814152 0.789170 0.767470 0.748686 0.732523 0.718737 0.707133 0.697552 0.689866 0.683978 0.680052 0.679998 0.681585 0.684833 0.689782 0.696494 0.705052 0.715569 0.728185 0.743076 0.760459 0.774593 0.747064 0.723106 0.702277 0.684217 0.668632 0.655285 0.643982 0.634564 0.626907 0.620910 0.616498 0.613616 0.612229 0.612320 0.613891 0.616959 0.621563 0.627760 0.632875 0.631813 0.632275 0.634266 0.637811 0.642954 0.649759 0.658312 0.668726 0.681141 0.695735 0.712722 0.732367 0.754997 0.781012 0.810906 0.845298 0.884962 0.930885 0.984336 1.000000 0.962030 0.928994 0.900248 0.875273 0.853648 0.835028 0.819135 0.805740 0.794660 0.785748 0.778889 0.773997 0.771012 0.769898 0.770640 0.758780 0.730684 0.706236 0.684967 0.666500 0.650530 0.636805 0.625121 0.615315 0.607252 0.600826 0.591541 1358.500000 1.311388 0.830386
0.845298 0.884962 0.930885 0.984336 1.000000 0.962030 0.928994 0.900248 0.875273 0.853648 0.835028 0.819135 0.805740 0.794660 0.785748 0.778889 0.773997 0.771012 0.769898 0.770640 0.758780 0.730684 0.706236 0.684967 0.666500 0.650530 0.636805 0.625121 0.615315 0.607252 0.600826 0.591541 0.583572 0.577186 0.572303 0.568861 0.566818 0.566148 0.566843 0.568913 0.572381 0.577292 0.583706 0.591705 0.601396 0.612910 0.626413 0.642105 0.660236 0.681109 0.705098 0.732669 0.764400 0.768158 0.767083 0.767858 0.770493 0.775019 0.781493 0.789995 0.800634 0.813550 0.828920 0.846961 0.867942 0.892193 0.920119 0.952217 0.957674 0.913841 0.875862 0.842864 0.814152 0.789170 0.767470 0.748686 0.732523 0.718737 0.707133 0.697552 0.689866 0.683978 0.680052 0.679998 0.681585 0.684833 0.689782 0.696494 0.705052 0.715569 0.728185 0.743076 0.760459 0.774593 0.747064 0.723106 0.702277 0.684217 0.668632 0.655285 0.643982 0.634564 0.626907 0.620910 0.616498 0.613616 0.612229 0.612320 0.613891 0.616959 0.621563 0.627760 0.632875 0.631813 0.632275 0.634266 0.637811 0.642954 0.649759 0.658312 0.668726 0.681141 0.695735 0.712722 0.732367 0.754997 0.781012 0.810906 1358.500000 1.311388 0.830386
0.702277 0.684217 0.668632 0.655285 0.643982 0.634564 0.626907 0.620910 0.616498 0.613616 0.612229 0.612320 0.613891 0.616959 0.621563 0.627760 0.632875 0.631813 0.632275 0.634266 0.637811 0.642954 0.649759 0.658312 0.668726 0.681141 0.695735 0.712722 0.732367 0.754997 0.781012 0.810906 0.845298 0.884962 0.930885 0.984336 1.000000 0.962030 0.928994 0.900248 0.875273 0.853648 0.835028 0.819135 0.805740 0.794660 0.785748 0.778889 0.773997 0.771012 0.769898 0.770640 0.758780 0.730684 0.706236 0.684967 0.666500 0.650530 0.636805 0.625121 0.615315 0.607252 0.600826 0.591541 0.583572 0.577186 0.572303 0.568861 0.566818 0.566148 0.566843 0.568913 0.572381 0.577292 0.583706 0.591705 0.601396 0.612910 0.626413 0.642105 0.660236 0.681109 0.705098 0.732669 0.764400 0.768158 0.767083 0.767858 0.770493 0.775019 0.781493 0.789995 0.800634 0.813550 0.828920 0.846961 0.867942 0.892193 0.920119 0.952217 0.957674 0.913841 0.875862 0.842864 0.814152 0.789170 0.767470 0.748686 0.732523 0.718737 0.707133 0.697552 0.689866 0.683978 0.680052 0.679998 0.681585 0.684833 0.689782 0.696494 0.705052 0.715569 0.728185 0.743076 0.760459 0.774593 0.747064 0.723106 1358.500000 1.311388 0.830386
0.945754 0.918530 0.894926 0.874558 0.857116 0.842346 0.830042 0.820039 0.812208 0.806449 0.802692 0.800890 0.801021 0.803088 0.807114 0.813150 0.821271 0.794167 0.759684 0.729756 0.703728 0.681077 0.661382 0.644302 0.629561 0.616933 0.606233 0.597312 0.590051 0.584355 0.580152 0.577390 0.576036 0.576073 0.577500 0.580337 0.584617 0.590393 0.597739 0.606751 0.602604 0.598952 0.596773 0.596041 0.596746 0.598898 0.602522 0.607663 0.614385 0.622775 0.632942 0.645028 0.659202 0.669992 0.669286 0.670194 0.672728 0.676917 0.682815 0.690494 0.700054 0.711620 0.725352 0.741445 0.760142 0.781738 0.806597 0.835167 0.868003 0.905798 0.949426 1.000000 0.982572 0.940760 0.904452 0.872867 0.845381 0.821492 0.800792 0.782950 0.767694 0.754806 0.744106 0.735452 0.728732 0.723862 0.720782 0.711125 0.679556 0.652176 0.628372 0.607656 0.589638 0.574001 0.560487 0.548887 0.539029 0.530775 0.524014 0.518656 0.514635 0.511898 0.510414 0.510164 0.511145 0.513369 0.516863 0.521670 0.527851 0.535486 0.544676 0.555549 0.568262 0.582458 0.591196 0.601671 0.614031 0.628454 0.645163 0.664430 0.686587 0.712048 0.741325 0.775059 0.814065 0.859385 0.912376 0.974834 4707.000000 1.438537 0.815677
0.539029 0.530775 0.524014 0.518656 0.514635 0.511898 0.510414 0.510164 0.511145 0.513369 0.516863 0.521670 0.527851 0.535486 0.544676 0.555549 0.568262 0.582458 0.591196 0.601671 0.614031 0.628454 0.645163 0.664430 0.686587 0.712048 0.741325 0.775059 0.814065 0.859385 0.912376 0.974834 0.945754 0.918530 0.894926 0.874558 0.857116 0.842346 0.830042 0.820039 0.812208 0.806449 0.802692 0.800890 0.801021 0.803088 0.807114 0.813150 0.821271 0.794167 0.759684 0.729756 0.703728 0.681077 0.661382 0.644302 0.629561 0.616933 0.606233 0.597312 0.590051 0.584355 0.580152 0.577390 0.576036 0.576073 0.577500 0.580337 0.584617 0.590393 0.597739 0.606751 0.602604 0.598952 0.596773 0.596041 0.596746 0.598898 0.602522 0.607663 0.614385 0.622775 0.632942 0.645028 0.659202 0.669992 0.669286 0.670194 0.672728 0.676917 0.682815 0.690494 0.700054 0.711620 0.725352 0.741445 0.760142 0.781738 0.806597 0.835167 0.868003 0.905798 0.949426 1.000000 0.982572 0.940760 0.904452 0.872867 0.845381 0.821492 0.800792 0.782950 0.767694 0.754806 0.744106 0.735452 0.728732 0.723862 0.720782 0.711125 0.679556 0.652176 0.628372 0.607656 0.589638 0.574001 0.560487 0.548887 4707.000000 1.438537 0.815677
0.760142 0.781738 0.806597 0.835167 0.868003 0.905798 0.949426 1.000000 0.982572 0.940760 0.904452 0.872867 0.845381 0.821492 0.800792 0.782950 0.767694 0.754806 0.744106 0.735452 0.728732 0.723862 0.720782 0.711125 0.679556 0.652176 0.628372 0.607656 0.589638 0.574001 0.560487 0.548887 0.539029 0.530775 0.524014 0.518656 0.514635 0.511898 0.510414 0.510164 0.511145 0.513369 0.516863 0.521670 0.527851 0.535486 0.544676 0.555549 0.568262 0.582458 0.591196 0.601671 0.614031 0.628454 0.645163 0.664430 0.686587 0.712048 0.741325 0.775059 0.814065 0.859385 0.912376 0.974834 0.945754 0.918530 0.894926 0.874558 0.857116 0.842346 0.830042 0.820039 0.812208 0.806449 0.802692 0.800890 0.801021 0.803088 0.807114 0.813150 0.821271 0.794167 0.759684 0.729756 0.703728 0.681077 0.661382 0.644302 0.629561 0.616933 0.606233 0.597312 0.590051 0.584355 0.580152 0.577390 0.576036 0.576073 0.577500 0.580337 0.584617 0.590393 0.597739 0.606751 0.602604 0.598952 0.596773 0.596041 0.596746 0.598898 0.602522 0.607663 0.614385 0.622775 0.632942 0.645028 0.659202 0.669992 0.669286 0.670194 0.672728 0.676917 0.682815 0.690494 0.700054 0.711620 0.725352 0.741445 4707.000000 1.438537 0.815677
0.576036 0.576073 0.577500 0.580337 0.584617 0.590393 0.597739 0.606751 0.602604 0.598952 0.596773 0.596041 0.596746 0.598898 0.602522 0.607663 0.614385 0.622775 0.632942 0.645028 0.659202 0.669992 0.669286 0.670194 0.672728 0.676917 0.682815 0.690494 0.700054 0.711620 0.725352 0.741445 0.760142 0.781738 0.806597 0.835167 0.868003 0.905798 0.949426 1.000000 0.982572 0.940760 0.904452 0.872867 0.845381 0.821492 0.800792 0.782950 0.767694 0.754806 0.744106 0.735452 0.728732 0.723862 0.720782 0.711125 0.679556 0.652176 0.628372 0.607656 0.589638 0.574001 0.560487 0.548887 0.539029 0.530775 0.524014 0.518656 0.514635 0.511898 0.510414 0.510164 0.511145 0.513369 0.516863 0.521670 0.527851 0.535486 0.544676 0.555549 0.568262 0.582458 0.591196 0.601671 0.614031 0.628454 0.645163 0.664430 0.686587 0.712048 0.741325 0.775059 0.814065 0.859385 0.912376 0.974834 0.945754 0.918530 0.894926 0.874558 0.857116 0.842346 0.830042 0.820039 0.812208 0.806449 0.802692 0.800890 0.801021 0.803088 0.807114 0.813150 0.821271 0.794167 0.759684 0.729756 0.703728 0.681077 0.661382 0.644302 0.629561 0.616933 0.606233 0.597312 0.590051 0.584355 0.580152 0.577390 4707.000000 1.438537 0.815677
0.729470 0.772072 0.822062 0.782163 0.737430 0.699130 0.666137 0.637585 0.612795 0.591232 0.572467 0.556155 0.542017 0.529824 0.519392 0.510569 0.503232 0.497285 0.492649 0.489267 0.487097 0.486111 0.486299 0.487662 0.490217 0.493995 0.499044 0.505427 0.513228 0.522552 0.533530 0.546323 0.561131 0.578195 0.597815 0.620360 0.646291 0.676183 0.710771 0.750994 0.798081 0.853661 0.919945 1.000000 0.905101 0.827221 0.763375 0.710266 0.665566 0.627581 0.595054 0.567031 0.542778 0.521719 0.503401 0.487461 0.473604 0.461595 0.451240 0.442382 0.434893 0.428668 0.423625 0.419699 0.416840 0.415013 0.414195 0.414376 0.415560 0.417759 0.421001 0.425327 0.430791 0.437465 0.445439 0.454826 0.465762 0.478419 0.493003 0.509771 0.529039 0.551201 0.576752 0.606318 0.640706 0.680968 0.728502 0.785205 0.853709 0.937784 0.956871 0.885221 0.825404 0.774908 0.731896 0.694993 0.663155 0.635569 0.611602 0.590748 0.572603 0.556841 0.543197 0.531456 0.521441 0.513009 0.506046 0.500458 0.496175 0.493143 0.491323 0.490695 0.491251 0.492997 0.495954 0.500159 0.505665 0.512541 0.520880 0.530794 0.542425 0.555947 0.571572 0.589562 0.610239 0.634002 0.661349 0.692906 1700.000000 1.264608 0.592059
0.663155 0.635569 0.611602 0.590748 0.572603 0.556841 0.543197 0.531456 0.521441 0.513009 0.506046 0.500458 0.496175 0.493143 0.491323 0.490695 0.491251 0.492997 0.495954 0.500159 0.505665 0.512541 0.520880 0.530794 0.542425 0.555947 0.571572 0.589562 0.610239 0.634002 0.661349 0.692906 0.729470 0.772072 0.822062 0.782163 0.737430 0.699130 0.666137 0.637585 0.612795 0.591232 0.572467 0.556155 0.542017 0.529824 0.519392 0.510569 0.503232 0.497285 0.492649 0.489267 0.487097 0.486111 0.486299 0.487662 0.490217 0.493995 0.499044 0.505427 0.513228 0.522552 0.533530 0.546323 0.561131 0.578195 0.597815 0.620360 0.646291 0.676183 0.710771 0.750994 0.798081 0.853661 0.919945 1.000000 0.905101 0.827221 0.763375 0.710266 0.665566 0.627581 0.595054 0.567031 0.542778 0.521719 0.503401 0.487461 0.473604 0.461595 0.451240 0.442382 0.434893 0.428668 0.423625 0.419699 0.416840 0.415013 0.414195 0.414376 0.415560 0.417759 0.421001 0.425327 0.430791 0.437465 0.445439 0.454826 0.465762 0.478419 0.493003 0.509771 0.529039 0.551201 0.576752 0.606318 0.640706 0.680968 0.728502 0.785205 0.853709 0.937784 0.956871 0.885221 0.825404 0.774908 0.731896 0.694993 1700.000000 1.264608 0.592059
0.416840 0.415013 0.414195 0.414376 0.415560 0.417759 0.421001 0.425327 0.430791 0.437465 0.445439 0.454826 0.465762 0.478419 0.493003 0.509771 0.529039 0.551201 0.576752 0.606318 0.640706 0.680968 0.728502 0.785205 0.853709 0.937784 0.956871 0.885221 0.825404 0.774908 0.731896 0.694993 0.663155 0.635569 0.611602 0.590748 0.572603 0.556841 0.543197 0.531456 0.521441 0.513009 0.506046 0.500458 0.496175 0.493143 0.491323 0.490695 0.491251 0.492997 0.495954 0.500159 0.505665 0.512541 0.520880 0.530794 0.542425 0.555947 0.571572 0.589562 0.610239 0.634002 0.661349 0.692906 0.729470 0.772072 0.822062 0.782163 0.737430 0.699130 0.666137 0.637585 0.612795 0.591232 0.572467 0.556155 0.542017 0.529824 0.519392 0.510569 0.503232 0.497285 0.492649 0.489267 0.487097 0.486111 0.486299 0.487662 0.490217 0.493995 0.499044 0.505427 0.513228 0.522552 0.533530 0.546323 0.561131 0.578195 0.597815 0.620360 0.646291 0.676183 0.710771 0.750994 0.798081 0.853661 0.919945 1.000000 0.905101 0.827221 0.763375 0.710266 0.665566 0.627581 0.595054 0.567031 0.542778 0.521719 0.503401 0.487461 0.473604 0.461595 0.451240 0.442382 0.434893 0.428668 0.423625 0.419699 1700.000000 1.264608 0.592059
0.561131 0.578195 0.597815 0.620360 0.646291 0.676183 0.710771 0.750994 0.798081 0.853661 0.919945 1.000000 0.905101 0.827221 0.763375 0.710266 0.665566 0.627581 0.595054 0.567031 0.542778 0.521719 0.503401 0.487461 0.473604 0.461595 0.451240 0.442382 0.434893 0.428668 0.423625 0.419699 0.416840 0.415013 0.414195 0.414376 0.415560 0.417759 0.421001 0.425327 0.430791 0.437465 0.445439 0.454826 0.465762 0.478419 0.493003 0.509771 0.529039 0.551201 0.576752 0.606318 0.640706 0.680968 0.728502 0.785205 0.853709 0.937784 0.956871 0.885221 0.825404 0.774908 0.731896 0.694993 0.663155 0.635569 0.611602 0.590748 0.572603 0.556841 0.543197 0.531456 0.521441 0.513009 0.506046 0.500458 0.496175 0.493143 0.491323 0.490695 0.491251 0.492997 0.495954 0.500159 0.505665 0.512541 0.520880 0.530794 0.542425 0.555947 0.571572 0.589562 0.610239 0.634002 0.661349 0.692906 0.729470 0.772072 0.822062 0.782163 0.737430 0.699130 0.666137 0.637585 0.612795 0.591232 0.572467 0.556155 0.542017 0.529824 0.519392 0.510569 0.503232 0.497285 0.492649 0.489267 0.487097 0.486111 0.486299 0.487662 0.490217 0.493995 0.499044 0.505427 0.513228 0.522552 0.533530 0.546323 1700.000000 1.264608 0.592059
0.985265 0.882061 0.800172 0.733814 0.679130 0.633451 0.594873 0.562000 0.533788 0.509442 0.488345 0.470013 0.454063 0.440184 0.428130 0.417698 0.408723 0.401072 0.394636 0.389325 0.385071 0.381819 0.379528 0.378170 0.377729 0.378198 0.379585 0.381904 0.385187 0.389472 0.394816 0.401288 0.408978 0.417995 0.428474 0.440581 0.454519 0.470538 0.488948 0.510137 0.534591 0.562932 0.595963 0.634736 0.680659 0.735656 0.786606 0.747035 0.712890 0.683304 0.657596 0.635228 0.615766 0.598861 0.584230 0.571640 0.560905 0.551870 0.544412 0.538433 0.533856 0.530624 0.528697 0.528051 0.528679 0.530588 0.533802 0.538359 0.544318 0.551754 0.560766 0.571477 0.584039 0.598640 0.615511 0.634935 0.657259 0.682916 0.712443 0.746519 0.786007 0.774339 0.711567 0.659680 0.616229 0.579457 0.548074 0.521106 0.497810 0.477609 0.460050 0.444768 0.431476 0.419937 0.409962 0.401393 0.394106 0.387997 0.382982 0.378997 0.375991 0.373925 0.372776 0.372528 0.373179 0.374736 0.377219 0.380658 0.385097 0.390593 0.397218 0.405065 0.414247 0.424901 0.437199 0.451350 0.467612 0.486305 0.507829 0.532689 0.561531 0.595191 0.634770 0.681748 0.738155 0.806857 0.892030 1.000000 1108.500000 1.520449 0.567853
0.394106 0.387997 0.382982 0.378997 0.375991 0.373925 0.372776 0.372528 0.373179 0.374736 0.377219 0.380658 0.385097 0.390593 0.397218 0.405065 0.414247 0.424901 0.437199 0.451350 0.467612 0.486305 0.507829 0.532689 0.561531 0.595191 0.634770 0.681748 0.738155 0.806857 0.892030 1.000000 0.985265 0.882061 0.800172 0.733814 0.679130 0.633451 0.594873 0.562000 0.533788 0.509442 0.488345 0.470013 0.454063 0.440184 0.428130 0.417698 0.408723 0.401072 0.394636 0.389325 0.385071 0.381819 0.379528 0.378170 0.377729 0.378198 0.379585 0.381904 0.385187 0.389472 0.394816 0.401288 0.408978 0.417995 0.428474 0.440581 0.454519 0.470538 0.488948 0.510137 0.534591 0.562932 0.595963 0.634736 0.680659 0.735656 0.786606 0.747035 0.712890 0.683304 0.657596 0.635228 0.615766 0.598861 0.584230 0.571640 0.560905 0.551870 0.544412 0.538433 0.533856 0.530624 0.528697 0.528051 0.528679 0.530588 0.533802 0.538359 0.544318 0.551754 0.560766 0.571477 0.584039 0.598640 0.615511 0.634935 0.657259 0.682916 0.712443 0.746519 0.786007 0.774339 0.711567 0.659680 0.616229 0.579457 0.548074 0.521106 0.497810 0.477609 0.460050 0.444768 0.431476 0.419937 0.409962 0.401393 1108.500000 1.520449 0.567853
0.528679 0.530588 0.533802 0.538359 0.544318 0.551754 0.560766 0.571477 0.584039 0.598640 0.615511 0.634935 0.657259 0.682916 0.712443 0.746519 0.786007 0.774339 0.711567 0.659680 0.616229 0.579457 0.548074 0.521106 0.497810 0.477609 0.460050 0.444768 0.431476 0.419937 0.409962 0.401393 0.394106 0.387997 0.382982 0.378997 0.375991 0.373925 0.372776 0.372528 0.373179 0.374736 0.377219 0.380658 0.385097 0.390593 0.397218 0.405065 0.414247 0.424901 0.437199 0.451350 0.467612 0.486305 0.507829 0.532689 0.561531 0.595191 0.634770 0.681748 0.738155 0.806857 0.892030 1.000000 0.985265 0.882061 0.800172 0.733814 0.679130 0.633451 0.594873 0.562000 0.533788 0.509442 0.488345 0.470013 0.454063 0.440184 0.428130 0.417698 0.408723 0.401072 0.394636 0.389325 0.385071 0.381819 0.379528 0.378170 0.377729 0.378198 0.379585 0.381904 0.385187 0.389472 0.394816 0.401288 0.408978 0.417995 0.428474 0.440581 0.454519 0.470538 0.488948 0.510137 0.534591 0.562932 0.595963 0.634736 0.680659 0.735656 0.786606 0.747035 0.712890 0.683304 0.657596 0.635228 0.615766 0.598861 0.584230 0.571640 0.560905 0.551870 0.544412 0.538433 0.533856 0.530624 0.528697 0.528051 1108.500000 1.520449 0.567853
0.408978 0.417995 0.428474 0.440581 0.454519 0.470538 0.488948 0.510137 0.534591 0.562932 0.595963 0.634736 0.680659 0.735656 0.786606 0.747035 0.712890 0.683304 0.657596 0.635228 0.615766 0.598861 0.584230 0.571640 0.560905 0.551870 0.544412 0.538433 0.533856 0.530624 0.528697 0.528051 0.528679 0.530588 0.533802 0.538359 0.544318 0.551754 0.560766 0.571477 0.584039 0.598640 0.615511 0.634935 0.657259 0.682916 0.712443 0.746519 0.786007 0.774339 0.711567 0.659680 0.616229 0.579457 0.548074 0.521106 0.497810 0.477609 0.460050 0.444768 0.431476 0.419937 0.409962 0.401393 0.394106 0.387997 0.382982 0.378997 0.375991 0.373925 0.372776 0.372528 0.373179 0.374736 0.377219 0.380658 0.385097 0.390593 0.397218 0.405065 0.414247 0.424901 0.437199 0.451350 0.467612 0.486305 0.507829 0.532689 0.561531 0.595191 0.634770 0.681748 0.738155 0.806857 0.892030 1.000000 0.985265 0.882061 0.800172 0.733814 0.679130 0.633451 0.594873 0.562000 0.533788 0.509442 0.488345 0.470013 0.454063 0.440184 0.428130 0.417698 0.408723 0.401072 0.394636 0.389325 0.385071 0.381819 0.379528 0.378170 0.377729 0.378198 0.379585 0.381904 0.385187 0.389472 0.394816 0.401288 1108.500000 1.520449 0.567853
0.782335 0.772922 0.765556 0.760143 0.756616 0.754932 0.755070 0.757032 0.760843 0.766547 0.774218 0.783951 0.795873 0.810146 0.826969 0.846588 0.869305 0.895492 0.925605 0.960207 1.000000 0.998245 0.955371 0.918149 0.885773 0.857598 0.833105 0.811873 0.793562 0.777891 0.764633 0.753604 0.744658 0.737678 0.732576 0.729289 0.727776 0.728021 0.730024 0.733812 0.739429 0.746947 0.756460 0.768092 0.776186 0.760858 0.747891 0.737104 0.728353 0.721526 0.716536 0.713321 0.711841 0.712080 0.714040 0.717744 0.723239 0.730592 0.739897 0.751275 0.764880 0.780902 0.799578 0.803561 0.791328 0.781316 0.773393 0.767460 0.763443 0.761292 0.760981 0.762507 0.765887 0.771164 0.778402 0.787693 0.799157 0.812947 0.829253 0.848313 0.870417 0.895918 0.925256 0.958968 0.997724 0.958157 0.922982 0.892372 0.865746 0.842634 0.822655 0.805496 0.790905 0.778675 0.768642 0.760673 0.754667 0.750549 0.748269 0.747799 0.749132 0.752286 0.757299 0.764233 0.773174 0.784239 0.797575 0.779289 0.762465 0.748116 0.736038 0.726064 0.718065 0.711936 0.707601 0.705006 0.704121 0.704934 0.707455 0.711715 0.717766 0.725684 0.735571 0.747556 0.761805 0.778519 0.797948 0.793915 1087.500000 1.137635 0.873840
0.754667 0.750549 0.748269 0.747799 0.749132 0.752286 0.757299 0.764233 0.773174 0.784239 0.797575 0.779289 0.762465 0.748116 0.736038 0.726064 0.718065 0.711936 0.707601 0.705006 0.704121 0.704934 0.707455 0.711715 0.717766 0.725684 0.735571 0.747556 0.761805 0.778519 0.797948 0.793915 0.782335 0.772922 0.765556 0.760143 0.756616 0.754932 0.755070 0.757032 0.760843 0.766547 0.774218 0.783951 0.795873 0.810146 0.826969 0.846588 0.869305 0.895492 0.925605 0.960207 1.000000 0.998245 0.955371 0.918149 0.885773 0.857598 0.833105 0.811873 0.793562 0.777891 0.764633 0.753604 0.744658 0.737678 0.732576 0.729289 0.727776 0.728021 0.730024 0.733812 0.739429 0.746947 0.756460 0.768092 0.776186 0.760858 0.747891 0.737104 0.728353 0.721526 0.716536 0.713321 0.711841 0.712080 0.714040 0.717744 0.723239 0.730592 0.739897 0.751275 0.764880 0.780902 0.799578 0.803561 0.791328 0.781316 0.773393 0.767460 0.763443 0.761292 0.760981 0.762507 0.765887 0.771164 0.778402 0.787693 0.799157 0.812947 0.829253 0.848313 0.870417 0.895918 0.925256 0.958968 0.997724 0.958157 0.922982 0.892372 0.865746 0.842634 0.822655 0.805496 0.790905 0.778675 0.768642 0.760673 1087.500000 1.137635 0.873840
0.791328 0.781316 0.773393 0.767460 0.763443 0.761292 0.760981 0.762507 0.765887 0.771164 0.778402 0.787693 0.799157 0.812947 0.829253 0.848313 0.870417 0.895918 0.925256 0.958968 0.997724 0.958157 0.922982 0.892372 0.865746 0.842634 0.822655 0.805496 0.790905 0.778675 0.768642 0.760673 0.754667 0.750549 0.748269 0.747799 0.749132 0.752286 0.757299 0.764233 0.773174 0.784239 0.797575 0.779289 0.762465 0.748116 0.736038 0.726064 0.718065 0.711936 0.707601 0.705006 0.704121 0.704934 0.707455 0.711715 0.717766 0.725684 0.735571 0.747556 0.761805 0.778519 0.797948 0.793915 0.782335 0.772922 0.765556 0.760143 0.756616 0.754932 0.755070 0.757032 0.760843 0.766547 0.774218 0.783951 0.795873 0.810146 0.826969 0.846588 0.869305 0.895492 0.925605 0.960207 1.000000 0.998245 0.955371 0.918149 0.885773 0.857598 0.833105 0.811873 0.793562 0.777891 0.764633 0.753604 0.744658 0.737678 0.732576 0.729289 0.727776 0.728021 0.730024 0.733812 0.739429 0.746947 0.756460 0.768092 0.776186 0.760858 0.747891 0.737104 0.728353 0.721526 0.716536 0.713321 0.711841 0.712080 0.714040 0.717744 0.723239 0.730592 0.739897 0.751275 0.764880 0.780902 0.799578 0.803561 1087.500000 1.137635 0.873840
0.744658 0.737678 0.732576 0.729289 0.727776 0.728021 0.730024 0.733812 0.739429 0.746947 0.756460 0.768092 0.776186 0.760858 0.747891 0.737104 0.728353 0.721526 0.716536 0.713321 0.711841 0.712080 0.714040 0.717744 0.723239 0.730592 0.739897 0.751275 0.764880 0.780902 0.799578 0.803561 0.791328 0.781316 0.773393 0.767460 0.763443 0.761292 0.760981 0.762507 0.765887 0.771164 0.778402 0.787693 0.799157 0.812947 0.829253 0.848313 0.870417 0.895918 0.925256 0.958968 0.997724 0.958157 0.922982 0.892372 0.865746 0.842634 0.822655 0.805496 0.790905 0.778675 0.768642 0.760673 0.754667 0.750549 0.748269 0.747799 0.749132 0.752286 0.757299 0.764233 0.773174 0.784239 0.797575 0.779289 0.762465 0.748116 0.736038 0.726064 0.718065 0.711936 0.707601 0.705006 0.704121 0.704934 0.707455 0.711715 0.717766 0.725684 0.735571 0.747556 0.761805 0.778519 0.797948 0.793915 0.782335 0.772922 0.765556 0.760143 0.756616 0.754932 0.755070 0.757032 0.760843 0.766547 0.774218 0.783951 0.795873 0.810146 0.826969 0.846588 0.869305 0.895492 0.925605 0.960207 1.000000 0.998245 0.955371 0.918149 0.885773 0.857598 0.833105 0.811873 0.793562 0.777891 0.764633 0.753604 1087.500000 1.137635 0.873840
0.945065 0.967433 0.902796 0.848170 0.801599 0.761615 0.727098 0.697182 0.671183 0.648559 0.628877 0.611784 0.596997 0.584281 0.573449 0.564345 0.556847 0.550855 0.546293 0.543103 0.541247 0.540702 0.541460 0.543532 0.546943 0.551735 0.557967 0.565720 0.575096 0.586225 0.599265 0.614412 0.595596 0.576573 0.560034 0.545696 0.533327 0.522737 0.513773 0.506311 0.500250 0.495512 0.492037 0.489783 0.488720 0.488838 0.490137 0.492633 0.496356 0.501352 0.507686 0.515440 0.524718 0.535650 0.548396 0.563154 0.580164 0.599724 0.622200 0.648048 0.677840 0.712303 0.752366 0.799246 0.854551 0.920462 1.000000 0.939134 0.877035 0.824502 0.779679 0.741171 0.707913 0.679078 0.654014 0.632202 0.613229 0.596756 0.582512 0.570275 0.559861 0.551125 0.543948 0.538235 0.533914 0.530931 0.529249 0.528847 0.529721 0.531882 0.535355 0.540184 0.546429 0.554171 0.563512 0.574582 0.567039 0.551468 0.537990 0.526393 0.516504 0.508182 0.501311 0.495803 0.491586 0.488607 0.486829 0.486232 0.486807 0.488562 0.491519 0.495712 0.501196 0.508040 0.516335 0.526194 0.537757 0.551197 0.566727 0.584607 0.605157 0.628774 0.655954 0.687321 0.723669 0.766024 0.815733 0.874594 19533.000000 1.691883 0.687758
0.567039 0.551468 0.537990 0.526393 0.516504 0.508182 0.501311 0.495803 0.491586 0.488607 0.486829 0.486232 0.486807 0.488562 0.491519 0.495712 0.501196 0.508040 0.516335 0.526194 0.537757 0.551197 0.566727 0.584607 0.605157 0.628774 0.655954 0.687321 0.723669 0.766024 0.815733 0.874594 0.945065 0.967433 0.902796 0.848170 0.801599 0.761615 0.727098 0.697182 0.671183 0.648559 0.628877 0.611784 0.596997 0.584281 0.573449 0.564345 0.556847 0.550855 0.546293 0.543103 0.541247 0.540702 0.541460 0.543532 0.546943 0.551735 0.557967 0.565720 0.575096 0.586225 0.599265 0.614412 0.595596 0.576573 0.560034 0.545696 0.533327 0.522737 0.513773 0.506311 0.500250 0.495512 0.492037 0.489783 0.488720 0.488838 0.490137 0.492633 0.496356 0.501352 0.507686 0.515440 0.524718 0.535650 0.548396 0.563154 0.580164 0.599724 0.622200 0.648048 0.677840 0.712303 0.752366 0.799246 0.854551 0.920462 1.000000 0.939134 0.877035 0.824502 0.779679 0.741171 0.707913 0.679078 0.654014 0.632202 0.613229 0.596756 0.582512 0.570275 0.559861 0.551125 0.543948 0.538235 0.533914 0.530931 0.529249 0.528847 0.529721 0.531882 0.535355 0.540184 0.546429 0.554171 0.563512 0.574582 19533.000000 1.691883 0.687758
0.854551 0.920462 1.000000 0.939134 0.877035 0.824502 0.779679 0.741171 0.707913 0.679078 0.654014 0.632202 0.613229 0.596756 0.582512 0.570275 0.559861 0.551125 0.543948 0.538235 0.533914 0.530931 0.529249 0.528847 0.529721 0.531882 0.535355 0.540184 0.546429 0.554171 0.563512 0.574582 0.567039 0.551468 0.537990 0.526393 0.516504 0.508182 0.501311 0.495803 0.491586 0.488607 0.486829 0.486232 0.486807 0.488562 0.491519 0.495712 0.501196 0.508040 0.516335 0.526194 0.537757 0.551197 0.566727 0.584607 0.605157 0.628774 0.655954 0.687321 0.723669 0.766024 0.815733 0.874594 0.945065 0.967433 0.902796 0.848170 0.801599 0.761615 0.727098 0.697182 0.671183 0.648559 0.628877 0.611784 0.596997 0.584281 0.573449 0.564345 0.556847 0.550855 0.546293 0.543103 0.541247 0.540702 0.541460 0.543532 0.546943 0.551735 0.557967 0.565720 0.575096 0.586225 0.599265 0.614412 0.595596 0.576573 0.560034 0.545696 0.533327 0.522737 0.513773 0.506311 0.500250 0.495512 0.492037 0.489783 0.488720 0.488838 0.490137 0.492633 0.496356 0.501352 0.507686 0.515440 0.524718 0.535650 0.548396 0.563154 0.580164 0.599724 0.622200 0.648048 0.677840 0.712303 0.752366 0.799246 19533.000000 1.691883 0.687758
0.595596 0.576573 0.560034 0.545696 0.533327 0.522737 0.513773 0.506311 0.500250 0.495512 0.492037 0.489783 0.488720 0.488838 0.490137 0.492633 0.496356 0.501352 0.507686 0.515440 0.524718 0.535650 0.548396 0.563154 0.580164 0.599724 0.622200 0.648048 0.677840 0.712303 0.752366 0.799246 0.854551 0.920462 1.000000 0.939134 0.877035 0.824502 0.779679 0.741171 0.707913 0.679078 0.654014 0.632202 0.613229 0.596756 0.582512 0.570275 0.559861 0.551125 0.543948 0.538235 0.533914 0.530931 0.529249 0.528847 0.529721 0.531882 0.535355 0.540184 0.546429 0.554171 0.563512 0.574582 0.567039 0.551468 0.537990 0.526393 0.516504 0.508182 0.501311 0.495803 0.491586 0.488607 0.486829 0.486232 0.486807 0.488562 0.491519 0.495712 0.501196 0.508040 0.516335 0.526194 0.537757 0.551197 0.566727 0.584607 0.605157 0.628774 0.655954 0.687321 0.723669 0.766024 0.815733 0.874594 0.945065 0.967433 0.902796 0.848170 0.801599 0.761615 0.727098 0.697182 0.671183 0.648559 0.628877 0.611784 0.596997 0.584281 0.573449 0.564345 0.556847 0.550855 0.546293 0.543103 0.541247 0.540702 0.541460 0.543532 0.546943 0.551735 0.557967 0.565720 0.575096 0.586225 0.599265 0.614412 19533.000000 1.691883 0.687758
0.669004 0.660044 0.652873 0.647398 0.643553 0.641288 0.640578 0.641412 0.643802 0.647775 0.653382 0.660693 0.669801 0.680826 0.693920 0.709270 0.727106 0.747710 0.771428 0.798687 0.830016 0.832098 0.799095 0.770395 0.745418 0.723699 0.704859 0.688593 0.674649 0.662823 0.652951 0.644899 0.638563 0.633863 0.630740 0.629155 0.629091 0.630545 0.633536 0.638099 0.644293 0.652194 0.661906 0.673559 0.687315 0.699244 0.692742 0.688001 0.684964 0.683593 0.683872 0.685804 0.689412 0.694741 0.701857 0.710851 0.721839 0.734971 0.750431 0.768447 0.789297 0.813324 0.840949 0.872694 0.909205 0.951296 1.000000 0.937373 0.879642 0.830495 0.788348 0.751996 0.720508 0.693154 0.669354 0.648645 0.630653 0.615074 0.601660 0.590211 0.580562 0.572580 0.564786 0.558028 0.552746 0.548873 0.546361 0.545179 0.545313 0.546764 0.549551 0.553708 0.559285 0.566354 0.575007 0.585360 0.597559 0.611783 0.628250 0.647231 0.669057 0.694137 0.722980 0.756224 0.794680 0.839387 0.891700 0.877869 0.855953 0.837071 0.820939 0.807326 0.796043 0.786941 0.779902 0.774838 0.771687 0.770410 0.770991 0.773437 0.777779 0.784070 0.769407 0.745953 0.725582 0.707955 0.692793 0.679871 11552.000000 1.181795 0.797813
0.597559 0.611783 0.628250 0.647231 0.669057 0.694137 0.722980 0.756224 0.794680 0.839387 0.891700 0.877869 0.855953 0.837071 0.820939 0.807326 0.796043 0.786941 0.779902 0.774838 0.771687 0.770410 0.770991 0.773437 0.777779 0.784070 0.769407 0.745953 0.725582 0.707955 0.692793 0.679871 0.669004 0.660044 0.652873 0.647398 0.643553 0.641288 0.640578 0.641412 0.643802 0.647775 0.653382 0.660693 0.669801 0.680826 0.693920 0.709270 0.727106 0.747710 0.771428 0.798687 0.830016 0.832098 0.799095 0.770395 0.745418 0.723699 0.704859 0.688593 0.674649 0.662823 0.652951 0.644899 0.638563 0.633863 0.630740 0.629155 0.629091 0.630545 0.633536 0.638099 0.644293 0.652194 0.661906 0.673559 0.687315 0.699244 0.692742 0.688001 0.684964 0.683593 0.683872 0.685804 0.689412 0.694741 0.701857 0.710851 0.721839 0.734971 0.750431 0.768447 0.789297 0.813324 0.840949 0.872694 0.909205 0.951296 1.000000 0.937373 0.879642 0.830495 0.788348 0.751996 0.720508 0.693154 0.669354 0.648645 0.630653 0.615074 0.601660 0.590211 0.580562 0.572580 0.564786 0.558028 0.552746 0.548873 0.546361 0.545179 0.545313 0.546764 0.549551 0.553708 0.559285 0.566354 0.575007 0.585360 11552.000000 1.181795 0.797813
0.909205 0.951296 1.000000 0.937373 0.879642 0.830495 0.788348 0.751996 0.720508 0.693154 0.669354 0.648645 0.630653 0.615074 0.601660 0.590211 0.580562 0.572580 0.564786 0.558028 0.552746 0.548873 0.546361 0.545179 0.545313 0.546764 0.549551 0.553708 0.559285 0.566354 0.575007 0.585360 0.597559 0.611783 0.628250 0.647231 0.669057 0.694137 0.722980 0.756224 0.794680 0.839387 0.891700 0.877869 0.855953 0.837071 0.820939 0.807326 0.796043 0.786941 0.779902 0.774838 0.771687 0.770410 0.770991 0.773437 0.777779 0.784070 0.769407 0.745953 0.725582 0.707955 0.692793 0.679871 0.669004 0.660044 0.652873 0.647398 0.643553 0.641288 0.640578 0.641412 0.643802 0.647775 0.653382 0.660693 0.669801 0.680826 0.693920 0.709270 0.727106 0.747710 0.771428 0.798687 0.830016 0.832098 0.799095 0.770395 0.745418 0.723699 0.704859 0.688593 0.674649 0.662823 0.652951 0.644899 0.638563 0.633863 0.630740 0.629155 0.629091 0.630545 0.633536 0.638099 0.644293 0.652194 0.661906 0.673559 0.687315 0.699244 0.692742 0.688001 0.684964 0.683593 0.683872 0.685804 0.689412 0.694741 0.701857 0.710851 0.721839 0.734971 0.750431 0.768447 0.789297 0.813324 0.840949 0.872694 11552.000000 1.181795 0.797813
0.638563 0.633863 0.630740 0.629155 0.629091 0.630545 0.633536 0.638099 0.644293 0.652194 0.661906 0.673559 0.687315 0.699244 0.692742 0.688001 0.684964 0.683593 0.683872 0.685804 0.689412 0.694741 0.701857 0.710851 0.721839 0.734971 0.750431 0.768447 0.789297 0.813324 0.840949 0.872694 0.909205 0.951296 1.000000 0.937373 0.879642 0.830495 0.788348 0.751996 0.720508 0.693154 0.669354 0.648645 0.630653 0.615074 0.601660 0.590211 0.580562 0.572580 0.564786 0.558028 0.552746 0.548873 0.546361 0.545179 0.545313 0.546764 0.549551 0.553708 0.559285 0.566354 0.575007 0.585360 0.597559 0.611783 0.628250 0.647231 0.669057 0.694137 0.722980 0.756224 0.794680 0.839387 0.891700 0.877869 0.855953 0.837071 0.820939 0.807326 0.796043 0.786941 0.779902 0.774838 0.771687 0.770410 0.770991 0.773437 0.777779 0.784070 0.769407 0.745953 0.725582 0.707955 0.692793 0.679871 0.669004 0.660044 0.652873 0.647398 0.643553 0.641288 0.640578 0.641412 0.643802 0.647775 0.653382 0.660693 0.669801 0.680826 0.693920 0.709270 0.727106 0.747710 0.771428 0.798687 0.830016 0.832098 0.799095 0.770395 0.745418 0.723699 0.704859 0.688593 0.674649 0.662823 0.652951 0.644899 11552.000000 1.181795 0.797813
0.761350 0.754213 0.748996 0.745636 0.744089 0.744339 0.746388 0.750260 0.756003 0.763689 0.773416 0.785309 0.799531 0.816279 0.835801 0.858398 0.884441 0.879258 0.855197 0.834373 0.816460 0.801190 0.788344 0.777748 0.769262 0.762777 0.758211 0.755509 0.754638 0.755587 0.758367 0.763013 0.769582 0.778156 0.788845 0.801790 0.817168 0.835199 0.856154 0.880362 0.908230 0.940260 0.977071 1.000000 0.950381 0.907535 0.870393 0.838111 0.810020 0.785582 0.764363 0.746009 0.730235 0.716805 0.705529 0.696253 0.688856 0.683244 0.679346 0.677113 0.676520 0.677559 0.680242 0.684603 0.690694 0.698593 0.708401 0.720248 0.734297 0.750749 0.769853 0.764149 0.757116 0.752006 0.748756 0.747327 0.747701 0.749884 0.753900 0.759800 0.767657 0.777571 0.789671 0.804122 0.821127 0.840936 0.863858 0.890268 0.920632 0.955524 0.937592 0.913156 0.892056 0.873967 0.858625 0.845814 0.835363 0.827135 0.821027 0.816961 0.814890 0.814786 0.816650 0.820504 0.826394 0.834394 0.841547 0.818486 0.798528 0.781357 0.766718 0.754401 0.744238 0.736095 0.729868 0.725478 0.722872 0.722017 0.722904 0.725543 0.729967 0.736229 0.744409 0.754611 0.766970 0.781654 0.781772 0.770496 1879.500000 1.125014 0.872531
0.835363 0.827135 0.821027 0.816961 0.814890 0.814786 0.816650 0.820504 0.826394 0.834394 0.841547 0.818486 0.798528 0.781357 0.766718 0.754401 0.744238 0.736095 0.729868 0.725478 0.722872 0.722017 0.722904 0.725543 0.729967 0.736229 0.744409 0.754611 0.766970 0.781654 0.781772 0.770496 0.761350 0.754213 0.748996 0.745636 0.744089 0.744339 0.746388 0.750260 0.756003 0.763689 0.773416 0.785309 0.799531 0.816279 0.835801 0.858398 0.884441 0.879258 0.855197 0.834373 0.816460 0.801190 0.788344 0.777748 0.769262 0.762777 0.758211 0.755509 0.754638 0.755587 0.758367 0.763013 0.769582 0.778156 0.788845 0.801790 0.817168 0.835199 0.856154 0.880362 0.908230 0.940260 0.977071 1.000000 0.950381 0.907535 0.870393 0.838111 0.810020 0.785582 0.764363 0.746009 0.730235 0.716805 0.705529 0.696253 0.688856 0.683244 0.679346 0.677113 0.676520 0.677559 0.680242 0.684603 0.690694 0.698593 0.708401 0.720248 0.734297 0.750749 0.769853 0.764149 0.757116 0.752006 0.748756 0.747327 0.747701 0.749884 0.753900 0.759800 0.767657 0.777571 0.789671 0.804122 0.821127 0.840936 0.863858 0.890268 0.920632 0.955524 0.937592 0.913156 0.892056 0.873967 0.858625 0.845814 1879.500000 1.125014 0.872531
0.690694 0.698593 0.708401 0.720248 0.734297 0.750749 0.769853 0.764149 0.757116 0.752006 0.748756 0.747327 0.747701 0.749884 0.753900 0.759800 0.767657 0.777571 0.789671 0.804122 0.821127 0.840936 0.863858 0.890268 0.920632 0.955524 0.937592 0.913156 0.892056 0.873967 0.858625 0.845814 0.835363 0.827135 0.821027 0.816961 0.814890 0.814786 0.816650 0.820504 0.826394 0.834394 0.841547 0.818486 0.798528 0.781357 0.766718 0.754401 0.744238 0.736095 0.729868 0.725478 0.722872 0.722017 0.722904 0.725543 0.729967 0.736229 0.744409 0.754611 0.766970 0.781654 0.781772 0.770496 0.761350 0.754213 0.748996 0.745636 0.744089 0.744339 0.746388 0.750260 0.756003 0.763689 0.773416 0.785309 0.799531 0.816279 0.835801 0.858398 0.884441 0.879258 0.855197 0.834373 0.816460 0.801190 0.788344 0.777748 0.769262 0.762777 0.758211 0.755509 0.754638 0.755587 0.758367 0.763013 0.769582 0.778156 0.788845 0.801790 0.817168 0.835199 0.856154 0.880362 0.908230 0.940260 0.977071 1.000000 0.950381 0.907535 0.870393 0.838111 0.810020 0.785582 0.764363 0.746009 0.730235 0.716805 0.705529 0.696253 0.688856 0.683244 0.679346 0.677113 0.676520 0.677559 0.680242 0.684603 1879.500000 1.125014 0.872531
0.769582 0.778156 0.788845 0.801790 0.817168 0.835199 0.856154 0.880362 0.908230 0.940260 0.977071 1.000000 0.950381 0.907535 0.870393 0.838111 0.810020 0.785582 0.764363 0.746009 0.730235 0.716805 0.705529 0.696253 0.688856 0.683244 0.679346 0.677113 0.676520 0.677559 0.680242 0.684603 0.690694 0.698593 0.708401 0.720248 0.734297 0.750749 0.769853 0.764149 0.757116 0.752006 0.748756 0.747327 0.747701 0.749884 0.753900 0.759800 0.767657 0.777571 0.789671 0.804122 0.821127 0.840936 0.863858 0.890268 0.920632 0.955524 0.937592 0.913156 0.892056 0.873967 0.858625 0.845814 0.835363 0.827135 0.821027 0.816961 0.814890 0.814786 0.816650 0.820504 0.826394 0.834394 0.841547 0.818486 0.798528 0.781357 0.766718 0.754401 0.744238 0.736095 0.729868 0.725478 0.722872 0.722017 0.722904 0.725543 0.729967 0.736229 0.744409 0.754611 0.766970 0.781654 0.781772 0.770496 0.761350 0.754213 0.748996 0.745636 0.744089 0.744339 0.746388 0.750260 0.756003 0.763689 0.773416 0.785309 0.799531 0.816279 0.835801 0.858398 0.884441 0.879258 0.855197 0.834373 0.816460 0.801190 0.788344 0.777748 0.769262 0.762777 0.758211 0.755509 0.754638 0.755587 0.758367 0.763013 1879.500000 1.125014 0.872531
0.582992 0.622832 0.670249 0.727378 0.797253 0.884336 0.857203 0.802571 0.756199 0.716524 0.682367 0.652820 0.627173 0.604867 0.585456 0.568578 0.553944 0.541316 0.530500 0.521339 0.513705 0.507497 0.502634 0.499054 0.496712 0.495581 0.495647 0.496909 0.499384 0.503102 0.508109 0.514469 0.522264 0.531599 0.542605 0.555442 0.570309 0.587448 0.607157 0.629804 0.655848 0.685862 0.720573 0.689909 0.649465 0.614899 0.585166 0.559460 0.537158 0.517765 0.500889 0.486212 0.473479 0.462481 0.453050 0.445046 0.438358 0.432895 0.428586 0.425378 0.423228 0.422113 0.422017 0.422940 0.424892 0.427899 0.431996 0.437237 0.443688 0.451435 0.460588 0.471278 0.483670 0.497962 0.514402 0.533293 0.555013 0.580033 0.608952 0.642536 0.681777 0.727992 0.782952 0.849100 0.929903 1.000000 0.887838 0.800033 0.729631 0.672106 0.624383 0.584302 0.550303 0.521229 0.496208 0.474571 0.455794 0.439464 0.425254 0.412897 0.402179 0.392926 0.384997 0.378274 0.372664 0.368092 0.364499 0.361838 0.360077 0.359194 0.359178 0.360030 0.361760 0.364388 0.367947 0.372483 0.378055 0.384737 0.392621 0.401825 0.412487 0.424782 0.438922 0.455171 0.473854 0.495381 0.520270 0.549186 1472.000000 1.469790 0.572033
0.455794 0.439464 0.425254 0.412897 0.402179 0.392926 0.384997 0.378274 0.372664 0.368092 0.364499 0.361838 0.360077 0.359194 0.359178 0.360030 0.361760 0.364388 0.367947 0.372483 0.378055 0.384737 0.392621 0.401825 0.412487 0.424782 0.438922 0.455171 0.473854 0.495381 0.520270 0.549186 0.582992 0.622832 0.670249 0.727378 0.797253 0.884336 0.857203 0.802571 0.756199 0.716524 0.682367 0.652820 0.627173 0.604867 0.585456 0.568578 0.553944 0.541316 0.530500 0.521339 0.513705 0.507497 0.502634 0.499054 0.496712 0.495581 0.495647 0.496909 0.499384 0.503102 0.508109 0.514469 0.522264 0.531599 0.542605 0.555442 0.570309 0.587448 0.607157 0.629804 0.655848 0.685862 0.720573 0.689909 0.649465 0.614899 0.585166 0.559460 0.537158 0.517765 0.500889 0.486212 0.473479 0.462481 0.453050 0.445046 0.438358 0.432895 0.428586 0.425378 0.423228 0.422113 0.422017 0.422940 0.424892 0.427899 0.431996 0.437237 0.443688 0.451435 0.460588 0.471278 0.483670 0.497962 0.514402 0.533293 0.555013 0.580033 0.608952 0.642536 0.681777 0.727992 0.782952 0.849100 0.929903 1.000000 0.887838 0.800033 0.729631 0.672106 0.624383 0.584302 0.550303 0.521229 0.496208 0.474571 1472.000000 1.469790 0.572033
0.424892 0.427899 0.431996 0.437237 0.443688 0.451435 0.460588 0.471278 0.483670 0.497962 0.514402 0.533293 0.555013 0.580033 0.608952 0.642536 0.681777 0.727992 0.782952 0.849100 0.929903 1.000000 0.887838 0.800033 0.729631 0.672106 0.624383 0.584302 0.550303 0.521229 0.496208 0.474571 0.455794 0.439464 0.425254 0.412897 0.402179 0.392926 0.384997 0.378274 0.372664 0.368092 0.364499 0.361838 0.360077 0.359194 0.359178 0.360030 0.361760 0.364388 0.367947 0.372483 0.378055 0.384737 0.392621 0.401825 0.412487 0.424782 0.438922 0.455171 0.473854 0.495381 0.520270 0.549186 0.582992 0.622832 0.670249 0.727378 0.797253 0.884336 0.857203 0.802571 0.756199 0.716524 0.682367 0.652820 0.627173 0.604867 0.585456 0.568578 0.553944 0.541316 0.530500 0.521339 0.513705 0.507497 0.502634 0.499054 0.496712 0.495581 0.495647 0.496909 0.499384 0.503102 0.508109 0.514469 0.522264 0.531599 0.542605 0.555442 0.570309 0.587448 0.607157 0.629804 0.655848 0.685862 0.720573 0.689909 0.649465 0.614899 0.585166 0.559460 0.537158 0.517765 0.500889 0.486212 0.473479 0.462481 0.453050 0.445046 0.438358 0.432895 0.428586 0.425378 0.423228 0.422113 0.422017 0.422940 1472.000000 1.469790 0.572033
0.522264 0.531599 0.542605 0.555442 0.570309 0.587448 0.607157 0.629804 0.655848 0.685862 0.720573 0.689909 0.649465 0.614899 0.585166 0.559460 0.537158 0.517765 0.500889 0.486212 0.473479 0.462481 0.453050 0.445046 0.438358 0.432895 0.428586 0.425378 0.423228 0.422113 0.422017 0.422940 0.424892 0.427899 0.431996 0.437237 0.443688 0.451435 0.460588 0.471278 0.483670 0.497962 0.514402 0.533293 0.555013 0.580033 0.608952 0.642536 0.681777 0.727992 0.782952 0.849100 0.929903 1.000000 0.887838 0.800033 0.729631 0.672106 0.624383 0.584302 0.550303 0.521229 0.496208 0.474571 0.455794 0.439464 0.425254 0.412897 0.402179 0.392926 0.384997 0.378274 0.372664 0.368092 0.364499 0.361838 0.360077 0.359194 0.359178 0.360030 0.361760 0.364388 0.367947 0.372483 0.378055 0.384737 0.392621 0.401825 0.412487 0.424782 0.438922 0.455171 0.473854 0.495381 0.520270 0.549186 0.582992 0.622832 0.670249 0.727378 0.797253 0.884336 0.857203 0.802571 0.756199 0.716524 0.682367 0.652820 0.627173 0.604867 0.585456 0.568578 0.553944 0.541316 0.530500 0.521339 0.513705 0.507497 0.502634 0.499054 0.496712 0.495581 0.495647 0.496909 0.499384 0.503102 0.508109 0.514469 1472.000000 1.469790 0.572033
0.811582 0.791624 0.749738 0.713695 0.682527 0.655481 0.631961 0.611492 0.593693 0.578255 0.564926 0.553501 0.543812 0.535726 0.529133 0.523946 0.520102 0.517551 0.516262 0.516221 0.517426 0.519892 0.523649 0.528744 0.535241 0.543225 0.549281 0.553324 0.558782 0.565725 0.574244 0.584454 0.596495 0.610545 0.626820 0.645583 0.667162 0.691958 0.720470 0.753326 0.791320 0.774195 0.744784 0.719195 0.696929 0.677583 0.660832 0.646408 0.634096 0.623718 0.615133 0.608226 0.602909 0.599115 0.596797 0.595927 0.596494 0.598506 0.609876 0.625424 0.643377 0.664037 0.687780 0.715071 0.746490 0.782768 0.824842 0.873921 0.931596 1.000000 0.921274 0.833152 0.762091 0.703762 0.655193 0.614279 0.579489 0.549682 0.523991 0.501750 0.482434 0.465631 0.451009 0.438301 0.427291 0.417802 0.409691 0.408514 0.410127 0.412751 0.416419 0.421176 0.427084 0.434221 0.442685 0.452598 0.464109 0.477400 0.492697 0.510277 0.530483 0.553744 0.580602 0.611747 0.648072 0.690753 0.741364 0.802062 0.818051 0.797715 0.780199 0.765240 0.752623 0.742174 0.733755 0.727257 0.722598 0.719722 0.718593 0.719197 0.721542 0.725656 0.731590 0.739418 0.749239 0.761184 0.775414 0.792130 3994.000000 1.253639 0.680194
0.464109 0.477400 0.492697 0.510277 0.530483 0.553744 0.580602 0.611747 0.648072 0.690753 0.741364 0.802062 0.818051 0.797715 0.780199 0.765240 0.752623 0.742174 0.733755 0.727257 0.722598 0.719722 0.718593 0.719197 0.721542 0.725656 0.731590 0.739418 0.749239 0.761184 0.775414 0.792130 0.811582 0.791624 0.749738 0.713695 0.682527 0.655481 0.631961 0.611492 0.593693 0.578255 0.564926 0.553501 0.543812 0.535726 0.529133 0.523946 0.520102 0.517551 0.516262 0.516221 0.517426 0.519892 0.523649 0.528744 0.535241 0.543225 0.549281 0.553324 0.558782 0.565725 0.574244 0.584454 0.596495 0.610545 0.626820 0.645583 0.667162 0.691958 0.720470 0.753326 0.791320 0.774195 0.744784 0.719195 0.696929 0.677583 0.660832 0.646408 0.634096 0.623718 0.615133 0.608226 0.602909 0.599115 0.596797 0.595927 0.596494 0.598506 0.609876 0.625424 0.643377 0.664037 0.687780 0.715071 0.746490 0.782768 0.824842 0.873921 0.931596 1.000000 0.921274 0.833152 0.762091 0.703762 0.655193 0.614279 0.579489 0.549682 0.523991 0.501750 0.482434 0.465631 0.451009 0.438301 0.427291 0.417802 0.409691 0.408514 0.410127 0.412751 0.416419 0.421176 0.427084 0.434221 0.442685 0.452598 3994.000000 1.253639 0.680194
0.746490 0.782768 0.824842 0.873921 0.931596 1.000000 0.921274 0.833152 0.762091 0.703762 0.655193 0.614279 0.579489 0.549682 0.523991 0.501750 0.482434 0.465631 0.451009 0.438301 0.427291 0.417802 0.409691 0.408514 0.410127 0.412751 0.416419 0.421176 0.427084 0.434221 0.442685 0.452598 0.464109 0.477400 0.492697 0.510277 0.530483 0.553744 0.580602 0.611747 0.648072 0.690753 0.741364 0.802062 0.818051 0.797715 0.780199 0.765240 0.752623 0.742174 0.733755 0.727257 0.722598 0.719722 0.718593 0.719197 0.721542 0.725656 0.731590 0.739418 0.749239 0.761184 0.775414 0.792130 0.811582 0.791624 0.749738 0.713695 0.682527 0.655481 0.631961 0.611492 0.593693 0.578255 0.564926 0.553501 0.543812 0.535726 0.529133 0.523946 0.520102 0.517551 0.516262 0.516221 0.517426 0.519892 0.523649 0.528744 0.535241 0.543225 0.549281 0.553324 0.558782 0.565725 0.574244 0.584454 0.596495 0.610545 0.626820 0.645583 0.667162 0.691958 0.720470 0.753326 0.791320 0.774195 0.744784 0.719195 0.696929 0.677583 0.660832 0.646408 0.634096 0.623718 0.615133 0.608226 0.602909 0.599115 0.596797 0.595927 0.596494 0.598506 0.609876 0.625424 0.643377 0.664037 0.687780 0.715071 3994.000000 1.253639 0.680194
0.596495 0.610545 0.626820 0.645583 0.667162 0.691958 0.720470 0.753326 0.791320 0.774195 0.744784 0.719195 0.696929 0.677583 0.660832 0.646408 0.634096 0.623718 0.615133 0.608226 0.602909 0.599115 0.596797 0.595927 0.596494 0.598506 0.609876 0.625424 0.643377 0.664037 0.687780 0.715071 0.746490 0.782768 0.824842 0.873921 0.931596 1.000000 0.921274 0.833152 0.762091 0.703762 0.655193 0.614279 0.579489 0.549682 0.523991 0.501750 0.482434 0.465631 0.451009 0.438301 0.427291 0.417802 0.409691 0.408514 0.410127 0.412751 0.416419 0.421176 0.427084 0.434221 0.442685 0.452598 0.464109 0.477400 0.492697 0.510277 0.530483 0.553744 0.580602 0.611747 0.648072 0.690753 0.741364 0.802062 0.818051 0.797715 0.780199 0.765240 0.752623 0.742174 0.733755 0.727257 0.722598 0.719722 0.718593 0.719197 0.721542 0.725656 0.731590 0.739418 0.749239 0.761184 0.775414 0.792130 0.811582 0.791624 0.749738 0.713695 0.682527 0.655481 0.631961 0.611492 0.593693 0.578255 0.564926 0.553501 0.543812 0.535726 0.529133 0.523946 0.520102 0.517551 0.516262 0.516221 0.517426 0.519892 0.523649 0.528744 0.535241 0.543225 0.549281 0.553324 0.558782 0.565725 0.574244 0.584454 3994.000000 1.253639 0.680194
0.600944 0.565550 0.535312 0.509307 0.486830 0.467332 0.450378 0.435625 0.422793 0.411659 0.402040 0.393788 0.386780 0.380919 0.376126 0.372337 0.369506 0.367596 0.366584 0.366459 0.367218 0.368870 0.371436 0.374948 0.379450 0.384999 0.391672 0.399559 0.408775 0.419461 0.431788 0.445969 0.462265 0.480999 0.502578 0.527515 0.556466 0.590284 0.630094 0.677413 0.734328 0.803798 0.890155 1.000000 0.977496 0.876420 0.796026 0.730754 0.676883 0.631826 0.593735 0.561251 0.533355 0.509269 0.488391 0.470245 0.454455 0.440718 0.428790 0.418472 0.409603 0.402050 0.395707 0.390487 0.386321 0.383157 0.380955 0.379687 0.379338 0.379904 0.381392 0.383821 0.387219 0.391629 0.397110 0.403732 0.411587 0.420787 0.431472 0.443810 0.458010 0.474330 0.493088 0.514681 0.539612 0.568520 0.602233 0.641841 0.688802 0.745113 0.755268 0.719658 0.688839 0.662081 0.638806 0.618551 0.600944 0.585684 0.572525 0.561267 0.551746 0.543831 0.537417 0.532419 0.528776 0.526442 0.525389 0.525604 0.527089 0.529863 0.533959 0.539428 0.546341 0.554787 0.564880 0.576763 0.590610 0.606636 0.625103 0.646336 0.670735 0.698797 0.731149 0.768583 0.812119 0.752661 0.692522 0.642716 6975.000000 1.526942 0.567080
0.600944 0.585684 0.572525 0.561267 0.551746 0.543831 0.537417 0.532419 0.528776 0.526442 0.525389 0.525604 0.527089 0.529863 0.533959 0.539428 0.546341 0.554787 0.564880 0.576763 0.590610 0.606636 0.625103 0.646336 0.670735 0.698797 0.731149 0.768583 0.812119 0.752661 0.692522 0.642716 0.600944 0.565550 0.535312 0.509307 0.486830 0.467332 0.450378 0.435625 0.422793 0.411659 0.402040 0.393788 0.386780 0.380919 0.376126 0.372337 0.369506 0.367596 0.366584 0.366459 0.367218 0.368870 0.371436 0.374948 0.379450 0.384999 0.391672 0.399559 0.408775 0.419461 0.431788 0.445969 0.462265 0.480999 0.502578 0.527515 0.556466 0.590284 0.630094 0.677413 0.734328 0.803798 0.890155 1.000000 0.977496 0.876420 0.796026 0.730754 0.676883 0.631826 0.593735 0.561251 0.533355 0.509269 0.488391 0.470245 0.454455 0.440718 0.428790 0.418472 0.409603 0.402050 0.395707 0.390487 0.386321 0.383157 0.380955 0.379687 0.379338 0.379904 0.381392 0.383821 0.387219 0.391629 0.397110 0.403732 0.411587 0.420787 0.431472 0.443810 0.458010 0.474330 0.493088 0.514681 0.539612 0.568520 0.602233 0.641841 0.688802 0.745113 0.755268 0.719658 0.688839 0.662081 0.638806 0.618551 6975.000000 1.526942 0.567080
0.386321 0.383157 0.380955 0.379687 0.379338 0.379904 0.381392 0.383821 0.387219 0.391629 0.397110 0.403732 0.411587 0.420787 0.431472 0.443810 0.458010 0.474330 0.493088 0.514681 0.539612 0.568520 0.602233 0.641841 0.688802 0.745113 0.755268 0.719658 0.688839 0.662081 0.638806 0.618551 0.600944 0.585684 0.572525 0.561267 0.551746 0.543831 0.537417 0.532419 0.528776 0.526442 0.525389 0.525604 0.527089 0.529863 0.533959 0.539428 0.546341 0.554787 0.564880 0.576763 0.590610 0.606636 0.625103 0.646336 0.670735 0.698797 0.731149 0.768583 0.812119 0.752661 0.692522 0.642716 0.600944 0.565550 0.535312 0.509307 0.486830 0.467332 0.450378 0.435625 0.422793 0.411659 0.402040 0.393788 0.386780 0.380919 0.376126 0.372337 0.369506 0.367596 0.366584 0.366459 0.367218 0.368870 0.371436 0.374948 0.379450 0.384999 0.391672 0.399559 0.408775 0.419461 0.431788 0.445969 0.462265 0.480999 0.502578 0.527515 0.556466 0.590284 0.630094 0.677413 0.734328 0.803798 0.890155 1.000000 0.977496 0.876420 0.796026 0.730754 0.676883 0.631826 0.593735 0.561251 0.533355 0.509269 0.488391 0.470245 0.454455 0.440718 0.428790 0.418472 0.409603 0.402050 0.395707 0.390487 6975.000000 1.526942 0.567080
0.462265 0.480999 0.502578 0.527515 0.556466 0.590284 0.630094 0.677413 0.734328 0.803798 0.890155 1.000000 0.977496 0.876420 0.796026 0.730754 0.676883 0.631826 0.593735 0.561251 0.533355 0.509269 0.488391 0.470245 0.454455 0.440718 0.428790 0.418472 0.409603 0.402050 0.395707 0.390487 0.386321 0.383157 0.380955 0.379687 0.379338 0.379904 0.381392 0.383821 0.387219 0.391629 0.397110 0.403732 0.411587 0.420787 0.431472 0.443810 0.458010 0.474330 0.493088 0.514681 0.539612 0.568520 0.602233 0.641841 0.688802 0.745113 0.755268 0.719658 0.688839 0.662081 0.638806 0.618551 0.600944 0.585684 0.572525 0.561267 0.551746 0.543831 0.537417 0.532419 0.528776 0.526442 0.525389 0.525604 0.527089 0.529863 0.533959 0.539428 0.546341 0.554787 0.564880 0.576763 0.590610 0.606636 0.625103 0.646336 0.670735 0.698797 0.731149 0.768583 0.812119 0.752661 0.692522 0.642716 0.600944 0.565550 0.535312 0.509307 0.486830 0.467332 0.450378 0.435625 0.422793 0.411659 0.402040 0.393788 0.386780 0.380919 0.376126 0.372337 0.369506 0.367596 0.366584 0.366459 0.367218 0.368870 0.371436 0.374948 0.379450 0.384999 0.391672 0.399559 0.408775 0.419461 0.431788 0.445969 6975.000000 1.526942 0.567080
0.910522 0.959958 1.000000 0.945667 0.898987 0.858671 0.823715 0.793330 0.766888 0.743887 0.723918 0.706652 0.691817 0.679196 0.668608 0.659911 0.652990 0.647757 0.644147 0.642115 0.641637 0.642707 0.645337 0.649560 0.655429 0.655860 0.643885 0.633839 0.625585 0.619016 0.614047 0.610617 0.608683 0.608222 0.609228 0.611714 0.615709 0.621263 0.628446 0.637351 0.648096 0.660828 0.675731 0.693030 0.713000 0.735982 0.762392 0.792748 0.827700 0.868063 0.837876 0.810019 0.785787 0.764751 0.746563 0.730941 0.717653 0.706511 0.697363 0.690091 0.684602 0.680826 0.678717 0.678251 0.679421 0.682241 0.686746 0.692992 0.701057 0.711045 0.723088 0.737354 0.754047 0.773419 0.795781 0.821513 0.851083 0.885074 0.924211 0.883885 0.840946 0.803832 0.771636 0.743642 0.719281 0.698093 0.679709 0.663826 0.650199 0.638628 0.628950 0.621035 0.614779 0.610104 0.606950 0.605279 0.605071 0.606323 0.609051 0.613287 0.619085 0.626517 0.635680 0.646696 0.659718 0.672396 0.662021 0.653512 0.646757 0.641670 0.638188 0.636268 0.635887 0.637041 0.639742 0.644025 0.649941 0.657566 0.666999 0.678363 0.691817 0.707555 0.725815 0.746889 0.771137 0.799001 0.831032 0.867916 5159.500000 1.205514 0.799900
0.605071 0.606323 0.609051 0.613287 0.619085 0.626517 0.635680 0.646696 0.659718 0.672396 0.662021 0.653512 0.646757 0.641670 0.638188 0.636268 0.635887 0.637041 0.639742 0.644025 0.649941 0.657566 0.666999 0.678363 0.691817 0.707555 0.725815 0.746889 0.771137 0.799001 0.831032 0.867916 0.910522 0.959958 1.000000 0.945667 0.898987 0.858671 0.823715 0.793330 0.766888 0.743887 0.723918 0.706652 0.691817 0.679196 0.668608 0.659911 0.652990 0.647757 0.644147 0.642115 0.641637 0.642707 0.645337 0.649560 0.655429 0.655860 0.643885 0.633839 0.625585 0.619016 0.614047 0.610617 0.608683 0.608222 0.609228 0.611714 0.615709 0.621263 0.628446 0.637351 0.648096 0.660828 0.675731 0.693030 0.713000 0.735982 0.762392 0.792748 0.827700 0.868063 0.837876 0.810019 0.785787 0.764751 0.746563 0.730941 0.717653 0.706511 0.697363 0.690091 0.684602 0.680826 0.678717 0.678251 0.679421 0.682241 0.686746 0.692992 0.701057 0.711045 0.723088 0.737354 0.754047 0.773419 0.795781 0.821513 0.851083 0.885074 0.924211 0.883885 0.840946 0.803832 0.771636 0.743642 0.719281 0.698093 0.679709 0.663826 0.650199 0.638628 0.628950 0.621035 0.614779 0.610104 0.606950 0.605279 5159.500000 1.205514 0.799900
0.679421 0.682241 0.686746 0.692992 0.701057 0.711045 0.723088 0.737354 0.754047 0.773419 0.795781 0.821513 0.851083 0.885074 0.924211 0.883885 0.840946 0.803832 0.771636 0.743642 0.719281 0.698093 0.679709 0.663826 0.650199 0.638628 0.628950 0.621035 0.614779 0.610104 0.606950 0.605279 0.605071 0.606323 0.609051 0.613287 0.619085 0.626517 0.635680 0.646696 0.659718 0.672396 0.662021 0.653512 0.646757 0.641670 0.638188 0.636268 0.635887 0.637041 0.639742 0.644025 0.649941 0.657566 0.666999 0.678363 0.691817 0.707555 0.725815 0.746889 0.771137 0.799001 0.831032 0.867916 0.910522 0.959958 1.000000 0.945667 0.898987 0.858671 0.823715 0.793330 0.766888 0.743887 0.723918 0.706652 0.691817 0.679196 0.668608 0.659911 0.652990 0.647757 0.644147 0.642115 0.641637 0.642707 0.645337 0.649560 0.655429 0.655860 0.643885 0.633839 0.625585 0.619016 0.614047 0.610617 0.608683 0.608222 0.609228 0.611714 0.615709 0.621263 0.628446 0.637351 0.648096 0.660828 0.675731 0.693030 0.713000 0.735982 0.762392 0.792748 0.827700 0.868063 0.837876 0.810019 0.785787 0.764751 0.746563 0.730941 0.717653 0.706511 0.697363 0.690091 0.684602 0.680826 0.678717 0.678251 5159.500000 1.205514 0.799900
0.608683 0.608222 0.609228 0.611714 0.615709 0.621263 0.628446 0.637351 0.648096 0.660828 0.675731 0.693030 0.713000 0.735982 0.762392 0.792748 0.827700 0.868063 0.837876 0.810019 0.785787 0.764751 0.746563 0.730941 0.717653 0.706511 0.697363 0.690091 0.684602 0.680826 0.678717 0.678251 0.679421 0.682241 0.686746 0.692992 0.701057 0.711045 0.723088 0.737354 0.754047 0.773419 0.795781 0.821513 0.851083 0.885074 0.924211 0.883885 0.840946 0.803832 0.771636 0.743642 0.719281 0.698093 0.679709 0.663826 0.650199 0.638628 0.628950 0.621035 0.614779 0.610104 0.606950 0.605279 0.605071 0.606323 0.609051 0.613287 0.619085 0.626517 0.635680 0.646696 0.659718 0.672396 0.662021 0.653512 0.646757 0.641670 0.638188 0.636268 0.635887 0.637041 0.639742 0.644025 0.649941 0.657566 0.666999 0.678363 0.691817 0.707555 0.725815 0.746889 0.771137 0.799001 0.831032 0.867916 0.910522 0.959958 1.000000 0.945667 0.898987 0.858671 0.823715 0.793330 0.766888 0.743887 0.723918 0.706652 0.691817 0.679196 0.668608 0.659911 0.652990 0.647757 0.644147 0.642115 0.641637 0.642707 0.645337 0.649560 0.655429 0.655860 0.643885 0.633839 0.625585 0.619016 0.614047 0.610617 5159.500000 1.205514 0.799900
0.829131 0.836139 0.799328 0.767392 0.739624 0.715458 0.694441 0.676207 0.660456 0.646945 0.635476 0.625888 0.618052 0.611866 0.607251 0.604149 0.602523 0.602353 0.603636 0.606390 0.610646 0.616458 0.606602 0.587522 0.570939 0.556571 0.544187 0.533600 0.524657 0.517234 0.511232 0.506575 0.503203 0.501074 0.500164 0.500460 0.501967 0.504702 0.508700 0.514009 0.520698 0.528854 0.538589 0.544963 0.549143 0.554733 0.561807 0.570455 0.580795 0.592971 0.607162 0.623589 0.642521 0.664288 0.689300 0.718068 0.751229 0.789597 0.834212 0.886434 0.948068 1.000000 0.929710 0.870612 0.820436 0.777500 0.740530 0.708545 0.680782 0.656634 0.635619 0.617349 0.601508 0.587841 0.576138 0.566230 0.557978 0.551272 0.546025 0.542171 0.539662 0.538467 0.538572 0.539978 0.542703 0.546779 0.548054 0.539078 0.531652 0.525677 0.521076 0.517792 0.515783 0.515026 0.515511 0.517245 0.520247 0.524556 0.530225 0.537326 0.545953 0.556224 0.568284 0.582312 0.598529 0.617204 0.638670 0.663339 0.691724 0.698194 0.688658 0.680998 0.675115 0.670935 0.668407 0.667500 0.668203 0.670524 0.674493 0.680156 0.687587 0.696878 0.708154 0.721567 0.737309 0.755614 0.776770 0.801131 1251.500000 1.422707 0.781822
0.520247 0.524556 0.530225 0.537326 0.545953 0.556224 0.568284 0.582312 0.598529 0.617204 0.638670 0.663339 0.691724 0.698194 0.688658 0.680998 0.675115 0.670935 0.668407 0.667500 0.668203 0.670524 0.674493 0.680156 0.687587 0.696878 0.708154 0.721567 0.737309 0.755614 0.776770 0.801131 0.829131 0.836139 0.799328 0.767392 0.739624 0.715458 0.694441 0.676207 0.660456 0.646945 0.635476 0.625888 0.618052 0.611866 0.607251 0.604149 0.602523 0.602353 0.603636 0.606390 0.610646 0.616458 0.606602 0.587522 0.570939 0.556571 0.544187 0.533600 0.524657 0.517234 0.511232 0.506575 0.503203 0.501074 0.500164 0.500460 0.501967 0.504702 0.508700 0.514009 0.520698 0.528854 0.538589 0.544963 0.549143 0.554733 0.561807 0.570455 0.580795 0.592971 0.607162 0.623589 0.642521 0.664288 0.689300 0.718068 0.751229 0.789597 0.834212 0.886434 0.948068 1.000000 0.929710 0.870612 0.820436 0.777500 0.740530 0.708545 0.680782 0.656634 0.635619 0.617349 0.601508 0.587841 0.576138 0.566230 0.557978 0.551272 0.546025 0.542171 0.539662 0.538467 0.538572 0.539978 0.542703 0.546779 0.548054 0.539078 0.531652 0.525677 0.521076 0.517792 0.515783 0.515026 0.515511 0.517245 1251.500000 1.422707 0.781822
0.820436 0.777500 0.740530 0.708545 0.680782 0.656634 0.635619 0.617349 0.601508 0.587841 0.576138 0.566230 0.557978 0.551272 0.546025 0.542171 0.539662 0.538467 0.538572 0.539978 0.542703 0.546779 0.548054 0.539078 0.531652 0.525677 0.521076 0.517792 0.515783 0.515026 0.515511 0.517245 0.520247 0.524556 0.530225 0.537326 0.545953 0.556224 0.568284 0.582312 0.598529 0.617204 0.638670 0.663339 0.691724 0.698194 0.688658 0.680998 0.675115 0.670935 0.668407 0.667500 0.668203 0.670524 0.674493 0.680156 0.687587 0.696878 0.708154 0.721567 0.737309 0.755614 0.776770 0.801131 0.829131 0.836139 0.799328 0.767392 0.739624 0.715458 0.694441 0.676207 0.660456 0.646945 0.635476 0.625888 0.618052 0.611866 0.607251 0.604149 0.602523 0.602353 0.603636 0.606390 0.610646 0.616458 0.606602 0.587522 0.570939 0.556571 0.544187 0.533600 0.524657 0.517234 0.511232 0.506575 0.503203 0.501074 0.500164 0.500460 0.501967 0.504702 0.508700 0.514009 0.520698 0.528854 0.538589 0.544963 0.549143 0.554733 0.561807 0.570455 0.580795 0.592971 0.607162 0.623589 0.642521 0.664288 0.689300 0.718068 0.751229 0.789597 0.834212 0.886434 0.948068 1.000000 0.929710 0.870612 1251.500000 1.422707 0.781822
0.503203 0.501074 0.500164 0.500460 0.501967 0.504702 0.508700 0.514009 0.520698 0.528854 0.538589 0.544963 0.549143 0.554733 0.561807 0.570455 0.580795 0.592971 0.607162 0.623589 0.642521 0.664288 0.689300 0.718068 0.751229 0.789597 0.834212 0.886434 0.948068 1.000000 0.929710 0.870612 0.820436 0.777500 0.740530 0.708545 0.680782 0.656634 0.635619 0.617349 0.601508 0.587841 0.576138 0.566230 0.557978 0.551272 0.546025 0.542171 0.539662 0.538467 0.538572 0.539978 0.542703 0.546779 0.548054 0.539078 0.531652 0.525677 0.521076 0.517792 0.515783 0.515026 0.515511 0.517245 0.520247 0.524556 0.530225 0.537326 0.545953 0.556224 0.568284 0.582312 0.598529 0.617204 0.638670 0.663339 0.691724 0.698194 0.688658 0.680998 0.675115 0.670935 0.668407 0.667500 0.668203 0.670524 0.674493 0.680156 0.687587 0.696878 0.708154 0.721567 0.737309 0.755614 0.776770 0.801131 0.829131 0.836139 0.799328 0.767392 0.739624 0.715458 0.694441 0.676207 0.660456 0.646945 0.635476 0.625888 0.618052 0.611866 0.607251 0.604149 0.602523 0.602353 0.603636 0.606390 0.610646 0.616458 0.606602 0.587522 0.570939 0.556571 0.544187 0.533600 0.524657 0.517234 0.511232 0.506575 1251.500000 1.422707 0.781822
0.804009 0.826345 0.852068 0.881637 0.915617 0.903827 0.881456 0.862193 0.845748 0.831885 0.820413 0.811182 0.804071 0.798992 0.795882 0.794703 0.795441 0.798105 0.802727 0.809365 0.818100 0.829045 0.842343 0.836086 0.805822 0.779485 0.756580 0.736706 0.719539 0.704814 0.692313 0.681862 0.673319 0.666574 0.661541 0.658157 0.656381 0.656190 0.657584 0.660578 0.658992 0.652963 0.648592 0.645825 0.644628 0.644985 0.646903 0.650404 0.655530 0.662347 0.670939 0.681421 0.693934 0.708655 0.725799 0.745635 0.768489 0.794763 0.824955 0.859684 0.899729 0.946077 1.000000 0.969731 0.936841 0.908225 0.883371 0.861862 0.843358 0.827585 0.814316 0.803371 0.794605 0.787906 0.783190 0.780399 0.779499 0.780479 0.783352 0.788151 0.794936 0.803792 0.802994 0.778491 0.757208 0.738791 0.722949 0.709446 0.698088 0.688722 0.681222 0.675495 0.671466 0.669088 0.668332 0.669187 0.671664 0.675794 0.681627 0.689237 0.698721 0.710205 0.723845 0.739836 0.758419 0.779886 0.804599 0.832705 0.809525 0.789451 0.772164 0.757403 0.744957 0.734655 0.726360 0.719965 0.715390 0.712579 0.711497 0.712131 0.714489 0.718600 0.724514 0.732305 0.742072 0.753945 0.768084 0.784689 808.500000 1.193798 0.860889
0.671664 0.675794 0.681627 0.689237 0.698721 0.710205 0.723845 0.739836 0.758419 0.779886 0.804599 0.832705 0.809525 0.789451 0.772164 0.757403 0.744957 0.734655 0.726360 0.719965 0.715390 0.712579 0.711497 0.712131 0.714489 0.718600 0.724514 0.732305 0.742072 0.753945 0.768084 0.784689 0.804009 0.826345 0.852068 0.881637 0.915617 0.903827 0.881456 0.862193 0.845748 0.831885 0.820413 0.811182 0.804071 0.798992 0.795882 0.794703 0.795441 0.798105 0.802727 0.809365 0.818100 0.829045 0.842343 0.836086 0.805822 0.779485 0.756580 0.736706 0.719539 0.704814 0.692313 0.681862 0.673319 0.666574 0.661541 0.658157 0.656381 0.656190 0.657584 0.660578 0.658992 0.652963 0.648592 0.645825 0.644628 0.644985 0.646903 0.650404 0.655530 0.662347 0.670939 0.681421 0.693934 0.708655 0.725799 0.745635 0.768489 0.794763 0.824955 0.859684 0.899729 0.946077 1.000000 0.969731 0.936841 0.908225 0.883371 0.861862 0.843358 0.827585 0.814316 0.803371 0.794605 0.787906 0.783190 0.780399 0.779499 0.780479 0.783352 0.788151 0.794936 0.803792 0.802994 0.778491 0.757208 0.738791 0.722949 0.709446 0.698088 0.688722 0.681222 0.675495 0.671466 0.669088 0.668332 0.669187 808.500000 1.193798 0.860889
0.936841 0.908225 0.883371 0.861862 0.843358 0.827585 0.814316 0.803371 0.794605 0.787906 0.783190 0.780399 0.779499 0.780479 0.783352 0.788151 0.794936 0.803792 0.802994 0.778491 0.757208 0.738791 0.722949 0.709446 0.698088 0.688722 0.681222 0.675495 0.671466 0.669088 0.668332 0.669187 0.671664 0.675794 0.681627 0.689237 0.698721 0.710205 0.723845 0.739836 0.758419 0.779886 0.804599 0.832705 0.809525 0.789451 0.772164 0.757403 0.744957 0.734655 0.726360 0.719965 0.715390 0.712579 0.711497 0.712131 0.714489 0.718600 0.724514 0.732305 0.742072 0.753945 0.768084 0.784689 0.804009 0.826345 0.852068 0.881637 0.915617 0.903827 0.881456 0.862193 0.845748 0.831885 0.820413 0.811182 0.804071 0.798992 0.795882 0.794703 0.795441 0.798105 0.802727 0.809365 0.818100 0.829045 0.842343 0.836086 0.805822 0.779485 0.756580 0.736706 0.719539 0.704814 0.692313 0.681862 0.673319 0.666574 0.661541 0.658157 0.656381 0.656190 0.657584 0.660578 0.658992 0.652963 0.648592 0.645825 0.644628 0.644985 0.646903 0.650404 0.655530 0.662347 0.670939 0.681421 0.693934 0.708655 0.725799 0.745635 0.768489 0.794763 0.824955 0.859684 0.899729 0.946077 1.000000 0.969731 808.500000 1.193798 0.860889
0.673319 0.666574 0.661541 0.658157 0.656381 0.656190 0.657584 0.660578 0.658992 0.652963 0.648592 0.645825 0.644628 0.644985 0.646903 0.650404 0.655530 0.662347 0.670939 0.681421 0.693934 0.708655 0.725799 0.745635 0.768489 0.794763 0.824955 0.859684 0.899729 0.946077 1.000000 0.969731 0.936841 0.908225 0.883371 0.861862 0.843358 0.827585 0.814316 0.803371 0.794605 0.787906 0.783190 0.780399 0.779499 0.780479 0.783352 0.788151 0.794936 0.803792 0.802994 0.778491 0.757208 0.738791 0.722949 0.709446 0.698088 0.688722 0.681222 0.675495 0.671466 0.669088 0.668332 0.669187 0.671664 0.675794 0.681627 0.689237 0.698721 0.710205 0.723845 0.739836 0.758419 0.779886 0.804599 0.832705 0.809525 0.789451 0.772164 0.757403 0.744957 0.734655 0.726360 0.719965 0.715390 0.712579 0.711497 0.712131 0.714489 0.718600 0.724514 0.732305 0.742072 0.753945 0.768084 0.784689 0.804009 0.826345 0.852068 0.881637 0.915617 0.903827 0.881456 0.862193 0.845748 0.831885 0.820413 0.811182 0.804071 0.798992 0.795882 0.794703 0.795441 0.798105 0.802727 0.809365 0.818100 0.829045 0.842343 0.836086 0.805822 0.779485 0.756580 0.736706 0.719539 0.704814 0.692313 0.681862 808.500000 1.193798 0.860889
0.581365 0.553683 0.529735 0.508948 0.490869 0.475136 0.461457 0.449596 0.439362 0.430598 0.423176 0.416993 0.411966 0.408031 0.405136 0.403247 0.402340 0.402405 0.403442 0.405463 0.408494 0.412572 0.417748 0.424091 0.431686 0.440638 0.451079 0.463170 0.477108 0.493136 0.511553 0.532732 0.557141 0.585372 0.618186 0.656573 0.701845 0.755779 0.820833 0.900516 1.000000 0.932960 0.834076 0.755791 0.692465 0.640354 0.596875 0.560188 0.528951 0.502159 0.479049 0.459030 0.441638 0.426505 0.413338 0.401899 0.391995 0.383469 0.376193 0.370063 0.364995 0.360921 0.357790 0.355562 0.354209 0.353716 0.354075 0.355293 0.357382 0.360370 0.364293 0.369201 0.375160 0.382250 0.390573 0.400252 0.411439 0.424320 0.439127 0.456143 0.475723 0.498314 0.524484 0.554966 0.590721 0.633030 0.683641 0.745000 0.820630 0.849255 0.797293 0.753032 0.715059 0.682297 0.653912 0.629249 0.607790 0.589119 0.572900 0.558861 0.546778 0.536473 0.527796 0.520630 0.514880 0.510471 0.507350 0.505476 0.504829 0.505398 0.507193 0.510233 0.514558 0.520220 0.527293 0.535870 0.546067 0.558030 0.571939 0.588010 0.606515 0.627784 0.652227 0.680356 0.712815 0.695357 0.651093 0.613516 6880.000000 1.509902 0.568052
0.607790 0.589119 0.572900 0.558861 0.546778 0.536473 0.527796 0.520630 0.514880 0.510471 0.507350 0.505476 0.504829 0.505398 0.507193 0.510233 0.514558 0.520220 0.527293 0.535870 0.546067 0.558030 0.571939 0.588010 0.606515 0.627784 0.652227 0.680356 0.712815 0.695357 0.651093 0.613516 0.581365 0.553683 0.529735 0.508948 0.490869 0.475136 0.461457 0.449596 0.439362 0.430598 0.423176 0.416993 0.411966 0.408031 0.405136 0.403247 0.402340 0.402405 0.403442 0.405463 0.408494 0.412572 0.417748 0.424091 0.431686 0.440638 0.451079 0.463170 0.477108 0.493136 0.511553 0.532732 0.557141 0.585372 0.618186 0.656573 0.701845 0.755779 0.820833 0.900516 1.000000 0.932960 0.834076 0.755791 0.692465 0.640354 0.596875 0.560188 0.528951 0.502159 0.479049 0.459030 0.441638 0.426505 0.413338 0.401899 0.391995 0.383469 0.376193 0.370063 0.364995 0.360921 0.357790 0.355562 0.354209 0.353716 0.354075 0.355293 0.357382 0.360370 0.364293 0.369201 0.375160 0.382250 0.390573 0.400252 0.411439 0.424320 0.439127 0.456143 0.475723 0.498314 0.524484 0.554966 0.590721 0.633030 0.683641 0.745000 0.820630 0.849255 0.797293 0.753032 0.715059 0.682297 0.653912 0.629249 6880.000000 1.509902 0.568052
0.354209 0.353716 0.354075 0.355293 0.357382 0.360370 0.364293 0.369201 0.375160 0.382250 0.390573 0.400252 0.411439 0.424320 0.439127 0.456143 0.475723 0.498314 0.524484 0.554966 0.590721 0.633030 0.683641 0.745000 0.820630 0.849255 0.797293 0.753032 0.715059 0.682297 0.653912 0.629249 0.607790 0.589119 0.572900 0.558861 0.546778 0.536473 0.527796 0.520630 0.514880 0.510471 0.507350 0.505476 0.504829 0.505398 0.507193 0.510233 0.514558 0.520220 0.527293 0.535870 0.546067 0.558030 0.571939 0.588010 0.606515 0.627784 0.652227 0.680356 0.712815 0.695357 0.651093 0.613516 0.581365 0.553683 0.529735 0.508948 0.490869 0.475136 0.461457 0.449596 0.439362 0.430598 0.423176 0.416993 0.411966 0.408031 0.405136 0.403247 0.402340 0.402405 0.403442 0.405463 0.408494 0.412572 0.417748 0.424091 0.431686 0.440638 0.451079 0.463170 0.477108 0.493136 0.511553 0.532732 0.557141 0.585372 0.618186 0.656573 0.701845 0.755779 0.820833 0.900516 1.000000 0.932960 0.834076 0.755791 0.692465 0.640354 0.596875 0.560188 0.528951 0.502159 0.479049 0.459030 0.441638 0.426505 0.413338 0.401899 0.391995 0.383469 0.376193 0.370063 0.364995 0.360921 0.357790 0.355562 6880.000000 1.509902 0.568052
0.557141 0.585372 0.618186 0.656573 0.701845 0.755779 0.820833 0.900516 1.000000 0.932960 0.834076 0.755791 0.692465 0.640354 0.596875 0.560188 0.528951 0.502159 0.479049 0.459030 0.441638 0.426505 0.413338 0.401899 0.391995 0.383469 0.376193 0.370063 0.364995 0.360921 0.357790 0.355562 0.354209 0.353716 0.354075 0.355293 0.357382 0.360370 0.364293 0.369201 0.375160 0.382250 0.390573 0.400252 0.411439 0.424320 0.439127 0.456143 0.475723 0.498314 0.524484 0.554966 0.590721 0.633030 0.683641 0.745000 0.820630 0.849255 0.797293 0.753032 0.715059 0.682297 0.653912 0.629249 0.607790 0.589119 0.572900 0.558861 0.546778 0.536473 0.527796 0.520630 0.514880 0.510471 0.507350 0.505476 0.504829 0.505398 0.507193 0.510233 0.514558 0.520220 0.527293 0.535870 0.546067 0.558030 0.571939 0.588010 0.606515 0.627784 0.652227 0.680356 0.712815 0.695357 0.651093 0.613516 0.581365 0.553683 0.529735 0.508948 0.490869 0.475136 0.461457 0.449596 0.439362 0.430598 0.423176 0.416993 0.411966 0.408031 0.405136 0.403247 0.402340 0.402405 0.403442 0.405463 0.408494 0.412572 0.417748 0.424091 0.431686 0.440638 0.451079 0.463170 0.477108 0.493136 0.511553 0.532732 6880.000000 1.509902 0.568052
0.779211 0.806566 0.816750 0.821710 0.828741 0.837928 0.849391 0.863281 0.879786 0.899144 0.921643 0.947639 0.971506 0.928853 0.891847 0.859667 0.831663 0.807309 0.786181 0.767934 0.752285 0.739007 0.727912 0.718852 0.711708 0.706389 0.702830 0.700987 0.700837 0.702380 0.705633 0.710636 0.717451 0.726164 0.736889 0.737263 0.726815 0.718365 0.711804 0.707050 0.704044 0.702749 0.703150 0.705251 0.709078 0.714678 0.722121 0.731501 0.742941 0.756597 0.772660 0.791368 0.813012 0.837948 0.866616 0.899559 0.937453 0.953793 0.916603 0.884254 0.856102 0.831630 0.810415 0.792117 0.776457 0.763206 0.752182 0.743237 0.736255 0.731148 0.727852 0.726328 0.726558 0.728543 0.725010 0.715225 0.707383 0.701382 0.697148 0.694628 0.693791 0.694628 0.697148 0.701382 0.707383 0.715225 0.725010 0.736865 0.750954 0.767477 0.786681 0.808870 0.834415 0.863775 0.897518 0.936352 0.981169 1.000000 0.947312 0.901962 0.862740 0.828699 0.799095 0.773332 0.750931 0.731504 0.714735 0.700367 0.688190 0.678036 0.669766 0.663275 0.658479 0.655319 0.651547 0.649158 0.648343 0.649091 0.651413 0.655335 0.660907 0.668198 0.677301 0.688338 0.701457 0.716847 0.734737 0.755410 5713.000000 1.108023 0.826951
0.981169 1.000000 0.947312 0.901962 0.862740 0.828699 0.799095 0.773332 0.750931 0.731504 0.714735 0.700367 0.688190 0.678036 0.669766 0.663275 0.658479 0.655319 0.651547 0.649158 0.648343 0.649091 0.651413 0.655335 0.660907 0.668198 0.677301 0.688338 0.701457 0.716847 0.734737 0.755410 0.779211 0.806566 0.816750 0.821710 0.828741 0.837928 0.849391 0.863281 0.879786 0.899144 0.921643 0.947639 0.971506 0.928853 0.891847 0.859667 0.831663 0.807309 0.786181 0.767934 0.752285 0.739007 0.727912 0.718852 0.711708 0.706389 0.702830 0.700987 0.700837 0.702380 0.705633 0.710636 0.717451 0.726164 0.736889 0.737263 0.726815 0.718365 0.711804 0.707050 0.704044 0.702749 0.703150 0.705251 0.709078 0.714678 0.722121 0.731501 0.742941 0.756597 0.772660 0.791368 0.813012 0.837948 0.866616 0.899559 0.937453 0.953793 0.916603 0.884254 0.856102 0.831630 0.810415 0.792117 0.776457 0.763206 0.752182 0.743237 0.736255 0.731148 0.727852 0.726328 0.726558 0.728543 0.725010 0.715225 0.707383 0.701382 0.697148 0.694628 0.693791 0.694628 0.697148 0.701382 0.707383 0.715225 0.725010 0.736865 0.750954 0.767477 0.786681 0.808870 0.834415 0.863775 0.897518 0.936352 5713.000000 1.108023 0.826951
0.776457 0.763206 0.752182 0.743237 0.736255 0.731148 0.727852 0.726328 0.726558 0.728543 0.725010 0.715225 0.707383 0.701382 0.697148 0.694628 0.693791 0.694628 0.697148 0.701382 0.707383 0.715225 0.725010 0.736865 0.750954 0.767477 0.786681 0.808870 0.834415 0.863775 0.897518 0.936352 0.981169 1.000000 0.947312 0.901962 0.862740 0.828699 0.799095 0.773332 0.750931 0.731504 0.714735 0.700367 0.688190 0.678036 0.669766 0.663275 0.658479 0.655319 0.651547 0.649158 0.648343 0.649091 0.651413 0.655335 0.660907 0.668198 0.677301 0.688338 0.701457 0.716847 0.734737 0.755410 0.779211 0.806566 0.816750 0.821710 0.828741 0.837928 0.849391 0.863281 0.879786 0.899144 0.921643 0.947639 0.971506 0.928853 0.891847 0.859667 0.831663 0.807309 0.786181 0.767934 0.752285 0.739007 0.727912 0.718852 0.711708 0.706389 0.702830 0.700987 0.700837 0.702380 0.705633 0.710636 0.717451 0.726164 0.736889 0.737263 0.726815 0.718365 0.711804 0.707050 0.704044 0.702749 0.703150 0.705251 0.709078 0.714678 0.722121 0.731501 0.742941 0.756597 0.772660 0.791368 0.813012 0.837948 0.866616 0.899559 0.937453 0.953793 0.916603 0.884254 0.856102 0.831630 0.810415 0.792117 5713.000000 1.108023 0.826951
0.717451 0.726164 0.736889 0.737263 0.726815 0.718365 0.711804 0.707050 0.704044 0.702749 0.703150 0.705251 0.709078 0.714678 0.722121 0.731501 0.742941 0.756597 0.772660 0.791368 0.813012 0.837948 0.866616 0.899559 0.937453 0.953793 0.916603 0.884254 0.856102 0.831630 0.810415 0.792117 0.776457 0.763206 0.752182 0.743237 0.736255 0.731148 0.727852 0.726328 0.726558 0.728543 0.725010 0.715225 0.707383 0.701382 0.697148 0.694628 0.693791 0.694628 0.697148 0.701382 0.707383 0.715225 0.725010 0.736865 0.750954 0.767477 0.786681 0.808870 0.834415 0.863775 0.897518 0.936352 0.981169 1.000000 0.947312 0.901962 0.862740 0.828699 0.799095 0.773332 0.750931 0.731504 0.714735 0.700367 0.688190 0.678036 0.669766 0.663275 0.658479 0.655319 0.651547 0.649158 0.648343 0.649091 0.651413 0.655335 0.660907 0.668198 0.677301 0.688338 0.701457 0.716847 0.734737 0.755410 0.779211 0.806566 0.816750 0.821710 0.828741 0.837928 0.849391 0.863281 0.879786 0.899144 0.921643 0.947639 0.971506 0.928853 0.891847 0.859667 0.831663 0.807309 0.786181 0.767934 0.752285 0.739007 0.727912 0.718852 0.711708 0.706389 0.702830 0.700987 0.700837 0.702380 0.705633 0.710636 5713.000000 1.108023 0.826951
0.633084 0.628838 0.626147 0.624978 0.625317 0.627168 0.630553 0.635971 0.648131 0.662392 0.678967 0.698117 0.720165 0.745505 0.774628 0.808144 0.846824 0.891649 0.916842 0.873085 0.835235 0.802384 0.773812 0.748948 0.727329 0.708582 0.692404 0.678546 0.666807 0.653792 0.642589 0.633263 0.625690 0.619771 0.615432 0.612619 0.611297 0.611451 0.613082 0.616211 0.620875 0.627132 0.635063 0.644769 0.656383 0.670067 0.686022 0.704493 0.725783 0.750264 0.778395 0.810747 0.848036 0.891172 0.941319 1.000000 0.943802 0.882110 0.829864 0.785248 0.746891 0.713747 0.684999 0.660006 0.638256 0.619339 0.602921 0.588732 0.576553 0.566205 0.557540 0.550443 0.544821 0.540601 0.537731 0.536177 0.535919 0.541067 0.548717 0.557949 0.568892 0.581701 0.596572 0.613739 0.633496 0.656200 0.682297 0.712342 0.747039 0.787282 0.834232 0.889415 0.954880 0.959474 0.914260 0.875130 0.841154 0.811601 0.785882 0.763527 0.744151 0.727443 0.713150 0.701063 0.691017 0.682876 0.676536 0.671916 0.668960 0.667630 0.667912 0.669809 0.673343 0.678557 0.685518 0.694313 0.705057 0.717896 0.733009 0.750620 0.734587 0.713806 0.695798 0.680275 0.667002 0.655786 0.646472 0.638938 7734.000000 1.145553 0.719604
0.841154 0.811601 0.785882 0.763527 0.744151 0.727443 0.713150 0.701063 0.691017 0.682876 0.676536 0.671916 0.668960 0.667630 0.667912 0.669809 0.673343 0.678557 0.685518 0.694313 0.705057 0.717896 0.733009 0.750620 0.734587 0.713806 0.695798 0.680275 0.667002 0.655786 0.646472 0.638938 0.633084 0.628838 0.626147 0.624978 0.625317 0.627168 0.630553 0.635971 0.648131 0.662392 0.678967 0.698117 0.720165 0.745505 0.774628 0.808144 0.846824 0.891649 0.916842 0.873085 0.835235 0.802384 0.773812 0.748948 0.727329 0.708582 0.692404 0.678546 0.666807 0.653792 0.642589 0.633263 0.625690 0.619771 0.615432 0.612619 0.611297 0.611451 0.613082 0.616211 0.620875 0.627132 0.635063 0.644769 0.656383 0.670067 0.686022 0.704493 0.725783 0.750264 0.778395 0.810747 0.848036 0.891172 0.941319 1.000000 0.943802 0.882110 0.829864 0.785248 0.746891 0.713747 0.684999 0.660006 0.638256 0.619339 0.602921 0.588732 0.576553 0.566205 0.557540 0.550443 0.544821 0.540601 0.537731 0.536177 0.535919 0.541067 0.548717 0.557949 0.568892 0.581701 0.596572 0.613739 0.633496 0.656200 0.682297 0.712342 0.747039 0.787282 0.834232 0.889415 0.954880 0.959474 0.914260 0.875130 7734.000000 1.145553 0.719604
0.638256 0.619339 0.602921 0.588732 0.576553 0.566205 0.557540 0.550443 0.544821 0.540601 0.537731 0.536177 0.535919 0.541067 0.548717 0.557949 0.568892 0.581701 0.596572 0.613739 0.633496 0.656200 0.682297 0.712342 0.747039 0.787282 0.834232 0.889415 0.954880 0.959474 0.914260 0.875130 0.841154 0.811601 0.785882 0.763527 0.744151 0.727443 0.713150 0.701063 0.691017 0.682876 0.676536 0.671916 0.668960 0.667630 0.667912 0.669809 0.673343 0.678557 0.685518 0.694313 0.705057 0.717896 0.733009 0.750620 0.734587 0.713806 0.695798 0.680275 0.667002 0.655786 0.646472 0.638938 0.633084 0.628838 0.626147 0.624978 0.625317 0.627168 0.630553 0.635971 0.648131 0.662392 0.678967 0.698117 0.720165 0.745505 0.774628 0.808144 0.846824 0.891649 0.916842 0.873085 0.835235 0.802384 0.773812 0.748948 0.727329 0.708582 0.692404 0.678546 0.666807 0.653792 0.642589 0.633263 0.625690 0.619771 0.615432 0.612619 0.611297 0.611451 0.613082 0.616211 0.620875 0.627132 0.635063 0.644769 0.656383 0.670067 0.686022 0.704493 0.725783 0.750264 0.778395 0.810747 0.848036 0.891172 0.941319 1.000000 0.943802 0.882110 0.829864 0.785248 0.746891 0.713747 0.684999 0.660006 7734.000000 1.145553 0.719604
0.625690 0.619771 0.615432 0.612619 0.611297 0.611451 0.613082 0.616211 0.620875 0.627132 0.635063 0.644769 0.656383 0.670067 0.686022 0.704493 0.725783 0.750264 0.778395 0.810747 0.848036 0.891172 0.941319 1.000000 0.943802 0.882110 0.829864 0.785248 0.746891 0.713747 0.684999 0.660006 0.638256 0.619339 0.602921 0.588732 0.576553 0.566205 0.557540 0.550443 0.544821 0.540601 0.537731 0.536177 0.535919 0.541067 0.548717 0.557949 0.568892 0.581701 0.596572 0.613739 0.633496 0.656200 0.682297 0.712342 0.747039 0.787282 0.834232 0.889415 0.954880 0.959474 0.914260 0.875130 0.841154 0.811601 0.785882 0.763527 0.744151 0.727443 0.713150 0.701063 0.691017 0.682876 0.676536 0.671916 0.668960 0.667630 0.667912 0.669809 0.673343 0.678557 0.685518 0.694313 0.705057 0.717896 0.733009 0.750620 0.734587 0.713806 0.695798 0.680275 0.667002 0.655786 0.646472 0.638938 0.633084 0.628838 0.626147 0.624978 0.625317 0.627168 0.630553 0.635971 0.648131 0.662392 0.678967 0.698117 0.720165 0.745505 0.774628 0.808144 0.846824 0.891649 0.916842 0.873085 0.835235 0.802384 0.773812 0.748948 0.727329 0.708582 0.692404 0.678546 0.666807 0.653792 0.642589 0.633263 7734.000000 1.145553 0.719604
0.692148 0.686658 0.682886 0.680787 0.680335 0.681523 0.684368 0.688903 0.695184 0.703291 0.713328 0.725429 0.739760 0.756528 0.775986 0.798447 0.824291 0.777806 0.736652 0.701238 0.670614 0.644040 0.620930 0.600819 0.583331 0.568162 0.555065 0.543840 0.534321 0.526375 0.519897 0.514801 0.511024 0.508517 0.507251 0.507211 0.508394 0.510817 0.514509 0.519515 0.525899 0.533608 0.542492 0.553032 0.565379 0.579718 0.596278 0.615337 0.637240 0.662416 0.691396 0.724855 0.763649 0.808890 0.862036 0.925043 1.000000 0.954136 0.914400 0.879877 0.849839 0.823703 0.800998 0.781344 0.764428 0.749998 0.737847 0.727809 0.719751 0.713570 0.709188 0.691308 0.665342 0.642748 0.623090 0.606016 0.591238 0.578525 0.567686 0.558566 0.551042 0.545013 0.540402 0.537152 0.535222 0.534589 0.535246 0.537200 0.540475 0.545112 0.549180 0.552181 0.556562 0.562380 0.569707 0.578640 0.589300 0.601838 0.616437 0.633326 0.652784 0.675153 0.700858 0.730428 0.764525 0.790012 0.772433 0.757406 0.744711 0.734175 0.725656 0.719045 0.714259 0.711238 0.709945 0.710366 0.712505 0.716387 0.722061 0.729598 0.739092 0.750670 0.764487 0.748695 0.733048 0.719740 0.708583 0.699426 566.000000 1.279668 0.791693
0.589300 0.601838 0.616437 0.633326 0.652784 0.675153 0.700858 0.730428 0.764525 0.790012 0.772433 0.757406 0.744711 0.734175 0.725656 0.719045 0.714259 0.711238 0.709945 0.710366 0.712505 0.716387 0.722061 0.729598 0.739092 0.750670 0.764487 0.748695 0.733048 0.719740 0.708583 0.699426 0.692148 0.686658 0.682886 0.680787 0.680335 0.681523 0.684368 0.688903 0.695184 0.703291 0.713328 0.725429 0.739760 0.756528 0.775986 0.798447 0.824291 0.777806 0.736652 0.701238 0.670614 0.644040 0.620930 0.600819 0.583331 0.568162 0.555065 0.543840 0.534321 0.526375 0.519897 0.514801 0.511024 0.508517 0.507251 0.507211 0.508394 0.510817 0.514509 0.519515 0.525899 0.533608 0.542492 0.553032 0.565379 0.579718 0.596278 0.615337 0.637240 0.662416 0.691396 0.724855 0.763649 0.808890 0.862036 0.925043 1.000000 0.954136 0.914400 0.879877 0.849839 0.823703 0.800998 0.781344 0.764428 0.749998 0.737847 0.727809 0.719751 0.713570 0.709188 0.691308 0.665342 0.642748 0.623090 0.606016 0.591238 0.578525 0.567686 0.558566 0.551042 0.545013 0.540402 0.537152 0.535222 0.534589 0.535246 0.537200 0.540475 0.545112 0.549180 0.552181 0.556562 0.562380 0.569707 0.578640 566.000000 1.279668 0.791693
0.764428 0.749998 0.737847 0.727809 0.719751 0.713570 0.709188 0.691308 0.665342 0.642748 0.623090 0.606016 0.591238 0.578525 0.567686 0.558566 0.551042 0.545013 0.540402 0.537152 0.535222 0.534589 0.535246 0.537200 0.540475 0.545112 0.549180 0.552181 0.556562 0.562380 0.569707 0.578640 0.589300 0.601838 0.616437 0.633326 0.652784 0.675153 0.700858 0.730428 0.764525 0.790012 0.772433 0.757406 0.744711 0.734175 0.725656 0.719045 0.714259 0.711238 0.709945 0.710366 0.712505 0.716387 0.722061 0.729598 0.739092 0.750670 0.764487 0.748695 0.733048 0.719740 0.708583 0.699426 0.692148 0.686658 0.682886 0.680787 0.680335 0.681523 0.684368 0.688903 0.695184 0.703291 0.713328 0.725429 0.739760 0.756528 0.775986 0.798447 0.824291 0.777806 0.736652 0.701238 0.670614 0.644040 0.620930 0.600819 0.583331 0.568162 0.555065 0.543840 0.534321 0.526375 0.519897 0.514801 0.511024 0.508517 0.507251 0.507211 0.508394 0.510817 0.514509 0.519515 0.525899 0.533608 0.542492 0.553032 0.565379 0.579718 0.596278 0.615337 0.637240 0.662416 0.691396 0.724855 0.763649 0.808890 0.862036 0.925043 1.000000 0.954136 0.914400 0.879877 0.849839 0.823703 0.800998 0.781344 566.000000 1.279668 0.791693
0.511024 0.508517 0.507251 0.507211 0.508394 0.510817 0.514509 0.519515 0.525899 0.533608 0.542492 0.553032 0.565379 0.579718 0.596278 0.615337 0.637240 0.662416 0.691396 0.724855 0.763649 0.808890 0.862036 0.925043 1.000000 0.954136 0.914400 0.879877 0.849839 0.823703 0.800998 0.781344 0.764428 0.749998 0.737847 0.727809 0.719751 0.713570 0.709188 0.691308 0.665342 0.642748 0.623090 0.606016 0.591238 0.578525 0.567686 0.558566 0.551042 0.545013 0.540402 0.537152 0.535222 0.534589 0.535246 0.537200 0.540475 0.545112 0.549180 0.552181 0.556562 0.562380 0.569707 0.578640 0.589300 0.601838 0.616437 0.633326 0.652784 0.675153 0.700858 0.730428 0.764525 0.790012 0.772433 0.757406 0.744711 0.734175 0.725656 0.719045 0.714259 0.711238 0.709945 0.710366 0.712505 0.716387 0.722061 0.729598 0.739092 0.750670 0.764487 0.748695 0.733048 0.719740 0.708583 0.699426 0.692148 0.686658 0.682886 0.680787 0.680335 0.681523 0.684368 0.688903 0.695184 0.703291 0.713328 0.725429 0.739760 0.756528 0.775986 0.798447 0.824291 0.777806 0.736652 0.701238 0.670614 0.644040 0.620930 0.600819 0.583331 0.568162 0.555065 0.543840 0.534321 0.526375 0.519897 0.514801 566.000000 1.279668 0.791693
0.622540 0.625655 0.630328 0.636616 0.644600 0.654382 0.666096 0.679904 0.696009 0.714660 0.736159 0.760882 0.789291 0.821961 0.810466 0.795398 0.782732 0.772294 0.763946 0.757583 0.753125 0.750516 0.749725 0.750742 0.753580 0.758273 0.764879 0.773481 0.784190 0.797146 0.812528 0.830556 0.851500 0.840645 0.794610 0.755079 0.720950 0.691366 0.665654 0.643281 0.623817 0.606915 0.592294 0.579725 0.569020 0.560028 0.555464 0.553456 0.552790 0.553456 0.555464 0.558838 0.563619 0.569868 0.577663 0.587110 0.598335 0.611500 0.626801 0.644481 0.664834 0.688227 0.715113 0.746054 0.781762 0.823144 0.871367 0.927967 0.979291 0.902678 0.839058 0.785583 0.740192 0.701357 0.667923 0.639001 0.613897 0.592063 0.573063 0.556543 0.542218 0.529857 0.526086 0.536506 0.548696 0.562840 0.579164 0.597948 0.619533 0.644345 0.672916 0.705919 0.744210 0.788904 0.841466 0.903864 0.978805 1.000000 0.936209 0.882065 0.835745 0.795869 0.761376 0.731437 0.705399 0.682739 0.663037 0.645953 0.631209 0.618581 0.607884 0.599891 0.595898 0.593377 0.592299 0.592650 0.594434 0.597673 0.602407 0.608695 0.616616 0.626275 0.635719 0.629641 0.625171 0.622252 0.620849 0.620945 553.500000 1.134769 0.685138
0.978805 1.000000 0.936209 0.882065 0.835745 0.795869 0.761376 0.731437 0.705399 0.682739 0.663037 0.645953 0.631209 0.618581 0.607884 0.599891 0.595898 0.593377 0.592299 0.592650 0.594434 0.597673 0.602407 0.608695 0.616616 0.626275 0.635719 0.629641 0.625171 0.622252 0.620849 0.620945 0.622540 0.625655 0.630328 0.636616 0.644600 0.654382 0.666096 0.679904 0.696009 0.714660 0.736159 0.760882 0.789291 0.821961 0.810466 0.795398 0.782732 0.772294 0.763946 0.757583 0.753125 0.750516 0.749725 0.750742 0.753580 0.758273 0.764879 0.773481 0.784190 0.797146 0.812528 0.830556 0.851500 0.840645 0.794610 0.755079 0.720950 0.691366 0.665654 0.643281 0.623817 0.606915 0.592294 0.579725 0.569020 0.560028 0.555464 0.553456 0.552790 0.553456 0.555464 0.558838 0.563619 0.569868 0.577663 0.587110 0.598335 0.611500 0.626801 0.644481 0.664834 0.688227 0.715113 0.746054 0.781762 0.823144 0.871367 0.927967 0.979291 0.902678 0.839058 0.785583 0.740192 0.701357 0.667923 0.639001 0.613897 0.592063 0.573063 0.556543 0.542218 0.529857 0.526086 0.536506 0.548696 0.562840 0.579164 0.597948 0.619533 0.644345 0.672916 0.705919 0.744210 0.788904 0.841466 0.903864 553.500000 1.134769 0.685138
0.781762 0.823144 0.871367 0.927967 0.979291 0.902678 0.839058 0.785583 0.740192 0.701357 0.667923 0.639001 0.613897 0.592063 0.573063 0.556543 0.542218 0.529857 0.526086 0.536506 0.548696 0.562840 0.579164 0.597948 0.619533 0.644345 0.672916 0.705919 0.744210 0.788904 0.841466 0.903864 0.978805 1.000000 0.936209 0.882065 0.835745 0.795869 0.761376 0.731437 0.705399 0.682739 0.663037 0.645953 0.631209 0.618581 0.607884 0.599891 0.595898 0.593377 0.592299 0.592650 0.594434 0.597673 0.602407 0.608695 0.616616 0.626275 0.635719 0.629641 0.625171 0.622252 0.620849 0.620945 0.622540 0.625655 0.630328 0.636616 0.644600 0.654382 0.666096 0.679904 0.696009 0.714660 0.736159 0.760882 0.789291 0.821961 0.810466 0.795398 0.782732 0.772294 0.763946 0.757583 0.753125 0.750516 0.749725 0.750742 0.753580 0.758273 0.764879 0.773481 0.784190 0.797146 0.812528 0.830556 0.851500 0.840645 0.794610 0.755079 0.720950 0.691366 0.665654 0.643281 0.623817 0.606915 0.592294 0.579725 0.569020 0.560028 0.555464 0.553456 0.552790 0.553456 0.555464 0.558838 0.563619 0.569868 0.577663 0.587110 0.598335 0.611500 0.626801 0.644481 0.664834 0.688227 0.715113 0.746054 553.500000 1.134769 0.685138
0.851500 0.840645 0.794610 0.755079 0.720950 0.691366 0.665654 0.643281 0.623817 0.606915 0.592294 0.579725 0.569020 0.560028 0.555464 0.553456 0.552790 0.553456 0.555464 0.558838 0.563619 0.569868 0.577663 0.587110 0.598335 0.611500 0.626801 0.644481 0.664834 0.688227 0.715113 0.746054 0.781762 0.823144 0.871367 0.927967 0.979291 0.902678 0.839058 0.785583 0.740192 0.701357 0.667923 0.639001 0.613897 0.592063 0.573063 0.556543 0.542218 0.529857 0.526086 0.536506 0.548696 0.562840 0.579164 0.597948 0.619533 0.644345 0.672916 0.705919 0.744210 0.788904 0.841466 0.903864 0.978805 1.000000 0.936209 0.882065 0.835745 0.795869 0.761376 0.731437 0.705399 0.682739 0.663037 0.645953 0.631209 0.618581 0.607884 0.599891 0.595898 0.593377 0.592299 0.592650 0.594434 0.597673 0.602407 0.608695 0.616616 0.626275 0.635719 0.629641 0.625171 0.622252 0.620849 0.620945 0.622540 0.625655 0.630328 0.636616 0.644600 0.654382 0.666096 0.679904 0.696009 0.714660 0.736159 0.760882 0.789291 0.821961 0.810466 0.795398 0.782732 0.772294 0.763946 0.757583 0.753125 0.750516 0.749725 0.750742 0.753580 0.758273 0.764879 0.773481 0.784190 0.797146 0.812528 0.830556 553.500000 1.134769 0.685138
0.698131 0.672541 0.650272 0.630901 0.614088 0.599555 0.587075 0.576464 0.567574 0.560282 0.554495 0.550138 0.547156 0.545514 0.545191 0.546183 0.548503 0.552179 0.557256 0.563797 0.571889 0.581637 0.593177 0.606676 0.622338 0.640413 0.661211 0.685110 0.712583 0.744219 0.780763 0.823166 0.872663 0.930880 1.000000 0.991828 0.939336 0.894167 0.855108 0.821214 0.791739 0.766088 0.743783 0.724436 0.707731 0.693412 0.681270 0.671135 0.662871 0.656369 0.651549 0.648349 0.646731 0.646674 0.648180 0.651265 0.655967 0.662345 0.670479 0.680475 0.692467 0.706623 0.723148 0.742295 0.764375 0.789770 0.811923 0.780729 0.753591 0.729976 0.709454 0.691674 0.676354 0.663260 0.652206 0.643037 0.635633 0.629898 0.625759 0.623166 0.622086 0.622508 0.624435 0.627891 0.632920 0.639583 0.647965 0.658176 0.670355 0.684675 0.701345 0.720627 0.742840 0.768375 0.797718 0.831475 0.840327 0.814659 0.792365 0.773072 0.756475 0.742326 0.730424 0.720607 0.712744 0.706735 0.702505 0.700002 0.699194 0.700074 0.702650 0.706955 0.713041 0.720985 0.730888 0.742882 0.757131 0.773837 0.793252 0.815681 0.841502 0.871179 0.905285 0.900062 0.846513 0.800799 0.761510 0.727567 5575.500000 1.217507 0.760324
0.840327 0.814659 0.792365 0.773072 0.756475 0.742326 0.730424 0.720607 0.712744 0.706735 0.702505 0.700002 0.699194 0.700074 0.702650 0.706955 0.713041 0.720985 0.730888 0.742882 0.757131 0.773837 0.793252 0.815681 0.841502 0.871179 0.905285 0.900062 0.846513 0.800799 0.761510 0.727567 0.698131 0.672541 0.650272 0.630901 0.614088 0.599555 0.587075 0.576464 0.567574 0.560282 0.554495 0.550138 0.547156 0.545514 0.545191 0.546183 0.548503 0.552179 0.557256 0.563797 0.571889 0.581637 0.593177 0.606676 0.622338 0.640413 0.661211 0.685110 0.712583 0.744219 0.780763 0.823166 0.872663 0.930880 1.000000 0.991828 0.939336 0.894167 0.855108 0.821214 0.791739 0.766088 0.743783 0.724436 0.707731 0.693412 0.681270 0.671135 0.662871 0.656369 0.651549 0.648349 0.646731 0.646674 0.648180 0.651265 0.655967 0.662345 0.670479 0.680475 0.692467 0.706623 0.723148 0.742295 0.764375 0.789770 0.811923 0.780729 0.753591 0.729976 0.709454 0.691674 0.676354 0.663260 0.652206 0.643037 0.635633 0.629898 0.625759 0.623166 0.622086 0.622508 0.624435 0.627891 0.632920 0.639583 0.647965 0.658176 0.670355 0.684675 0.701345 0.720627 0.742840 0.768375 0.797718 0.831475 5575.500000 1.217507 0.760324
0.764375 0.789770 0.811923 0.780729 0.753591 0.729976 0.709454 0.691674 0.676354 0.663260 0.652206 0.643037 0.635633 0.629898 0.625759 0.623166 0.622086 0.622508 0.624435 0.627891 0.632920 0.639583 0.647965 0.658176 0.670355 0.684675 0.701345 0.720627 0.742840 0.768375 0.797718 0.831475 0.840327 0.814659 0.792365 0.773072 0.756475 0.742326 0.730424 0.720607 0.712744 0.706735 0.702505 0.700002 0.699194 0.700074 0.702650 0.706955 0.713041 0.720985 0.730888 0.742882 0.757131 0.773837 0.793252 0.815681 0.841502 0.871179 0.905285 0.900062 0.846513 0.800799 0.761510 0.727567 0.698131 0.672541 0.650272 0.630901 0.614088 0.599555 0.587075 0.576464 0.567574 0.560282 0.554495 0.550138 0.547156 0.545514 0.545191 0.546183 0.548503 0.552179 0.557256 0.563797 0.571889 0.581637 0.593177 0.606676 0.622338 0.640413 0.661211 0.685110 0.712583 0.744219 0.780763 0.823166 0.872663 0.930880 1.000000 0.991828 0.939336 0.894167 0.855108 0.821214 0.791739 0.766088 0.743783 0.724436 0.707731 0.693412 0.681270 0.671135 0.662871 0.656369 0.651549 0.648349 0.646731 0.646674 0.648180 0.651265 0.655967 0.662345 0.670479 0.680475 0.692467 0.706623 0.723148 0.742295 5575.500000 1.217507 0.760324
0.872663 0.930880 1.000000 0.991828 0.939336 0.894167 0.855108 0.821214 0.791739 0.766088 0.743783 0.724436 0.707731 0.693412 0.681270 0.671135 0.662871 0.656369 0.651549 0.648349 0.646731 0.646674 0.648180 0.651265 0.655967 0.662345 0.670479 0.680475 0.692467 0.706623 0.723148 0.742295 0.764375 0.789770 0.811923 0.780729 0.753591 0.729976 0.709454 0.691674 0.676354 0.663260 0.652206 0.643037 0.635633 0.629898 0.625759 0.623166 0.622086 0.622508 0.624435 0.627891 0.632920 0.639583 0.647965 0.658176 0.670355 0.684675 0.701345 0.720627 0.742840 0.768375 0.797718 0.831475 0.840327 0.814659 0.792365 0.773072 0.756475 0.742326 0.730424 0.720607 0.712744 0.706735 0.702505 0.700002 0.699194 0.700074 0.702650 0.706955 0.713041 0.720985 0.730888 0.742882 0.757131 0.773837 0.793252 0.815681 0.841502 0.871179 0.905285 0.900062 0.846513 0.800799 0.761510 0.727567 0.698131 0.672541 0.650272 0.630901 0.614088 0.599555 0.587075 0.576464 0.567574 0.560282 0.554495 0.550138 0.547156 0.545514 0.545191 0.546183 0.548503 0.552179 0.557256 0.563797 0.571889 0.581637 0.593177 0.606676 0.622338 0.640413 0.661211 0.685110 0.712583 0.744219 0.780763 0.823166 5575.500000 1.217507 0.760324
0.771053 0.789142 0.801286 0.785252 0.771670 0.760350 0.751141 0.743923 0.738605 0.735121 0.733428 0.733506 0.735356 0.739000 0.744482 0.751872 0.761262 0.772774 0.786565 0.797030 0.789579 0.784137 0.780637 0.779037 0.779317 0.781480 0.785554 0.791587 0.799654 0.809859 0.822335 0.837249 0.854812 0.875281 0.898973 0.926278 0.957672 0.993747 1.000000 0.978839 0.960821 0.945692 0.933245 0.923317 0.915781 0.910543 0.907538 0.906730 0.908110 0.880807 0.825870 0.779150 0.739118 0.704614 0.674740 0.648796 0.626226 0.606586 0.589517 0.574729 0.561986 0.551094 0.541897 0.534268 0.528106 0.523330 0.519881 0.517717 0.516810 0.517150 0.518741 0.534864 0.557755 0.584163 0.614751 0.650372 0.692145 0.741562 0.800654 0.872264 0.960481 0.977311 0.958251 0.942148 0.928777 0.917960 0.909559 0.903467 0.899609 0.897938 0.898433 0.901101 0.905973 0.913111 0.922602 0.934568 0.949164 0.947103 0.915239 0.887518 0.863446 0.842621 0.824718 0.809469 0.796658 0.786110 0.777687 0.771281 0.766812 0.764225 0.763488 0.764594 0.755868 0.742683 0.731683 0.722719 0.715675 0.710463 0.707017 0.705295 0.705276 0.706960 0.710368 0.715541 0.722543 0.731464 0.742418 0.755553 18430.500000 1.219251 0.819234
0.949164 0.947103 0.915239 0.887518 0.863446 0.842621 0.824718 0.809469 0.796658 0.786110 0.777687 0.771281 0.766812 0.764225 0.763488 0.764594 0.755868 0.742683 0.731683 0.722719 0.715675 0.710463 0.707017 0.705295 0.705276 0.706960 0.710368 0.715541 0.722543 0.731464 0.742418 0.755553 0.771053 0.789142 0.801286 0.785252 0.771670 0.760350 0.751141 0.743923 0.738605 0.735121 0.733428 0.733506 0.735356 0.739000 0.744482 0.751872 0.761262 0.772774 0.786565 0.797030 0.789579 0.784137 0.780637 0.779037 0.779317 0.781480 0.785554 0.791587 0.799654 0.809859 0.822335 0.837249 0.854812 0.875281 0.898973 0.926278 0.957672 0.993747 1.000000 0.978839 0.960821 0.945692 0.933245 0.923317 0.915781 0.910543 0.907538 0.906730 0.908110 0.880807 0.825870 0.779150 0.739118 0.704614 0.674740 0.648796 0.626226 0.606586 0.589517 0.574729 0.561986 0.551094 0.541897 0.534268 0.528106 0.523330 0.519881 0.517717 0.516810 0.517150 0.518741 0.534864 0.557755 0.584163 0.614751 0.650372 0.692145 0.741562 0.800654 0.872264 0.960481 0.977311 0.958251 0.942148 0.928777 0.917960 0.909559 0.903467 0.899609 0.897938 0.898433 0.901101 0.905973 0.913111 0.922602 0.934568 18430.500000 1.219251 0.819234
0.528106 0.523330 0.519881 0.517717 0.516810 0.517150 0.518741 0.534864 0.557755 0.584163 0.614751 0.650372 0.692145 0.741562 0.800654 0.872264 0.960481 0.977311 0.958251 0.942148 0.928777 0.917960 0.909559 0.903467 0.899609 0.897938 0.898433 0.901101 0.905973 0.913111 0.922602 0.934568 0.949164 0.947103 0.915239 0.887518 0.863446 0.842621 0.824718 0.809469 0.796658 0.786110 0.777687 0.771281 0.766812 0.764225 0.763488 0.764594 0.755868 0.742683 0.731683 0.722719 0.715675 0.710463 0.707017 0.705295 0.705276 0.706960 0.710368 0.715541 0.722543 0.731464 0.742418 0.755553 0.771053 0.789142 0.801286 0.785252 0.771670 0.760350 0.751141 0.743923 0.738605 0.735121 0.733428 0.733506 0.735356 0.739000 0.744482 0.751872 0.761262 0.772774 0.786565 0.797030 0.789579 0.784137 0.780637 0.779037 0.779317 0.781480 0.785554 0.791587 0.799654 0.809859 0.822335 0.837249 0.854812 0.875281 0.898973 0.926278 0.957672 0.993747 1.000000 0.978839 0.960821 0.945692 0.933245 0.923317 0.915781 0.910543 0.907538 0.906730 0.908110 0.880807 0.825870 0.779150 0.739118 0.704614 0.674740 0.648796 0.626226 0.606586 0.589517 0.574729 0.561986 0.551094 0.541897 0.534268 18430.500000 1.219251 0.819234
0.854812 0.875281 0.898973 0.926278 0.957672 0.993747 1.000000 0.978839 0.960821 0.945692 0.933245 0.923317 0.915781 0.910543 0.907538 0.906730 0.908110 0.880807 0.825870 0.779150 0.739118 0.704614 0.674740 0.648796 0.626226 0.606586 0.589517 0.574729 0.561986 0.551094 0.541897 0.534268 0.528106 0.523330 0.519881 0.517717 0.516810 0.517150 0.518741 0.534864 0.557755 0.584163 0.614751 0.650372 0.692145 0.741562 0.800654 0.872264 0.960481 0.977311 0.958251 0.942148 0.928777 0.917960 0.909559 0.903467 0.899609 0.897938 0.898433 0.901101 0.905973 0.913111 0.922602 0.934568 0.949164 0.947103 0.915239 0.887518 0.863446 0.842621 0.824718 0.809469 0.796658 0.786110 0.777687 0.771281 0.766812 0.764225 0.763488 0.764594 0.755868 0.742683 0.731683 0.722719 0.715675 0.710463 0.707017 0.705295 0.705276 0.706960 0.710368 0.715541 0.722543 0.731464 0.742418 0.755553 0.771053 0.789142 0.801286 0.785252 0.771670 0.760350 0.751141 0.743923 0.738605 0.735121 0.733428 0.733506 0.735356 0.739000 0.744482 0.751872 0.761262 0.772774 0.786565 0.797030 0.789579 0.784137 0.780637 0.779037 0.779317 0.781480 0.785554 0.791587 0.799654 0.809859 0.822335 0.837249 18430.500000 1.219251 0.819234
0.957395 1.000000 0.957084 0.912582 0.874047 0.840577 0.811459 0.786121 0.764103 0.745030 0.728599 0.714561 0.702715 0.692897 0.684978 0.678854 0.674449 0.671708 0.670599 0.671108 0.673240 0.677023 0.682501 0.689744 0.698844 0.709921 0.723124 0.738641 0.756702 0.777588 0.801646 0.829302 0.861083 0.897645 0.939814 0.988640 0.981936 0.942027 0.907336 0.877148 0.850887 0.828090 0.808379 0.791448 0.777044 0.764966 0.755048 0.747161 0.741204 0.737103 0.734808 0.734290 0.735545 0.738585 0.743450 0.750198 0.758914 0.769712 0.782735 0.798161 0.816214 0.837166 0.861351 0.889182 0.921164 0.957926 0.962043 0.918246 0.880291 0.847310 0.818612 0.793643 0.771957 0.753191 0.737049 0.723290 0.711719 0.702177 0.694539 0.688707 0.684607 0.682189 0.681424 0.682303 0.684836 0.689054 0.695009 0.702776 0.712454 0.724171 0.738088 0.754404 0.773362 0.795263 0.820475 0.849451 0.882752 0.921082 0.965321 0.975591 0.936210 0.901974 0.872180 0.846265 0.823773 0.804333 0.787643 0.773458 0.761576 0.751838 0.744116 0.738311 0.734351 0.732189 0.731797 0.733170 0.736326 0.741303 0.748162 0.756990 0.767901 0.781040 0.796589 0.814772 0.835866 0.860208 0.888215 0.920398 1878.500000 1.085250 0.783808
0.882752 0.921082 0.965321 0.975591 0.936210 0.901974 0.872180 0.846265 0.823773 0.804333 0.787643 0.773458 0.761576 0.751838 0.744116 0.738311 0.734351 0.732189 0.731797 0.733170 0.736326 0.741303 0.748162 0.756990 0.767901 0.781040 0.796589 0.814772 0.835866 0.860208 0.888215 0.920398 0.957395 1.000000 0.957084 0.912582 0.874047 0.840577 0.811459 0.786121 0.764103 0.745030 0.728599 0.714561 0.702715 0.692897 0.684978 0.678854 0.674449 0.671708 0.670599 0.671108 0.673240 0.677023 0.682501 0.689744 0.698844 0.709921 0.723124 0.738641 0.756702 0.777588 0.801646 0.829302 0.861083 0.897645 0.939814 0.988640 0.981936 0.942027 0.907336 0.877148 0.850887 0.828090 0.808379 0.791448 0.777044 0.764966 0.755048 0.747161 0.741204 0.737103 0.734808 0.734290 0.735545 0.738585 0.743450 0.750198 0.758914 0.769712 0.782735 0.798161 0.816214 0.837166 0.861351 0.889182 0.921164 0.957926 0.962043 0.918246 0.880291 0.847310 0.818612 0.793643 0.771957 0.753191 0.737049 0.723290 0.711719 0.702177 0.694539 0.688707 0.684607 0.682189 0.681424 0.682303 0.684836 0.689054 0.695009 0.702776 0.712454 0.724171 0.738088 0.754404 0.773362 0.795263 0.820475 0.849451 1878.500000 1.085250 0.783808
0.921164 0.957926 0.962043 0.918246 0.880291 0.847310 0.818612 0.793643 0.771957 0.753191 0.737049 0.723290 0.711719 0.702177 0.694539 0.688707 0.684607 0.682189 0.681424 0.682303 0.684836 0.689054 0.695009 0.702776 0.712454 0.724171 0.738088 0.754404 0.773362 0.795263 0.820475 0.849451 0.882752 0.921082 0.965321 0.975591 0.936210 0.901974 0.872180 0.846265 0.823773 0.804333 0.787643 0.773458 0.761576 0.751838 0.744116 0.738311 0.734351 0.732189 0.731797 0.733170 0.736326 0.741303 0.748162 0.756990 0.767901 0.781040 0.796589 0.814772 0.835866 0.860208 0.888215 0.920398 0.957395 1.000000 0.957084 0.912582 0.874047 0.840577 0.811459 0.786121 0.764103 0.745030 0.728599 0.714561 0.702715 0.692897 0.684978 0.678854 0.674449 0.671708 0.670599 0.671108 0.673240 0.677023 0.682501 0.689744 0.698844 0.709921 0.723124 0.738641 0.756702 0.777588 0.801646 0.829302 0.861083 0.897645 0.939814 0.988640 0.981936 0.942027 0.907336 0.877148 0.850887 0.828090 0.808379 0.791448 0.777044 0.764966 0.755048 0.747161 0.741204 0.737103 0.734808 0.734290 0.735545 0.738585 0.743450 0.750198 0.758914 0.769712 0.782735 0.798161 0.816214 0.837166 0.861351 0.889182 1878.500000 1.085250 0.783808
0.861083 0.897645 0.939814 0.988640 0.981936 0.942027 0.907336 0.877148 0.850887 0.828090 0.808379 0.791448 0.777044 0.764966 0.755048 0.747161 0.741204 0.737103 0.734808 0.734290 0.735545 0.738585 0.743450 0.750198 0.758914 0.769712 0.782735 0.798161 0.816214 0.837166 0.861351 0.889182 0.921164 0.957926 0.962043 0.918246 0.880291 0.847310 0.818612 0.793643 0.771957 0.753191 0.737049 0.723290 0.711719 0.702177 0.694539 0.688707 0.684607 0.682189 0.681424 0.682303 0.684836 0.689054 0.695009 0.702776 0.712454 0.724171 0.738088 0.754404 0.773362 0.795263 0.820475 0.849451 0.882752 0.921082 0.965321 0.975591 0.936210 0.901974 0.872180 0.846265 0.823773 0.804333 0.787643 0.773458 0.761576 0.751838 0.744116 0.738311 0.734351 0.732189 0.731797 0.733170 0.736326 0.741303 0.748162 0.756990 0.767901 0.781040 0.796589 0.814772 0.835866 0.860208 0.888215 0.920398 0.957395 1.000000 0.957084 0.912582 0.874047 0.840577 0.811459 0.786121 0.764103 0.745030 0.728599 0.714561 0.702715 0.692897 0.684978 0.678854 0.674449 0.671708 0.670599 0.671108 0.673240 0.677023 0.682501 0.689744 0.698844 0.709921 0.723124 0.738641 0.756702 0.777588 0.801646 0.829302 1878.500000 1.085250 0.783808
0.770333 0.804643 0.844280 0.890280 0.943987 0.937501 0.903706 0.874297 0.848721 0.826534 0.807373 0.790942 0.777002 0.765356 0.755848 0.748354 0.742779 0.739054 0.737133 0.736993 0.738632 0.742070 0.747349 0.754534 0.763717 0.775016 0.788582 0.804605 0.809946 0.774438 0.743629 0.716839 0.693524 0.673249 0.655660 0.640471 0.627447 0.616397 0.607167 0.599633 0.593697 0.589282 0.586335 0.584818 0.584715 0.586023 0.588759 0.592955 0.598665 0.605959 0.614933 0.625707 0.638430 0.653288 0.670509 0.690369 0.713213 0.739463 0.769643 0.804413 0.844604 0.891282 0.945833 1.000000 0.948470 0.904061 0.865617 0.832232 0.803190 0.777918 0.755953 0.736920 0.720516 0.706491 0.694643 0.684809 0.676857 0.670685 0.666214 0.663391 0.662180 0.662566 0.664555 0.668171 0.673457 0.680480 0.689329 0.700120 0.713000 0.728149 0.745792 0.766202 0.789717 0.816752 0.847817 0.883552 0.912237 0.863124 0.820905 0.784426 0.752787 0.725281 0.701344 0.680524 0.662454 0.646837 0.633430 0.622036 0.612494 0.604675 0.598476 0.593820 0.590647 0.588919 0.588616 0.589732 0.592283 0.596298 0.601828 0.608942 0.617732 0.628316 0.640839 0.655483 0.672470 0.692072 0.714625 0.740541 2670.000000 1.219689 0.762802
0.912237 0.863124 0.820905 0.784426 0.752787 0.725281 0.701344 0.680524 0.662454 0.646837 0.633430 0.622036 0.612494 0.604675 0.598476 0.593820 0.590647 0.588919 0.588616 0.589732 0.592283 0.596298 0.601828 0.608942 0.617732 0.628316 0.640839 0.655483 0.672470 0.692072 0.714625 0.740541 0.770333 0.804643 0.844280 0.890280 0.943987 0.937501 0.903706 0.874297 0.848721 0.826534 0.807373 0.790942 0.777002 0.765356 0.755848 0.748354 0.742779 0.739054 0.737133 0.736993 0.738632 0.742070 0.747349 0.754534 0.763717 0.775016 0.788582 0.804605 0.809946 0.774438 0.743629 0.716839 0.693524 0.673249 0.655660 0.640471 0.627447 0.616397 0.607167 0.599633 0.593697 0.589282 0.586335 0.584818 0.584715 0.586023 0.588759 0.592955 0.598665 0.605959 0.614933 0.625707 0.638430 0.653288 0.670509 0.690369 0.713213 0.739463 0.769643 0.804413 0.844604 0.891282 0.945833 1.000000 0.948470 0.904061 0.865617 0.832232 0.803190 0.777918 0.755953 0.736920 0.720516 0.706491 0.694643 0.684809 0.676857 0.670685 0.666214 0.663391 0.662180 0.662566 0.664555 0.668171 0.673457 0.680480 0.689329 0.700120 0.713000 0.728149 0.745792 0.766202 0.789717 0.816752 0.847817 0.883552 2670.000000 1.219689 0.762802
0.948470 0.904061 0.865617 0.832232 0.803190 0.777918 0.755953 0.736920 0.720516 0.706491 0.694643 0.684809 0.676857 0.670685 0.666214 0.663391 0.662180 0.662566 0.664555 0.668171 0.673457 0.680480 0.689329 0.700120 0.713000 0.728149 0.745792 0.766202 0.789717 0.816752 0.847817 0.883552 0.912237 0.863124 0.820905 0.784426 0.752787 0.725281 0.701344 0.680524 0.662454 0.646837 0.633430 0.622036 0.612494 0.604675 0.598476 0.593820 0.590647 0.588919 0.588616 0.589732 0.592283 0.596298 0.601828 0.608942 0.617732 0.628316 0.640839 0.655483 0.672470 0.692072 0.714625 0.740541 0.770333 0.804643 0.844280 0.890280 0.943987 0.937501 0.903706 0.874297 0.848721 0.826534 0.807373 0.790942 0.777002 0.765356 0.755848 0.748354 0.742779 0.739054 0.737133 0.736993 0.738632 0.742070 0.747349 0.754534 0.763717 0.775016 0.788582 0.804605 0.809946 0.774438 0.743629 0.716839 0.693524 0.673249 0.655660 0.640471 0.627447 0.616397 0.607167 0.599633 0.593697 0.589282 0.586335 0.584818 0.584715 0.586023 0.588759 0.592955 0.598665 0.605959 0.614933 0.625707 0.638430 0.653288 0.670509 0.690369 0.713213 0.739463 0.769643 0.804413 0.844604 0.891282 0.945833 1.000000 2670.000000 1.219689 0.762802
0.693524 0.673249 0.655660 0.640471 0.627447 0.616397 0.607167 0.599633 0.593697 0.589282 0.586335 0.584818 0.584715 0.586023 0.588759 0.592955 0.598665 0.605959 0.614933 0.625707 0.638430 0.653288 0.670509 0.690369 0.713213 0.739463 0.769643 0.804413 0.844604 0.891282 0.945833 1.000000 0.948470 0.904061 0.865617 0.832232 0.803190 0.777918 0.755953 0.736920 0.720516 0.706491 0.694643 0.684809 0.676857 0.670685 0.666214 0.663391 0.662180 0.662566 0.664555 0.668171 0.673457 0.680480 0.689329 0.700120 0.713000 0.728149 0.745792 0.766202 0.789717 0.816752 0.847817 0.883552 0.912237 0.863124 0.820905 0.784426 0.752787 0.725281 0.701344 0.680524 0.662454 0.646837 0.633430 0.622036 0.612494 0.604675 0.598476 0.593820 0.590647 0.588919 0.588616 0.589732 0.592283 0.596298 0.601828 0.608942 0.617732 0.628316 0.640839 0.655483 0.672470 0.692072 0.714625 0.740541 0.770333 0.804643 0.844280 0.890280 0.943987 0.937501 0.903706 0.874297 0.848721 0.826534 0.807373 0.790942 0.777002 0.765356 0.755848 0.748354 0.742779 0.739054 0.737133 0.736993 0.738632 0.742070 0.747349 0.754534 0.763717 0.775016 0.788582 0.804605 0.809946 0.774438 0.743629 0.716839 2670.000000 1.219689 0.762802
0.849651 0.825335 0.804255 0.786071 0.770507 0.757337 0.746376 0.737480 0.730533 0.725447 0.722158 0.720628 0.720837 0.722788 0.726504 0.732032 0.739439 0.748820 0.760297 0.774026 0.790198 0.809051 0.829615 0.797851 0.770216 0.746169 0.725272 0.707172 0.691578 0.678255 0.667013 0.657696 0.650181 0.644370 0.640191 0.637591 0.636540 0.637025 0.639051 0.642643 0.647845 0.654723 0.663363 0.673879 0.655407 0.639155 0.625159 0.613208 0.603132 0.594791 0.588075 0.582897 0.579193 0.576917 0.576041 0.576555 0.578464 0.581792 0.586580 0.592888 0.600796 0.610408 0.621855 0.635299 0.650941 0.653608 0.653598 0.655166 0.658332 0.663134 0.669632 0.677907 0.688068 0.700250 0.714625 0.731401 0.750835 0.773245 0.799017 0.828632 0.862685 0.901922 0.947290 1.000000 0.985563 0.918885 0.862604 0.814669 0.773546 0.738068 0.707331 0.680625 0.657389 0.637172 0.619609 0.604405 0.591320 0.580158 0.570759 0.562994 0.556761 0.551979 0.544913 0.536193 0.529003 0.523246 0.518850 0.515760 0.513937 0.513359 0.514019 0.515925 0.519101 0.523585 0.529434 0.536723 0.545548 0.556030 0.568319 0.582598 0.599094 0.618083 0.639908 0.664991 0.693861 0.727182 0.765803 0.810820 1541.500000 1.327140 0.796363
0.591320 0.580158 0.570759 0.562994 0.556761 0.551979 0.544913 0.536193 0.529003 0.523246 0.518850 0.515760 0.513937 0.513359 0.514019 0.515925 0.519101 0.523585 0.529434 0.536723 0.545548 0.556030 0.568319 0.582598 0.599094 0.618083 0.639908 0.664991 0.693861 0.727182 0.765803 0.810820 0.849651 0.825335 0.804255 0.786071 0.770507 0.757337 0.746376 0.737480 0.730533 0.725447 0.722158 0.720628 0.720837 0.722788 0.726504 0.732032 0.739439 0.748820 0.760297 0.774026 0.790198 0.809051 0.829615 0.797851 0.770216 0.746169 0.725272 0.707172 0.691578 0.678255 0.667013 0.657696 0.650181 0.644370 0.640191 0.637591 0.636540 0.637025 0.639051 0.642643 0.647845 0.654723 0.663363 0.673879 0.655407 0.639155 0.625159 0.613208 0.603132 0.594791 0.588075 0.582897 0.579193 0.576917 0.576041 0.576555 0.578464 0.581792 0.586580 0.592888 0.600796 0.610408 0.621855 0.635299 0.650941 0.653608 0.653598 0.655166 0.658332 0.663134 0.669632 0.677907 0.688068 0.700250 0.714625 0.731401 0.750835 0.773245 0.799017 0.828632 0.862685 0.901922 0.947290 1.000000 0.985563 0.918885 0.862604 0.814669 0.773546 0.738068 0.707331 0.680625 0.657389 0.637172 0.619609 0.604405 1541.500000 1.327140 0.796363
0.650941 0.653608 0.653598 0.655166 0.658332 0.663134 0.669632 0.677907 0.688068 0.700250 0.714625 0.731401 0.750835 0.773245 0.799017 0.828632 0.862685 0.901922 0.947290 1.000000 0.985563 0.918885 0.862604 0.814669 0.773546 0.738068 0.707331 0.680625 0.657389 0.637172 0.619609 0.604405 0.591320 0.580158 0.570759 0.562994 0.556761 0.551979 0.544913 0.536193 0.529003 0.523246 0.518850 0.515760 0.513937 0.513359 0.514019 0.515925 0.519101 0.523585 0.529434 0.536723 0.545548 0.556030 0.568319 0.582598 0.599094 0.618083 0.639908 0.664991 0.693861 0.727182 0.765803 0.810820 0.849651 0.825335 0.804255 0.786071 0.770507 0.757337 0.746376 0.737480 0.730533 0.725447 0.722158 0.720628 0.720837 0.722788 0.726504 0.732032 0.739439 0.748820 0.760297 0.774026 0.790198 0.809051 0.829615 0.797851 0.770216 0.746169 0.725272 0.707172 0.691578 0.678255 0.667013 0.657696 0.650181 0.644370 0.640191 0.637591 0.636540 0.637025 0.639051 0.642643 0.647845 0.654723 0.663363 0.673879 0.655407 0.639155 0.625159 0.613208 0.603132 0.594791 0.588075 0.582897 0.579193 0.576917 0.576041 0.576555 0.578464 0.581792 0.586580 0.592888 0.600796 0.610408 0.621855 0.635299 1541.500000 1.327140 0.796363
0.650181 0.644370 0.640191 0.637591 0.636540 0.637025 0.639051 0.642643 0.647845 0.654723 0.663363 0.673879 0.655407 0.639155 0.625159 0.613208 0.603132 0.594791 0.588075 0.582897 0.579193 0.576917 0.576041 0.576555 0.578464 0.581792 0.586580 0.592888 0.600796 0.610408 0.621855 0.635299 0.650941 0.653608 0.653598 0.655166 0.658332 0.663134 0.669632 0.677907 0.688068 0.700250 0.714625 0.731401 0.750835 0.773245 0.799017 0.828632 0.862685 0.901922 0.947290 1.000000 0.985563 0.918885 0.862604 0.814669 0.773546 0.738068 0.707331 0.680625 0.657389 0.637172 0.619609 0.604405 0.591320 0.580158 0.570759 0.562994 0.556761 0.551979 0.544913 0.536193 0.529003 0.523246 0.518850 0.515760 0.513937 0.513359 0.514019 0.515925 0.519101 0.523585 0.529434 0.536723 0.545548 0.556030 0.568319 0.582598 0.599094 0.618083 0.639908 0.664991 0.693861 0.727182 0.765803 0.810820 0.849651 0.825335 0.804255 0.786071 0.770507 0.757337 0.746376 0.737480 0.730533 0.725447 0.722158 0.720628 0.720837 0.722788 0.726504 0.732032 0.739439 0.748820 0.760297 0.774026 0.790198 0.809051 0.829615 0.797851 0.770216 0.746169 0.725272 0.707172 0.691578 0.678255 0.667013 0.657696 1541.500000 1.327140 0.796363
0.666021 0.642824 0.622637 0.605094 0.589893 0.576794 0.565596 0.556139 0.548293 0.541952 0.537035 0.533480 0.531243 0.530298 0.530631 0.532248 0.535168 0.539428 0.545079 0.552194 0.560866 0.571213 0.583381 0.597550 0.613940 0.632822 0.654528 0.679472 0.708166 0.741255 0.779558 0.824129 0.876344 0.938036 0.983083 0.929578 0.883616 0.843922 0.809507 0.779593 0.753563 0.730918 0.711258 0.694257 0.679649 0.667217 0.656785 0.648213 0.641386 0.636218 0.632645 0.630623 0.630127 0.631150 0.633706 0.637826 0.643561 0.650981 0.660184 0.671292 0.684456 0.699867 0.717757 0.738411 0.710250 0.680258 0.654209 0.631547 0.611826 0.594689 0.579845 0.567057 0.556132 0.546912 0.539271 0.533107 0.528340 0.524912 0.522779 0.521916 0.522311 0.523971 0.526915 0.531178 0.536815 0.543898 0.552518 0.562794 0.574871 0.588927 0.605182 0.623905 0.645429 0.670163 0.698619 0.731438 0.769437 0.813670 0.865509 0.926789 1.000000 0.988997 0.932492 0.884110 0.842431 0.806359 0.775040 0.747797 0.724089 0.703481 0.685620 0.670218 0.657041 0.645898 0.636634 0.629127 0.623279 0.619016 0.616286 0.615054 0.615308 0.617048 0.620297 0.625094 0.631499 0.639594 0.649484 0.661302 7915.500000 1.491542 0.727402
0.769437 0.813670 0.865509 0.926789 1.000000 0.988997 0.932492 0.884110 0.842431 0.806359 0.775040 0.747797 0.724089 0.703481 0.685620 0.670218 0.657041 0.645898 0.636634 0.629127 0.623279 0.619016 0.616286 0.615054 0.615308 0.617048 0.620297 0.625094 0.631499 0.639594 0.649484 0.661302 0.666021 0.642824 0.622637 0.605094 0.589893 0.576794 0.565596 0.556139 0.548293 0.541952 0.537035 0.533480 0.531243 0.530298 0.530631 0.532248 0.535168 0.539428 0.545079 0.552194 0.560866 0.571213 0.583381 0.597550 0.613940 0.632822 0.654528 0.679472 0.708166 0.741255 0.779558 0.824129 0.876344 0.938036 0.983083 0.929578 0.883616 0.843922 0.809507 0.779593 0.753563 0.730918 0.711258 0.694257 0.679649 0.667217 0.656785 0.648213 0.641386 0.636218 0.632645 0.630623 0.630127 0.631150 0.633706 0.637826 0.643561 0.650981 0.660184 0.671292 0.684456 0.699867 0.717757 0.738411 0.710250 0.680258 0.654209 0.631547 0.611826 0.594689 0.579845 0.567057 0.556132 0.546912 0.539271 0.533107 0.528340 0.524912 0.522779 0.521916 0.522311 0.523971 0.526915 0.531178 0.536815 0.543898 0.552518 0.562794 0.574871 0.588927 0.605182 0.623905 0.645429 0.670163 0.698619 0.731438 7915.500000 1.491542 0.727402
0.710250 0.680258 0.654209 0.631547 0.611826 0.594689 0.579845 0.567057 0.556132 0.546912 0.539271 0.533107 0.528340 0.524912 0.522779 0.521916 0.522311 0.523971 0.526915 0.531178 0.536815 0.543898 0.552518 0.562794 0.574871 0.588927 0.605182 0.623905 0.645429 0.670163 0.698619 0.731438 0.769437 0.813670 0.865509 0.926789 1.000000 0.988997 0.932492 0.884110 0.842431 0.806359 0.775040 0.747797 0.724089 0.703481 0.685620 0.670218 0.657041 0.645898 0.636634 0.629127 0.623279 0.619016 0.616286 0.615054 0.615308 0.617048 0.620297 0.625094 0.631499 0.639594 0.649484 0.661302 0.666021 0.642824 0.622637 0.605094 0.589893 0.576794 0.565596 0.556139 0.548293 0.541952 0.537035 0.533480 0.531243 0.530298 0.530631 0.532248 0.535168 0.539428 0.545079 0.552194 0.560866 0.571213 0.583381 0.597550 0.613940 0.632822 0.654528 0.679472 0.708166 0.741255 0.779558 0.824129 0.876344 0.938036 0.983083 0.929578 0.883616 0.843922 0.809507 0.779593 0.753563 0.730918 0.711258 0.694257 0.679649 0.667217 0.656785 0.648213 0.641386 0.636218 0.632645 0.630623 0.630127 0.631150 0.633706 0.637826 0.643561 0.650981 0.660184 0.671292 0.684456 0.699867 0.717757 0.738411 7915.500000 1.491542 0.727402
0.876344 0.938036 0.983083 0.929578 0.883616 0.843922 0.809507 0.779593 0.753563 0.730918 0.711258 0.694257 0.679649 0.667217 0.656785 0.648213 0.641386 0.636218 0.632645 0.630623 0.630127 0.631150 0.633706 0.637826 0.643561 0.650981 0.660184 0.671292 0.684456 0.699867 0.717757 0.738411 0.710250 0.680258 0.654209 0.631547 0.611826 0.594689 0.579845 0.567057 0.556132 0.546912 0.539271 0.533107 0.528340 0.524912 0.522779 0.521916 0.522311 0.523971 0.526915 0.531178 0.536815 0.543898 0.552518 0.562794 0.574871 0.588927 0.605182 0.623905 0.645429 0.670163 0.698619 0.731438 0.769437 0.813670 0.865509 0.926789 1.000000 0.988997 0.932492 0.884110 0.842431 0.806359 0.775040 0.747797 0.724089 0.703481 0.685620 0.670218 0.657041 0.645898 0.636634 0.629127 0.623279 0.619016 0.616286 0.615054 0.615308 0.617048 0.620297 0.625094 0.631499 0.639594 0.649484 0.661302 0.666021 0.642824 0.622637 0.605094 0.589893 0.576794 0.565596 0.556139 0.548293 0.541952 0.537035 0.533480 0.531243 0.530298 0.530631 0.532248 0.535168 0.539428 0.545079 0.552194 0.560866 0.571213 0.583381 0.597550 0.613940 0.632822 0.654528 0.679472 0.708166 0.741255 0.779558 0.824129 7915.500000 1.491542 0.727402
0.461057 0.468760 0.477896 0.488595 0.501018 0.515364 0.531875 0.550850 0.572660 0.597767 0.626755 0.660371 0.699577 0.745643 0.800266 0.865776 0.945449 0.961605 0.926563 0.896067 0.869543 0.846524 0.826633 0.809561 0.795056 0.782915 0.772973 0.765101 0.759198 0.755190 0.753030 0.752689 0.754165 0.757476 0.762661 0.769784 0.778937 0.790236 0.796490 0.760952 0.730133 0.703342 0.680028 0.659748 0.642146 0.626929 0.613861 0.602749 0.593436 0.585797 0.579731 0.575160 0.572028 0.570297 0.569945 0.570968 0.573379 0.577206 0.576934 0.573030 0.570543 0.569444 0.569719 0.571372 0.574421 0.578906 0.584882 0.592424 0.601631 0.612629 0.625571 0.640648 0.658095 0.655832 0.651336 0.648452 0.647146 0.647402 0.649222 0.652630 0.657666 0.664394 0.672898 0.683291 0.695712 0.710335 0.727377 0.747101 0.769830 0.795963 0.825993 0.860532 0.900349 0.946420 1.000000 0.991054 0.944705 0.904580 0.869734 0.839420 0.813041 0.790115 0.770251 0.753131 0.738496 0.726135 0.705377 0.664635 0.629777 0.599766 0.573804 0.551270 0.531672 0.514616 0.499787 0.486929 0.475833 0.466330 0.458282 0.451577 0.446124 0.441853 0.440348 0.441018 0.442758 0.445589 0.449547 0.454681 1698.000000 1.355034 0.761646
0.944705 0.904580 0.869734 0.839420 0.813041 0.790115 0.770251 0.753131 0.738496 0.726135 0.705377 0.664635 0.629777 0.599766 0.573804 0.551270 0.531672 0.514616 0.499787 0.486929 0.475833 0.466330 0.458282 0.451577 0.446124 0.441853 0.440348 0.441018 0.442758 0.445589 0.449547 0.454681 0.461057 0.468760 0.477896 0.488595 0.501018 0.515364 0.531875 0.550850 0.572660 0.597767 0.626755 0.660371 0.699577 0.745643 0.800266 0.865776 0.945449 0.961605 0.926563 0.896067 0.869543 0.846524 0.826633 0.809561 0.795056 0.782915 0.772973 0.765101 0.759198 0.755190 0.753030 0.752689 0.754165 0.757476 0.762661 0.769784 0.778937 0.790236 0.796490 0.760952 0.730133 0.703342 0.680028 0.659748 0.642146 0.626929 0.613861 0.602749 0.593436 0.585797 0.579731 0.575160 0.572028 0.570297 0.569945 0.570968 0.573379 0.577206 0.576934 0.573030 0.570543 0.569444 0.569719 0.571372 0.574421 0.578906 0.584882 0.592424 0.601631 0.612629 0.625571 0.640648 0.658095 0.655832 0.651336 0.648452 0.647146 0.647402 0.649222 0.652630 0.657666 0.664394 0.672898 0.683291 0.695712 0.710335 0.727377 0.747101 0.769830 0.795963 0.825993 0.860532 0.900349 0.946420 1.000000 0.991054 1698.000000 1.355034 0.761646
0.574421 0.578906 0.584882 0.592424 0.601631 0.612629 0.625571 0.640648 0.658095 0.655832 0.651336 0.648452 0.647146 0.647402 0.649222 0.652630 0.657666 0.664394 0.672898 0.683291 0.695712 0.710335 0.727377 0.747101 0.769830 0.795963 0.825993 0.860532 0.900349 0.946420 1.000000 0.991054 0.944705 0.904580 0.869734 0.839420 0.813041 0.790115 0.770251 0.753131 0.738496 0.726135 0.705377 0.664635 0.629777 0.599766 0.573804 0.551270 0.531672 0.514616 0.499787 0.486929 0.475833 0.466330 0.458282 0.451577 0.446124 0.441853 0.440348 0.441018 0.442758 0.445589 0.449547 0.454681 0.461057 0.468760 0.477896 0.488595 0.501018 0.515364 0.531875 0.550850 0.572660 0.597767 0.626755 0.660371 0.699577 0.745643 0.800266 0.865776 0.945449 0.961605 0.926563 0.896067 0.869543 0.846524 0.826633 0.809561 0.795056 0.782915 0.772973 0.765101 0.759198 0.755190 0.753030 0.752689 0.754165 0.757476 0.762661 0.769784 0.778937 0.790236 0.796490 0.760952 0.730133 0.703342 0.680028 0.659748 0.642146 0.626929 0.613861 0.602749 0.593436 0.585797 0.579731 0.575160 0.572028 0.570297 0.569945 0.570968 0.573379 0.577206 0.576934 0.573030 0.570543 0.569444 0.569719 0.571372 1698.000000 1.355034 0.761646
0.754165 0.757476 0.762661 0.769784 0.778937 0.790236 0.796490 0.760952 0.730133 0.703342 0.680028 0.659748 0.642146 0.626929 0.613861 0.602749 0.593436 0.585797 0.579731 0.575160 0.572028 0.570297 0.569945 0.570968 0.573379 0.577206 0.576934 0.573030 0.570543 0.569444 0.569719 0.571372 0.574421 0.578906 0.584882 0.592424 0.601631 0.612629 0.625571 0.640648 0.658095 0.655832 0.651336 0.648452 0.647146 0.647402 0.649222 0.652630 0.657666 0.664394 0.672898 0.683291 0.695712 0.710335 0.727377 0.747101 0.769830 0.795963 0.825993 0.860532 0.900349 0.946420 1.000000 0.991054 0.944705 0.904580 0.869734 0.839420 0.813041 0.790115 0.770251 0.753131 0.738496 0.726135 0.705377 0.664635 0.629777 0.599766 0.573804 0.551270 0.531672 0.514616 0.499787 0.486929 0.475833 0.466330 0.458282 0.451577 0.446124 0.441853 0.440348 0.441018 0.442758 0.445589 0.449547 0.454681 0.461057 0.468760 0.477896 0.488595 0.501018 0.515364 0.531875 0.550850 0.572660 0.597767 0.626755 0.660371 0.699577 0.745643 0.800266 0.865776 0.945449 0.961605 0.926563 0.896067 0.869543 0.846524 0.826633 0.809561 0.795056 0.782915 0.772973 0.765101 0.759198 0.755190 0.753030 0.752689 1698.000000 1.355034 0.761646
0.563023 0.609763 0.666718 0.737368 0.826993 0.944010 0.980686 0.893781 0.822846 0.764048 0.714699 0.672861 0.637101 0.606336 0.579739 0.556661 0.536593 0.519130 0.503942 0.490767 0.479389 0.469632 0.461354 0.454438 0.448792 0.444341 0.441030 0.438818 0.437676 0.437592 0.438565 0.440605 0.443739 0.448004 0.453456 0.460163 0.468218 0.477730 0.488839 0.501715 0.516565 0.533646 0.553274 0.575841 0.601839 0.599138 0.575324 0.554615 0.536593 0.520922 0.507327 0.495587 0.485521 0.476982 0.469851 0.464032 0.459448 0.456041 0.453770 0.452607 0.452536 0.453559 0.455686 0.458944 0.463373 0.469030 0.475987 0.484338 0.494200 0.505714 0.519059 0.534449 0.552151 0.572492 0.595879 0.622823 0.653969 0.690144 0.732423 0.782228 0.841476 0.912814 1.000000 0.880632 0.778812 0.699608 0.636418 0.584990 0.542461 0.506835 0.476678 0.450933 0.428807 0.409692 0.393114 0.378703 0.366162 0.355253 0.345785 0.337600 0.330572 0.324596 0.319589 0.315483 0.312223 0.309769 0.308089 0.307164 0.306981 0.307539 0.308844 0.310913 0.313771 0.317453 0.322008 0.327496 0.333993 0.341593 0.350410 0.360586 0.372294 0.385749 0.401216 0.419027 0.439600 0.463472 0.491338 0.524112 6917.000000 1.822458 0.527330
0.366162 0.355253 0.345785 0.337600 0.330572 0.324596 0.319589 0.315483 0.312223 0.309769 0.308089 0.307164 0.306981 0.307539 0.308844 0.310913 0.313771 0.317453 0.322008 0.327496 0.333993 0.341593 0.350410 0.360586 0.372294 0.385749 0.401216 0.419027 0.439600 0.463472 0.491338 0.524112 0.563023 0.609763 0.666718 0.737368 0.826993 0.944010 0.980686 0.893781 0.822846 0.764048 0.714699 0.672861 0.637101 0.606336 0.579739 0.556661 0.536593 0.519130 0.503942 0.490767 0.479389 0.469632 0.461354 0.454438 0.448792 0.444341 0.441030 0.438818 0.437676 0.437592 0.438565 0.440605 0.443739 0.448004 0.453456 0.460163 0.468218 0.477730 0.488839 0.501715 0.516565 0.533646 0.553274 0.575841 0.601839 0.599138 0.575324 0.554615 0.536593 0.520922 0.507327 0.495587 0.485521 0.476982 0.469851 0.464032 0.459448 0.456041 0.453770 0.452607 0.452536 0.453559 0.455686 0.458944 0.463373 0.469030 0.475987 0.484338 0.494200 0.505714 0.519059 0.534449 0.552151 0.572492 0.595879 0.622823 0.653969 0.690144 0.732423 0.782228 0.841476 0.912814 1.000000 0.880632 0.778812 0.699608 0.636418 0.584990 0.542461 0.506835 0.476678 0.450933 0.428807 0.409692 0.393114 0.378703 6917.000000 1.822458 0.527330
0.463373 0.469030 0.475987 0.484338 0.494200 0.505714 0.519059 0.534449 0.552151 0.572492 0.595879 0.622823 0.653969 0.690144 0.732423 0.782228 0.841476 0.912814 1.000000 0.880632 0.778812 0.699608 0.636418 0.584990 0.542461 0.506835 0.476678 0.450933 0.428807 0.409692 0.393114 0.378703 0.366162 0.355253 0.345785 0.337600 0.330572 0.324596 0.319589 0.315483 0.312223 0.309769 0.308089 0.307164 0.306981 0.307539 0.308844 0.310913 0.313771 0.317453 0.322008 0.327496 0.333993 0.341593 0.350410 0.360586 0.372294 0.385749 0.401216 0.419027 0.439600 0.463472 0.491338 0.524112 0.563023 0.609763 0.666718 0.737368 0.826993 0.944010 0.980686 0.893781 0.822846 0.764048 0.714699 0.672861 0.637101 0.606336 0.579739 0.556661 0.536593 0.519130 0.503942 0.490767 0.479389 0.469632 0.461354 0.454438 0.448792 0.444341 0.441030 0.438818 0.437676 0.437592 0.438565 0.440605 0.443739 0.448004 0.453456 0.460163 0.468218 0.477730 0.488839 0.501715 0.516565 0.533646 0.553274 0.575841 0.601839 0.599138 0.575324 0.554615 0.536593 0.520922 0.507327 0.495587 0.485521 0.476982 0.469851 0.464032 0.459448 0.456041 0.453770 0.452607 0.452536 0.453559 0.455686 0.458944 6917.000000 1.822458 0.527330
0.443739 0.448004 0.453456 0.460163 0.468218 0.477730 0.488839 0.501715 0.516565 0.533646 0.553274 0.575841 0.601839 0.599138 0.575324 0.554615 0.536593 0.520922 0.507327 0.495587 0.485521 0.476982 0.469851 0.464032 0.459448 0.456041 0.453770 0.452607 0.452536 0.453559 0.455686 0.458944 0.463373 0.469030 0.475987 0.484338 0.494200 0.505714 0.519059 0.534449 0.552151 0.572492 0.595879 0.622823 0.653969 0.690144 0.732423 0.782228 0.841476 0.912814 1.000000 0.880632 0.778812 0.699608 0.636418 0.584990 0.542461 0.506835 0.476678 0.450933 0.428807 0.409692 0.393114 0.378703 0.366162 0.355253 0.345785 0.337600 0.330572 0.324596 0.319589 0.315483 0.312223 0.309769 0.308089 0.307164 0.306981 0.307539 0.308844 0.310913 0.313771 0.317453 0.322008 0.327496 0.333993 0.341593 0.350410 0.360586 0.372294 0.385749 0.401216 0.419027 0.439600 0.463472 0.491338 0.524112 0.563023 0.609763 0.666718 0.737368 0.826993 0.944010 0.980686 0.893781 0.822846 0.764048 0.714699 0.672861 0.637101 0.606336 0.579739 0.556661 0.536593 0.519130 0.503942 0.490767 0.479389 0.469632 0.461354 0.454438 0.448792 0.444341 0.441030 0.438818 0.437676 0.437592 0.438565 0.440605 6917.000000 1.822458 0.527330
0.505305 0.505866 0.503469 0.502300 0.502343 0.503599 0.506084 0.509828 0.514877 0.521296 0.529168 0.538599 0.549720 0.562694 0.577721 0.595045 0.614968 0.637861 0.664187 0.694524 0.729606 0.770377 0.818061 0.874282 0.941237 1.000000 0.925862 0.863896 0.811537 0.766904 0.728588 0.695514 0.666849 0.641939 0.620263 0.601405 0.585028 0.570858 0.558671 0.548288 0.539560 0.532367 0.526616 0.521832 0.515874 0.511269 0.507958 0.505900 0.505071 0.505461 0.507073 0.509928 0.514061 0.519524 0.526385 0.534736 0.544689 0.556385 0.569998 0.585741 0.603873 0.624718 0.648671 0.676229 0.708013 0.744816 0.787655 0.773408 0.745662 0.721516 0.700519 0.682307 0.666583 0.653106 0.641678 0.632140 0.624363 0.618246 0.613713 0.610706 0.609188 0.609142 0.610567 0.613480 0.617917 0.623932 0.631602 0.641026 0.652332 0.654794 0.648874 0.644598 0.641915 0.640792 0.641214 0.643187 0.646736 0.651903 0.658753 0.667374 0.677877 0.690407 0.705139 0.722291 0.742132 0.764988 0.791263 0.821457 0.814535 0.767606 0.727447 0.692868 0.662951 0.636982 0.614395 0.594739 0.577649 0.562833 0.550050 0.539104 0.529837 0.522120 0.515849 0.510943 0.507341 0.504997 0.503883 0.503985 14322.000000 1.235682 0.730134
0.646736 0.651903 0.658753 0.667374 0.677877 0.690407 0.705139 0.722291 0.742132 0.764988 0.791263 0.821457 0.814535 0.767606 0.727447 0.692868 0.662951 0.636982 0.614395 0.594739 0.577649 0.562833 0.550050 0.539104 0.529837 0.522120 0.515849 0.510943 0.507341 0.504997 0.503883 0.503985 0.505305 0.505866 0.503469 0.502300 0.502343 0.503599 0.506084 0.509828 0.514877 0.521296 0.529168 0.538599 0.549720 0.562694 0.577721 0.595045 0.614968 0.637861 0.664187 0.694524 0.729606 0.770377 0.818061 0.874282 0.941237 1.000000 0.925862 0.863896 0.811537 0.766904 0.728588 0.695514 0.666849 0.641939 0.620263 0.601405 0.585028 0.570858 0.558671 0.548288 0.539560 0.532367 0.526616 0.521832 0.515874 0.511269 0.507958 0.505900 0.505071 0.505461 0.507073 0.509928 0.514061 0.519524 0.526385 0.534736 0.544689 0.556385 0.569998 0.585741 0.603873 0.624718 0.648671 0.676229 0.708013 0.744816 0.787655 0.773408 0.745662 0.721516 0.700519 0.682307 0.666583 0.653106 0.641678 0.632140 0.624363 0.618246 0.613713 0.610706 0.609188 0.609142 0.610567 0.613480 0.617917 0.623932 0.631602 0.641026 0.652332 0.654794 0.648874 0.644598 0.641915 0.640792 0.641214 0.643187 14322.000000 1.235682 0.730134
0.708013 0.744816 0.787655 0.773408 0.745662 0.721516 0.700519 0.682307 0.666583 0.653106 0.641678 0.632140 0.624363 0.618246 0.613713 0.610706 0.609188 0.609142 0.610567 0.613480 0.617917 0.623932 0.631602 0.641026 0.652332 0.654794 0.648874 0.644598 0.641915 0.640792 0.641214 0.643187 0.646736 0.651903 0.658753 0.667374 0.677877 0.690407 0.705139 0.722291 0.742132 0.764988 0.791263 0.821457 0.814535 0.767606 0.727447 0.692868 0.662951 0.636982 0.614395 0.594739 0.577649 0.562833 0.550050 0.539104 0.529837 0.522120 0.515849 0.510943 0.507341 0.504997 0.503883 0.503985 0.505305 0.505866 0.503469 0.502300 0.502343 0.503599 0.506084 0.509828 0.514877 0.521296 0.529168 0.538599 0.549720 0.562694 0.577721 0.595045 0.614968 0.637861 0.664187 0.694524 0.729606 0.770377 0.818061 0.874282 0.941237 1.000000 0.925862 0.863896 0.811537 0.766904 0.728588 0.695514 0.666849 0.641939 0.620263 0.601405 0.585028 0.570858 0.558671 0.548288 0.539560 0.532367 0.526616 0.521832 0.515874 0.511269 0.507958 0.505900 0.505071 0.505461 0.507073 0.509928 0.514061 0.519524 0.526385 0.534736 0.544689 0.556385 0.569998 0.585741 0.603873 0.624718 0.648671 0.676229 14322.000000 1.235682 0.730134
0.666849 0.641939 0.620263 0.601405 0.585028 0.570858 0.558671 0.548288 0.539560 0.532367 0.526616 0.521832 0.515874 0.511269 0.507958 0.505900 0.505071 0.505461 0.507073 0.509928 0.514061 0.519524 0.526385 0.534736 0.544689 0.556385 0.569998 0.585741 0.603873 0.624718 0.648671 0.676229 0.708013 0.744816 0.787655 0.773408 0.745662 0.721516 0.700519 0.682307 0.666583 0.653106 0.641678 0.632140 0.624363 0.618246 0.613713 0.610706 0.609188 0.609142 0.610567 0.613480 0.617917 0.623932 0.631602 0.641026 0.652332 0.654794 0.648874 0.644598 0.641915 0.640792 0.641214 0.643187 0.646736 0.651903 0.658753 0.667374 0.677877 0.690407 0.705139 0.722291 0.742132 0.764988 0.791263 0.821457 0.814535 0.767606 0.727447 0.692868 0.662951 0.636982 0.614395 0.594739 0.577649 0.562833 0.550050 0.539104 0.529837 0.522120 0.515849 0.510943 0.507341 0.504997 0.503883 0.503985 0.505305 0.505866 0.503469 0.502300 0.502343 0.503599 0.506084 0.509828 0.514877 0.521296 0.529168 0.538599 0.549720 0.562694 0.577721 0.595045 0.614968 0.637861 0.664187 0.694524 0.729606 0.770377 0.818061 0.874282 0.941237 1.000000 0.925862 0.863896 0.811537 0.766904 0.728588 0.695514 14322.000000 1.235682 0.730134
0.895403 1.000000 0.942569 0.870381 0.810277 0.759650 0.716602 0.679721 0.647935 0.620416 0.596519 0.575730 0.557639 0.541916 0.528293 0.516553 0.506516 0.498039 0.491005 0.485319 0.480909 0.477719 0.475709 0.474856 0.475148 0.476589 0.479197 0.483003 0.488056 0.494419 0.502176 0.511433 0.522318 0.534994 0.549658 0.566552 0.585973 0.608291 0.633964 0.663568 0.697836 0.737710 0.753548 0.713465 0.678984 0.649174 0.623310 0.600820 0.581248 0.564227 0.549461 0.536708 0.525771 0.516491 0.508737 0.502405 0.497412 0.493694 0.491207 0.489919 0.489814 0.490892 0.493166 0.496662 0.501426 0.507515 0.515011 0.524013 0.534646 0.547064 0.561458 0.578060 0.597156 0.619100 0.644329 0.673393 0.706986 0.745998 0.791586 0.845278 0.909132 0.985991 0.900400 0.816397 0.748380 0.692364 0.645597 0.606116 0.572485 0.543631 0.518736 0.497166 0.478425 0.462118 0.447930 0.435605 0.424937 0.415756 0.407926 0.401334 0.395890 0.391523 0.388176 0.385807 0.384387 0.383899 0.384337 0.385707 0.388024 0.391318 0.395629 0.401014 0.407542 0.415303 0.424408 0.434993 0.447224 0.461306 0.477492 0.496093 0.517500 0.542202 0.570825 0.604175 0.643310 0.689642 0.745101 0.812387 1321.000000 1.399493 0.579132
0.424937 0.415756 0.407926 0.401334 0.395890 0.391523 0.388176 0.385807 0.384387 0.383899 0.384337 0.385707 0.388024 0.391318 0.395629 0.401014 0.407542 0.415303 0.424408 0.434993 0.447224 0.461306 0.477492 0.496093 0.517500 0.542202 0.570825 0.604175 0.643310 0.689642 0.745101 0.812387 0.895403 1.000000 0.942569 0.870381 0.810277 0.759650 0.716602 0.679721 0.647935 0.620416 0.596519 0.575730 0.557639 0.541916 0.528293 0.516553 0.506516 0.498039 0.491005 0.485319 0.480909 0.477719 0.475709 0.474856 0.475148 0.476589 0.479197 0.483003 0.488056 0.494419 0.502176 0.511433 0.522318 0.534994 0.549658 0.566552 0.585973 0.608291 0.633964 0.663568 0.697836 0.737710 0.753548 0.713465 0.678984 0.649174 0.623310 0.600820 0.581248 0.564227 0.549461 0.536708 0.525771 0.516491 0.508737 0.502405 0.497412 0.493694 0.491207 0.489919 0.489814 0.490892 0.493166 0.496662 0.501426 0.507515 0.515011 0.524013 0.534646 0.547064 0.561458 0.578060 0.597156 0.619100 0.644329 0.673393 0.706986 0.745998 0.791586 0.845278 0.909132 0.985991 0.900400 0.816397 0.748380 0.692364 0.645597 0.606116 0.572485 0.543631 0.518736 0.497166 0.478425 0.462118 0.447930 0.435605 1321.000000 1.399493 0.579132
0.501426 0.507515 0.515011 0.524013 0.534646 0.547064 0.561458 0.578060 0.597156 0.619100 0.644329 0.673393 0.706986 0.745998 0.791586 0.845278 0.909132 0.985991 0.900400 0.816397 0.748380 0.692364 0.645597 0.606116 0.572485 0.543631 0.518736 0.497166 0.478425 0.462118 0.447930 0.435605 0.424937 0.415756 0.407926 0.401334 0.395890 0.391523 0.388176 0.385807 0.384387 0.383899 0.384337 0.385707 0.388024 0.391318 0.395629 0.401014 0.407542 0.415303 0.424408 0.434993 0.447224 0.461306 0.477492 0.496093 0.517500 0.542202 0.570825 0.604175 0.643310 0.689642 0.745101 0.812387 0.895403 1.000000 0.942569 0.870381 0.810277 0.759650 0.716602 0.679721 0.647935 0.620416 0.596519 0.575730 0.557639 0.541916 0.528293 0.516553 0.506516 0.498039 0.491005 0.485319 0.480909 0.477719 0.475709 0.474856 0.475148 0.476589 0.479197 0.483003 0.488056 0.494419 0.502176 0.511433 0.522318 0.534994 0.549658 0.566552 0.585973 0.608291 0.633964 0.663568 0.697836 0.737710 0.753548 0.713465 0.678984 0.649174 0.623310 0.600820 0.581248 0.564227 0.549461 0.536708 0.525771 0.516491 0.508737 0.502405 0.497412 0.493694 0.491207 0.489919 0.489814 0.490892 0.493166 0.496662 1321.000000 1.399493 0.579132
0.522318 0.534994 0.549658 0.566552 0.585973 0.608291 0.633964 0.663568 0.697836 0.737710 0.753548 0.713465 0.678984 0.649174 0.623310 0.600820 0.581248 0.564227 0.549461 0.536708 0.525771 0.516491 0.508737 0.502405 0.497412 0.493694 0.491207 0.489919 0.489814 0.490892 0.493166 0.496662 0.501426 0.507515 0.515011 0.524013 0.534646 0.547064 0.561458 0.578060 0.597156 0.619100 0.644329 0.673393 0.706986 0.745998 0.791586 0.845278 0.909132 0.985991 0.900400 0.816397 0.748380 0.692364 0.645597 0.606116 0.572485 0.543631 0.518736 0.497166 0.478425 0.462118 0.447930 0.435605 0.424937 0.415756 0.407926 0.401334 0.395890 0.391523 0.388176 0.385807 0.384387 0.383899 0.384337 0.385707 0.388024 0.391318 0.395629 0.401014 0.407542 0.415303 0.424408 0.434993 0.447224 0.461306 0.477492 0.496093 0.517500 0.542202 0.570825 0.604175 0.643310 0.689642 0.745101 0.812387 0.895403 1.000000 0.942569 0.870381 0.810277 0.759650 0.716602 0.679721 0.647935 0.620416 0.596519 0.575730 0.557639 0.541916 0.528293 0.516553 0.506516 0.498039 0.491005 0.485319 0.480909 0.477719 0.475709 0.474856 0.475148 0.476589 0.479197 0.483003 0.488056 0.494419 0.502176 0.511433 1321.000000 1.399493 0.579132
0.897321 0.917134 0.940158 0.966757 0.997378 1.000000 0.969294 0.942620 0.919531 0.899662 0.882715 0.868447 0.856665 0.847212 0.839967 0.834838 0.831764 0.830706 0.831651 0.834612 0.839624 0.846749 0.849608 0.839256 0.831132 0.825132 0.821183 0.819235 0.819265 0.821274 0.825286 0.831350 0.839542 0.849964 0.862753 0.878080 0.896160 0.917256 0.941693 0.969867 0.995238 0.978797 0.965178 0.954200 0.945721 0.939636 0.935869 0.934373 0.935132 0.938154 0.943475 0.951162 0.959696 0.933540 0.910908 0.891444 0.874858 0.860915 0.849422 0.840231 0.833221 0.828307 0.825427 0.824547 0.825656 0.828766 0.833917 0.841172 0.850621 0.862386 0.876622 0.893525 0.890347 0.874962 0.862142 0.851714 0.843543 0.837526 0.833588 0.831681 0.831782 0.833892 0.838037 0.844268 0.852662 0.863324 0.876395 0.892050 0.910508 0.932038 0.956972 0.981621 0.958804 0.939235 0.922628 0.908748 0.897410 0.888465 0.881800 0.877332 0.875006 0.874795 0.876696 0.880731 0.886949 0.895429 0.906277 0.919634 0.935678 0.954633 0.938859 0.916012 0.896360 0.879607 0.865516 0.853894 0.844588 0.837478 0.832475 0.829519 0.828572 0.829624 0.832687 0.837799 0.845022 0.854448 0.866196 0.880422 19860.500000 1.074252 0.914279
0.897410 0.888465 0.881800 0.877332 0.875006 0.874795 0.876696 0.880731 0.886949 0.895429 0.906277 0.919634 0.935678 0.954633 0.938859 0.916012 0.896360 0.879607 0.865516 0.853894 0.844588 0.837478 0.832475 0.829519 0.828572 0.829624 0.832687 0.837799 0.845022 0.854448 0.866196 0.880422 0.897321 0.917134 0.940158 0.966757 0.997378 1.000000 0.969294 0.942620 0.919531 0.899662 0.882715 0.868447 0.856665 0.847212 0.839967 0.834838 0.831764 0.830706 0.831651 0.834612 0.839624 0.846749 0.849608 0.839256 0.831132 0.825132 0.821183 0.819235 0.819265 0.821274 0.825286 0.831350 0.839542 0.849964 0.862753 0.878080 0.896160 0.917256 0.941693 0.969867 0.995238 0.978797 0.965178 0.954200 0.945721 0.939636 0.935869 0.934373 0.935132 0.938154 0.943475 0.951162 0.959696 0.933540 0.910908 0.891444 0.874858 0.860915 0.849422 0.840231 0.833221 0.828307 0.825427 0.824547 0.825656 0.828766 0.833917 0.841172 0.850621 0.862386 0.876622 0.893525 0.890347 0.874962 0.862142 0.851714 0.843543 0.837526 0.833588 0.831681 0.831782 0.833892 0.838037 0.844268 0.852662 0.863324 0.876395 0.892050 0.910508 0.932038 0.956972 0.981621 0.958804 0.939235 0.922628 0.908748 19860.500000 1.074252 0.914279
0.825656 0.828766 0.833917 0.841172 0.850621 0.862386 0.876622 0.893525 0.890347 0.874962 0.862142 0.851714 0.843543 0.837526 0.833588 0.831681 0.831782 0.833892 0.838037 0.844268 0.852662 0.863324 0.876395 0.892050 0.910508 0.932038 0.956972 0.981621 0.958804 0.939235 0.922628 0.908748 0.897410 0.888465 0.881800 0.877332 0.875006 0.874795 0.876696 0.880731 0.886949 0.895429 0.906277 0.919634 0.935678 0.954633 0.938859 0.916012 0.896360 0.879607 0.865516 0.853894 0.844588 0.837478 0.832475 0.829519 0.828572 0.829624 0.832687 0.837799 0.845022 0.854448 0.866196 0.880422 0.897321 0.917134 0.940158 0.966757 0.997378 1.000000 0.969294 0.942620 0.919531 0.899662 0.882715 0.868447 0.856665 0.847212 0.839967 0.834838 0.831764 0.830706 0.831651 0.834612 0.839624 0.846749 0.849608 0.839256 0.831132 0.825132 0.821183 0.819235 0.819265 0.821274 0.825286 0.831350 0.839542 0.849964 0.862753 0.878080 0.896160 0.917256 0.941693 0.969867 0.995238 0.978797 0.965178 0.954200 0.945721 0.939636 0.935869 0.934373 0.935132 0.938154 0.943475 0.951162 0.959696 0.933540 0.910908 0.891444 0.874858 0.860915 0.849422 0.840231 0.833221 0.828307 0.825427 0.824547 19860.500000 1.074252 0.914279
0.839542 0.849964 0.862753 0.878080 0.896160 0.917256 0.941693 0.969867 0.995238 0.978797 0.965178 0.954200 0.945721 0.939636 0.935869 0.934373 0.935132 0.938154 0.943475 0.951162 0.959696 0.933540 0.910908 0.891444 0.874858 0.860915 0.849422 0.840231 0.833221 0.828307 0.825427 0.824547 0.825656 0.828766 0.833917 0.841172 0.850621 0.862386 0.876622 0.893525 0.890347 0.874962 0.862142 0.851714 0.843543 0.837526 0.833588 0.831681 0.831782 0.833892 0.838037 0.844268 0.852662 0.863324 0.876395 0.892050 0.910508 0.932038 0.956972 0.981621 0.958804 0.939235 0.922628 0.908748 0.897410 0.888465 0.881800 0.877332 0.875006 0.874795 0.876696 0.880731 0.886949 0.895429 0.906277 0.919634 0.935678 0.954633 0.938859 0.916012 0.896360 0.879607 0.865516 0.853894 0.844588 0.837478 0.832475 0.829519 0.828572 0.829624 0.832687 0.837799 0.845022 0.854448 0.866196 0.880422 0.897321 0.917134 0.940158 0.966757 0.997378 1.000000 0.969294 0.942620 0.919531 0.899662 0.882715 0.868447 0.856665 0.847212 0.839967 0.834838 0.831764 0.830706 0.831651 0.834612 0.839624 0.846749 0.849608 0.839256 0.831132 0.825132 0.821183 0.819235 0.819265 0.821274 0.825286 0.831350 19860.500000 1.074252 0.914279
0.889880 0.835015 0.788310 0.748261 0.713721 0.683803 0.657814 0.635202 0.615527 0.598432 0.583629 0.570883 0.560002 0.550830 0.543242 0.537136 0.532434 0.529077 0.527024 0.526250 0.526746 0.528516 0.531584 0.535986 0.541777 0.538522 0.525638 0.514568 0.505146 0.497239 0.490740 0.485563 0.481643 0.478930 0.477391 0.477007 0.477774 0.479701 0.482811 0.487143 0.492752 0.499709 0.508107 0.518061 0.529715 0.543244 0.558863 0.576839 0.597496 0.621240 0.648577 0.680144 0.716756 0.759468 0.807693 0.782662 0.760914 0.742081 0.725865 0.712020 0.700350 0.690693 0.682922 0.676936 0.672660 0.670043 0.669051 0.669673 0.671917 0.675809 0.681397 0.688752 0.697967 0.709164 0.722494 0.738148 0.756358 0.777409 0.768699 0.718483 0.675953 0.639632 0.608406 0.581422 0.558018 0.537670 0.519962 0.504561 0.491194 0.479644 0.469729 0.461305 0.454253 0.448478 0.443903 0.440472 0.438140 0.436880 0.436676 0.437526 0.439440 0.442441 0.446566 0.451869 0.458416 0.466295 0.475617 0.486514 0.490407 0.495533 0.501989 0.509860 0.519253 0.530300 0.543164 0.558046 0.575191 0.594901 0.617551 0.643605 0.673649 0.708426 0.748891 0.796294 0.852294 0.919150 1.000000 0.954925 3545.500000 1.568187 0.722011
0.438140 0.436880 0.436676 0.437526 0.439440 0.442441 0.446566 0.451869 0.458416 0.466295 0.475617 0.486514 0.490407 0.495533 0.501989 0.509860 0.519253 0.530300 0.543164 0.558046 0.575191 0.594901 0.617551 0.643605 0.673649 0.708426 0.748891 0.796294 0.852294 0.919150 1.000000 0.954925 0.889880 0.835015 0.788310 0.748261 0.713721 0.683803 0.657814 0.635202 0.615527 0.598432 0.583629 0.570883 0.560002 0.550830 0.543242 0.537136 0.532434 0.529077 0.527024 0.526250 0.526746 0.528516 0.531584 0.535986 0.541777 0.538522 0.525638 0.514568 0.505146 0.497239 0.490740 0.485563 0.481643 0.478930 0.477391 0.477007 0.477774 0.479701 0.482811 0.487143 0.492752 0.499709 0.508107 0.518061 0.529715 0.543244 0.558863 0.576839 0.597496 0.621240 0.648577 0.680144 0.716756 0.759468 0.807693 0.782662 0.760914 0.742081 0.725865 0.712020 0.700350 0.690693 0.682922 0.676936 0.672660 0.670043 0.669051 0.669673 0.671917 0.675809 0.681397 0.688752 0.697967 0.709164 0.722494 0.738148 0.756358 0.777409 0.768699 0.718483 0.675953 0.639632 0.608406 0.581422 0.558018 0.537670 0.519962 0.504561 0.491194 0.479644 0.469729 0.461305 0.454253 0.448478 0.443903 0.440472 3545.500000 1.568187 0.722011
0.672660 0.670043 0.669051 0.669673 0.671917 0.675809 0.681397 0.688752 0.697967 0.709164 0.722494 0.738148 0.756358 0.777409 0.768699 0.718483 0.675953 0.639632 0.608406 0.581422 0.558018 0.537670 0.519962 0.504561 0.491194 0.479644 0.469729 0.461305 0.454253 0.448478 0.443903 0.440472 0.438140 0.436880 0.436676 0.437526 0.439440 0.442441 0.446566 0.451869 0.458416 0.466295 0.475617 0.486514 0.490407 0.495533 0.501989 0.509860 0.519253 0.530300 0.543164 0.558046 0.575191 0.594901 0.617551 0.643605 0.673649 0.708426 0.748891 0.796294 0.852294 0.919150 1.000000 0.954925 0.889880 0.835015 0.788310 0.748261 0.713721 0.683803 0.657814 0.635202 0.615527 0.598432 0.583629 0.570883 0.560002 0.550830 0.543242 0.537136 0.532434 0.529077 0.527024 0.526250 0.526746 0.528516 0.531584 0.535986 0.541777 0.538522 0.525638 0.514568 0.505146 0.497239 0.490740 0.485563 0.481643 0.478930 0.477391 0.477007 0.477774 0.479701 0.482811 0.487143 0.492752 0.499709 0.508107 0.518061 0.529715 0.543244 0.558863 0.576839 0.597496 0.621240 0.648577 0.680144 0.716756 0.759468 0.807693 0.782662 0.760914 0.742081 0.725865 0.712020 0.700350 0.690693 0.682922 0.676936 3545.500000 1.568187 0.722011
0.481643 0.478930 0.477391 0.477007 0.477774 0.479701 0.482811 0.487143 0.492752 0.499709 0.508107 0.518061 0.529715 0.543244 0.558863 0.576839 0.597496 0.621240 0.648577 0.680144 0.716756 0.759468 0.807693 0.782662 0.760914 0.742081 0.725865 0.712020 0.700350 0.690693 0.682922 0.676936 0.672660 0.670043 0.669051 0.669673 0.671917 0.675809 0.681397 0.688752 0.697967 0.709164 0.722494 0.738148 0.756358 0.777409 0.768699 0.718483 0.675953 0.639632 0.608406 0.581422 0.558018 0.537670 0.519962 0.504561 0.491194 0.479644 0.469729 0.461305 0.454253 0.448478 0.443903 0.440472 0.438140 0.436880 0.436676 0.437526 0.439440 0.442441 0.446566 0.451869 0.458416 0.466295 0.475617 0.486514 0.490407 0.495533 0.501989 0.509860 0.519253 0.530300 0.543164 0.558046 0.575191 0.594901 0.617551 0.643605 0.673649 0.708426 0.748891 0.796294 0.852294 0.919150 1.000000 0.954925 0.889880 0.835015 0.788310 0.748261 0.713721 0.683803 0.657814 0.635202 0.615527 0.598432 0.583629 0.570883 0.560002 0.550830 0.543242 0.537136 0.532434 0.529077 0.527024 0.526250 0.526746 0.528516 0.531584 0.535986 0.541777 0.538522 0.525638 0.514568 0.505146 0.497239 0.490740 0.485563 3545.500000 1.568187 0.722011
0.738195 0.756869 0.778435 0.803258 0.823911 0.823499 0.825073 0.828654 0.834285 0.842035 0.852002 0.864316 0.879139 0.896677 0.917184 0.940971 0.968420 1.000000 0.964343 0.924279 0.889469 0.859181 0.832827 0.809936 0.790121 0.773071 0.758530 0.746291 0.736185 0.728080 0.721872 0.717483 0.714858 0.713079 0.698831 0.686764 0.676708 0.668530 0.662124 0.657407 0.654323 0.652833 0.652919 0.654582 0.657843 0.662740 0.669336 0.677714 0.687982 0.700279 0.714777 0.731688 0.751273 0.773850 0.799813 0.816132 0.805188 0.796426 0.789735 0.785030 0.782255 0.781376 0.782380 0.785282 0.790116 0.796942 0.805844 0.816939 0.830371 0.846326 0.865030 0.886764 0.903605 0.878640 0.857026 0.838422 0.822547 0.809176 0.798125 0.789247 0.782429 0.777584 0.774654 0.773603 0.774418 0.777108 0.781707 0.788271 0.796883 0.807651 0.820719 0.836265 0.846834 0.826590 0.809196 0.794392 0.781971 0.771763 0.763634 0.757480 0.753224 0.750815 0.750223 0.751441 0.754483 0.759386 0.766212 0.775046 0.774415 0.753382 0.735186 0.719540 0.706212 0.695013 0.685790 0.678421 0.672813 0.668895 0.666619 0.665958 0.666902 0.669465 0.673676 0.679588 0.687276 0.696837 0.708398 0.722119 1531.000000 1.216868 0.891667
0.781971 0.771763 0.763634 0.757480 0.753224 0.750815 0.750223 0.751441 0.754483 0.759386 0.766212 0.775046 0.774415 0.753382 0.735186 0.719540 0.706212 0.695013 0.685790 0.678421 0.672813 0.668895 0.666619 0.665958 0.666902 0.669465 0.673676 0.679588 0.687276 0.696837 0.708398 0.722119 0.738195 0.756869 0.778435 0.803258 0.823911 0.823499 0.825073 0.828654 0.834285 0.842035 0.852002 0.864316 0.879139 0.896677 0.917184 0.940971 0.968420 1.000000 0.964343 0.924279 0.889469 0.859181 0.832827 0.809936 0.790121 0.773071 0.758530 0.746291 0.736185 0.728080 0.721872 0.717483 0.714858 0.713079 0.698831 0.686764 0.676708 0.668530 0.662124 0.657407 0.654323 0.652833 0.652919 0.654582 0.657843 0.662740 0.669336 0.677714 0.687982 0.700279 0.714777 0.731688 0.751273 0.773850 0.799813 0.816132 0.805188 0.796426 0.789735 0.785030 0.782255 0.781376 0.782380 0.785282 0.790116 0.796942 0.805844 0.816939 0.830371 0.846326 0.865030 0.886764 0.903605 0.878640 0.857026 0.838422 0.822547 0.809176 0.798125 0.789247 0.782429 0.777584 0.774654 0.773603 0.774418 0.777108 0.781707 0.788271 0.796883 0.807651 0.820719 0.836265 0.846834 0.826590 0.809196 0.794392 1531.000000 1.216868 0.891667
0.790116 0.796942 0.805844 0.816939 0.830371 0.846326 0.865030 0.886764 0.903605 0.878640 0.857026 0.838422 0.822547 0.809176 0.798125 0.789247 0.782429 0.777584 0.774654 0.773603 0.774418 0.777108 0.781707 0.788271 0.796883 0.807651 0.820719 0.836265 0.846834 0.826590 0.809196 0.794392 0.781971 0.771763 0.763634 0.757480 0.753224 0.750815 0.750223 0.751441 0.754483 0.759386 0.766212 0.775046 0.774415 0.753382 0.735186 0.719540 0.706212 0.695013 0.685790 0.678421 0.672813 0.668895 0.666619 0.665958 0.666902 0.669465 0.673676 0.679588 0.687276 0.696837 0.708398 0.722119 0.738195 0.756869 0.778435 0.803258 0.823911 0.823499 0.825073 0.828654 0.834285 0.842035 0.852002 0.864316 0.879139 0.896677 0.917184 0.940971 0.968420 1.000000 0.964343 0.924279 0.889469 0.859181 0.832827 0.809936 0.790121 0.773071 0.758530 0.746291 0.736185 0.728080 0.721872 0.717483 0.714858 0.713079 0.698831 0.686764 0.676708 0.668530 0.662124 0.657407 0.654323 0.652833 0.652919 0.654582 0.657843 0.662740 0.669336 0.677714 0.687982 0.700279 0.714777 0.731688 0.751273 0.773850 0.799813 0.816132 0.805188 0.796426 0.789735 0.785030 0.782255 0.781376 0.782380 0.785282 1531.000000 1.216868 0.891667
0.714858 0.713079 0.698831 0.686764 0.676708 0.668530 0.662124 0.657407 0.654323 0.652833 0.652919 0.654582 0.657843 0.662740 0.669336 0.677714 0.687982 0.700279 0.714777 0.731688 0.751273 0.773850 0.799813 0.816132 0.805188 0.796426 0.789735 0.785030 0.782255 0.781376 0.782380 0.785282 0.790116 0.796942 0.805844 0.816939 0.830371 0.846326 0.865030 0.886764 0.903605 0.878640 0.857026 0.838422 0.822547 0.809176 0.798125 0.789247 0.782429 0.777584 0.774654 0.773603 0.774418 0.777108 0.781707 0.788271 0.796883 0.807651 0.820719 0.836265 0.846834 0.826590 0.809196 0.794392 0.781971 0.771763 0.763634 0.757480 0.753224 0.750815 0.750223 0.751441 0.754483 0.759386 0.766212 0.775046 0.774415 0.753382 0.735186 0.719540 0.706212 0.695013 0.685790 0.678421 0.672813 0.668895 0.666619 0.665958 0.666902 0.669465 0.673676 0.679588 0.687276 0.696837 0.708398 0.722119 0.738195 0.756869 0.778435 0.803258 0.823911 0.823499 0.825073 0.828654 0.834285 0.842035 0.852002 0.864316 0.879139 0.896677 0.917184 0.940971 0.968420 1.000000 0.964343 0.924279 0.889469 0.859181 0.832827 0.809936 0.790121 0.773071 0.758530 0.746291 0.736185 0.728080 0.721872 0.717483 1531.000000 1.216868 0.891667
0.613675 0.607957 0.603786 0.610230 0.627161 0.646660 0.669074 0.694832 0.724468 0.758653 0.798243 0.844338 0.898380 0.962290 1.000000 0.916126 0.847116 0.789544 0.740970 0.699614 0.664146 0.633554 0.607054 0.584032 0.564001 0.546572 0.531430 0.518319 0.507032 0.497399 0.489281 0.482568 0.477171 0.473020 0.475683 0.492278 0.511348 0.533292 0.558610 0.587938 0.622099 0.662168 0.709580 0.766295 0.835049 0.884130 0.863268 0.845357 0.830133 0.817383 0.806932 0.798645 0.792417 0.788168 0.785848 0.785429 0.786904 0.790293 0.795636 0.802999 0.812476 0.824188 0.838291 0.854982 0.833217 0.800514 0.772070 0.747317 0.725796 0.707135 0.691033 0.677244 0.665566 0.655837 0.647926 0.641732 0.637176 0.629553 0.619389 0.610996 0.604264 0.599107 0.595459 0.593275 0.592530 0.593214 0.595336 0.598921 0.604013 0.610676 0.618996 0.629082 0.641072 0.655137 0.671488 0.690380 0.712132 0.737133 0.765865 0.798438 0.784372 0.772622 0.763029 0.755470 0.749847 0.746092 0.744158 0.744022 0.745682 0.749158 0.754493 0.761752 0.771029 0.782442 0.796145 0.812328 0.831227 0.821991 0.786765 0.756181 0.729577 0.706426 0.686302 0.668859 0.653817 0.640946 0.630061 0.621011 7888.000000 1.156520 0.713185
0.712132 0.737133 0.765865 0.798438 0.784372 0.772622 0.763029 0.755470 0.749847 0.746092 0.744158 0.744022 0.745682 0.749158 0.754493 0.761752 0.771029 0.782442 0.796145 0.812328 0.831227 0.821991 0.786765 0.756181 0.729577 0.706426 0.686302 0.668859 0.653817 0.640946 0.630061 0.621011 0.613675 0.607957 0.603786 0.610230 0.627161 0.646660 0.669074 0.694832 0.724468 0.758653 0.798243 0.844338 0.898380 0.962290 1.000000 0.916126 0.847116 0.789544 0.740970 0.699614 0.664146 0.633554 0.607054 0.584032 0.564001 0.546572 0.531430 0.518319 0.507032 0.497399 0.489281 0.482568 0.477171 0.473020 0.475683 0.492278 0.511348 0.533292 0.558610 0.587938 0.622099 0.662168 0.709580 0.766295 0.835049 0.884130 0.863268 0.845357 0.830133 0.817383 0.806932 0.798645 0.792417 0.788168 0.785848 0.785429 0.786904 0.790293 0.795636 0.802999 0.812476 0.824188 0.838291 0.854982 0.833217 0.800514 0.772070 0.747317 0.725796 0.707135 0.691033 0.677244 0.665566 0.655837 0.647926 0.641732 0.637176 0.629553 0.619389 0.610996 0.604264 0.599107 0.595459 0.593275 0.592530 0.593214 0.595336 0.598921 0.604013 0.610676 0.618996 0.629082 0.641072 0.655137 0.671488 0.690380 7888.000000 1.156520 0.713185
0.833217 0.800514 0.772070 0.747317 0.725796 0.707135 0.691033 0.677244 0.665566 0.655837 0.647926 0.641732 0.637176 0.629553 0.619389 0.610996 0.604264 0.599107 0.595459 0.593275 0.592530 0.593214 0.595336 0.598921 0.604013 0.610676 0.618996 0.629082 0.641072 0.655137 0.671488 0.690380 0.712132 0.737133 0.765865 0.798438 0.784372 0.772622 0.763029 0.755470 0.749847 0.746092 0.744158 0.744022 0.745682 0.749158 0.754493 0.761752 0.771029 0.782442 0.796145 0.812328 0.831227 0.821991 0.786765 0.756181 0.729577 0.706426 0.686302 0.668859 0.653817 0.640946 0.630061 0.621011 0.613675 0.607957 0.603786 0.610230 0.627161 0.646660 0.669074 0.694832 0.724468 0.758653 0.798243 0.844338 0.898380 0.962290 1.000000 0.916126 0.847116 0.789544 0.740970 0.699614 0.664146 0.633554 0.607054 0.584032 0.564001 0.546572 0.531430 0.518319 0.507032 0.497399 0.489281 0.482568 0.477171 0.473020 0.475683 0.492278 0.511348 0.533292 0.558610 0.587938 0.622099 0.662168 0.709580 0.766295 0.835049 0.884130 0.863268 0.845357 0.830133 0.817383 0.806932 0.798645 0.792417 0.788168 0.785848 0.785429 0.786904 0.790293 0.795636 0.802999 0.812476 0.824188 0.838291 0.854982 7888.000000 1.156520 0.713185
0.477171 0.473020 0.475683 0.492278 0.511348 0.533292 0.558610 0.587938 0.622099 0.662168 0.709580 0.766295 0.835049 0.884130 0.863268 0.845357 0.830133 0.817383 0.806932 0.798645 0.792417 0.788168 0.785848 0.785429 0.786904 0.790293 0.795636 0.802999 0.812476 0.824188 0.838291 0.854982 0.833217 0.800514 0.772070 0.747317 0.725796 0.707135 0.691033 0.677244 0.665566 0.655837 0.647926 0.641732 0.637176 0.629553 0.619389 0.610996 0.604264 0.599107 0.595459 0.593275 0.592530 0.593214 0.595336 0.598921 0.604013 0.610676 0.618996 0.629082 0.641072 0.655137 0.671488 0.690380 0.712132 0.737133 0.765865 0.798438 0.784372 0.772622 0.763029 0.755470 0.749847 0.746092 0.744158 0.744022 0.745682 0.749158 0.754493 0.761752 0.771029 0.782442 0.796145 0.812328 0.831227 0.821991 0.786765 0.756181 0.729577 0.706426 0.686302 0.668859 0.653817 0.640946 0.630061 0.621011 0.613675 0.607957 0.603786 0.610230 0.627161 0.646660 0.669074 0.694832 0.724468 0.758653 0.798243 0.844338 0.898380 0.962290 1.000000 0.916126 0.847116 0.789544 0.740970 0.699614 0.664146 0.633554 0.607054 0.584032 0.564001 0.546572 0.531430 0.518319 0.507032 0.497399 0.489281 0.482568 7888.000000 1.156520 0.713185
0.898034 0.935900 0.979562 0.998734 0.981506 0.967153 0.955482 0.946342 0.939618 0.935226 0.933112 0.933250 0.935643 0.940320 0.947337 0.956783 0.968775 0.947391 0.908099 0.873959 0.844252 0.818406 0.795956 0.776525 0.759807 0.745552 0.733557 0.723657 0.715723 0.709651 0.705367 0.702817 0.701970 0.702817 0.705367 0.709651 0.715723 0.723657 0.733557 0.733186 0.729746 0.728084 0.728180 0.730035 0.733671 0.739133 0.746489 0.755832 0.767284 0.780999 0.797168 0.816029 0.837871 0.863050 0.892006 0.925278 0.963540 1.000000 0.967149 0.938576 0.913782 0.892359 0.873974 0.858357 0.845290 0.834595 0.826132 0.819795 0.815503 0.813205 0.812873 0.814503 0.818114 0.823750 0.831482 0.832707 0.826568 0.822486 0.820411 0.820317 0.822204 0.826095 0.832036 0.840102 0.850395 0.863047 0.878230 0.896154 0.917081 0.941330 0.969295 0.968840 0.929165 0.894682 0.864676 0.838572 0.815905 0.796300 0.779448 0.765100 0.753052 0.743140 0.735234 0.729233 0.725061 0.722668 0.722024 0.723122 0.725975 0.725236 0.716821 0.710291 0.705563 0.702578 0.701302 0.701717 0.703830 0.707665 0.713270 0.720715 0.730094 0.741530 0.755179 0.771232 0.789927 0.811555 0.836471 0.865117 1646.500000 1.201979 0.866888
0.815905 0.796300 0.779448 0.765100 0.753052 0.743140 0.735234 0.729233 0.725061 0.722668 0.722024 0.723122 0.725975 0.725236 0.716821 0.710291 0.705563 0.702578 0.701302 0.701717 0.703830 0.707665 0.713270 0.720715 0.730094 0.741530 0.755179 0.771232 0.789927 0.811555 0.836471 0.865117 0.898034 0.935900 0.979562 0.998734 0.981506 0.967153 0.955482 0.946342 0.939618 0.935226 0.933112 0.933250 0.935643 0.940320 0.947337 0.956783 0.968775 0.947391 0.908099 0.873959 0.844252 0.818406 0.795956 0.776525 0.759807 0.745552 0.733557 0.723657 0.715723 0.709651 0.705367 0.702817 0.701970 0.702817 0.705367 0.709651 0.715723 0.723657 0.733557 0.733186 0.729746 0.728084 0.728180 0.730035 0.733671 0.739133 0.746489 0.755832 0.767284 0.780999 0.797168 0.816029 0.837871 0.863050 0.892006 0.925278 0.963540 1.000000 0.967149 0.938576 0.913782 0.892359 0.873974 0.858357 0.845290 0.834595 0.826132 0.819795 0.815503 0.813205 0.812873 0.814503 0.818114 0.823750 0.831482 0.832707 0.826568 0.822486 0.820411 0.820317 0.822204 0.826095 0.832036 0.840102 0.850395 0.863047 0.878230 0.896154 0.917081 0.941330 0.969295 0.968840 0.929165 0.894682 0.864676 0.838572 1646.500000 1.201979 0.866888
0.845290 0.834595 0.826132 0.819795 0.815503 0.813205 0.812873 0.814503 0.818114 0.823750 0.831482 0.832707 0.826568 0.822486 0.820411 0.820317 0.822204 0.826095 0.832036 0.840102 0.850395 0.863047 0.878230 0.896154 0.917081 0.941330 0.969295 0.968840 0.929165 0.894682 0.864676 0.838572 0.815905 0.796300 0.779448 0.765100 0.753052 0.743140 0.735234 0.729233 0.725061 0.722668 0.722024 0.723122 0.725975 0.725236 0.716821 0.710291 0.705563 0.702578 0.701302 0.701717 0.703830 0.707665 0.713270 0.720715 0.730094 0.741530 0.755179 0.771232 0.789927 0.811555 0.836471 0.865117 0.898034 0.935900 0.979562 0.998734 0.981506 0.967153 0.955482 0.946342 0.939618 0.935226 0.933112 0.933250 0.935643 0.940320 0.947337 0.956783 0.968775 0.947391 0.908099 0.873959 0.844252 0.818406 0.795956 0.776525 0.759807 0.745552 0.733557 0.723657 0.715723 0.709651 0.705367 0.702817 0.701970 0.702817 0.705367 0.709651 0.715723 0.723657 0.733557 0.733186 0.729746 0.728084 0.728180 0.730035 0.733671 0.739133 0.746489 0.755832 0.767284 0.780999 0.797168 0.816029 0.837871 0.863050 0.892006 0.925278 0.963540 1.000000 0.967149 0.938576 0.913782 0.892359 0.873974 0.858357 1646.500000 1.201979 0.866888
0.701970 0.702817 0.705367 0.709651 0.715723 0.723657 0.733557 0.733186 0.729746 0.728084 0.728180 0.730035 0.733671 0.739133 0.746489 0.755832 0.767284 0.780999 0.797168 0.816029 0.837871 0.863050 0.892006 0.925278 0.963540 1.000000 0.967149 0.938576 0.913782 0.892359 0.873974 0.858357 0.845290 0.834595 0.826132 0.819795 0.815503 0.813205 0.812873 0.814503 0.818114 0.823750 0.831482 0.832707 0.826568 0.822486 0.820411 0.820317 0.822204 0.826095 0.832036 0.840102 0.850395 0.863047 0.878230 0.896154 0.917081 0.941330 0.969295 0.968840 0.929165 0.894682 0.864676 0.838572 0.815905 0.796300 0.779448 0.765100 0.753052 0.743140 0.735234 0.729233 0.725061 0.722668 0.722024 0.723122 0.725975 0.725236 0.716821 0.710291 0.705563 0.702578 0.701302 0.701717 0.703830 0.707665 0.713270 0.720715 0.730094 0.741530 0.755179 0.771232 0.789927 0.811555 0.836471 0.865117 0.898034 0.935900 0.979562 0.998734 0.981506 0.967153 0.955482 0.946342 0.939618 0.935226 0.933112 0.933250 0.935643 0.940320 0.947337 0.956783 0.968775 0.947391 0.908099 0.873959 0.844252 0.818406 0.795956 0.776525 0.759807 0.745552 0.733557 0.723657 0.715723 0.709651 0.705367 0.702817 1646.500000 1.201979 0.866888
0.975636 0.900019 0.837151 0.784258 0.739328 0.700863 0.667732 0.639062 0.614172 0.592521 0.573680 0.557301 0.543104 0.530859 0.520381 0.511516 0.504142 0.498162 0.493496 0.490086 0.487891 0.486883 0.487050 0.488394 0.490932 0.494694 0.499727 0.506096 0.513882 0.523193 0.534157 0.546937 0.561730 0.578778 0.598381 0.620905 0.646811 0.676674 0.711225 0.751401 0.798426 0.853925 0.920098 1.000000 0.926830 0.864395 0.811672 0.766752 0.728206 0.694944 0.666122 0.641079 0.619288 0.600329 0.583861 0.569608 0.557345 0.546888 0.538089 0.530827 0.525007 0.520553 0.517411 0.515540 0.514919 0.515540 0.517411 0.520553 0.525007 0.530827 0.538089 0.546888 0.557345 0.569608 0.583861 0.600329 0.619288 0.641079 0.666122 0.694944 0.728206 0.766752 0.811672 0.864395 0.926830 0.947448 0.878966 0.821563 0.772945 0.731424 0.695727 0.664880 0.638124 0.614861 0.594618 0.577010 0.561730 0.548526 0.537192 0.527562 0.519502 0.512900 0.507673 0.503752 0.501089 0.499651 0.499421 0.500397 0.502589 0.506025 0.510748 0.516816 0.524308 0.533325 0.543990 0.556459 0.570920 0.587607 0.606804 0.628863 0.654223 0.683430 0.717175 0.756342 0.802078 0.855896 0.919831 0.996684 2376.000000 1.066962 0.603649
0.561730 0.548526 0.537192 0.527562 0.519502 0.512900 0.507673 0.503752 0.501089 0.499651 0.499421 0.500397 0.502589 0.506025 0.510748 0.516816 0.524308 0.533325 0.543990 0.556459 0.570920 0.587607 0.606804 0.628863 0.654223 0.683430 0.717175 0.756342 0.802078 0.855896 0.919831 0.996684 0.975636 0.900019 0.837151 0.784258 0.739328 0.700863 0.667732 0.639062 0.614172 0.592521 0.573680 0.557301 0.543104 0.530859 0.520381 0.511516 0.504142 0.498162 0.493496 0.490086 0.487891 0.486883 0.487050 0.488394 0.490932 0.494694 0.499727 0.506096 0.513882 0.523193 0.534157 0.546937 0.561730 0.578778 0.598381 0.620905 0.646811 0.676674 0.711225 0.751401 0.798426 0.853925 0.920098 1.000000 0.926830 0.864395 0.811672 0.766752 0.728206 0.694944 0.666122 0.641079 0.619288 0.600329 0.583861 0.569608 0.557345 0.546888 0.538089 0.530827 0.525007 0.520553 0.517411 0.515540 0.514919 0.515540 0.517411 0.520553 0.525007 0.530827 0.538089 0.546888 0.557345 0.569608 0.583861 0.600329 0.619288 0.641079 0.666122 0.694944 0.728206 0.766752 0.811672 0.864395 0.926830 0.947448 0.878966 0.821563 0.772945 0.731424 0.695727 0.664880 0.638124 0.614861 0.594618 0.577010 2376.000000 1.066962 0.603649
0.514919 0.515540 0.517411 0.520553 0.525007 0.530827 0.538089 0.546888 0.557345 0.569608 0.583861 0.600329 0.619288 0.641079 0.666122 0.694944 0.728206 0.766752 0.811672 0.864395 0.926830 0.947448 0.878966 0.821563 0.772945 0.731424 0.695727 0.664880 0.638124 0.614861 0.594618 0.577010 0.561730 0.548526 0.537192 0.527562 0.519502 0.512900 0.507673 0.503752 0.501089 0.499651 0.499421 0.500397 0.502589 0.506025 0.510748 0.516816 0.524308 0.533325 0.543990 0.556459 0.570920 0.587607 0.606804 0.628863 0.654223 0.683430 0.717175 0.756342 0.802078 0.855896 0.919831 0.996684 0.975636 0.900019 0.837151 0.784258 0.739328 0.700863 0.667732 0.639062 0.614172 0.592521 0.573680 0.557301 0.543104 0.530859 0.520381 0.511516 0.504142 0.498162 0.493496 0.490086 0.487891 0.486883 0.487050 0.488394 0.490932 0.494694 0.499727 0.506096 0.513882 0.523193 0.534157 0.546937 0.561730 0.578778 0.598381 0.620905 0.646811 0.676674 0.711225 0.751401 0.798426 0.853925 0.920098 1.000000 0.926830 0.864395 0.811672 0.766752 0.728206 0.694944 0.666122 0.641079 0.619288 0.600329 0.583861 0.569608 0.557345 0.546888 0.538089 0.530827 0.525007 0.520553 0.517411 0.515540 2376.000000 1.066962 0.603649
0.561730 0.578778 0.598381 0.620905 0.646811 0.676674 0.711225 0.751401 0.798426 0.853925 0.920098 1.000000 0.926830 0.864395 0.811672 0.766752 0.728206 0.694944 0.666122 0.641079 0.619288 0.600329 0.583861 0.569608 0.557345 0.546888 0.538089 0.530827 0.525007 0.520553 0.517411 0.515540 0.514919 0.515540 0.517411 0.520553 0.525007 0.530827 0.538089 0.546888 0.557345 0.569608 0.583861 0.600329 0.619288 0.641079 0.666122 0.694944 0.728206 0.766752 0.811672 0.864395 0.926830 0.947448 0.878966 0.821563 0.772945 0.731424 0.695727 0.664880 0.638124 0.614861 0.594618 0.577010 0.561730 0.548526 0.537192 0.527562 0.519502 0.512900 0.507673 0.503752 0.501089 0.499651 0.499421 0.500397 0.502589 0.506025 0.510748 0.516816 0.524308 0.533325 0.543990 0.556459 0.570920 0.587607 0.606804 0.628863 0.654223 0.683430 0.717175 0.756342 0.802078 0.855896 0.919831 0.996684 0.975636 0.900019 0.837151 0.784258 0.739328 0.700863 0.667732 0.639062 0.614172 0.592521 0.573680 0.557301 0.543104 0.530859 0.520381 0.511516 0.504142 0.498162 0.493496 0.490086 0.487891 0.486883 0.487050 0.488394 0.490932 0.494694 0.499727 0.506096 0.513882 0.523193 0.534157 0.546937 2376.000000 1.066962 0.603649
0.785468 0.821441 0.863045 0.911401 0.967967 1.000000 0.940471 0.889654 0.845981 0.808251 0.775532 0.747088 0.722335 0.700804 0.682116 0.665961 0.652088 0.640292 0.630407 0.622299 0.615862 0.611013 0.607693 0.605860 0.605493 0.606587 0.609154 0.613227 0.608816 0.597763 0.588497 0.580892 0.574848 0.570288 0.567155 0.565412 0.565036 0.566023 0.568386 0.572152 0.577369 0.584102 0.592438 0.602488 0.614390 0.628317 0.644478 0.663131 0.684596 0.709262 0.737615 0.770263 0.807971 0.816715 0.796329 0.778766 0.763761 0.751099 0.740605 0.732140 0.725594 0.720886 0.717957 0.716771 0.717315 0.719594 0.723636 0.729492 0.737233 0.746960 0.758799 0.772911 0.789497 0.808800 0.831124 0.838568 0.802481 0.771152 0.743903 0.720189 0.699574 0.681703 0.666287 0.653092 0.641925 0.632633 0.625090 0.619198 0.614885 0.612095 0.610796 0.610970 0.612621 0.615769 0.620451 0.626727 0.634676 0.644401 0.656033 0.669737 0.685712 0.704207 0.700788 0.680602 0.663099 0.647996 0.635062 0.624108 0.614981 0.607561 0.601749 0.597474 0.594681 0.593338 0.593426 0.594948 0.597922 0.602385 0.608391 0.616017 0.625363 0.636554 0.649746 0.665133 0.682951 0.703492 0.727113 0.754255 4911.000000 1.313211 0.801715
0.634676 0.644401 0.656033 0.669737 0.685712 0.704207 0.700788 0.680602 0.663099 0.647996 0.635062 0.624108 0.614981 0.607561 0.601749 0.597474 0.594681 0.593338 0.593426 0.594948 0.597922 0.602385 0.608391 0.616017 0.625363 0.636554 0.649746 0.665133 0.682951 0.703492 0.727113 0.754255 0.785468 0.821441 0.863045 0.911401 0.967967 1.000000 0.940471 0.889654 0.845981 0.808251 0.775532 0.747088 0.722335 0.700804 0.682116 0.665961 0.652088 0.640292 0.630407 0.622299 0.615862 0.611013 0.607693 0.605860 0.605493 0.606587 0.609154 0.613227 0.608816 0.597763 0.588497 0.580892 0.574848 0.570288 0.567155 0.565412 0.565036 0.566023 0.568386 0.572152 0.577369 0.584102 0.592438 0.602488 0.614390 0.628317 0.644478 0.663131 0.684596 0.709262 0.737615 0.770263 0.807971 0.816715 0.796329 0.778766 0.763761 0.751099 0.740605 0.732140 0.725594 0.720886 0.717957 0.716771 0.717315 0.719594 0.723636 0.729492 0.737233 0.746960 0.758799 0.772911 0.789497 0.808800 0.831124 0.838568 0.802481 0.771152 0.743903 0.720189 0.699574 0.681703 0.666287 0.653092 0.641925 0.632633 0.625090 0.619198 0.614885 0.612095 0.610796 0.610970 0.612621 0.615769 0.620451 0.626727 4911.000000 1.313211 0.801715
0.717315 0.719594 0.723636 0.729492 0.737233 0.746960 0.758799 0.772911 0.789497 0.808800 0.831124 0.838568 0.802481 0.771152 0.743903 0.720189 0.699574 0.681703 0.666287 0.653092 0.641925 0.632633 0.625090 0.619198 0.614885 0.612095 0.610796 0.610970 0.612621 0.615769 0.620451 0.626727 0.634676 0.644401 0.656033 0.669737 0.685712 0.704207 0.700788 0.680602 0.663099 0.647996 0.635062 0.624108 0.614981 0.607561 0.601749 0.597474 0.594681 0.593338 0.593426 0.594948 0.597922 0.602385 0.608391 0.616017 0.625363 0.636554 0.649746 0.665133 0.682951 0.703492 0.727113 0.754255 0.785468 0.821441 0.863045 0.911401 0.967967 1.000000 0.940471 0.889654 0.845981 0.808251 0.775532 0.747088 0.722335 0.700804 0.682116 0.665961 0.652088 0.640292 0.630407 0.622299 0.615862 0.611013 0.607693 0.605860 0.605493 0.606587 0.609154 0.613227 0.608816 0.597763 0.588497 0.580892 0.574848 0.570288 0.567155 0.565412 0.565036 0.566023 0.568386 0.572152 0.577369 0.584102 0.592438 0.602488 0.614390 0.628317 0.644478 0.663131 0.684596 0.709262 0.737615 0.770263 0.807971 0.816715 0.796329 0.778766 0.763761 0.751099 0.740605 0.732140 0.725594 0.720886 0.717957 0.716771 4911.000000 1.313211 0.801715
0.574848 0.570288 0.567155 0.565412 0.565036 0.566023 0.568386 0.572152 0.577369 0.584102 0.592438 0.602488 0.614390 0.628317 0.644478 0.663131 0.684596 0.709262 0.737615 0.770263 0.807971 0.816715 0.796329 0.778766 0.763761 0.751099 0.740605 0.732140 0.725594 0.720886 0.717957 0.716771 0.717315 0.719594 0.723636 0.729492 0.737233 0.746960 0.758799 0.772911 0.789497 0.808800 0.831124 0.838568 0.802481 0.771152 0.743903 0.720189 0.699574 0.681703 0.666287 0.653092 0.641925 0.632633 0.625090 0.619198 0.614885 0.612095 0.610796 0.610970 0.612621 0.615769 0.620451 0.626727 0.634676 0.644401 0.656033 0.669737 0.685712 0.704207 0.700788 0.680602 0.663099 0.647996 0.635062 0.624108 0.614981 0.607561 0.601749 0.597474 0.594681 0.593338 0.593426 0.594948 0.597922 0.602385 0.608391 0.616017 0.625363 0.636554 0.649746 0.665133 0.682951 0.703492 0.727113 0.754255 0.785468 0.821441 0.863045 0.911401 0.967967 1.000000 0.940471 0.889654 0.845981 0.808251 0.775532 0.747088 0.722335 0.700804 0.682116 0.665961 0.652088 0.640292 0.630407 0.622299 0.615862 0.611013 0.607693 0.605860 0.605493 0.606587 0.609154 0.613227 0.608816 0.597763 0.588497 0.580892 4911.000000 1.313211 0.801715
0.531534 0.533145 0.536061 0.540318 0.545970 0.553087 0.561763 0.572116 0.584292 0.598471 0.614873 0.633769 0.655492 0.680455 0.709171 0.742284 0.780614 0.825214 0.877462 0.859746 0.837844 0.818954 0.802788 0.789113 0.777738 0.768511 0.761313 0.756053 0.752666 0.751111 0.751369 0.753442 0.757357 0.763161 0.770925 0.754177 0.711451 0.674845 0.643295 0.615981 0.592261 0.571626 0.553670 0.538064 0.524542 0.512889 0.502928 0.494515 0.487534 0.481892 0.477516 0.474351 0.472359 0.471515 0.471808 0.473242 0.475835 0.479618 0.484639 0.490961 0.498668 0.510889 0.527297 0.546154 0.567828 0.592781 0.621594 0.655009 0.693988 0.739795 0.794125 0.859301 0.938595 1.000000 0.943569 0.895209 0.853520 0.817423 0.786072 0.758797 0.735063 0.714438 0.696571 0.681177 0.668023 0.656920 0.647715 0.640285 0.634535 0.630393 0.619659 0.610173 0.602402 0.596244 0.591623 0.588479 0.586774 0.586488 0.587618 0.590176 0.594194 0.599722 0.606830 0.615609 0.626176 0.638678 0.653295 0.670249 0.689813 0.712322 0.738186 0.767920 0.802163 0.825642 0.777410 0.736177 0.700701 0.670026 0.643410 0.620265 0.600123 0.582607 0.567413 0.554292 0.543044 0.534414 0.532165 0.531209 1706.000000 1.221151 0.712847
0.586774 0.586488 0.587618 0.590176 0.594194 0.599722 0.606830 0.615609 0.626176 0.638678 0.653295 0.670249 0.689813 0.712322 0.738186 0.767920 0.802163 0.825642 0.777410 0.736177 0.700701 0.670026 0.643410 0.620265 0.600123 0.582607 0.567413 0.554292 0.543044 0.534414 0.532165 0.531209 0.531534 0.533145 0.536061 0.540318 0.545970 0.553087 0.561763 0.572116 0.584292 0.598471 0.614873 0.633769 0.655492 0.680455 0.709171 0.742284 0.780614 0.825214 0.877462 0.859746 0.837844 0.818954 0.802788 0.789113 0.777738 0.768511 0.761313 0.756053 0.752666 0.751111 0.751369 0.753442 0.757357 0.763161 0.770925 0.754177 0.711451 0.674845 0.643295 0.615981 0.592261 0.571626 0.553670 0.538064 0.524542 0.512889 0.502928 0.494515 0.487534 0.481892 0.477516 0.474351 0.472359 0.471515 0.471808 0.473242 0.475835 0.479618 0.484639 0.490961 0.498668 0.510889 0.527297 0.546154 0.567828 0.592781 0.621594 0.655009 0.693988 0.739795 0.794125 0.859301 0.938595 1.000000 0.943569 0.895209 0.853520 0.817423 0.786072 0.758797 0.735063 0.714438 0.696571 0.681177 0.668023 0.656920 0.647715 0.640285 0.634535 0.630393 0.619659 0.610173 0.602402 0.596244 0.591623 0.588479 1706.000000 1.221151 0.712847
0.567828 0.592781 0.621594 0.655009 0.693988 0.739795 0.794125 0.859301 0.938595 1.000000 0.943569 0.895209 0.853520 0.817423 0.786072 0.758797 0.735063 0.714438 0.696571 0.681177 0.668023 0.656920 0.647715 0.640285 0.634535 0.630393 0.619659 0.610173 0.602402 0.596244 0.591623 0.588479 0.586774 0.586488 0.587618 0.590176 0.594194 0.599722 0.606830 0.615609 0.626176 0.638678 0.653295 0.670249 0.689813 0.712322 0.738186 0.767920 0.802163 0.825642 0.777410 0.736177 0.700701 0.670026 0.643410 0.620265 0.600123 0.582607 0.567413 0.554292 0.543044 0.534414 0.532165 0.531209 0.531534 0.533145 0.536061 0.540318 0.545970 0.553087 0.561763 0.572116 0.584292 0.598471 0.614873 0.633769 0.655492 0.680455 0.709171 0.742284 0.780614 0.825214 0.877462 0.859746 0.837844 0.818954 0.802788 0.789113 0.777738 0.768511 0.761313 0.756053 0.752666 0.751111 0.751369 0.753442 0.757357 0.763161 0.770925 0.754177 0.711451 0.674845 0.643295 0.615981 0.592261 0.571626 0.553670 0.538064 0.524542 0.512889 0.502928 0.494515 0.487534 0.481892 0.477516 0.474351 0.472359 0.471515 0.471808 0.473242 0.475835 0.479618 0.484639 0.490961 0.498668 0.510889 0.527297 0.546154 1706.000000 1.221151 0.712847
0.757357 0.763161 0.770925 0.754177 0.711451 0.674845 0.643295 0.615981 0.592261 0.571626 0.553670 0.538064 0.524542 0.512889 0.502928 0.494515 0.487534 0.481892 0.477516 0.474351 0.472359 0.471515 0.471808 0.473242 0.475835 0.479618 0.484639 0.490961 0.498668 0.510889 0.527297 0.546154 0.567828 0.592781 0.621594 0.655009 0.693988 0.739795 0.794125 0.859301 0.938595 1.000000 0.943569 0.895209 0.853520 0.817423 0.786072 0.758797 0.735063 0.714438 0.696571 0.681177 0.668023 0.656920 0.647715 0.640285 0.634535 0.630393 0.619659 0.610173 0.602402 0.596244 0.591623 0.588479 0.586774 0.586488 0.587618 0.590176 0.594194 0.599722 0.606830 0.615609 0.626176 0.638678 0.653295 0.670249 0.689813 0.712322 0.738186 0.767920 0.802163 0.825642 0.777410 0.736177 0.700701 0.670026 0.643410 0.620265 0.600123 0.582607 0.567413 0.554292 0.543044 0.534414 0.532165 0.531209 0.531534 0.533145 0.536061 0.540318 0.545970 0.553087 0.561763 0.572116 0.584292 0.598471 0.614873 0.633769 0.655492 0.680455 0.709171 0.742284 0.780614 0.825214 0.877462 0.859746 0.837844 0.818954 0.802788 0.789113 0.777738 0.768511 0.761313 0.756053 0.752666 0.751111 0.751369 0.753442 1706.000000 1.221151 0.712847
0.907548 0.815828 0.742570 0.682894 0.633509 0.592115 0.557058 0.527120 0.501382 0.479140 0.459849 0.443077 0.428482 0.415787 0.404770 0.395249 0.387077 0.380133 0.374320 0.369559 0.365788 0.362958 0.361035 0.359995 0.359825 0.360523 0.362098 0.364569 0.367967 0.372334 0.377727 0.384217 0.391896 0.400872 0.411284 0.423298 0.437119 0.453002 0.471260 0.492289 0.516583 0.544781 0.577707 0.616450 0.662473 0.717792 0.785255 0.829886 0.780347 0.738068 0.701738 0.670356 0.643144 0.619489 0.598904 0.580997 0.565454 0.552015 0.540472 0.530654 0.522423 0.515666 0.510295 0.506243 0.503457 0.501905 0.501566 0.502438 0.504530 0.507868 0.512494 0.518465 0.525859 0.534774 0.545332 0.557687 0.572024 0.588573 0.607616 0.629499 0.654654 0.683618 0.717071 0.723082 0.673102 0.631007 0.595217 0.564555 0.538131 0.515256 0.495390 0.478109 0.463071 0.450001 0.438676 0.428916 0.420571 0.413522 0.407671 0.402941 0.399270 0.396612 0.394935 0.394217 0.394451 0.395638 0.397794 0.400945 0.405130 0.410402 0.416830 0.424502 0.433526 0.444035 0.456192 0.470199 0.486301 0.504805 0.526089 0.550633 0.579042 0.612097 0.650817 0.696558 0.751161 0.817189 0.898315 1.000000 11600.000000 1.464254 0.573384
0.420571 0.413522 0.407671 0.402941 0.399270 0.396612 0.394935 0.394217 0.394451 0.395638 0.397794 0.400945 0.405130 0.410402 0.416830 0.424502 0.433526 0.444035 0.456192 0.470199 0.486301 0.504805 0.526089 0.550633 0.579042 0.612097 0.650817 0.696558 0.751161 0.817189 0.898315 1.000000 0.907548 0.815828 0.742570 0.682894 0.633509 0.592115 0.557058 0.527120 0.501382 0.479140 0.459849 0.443077 0.428482 0.415787 0.404770 0.395249 0.387077 0.380133 0.374320 0.369559 0.365788 0.362958 0.361035 0.359995 0.359825 0.360523 0.362098 0.364569 0.367967 0.372334 0.377727 0.384217 0.391896 0.400872 0.411284 0.423298 0.437119 0.453002 0.471260 0.492289 0.516583 0.544781 0.577707 0.616450 0.662473 0.717792 0.785255 0.829886 0.780347 0.738068 0.701738 0.670356 0.643144 0.619489 0.598904 0.580997 0.565454 0.552015 0.540472 0.530654 0.522423 0.515666 0.510295 0.506243 0.503457 0.501905 0.501566 0.502438 0.504530 0.507868 0.512494 0.518465 0.525859 0.534774 0.545332 0.557687 0.572024 0.588573 0.607616 0.629499 0.654654 0.683618 0.717071 0.723082 0.673102 0.631007 0.595217 0.564555 0.538131 0.515256 0.495390 0.478109 0.463071 0.450001 0.438676 0.428916 11600.000000 1.464254 0.573384
0.503457 0.501905 0.501566 0.502438 0.504530 0.507868 0.512494 0.518465 0.525859 0.534774 0.545332 0.557687 0.572024 0.588573 0.607616 0.629499 0.654654 0.683618 0.717071 0.723082 0.673102 0.631007 0.595217 0.564555 0.538131 0.515256 0.495390 0.478109 0.463071 0.450001 0.438676 0.428916 0.420571 0.413522 0.407671 0.402941 0.399270 0.396612 0.394935 0.394217 0.394451 0.395638 0.397794 0.400945 0.405130 0.410402 0.416830 0.424502 0.433526 0.444035 0.456192 0.470199 0.486301 0.504805 0.526089 0.550633 0.579042 0.612097 0.650817 0.696558 0.751161 0.817189 0.898315 1.000000 0.907548 0.815828 0.742570 0.682894 0.633509 0.592115 0.557058 0.527120 0.501382 0.479140 0.459849 0.443077 0.428482 0.415787 0.404770 0.395249 0.387077 0.380133 0.374320 0.369559 0.365788 0.362958 0.361035 0.359995 0.359825 0.360523 0.362098 0.364569 0.367967 0.372334 0.377727 0.384217 0.391896 0.400872 0.411284 0.423298 0.437119 0.453002 0.471260 0.492289 0.516583 0.544781 0.577707 0.616450 0.662473 0.717792 0.785255 0.829886 0.780347 0.738068 0.701738 0.670356 0.643144 0.619489 0.598904 0.580997 0.565454 0.552015 0.540472 0.530654 0.522423 0.515666 0.510295 0.506243 11600.000000 1.464254 0.573384
0.391896 0.400872 0.411284 0.423298 0.437119 0.453002 0.471260 0.492289 0.516583 0.544781 0.577707 0.616450 0.662473 0.717792 0.785255 0.829886 0.780347 0.738068 0.701738 0.670356 0.643144 0.619489 0.598904 0.580997 0.565454 0.552015 0.540472 0.530654 0.522423 0.515666 0.510295 0.506243 0.503457 0.501905 0.501566 0.502438 0.504530 0.507868 0.512494 0.518465 0.525859 0.534774 0.545332 0.557687 0.572024 0.588573 0.607616 0.629499 0.654654 0.683618 0.717071 0.723082 0.673102 0.631007 0.595217 0.564555 0.538131 0.515256 0.495390 0.478109 0.463071 0.450001 0.438676 0.428916 0.420571 0.413522 0.407671 0.402941 0.399270 0.396612 0.394935 0.394217 0.394451 0.395638 0.397794 0.400945 0.405130 0.410402 0.416830 0.424502 0.433526 0.444035 0.456192 0.470199 0.486301 0.504805 0.526089 0.550633 0.579042 0.612097 0.650817 0.696558 0.751161 0.817189 0.898315 1.000000 0.907548 0.815828 0.742570 0.682894 0.633509 0.592115 0.557058 0.527120 0.501382 0.479140 0.459849 0.443077 0.428482 0.415787 0.404770 0.395249 0.387077 0.380133 0.374320 0.369559 0.365788 0.362958 0.361035 0.359995 0.359825 0.360523 0.362098 0.364569 0.367967 0.372334 0.377727 0.384217 11600.000000 1.464254 0.573384
