0.761213 0.732002 0.706589 0.684475 0.665257 0.648609 0.634264 0.622006 0.611659 0.603079 0.596153 0.590792 0.586927 0.584512 0.583516 0.583928 0.585753 0.589012 0.593747 0.600015 0.607897 0.617497 0.628944 0.642401 0.658065 0.676183 0.697053 0.721045 0.748615 0.780332 0.816910 0.859258 0.908545 0.966300 1.000000 0.956200 0.918195 0.885146 0.856386 0.831375 0.809679 0.790943 0.774880 0.761253 0.749873 0.740586 0.733271 0.727835 0.724211 0.722355 0.722243 0.723875 0.727271 0.732472 0.739542 0.748571 0.759675 0.745894 0.733893 0.723989 0.716051 0.709977 0.705690 0.703139 0.702292 0.703139 0.705690 0.709977 0.716051 0.723989 0.733893 0.745894 0.760156 0.776881 0.796321 0.818781 0.804820 0.784768 0.767494 0.752739 0.740290 0.729976 0.721660 0.715235 0.710620 0.707759 0.706616 0.707178 0.709451 0.713463 0.719264 0.726925 0.736544 0.748248 0.762196 0.778586 0.797659 0.795690 0.777250 0.761439 0.748025 0.736819 0.727671 0.720462 0.715100 0.711519 0.709674 0.709544 0.711127 0.714442 0.719530 0.726453 0.735300 0.746184 0.759252 0.774685 0.792709 0.813597 0.837689 0.865400 0.897242 0.933852 0.976029 0.993164 0.931340 0.878756 0.833693 0.794848 1495.000000 1.154646 0.803758
0.797659 0.795690 0.777250 0.761439 0.748025 0.736819 0.727671 0.720462 0.715100 0.711519 0.709674 0.709544 0.711127 0.714442 0.719530 0.726453 0.735300 0.746184 0.759252 0.774685 0.792709 0.813597 0.837689 0.865400 0.897242 0.933852 0.976029 0.993164 0.931340 0.878756 0.833693 0.794848 0.761213 0.732002 0.706589 0.684475 0.665257 0.648609 0.634264 0.622006 0.611659 0.603079 0.596153 0.590792 0.586927 0.584512 0.583516 0.583928 0.585753 0.589012 0.593747 0.600015 0.607897 0.617497 0.628944 0.642401 0.658065 0.676183 0.697053 0.721045 0.748615 0.780332 0.816910 0.859258 0.908545 0.966300 1.000000 0.956200 0.918195 0.885146 0.856386 0.831375 0.809679 0.790943 0.774880 0.761253 0.749873 0.740586 0.733271 0.727835 0.724211 0.722355 0.722243 0.723875 0.727271 0.732472 0.739542 0.748571 0.759675 0.745894 0.733893 0.723989 0.716051 0.709977 0.705690 0.703139 0.702292 0.703139 0.705690 0.709977 0.716051 0.723989 0.733893 0.745894 0.760156 0.776881 0.796321 0.818781 0.804820 0.784768 0.767494 0.752739 0.740290 0.729976 0.721660 0.715235 0.710620 0.707759 0.706616 0.707178 0.709451 0.713463 0.719264 0.726925 0.736544 0.748248 0.762196 0.778586 1495.000000 1.154646 0.803758
0.702292 0.703139 0.705690 0.709977 0.716051 0.723989 0.733893 0.745894 0.760156 0.776881 0.796321 0.818781 0.804820 0.784768 0.767494 0.752739 0.740290 0.729976 0.721660 0.715235 0.710620 0.707759 0.706616 0.707178 0.709451 0.713463 0.719264 0.726925 0.736544 0.748248 0.762196 0.778586 0.797659 0.795690 0.777250 0.761439 0.748025 0.736819 0.727671 0.720462 0.715100 0.711519 0.709674 0.709544 0.711127 0.714442 0.719530 0.726453 0.735300 0.746184 0.759252 0.774685 0.792709 0.813597 0.837689 0.865400 0.897242 0.933852 0.976029 0.993164 0.931340 0.878756 0.833693 0.794848 0.761213 0.732002 0.706589 0.684475 0.665257 0.648609 0.634264 0.622006 0.611659 0.603079 0.596153 0.590792 0.586927 0.584512 0.583516 0.583928 0.585753 0.589012 0.593747 0.600015 0.607897 0.617497 0.628944 0.642401 0.658065 0.676183 0.697053 0.721045 0.748615 0.780332 0.816910 0.859258 0.908545 0.966300 1.000000 0.956200 0.918195 0.885146 0.856386 0.831375 0.809679 0.790943 0.774880 0.761253 0.749873 0.740586 0.733271 0.727835 0.724211 0.722355 0.722243 0.723875 0.727271 0.732472 0.739542 0.748571 0.759675 0.745894 0.733893 0.723989 0.716051 0.709977 0.705690 0.703139 1495.000000 1.154646 0.803758
0.908545 0.966300 1.000000 0.956200 0.918195 0.885146 0.856386 0.831375 0.809679 0.790943 0.774880 0.761253 0.749873 0.740586 0.733271 0.727835 0.724211 0.722355 0.722243 0.723875 0.727271 0.732472 0.739542 0.748571 0.759675 0.745894 0.733893 0.723989 0.716051 0.709977 0.705690 0.703139 0.702292 0.703139 0.705690 0.709977 0.716051 0.723989 0.733893 0.745894 0.760156 0.776881 0.796321 0.818781 0.804820 0.784768 0.767494 0.752739 0.740290 0.729976 0.721660 0.715235 0.710620 0.707759 0.706616 0.707178 0.709451 0.713463 0.719264 0.726925 0.736544 0.748248 0.762196 0.778586 0.797659 0.795690 0.777250 0.761439 0.748025 0.736819 0.727671 0.720462 0.715100 0.711519 0.709674 0.709544 0.711127 0.714442 0.719530 0.726453 0.735300 0.746184 0.759252 0.774685 0.792709 0.813597 0.837689 0.865400 0.897242 0.933852 0.976029 0.993164 0.931340 0.878756 0.833693 0.794848 0.761213 0.732002 0.706589 0.684475 0.665257 0.648609 0.634264 0.622006 0.611659 0.603079 0.596153 0.590792 0.586927 0.584512 0.583516 0.583928 0.585753 0.589012 0.593747 0.600015 0.607897 0.617497 0.628944 0.642401 0.658065 0.676183 0.697053 0.721045 0.748615 0.780332 0.816910 0.859258 1495.000000 1.154646 0.803758
0.805869 0.844165 0.888529 0.940207 1.000000 0.966859 0.938032 0.913010 0.891379 0.872804 0.857009 0.843773 0.832915 0.824294 0.817800 0.813351 0.810893 0.810396 0.803565 0.773354 0.747068 0.724196 0.704331 0.687137 0.672343 0.659729 0.649115 0.640355 0.633333 0.627961 0.624170 0.621913 0.621164 0.621913 0.624170 0.627961 0.633333 0.640355 0.649115 0.659729 0.672343 0.687137 0.704331 0.717668 0.708683 0.701589 0.696297 0.692740 0.690876 0.690681 0.692153 0.695310 0.700190 0.706855 0.715387 0.725898 0.738529 0.753454 0.770890 0.791103 0.814419 0.841240 0.872060 0.876812 0.849051 0.824921 0.804009 0.785976 0.770551 0.757509 0.746670 0.737890 0.731054 0.726077 0.722897 0.721475 0.721795 0.723859 0.727693 0.733344 0.740882 0.750404 0.762033 0.775927 0.792281 0.811336 0.833387 0.858797 0.888012 0.921583 0.904668 0.857896 0.817595 0.782712 0.752422 0.726074 0.703144 0.683214 0.665943 0.651054 0.638319 0.627557 0.618616 0.611379 0.605752 0.601664 0.599064 0.597921 0.598220 0.599966 0.603179 0.602107 0.599827 0.599001 0.599621 0.601692 0.605242 0.610312 0.616967 0.625292 0.635396 0.647417 0.661526 0.677934 0.696898 0.718734 0.743833 0.772678 1583.500000 1.225050 0.826253
0.703144 0.683214 0.665943 0.651054 0.638319 0.627557 0.618616 0.611379 0.605752 0.601664 0.599064 0.597921 0.598220 0.599966 0.603179 0.602107 0.599827 0.599001 0.599621 0.601692 0.605242 0.610312 0.616967 0.625292 0.635396 0.647417 0.661526 0.677934 0.696898 0.718734 0.743833 0.772678 0.805869 0.844165 0.888529 0.940207 1.000000 0.966859 0.938032 0.913010 0.891379 0.872804 0.857009 0.843773 0.832915 0.824294 0.817800 0.813351 0.810893 0.810396 0.803565 0.773354 0.747068 0.724196 0.704331 0.687137 0.672343 0.659729 0.649115 0.640355 0.633333 0.627961 0.624170 0.621913 0.621164 0.621913 0.624170 0.627961 0.633333 0.640355 0.649115 0.659729 0.672343 0.687137 0.704331 0.717668 0.708683 0.701589 0.696297 0.692740 0.690876 0.690681 0.692153 0.695310 0.700190 0.706855 0.715387 0.725898 0.738529 0.753454 0.770890 0.791103 0.814419 0.841240 0.872060 0.876812 0.849051 0.824921 0.804009 0.785976 0.770551 0.757509 0.746670 0.737890 0.731054 0.726077 0.722897 0.721475 0.721795 0.723859 0.727693 0.733344 0.740882 0.750404 0.762033 0.775927 0.792281 0.811336 0.833387 0.858797 0.888012 0.921583 0.904668 0.857896 0.817595 0.782712 0.752422 0.726074 1583.500000 1.225050 0.826253
0.849051 0.824921 0.804009 0.785976 0.770551 0.757509 0.746670 0.737890 0.731054 0.726077 0.722897 0.721475 0.721795 0.723859 0.727693 0.733344 0.740882 0.750404 0.762033 0.775927 0.792281 0.811336 0.833387 0.858797 0.888012 0.921583 0.904668 0.857896 0.817595 0.782712 0.752422 0.726074 0.703144 0.683214 0.665943 0.651054 0.638319 0.627557 0.618616 0.611379 0.605752 0.601664 0.599064 0.597921 0.598220 0.599966 0.603179 0.602107 0.599827 0.599001 0.599621 0.601692 0.605242 0.610312 0.616967 0.625292 0.635396 0.647417 0.661526 0.677934 0.696898 0.718734 0.743833 0.772678 0.805869 0.844165 0.888529 0.940207 1.000000 0.966859 0.938032 0.913010 0.891379 0.872804 0.857009 0.843773 0.832915 0.824294 0.817800 0.813351 0.810893 0.810396 0.803565 0.773354 0.747068 0.724196 0.704331 0.687137 0.672343 0.659729 0.649115 0.640355 0.633333 0.627961 0.624170 0.621913 0.621164 0.621913 0.624170 0.627961 0.633333 0.640355 0.649115 0.659729 0.672343 0.687137 0.704331 0.717668 0.708683 0.701589 0.696297 0.692740 0.690876 0.690681 0.692153 0.695310 0.700190 0.706855 0.715387 0.725898 0.738529 0.753454 0.770890 0.791103 0.814419 0.841240 0.872060 0.876812 1583.500000 1.225050 0.826253
0.621164 0.621913 0.624170 0.627961 0.633333 0.640355 0.649115 0.659729 0.672343 0.687137 0.704331 0.717668 0.708683 0.701589 0.696297 0.692740 0.690876 0.690681 0.692153 0.695310 0.700190 0.706855 0.715387 0.725898 0.738529 0.753454 0.770890 0.791103 0.814419 0.841240 0.872060 0.876812 0.849051 0.824921 0.804009 0.785976 0.770551 0.757509 0.746670 0.737890 0.731054 0.726077 0.722897 0.721475 0.721795 0.723859 0.727693 0.733344 0.740882 0.750404 0.762033 0.775927 0.792281 0.811336 0.833387 0.858797 0.888012 0.921583 0.904668 0.857896 0.817595 0.782712 0.752422 0.726074 0.703144 0.683214 0.665943 0.651054 0.638319 0.627557 0.618616 0.611379 0.605752 0.601664 0.599064 0.597921 0.598220 0.599966 0.603179 0.602107 0.599827 0.599001 0.599621 0.601692 0.605242 0.610312 0.616967 0.625292 0.635396 0.647417 0.661526 0.677934 0.696898 0.718734 0.743833 0.772678 0.805869 0.844165 0.888529 0.940207 1.000000 0.966859 0.938032 0.913010 0.891379 0.872804 0.857009 0.843773 0.832915 0.824294 0.817800 0.813351 0.810893 0.810396 0.803565 0.773354 0.747068 0.724196 0.704331 0.687137 0.672343 0.659729 0.649115 0.640355 0.633333 0.627961 0.624170 0.621913 1583.500000 1.225050 0.826253
0.727785 0.742612 0.759924 0.779987 0.749394 0.707395 0.671386 0.640333 0.613439 0.590076 0.569750 0.552063 0.536696 0.523387 0.511926 0.502140 0.493889 0.487059 0.481559 0.477320 0.474301 0.472565 0.471975 0.472523 0.474216 0.477074 0.481134 0.486445 0.493075 0.501113 0.510668 0.521876 0.534905 0.549959 0.567292 0.587214 0.610108 0.620038 0.615688 0.612865 0.611534 0.611679 0.613302 0.616422 0.621079 0.627329 0.635252 0.644951 0.656558 0.670234 0.686180 0.704643 0.725923 0.750393 0.778511 0.810848 0.848119 0.891233 0.941353 1.000000 0.957011 0.876309 0.809958 0.754638 0.707989 0.668287 0.634248 0.604895 0.579473 0.557391 0.538179 0.521461 0.506935 0.494355 0.482284 0.468414 0.456388 0.446011 0.437126 0.429602 0.423336 0.418243 0.414257 0.411327 0.409419 0.408507 0.408582 0.409644 0.411706 0.414793 0.418943 0.424210 0.430662 0.438385 0.449202 0.462988 0.478838 0.497051 0.518001 0.542159 0.570122 0.602656 0.640765 0.685783 0.739521 0.804500 0.884332 0.864294 0.833197 0.806135 0.782602 0.762188 0.744559 0.729446 0.716626 0.705920 0.697184 0.690304 0.685193 0.681788 0.680046 0.679948 0.681491 0.684694 0.689596 0.696259 0.704766 0.715228 1705.500000 1.295620 0.698648
0.478838 0.497051 0.518001 0.542159 0.570122 0.602656 0.640765 0.685783 0.739521 0.804500 0.884332 0.864294 0.833197 0.806135 0.782602 0.762188 0.744559 0.729446 0.716626 0.705920 0.697184 0.690304 0.685193 0.681788 0.680046 0.679948 0.681491 0.684694 0.689596 0.696259 0.704766 0.715228 0.727785 0.742612 0.759924 0.779987 0.749394 0.707395 0.671386 0.640333 0.613439 0.590076 0.569750 0.552063 0.536696 0.523387 0.511926 0.502140 0.493889 0.487059 0.481559 0.477320 0.474301 0.472565 0.471975 0.472523 0.474216 0.477074 0.481134 0.486445 0.493075 0.501113 0.510668 0.521876 0.534905 0.549959 0.567292 0.587214 0.610108 0.620038 0.615688 0.612865 0.611534 0.611679 0.613302 0.616422 0.621079 0.627329 0.635252 0.644951 0.656558 0.670234 0.686180 0.704643 0.725923 0.750393 0.778511 0.810848 0.848119 0.891233 0.941353 1.000000 0.957011 0.876309 0.809958 0.754638 0.707989 0.668287 0.634248 0.604895 0.579473 0.557391 0.538179 0.521461 0.506935 0.494355 0.482284 0.468414 0.456388 0.446011 0.437126 0.429602 0.423336 0.418243 0.414257 0.411327 0.409419 0.408507 0.408582 0.409644 0.411706 0.414793 0.418943 0.424210 0.430662 0.438385 0.449202 0.462988 1705.500000 1.295620 0.698648
0.707989 0.668287 0.634248 0.604895 0.579473 0.557391 0.538179 0.521461 0.506935 0.494355 0.482284 0.468414 0.456388 0.446011 0.437126 0.429602 0.423336 0.418243 0.414257 0.411327 0.409419 0.408507 0.408582 0.409644 0.411706 0.414793 0.418943 0.424210 0.430662 0.438385 0.449202 0.462988 0.478838 0.497051 0.518001 0.542159 0.570122 0.602656 0.640765 0.685783 0.739521 0.804500 0.884332 0.864294 0.833197 0.806135 0.782602 0.762188 0.744559 0.729446 0.716626 0.705920 0.697184 0.690304 0.685193 0.681788 0.680046 0.679948 0.681491 0.684694 0.689596 0.696259 0.704766 0.715228 0.727785 0.742612 0.759924 0.779987 0.749394 0.707395 0.671386 0.640333 0.613439 0.590076 0.569750 0.552063 0.536696 0.523387 0.511926 0.502140 0.493889 0.487059 0.481559 0.477320 0.474301 0.472565 0.471975 0.472523 0.474216 0.477074 0.481134 0.486445 0.493075 0.501113 0.510668 0.521876 0.534905 0.549959 0.567292 0.587214 0.610108 0.620038 0.615688 0.612865 0.611534 0.611679 0.613302 0.616422 0.621079 0.627329 0.635252 0.644951 0.656558 0.670234 0.686180 0.704643 0.725923 0.750393 0.778511 0.810848 0.848119 0.891233 0.941353 1.000000 0.957011 0.876309 0.809958 0.754638 1705.500000 1.295620 0.698648
0.534905 0.549959 0.567292 0.587214 0.610108 0.620038 0.615688 0.612865 0.611534 0.611679 0.613302 0.616422 0.621079 0.627329 0.635252 0.644951 0.656558 0.670234 0.686180 0.704643 0.725923 0.750393 0.778511 0.810848 0.848119 0.891233 0.941353 1.000000 0.957011 0.876309 0.809958 0.754638 0.707989 0.668287 0.634248 0.604895 0.579473 0.557391 0.538179 0.521461 0.506935 0.494355 0.482284 0.468414 0.456388 0.446011 0.437126 0.429602 0.423336 0.418243 0.414257 0.411327 0.409419 0.408507 0.408582 0.409644 0.411706 0.414793 0.418943 0.424210 0.430662 0.438385 0.449202 0.462988 0.478838 0.497051 0.518001 0.542159 0.570122 0.602656 0.640765 0.685783 0.739521 0.804500 0.884332 0.864294 0.833197 0.806135 0.782602 0.762188 0.744559 0.729446 0.716626 0.705920 0.697184 0.690304 0.685193 0.681788 0.680046 0.679948 0.681491 0.684694 0.689596 0.696259 0.704766 0.715228 0.727785 0.742612 0.759924 0.779987 0.749394 0.707395 0.671386 0.640333 0.613439 0.590076 0.569750 0.552063 0.536696 0.523387 0.511926 0.502140 0.493889 0.487059 0.481559 0.477320 0.474301 0.472565 0.471975 0.472523 0.474216 0.477074 0.481134 0.486445 0.493075 0.501113 0.510668 0.521876 1705.500000 1.295620 0.698648
0.917012 0.941703 0.928962 0.909923 0.893759 0.880243 0.869192 0.860462 0.853943 0.849553 0.847239 0.846972 0.848749 0.852593 0.858548 0.866691 0.877122 0.889978 0.905430 0.923692 0.945030 0.927838 0.911175 0.897224 0.885795 0.876739 0.869941 0.865317 0.862808 0.862386 0.864045 0.867805 0.873711 0.881838 0.892287 0.905194 0.920730 0.939110 0.960601 0.985528 1.000000 0.973176 0.949981 0.930055 0.913103 0.898884 0.887206 0.877915 0.870893 0.866052 0.863333 0.862703 0.864154 0.867704 0.873396 0.881301 0.891517 0.904176 0.919447 0.907704 0.888386 0.871930 0.858102 0.846714 0.837616 0.830691 0.825853 0.823042 0.822224 0.823390 0.826553 0.831751 0.839050 0.848541 0.859212 0.854050 0.850987 0.849987 0.851036 0.854149 0.859362 0.866740 0.876376 0.888392 0.902948 0.920243 0.940523 0.964092 0.971324 0.951948 0.935539 0.921870 0.910758 0.902057 0.895658 0.891482 0.889477 0.889620 0.891912 0.896381 0.903081 0.912096 0.923541 0.937563 0.954353 0.974144 0.995666 0.963880 0.936246 0.912289 0.891621 0.873929 0.858953 0.846488 0.836364 0.828453 0.822653 0.818892 0.817126 0.817332 0.819512 0.823694 0.829929 0.838294 0.848894 0.861870 0.877394 0.895686 7344.500000 1.062242 0.920066
0.889477 0.889620 0.891912 0.896381 0.903081 0.912096 0.923541 0.937563 0.954353 0.974144 0.995666 0.963880 0.936246 0.912289 0.891621 0.873929 0.858953 0.846488 0.836364 0.828453 0.822653 0.818892 0.817126 0.817332 0.819512 0.823694 0.829929 0.838294 0.848894 0.861870 0.877394 0.895686 0.917012 0.941703 0.928962 0.909923 0.893759 0.880243 0.869192 0.860462 0.853943 0.849553 0.847239 0.846972 0.848749 0.852593 0.858548 0.866691 0.877122 0.889978 0.905430 0.923692 0.945030 0.927838 0.911175 0.897224 0.885795 0.876739 0.869941 0.865317 0.862808 0.862386 0.864045 0.867805 0.873711 0.881838 0.892287 0.905194 0.920730 0.939110 0.960601 0.985528 1.000000 0.973176 0.949981 0.930055 0.913103 0.898884 0.887206 0.877915 0.870893 0.866052 0.863333 0.862703 0.864154 0.867704 0.873396 0.881301 0.891517 0.904176 0.919447 0.907704 0.888386 0.871930 0.858102 0.846714 0.837616 0.830691 0.825853 0.823042 0.822224 0.823390 0.826553 0.831751 0.839050 0.848541 0.859212 0.854050 0.850987 0.849987 0.851036 0.854149 0.859362 0.866740 0.876376 0.888392 0.902948 0.920243 0.940523 0.964092 0.971324 0.951948 0.935539 0.921870 0.910758 0.902057 0.895658 0.891482 7344.500000 1.062242 0.920066
0.837616 0.830691 0.825853 0.823042 0.822224 0.823390 0.826553 0.831751 0.839050 0.848541 0.859212 0.854050 0.850987 0.849987 0.851036 0.854149 0.859362 0.866740 0.876376 0.888392 0.902948 0.920243 0.940523 0.964092 0.971324 0.951948 0.935539 0.921870 0.910758 0.902057 0.895658 0.891482 0.889477 0.889620 0.891912 0.896381 0.903081 0.912096 0.923541 0.937563 0.954353 0.974144 0.995666 0.963880 0.936246 0.912289 0.891621 0.873929 0.858953 0.846488 0.836364 0.828453 0.822653 0.818892 0.817126 0.817332 0.819512 0.823694 0.829929 0.838294 0.848894 0.861870 0.877394 0.895686 0.917012 0.941703 0.928962 0.909923 0.893759 0.880243 0.869192 0.860462 0.853943 0.849553 0.847239 0.846972 0.848749 0.852593 0.858548 0.866691 0.877122 0.889978 0.905430 0.923692 0.945030 0.927838 0.911175 0.897224 0.885795 0.876739 0.869941 0.865317 0.862808 0.862386 0.864045 0.867805 0.873711 0.881838 0.892287 0.905194 0.920730 0.939110 0.960601 0.985528 1.000000 0.973176 0.949981 0.930055 0.913103 0.898884 0.887206 0.877915 0.870893 0.866052 0.863333 0.862703 0.864154 0.867704 0.873396 0.881301 0.891517 0.904176 0.919447 0.907704 0.888386 0.871930 0.858102 0.846714 7344.500000 1.062242 0.920066
0.873711 0.881838 0.892287 0.905194 0.920730 0.939110 0.960601 0.985528 1.000000 0.973176 0.949981 0.930055 0.913103 0.898884 0.887206 0.877915 0.870893 0.866052 0.863333 0.862703 0.864154 0.867704 0.873396 0.881301 0.891517 0.904176 0.919447 0.907704 0.888386 0.871930 0.858102 0.846714 0.837616 0.830691 0.825853 0.823042 0.822224 0.823390 0.826553 0.831751 0.839050 0.848541 0.859212 0.854050 0.850987 0.849987 0.851036 0.854149 0.859362 0.866740 0.876376 0.888392 0.902948 0.920243 0.940523 0.964092 0.971324 0.951948 0.935539 0.921870 0.910758 0.902057 0.895658 0.891482 0.889477 0.889620 0.891912 0.896381 0.903081 0.912096 0.923541 0.937563 0.954353 0.974144 0.995666 0.963880 0.936246 0.912289 0.891621 0.873929 0.858953 0.846488 0.836364 0.828453 0.822653 0.818892 0.817126 0.817332 0.819512 0.823694 0.829929 0.838294 0.848894 0.861870 0.877394 0.895686 0.917012 0.941703 0.928962 0.909923 0.893759 0.880243 0.869192 0.860462 0.853943 0.849553 0.847239 0.846972 0.848749 0.852593 0.858548 0.866691 0.877122 0.889978 0.905430 0.923692 0.945030 0.927838 0.911175 0.897224 0.885795 0.876739 0.869941 0.865317 0.862808 0.862386 0.864045 0.867805 7344.500000 1.062242 0.920066
0.966157 1.000000 0.944678 0.897204 0.856237 0.820739 0.789894 0.763056 0.739704 0.719421 0.701867 0.686764 0.673886 0.663051 0.654109 0.646943 0.641461 0.637594 0.635295 0.634535 0.635306 0.637617 0.641496 0.646990 0.654169 0.663125 0.673975 0.686868 0.701989 0.719563 0.739867 0.763243 0.790110 0.820986 0.856522 0.873548 0.843856 0.818022 0.795582 0.776160 0.759450 0.745202 0.733213 0.723318 0.715387 0.709318 0.705036 0.702487 0.701641 0.702487 0.705036 0.709318 0.715387 0.723318 0.733213 0.745202 0.759450 0.776160 0.795582 0.818022 0.843856 0.873548 0.907673 0.946946 0.979736 0.928031 0.883533 0.845049 0.811651 0.782606 0.757330 0.735352 0.716290 0.699835 0.685733 0.673780 0.663809 0.655684 0.649302 0.644580 0.641461 0.639906 0.639896 0.641432 0.644531 0.649232 0.655594 0.663696 0.673643 0.685570 0.699644 0.716068 0.735095 0.757035 0.782267 0.811261 0.844600 0.883015 0.883787 0.850560 0.821649 0.796495 0.774646 0.755735 0.739465 0.725592 0.713917 0.704283 0.696561 0.690652 0.686482 0.684000 0.683176 0.684000 0.686482 0.690652 0.696561 0.704283 0.713917 0.725592 0.739465 0.755735 0.774646 0.796495 0.821649 0.850560 0.883787 0.922026 1350.000000 1.148190 0.778706
0.844600 0.883015 0.883787 0.850560 0.821649 0.796495 0.774646 0.755735 0.739465 0.725592 0.713917 0.704283 0.696561 0.690652 0.686482 0.684000 0.683176 0.684000 0.686482 0.690652 0.696561 0.704283 0.713917 0.725592 0.739465 0.755735 0.774646 0.796495 0.821649 0.850560 0.883787 0.922026 0.966157 1.000000 0.944678 0.897204 0.856237 0.820739 0.789894 0.763056 0.739704 0.719421 0.701867 0.686764 0.673886 0.663051 0.654109 0.646943 0.641461 0.637594 0.635295 0.634535 0.635306 0.637617 0.641496 0.646990 0.654169 0.663125 0.673975 0.686868 0.701989 0.719563 0.739867 0.763243 0.790110 0.820986 0.856522 0.873548 0.843856 0.818022 0.795582 0.776160 0.759450 0.745202 0.733213 0.723318 0.715387 0.709318 0.705036 0.702487 0.701641 0.702487 0.705036 0.709318 0.715387 0.723318 0.733213 0.745202 0.759450 0.776160 0.795582 0.818022 0.843856 0.873548 0.907673 0.946946 0.979736 0.928031 0.883533 0.845049 0.811651 0.782606 0.757330 0.735352 0.716290 0.699835 0.685733 0.673780 0.663809 0.655684 0.649302 0.644580 0.641461 0.639906 0.639896 0.641432 0.644531 0.649232 0.655594 0.663696 0.673643 0.685570 0.699644 0.716068 0.735095 0.757035 0.782267 0.811261 1350.000000 1.148190 0.778706
0.979736 0.928031 0.883533 0.845049 0.811651 0.782606 0.757330 0.735352 0.716290 0.699835 0.685733 0.673780 0.663809 0.655684 0.649302 0.644580 0.641461 0.639906 0.639896 0.641432 0.644531 0.649232 0.655594 0.663696 0.673643 0.685570 0.699644 0.716068 0.735095 0.757035 0.782267 0.811261 0.844600 0.883015 0.883787 0.850560 0.821649 0.796495 0.774646 0.755735 0.739465 0.725592 0.713917 0.704283 0.696561 0.690652 0.686482 0.684000 0.683176 0.684000 0.686482 0.690652 0.696561 0.704283 0.713917 0.725592 0.739465 0.755735 0.774646 0.796495 0.821649 0.850560 0.883787 0.922026 0.966157 1.000000 0.944678 0.897204 0.856237 0.820739 0.789894 0.763056 0.739704 0.719421 0.701867 0.686764 0.673886 0.663051 0.654109 0.646943 0.641461 0.637594 0.635295 0.634535 0.635306 0.637617 0.641496 0.646990 0.654169 0.663125 0.673975 0.686868 0.701989 0.719563 0.739867 0.763243 0.790110 0.820986 0.856522 0.873548 0.843856 0.818022 0.795582 0.776160 0.759450 0.745202 0.733213 0.723318 0.715387 0.709318 0.705036 0.702487 0.701641 0.702487 0.705036 0.709318 0.715387 0.723318 0.733213 0.745202 0.759450 0.776160 0.795582 0.818022 0.843856 0.873548 0.907673 0.946946 1350.000000 1.148190 0.778706
0.790110 0.820986 0.856522 0.873548 0.843856 0.818022 0.795582 0.776160 0.759450 0.745202 0.733213 0.723318 0.715387 0.709318 0.705036 0.702487 0.701641 0.702487 0.705036 0.709318 0.715387 0.723318 0.733213 0.745202 0.759450 0.776160 0.795582 0.818022 0.843856 0.873548 0.907673 0.946946 0.979736 0.928031 0.883533 0.845049 0.811651 0.782606 0.757330 0.735352 0.716290 0.699835 0.685733 0.673780 0.663809 0.655684 0.649302 0.644580 0.641461 0.639906 0.639896 0.641432 0.644531 0.649232 0.655594 0.663696 0.673643 0.685570 0.699644 0.716068 0.735095 0.757035 0.782267 0.811261 0.844600 0.883015 0.883787 0.850560 0.821649 0.796495 0.774646 0.755735 0.739465 0.725592 0.713917 0.704283 0.696561 0.690652 0.686482 0.684000 0.683176 0.684000 0.686482 0.690652 0.696561 0.704283 0.713917 0.725592 0.739465 0.755735 0.774646 0.796495 0.821649 0.850560 0.883787 0.922026 0.966157 1.000000 0.944678 0.897204 0.856237 0.820739 0.789894 0.763056 0.739704 0.719421 0.701867 0.686764 0.673886 0.663051 0.654109 0.646943 0.641461 0.637594 0.635295 0.634535 0.635306 0.637617 0.641496 0.646990 0.654169 0.663125 0.673975 0.686868 0.701989 0.719563 0.739867 0.763243 1350.000000 1.148190 0.778706
0.930735 0.968959 0.926121 0.883365 0.846332 0.814161 0.786171 0.761816 0.740655 0.722331 0.706553 0.693084 0.681730 0.672335 0.664776 0.658955 0.654799 0.652256 0.651295 0.651906 0.654096 0.657890 0.656133 0.642621 0.631144 0.621541 0.613683 0.607465 0.602810 0.599660 0.597975 0.597736 0.598939 0.601600 0.605749 0.611440 0.618744 0.627754 0.638592 0.651408 0.664777 0.660262 0.657380 0.656097 0.656398 0.658285 0.661782 0.666932 0.673799 0.682469 0.693057 0.705706 0.720593 0.737938 0.758010 0.781138 0.807730 0.838286 0.873433 0.913953 0.960843 1.000000 0.951237 0.909097 0.872545 0.840765 0.813110 0.789056 0.768182 0.750144 0.734663 0.721512 0.710504 0.701492 0.694358 0.689010 0.685383 0.683431 0.683132 0.684481 0.687494 0.692210 0.698685 0.707003 0.696851 0.676008 0.657915 0.642272 0.628836 0.617407 0.607824 0.599958 0.593704 0.588984 0.585738 0.583927 0.583529 0.584538 0.586967 0.590846 0.596222 0.603164 0.611760 0.622125 0.634403 0.648768 0.665440 0.684684 0.706828 0.732276 0.752482 0.745145 0.739715 0.736124 0.734328 0.734306 0.736057 0.739602 0.744985 0.752273 0.761557 0.772959 0.786631 0.802764 0.821594 0.843408 0.868563 0.897492 18157.500000 1.337359 0.834766
0.583529 0.584538 0.586967 0.590846 0.596222 0.603164 0.611760 0.622125 0.634403 0.648768 0.665440 0.684684 0.706828 0.732276 0.752482 0.745145 0.739715 0.736124 0.734328 0.734306 0.736057 0.739602 0.744985 0.752273 0.761557 0.772959 0.786631 0.802764 0.821594 0.843408 0.868563 0.897492 0.930735 0.968959 0.926121 0.883365 0.846332 0.814161 0.786171 0.761816 0.740655 0.722331 0.706553 0.693084 0.681730 0.672335 0.664776 0.658955 0.654799 0.652256 0.651295 0.651906 0.654096 0.657890 0.656133 0.642621 0.631144 0.621541 0.613683 0.607465 0.602810 0.599660 0.597975 0.597736 0.598939 0.601600 0.605749 0.611440 0.618744 0.627754 0.638592 0.651408 0.664777 0.660262 0.657380 0.656097 0.656398 0.658285 0.661782 0.666932 0.673799 0.682469 0.693057 0.705706 0.720593 0.737938 0.758010 0.781138 0.807730 0.838286 0.873433 0.913953 0.960843 1.000000 0.951237 0.909097 0.872545 0.840765 0.813110 0.789056 0.768182 0.750144 0.734663 0.721512 0.710504 0.701492 0.694358 0.689010 0.685383 0.683431 0.683132 0.684481 0.687494 0.692210 0.698685 0.707003 0.696851 0.676008 0.657915 0.642272 0.628836 0.617407 0.607824 0.599958 0.593704 0.588984 0.585738 0.583927 18157.500000 1.337359 0.834766
0.872545 0.840765 0.813110 0.789056 0.768182 0.750144 0.734663 0.721512 0.710504 0.701492 0.694358 0.689010 0.685383 0.683431 0.683132 0.684481 0.687494 0.692210 0.698685 0.707003 0.696851 0.676008 0.657915 0.642272 0.628836 0.617407 0.607824 0.599958 0.593704 0.588984 0.585738 0.583927 0.583529 0.584538 0.586967 0.590846 0.596222 0.603164 0.611760 0.622125 0.634403 0.648768 0.665440 0.684684 0.706828 0.732276 0.752482 0.745145 0.739715 0.736124 0.734328 0.734306 0.736057 0.739602 0.744985 0.752273 0.761557 0.772959 0.786631 0.802764 0.821594 0.843408 0.868563 0.897492 0.930735 0.968959 0.926121 0.883365 0.846332 0.814161 0.786171 0.761816 0.740655 0.722331 0.706553 0.693084 0.681730 0.672335 0.664776 0.658955 0.654799 0.652256 0.651295 0.651906 0.654096 0.657890 0.656133 0.642621 0.631144 0.621541 0.613683 0.607465 0.602810 0.599660 0.597975 0.597736 0.598939 0.601600 0.605749 0.611440 0.618744 0.627754 0.638592 0.651408 0.664777 0.660262 0.657380 0.656097 0.656398 0.658285 0.661782 0.666932 0.673799 0.682469 0.693057 0.705706 0.720593 0.737938 0.758010 0.781138 0.807730 0.838286 0.873433 0.913953 0.960843 1.000000 0.951237 0.909097 18157.500000 1.337359 0.834766
0.598939 0.601600 0.605749 0.611440 0.618744 0.627754 0.638592 0.651408 0.664777 0.660262 0.657380 0.656097 0.656398 0.658285 0.661782 0.666932 0.673799 0.682469 0.693057 0.705706 0.720593 0.737938 0.758010 0.781138 0.807730 0.838286 0.873433 0.913953 0.960843 1.000000 0.951237 0.909097 0.872545 0.840765 0.813110 0.789056 0.768182 0.750144 0.734663 0.721512 0.710504 0.701492 0.694358 0.689010 0.685383 0.683431 0.683132 0.684481 0.687494 0.692210 0.698685 0.707003 0.696851 0.676008 0.657915 0.642272 0.628836 0.617407 0.607824 0.599958 0.593704 0.588984 0.585738 0.583927 0.583529 0.584538 0.586967 0.590846 0.596222 0.603164 0.611760 0.622125 0.634403 0.648768 0.665440 0.684684 0.706828 0.732276 0.752482 0.745145 0.739715 0.736124 0.734328 0.734306 0.736057 0.739602 0.744985 0.752273 0.761557 0.772959 0.786631 0.802764 0.821594 0.843408 0.868563 0.897492 0.930735 0.968959 0.926121 0.883365 0.846332 0.814161 0.786171 0.761816 0.740655 0.722331 0.706553 0.693084 0.681730 0.672335 0.664776 0.658955 0.654799 0.652256 0.651295 0.651906 0.654096 0.657890 0.656133 0.642621 0.631144 0.621541 0.613683 0.607465 0.602810 0.599660 0.597975 0.597736 18157.500000 1.337359 0.834766
0.896192 0.880559 0.867516 0.856888 0.848537 0.842357 0.838271 0.836229 0.836207 0.838204 0.842245 0.848378 0.856680 0.867257 0.880245 0.895818 0.914195 0.898972 0.871637 0.847897 0.827356 0.809692 0.794640 0.781987 0.771561 0.763223 0.756868 0.752415 0.749810 0.749021 0.738847 0.718551 0.700985 0.685870 0.672980 0.662131 0.653175 0.645993 0.640494 0.636609 0.634289 0.633507 0.634252 0.636535 0.640383 0.645842 0.652983 0.661895 0.672697 0.685536 0.700595 0.698452 0.696908 0.697045 0.698867 0.702394 0.707671 0.714763 0.723760 0.734779 0.747968 0.763512 0.781639 0.802629 0.826823 0.854645 0.886614 0.923379 0.938887 0.938211 0.939800 0.943670 0.949871 0.958478 0.969600 0.983379 1.000000 0.974772 0.930389 0.891927 0.858505 0.829423 0.804121 0.782145 0.763127 0.746769 0.732826 0.721100 0.711429 0.703688 0.697776 0.693619 0.681454 0.668040 0.656695 0.647262 0.639615 0.633656 0.629309 0.626520 0.625255 0.625499 0.627255 0.630545 0.635408 0.641904 0.650118 0.660155 0.672152 0.686277 0.702738 0.706691 0.705839 0.706691 0.709255 0.713563 0.719668 0.727646 0.737600 0.749662 0.763995 0.780805 0.800343 0.822917 0.848906 0.878776 0.913105 0.914633 6728.500000 1.359649 0.885979
0.639615 0.633656 0.629309 0.626520 0.625255 0.625499 0.627255 0.630545 0.635408 0.641904 0.650118 0.660155 0.672152 0.686277 0.702738 0.706691 0.705839 0.706691 0.709255 0.713563 0.719668 0.727646 0.737600 0.749662 0.763995 0.780805 0.800343 0.822917 0.848906 0.878776 0.913105 0.914633 0.896192 0.880559 0.867516 0.856888 0.848537 0.842357 0.838271 0.836229 0.836207 0.838204 0.842245 0.848378 0.856680 0.867257 0.880245 0.895818 0.914195 0.898972 0.871637 0.847897 0.827356 0.809692 0.794640 0.781987 0.771561 0.763223 0.756868 0.752415 0.749810 0.749021 0.738847 0.718551 0.700985 0.685870 0.672980 0.662131 0.653175 0.645993 0.640494 0.636609 0.634289 0.633507 0.634252 0.636535 0.640383 0.645842 0.652983 0.661895 0.672697 0.685536 0.700595 0.698452 0.696908 0.697045 0.698867 0.702394 0.707671 0.714763 0.723760 0.734779 0.747968 0.763512 0.781639 0.802629 0.826823 0.854645 0.886614 0.923379 0.938887 0.938211 0.939800 0.943670 0.949871 0.958478 0.969600 0.983379 1.000000 0.974772 0.930389 0.891927 0.858505 0.829423 0.804121 0.782145 0.763127 0.746769 0.732826 0.721100 0.711429 0.703688 0.697776 0.693619 0.681454 0.668040 0.656695 0.647262 6728.500000 1.359649 0.885979
0.826823 0.854645 0.886614 0.923379 0.938887 0.938211 0.939800 0.943670 0.949871 0.958478 0.969600 0.983379 1.000000 0.974772 0.930389 0.891927 0.858505 0.829423 0.804121 0.782145 0.763127 0.746769 0.732826 0.721100 0.711429 0.703688 0.697776 0.693619 0.681454 0.668040 0.656695 0.647262 0.639615 0.633656 0.629309 0.626520 0.625255 0.625499 0.627255 0.630545 0.635408 0.641904 0.650118 0.660155 0.672152 0.686277 0.702738 0.706691 0.705839 0.706691 0.709255 0.713563 0.719668 0.727646 0.737600 0.749662 0.763995 0.780805 0.800343 0.822917 0.848906 0.878776 0.913105 0.914633 0.896192 0.880559 0.867516 0.856888 0.848537 0.842357 0.838271 0.836229 0.836207 0.838204 0.842245 0.848378 0.856680 0.867257 0.880245 0.895818 0.914195 0.898972 0.871637 0.847897 0.827356 0.809692 0.794640 0.781987 0.771561 0.763223 0.756868 0.752415 0.749810 0.749021 0.738847 0.718551 0.700985 0.685870 0.672980 0.662131 0.653175 0.645993 0.640494 0.636609 0.634289 0.633507 0.634252 0.636535 0.640383 0.645842 0.652983 0.661895 0.672697 0.685536 0.700595 0.698452 0.696908 0.697045 0.698867 0.702394 0.707671 0.714763 0.723760 0.734779 0.747968 0.763512 0.781639 0.802629 6728.500000 1.359649 0.885979
0.700985 0.685870 0.672980 0.662131 0.653175 0.645993 0.640494 0.636609 0.634289 0.633507 0.634252 0.636535 0.640383 0.645842 0.652983 0.661895 0.672697 0.685536 0.700595 0.698452 0.696908 0.697045 0.698867 0.702394 0.707671 0.714763 0.723760 0.734779 0.747968 0.763512 0.781639 0.802629 0.826823 0.854645 0.886614 0.923379 0.938887 0.938211 0.939800 0.943670 0.949871 0.958478 0.969600 0.983379 1.000000 0.974772 0.930389 0.891927 0.858505 0.829423 0.804121 0.782145 0.763127 0.746769 0.732826 0.721100 0.711429 0.703688 0.697776 0.693619 0.681454 0.668040 0.656695 0.647262 0.639615 0.633656 0.629309 0.626520 0.625255 0.625499 0.627255 0.630545 0.635408 0.641904 0.650118 0.660155 0.672152 0.686277 0.702738 0.706691 0.705839 0.706691 0.709255 0.713563 0.719668 0.727646 0.737600 0.749662 0.763995 0.780805 0.800343 0.822917 0.848906 0.878776 0.913105 0.914633 0.896192 0.880559 0.867516 0.856888 0.848537 0.842357 0.838271 0.836229 0.836207 0.838204 0.842245 0.848378 0.856680 0.867257 0.880245 0.895818 0.914195 0.898972 0.871637 0.847897 0.827356 0.809692 0.794640 0.781987 0.771561 0.763223 0.756868 0.752415 0.749810 0.749021 0.738847 0.718551 6728.500000 1.359649 0.885979
0.929210 0.871464 0.822340 0.780238 0.743943 0.712514 0.685217 0.661469 0.640804 0.622846 0.607290 0.593889 0.582438 0.572775 0.564766 0.558304 0.553306 0.549709 0.547469 0.546559 0.546967 0.548699 0.551775 0.556233 0.562129 0.569539 0.578559 0.589311 0.601949 0.616658 0.633669 0.653264 0.665379 0.650210 0.637218 0.626214 0.617045 0.609588 0.603746 0.599446 0.596634 0.595275 0.595353 0.596870 0.599843 0.604309 0.610323 0.617962 0.627325 0.638538 0.651758 0.667178 0.685036 0.705622 0.729296 0.756499 0.787781 0.823833 0.865528 0.913987 0.970671 1.000000 0.932515 0.875538 0.827001 0.785355 0.749421 0.718286 0.691234 0.667696 0.647216 0.629426 0.614028 0.600778 0.589477 0.579966 0.572113 0.565814 0.560990 0.557579 0.555539 0.554846 0.555491 0.557483 0.560845 0.565618 0.571863 0.579659 0.589110 0.600344 0.613522 0.628841 0.646541 0.666920 0.690342 0.713434 0.691266 0.672005 0.655323 0.640957 0.628689 0.618344 0.609778 0.602880 0.597559 0.593749 0.591403 0.590492 0.591006 0.592951 0.596349 0.601244 0.607696 0.615787 0.625625 0.637342 0.651105 0.667118 0.685631 0.706954 0.731464 0.759630 0.792037 0.829419 0.872712 0.923119 0.982217 0.997726 662.500000 1.483883 0.726544
0.691266 0.672005 0.655323 0.640957 0.628689 0.618344 0.609778 0.602880 0.597559 0.593749 0.591403 0.590492 0.591006 0.592951 0.596349 0.601244 0.607696 0.615787 0.625625 0.637342 0.651105 0.667118 0.685631 0.706954 0.731464 0.759630 0.792037 0.829419 0.872712 0.923119 0.982217 0.997726 0.929210 0.871464 0.822340 0.780238 0.743943 0.712514 0.685217 0.661469 0.640804 0.622846 0.607290 0.593889 0.582438 0.572775 0.564766 0.558304 0.553306 0.549709 0.547469 0.546559 0.546967 0.548699 0.551775 0.556233 0.562129 0.569539 0.578559 0.589311 0.601949 0.616658 0.633669 0.653264 0.665379 0.650210 0.637218 0.626214 0.617045 0.609588 0.603746 0.599446 0.596634 0.595275 0.595353 0.596870 0.599843 0.604309 0.610323 0.617962 0.627325 0.638538 0.651758 0.667178 0.685036 0.705622 0.729296 0.756499 0.787781 0.823833 0.865528 0.913987 0.970671 1.000000 0.932515 0.875538 0.827001 0.785355 0.749421 0.718286 0.691234 0.667696 0.647216 0.629426 0.614028 0.600778 0.589477 0.579966 0.572113 0.565814 0.560990 0.557579 0.555539 0.554846 0.555491 0.557483 0.560845 0.565618 0.571863 0.579659 0.589110 0.600344 0.613522 0.628841 0.646541 0.666920 0.690342 0.713434 662.500000 1.483883 0.726544
0.827001 0.785355 0.749421 0.718286 0.691234 0.667696 0.647216 0.629426 0.614028 0.600778 0.589477 0.579966 0.572113 0.565814 0.560990 0.557579 0.555539 0.554846 0.555491 0.557483 0.560845 0.565618 0.571863 0.579659 0.589110 0.600344 0.613522 0.628841 0.646541 0.666920 0.690342 0.713434 0.691266 0.672005 0.655323 0.640957 0.628689 0.618344 0.609778 0.602880 0.597559 0.593749 0.591403 0.590492 0.591006 0.592951 0.596349 0.601244 0.607696 0.615787 0.625625 0.637342 0.651105 0.667118 0.685631 0.706954 0.731464 0.759630 0.792037 0.829419 0.872712 0.923119 0.982217 0.997726 0.929210 0.871464 0.822340 0.780238 0.743943 0.712514 0.685217 0.661469 0.640804 0.622846 0.607290 0.593889 0.582438 0.572775 0.564766 0.558304 0.553306 0.549709 0.547469 0.546559 0.546967 0.548699 0.551775 0.556233 0.562129 0.569539 0.578559 0.589311 0.601949 0.616658 0.633669 0.653264 0.665379 0.650210 0.637218 0.626214 0.617045 0.609588 0.603746 0.599446 0.596634 0.595275 0.595353 0.596870 0.599843 0.604309 0.610323 0.617962 0.627325 0.638538 0.651758 0.667178 0.685036 0.705622 0.729296 0.756499 0.787781 0.823833 0.865528 0.913987 0.970671 1.000000 0.932515 0.875538 662.500000 1.483883 0.726544
0.665379 0.650210 0.637218 0.626214 0.617045 0.609588 0.603746 0.599446 0.596634 0.595275 0.595353 0.596870 0.599843 0.604309 0.610323 0.617962 0.627325 0.638538 0.651758 0.667178 0.685036 0.705622 0.729296 0.756499 0.787781 0.823833 0.865528 0.913987 0.970671 1.000000 0.932515 0.875538 0.827001 0.785355 0.749421 0.718286 0.691234 0.667696 0.647216 0.629426 0.614028 0.600778 0.589477 0.579966 0.572113 0.565814 0.560990 0.557579 0.555539 0.554846 0.555491 0.557483 0.560845 0.565618 0.571863 0.579659 0.589110 0.600344 0.613522 0.628841 0.646541 0.666920 0.690342 0.713434 0.691266 0.672005 0.655323 0.640957 0.628689 0.618344 0.609778 0.602880 0.597559 0.593749 0.591403 0.590492 0.591006 0.592951 0.596349 0.601244 0.607696 0.615787 0.625625 0.637342 0.651105 0.667118 0.685631 0.706954 0.731464 0.759630 0.792037 0.829419 0.872712 0.923119 0.982217 0.997726 0.929210 0.871464 0.822340 0.780238 0.743943 0.712514 0.685217 0.661469 0.640804 0.622846 0.607290 0.593889 0.582438 0.572775 0.564766 0.558304 0.553306 0.549709 0.547469 0.546559 0.546967 0.548699 0.551775 0.556233 0.562129 0.569539 0.578559 0.589311 0.601949 0.616658 0.633669 0.653264 662.500000 1.483883 0.726544
0.652726 0.643738 0.636507 0.630940 0.626966 0.624538 0.623624 0.624215 0.626318 0.629957 0.635178 0.642046 0.650649 0.661100 0.673541 0.688149 0.705141 0.724783 0.747404 0.773405 0.803285 0.837667 0.877330 0.923272 0.950269 0.899223 0.855336 0.817412 0.784518 0.755919 0.731031 0.709384 0.690598 0.674365 0.660431 0.648592 0.638682 0.630567 0.624139 0.619673 0.616765 0.615361 0.615442 0.617009 0.620083 0.624699 0.630917 0.638813 0.648492 0.660083 0.673749 0.689690 0.708150 0.729431 0.753904 0.782025 0.814363 0.851631 0.894732 0.944826 0.971044 0.915211 0.867425 0.826273 0.790668 0.759759 0.732875 0.709479 0.689140 0.671507 0.656295 0.643273 0.632251 0.623076 0.615625 0.609802 0.605534 0.602767 0.601467 0.601619 0.603225 0.606304 0.610894 0.615855 0.613439 0.612512 0.613063 0.615097 0.618640 0.623736 0.630448 0.638862 0.649088 0.661266 0.675568 0.692207 0.711443 0.733597 0.759062 0.788327 0.821998 0.860840 0.905826 0.958208 1.000000 0.946937 0.901284 0.861811 0.827561 0.797777 0.771857 0.749317 0.729765 0.712880 0.698404 0.686124 0.675868 0.667499 0.660907 0.656009 0.652745 0.651073 0.650974 0.652446 0.655508 0.660197 0.666571 0.663589 5571.500000 1.150936 0.748494
0.711443 0.733597 0.759062 0.788327 0.821998 0.860840 0.905826 0.958208 1.000000 0.946937 0.901284 0.861811 0.827561 0.797777 0.771857 0.749317 0.729765 0.712880 0.698404 0.686124 0.675868 0.667499 0.660907 0.656009 0.652745 0.651073 0.650974 0.652446 0.655508 0.660197 0.666571 0.663589 0.652726 0.643738 0.636507 0.630940 0.626966 0.624538 0.623624 0.624215 0.626318 0.629957 0.635178 0.642046 0.650649 0.661100 0.673541 0.688149 0.705141 0.724783 0.747404 0.773405 0.803285 0.837667 0.877330 0.923272 0.950269 0.899223 0.855336 0.817412 0.784518 0.755919 0.731031 0.709384 0.690598 0.674365 0.660431 0.648592 0.638682 0.630567 0.624139 0.619673 0.616765 0.615361 0.615442 0.617009 0.620083 0.624699 0.630917 0.638813 0.648492 0.660083 0.673749 0.689690 0.708150 0.729431 0.753904 0.782025 0.814363 0.851631 0.894732 0.944826 0.971044 0.915211 0.867425 0.826273 0.790668 0.759759 0.732875 0.709479 0.689140 0.671507 0.656295 0.643273 0.632251 0.623076 0.615625 0.609802 0.605534 0.602767 0.601467 0.601619 0.603225 0.606304 0.610894 0.615855 0.613439 0.612512 0.613063 0.615097 0.618640 0.623736 0.630448 0.638862 0.649088 0.661266 0.675568 0.692207 5571.500000 1.150936 0.748494
0.790668 0.759759 0.732875 0.709479 0.689140 0.671507 0.656295 0.643273 0.632251 0.623076 0.615625 0.609802 0.605534 0.602767 0.601467 0.601619 0.603225 0.606304 0.610894 0.615855 0.613439 0.612512 0.613063 0.615097 0.618640 0.623736 0.630448 0.638862 0.649088 0.661266 0.675568 0.692207 0.711443 0.733597 0.759062 0.788327 0.821998 0.860840 0.905826 0.958208 1.000000 0.946937 0.901284 0.861811 0.827561 0.797777 0.771857 0.749317 0.729765 0.712880 0.698404 0.686124 0.675868 0.667499 0.660907 0.656009 0.652745 0.651073 0.650974 0.652446 0.655508 0.660197 0.666571 0.663589 0.652726 0.643738 0.636507 0.630940 0.626966 0.624538 0.623624 0.624215 0.626318 0.629957 0.635178 0.642046 0.650649 0.661100 0.673541 0.688149 0.705141 0.724783 0.747404 0.773405 0.803285 0.837667 0.877330 0.923272 0.950269 0.899223 0.855336 0.817412 0.784518 0.755919 0.731031 0.709384 0.690598 0.674365 0.660431 0.648592 0.638682 0.630567 0.624139 0.619673 0.616765 0.615361 0.615442 0.617009 0.620083 0.624699 0.630917 0.638813 0.648492 0.660083 0.673749 0.689690 0.708150 0.729431 0.753904 0.782025 0.814363 0.851631 0.894732 0.944826 0.971044 0.915211 0.867425 0.826273 5571.500000 1.150936 0.748494
0.690598 0.674365 0.660431 0.648592 0.638682 0.630567 0.624139 0.619673 0.616765 0.615361 0.615442 0.617009 0.620083 0.624699 0.630917 0.638813 0.648492 0.660083 0.673749 0.689690 0.708150 0.729431 0.753904 0.782025 0.814363 0.851631 0.894732 0.944826 0.971044 0.915211 0.867425 0.826273 0.790668 0.759759 0.732875 0.709479 0.689140 0.671507 0.656295 0.643273 0.632251 0.623076 0.615625 0.609802 0.605534 0.602767 0.601467 0.601619 0.603225 0.606304 0.610894 0.615855 0.613439 0.612512 0.613063 0.615097 0.618640 0.623736 0.630448 0.638862 0.649088 0.661266 0.675568 0.692207 0.711443 0.733597 0.759062 0.788327 0.821998 0.860840 0.905826 0.958208 1.000000 0.946937 0.901284 0.861811 0.827561 0.797777 0.771857 0.749317 0.729765 0.712880 0.698404 0.686124 0.675868 0.667499 0.660907 0.656009 0.652745 0.651073 0.650974 0.652446 0.655508 0.660197 0.666571 0.663589 0.652726 0.643738 0.636507 0.630940 0.626966 0.624538 0.623624 0.624215 0.626318 0.629957 0.635178 0.642046 0.650649 0.661100 0.673541 0.688149 0.705141 0.724783 0.747404 0.773405 0.803285 0.837667 0.877330 0.923272 0.950269 0.899223 0.855336 0.817412 0.784518 0.755919 0.731031 0.709384 5571.500000 1.150936 0.748494
0.927507 0.959372 0.909325 0.866224 0.828931 0.796556 0.768396 0.743890 0.722586 0.704118 0.688186 0.674549 0.663007 0.653402 0.645604 0.639513 0.635051 0.622105 0.603051 0.586502 0.572178 0.559853 0.549344 0.540500 0.533201 0.527349 0.522871 0.519709 0.517826 0.517198 0.514148 0.504961 0.497274 0.490982 0.486004 0.482275 0.479751 0.478399 0.478204 0.479162 0.481287 0.484603 0.489151 0.494990 0.502194 0.510859 0.521106 0.527701 0.535006 0.543845 0.554338 0.566637 0.580924 0.597427 0.616424 0.638256 0.663349 0.692231 0.725571 0.764218 0.809273 0.862181 0.924875 1.000000 0.979679 0.929654 0.886521 0.849168 0.816724 0.788497 0.763935 0.742592 0.724106 0.708183 0.694583 0.683109 0.673605 0.665944 0.660028 0.638195 0.611480 0.588272 0.568079 0.550509 0.535244 0.522027 0.510647 0.500933 0.492747 0.485977 0.480532 0.476342 0.473355 0.471535 0.470185 0.468485 0.467920 0.468485 0.470185 0.473040 0.477088 0.482377 0.488976 0.496971 0.506474 0.517617 0.530569 0.545534 0.562763 0.582565 0.603752 0.603845 0.605397 0.608426 0.612970 0.619085 0.626849 0.636362 0.647753 0.661181 0.676843 0.694979 0.715887 0.739929 0.767556 0.799326 0.835940 0.878287 6497.500000 1.478090 0.757387
0.467920 0.468485 0.470185 0.473040 0.477088 0.482377 0.488976 0.496971 0.506474 0.517617 0.530569 0.545534 0.562763 0.582565 0.603752 0.603845 0.605397 0.608426 0.612970 0.619085 0.626849 0.636362 0.647753 0.661181 0.676843 0.694979 0.715887 0.739929 0.767556 0.799326 0.835940 0.878287 0.927507 0.959372 0.909325 0.866224 0.828931 0.796556 0.768396 0.743890 0.722586 0.704118 0.688186 0.674549 0.663007 0.653402 0.645604 0.639513 0.635051 0.622105 0.603051 0.586502 0.572178 0.559853 0.549344 0.540500 0.533201 0.527349 0.522871 0.519709 0.517826 0.517198 0.514148 0.504961 0.497274 0.490982 0.486004 0.482275 0.479751 0.478399 0.478204 0.479162 0.481287 0.484603 0.489151 0.494990 0.502194 0.510859 0.521106 0.527701 0.535006 0.543845 0.554338 0.566637 0.580924 0.597427 0.616424 0.638256 0.663349 0.692231 0.725571 0.764218 0.809273 0.862181 0.924875 1.000000 0.979679 0.929654 0.886521 0.849168 0.816724 0.788497 0.763935 0.742592 0.724106 0.708183 0.694583 0.683109 0.673605 0.665944 0.660028 0.638195 0.611480 0.588272 0.568079 0.550509 0.535244 0.522027 0.510647 0.500933 0.492747 0.485977 0.480532 0.476342 0.473355 0.471535 0.470185 0.468485 6497.500000 1.478090 0.757387
0.979679 0.929654 0.886521 0.849168 0.816724 0.788497 0.763935 0.742592 0.724106 0.708183 0.694583 0.683109 0.673605 0.665944 0.660028 0.638195 0.611480 0.588272 0.568079 0.550509 0.535244 0.522027 0.510647 0.500933 0.492747 0.485977 0.480532 0.476342 0.473355 0.471535 0.470185 0.468485 0.467920 0.468485 0.470185 0.473040 0.477088 0.482377 0.488976 0.496971 0.506474 0.517617 0.530569 0.545534 0.562763 0.582565 0.603752 0.603845 0.605397 0.608426 0.612970 0.619085 0.626849 0.636362 0.647753 0.661181 0.676843 0.694979 0.715887 0.739929 0.767556 0.799326 0.835940 0.878287 0.927507 0.959372 0.909325 0.866224 0.828931 0.796556 0.768396 0.743890 0.722586 0.704118 0.688186 0.674549 0.663007 0.653402 0.645604 0.639513 0.635051 0.622105 0.603051 0.586502 0.572178 0.559853 0.549344 0.540500 0.533201 0.527349 0.522871 0.519709 0.517826 0.517198 0.514148 0.504961 0.497274 0.490982 0.486004 0.482275 0.479751 0.478399 0.478204 0.479162 0.481287 0.484603 0.489151 0.494990 0.502194 0.510859 0.521106 0.527701 0.535006 0.543845 0.554338 0.566637 0.580924 0.597427 0.616424 0.638256 0.663349 0.692231 0.725571 0.764218 0.809273 0.862181 0.924875 1.000000 6497.500000 1.478090 0.757387
0.497274 0.490982 0.486004 0.482275 0.479751 0.478399 0.478204 0.479162 0.481287 0.484603 0.489151 0.494990 0.502194 0.510859 0.521106 0.527701 0.535006 0.543845 0.554338 0.566637 0.580924 0.597427 0.616424 0.638256 0.663349 0.692231 0.725571 0.764218 0.809273 0.862181 0.924875 1.000000 0.979679 0.929654 0.886521 0.849168 0.816724 0.788497 0.763935 0.742592 0.724106 0.708183 0.694583 0.683109 0.673605 0.665944 0.660028 0.638195 0.611480 0.588272 0.568079 0.550509 0.535244 0.522027 0.510647 0.500933 0.492747 0.485977 0.480532 0.476342 0.473355 0.471535 0.470185 0.468485 0.467920 0.468485 0.470185 0.473040 0.477088 0.482377 0.488976 0.496971 0.506474 0.517617 0.530569 0.545534 0.562763 0.582565 0.603752 0.603845 0.605397 0.608426 0.612970 0.619085 0.626849 0.636362 0.647753 0.661181 0.676843 0.694979 0.715887 0.739929 0.767556 0.799326 0.835940 0.878287 0.927507 0.959372 0.909325 0.866224 0.828931 0.796556 0.768396 0.743890 0.722586 0.704118 0.688186 0.674549 0.663007 0.653402 0.645604 0.639513 0.635051 0.622105 0.603051 0.586502 0.572178 0.559853 0.549344 0.540500 0.533201 0.527349 0.522871 0.519709 0.517826 0.517198 0.514148 0.504961 6497.500000 1.478090 0.757387
0.656402 0.707885 0.770143 0.846645 0.942543 0.911793 0.847530 0.793514 0.747665 0.708438 0.674667 0.645452 0.620095 0.598041 0.578849 0.562162 0.547693 0.535207 0.524513 0.515455 0.507908 0.501770 0.496962 0.493422 0.491107 0.489989 0.490053 0.491301 0.493749 0.497425 0.502375 0.508663 0.516370 0.525600 0.536481 0.549174 0.563873 0.580819 0.600305 0.622697 0.648447 0.678122 0.712442 0.735994 0.693871 0.657807 0.626742 0.599859 0.576519 0.556217 0.538549 0.523191 0.509879 0.498399 0.488575 0.480265 0.473355 0.467752 0.463383 0.460193 0.458143 0.457208 0.457376 0.458650 0.461045 0.464589 0.469329 0.475322 0.482649 0.491407 0.501721 0.513740 0.527652 0.543685 0.562119 0.583301 0.607664 0.635749 0.668243 0.706031 0.750264 0.802473 0.864730 0.939915 1.000000 0.891675 0.806277 0.737428 0.680924 0.633880 0.594257 0.560566 0.531703 0.506827 0.485293 0.466591 0.450323 0.436165 0.423861 0.413200 0.404012 0.396157 0.389522 0.384016 0.379565 0.376111 0.373612 0.372036 0.371364 0.371589 0.372711 0.374747 0.377719 0.381666 0.386638 0.392699 0.399932 0.408439 0.418346 0.429806 0.443010 0.458188 0.475631 0.495695 0.518832 0.545613 0.576775 0.613278 3287.500000 1.439397 0.574896
0.450323 0.436165 0.423861 0.413200 0.404012 0.396157 0.389522 0.384016 0.379565 0.376111 0.373612 0.372036 0.371364 0.371589 0.372711 0.374747 0.377719 0.381666 0.386638 0.392699 0.399932 0.408439 0.418346 0.429806 0.443010 0.458188 0.475631 0.495695 0.518832 0.545613 0.576775 0.613278 0.656402 0.707885 0.770143 0.846645 0.942543 0.911793 0.847530 0.793514 0.747665 0.708438 0.674667 0.645452 0.620095 0.598041 0.578849 0.562162 0.547693 0.535207 0.524513 0.515455 0.507908 0.501770 0.496962 0.493422 0.491107 0.489989 0.490053 0.491301 0.493749 0.497425 0.502375 0.508663 0.516370 0.525600 0.536481 0.549174 0.563873 0.580819 0.600305 0.622697 0.648447 0.678122 0.712442 0.735994 0.693871 0.657807 0.626742 0.599859 0.576519 0.556217 0.538549 0.523191 0.509879 0.498399 0.488575 0.480265 0.473355 0.467752 0.463383 0.460193 0.458143 0.457208 0.457376 0.458650 0.461045 0.464589 0.469329 0.475322 0.482649 0.491407 0.501721 0.513740 0.527652 0.543685 0.562119 0.583301 0.607664 0.635749 0.668243 0.706031 0.750264 0.802473 0.864730 0.939915 1.000000 0.891675 0.806277 0.737428 0.680924 0.633880 0.594257 0.560566 0.531703 0.506827 0.485293 0.466591 3287.500000 1.439397 0.574896
0.461045 0.464589 0.469329 0.475322 0.482649 0.491407 0.501721 0.513740 0.527652 0.543685 0.562119 0.583301 0.607664 0.635749 0.668243 0.706031 0.750264 0.802473 0.864730 0.939915 1.000000 0.891675 0.806277 0.737428 0.680924 0.633880 0.594257 0.560566 0.531703 0.506827 0.485293 0.466591 0.450323 0.436165 0.423861 0.413200 0.404012 0.396157 0.389522 0.384016 0.379565 0.376111 0.373612 0.372036 0.371364 0.371589 0.372711 0.374747 0.377719 0.381666 0.386638 0.392699 0.399932 0.408439 0.418346 0.429806 0.443010 0.458188 0.475631 0.495695 0.518832 0.545613 0.576775 0.613278 0.656402 0.707885 0.770143 0.846645 0.942543 0.911793 0.847530 0.793514 0.747665 0.708438 0.674667 0.645452 0.620095 0.598041 0.578849 0.562162 0.547693 0.535207 0.524513 0.515455 0.507908 0.501770 0.496962 0.493422 0.491107 0.489989 0.490053 0.491301 0.493749 0.497425 0.502375 0.508663 0.516370 0.525600 0.536481 0.549174 0.563873 0.580819 0.600305 0.622697 0.648447 0.678122 0.712442 0.735994 0.693871 0.657807 0.626742 0.599859 0.576519 0.556217 0.538549 0.523191 0.509879 0.498399 0.488575 0.480265 0.473355 0.467752 0.463383 0.460193 0.458143 0.457208 0.457376 0.458650 3287.500000 1.439397 0.574896
0.516370 0.525600 0.536481 0.549174 0.563873 0.580819 0.600305 0.622697 0.648447 0.678122 0.712442 0.735994 0.693871 0.657807 0.626742 0.599859 0.576519 0.556217 0.538549 0.523191 0.509879 0.498399 0.488575 0.480265 0.473355 0.467752 0.463383 0.460193 0.458143 0.457208 0.457376 0.458650 0.461045 0.464589 0.469329 0.475322 0.482649 0.491407 0.501721 0.513740 0.527652 0.543685 0.562119 0.583301 0.607664 0.635749 0.668243 0.706031 0.750264 0.802473 0.864730 0.939915 1.000000 0.891675 0.806277 0.737428 0.680924 0.633880 0.594257 0.560566 0.531703 0.506827 0.485293 0.466591 0.450323 0.436165 0.423861 0.413200 0.404012 0.396157 0.389522 0.384016 0.379565 0.376111 0.373612 0.372036 0.371364 0.371589 0.372711 0.374747 0.377719 0.381666 0.386638 0.392699 0.399932 0.408439 0.418346 0.429806 0.443010 0.458188 0.475631 0.495695 0.518832 0.545613 0.576775 0.613278 0.656402 0.707885 0.770143 0.846645 0.942543 0.911793 0.847530 0.793514 0.747665 0.708438 0.674667 0.645452 0.620095 0.598041 0.578849 0.562162 0.547693 0.535207 0.524513 0.515455 0.507908 0.501770 0.496962 0.493422 0.491107 0.489989 0.490053 0.491301 0.493749 0.497425 0.502375 0.508663 3287.500000 1.439397 0.574896
0.680672 0.690998 0.703363 0.717939 0.699505 0.676650 0.656774 0.639528 0.624632 0.611854 0.601007 0.591939 0.584528 0.578677 0.574312 0.571379 0.569841 0.569680 0.570894 0.573498 0.577524 0.583021 0.590058 0.598728 0.609145 0.621456 0.635837 0.652509 0.671740 0.693863 0.719283 0.748509 0.782174 0.780403 0.780492 0.782467 0.786350 0.792190 0.800060 0.810058 0.822316 0.836998 0.854309 0.874502 0.897889 0.924850 0.925939 0.878555 0.837704 0.802330 0.771607 0.744877 0.721618 0.701406 0.683898 0.668815 0.655929 0.645055 0.636042 0.628772 0.623151 0.619107 0.616592 0.615573 0.616040 0.617997 0.621469 0.626498 0.633147 0.641500 0.651667 0.663787 0.678031 0.694609 0.683451 0.664723 0.648514 0.634569 0.622680 0.612677 0.604423 0.597810 0.592753 0.589188 0.587071 0.586377 0.587097 0.589241 0.592833 0.597919 0.604562 0.612847 0.622884 0.634810 0.648795 0.665049 0.683827 0.705446 0.730292 0.758848 0.791713 0.829642 0.873599 0.924828 0.984959 1.000000 0.947570 0.902429 0.863379 0.829484 0.800004 0.774349 0.752044 0.732703 0.716014 0.701721 0.689617 0.679532 0.671332 0.664911 0.660186 0.657100 0.655614 0.655712 0.657393 0.660679 0.665610 0.672246 880.500000 1.468433 0.801192
0.683827 0.705446 0.730292 0.758848 0.791713 0.829642 0.873599 0.924828 0.984959 1.000000 0.947570 0.902429 0.863379 0.829484 0.800004 0.774349 0.752044 0.732703 0.716014 0.701721 0.689617 0.679532 0.671332 0.664911 0.660186 0.657100 0.655614 0.655712 0.657393 0.660679 0.665610 0.672246 0.680672 0.690998 0.703363 0.717939 0.699505 0.676650 0.656774 0.639528 0.624632 0.611854 0.601007 0.591939 0.584528 0.578677 0.574312 0.571379 0.569841 0.569680 0.570894 0.573498 0.577524 0.583021 0.590058 0.598728 0.609145 0.621456 0.635837 0.652509 0.671740 0.693863 0.719283 0.748509 0.782174 0.780403 0.780492 0.782467 0.786350 0.792190 0.800060 0.810058 0.822316 0.836998 0.854309 0.874502 0.897889 0.924850 0.925939 0.878555 0.837704 0.802330 0.771607 0.744877 0.721618 0.701406 0.683898 0.668815 0.655929 0.645055 0.636042 0.628772 0.623151 0.619107 0.616592 0.615573 0.616040 0.617997 0.621469 0.626498 0.633147 0.641500 0.651667 0.663787 0.678031 0.694609 0.683451 0.664723 0.648514 0.634569 0.622680 0.612677 0.604423 0.597810 0.592753 0.589188 0.587071 0.586377 0.587097 0.589241 0.592833 0.597919 0.604562 0.612847 0.622884 0.634810 0.648795 0.665049 880.500000 1.468433 0.801192
0.616040 0.617997 0.621469 0.626498 0.633147 0.641500 0.651667 0.663787 0.678031 0.694609 0.683451 0.664723 0.648514 0.634569 0.622680 0.612677 0.604423 0.597810 0.592753 0.589188 0.587071 0.586377 0.587097 0.589241 0.592833 0.597919 0.604562 0.612847 0.622884 0.634810 0.648795 0.665049 0.683827 0.705446 0.730292 0.758848 0.791713 0.829642 0.873599 0.924828 0.984959 1.000000 0.947570 0.902429 0.863379 0.829484 0.800004 0.774349 0.752044 0.732703 0.716014 0.701721 0.689617 0.679532 0.671332 0.664911 0.660186 0.657100 0.655614 0.655712 0.657393 0.660679 0.665610 0.672246 0.680672 0.690998 0.703363 0.717939 0.699505 0.676650 0.656774 0.639528 0.624632 0.611854 0.601007 0.591939 0.584528 0.578677 0.574312 0.571379 0.569841 0.569680 0.570894 0.573498 0.577524 0.583021 0.590058 0.598728 0.609145 0.621456 0.635837 0.652509 0.671740 0.693863 0.719283 0.748509 0.782174 0.780403 0.780492 0.782467 0.786350 0.792190 0.800060 0.810058 0.822316 0.836998 0.854309 0.874502 0.897889 0.924850 0.925939 0.878555 0.837704 0.802330 0.771607 0.744877 0.721618 0.701406 0.683898 0.668815 0.655929 0.645055 0.636042 0.628772 0.623151 0.619107 0.616592 0.615573 880.500000 1.468433 0.801192
0.782174 0.780403 0.780492 0.782467 0.786350 0.792190 0.800060 0.810058 0.822316 0.836998 0.854309 0.874502 0.897889 0.924850 0.925939 0.878555 0.837704 0.802330 0.771607 0.744877 0.721618 0.701406 0.683898 0.668815 0.655929 0.645055 0.636042 0.628772 0.623151 0.619107 0.616592 0.615573 0.616040 0.617997 0.621469 0.626498 0.633147 0.641500 0.651667 0.663787 0.678031 0.694609 0.683451 0.664723 0.648514 0.634569 0.622680 0.612677 0.604423 0.597810 0.592753 0.589188 0.587071 0.586377 0.587097 0.589241 0.592833 0.597919 0.604562 0.612847 0.622884 0.634810 0.648795 0.665049 0.683827 0.705446 0.730292 0.758848 0.791713 0.829642 0.873599 0.924828 0.984959 1.000000 0.947570 0.902429 0.863379 0.829484 0.800004 0.774349 0.752044 0.732703 0.716014 0.701721 0.689617 0.679532 0.671332 0.664911 0.660186 0.657100 0.655614 0.655712 0.657393 0.660679 0.665610 0.672246 0.680672 0.690998 0.703363 0.717939 0.699505 0.676650 0.656774 0.639528 0.624632 0.611854 0.601007 0.591939 0.584528 0.578677 0.574312 0.571379 0.569841 0.569680 0.570894 0.573498 0.577524 0.583021 0.590058 0.598728 0.609145 0.621456 0.635837 0.652509 0.671740 0.693863 0.719283 0.748509 880.500000 1.468433 0.801192
0.961430 1.000000 0.945486 0.898662 0.858226 0.823171 0.792701 0.766187 0.743121 0.723094 0.705774 0.690890 0.678221 0.667588 0.658845 0.651879 0.646600 0.642942 0.640860 0.640330 0.641344 0.643915 0.638149 0.628985 0.621557 0.615769 0.611548 0.608840 0.607614 0.607854 0.609563 0.612763 0.617491 0.623808 0.631793 0.641551 0.653213 0.666943 0.682944 0.701463 0.722803 0.747340 0.775536 0.807965 0.814800 0.800393 0.788353 0.778517 0.770758 0.764977 0.761101 0.759085 0.758902 0.760551 0.764052 0.769448 0.776805 0.786216 0.797804 0.811724 0.828168 0.847376 0.869641 0.893928 0.859641 0.829812 0.803855 0.781298 0.761758 0.744922 0.730536 0.718392 0.708325 0.700199 0.693910 0.689380 0.686551 0.685390 0.685882 0.688034 0.691871 0.697441 0.704813 0.714081 0.725367 0.738824 0.734141 0.716836 0.701980 0.689355 0.678782 0.670118 0.663251 0.658092 0.654577 0.652664 0.652329 0.653568 0.656396 0.660847 0.666977 0.674863 0.684607 0.696338 0.710219 0.726450 0.730540 0.719854 0.711166 0.704360 0.699353 0.696082 0.694506 0.694607 0.696386 0.699865 0.705085 0.712113 0.721036 0.731972 0.745067 0.760505 0.778511 0.799363 0.823401 0.851043 0.882807 0.919334 17129.500000 1.201172 0.853393
0.652329 0.653568 0.656396 0.660847 0.666977 0.674863 0.684607 0.696338 0.710219 0.726450 0.730540 0.719854 0.711166 0.704360 0.699353 0.696082 0.694506 0.694607 0.696386 0.699865 0.705085 0.712113 0.721036 0.731972 0.745067 0.760505 0.778511 0.799363 0.823401 0.851043 0.882807 0.919334 0.961430 1.000000 0.945486 0.898662 0.858226 0.823171 0.792701 0.766187 0.743121 0.723094 0.705774 0.690890 0.678221 0.667588 0.658845 0.651879 0.646600 0.642942 0.640860 0.640330 0.641344 0.643915 0.638149 0.628985 0.621557 0.615769 0.611548 0.608840 0.607614 0.607854 0.609563 0.612763 0.617491 0.623808 0.631793 0.641551 0.653213 0.666943 0.682944 0.701463 0.722803 0.747340 0.775536 0.807965 0.814800 0.800393 0.788353 0.778517 0.770758 0.764977 0.761101 0.759085 0.758902 0.760551 0.764052 0.769448 0.776805 0.786216 0.797804 0.811724 0.828168 0.847376 0.869641 0.893928 0.859641 0.829812 0.803855 0.781298 0.761758 0.744922 0.730536 0.718392 0.708325 0.700199 0.693910 0.689380 0.686551 0.685390 0.685882 0.688034 0.691871 0.697441 0.704813 0.714081 0.725367 0.738824 0.734141 0.716836 0.701980 0.689355 0.678782 0.670118 0.663251 0.658092 0.654577 0.652664 17129.500000 1.201172 0.853393
0.859641 0.829812 0.803855 0.781298 0.761758 0.744922 0.730536 0.718392 0.708325 0.700199 0.693910 0.689380 0.686551 0.685390 0.685882 0.688034 0.691871 0.697441 0.704813 0.714081 0.725367 0.738824 0.734141 0.716836 0.701980 0.689355 0.678782 0.670118 0.663251 0.658092 0.654577 0.652664 0.652329 0.653568 0.656396 0.660847 0.666977 0.674863 0.684607 0.696338 0.710219 0.726450 0.730540 0.719854 0.711166 0.704360 0.699353 0.696082 0.694506 0.694607 0.696386 0.699865 0.705085 0.712113 0.721036 0.731972 0.745067 0.760505 0.778511 0.799363 0.823401 0.851043 0.882807 0.919334 0.961430 1.000000 0.945486 0.898662 0.858226 0.823171 0.792701 0.766187 0.743121 0.723094 0.705774 0.690890 0.678221 0.667588 0.658845 0.651879 0.646600 0.642942 0.640860 0.640330 0.641344 0.643915 0.638149 0.628985 0.621557 0.615769 0.611548 0.608840 0.607614 0.607854 0.609563 0.612763 0.617491 0.623808 0.631793 0.641551 0.653213 0.666943 0.682944 0.701463 0.722803 0.747340 0.775536 0.807965 0.814800 0.800393 0.788353 0.778517 0.770758 0.764977 0.761101 0.759085 0.758902 0.760551 0.764052 0.769448 0.776805 0.786216 0.797804 0.811724 0.828168 0.847376 0.869641 0.893928 17129.500000 1.201172 0.853393
0.617491 0.623808 0.631793 0.641551 0.653213 0.666943 0.682944 0.701463 0.722803 0.747340 0.775536 0.807965 0.814800 0.800393 0.788353 0.778517 0.770758 0.764977 0.761101 0.759085 0.758902 0.760551 0.764052 0.769448 0.776805 0.786216 0.797804 0.811724 0.828168 0.847376 0.869641 0.893928 0.859641 0.829812 0.803855 0.781298 0.761758 0.744922 0.730536 0.718392 0.708325 0.700199 0.693910 0.689380 0.686551 0.685390 0.685882 0.688034 0.691871 0.697441 0.704813 0.714081 0.725367 0.738824 0.734141 0.716836 0.701980 0.689355 0.678782 0.670118 0.663251 0.658092 0.654577 0.652664 0.652329 0.653568 0.656396 0.660847 0.666977 0.674863 0.684607 0.696338 0.710219 0.726450 0.730540 0.719854 0.711166 0.704360 0.699353 0.696082 0.694506 0.694607 0.696386 0.699865 0.705085 0.712113 0.721036 0.731972 0.745067 0.760505 0.778511 0.799363 0.823401 0.851043 0.882807 0.919334 0.961430 1.000000 0.945486 0.898662 0.858226 0.823171 0.792701 0.766187 0.743121 0.723094 0.705774 0.690890 0.678221 0.667588 0.658845 0.651879 0.646600 0.642942 0.640860 0.640330 0.641344 0.643915 0.638149 0.628985 0.621557 0.615769 0.611548 0.608840 0.607614 0.607854 0.609563 0.612763 17129.500000 1.201172 0.853393
0.771101 0.753281 0.728941 0.707776 0.689420 0.673573 0.659993 0.648481 0.638876 0.631050 0.624900 0.620349 0.617341 0.615838 0.615822 0.617293 0.620269 0.624787 0.630901 0.638691 0.648256 0.659726 0.673261 0.689056 0.707356 0.728458 0.752726 0.780612 0.812677 0.849624 0.892342 0.941972 1.000000 0.960784 0.894457 0.838585 0.791077 0.750374 0.715293 0.684922 0.658547 0.635603 0.615637 0.598284 0.583249 0.570292 0.559216 0.549861 0.542099 0.535825 0.530960 0.527441 0.525226 0.524287 0.524613 0.526208 0.529091 0.533297 0.538880 0.545910 0.554479 0.564704 0.576728 0.590729 0.606926 0.625585 0.647037 0.671688 0.683501 0.673696 0.665750 0.659560 0.655047 0.652155 0.650850 0.651116 0.652956 0.656392 0.661466 0.668242 0.676806 0.687269 0.699772 0.714493 0.731646 0.751498 0.774376 0.800679 0.830904 0.865668 0.905745 0.952118 0.981425 0.915312 0.859484 0.811918 0.771101 0.735879 0.705360 0.678842 0.655768 0.635691 0.618253 0.603161 0.590175 0.579103 0.569786 0.562096 0.555933 0.551217 0.547889 0.545908 0.545251 0.545908 0.547889 0.551217 0.555933 0.562096 0.569786 0.579103 0.590175 0.603161 0.618253 0.635691 0.655768 0.678842 0.705360 0.735879 1437.000000 1.420835 0.732482
0.771101 0.735879 0.705360 0.678842 0.655768 0.635691 0.618253 0.603161 0.590175 0.579103 0.569786 0.562096 0.555933 0.551217 0.547889 0.545908 0.545251 0.545908 0.547889 0.551217 0.555933 0.562096 0.569786 0.579103 0.590175 0.603161 0.618253 0.635691 0.655768 0.678842 0.705360 0.735879 0.771101 0.753281 0.728941 0.707776 0.689420 0.673573 0.659993 0.648481 0.638876 0.631050 0.624900 0.620349 0.617341 0.615838 0.615822 0.617293 0.620269 0.624787 0.630901 0.638691 0.648256 0.659726 0.673261 0.689056 0.707356 0.728458 0.752726 0.780612 0.812677 0.849624 0.892342 0.941972 1.000000 0.960784 0.894457 0.838585 0.791077 0.750374 0.715293 0.684922 0.658547 0.635603 0.615637 0.598284 0.583249 0.570292 0.559216 0.549861 0.542099 0.535825 0.530960 0.527441 0.525226 0.524287 0.524613 0.526208 0.529091 0.533297 0.538880 0.545910 0.554479 0.564704 0.576728 0.590729 0.606926 0.625585 0.647037 0.671688 0.683501 0.673696 0.665750 0.659560 0.655047 0.652155 0.650850 0.651116 0.652956 0.656392 0.661466 0.668242 0.676806 0.687269 0.699772 0.714493 0.731646 0.751498 0.774376 0.800679 0.830904 0.865668 0.905745 0.952118 0.981425 0.915312 0.859484 0.811918 1437.000000 1.420835 0.732482
0.606926 0.625585 0.647037 0.671688 0.683501 0.673696 0.665750 0.659560 0.655047 0.652155 0.650850 0.651116 0.652956 0.656392 0.661466 0.668242 0.676806 0.687269 0.699772 0.714493 0.731646 0.751498 0.774376 0.800679 0.830904 0.865668 0.905745 0.952118 0.981425 0.915312 0.859484 0.811918 0.771101 0.735879 0.705360 0.678842 0.655768 0.635691 0.618253 0.603161 0.590175 0.579103 0.569786 0.562096 0.555933 0.551217 0.547889 0.545908 0.545251 0.545908 0.547889 0.551217 0.555933 0.562096 0.569786 0.579103 0.590175 0.603161 0.618253 0.635691 0.655768 0.678842 0.705360 0.735879 0.771101 0.753281 0.728941 0.707776 0.689420 0.673573 0.659993 0.648481 0.638876 0.631050 0.624900 0.620349 0.617341 0.615838 0.615822 0.617293 0.620269 0.624787 0.630901 0.638691 0.648256 0.659726 0.673261 0.689056 0.707356 0.728458 0.752726 0.780612 0.812677 0.849624 0.892342 0.941972 1.000000 0.960784 0.894457 0.838585 0.791077 0.750374 0.715293 0.684922 0.658547 0.635603 0.615637 0.598284 0.583249 0.570292 0.559216 0.549861 0.542099 0.535825 0.530960 0.527441 0.525226 0.524287 0.524613 0.526208 0.529091 0.533297 0.538880 0.545910 0.554479 0.564704 0.576728 0.590729 1437.000000 1.420835 0.732482
1.000000 0.960784 0.894457 0.838585 0.791077 0.750374 0.715293 0.684922 0.658547 0.635603 0.615637 0.598284 0.583249 0.570292 0.559216 0.549861 0.542099 0.535825 0.530960 0.527441 0.525226 0.524287 0.524613 0.526208 0.529091 0.533297 0.538880 0.545910 0.554479 0.564704 0.576728 0.590729 0.606926 0.625585 0.647037 0.671688 0.683501 0.673696 0.665750 0.659560 0.655047 0.652155 0.650850 0.651116 0.652956 0.656392 0.661466 0.668242 0.676806 0.687269 0.699772 0.714493 0.731646 0.751498 0.774376 0.800679 0.830904 0.865668 0.905745 0.952118 0.981425 0.915312 0.859484 0.811918 0.771101 0.735879 0.705360 0.678842 0.655768 0.635691 0.618253 0.603161 0.590175 0.579103 0.569786 0.562096 0.555933 0.551217 0.547889 0.545908 0.545251 0.545908 0.547889 0.551217 0.555933 0.562096 0.569786 0.579103 0.590175 0.603161 0.618253 0.635691 0.655768 0.678842 0.705360 0.735879 0.771101 0.753281 0.728941 0.707776 0.689420 0.673573 0.659993 0.648481 0.638876 0.631050 0.624900 0.620349 0.617341 0.615838 0.615822 0.617293 0.620269 0.624787 0.630901 0.638691 0.648256 0.659726 0.673261 0.689056 0.707356 0.728458 0.752726 0.780612 0.812677 0.849624 0.892342 0.941972 1437.000000 1.420835 0.732482
0.643794 0.638588 0.620187 0.604231 0.590463 0.578671 0.568684 0.560363 0.553596 0.548296 0.544396 0.541847 0.540618 0.540694 0.542076 0.544781 0.548842 0.554309 0.561253 0.569762 0.579952 0.591965 0.605977 0.622204 0.640911 0.662422 0.687140 0.715565 0.748324 0.786212 0.830247 0.881758 0.924322 0.879813 0.841328 0.807933 0.778892 0.753620 0.731643 0.712579 0.696119 0.682007 0.670038 0.660045 0.651893 0.645476 0.640712 0.637543 0.635930 0.635853 0.637310 0.640321 0.644921 0.651168 0.659141 0.668943 0.680705 0.694592 0.710805 0.729593 0.751259 0.776180 0.804815 0.794471 0.751092 0.713835 0.681664 0.653775 0.629535 0.608442 0.590092 0.574159 0.560378 0.548534 0.538451 0.529985 0.523022 0.517470 0.513258 0.510334 0.508661 0.508219 0.509004 0.511024 0.514304 0.518884 0.524822 0.532195 0.541100 0.551660 0.564026 0.578385 0.594964 0.614045 0.635973 0.661177 0.690192 0.723695 0.762547 0.807863 0.861112 0.924259 1.000000 0.982043 0.925815 0.877677 0.836212 0.800330 0.769177 0.742079 0.718498 0.697999 0.680230 0.664906 0.651793 0.640700 0.631475 0.623993 0.618159 0.613897 0.611156 0.609903 0.610121 0.611814 0.615002 0.619725 0.626040 0.634028 5970.000000 1.380623 0.728626
0.690192 0.723695 0.762547 0.807863 0.861112 0.924259 1.000000 0.982043 0.925815 0.877677 0.836212 0.800330 0.769177 0.742079 0.718498 0.697999 0.680230 0.664906 0.651793 0.640700 0.631475 0.623993 0.618159 0.613897 0.611156 0.609903 0.610121 0.611814 0.615002 0.619725 0.626040 0.634028 0.643794 0.638588 0.620187 0.604231 0.590463 0.578671 0.568684 0.560363 0.553596 0.548296 0.544396 0.541847 0.540618 0.540694 0.542076 0.544781 0.548842 0.554309 0.561253 0.569762 0.579952 0.591965 0.605977 0.622204 0.640911 0.662422 0.687140 0.715565 0.748324 0.786212 0.830247 0.881758 0.924322 0.879813 0.841328 0.807933 0.778892 0.753620 0.731643 0.712579 0.696119 0.682007 0.670038 0.660045 0.651893 0.645476 0.640712 0.637543 0.635930 0.635853 0.637310 0.640321 0.644921 0.651168 0.659141 0.668943 0.680705 0.694592 0.710805 0.729593 0.751259 0.776180 0.804815 0.794471 0.751092 0.713835 0.681664 0.653775 0.629535 0.608442 0.590092 0.574159 0.560378 0.548534 0.538451 0.529985 0.523022 0.517470 0.513258 0.510334 0.508661 0.508219 0.509004 0.511024 0.514304 0.518884 0.524822 0.532195 0.541100 0.551660 0.564026 0.578385 0.594964 0.614045 0.635973 0.661177 5970.000000 1.380623 0.728626
0.751092 0.713835 0.681664 0.653775 0.629535 0.608442 0.590092 0.574159 0.560378 0.548534 0.538451 0.529985 0.523022 0.517470 0.513258 0.510334 0.508661 0.508219 0.509004 0.511024 0.514304 0.518884 0.524822 0.532195 0.541100 0.551660 0.564026 0.578385 0.594964 0.614045 0.635973 0.661177 0.690192 0.723695 0.762547 0.807863 0.861112 0.924259 1.000000 0.982043 0.925815 0.877677 0.836212 0.800330 0.769177 0.742079 0.718498 0.697999 0.680230 0.664906 0.651793 0.640700 0.631475 0.623993 0.618159 0.613897 0.611156 0.609903 0.610121 0.611814 0.615002 0.619725 0.626040 0.634028 0.643794 0.638588 0.620187 0.604231 0.590463 0.578671 0.568684 0.560363 0.553596 0.548296 0.544396 0.541847 0.540618 0.540694 0.542076 0.544781 0.548842 0.554309 0.561253 0.569762 0.579952 0.591965 0.605977 0.622204 0.640911 0.662422 0.687140 0.715565 0.748324 0.786212 0.830247 0.881758 0.924322 0.879813 0.841328 0.807933 0.778892 0.753620 0.731643 0.712579 0.696119 0.682007 0.670038 0.660045 0.651893 0.645476 0.640712 0.637543 0.635930 0.635853 0.637310 0.640321 0.644921 0.651168 0.659141 0.668943 0.680705 0.694592 0.710805 0.729593 0.751259 0.776180 0.804815 0.794471 5970.000000 1.380623 0.728626
0.924322 0.879813 0.841328 0.807933 0.778892 0.753620 0.731643 0.712579 0.696119 0.682007 0.670038 0.660045 0.651893 0.645476 0.640712 0.637543 0.635930 0.635853 0.637310 0.640321 0.644921 0.651168 0.659141 0.668943 0.680705 0.694592 0.710805 0.729593 0.751259 0.776180 0.804815 0.794471 0.751092 0.713835 0.681664 0.653775 0.629535 0.608442 0.590092 0.574159 0.560378 0.548534 0.538451 0.529985 0.523022 0.517470 0.513258 0.510334 0.508661 0.508219 0.509004 0.511024 0.514304 0.518884 0.524822 0.532195 0.541100 0.551660 0.564026 0.578385 0.594964 0.614045 0.635973 0.661177 0.690192 0.723695 0.762547 0.807863 0.861112 0.924259 1.000000 0.982043 0.925815 0.877677 0.836212 0.800330 0.769177 0.742079 0.718498 0.697999 0.680230 0.664906 0.651793 0.640700 0.631475 0.623993 0.618159 0.613897 0.611156 0.609903 0.610121 0.611814 0.615002 0.619725 0.626040 0.634028 0.643794 0.638588 0.620187 0.604231 0.590463 0.578671 0.568684 0.560363 0.553596 0.548296 0.544396 0.541847 0.540618 0.540694 0.542076 0.544781 0.548842 0.554309 0.561253 0.569762 0.579952 0.591965 0.605977 0.622204 0.640911 0.662422 0.687140 0.715565 0.748324 0.786212 0.830247 0.881758 5970.000000 1.380623 0.728626
0.740541 0.717047 0.696624 0.678923 0.663658 0.650597 0.639552 0.630368 0.622924 0.617124 0.612893 0.610179 0.608950 0.609191 0.610904 0.614110 0.618849 0.625180 0.633183 0.642962 0.654649 0.668410 0.684446 0.703005 0.724393 0.748984 0.777241 0.809742 0.847209 0.890561 0.940978 1.000000 0.951271 0.902343 0.860172 0.823663 0.791957 0.764375 0.740372 0.719513 0.701439 0.685864 0.672550 0.661305 0.651976 0.644437 0.638591 0.634365 0.631706 0.630582 0.630980 0.632904 0.636377 0.641442 0.648163 0.656625 0.666938 0.679243 0.693714 0.710563 0.730054 0.752508 0.778322 0.807986 0.842109 0.881458 0.927008 0.930208 0.884767 0.845501 0.811443 0.781834 0.756067 0.733655 0.714205 0.697396 0.682968 0.670707 0.660442 0.652034 0.645372 0.640372 0.636972 0.635129 0.634822 0.636047 0.638819 0.643171 0.649158 0.656854 0.666359 0.677801 0.691337 0.707163 0.725519 0.746700 0.771069 0.799072 0.831263 0.857287 0.831934 0.809933 0.790922 0.774606 0.760745 0.749145 0.739648 0.732130 0.726497 0.722677 0.720624 0.720314 0.721741 0.724924 0.729901 0.736735 0.745510 0.756341 0.769372 0.784784 0.802800 0.823693 0.847799 0.875532 0.875631 0.834325 0.798577 0.767539 4991.500000 1.072162 0.769308
0.771069 0.799072 0.831263 0.857287 0.831934 0.809933 0.790922 0.774606 0.760745 0.749145 0.739648 0.732130 0.726497 0.722677 0.720624 0.720314 0.721741 0.724924 0.729901 0.736735 0.745510 0.756341 0.769372 0.784784 0.802800 0.823693 0.847799 0.875532 0.875631 0.834325 0.798577 0.767539 0.740541 0.717047 0.696624 0.678923 0.663658 0.650597 0.639552 0.630368 0.622924 0.617124 0.612893 0.610179 0.608950 0.609191 0.610904 0.614110 0.618849 0.625180 0.633183 0.642962 0.654649 0.668410 0.684446 0.703005 0.724393 0.748984 0.777241 0.809742 0.847209 0.890561 0.940978 1.000000 0.951271 0.902343 0.860172 0.823663 0.791957 0.764375 0.740372 0.719513 0.701439 0.685864 0.672550 0.661305 0.651976 0.644437 0.638591 0.634365 0.631706 0.630582 0.630980 0.632904 0.636377 0.641442 0.648163 0.656625 0.666938 0.679243 0.693714 0.710563 0.730054 0.752508 0.778322 0.807986 0.842109 0.881458 0.927008 0.930208 0.884767 0.845501 0.811443 0.781834 0.756067 0.733655 0.714205 0.697396 0.682968 0.670707 0.660442 0.652034 0.645372 0.640372 0.636972 0.635129 0.634822 0.636047 0.638819 0.643171 0.649158 0.656854 0.666359 0.677801 0.691337 0.707163 0.725519 0.746700 4991.500000 1.072162 0.769308
0.842109 0.881458 0.927008 0.930208 0.884767 0.845501 0.811443 0.781834 0.756067 0.733655 0.714205 0.697396 0.682968 0.670707 0.660442 0.652034 0.645372 0.640372 0.636972 0.635129 0.634822 0.636047 0.638819 0.643171 0.649158 0.656854 0.666359 0.677801 0.691337 0.707163 0.725519 0.746700 0.771069 0.799072 0.831263 0.857287 0.831934 0.809933 0.790922 0.774606 0.760745 0.749145 0.739648 0.732130 0.726497 0.722677 0.720624 0.720314 0.721741 0.724924 0.729901 0.736735 0.745510 0.756341 0.769372 0.784784 0.802800 0.823693 0.847799 0.875532 0.875631 0.834325 0.798577 0.767539 0.740541 0.717047 0.696624 0.678923 0.663658 0.650597 0.639552 0.630368 0.622924 0.617124 0.612893 0.610179 0.608950 0.609191 0.610904 0.614110 0.618849 0.625180 0.633183 0.642962 0.654649 0.668410 0.684446 0.703005 0.724393 0.748984 0.777241 0.809742 0.847209 0.890561 0.940978 1.000000 0.951271 0.902343 0.860172 0.823663 0.791957 0.764375 0.740372 0.719513 0.701439 0.685864 0.672550 0.661305 0.651976 0.644437 0.638591 0.634365 0.631706 0.630582 0.630980 0.632904 0.636377 0.641442 0.648163 0.656625 0.666938 0.679243 0.693714 0.710563 0.730054 0.752508 0.778322 0.807986 4991.500000 1.072162 0.769308
0.951271 0.902343 0.860172 0.823663 0.791957 0.764375 0.740372 0.719513 0.701439 0.685864 0.672550 0.661305 0.651976 0.644437 0.638591 0.634365 0.631706 0.630582 0.630980 0.632904 0.636377 0.641442 0.648163 0.656625 0.666938 0.679243 0.693714 0.710563 0.730054 0.752508 0.778322 0.807986 0.842109 0.881458 0.927008 0.930208 0.884767 0.845501 0.811443 0.781834 0.756067 0.733655 0.714205 0.697396 0.682968 0.670707 0.660442 0.652034 0.645372 0.640372 0.636972 0.635129 0.634822 0.636047 0.638819 0.643171 0.649158 0.656854 0.666359 0.677801 0.691337 0.707163 0.725519 0.746700 0.771069 0.799072 0.831263 0.857287 0.831934 0.809933 0.790922 0.774606 0.760745 0.749145 0.739648 0.732130 0.726497 0.722677 0.720624 0.720314 0.721741 0.724924 0.729901 0.736735 0.745510 0.756341 0.769372 0.784784 0.802800 0.823693 0.847799 0.875532 0.875631 0.834325 0.798577 0.767539 0.740541 0.717047 0.696624 0.678923 0.663658 0.650597 0.639552 0.630368 0.622924 0.617124 0.612893 0.610179 0.608950 0.609191 0.610904 0.614110 0.618849 0.625180 0.633183 0.642962 0.654649 0.668410 0.684446 0.703005 0.724393 0.748984 0.777241 0.809742 0.847209 0.890561 0.940978 1.000000 4991.500000 1.072162 0.769308
0.802422 0.781080 0.762634 0.746797 0.733335 0.722058 0.712814 0.705482 0.699968 0.696204 0.694143 0.693761 0.695053 0.698035 0.702742 0.709234 0.717592 0.727923 0.740366 0.743846 0.743977 0.745906 0.749656 0.755272 0.762824 0.772409 0.784150 0.798207 0.814776 0.834099 0.856474 0.882267 0.911927 0.908828 0.871136 0.838385 0.809888 0.785093 0.763557 0.744917 0.728880 0.715205 0.703698 0.694201 0.686590 0.682702 0.680820 0.680584 0.681991 0.685057 0.689820 0.696339 0.704696 0.715000 0.727388 0.742032 0.759144 0.778985 0.801875 0.828206 0.858464 0.893249 0.933316 0.979617 1.000000 0.964358 0.933340 0.906372 0.882985 0.862801 0.845511 0.830862 0.818651 0.808713 0.800921 0.795174 0.791402 0.789559 0.789623 0.791593 0.781336 0.757470 0.736741 0.718802 0.703371 0.690215 0.679149 0.670021 0.662710 0.657123 0.653190 0.650862 0.650111 0.650929 0.653324 0.657327 0.662986 0.670372 0.679580 0.690732 0.702818 0.706944 0.712848 0.720601 0.730303 0.742082 0.756099 0.772553 0.791688 0.813805 0.839274 0.868549 0.902191 0.940903 0.968695 0.945436 0.925444 0.908424 0.894134 0.882379 0.873004 0.865892 0.860951 0.858122 0.857370 0.858687 0.855280 0.827011 7760.500000 1.132748 0.849366
0.662986 0.670372 0.679580 0.690732 0.702818 0.706944 0.712848 0.720601 0.730303 0.742082 0.756099 0.772553 0.791688 0.813805 0.839274 0.868549 0.902191 0.940903 0.968695 0.945436 0.925444 0.908424 0.894134 0.882379 0.873004 0.865892 0.860951 0.858122 0.857370 0.858687 0.855280 0.827011 0.802422 0.781080 0.762634 0.746797 0.733335 0.722058 0.712814 0.705482 0.699968 0.696204 0.694143 0.693761 0.695053 0.698035 0.702742 0.709234 0.717592 0.727923 0.740366 0.743846 0.743977 0.745906 0.749656 0.755272 0.762824 0.772409 0.784150 0.798207 0.814776 0.834099 0.856474 0.882267 0.911927 0.908828 0.871136 0.838385 0.809888 0.785093 0.763557 0.744917 0.728880 0.715205 0.703698 0.694201 0.686590 0.682702 0.680820 0.680584 0.681991 0.685057 0.689820 0.696339 0.704696 0.715000 0.727388 0.742032 0.759144 0.778985 0.801875 0.828206 0.858464 0.893249 0.933316 0.979617 1.000000 0.964358 0.933340 0.906372 0.882985 0.862801 0.845511 0.830862 0.818651 0.808713 0.800921 0.795174 0.791402 0.789559 0.789623 0.791593 0.781336 0.757470 0.736741 0.718802 0.703371 0.690215 0.679149 0.670021 0.662710 0.657123 0.653190 0.650862 0.650111 0.650929 0.653324 0.657327 7760.500000 1.132748 0.849366
1.000000 0.964358 0.933340 0.906372 0.882985 0.862801 0.845511 0.830862 0.818651 0.808713 0.800921 0.795174 0.791402 0.789559 0.789623 0.791593 0.781336 0.757470 0.736741 0.718802 0.703371 0.690215 0.679149 0.670021 0.662710 0.657123 0.653190 0.650862 0.650111 0.650929 0.653324 0.657327 0.662986 0.670372 0.679580 0.690732 0.702818 0.706944 0.712848 0.720601 0.730303 0.742082 0.756099 0.772553 0.791688 0.813805 0.839274 0.868549 0.902191 0.940903 0.968695 0.945436 0.925444 0.908424 0.894134 0.882379 0.873004 0.865892 0.860951 0.858122 0.857370 0.858687 0.855280 0.827011 0.802422 0.781080 0.762634 0.746797 0.733335 0.722058 0.712814 0.705482 0.699968 0.696204 0.694143 0.693761 0.695053 0.698035 0.702742 0.709234 0.717592 0.727923 0.740366 0.743846 0.743977 0.745906 0.749656 0.755272 0.762824 0.772409 0.784150 0.798207 0.814776 0.834099 0.856474 0.882267 0.911927 0.908828 0.871136 0.838385 0.809888 0.785093 0.763557 0.744917 0.728880 0.715205 0.703698 0.694201 0.686590 0.682702 0.680820 0.680584 0.681991 0.685057 0.689820 0.696339 0.704696 0.715000 0.727388 0.742032 0.759144 0.778985 0.801875 0.828206 0.858464 0.893249 0.933316 0.979617 7760.500000 1.132748 0.849366
0.911927 0.908828 0.871136 0.838385 0.809888 0.785093 0.763557 0.744917 0.728880 0.715205 0.703698 0.694201 0.686590 0.682702 0.680820 0.680584 0.681991 0.685057 0.689820 0.696339 0.704696 0.715000 0.727388 0.742032 0.759144 0.778985 0.801875 0.828206 0.858464 0.893249 0.933316 0.979617 1.000000 0.964358 0.933340 0.906372 0.882985 0.862801 0.845511 0.830862 0.818651 0.808713 0.800921 0.795174 0.791402 0.789559 0.789623 0.791593 0.781336 0.757470 0.736741 0.718802 0.703371 0.690215 0.679149 0.670021 0.662710 0.657123 0.653190 0.650862 0.650111 0.650929 0.653324 0.657327 0.662986 0.670372 0.679580 0.690732 0.702818 0.706944 0.712848 0.720601 0.730303 0.742082 0.756099 0.772553 0.791688 0.813805 0.839274 0.868549 0.902191 0.940903 0.968695 0.945436 0.925444 0.908424 0.894134 0.882379 0.873004 0.865892 0.860951 0.858122 0.857370 0.858687 0.855280 0.827011 0.802422 0.781080 0.762634 0.746797 0.733335 0.722058 0.712814 0.705482 0.699968 0.696204 0.694143 0.693761 0.695053 0.698035 0.702742 0.709234 0.717592 0.727923 0.740366 0.743846 0.743977 0.745906 0.749656 0.755272 0.762824 0.772409 0.784150 0.798207 0.814776 0.834099 0.856474 0.882267 7760.500000 1.132748 0.849366
0.886122 1.000000 0.890644 0.792191 0.714889 0.652765 0.601909 0.559655 0.524124 0.493955 0.468136 0.445902 0.426667 0.409969 0.395445 0.382806 0.371818 0.362292 0.354073 0.347036 0.341080 0.336120 0.332091 0.328941 0.326629 0.325127 0.324417 0.324491 0.325348 0.326999 0.329466 0.332777 0.336976 0.342117 0.348269 0.355518 0.363971 0.373759 0.385040 0.398013 0.412919 0.430062 0.449821 0.472676 0.499245 0.530332 0.567005 0.610707 0.663440 0.728061 0.781311 0.738675 0.702055 0.670433 0.643019 0.619192 0.598458 0.580421 0.564760 0.551215 0.539574 0.529663 0.521344 0.514503 0.509049 0.504913 0.502043 0.500405 0.499977 0.500756 0.502751 0.505985 0.510499 0.516349 0.523611 0.532381 0.542779 0.554956 0.569094 0.585418 0.604205 0.625795 0.650611 0.679180 0.654578 0.608811 0.570309 0.537606 0.509611 0.485500 0.464635 0.446522 0.430766 0.417055 0.405136 0.394803 0.385892 0.378264 0.371811 0.366443 0.362087 0.358687 0.356201 0.354597 0.353856 0.353970 0.354939 0.356775 0.359500 0.363149 0.367769 0.373418 0.380174 0.388131 0.397406 0.408142 0.420516 0.434744 0.451093 0.469896 0.491570 0.516646 0.545803 0.579928 0.620199 0.668210 0.726174 0.797252 1578.500000 1.640624 0.553890
0.385892 0.378264 0.371811 0.366443 0.362087 0.358687 0.356201 0.354597 0.353856 0.353970 0.354939 0.356775 0.359500 0.363149 0.367769 0.373418 0.380174 0.388131 0.397406 0.408142 0.420516 0.434744 0.451093 0.469896 0.491570 0.516646 0.545803 0.579928 0.620199 0.668210 0.726174 0.797252 0.886122 1.000000 0.890644 0.792191 0.714889 0.652765 0.601909 0.559655 0.524124 0.493955 0.468136 0.445902 0.426667 0.409969 0.395445 0.382806 0.371818 0.362292 0.354073 0.347036 0.341080 0.336120 0.332091 0.328941 0.326629 0.325127 0.324417 0.324491 0.325348 0.326999 0.329466 0.332777 0.336976 0.342117 0.348269 0.355518 0.363971 0.373759 0.385040 0.398013 0.412919 0.430062 0.449821 0.472676 0.499245 0.530332 0.567005 0.610707 0.663440 0.728061 0.781311 0.738675 0.702055 0.670433 0.643019 0.619192 0.598458 0.580421 0.564760 0.551215 0.539574 0.529663 0.521344 0.514503 0.509049 0.504913 0.502043 0.500405 0.499977 0.500756 0.502751 0.505985 0.510499 0.516349 0.523611 0.532381 0.542779 0.554956 0.569094 0.585418 0.604205 0.625795 0.650611 0.679180 0.654578 0.608811 0.570309 0.537606 0.509611 0.485500 0.464635 0.446522 0.430766 0.417055 0.405136 0.394803 1578.500000 1.640624 0.553890
0.509049 0.504913 0.502043 0.500405 0.499977 0.500756 0.502751 0.505985 0.510499 0.516349 0.523611 0.532381 0.542779 0.554956 0.569094 0.585418 0.604205 0.625795 0.650611 0.679180 0.654578 0.608811 0.570309 0.537606 0.509611 0.485500 0.464635 0.446522 0.430766 0.417055 0.405136 0.394803 0.385892 0.378264 0.371811 0.366443 0.362087 0.358687 0.356201 0.354597 0.353856 0.353970 0.354939 0.356775 0.359500 0.363149 0.367769 0.373418 0.380174 0.388131 0.397406 0.408142 0.420516 0.434744 0.451093 0.469896 0.491570 0.516646 0.545803 0.579928 0.620199 0.668210 0.726174 0.797252 0.886122 1.000000 0.890644 0.792191 0.714889 0.652765 0.601909 0.559655 0.524124 0.493955 0.468136 0.445902 0.426667 0.409969 0.395445 0.382806 0.371818 0.362292 0.354073 0.347036 0.341080 0.336120 0.332091 0.328941 0.326629 0.325127 0.324417 0.324491 0.325348 0.326999 0.329466 0.332777 0.336976 0.342117 0.348269 0.355518 0.363971 0.373759 0.385040 0.398013 0.412919 0.430062 0.449821 0.472676 0.499245 0.530332 0.567005 0.610707 0.663440 0.728061 0.781311 0.738675 0.702055 0.670433 0.643019 0.619192 0.598458 0.580421 0.564760 0.551215 0.539574 0.529663 0.521344 0.514503 1578.500000 1.640624 0.553890
0.336976 0.342117 0.348269 0.355518 0.363971 0.373759 0.385040 0.398013 0.412919 0.430062 0.449821 0.472676 0.499245 0.530332 0.567005 0.610707 0.663440 0.728061 0.781311 0.738675 0.702055 0.670433 0.643019 0.619192 0.598458 0.580421 0.564760 0.551215 0.539574 0.529663 0.521344 0.514503 0.509049 0.504913 0.502043 0.500405 0.499977 0.500756 0.502751 0.505985 0.510499 0.516349 0.523611 0.532381 0.542779 0.554956 0.569094 0.585418 0.604205 0.625795 0.650611 0.679180 0.654578 0.608811 0.570309 0.537606 0.509611 0.485500 0.464635 0.446522 0.430766 0.417055 0.405136 0.394803 0.385892 0.378264 0.371811 0.366443 0.362087 0.358687 0.356201 0.354597 0.353856 0.353970 0.354939 0.356775 0.359500 0.363149 0.367769 0.373418 0.380174 0.388131 0.397406 0.408142 0.420516 0.434744 0.451093 0.469896 0.491570 0.516646 0.545803 0.579928 0.620199 0.668210 0.726174 0.797252 0.886122 1.000000 0.890644 0.792191 0.714889 0.652765 0.601909 0.559655 0.524124 0.493955 0.468136 0.445902 0.426667 0.409969 0.395445 0.382806 0.371818 0.362292 0.354073 0.347036 0.341080 0.336120 0.332091 0.328941 0.326629 0.325127 0.324417 0.324491 0.325348 0.326999 0.329466 0.332777 1578.500000 1.640624 0.553890
0.827682 0.779067 0.737524 0.701793 0.670905 0.644108 0.620807 0.600530 0.582895 0.567595 0.554378 0.543042 0.533419 0.525376 0.518802 0.513613 0.509742 0.507142 0.505781 0.505642 0.506723 0.509038 0.512615 0.517498 0.523748 0.531448 0.540699 0.551631 0.564401 0.579205 0.596282 0.601097 0.584250 0.569656 0.557082 0.546340 0.537273 0.529759 0.523695 0.519005 0.515630 0.513527 0.512671 0.513053 0.514675 0.517559 0.521739 0.527268 0.534216 0.542674 0.552758 0.564609 0.578404 0.594357 0.612733 0.633858 0.658133 0.686061 0.718270 0.755563 0.798971 0.849842 0.909973 0.981807 0.933477 0.869071 0.814815 0.768679 0.729150 0.695080 0.665584 0.639968 0.617683 0.598292 0.581439 0.566837 0.554253 0.543497 0.534414 0.526877 0.520787 0.516066 0.512653 0.510507 0.509601 0.509925 0.511482 0.514291 0.518388 0.523822 0.530663 0.539001 0.548948 0.559605 0.545289 0.532940 0.522367 0.513419 0.505970 0.499922 0.495196 0.491731 0.489486 0.488432 0.488558 0.489864 0.492366 0.496095 0.501098 0.507437 0.515196 0.524479 0.535416 0.548168 0.562931 0.579947 0.599514 0.621997 0.647854 0.677658 0.712134 0.752215 0.799118 0.854454 0.920405 1.000000 0.953413 0.885042 6148.500000 1.717460 0.679686
0.522367 0.513419 0.505970 0.499922 0.495196 0.491731 0.489486 0.488432 0.488558 0.489864 0.492366 0.496095 0.501098 0.507437 0.515196 0.524479 0.535416 0.548168 0.562931 0.579947 0.599514 0.621997 0.647854 0.677658 0.712134 0.752215 0.799118 0.854454 0.920405 1.000000 0.953413 0.885042 0.827682 0.779067 0.737524 0.701793 0.670905 0.644108 0.620807 0.600530 0.582895 0.567595 0.554378 0.543042 0.533419 0.525376 0.518802 0.513613 0.509742 0.507142 0.505781 0.505642 0.506723 0.509038 0.512615 0.517498 0.523748 0.531448 0.540699 0.551631 0.564401 0.579205 0.596282 0.601097 0.584250 0.569656 0.557082 0.546340 0.537273 0.529759 0.523695 0.519005 0.515630 0.513527 0.512671 0.513053 0.514675 0.517559 0.521739 0.527268 0.534216 0.542674 0.552758 0.564609 0.578404 0.594357 0.612733 0.633858 0.658133 0.686061 0.718270 0.755563 0.798971 0.849842 0.909973 0.981807 0.933477 0.869071 0.814815 0.768679 0.729150 0.695080 0.665584 0.639968 0.617683 0.598292 0.581439 0.566837 0.554253 0.543497 0.534414 0.526877 0.520787 0.516066 0.512653 0.510507 0.509601 0.509925 0.511482 0.514291 0.518388 0.523822 0.530663 0.539001 0.548948 0.559605 0.545289 0.532940 6148.500000 1.717460 0.679686
0.933477 0.869071 0.814815 0.768679 0.729150 0.695080 0.665584 0.639968 0.617683 0.598292 0.581439 0.566837 0.554253 0.543497 0.534414 0.526877 0.520787 0.516066 0.512653 0.510507 0.509601 0.509925 0.511482 0.514291 0.518388 0.523822 0.530663 0.539001 0.548948 0.559605 0.545289 0.532940 0.522367 0.513419 0.505970 0.499922 0.495196 0.491731 0.489486 0.488432 0.488558 0.489864 0.492366 0.496095 0.501098 0.507437 0.515196 0.524479 0.535416 0.548168 0.562931 0.579947 0.599514 0.621997 0.647854 0.677658 0.712134 0.752215 0.799118 0.854454 0.920405 1.000000 0.953413 0.885042 0.827682 0.779067 0.737524 0.701793 0.670905 0.644108 0.620807 0.600530 0.582895 0.567595 0.554378 0.543042 0.533419 0.525376 0.518802 0.513613 0.509742 0.507142 0.505781 0.505642 0.506723 0.509038 0.512615 0.517498 0.523748 0.531448 0.540699 0.551631 0.564401 0.579205 0.596282 0.601097 0.584250 0.569656 0.557082 0.546340 0.537273 0.529759 0.523695 0.519005 0.515630 0.513527 0.512671 0.513053 0.514675 0.517559 0.521739 0.527268 0.534216 0.542674 0.552758 0.564609 0.578404 0.594357 0.612733 0.633858 0.658133 0.686061 0.718270 0.755563 0.798971 0.849842 0.909973 0.981807 6148.500000 1.717460 0.679686
0.584250 0.569656 0.557082 0.546340 0.537273 0.529759 0.523695 0.519005 0.515630 0.513527 0.512671 0.513053 0.514675 0.517559 0.521739 0.527268 0.534216 0.542674 0.552758 0.564609 0.578404 0.594357 0.612733 0.633858 0.658133 0.686061 0.718270 0.755563 0.798971 0.849842 0.909973 0.981807 0.933477 0.869071 0.814815 0.768679 0.729150 0.695080 0.665584 0.639968 0.617683 0.598292 0.581439 0.566837 0.554253 0.543497 0.534414 0.526877 0.520787 0.516066 0.512653 0.510507 0.509601 0.509925 0.511482 0.514291 0.518388 0.523822 0.530663 0.539001 0.548948 0.559605 0.545289 0.532940 0.522367 0.513419 0.505970 0.499922 0.495196 0.491731 0.489486 0.488432 0.488558 0.489864 0.492366 0.496095 0.501098 0.507437 0.515196 0.524479 0.535416 0.548168 0.562931 0.579947 0.599514 0.621997 0.647854 0.677658 0.712134 0.752215 0.799118 0.854454 0.920405 1.000000 0.953413 0.885042 0.827682 0.779067 0.737524 0.701793 0.670905 0.644108 0.620807 0.600530 0.582895 0.567595 0.554378 0.543042 0.533419 0.525376 0.518802 0.513613 0.509742 0.507142 0.505781 0.505642 0.506723 0.509038 0.512615 0.517498 0.523748 0.531448 0.540699 0.551631 0.564401 0.579205 0.596282 0.601097 6148.500000 1.717460 0.679686
0.608929 0.621261 0.635666 0.635843 0.609863 0.587281 0.567631 0.550536 0.535694 0.522858 0.511826 0.502436 0.494554 0.488073 0.482909 0.478994 0.476280 0.474734 0.474338 0.475085 0.476986 0.480063 0.484355 0.489914 0.496814 0.493101 0.488981 0.486090 0.484394 0.483871 0.484516 0.486335 0.489351 0.493601 0.499139 0.506036 0.514382 0.524292 0.535909 0.549405 0.564995 0.582940 0.603565 0.627270 0.654554 0.686047 0.722553 0.765108 0.815077 0.874282 0.945218 1.000000 0.899216 0.818678 0.753046 0.698714 0.653163 0.614577 0.581619 0.553281 0.528791 0.507548 0.489078 0.473005 0.459026 0.446894 0.436412 0.427417 0.419775 0.413380 0.408146 0.404004 0.400901 0.398799 0.397671 0.397505 0.398299 0.399779 0.397670 0.396533 0.396354 0.397133 0.398877 0.401608 0.405360 0.410180 0.416131 0.423292 0.431762 0.441664 0.453148 0.466398 0.481642 0.499160 0.519298 0.542491 0.569288 0.600392 0.636713 0.679454 0.730232 0.791274 0.865726 0.876565 0.829877 0.789718 0.755001 0.724881 0.698691 0.675898 0.656076 0.638879 0.624026 0.611286 0.600474 0.591438 0.584056 0.578232 0.573892 0.570981 0.569465 0.569325 0.570560 0.573183 0.577228 0.582744 0.589801 0.598491 2916.000000 1.513914 0.656428
0.569288 0.600392 0.636713 0.679454 0.730232 0.791274 0.865726 0.876565 0.829877 0.789718 0.755001 0.724881 0.698691 0.675898 0.656076 0.638879 0.624026 0.611286 0.600474 0.591438 0.584056 0.578232 0.573892 0.570981 0.569465 0.569325 0.570560 0.573183 0.577228 0.582744 0.589801 0.598491 0.608929 0.621261 0.635666 0.635843 0.609863 0.587281 0.567631 0.550536 0.535694 0.522858 0.511826 0.502436 0.494554 0.488073 0.482909 0.478994 0.476280 0.474734 0.474338 0.475085 0.476986 0.480063 0.484355 0.489914 0.496814 0.493101 0.488981 0.486090 0.484394 0.483871 0.484516 0.486335 0.489351 0.493601 0.499139 0.506036 0.514382 0.524292 0.535909 0.549405 0.564995 0.582940 0.603565 0.627270 0.654554 0.686047 0.722553 0.765108 0.815077 0.874282 0.945218 1.000000 0.899216 0.818678 0.753046 0.698714 0.653163 0.614577 0.581619 0.553281 0.528791 0.507548 0.489078 0.473005 0.459026 0.446894 0.436412 0.427417 0.419775 0.413380 0.408146 0.404004 0.400901 0.398799 0.397671 0.397505 0.398299 0.399779 0.397670 0.396533 0.396354 0.397133 0.398877 0.401608 0.405360 0.410180 0.416131 0.423292 0.431762 0.441664 0.453148 0.466398 0.481642 0.499160 0.519298 0.542491 2916.000000 1.513914 0.656428
0.459026 0.446894 0.436412 0.427417 0.419775 0.413380 0.408146 0.404004 0.400901 0.398799 0.397671 0.397505 0.398299 0.399779 0.397670 0.396533 0.396354 0.397133 0.398877 0.401608 0.405360 0.410180 0.416131 0.423292 0.431762 0.441664 0.453148 0.466398 0.481642 0.499160 0.519298 0.542491 0.569288 0.600392 0.636713 0.679454 0.730232 0.791274 0.865726 0.876565 0.829877 0.789718 0.755001 0.724881 0.698691 0.675898 0.656076 0.638879 0.624026 0.611286 0.600474 0.591438 0.584056 0.578232 0.573892 0.570981 0.569465 0.569325 0.570560 0.573183 0.577228 0.582744 0.589801 0.598491 0.608929 0.621261 0.635666 0.635843 0.609863 0.587281 0.567631 0.550536 0.535694 0.522858 0.511826 0.502436 0.494554 0.488073 0.482909 0.478994 0.476280 0.474734 0.474338 0.475085 0.476986 0.480063 0.484355 0.489914 0.496814 0.493101 0.488981 0.486090 0.484394 0.483871 0.484516 0.486335 0.489351 0.493601 0.499139 0.506036 0.514382 0.524292 0.535909 0.549405 0.564995 0.582940 0.603565 0.627270 0.654554 0.686047 0.722553 0.765108 0.815077 0.874282 0.945218 1.000000 0.899216 0.818678 0.753046 0.698714 0.653163 0.614577 0.581619 0.553281 0.528791 0.507548 0.489078 0.473005 2916.000000 1.513914 0.656428
0.489351 0.493601 0.499139 0.506036 0.514382 0.524292 0.535909 0.549405 0.564995 0.582940 0.603565 0.627270 0.654554 0.686047 0.722553 0.765108 0.815077 0.874282 0.945218 1.000000 0.899216 0.818678 0.753046 0.698714 0.653163 0.614577 0.581619 0.553281 0.528791 0.507548 0.489078 0.473005 0.459026 0.446894 0.436412 0.427417 0.419775 0.413380 0.408146 0.404004 0.400901 0.398799 0.397671 0.397505 0.398299 0.399779 0.397670 0.396533 0.396354 0.397133 0.398877 0.401608 0.405360 0.410180 0.416131 0.423292 0.431762 0.441664 0.453148 0.466398 0.481642 0.499160 0.519298 0.542491 0.569288 0.600392 0.636713 0.679454 0.730232 0.791274 0.865726 0.876565 0.829877 0.789718 0.755001 0.724881 0.698691 0.675898 0.656076 0.638879 0.624026 0.611286 0.600474 0.591438 0.584056 0.578232 0.573892 0.570981 0.569465 0.569325 0.570560 0.573183 0.577228 0.582744 0.589801 0.598491 0.608929 0.621261 0.635666 0.635843 0.609863 0.587281 0.567631 0.550536 0.535694 0.522858 0.511826 0.502436 0.494554 0.488073 0.482909 0.478994 0.476280 0.474734 0.474338 0.475085 0.476986 0.480063 0.484355 0.489914 0.496814 0.493101 0.488981 0.486090 0.484394 0.483871 0.484516 0.486335 2916.000000 1.513914 0.656428
0.764561 0.746353 0.730712 0.717405 0.706245 0.697081 0.689792 0.684286 0.680493 0.678367 0.677882 0.679033 0.681833 0.686316 0.692538 0.700577 0.710537 0.722550 0.736782 0.753437 0.772767 0.774354 0.750725 0.730203 0.712443 0.697167 0.684145 0.673193 0.664161 0.656929 0.651406 0.647522 0.645229 0.644499 0.645324 0.647714 0.651697 0.657322 0.664661 0.673807 0.684882 0.698036 0.713458 0.731378 0.742136 0.744812 0.749319 0.755712 0.764072 0.774506 0.787151 0.802181 0.819809 0.840299 0.863974 0.891232 0.922560 0.958564 1.000000 0.978846 0.925004 0.878784 0.838887 0.804309 0.774261 0.748114 0.725365 0.705609 0.688516 0.673815 0.661290 0.650760 0.642083 0.635145 0.629856 0.626150 0.623983 0.623326 0.624173 0.626534 0.630437 0.633762 0.636061 0.639925 0.645399 0.652555 0.661481 0.672298 0.685152 0.700228 0.717749 0.737994 0.743955 0.734950 0.727894 0.722696 0.719293 0.717642 0.717724 0.719539 0.723110 0.728481 0.735718 0.744912 0.756184 0.769685 0.785604 0.782015 0.775024 0.769994 0.766866 0.765599 0.766180 0.768614 0.772932 0.779186 0.787455 0.797844 0.810490 0.825564 0.843279 0.863898 0.887742 0.906674 0.869809 0.837764 0.809878 0.785620 1143.500000 1.209774 0.854388
0.719293 0.717642 0.717724 0.719539 0.723110 0.728481 0.735718 0.744912 0.756184 0.769685 0.785604 0.782015 0.775024 0.769994 0.766866 0.765599 0.766180 0.768614 0.772932 0.779186 0.787455 0.797844 0.810490 0.825564 0.843279 0.863898 0.887742 0.906674 0.869809 0.837764 0.809878 0.785620 0.764561 0.746353 0.730712 0.717405 0.706245 0.697081 0.689792 0.684286 0.680493 0.678367 0.677882 0.679033 0.681833 0.686316 0.692538 0.700577 0.710537 0.722550 0.736782 0.753437 0.772767 0.774354 0.750725 0.730203 0.712443 0.697167 0.684145 0.673193 0.664161 0.656929 0.651406 0.647522 0.645229 0.644499 0.645324 0.647714 0.651697 0.657322 0.664661 0.673807 0.684882 0.698036 0.713458 0.731378 0.742136 0.744812 0.749319 0.755712 0.764072 0.774506 0.787151 0.802181 0.819809 0.840299 0.863974 0.891232 0.922560 0.958564 1.000000 0.978846 0.925004 0.878784 0.838887 0.804309 0.774261 0.748114 0.725365 0.705609 0.688516 0.673815 0.661290 0.650760 0.642083 0.635145 0.629856 0.626150 0.623983 0.623326 0.624173 0.626534 0.630437 0.633762 0.636061 0.639925 0.645399 0.652555 0.661481 0.672298 0.685152 0.700228 0.717749 0.737994 0.743955 0.734950 0.727894 0.722696 1143.500000 1.209774 0.854388
0.774261 0.748114 0.725365 0.705609 0.688516 0.673815 0.661290 0.650760 0.642083 0.635145 0.629856 0.626150 0.623983 0.623326 0.624173 0.626534 0.630437 0.633762 0.636061 0.639925 0.645399 0.652555 0.661481 0.672298 0.685152 0.700228 0.717749 0.737994 0.743955 0.734950 0.727894 0.722696 0.719293 0.717642 0.717724 0.719539 0.723110 0.728481 0.735718 0.744912 0.756184 0.769685 0.785604 0.782015 0.775024 0.769994 0.766866 0.765599 0.766180 0.768614 0.772932 0.779186 0.787455 0.797844 0.810490 0.825564 0.843279 0.863898 0.887742 0.906674 0.869809 0.837764 0.809878 0.785620 0.764561 0.746353 0.730712 0.717405 0.706245 0.697081 0.689792 0.684286 0.680493 0.678367 0.677882 0.679033 0.681833 0.686316 0.692538 0.700577 0.710537 0.722550 0.736782 0.753437 0.772767 0.774354 0.750725 0.730203 0.712443 0.697167 0.684145 0.673193 0.664161 0.656929 0.651406 0.647522 0.645229 0.644499 0.645324 0.647714 0.651697 0.657322 0.664661 0.673807 0.684882 0.698036 0.713458 0.731378 0.742136 0.744812 0.749319 0.755712 0.764072 0.774506 0.787151 0.802181 0.819809 0.840299 0.863974 0.891232 0.922560 0.958564 1.000000 0.978846 0.925004 0.878784 0.838887 0.804309 1143.500000 1.209774 0.854388
0.645229 0.644499 0.645324 0.647714 0.651697 0.657322 0.664661 0.673807 0.684882 0.698036 0.713458 0.731378 0.742136 0.744812 0.749319 0.755712 0.764072 0.774506 0.787151 0.802181 0.819809 0.840299 0.863974 0.891232 0.922560 0.958564 1.000000 0.978846 0.925004 0.878784 0.838887 0.804309 0.774261 0.748114 0.725365 0.705609 0.688516 0.673815 0.661290 0.650760 0.642083 0.635145 0.629856 0.626150 0.623983 0.623326 0.624173 0.626534 0.630437 0.633762 0.636061 0.639925 0.645399 0.652555 0.661481 0.672298 0.685152 0.700228 0.717749 0.737994 0.743955 0.734950 0.727894 0.722696 0.719293 0.717642 0.717724 0.719539 0.723110 0.728481 0.735718 0.744912 0.756184 0.769685 0.785604 0.782015 0.775024 0.769994 0.766866 0.765599 0.766180 0.768614 0.772932 0.779186 0.787455 0.797844 0.810490 0.825564 0.843279 0.863898 0.887742 0.906674 0.869809 0.837764 0.809878 0.785620 0.764561 0.746353 0.730712 0.717405 0.706245 0.697081 0.689792 0.684286 0.680493 0.678367 0.677882 0.679033 0.681833 0.686316 0.692538 0.700577 0.710537 0.722550 0.736782 0.753437 0.772767 0.774354 0.750725 0.730203 0.712443 0.697167 0.684145 0.673193 0.664161 0.656929 0.651406 0.647522 1143.500000 1.209774 0.854388
0.610177 0.615303 0.613583 0.613347 0.614591 0.617330 0.621597 0.627447 0.634951 0.644209 0.655342 0.668505 0.683890 0.701729 0.722311 0.745989 0.773197 0.804476 0.840503 0.882133 0.930460 0.986904 1.000000 0.942465 0.893225 0.850823 0.814137 0.782290 0.754590 0.730485 0.709528 0.691359 0.675685 0.662266 0.650907 0.641450 0.633769 0.627765 0.623360 0.620502 0.604026 0.588171 0.574476 0.562728 0.552757 0.544421 0.537609 0.532232 0.528221 0.525527 0.524116 0.523972 0.525093 0.527492 0.531198 0.536258 0.542735 0.550714 0.560300 0.571628 0.584862 0.600203 0.617898 0.638254 0.661644 0.688536 0.686271 0.677870 0.671271 0.666388 0.663162 0.661553 0.661542 0.663128 0.666331 0.671190 0.677766 0.686140 0.696423 0.708752 0.723299 0.740277 0.759946 0.782626 0.808709 0.838680 0.873143 0.912853 0.958768 0.990390 0.926666 0.872621 0.826415 0.786655 0.752275 0.722441 0.696498 0.673920 0.654287 0.637257 0.622553 0.609949 0.599260 0.590336 0.583059 0.577333 0.573085 0.570263 0.568832 0.568776 0.570092 0.572798 0.563775 0.556077 0.549894 0.545145 0.541772 0.539733 0.539002 0.539572 0.541448 0.544654 0.549230 0.555232 0.562737 0.571845 0.582678 0.595393 17966.000000 1.459031 0.774933
0.696498 0.673920 0.654287 0.637257 0.622553 0.609949 0.599260 0.590336 0.583059 0.577333 0.573085 0.570263 0.568832 0.568776 0.570092 0.572798 0.563775 0.556077 0.549894 0.545145 0.541772 0.539733 0.539002 0.539572 0.541448 0.544654 0.549230 0.555232 0.562737 0.571845 0.582678 0.595393 0.610177 0.615303 0.613583 0.613347 0.614591 0.617330 0.621597 0.627447 0.634951 0.644209 0.655342 0.668505 0.683890 0.701729 0.722311 0.745989 0.773197 0.804476 0.840503 0.882133 0.930460 0.986904 1.000000 0.942465 0.893225 0.850823 0.814137 0.782290 0.754590 0.730485 0.709528 0.691359 0.675685 0.662266 0.650907 0.641450 0.633769 0.627765 0.623360 0.620502 0.604026 0.588171 0.574476 0.562728 0.552757 0.544421 0.537609 0.532232 0.528221 0.525527 0.524116 0.523972 0.525093 0.527492 0.531198 0.536258 0.542735 0.550714 0.560300 0.571628 0.584862 0.600203 0.617898 0.638254 0.661644 0.688536 0.686271 0.677870 0.671271 0.666388 0.663162 0.661553 0.661542 0.663128 0.666331 0.671190 0.677766 0.686140 0.696423 0.708752 0.723299 0.740277 0.759946 0.782626 0.808709 0.838680 0.873143 0.912853 0.958768 0.990390 0.926666 0.872621 0.826415 0.786655 0.752275 0.722441 17966.000000 1.459031 0.774933
0.661644 0.688536 0.686271 0.677870 0.671271 0.666388 0.663162 0.661553 0.661542 0.663128 0.666331 0.671190 0.677766 0.686140 0.696423 0.708752 0.723299 0.740277 0.759946 0.782626 0.808709 0.838680 0.873143 0.912853 0.958768 0.990390 0.926666 0.872621 0.826415 0.786655 0.752275 0.722441 0.696498 0.673920 0.654287 0.637257 0.622553 0.609949 0.599260 0.590336 0.583059 0.577333 0.573085 0.570263 0.568832 0.568776 0.570092 0.572798 0.563775 0.556077 0.549894 0.545145 0.541772 0.539733 0.539002 0.539572 0.541448 0.544654 0.549230 0.555232 0.562737 0.571845 0.582678 0.595393 0.610177 0.615303 0.613583 0.613347 0.614591 0.617330 0.621597 0.627447 0.634951 0.644209 0.655342 0.668505 0.683890 0.701729 0.722311 0.745989 0.773197 0.804476 0.840503 0.882133 0.930460 0.986904 1.000000 0.942465 0.893225 0.850823 0.814137 0.782290 0.754590 0.730485 0.709528 0.691359 0.675685 0.662266 0.650907 0.641450 0.633769 0.627765 0.623360 0.620502 0.604026 0.588171 0.574476 0.562728 0.552757 0.544421 0.537609 0.532232 0.528221 0.525527 0.524116 0.523972 0.525093 0.527492 0.531198 0.536258 0.542735 0.550714 0.560300 0.571628 0.584862 0.600203 0.617898 0.638254 17966.000000 1.459031 0.774933
0.675685 0.662266 0.650907 0.641450 0.633769 0.627765 0.623360 0.620502 0.604026 0.588171 0.574476 0.562728 0.552757 0.544421 0.537609 0.532232 0.528221 0.525527 0.524116 0.523972 0.525093 0.527492 0.531198 0.536258 0.542735 0.550714 0.560300 0.571628 0.584862 0.600203 0.617898 0.638254 0.661644 0.688536 0.686271 0.677870 0.671271 0.666388 0.663162 0.661553 0.661542 0.663128 0.666331 0.671190 0.677766 0.686140 0.696423 0.708752 0.723299 0.740277 0.759946 0.782626 0.808709 0.838680 0.873143 0.912853 0.958768 0.990390 0.926666 0.872621 0.826415 0.786655 0.752275 0.722441 0.696498 0.673920 0.654287 0.637257 0.622553 0.609949 0.599260 0.590336 0.583059 0.577333 0.573085 0.570263 0.568832 0.568776 0.570092 0.572798 0.563775 0.556077 0.549894 0.545145 0.541772 0.539733 0.539002 0.539572 0.541448 0.544654 0.549230 0.555232 0.562737 0.571845 0.582678 0.595393 0.610177 0.615303 0.613583 0.613347 0.614591 0.617330 0.621597 0.627447 0.634951 0.644209 0.655342 0.668505 0.683890 0.701729 0.722311 0.745989 0.773197 0.804476 0.840503 0.882133 0.930460 0.986904 1.000000 0.942465 0.893225 0.850823 0.814137 0.782290 0.754590 0.730485 0.709528 0.691359 17966.000000 1.459031 0.774933
0.968873 0.994469 0.969279 0.936229 0.907473 0.882493 0.860870 0.842262 0.826389 0.813027 0.801991 0.793136 0.786348 0.781542 0.778659 0.777663 0.778544 0.781310 0.785997 0.792662 0.801387 0.812285 0.825500 0.841213 0.847036 0.834654 0.824587 0.816704 0.810905 0.807119 0.805299 0.805423 0.807493 0.811534 0.817595 0.825751 0.836106 0.848795 0.863989 0.881900 0.902790 0.926981 0.954868 0.986936 0.966657 0.943237 0.923096 0.905934 0.891507 0.879619 0.870112 0.862864 0.857786 0.854814 0.853913 0.855072 0.858304 0.863650 0.871174 0.880972 0.893168 0.907925 0.925445 0.945978 0.969832 0.951458 0.928205 0.908197 0.891135 0.876776 0.864923 0.855419 0.848143 0.843003 0.839936 0.838906 0.839898 0.842927 0.848027 0.855263 0.864724 0.876532 0.866709 0.844411 0.825170 0.808690 0.794734 0.783105 0.773649 0.766242 0.760791 0.757229 0.755511 0.755617 0.757549 0.761329 0.767005 0.774645 0.784348 0.796240 0.810481 0.827269 0.846851 0.869528 0.895670 0.925732 0.960276 1.000000 0.997496 0.971493 0.949039 0.929789 0.913462 0.899828 0.888705 0.879948 0.873445 0.869116 0.866907 0.866793 0.868772 0.872867 0.879129 0.887635 0.898493 0.911844 0.927867 0.946785 540.500000 1.108118 0.892300
0.767005 0.774645 0.784348 0.796240 0.810481 0.827269 0.846851 0.869528 0.895670 0.925732 0.960276 1.000000 0.997496 0.971493 0.949039 0.929789 0.913462 0.899828 0.888705 0.879948 0.873445 0.869116 0.866907 0.866793 0.868772 0.872867 0.879129 0.887635 0.898493 0.911844 0.927867 0.946785 0.968873 0.994469 0.969279 0.936229 0.907473 0.882493 0.860870 0.842262 0.826389 0.813027 0.801991 0.793136 0.786348 0.781542 0.778659 0.777663 0.778544 0.781310 0.785997 0.792662 0.801387 0.812285 0.825500 0.841213 0.847036 0.834654 0.824587 0.816704 0.810905 0.807119 0.805299 0.805423 0.807493 0.811534 0.817595 0.825751 0.836106 0.848795 0.863989 0.881900 0.902790 0.926981 0.954868 0.986936 0.966657 0.943237 0.923096 0.905934 0.891507 0.879619 0.870112 0.862864 0.857786 0.854814 0.853913 0.855072 0.858304 0.863650 0.871174 0.880972 0.893168 0.907925 0.925445 0.945978 0.969832 0.951458 0.928205 0.908197 0.891135 0.876776 0.864923 0.855419 0.848143 0.843003 0.839936 0.838906 0.839898 0.842927 0.848027 0.855263 0.864724 0.876532 0.866709 0.844411 0.825170 0.808690 0.794734 0.783105 0.773649 0.766242 0.760791 0.757229 0.755511 0.755617 0.757549 0.761329 540.500000 1.108118 0.892300
0.969832 0.951458 0.928205 0.908197 0.891135 0.876776 0.864923 0.855419 0.848143 0.843003 0.839936 0.838906 0.839898 0.842927 0.848027 0.855263 0.864724 0.876532 0.866709 0.844411 0.825170 0.808690 0.794734 0.783105 0.773649 0.766242 0.760791 0.757229 0.755511 0.755617 0.757549 0.761329 0.767005 0.774645 0.784348 0.796240 0.810481 0.827269 0.846851 0.869528 0.895670 0.925732 0.960276 1.000000 0.997496 0.971493 0.949039 0.929789 0.913462 0.899828 0.888705 0.879948 0.873445 0.869116 0.866907 0.866793 0.868772 0.872867 0.879129 0.887635 0.898493 0.911844 0.927867 0.946785 0.968873 0.994469 0.969279 0.936229 0.907473 0.882493 0.860870 0.842262 0.826389 0.813027 0.801991 0.793136 0.786348 0.781542 0.778659 0.777663 0.778544 0.781310 0.785997 0.792662 0.801387 0.812285 0.825500 0.841213 0.847036 0.834654 0.824587 0.816704 0.810905 0.807119 0.805299 0.805423 0.807493 0.811534 0.817595 0.825751 0.836106 0.848795 0.863989 0.881900 0.902790 0.926981 0.954868 0.986936 0.966657 0.943237 0.923096 0.905934 0.891507 0.879619 0.870112 0.862864 0.857786 0.854814 0.853913 0.855072 0.858304 0.863650 0.871174 0.880972 0.893168 0.907925 0.925445 0.945978 540.500000 1.108118 0.892300
0.807493 0.811534 0.817595 0.825751 0.836106 0.848795 0.863989 0.881900 0.902790 0.926981 0.954868 0.986936 0.966657 0.943237 0.923096 0.905934 0.891507 0.879619 0.870112 0.862864 0.857786 0.854814 0.853913 0.855072 0.858304 0.863650 0.871174 0.880972 0.893168 0.907925 0.925445 0.945978 0.969832 0.951458 0.928205 0.908197 0.891135 0.876776 0.864923 0.855419 0.848143 0.843003 0.839936 0.838906 0.839898 0.842927 0.848027 0.855263 0.864724 0.876532 0.866709 0.844411 0.825170 0.808690 0.794734 0.783105 0.773649 0.766242 0.760791 0.757229 0.755511 0.755617 0.757549 0.761329 0.767005 0.774645 0.784348 0.796240 0.810481 0.827269 0.846851 0.869528 0.895670 0.925732 0.960276 1.000000 0.997496 0.971493 0.949039 0.929789 0.913462 0.899828 0.888705 0.879948 0.873445 0.869116 0.866907 0.866793 0.868772 0.872867 0.879129 0.887635 0.898493 0.911844 0.927867 0.946785 0.968873 0.994469 0.969279 0.936229 0.907473 0.882493 0.860870 0.842262 0.826389 0.813027 0.801991 0.793136 0.786348 0.781542 0.778659 0.777663 0.778544 0.781310 0.785997 0.792662 0.801387 0.812285 0.825500 0.841213 0.847036 0.834654 0.824587 0.816704 0.810905 0.807119 0.805299 0.805423 540.500000 1.108118 0.892300
0.657112 0.645744 0.636269 0.628561 0.622519 0.618066 0.615149 0.613730 0.613793 0.615339 0.618386 0.622972 0.629153 0.637008 0.646640 0.658177 0.671781 0.687650 0.706030 0.727219 0.751586 0.779586 0.811784 0.848889 0.891801 0.941670 1.000000 0.995156 0.935950 0.885406 0.841966 0.804436 0.771890 0.743596 0.718974 0.697558 0.678968 0.662899 0.649101 0.637369 0.627539 0.619478 0.613079 0.608261 0.604964 0.603149 0.602792 0.603889 0.606454 0.610518 0.616131 0.623364 0.632310 0.643088 0.655848 0.670773 0.688089 0.708075 0.731069 0.757493 0.787869 0.822847 0.863252 0.910136 0.964862 0.960541 0.908545 0.863864 0.825266 0.791796 0.762701 0.737382 0.715357 0.696239 0.679711 0.665516 0.653443 0.643323 0.635018 0.628419 0.623443 0.620026 0.618128 0.617725 0.618813 0.621404 0.625530 0.631242 0.638612 0.647735 0.658732 0.671756 0.686993 0.704674 0.725083 0.748567 0.775553 0.806573 0.842292 0.883549 0.883311 0.856269 0.832780 0.812450 0.794959 0.780044 0.767494 0.757137 0.748835 0.742482 0.738000 0.735332 0.734446 0.735332 0.738000 0.742482 0.748835 0.757137 0.767494 0.780044 0.794959 0.808850 0.777036 0.749367 0.725288 0.704353 0.686199 0.670532 3729.500000 1.059552 0.750412
0.775553 0.806573 0.842292 0.883549 0.883311 0.856269 0.832780 0.812450 0.794959 0.780044 0.767494 0.757137 0.748835 0.742482 0.738000 0.735332 0.734446 0.735332 0.738000 0.742482 0.748835 0.757137 0.767494 0.780044 0.794959 0.808850 0.777036 0.749367 0.725288 0.704353 0.686199 0.670532 0.657112 0.645744 0.636269 0.628561 0.622519 0.618066 0.615149 0.613730 0.613793 0.615339 0.618386 0.622972 0.629153 0.637008 0.646640 0.658177 0.671781 0.687650 0.706030 0.727219 0.751586 0.779586 0.811784 0.848889 0.891801 0.941670 1.000000 0.995156 0.935950 0.885406 0.841966 0.804436 0.771890 0.743596 0.718974 0.697558 0.678968 0.662899 0.649101 0.637369 0.627539 0.619478 0.613079 0.608261 0.604964 0.603149 0.602792 0.603889 0.606454 0.610518 0.616131 0.623364 0.632310 0.643088 0.655848 0.670773 0.688089 0.708075 0.731069 0.757493 0.787869 0.822847 0.863252 0.910136 0.964862 0.960541 0.908545 0.863864 0.825266 0.791796 0.762701 0.737382 0.715357 0.696239 0.679711 0.665516 0.653443 0.643323 0.635018 0.628419 0.623443 0.620026 0.618128 0.617725 0.618813 0.621404 0.625530 0.631242 0.638612 0.647735 0.658732 0.671756 0.686993 0.704674 0.725083 0.748567 3729.500000 1.059552 0.750412
0.964862 0.960541 0.908545 0.863864 0.825266 0.791796 0.762701 0.737382 0.715357 0.696239 0.679711 0.665516 0.653443 0.643323 0.635018 0.628419 0.623443 0.620026 0.618128 0.617725 0.618813 0.621404 0.625530 0.631242 0.638612 0.647735 0.658732 0.671756 0.686993 0.704674 0.725083 0.748567 0.775553 0.806573 0.842292 0.883549 0.883311 0.856269 0.832780 0.812450 0.794959 0.780044 0.767494 0.757137 0.748835 0.742482 0.738000 0.735332 0.734446 0.735332 0.738000 0.742482 0.748835 0.757137 0.767494 0.780044 0.794959 0.808850 0.777036 0.749367 0.725288 0.704353 0.686199 0.670532 0.657112 0.645744 0.636269 0.628561 0.622519 0.618066 0.615149 0.613730 0.613793 0.615339 0.618386 0.622972 0.629153 0.637008 0.646640 0.658177 0.671781 0.687650 0.706030 0.727219 0.751586 0.779586 0.811784 0.848889 0.891801 0.941670 1.000000 0.995156 0.935950 0.885406 0.841966 0.804436 0.771890 0.743596 0.718974 0.697558 0.678968 0.662899 0.649101 0.637369 0.627539 0.619478 0.613079 0.608261 0.604964 0.603149 0.602792 0.603889 0.606454 0.610518 0.616131 0.623364 0.632310 0.643088 0.655848 0.670773 0.688089 0.708075 0.731069 0.757493 0.787869 0.822847 0.863252 0.910136 3729.500000 1.059552 0.750412
0.771890 0.743596 0.718974 0.697558 0.678968 0.662899 0.649101 0.637369 0.627539 0.619478 0.613079 0.608261 0.604964 0.603149 0.602792 0.603889 0.606454 0.610518 0.616131 0.623364 0.632310 0.643088 0.655848 0.670773 0.688089 0.708075 0.731069 0.757493 0.787869 0.822847 0.863252 0.910136 0.964862 0.960541 0.908545 0.863864 0.825266 0.791796 0.762701 0.737382 0.715357 0.696239 0.679711 0.665516 0.653443 0.643323 0.635018 0.628419 0.623443 0.620026 0.618128 0.617725 0.618813 0.621404 0.625530 0.631242 0.638612 0.647735 0.658732 0.671756 0.686993 0.704674 0.725083 0.748567 0.775553 0.806573 0.842292 0.883549 0.883311 0.856269 0.832780 0.812450 0.794959 0.780044 0.767494 0.757137 0.748835 0.742482 0.738000 0.735332 0.734446 0.735332 0.738000 0.742482 0.748835 0.757137 0.767494 0.780044 0.794959 0.808850 0.777036 0.749367 0.725288 0.704353 0.686199 0.670532 0.657112 0.645744 0.636269 0.628561 0.622519 0.618066 0.615149 0.613730 0.613793 0.615339 0.618386 0.622972 0.629153 0.637008 0.646640 0.658177 0.671781 0.687650 0.706030 0.727219 0.751586 0.779586 0.811784 0.848889 0.891801 0.941670 1.000000 0.995156 0.935950 0.885406 0.841966 0.804436 3729.500000 1.059552 0.750412
0.836924 0.871438 0.911210 0.957203 0.945126 0.904936 0.870035 0.839674 0.813254 0.790292 0.770395 0.753246 0.738584 0.726199 0.715918 0.707605 0.701152 0.696479 0.693528 0.692262 0.692666 0.694746 0.686876 0.668099 0.651849 0.637872 0.625958 0.615937 0.607673 0.601057 0.596003 0.592449 0.590352 0.589684 0.590439 0.592625 0.596269 0.601417 0.608131 0.616500 0.626632 0.638667 0.652778 0.669174 0.686545 0.677227 0.669749 0.664018 0.659960 0.657525 0.656685 0.657429 0.659766 0.663724 0.669352 0.676720 0.685923 0.697083 0.710351 0.725917 0.744013 0.764925 0.789001 0.816674 0.848476 0.885075 0.927308 0.976243 1.000000 0.945943 0.899486 0.859353 0.824549 0.794293 0.767964 0.745062 0.725183 0.707998 0.693240 0.680692 0.670175 0.661548 0.654697 0.649536 0.645999 0.644044 0.639803 0.628037 0.618157 0.610031 0.603550 0.598633 0.595217 0.593262 0.592742 0.593653 0.596004 0.599824 0.605162 0.612082 0.620676 0.631056 0.643366 0.657781 0.674520 0.693848 0.716092 0.706046 0.693803 0.683596 0.675289 0.668772 0.663965 0.660807 0.659259 0.659303 0.660940 0.664189 0.669090 0.675703 0.684113 0.694429 0.706790 0.721369 0.738377 0.758077 0.780790 0.806910 1332.500000 1.336007 0.821270
0.596004 0.599824 0.605162 0.612082 0.620676 0.631056 0.643366 0.657781 0.674520 0.693848 0.716092 0.706046 0.693803 0.683596 0.675289 0.668772 0.663965 0.660807 0.659259 0.659303 0.660940 0.664189 0.669090 0.675703 0.684113 0.694429 0.706790 0.721369 0.738377 0.758077 0.780790 0.806910 0.836924 0.871438 0.911210 0.957203 0.945126 0.904936 0.870035 0.839674 0.813254 0.790292 0.770395 0.753246 0.738584 0.726199 0.715918 0.707605 0.701152 0.696479 0.693528 0.692262 0.692666 0.694746 0.686876 0.668099 0.651849 0.637872 0.625958 0.615937 0.607673 0.601057 0.596003 0.592449 0.590352 0.589684 0.590439 0.592625 0.596269 0.601417 0.608131 0.616500 0.626632 0.638667 0.652778 0.669174 0.686545 0.677227 0.669749 0.664018 0.659960 0.657525 0.656685 0.657429 0.659766 0.663724 0.669352 0.676720 0.685923 0.697083 0.710351 0.725917 0.744013 0.764925 0.789001 0.816674 0.848476 0.885075 0.927308 0.976243 1.000000 0.945943 0.899486 0.859353 0.824549 0.794293 0.767964 0.745062 0.725183 0.707998 0.693240 0.680692 0.670175 0.661548 0.654697 0.649536 0.645999 0.644044 0.639803 0.628037 0.618157 0.610031 0.603550 0.598633 0.595217 0.593262 0.592742 0.593653 1332.500000 1.336007 0.821270
0.848476 0.885075 0.927308 0.976243 1.000000 0.945943 0.899486 0.859353 0.824549 0.794293 0.767964 0.745062 0.725183 0.707998 0.693240 0.680692 0.670175 0.661548 0.654697 0.649536 0.645999 0.644044 0.639803 0.628037 0.618157 0.610031 0.603550 0.598633 0.595217 0.593262 0.592742 0.593653 0.596004 0.599824 0.605162 0.612082 0.620676 0.631056 0.643366 0.657781 0.674520 0.693848 0.716092 0.706046 0.693803 0.683596 0.675289 0.668772 0.663965 0.660807 0.659259 0.659303 0.660940 0.664189 0.669090 0.675703 0.684113 0.694429 0.706790 0.721369 0.738377 0.758077 0.780790 0.806910 0.836924 0.871438 0.911210 0.957203 0.945126 0.904936 0.870035 0.839674 0.813254 0.790292 0.770395 0.753246 0.738584 0.726199 0.715918 0.707605 0.701152 0.696479 0.693528 0.692262 0.692666 0.694746 0.686876 0.668099 0.651849 0.637872 0.625958 0.615937 0.607673 0.601057 0.596003 0.592449 0.590352 0.589684 0.590439 0.592625 0.596269 0.601417 0.608131 0.616500 0.626632 0.638667 0.652778 0.669174 0.686545 0.677227 0.669749 0.664018 0.659960 0.657525 0.656685 0.657429 0.659766 0.663724 0.669352 0.676720 0.685923 0.697083 0.710351 0.725917 0.744013 0.764925 0.789001 0.816674 1332.500000 1.336007 0.821270
0.590352 0.589684 0.590439 0.592625 0.596269 0.601417 0.608131 0.616500 0.626632 0.638667 0.652778 0.669174 0.686545 0.677227 0.669749 0.664018 0.659960 0.657525 0.656685 0.657429 0.659766 0.663724 0.669352 0.676720 0.685923 0.697083 0.710351 0.725917 0.744013 0.764925 0.789001 0.816674 0.848476 0.885075 0.927308 0.976243 1.000000 0.945943 0.899486 0.859353 0.824549 0.794293 0.767964 0.745062 0.725183 0.707998 0.693240 0.680692 0.670175 0.661548 0.654697 0.649536 0.645999 0.644044 0.639803 0.628037 0.618157 0.610031 0.603550 0.598633 0.595217 0.593262 0.592742 0.593653 0.596004 0.599824 0.605162 0.612082 0.620676 0.631056 0.643366 0.657781 0.674520 0.693848 0.716092 0.706046 0.693803 0.683596 0.675289 0.668772 0.663965 0.660807 0.659259 0.659303 0.660940 0.664189 0.669090 0.675703 0.684113 0.694429 0.706790 0.721369 0.738377 0.758077 0.780790 0.806910 0.836924 0.871438 0.911210 0.957203 0.945126 0.904936 0.870035 0.839674 0.813254 0.790292 0.770395 0.753246 0.738584 0.726199 0.715918 0.707605 0.701152 0.696479 0.693528 0.692262 0.692666 0.694746 0.686876 0.668099 0.651849 0.637872 0.625958 0.615937 0.607673 0.601057 0.596003 0.592449 1332.500000 1.336007 0.821270
0.889118 0.861960 0.838371 0.817958 0.800397 0.785427 0.772834 0.762447 0.754127 0.747770 0.743294 0.740645 0.739791 0.740721 0.743447 0.748002 0.754441 0.762846 0.729488 0.697877 0.670441 0.646579 0.625813 0.607758 0.592102 0.578591 0.567018 0.557216 0.549047 0.542401 0.537194 0.533358 0.530846 0.529628 0.528943 0.525494 0.523343 0.522462 0.522842 0.524486 0.527416 0.531667 0.537292 0.544362 0.552971 0.563235 0.575300 0.589343 0.605585 0.624294 0.645802 0.670517 0.698950 0.731741 0.769707 0.813896 0.865681 0.926888 1.000000 0.977421 0.947779 0.922037 0.899767 0.880619 0.864308 0.850602 0.839314 0.830296 0.823432 0.818637 0.815851 0.815041 0.816198 0.819334 0.824488 0.785432 0.749524 0.718410 0.691376 0.667853 0.647387 0.629609 0.614222 0.600982 0.589692 0.580190 0.572346 0.566057 0.561242 0.557841 0.555812 0.555130 0.555787 0.556280 0.552922 0.550923 0.550259 0.550923 0.552922 0.556280 0.561040 0.567259 0.575019 0.584422 0.595596 0.608701 0.623933 0.632155 0.633174 0.635729 0.639854 0.645597 0.653032 0.662255 0.673387 0.686582 0.702030 0.719963 0.740667 0.764494 0.791876 0.823349 0.859584 0.901427 0.949958 0.997488 0.956205 0.920332 973.000000 1.389660 0.799300
0.550259 0.550923 0.552922 0.556280 0.561040 0.567259 0.575019 0.584422 0.595596 0.608701 0.623933 0.632155 0.633174 0.635729 0.639854 0.645597 0.653032 0.662255 0.673387 0.686582 0.702030 0.719963 0.740667 0.764494 0.791876 0.823349 0.859584 0.901427 0.949958 0.997488 0.956205 0.920332 0.889118 0.861960 0.838371 0.817958 0.800397 0.785427 0.772834 0.762447 0.754127 0.747770 0.743294 0.740645 0.739791 0.740721 0.743447 0.748002 0.754441 0.762846 0.729488 0.697877 0.670441 0.646579 0.625813 0.607758 0.592102 0.578591 0.567018 0.557216 0.549047 0.542401 0.537194 0.533358 0.530846 0.529628 0.528943 0.525494 0.523343 0.522462 0.522842 0.524486 0.527416 0.531667 0.537292 0.544362 0.552971 0.563235 0.575300 0.589343 0.605585 0.624294 0.645802 0.670517 0.698950 0.731741 0.769707 0.813896 0.865681 0.926888 1.000000 0.977421 0.947779 0.922037 0.899767 0.880619 0.864308 0.850602 0.839314 0.830296 0.823432 0.818637 0.815851 0.815041 0.816198 0.819334 0.824488 0.785432 0.749524 0.718410 0.691376 0.667853 0.647387 0.629609 0.614222 0.600982 0.589692 0.580190 0.572346 0.566057 0.561242 0.557841 0.555812 0.555130 0.555787 0.556280 0.552922 0.550923 973.000000 1.389660 0.799300
0.864308 0.850602 0.839314 0.830296 0.823432 0.818637 0.815851 0.815041 0.816198 0.819334 0.824488 0.785432 0.749524 0.718410 0.691376 0.667853 0.647387 0.629609 0.614222 0.600982 0.589692 0.580190 0.572346 0.566057 0.561242 0.557841 0.555812 0.555130 0.555787 0.556280 0.552922 0.550923 0.550259 0.550923 0.552922 0.556280 0.561040 0.567259 0.575019 0.584422 0.595596 0.608701 0.623933 0.632155 0.633174 0.635729 0.639854 0.645597 0.653032 0.662255 0.673387 0.686582 0.702030 0.719963 0.740667 0.764494 0.791876 0.823349 0.859584 0.901427 0.949958 0.997488 0.956205 0.920332 0.889118 0.861960 0.838371 0.817958 0.800397 0.785427 0.772834 0.762447 0.754127 0.747770 0.743294 0.740645 0.739791 0.740721 0.743447 0.748002 0.754441 0.762846 0.729488 0.697877 0.670441 0.646579 0.625813 0.607758 0.592102 0.578591 0.567018 0.557216 0.549047 0.542401 0.537194 0.533358 0.530846 0.529628 0.528943 0.525494 0.523343 0.522462 0.522842 0.524486 0.527416 0.531667 0.537292 0.544362 0.552971 0.563235 0.575300 0.589343 0.605585 0.624294 0.645802 0.670517 0.698950 0.731741 0.769707 0.813896 0.865681 0.926888 1.000000 0.977421 0.947779 0.922037 0.899767 0.880619 973.000000 1.389660 0.799300
0.530846 0.529628 0.528943 0.525494 0.523343 0.522462 0.522842 0.524486 0.527416 0.531667 0.537292 0.544362 0.552971 0.563235 0.575300 0.589343 0.605585 0.624294 0.645802 0.670517 0.698950 0.731741 0.769707 0.813896 0.865681 0.926888 1.000000 0.977421 0.947779 0.922037 0.899767 0.880619 0.864308 0.850602 0.839314 0.830296 0.823432 0.818637 0.815851 0.815041 0.816198 0.819334 0.824488 0.785432 0.749524 0.718410 0.691376 0.667853 0.647387 0.629609 0.614222 0.600982 0.589692 0.580190 0.572346 0.566057 0.561242 0.557841 0.555812 0.555130 0.555787 0.556280 0.552922 0.550923 0.550259 0.550923 0.552922 0.556280 0.561040 0.567259 0.575019 0.584422 0.595596 0.608701 0.623933 0.632155 0.633174 0.635729 0.639854 0.645597 0.653032 0.662255 0.673387 0.686582 0.702030 0.719963 0.740667 0.764494 0.791876 0.823349 0.859584 0.901427 0.949958 0.997488 0.956205 0.920332 0.889118 0.861960 0.838371 0.817958 0.800397 0.785427 0.772834 0.762447 0.754127 0.747770 0.743294 0.740645 0.739791 0.740721 0.743447 0.748002 0.754441 0.762846 0.729488 0.697877 0.670441 0.646579 0.625813 0.607758 0.592102 0.578591 0.567018 0.557216 0.549047 0.542401 0.537194 0.533358 973.000000 1.389660 0.799300
0.894850 0.868500 0.845637 0.825886 0.808940 0.794551 0.782518 0.772677 0.764901 0.759090 0.755172 0.753099 0.752846 0.754411 0.757811 0.763089 0.770310 0.779564 0.790972 0.804687 0.813934 0.800819 0.789992 0.781312 0.774666 0.769971 0.767171 0.766229 0.767136 0.769902 0.774561 0.781169 0.789811 0.800596 0.813667 0.829203 0.847425 0.868605 0.885500 0.859639 0.837206 0.817833 0.801224 0.787134 0.775366 0.765764 0.758200 0.752579 0.748832 0.746913 0.746798 0.748485 0.742279 0.733309 0.726281 0.721108 0.717725 0.716090 0.716185 0.718009 0.721585 0.726958 0.734193 0.743382 0.754645 0.768134 0.784037 0.802587 0.824069 0.848834 0.877312 0.910036 0.947668 0.991036 0.992357 0.954120 0.920857 0.891911 0.866753 0.844956 0.826170 0.810110 0.796545 0.785287 0.776187 0.769127 0.764018 0.760798 0.759426 0.759887 0.762185 0.766350 0.772431 0.780505 0.790674 0.803072 0.803816 0.782810 0.764669 0.749114 0.735916 0.724892 0.715892 0.708800 0.703525 0.700001 0.698187 0.698059 0.699616 0.701094 0.702887 0.706394 0.711660 0.718749 0.727752 0.738786 0.751999 0.767576 0.785745 0.806786 0.831041 0.858934 0.890985 0.927843 0.970320 1.000000 0.959960 0.925147 560.500000 1.052802 0.860591
0.803816 0.782810 0.764669 0.749114 0.735916 0.724892 0.715892 0.708800 0.703525 0.700001 0.698187 0.698059 0.699616 0.701094 0.702887 0.706394 0.711660 0.718749 0.727752 0.738786 0.751999 0.767576 0.785745 0.806786 0.831041 0.858934 0.890985 0.927843 0.970320 1.000000 0.959960 0.925147 0.894850 0.868500 0.845637 0.825886 0.808940 0.794551 0.782518 0.772677 0.764901 0.759090 0.755172 0.753099 0.752846 0.754411 0.757811 0.763089 0.770310 0.779564 0.790972 0.804687 0.813934 0.800819 0.789992 0.781312 0.774666 0.769971 0.767171 0.766229 0.767136 0.769902 0.774561 0.781169 0.789811 0.800596 0.813667 0.829203 0.847425 0.868605 0.885500 0.859639 0.837206 0.817833 0.801224 0.787134 0.775366 0.765764 0.758200 0.752579 0.748832 0.746913 0.746798 0.748485 0.742279 0.733309 0.726281 0.721108 0.717725 0.716090 0.716185 0.718009 0.721585 0.726958 0.734193 0.743382 0.754645 0.768134 0.784037 0.802587 0.824069 0.848834 0.877312 0.910036 0.947668 0.991036 0.992357 0.954120 0.920857 0.891911 0.866753 0.844956 0.826170 0.810110 0.796545 0.785287 0.776187 0.769127 0.764018 0.760798 0.759426 0.759887 0.762185 0.766350 0.772431 0.780505 0.790674 0.803072 560.500000 1.052802 0.860591
0.754645 0.768134 0.784037 0.802587 0.824069 0.848834 0.877312 0.910036 0.947668 0.991036 0.992357 0.954120 0.920857 0.891911 0.866753 0.844956 0.826170 0.810110 0.796545 0.785287 0.776187 0.769127 0.764018 0.760798 0.759426 0.759887 0.762185 0.766350 0.772431 0.780505 0.790674 0.803072 0.803816 0.782810 0.764669 0.749114 0.735916 0.724892 0.715892 0.708800 0.703525 0.700001 0.698187 0.698059 0.699616 0.701094 0.702887 0.706394 0.711660 0.718749 0.727752 0.738786 0.751999 0.767576 0.785745 0.806786 0.831041 0.858934 0.890985 0.927843 0.970320 1.000000 0.959960 0.925147 0.894850 0.868500 0.845637 0.825886 0.808940 0.794551 0.782518 0.772677 0.764901 0.759090 0.755172 0.753099 0.752846 0.754411 0.757811 0.763089 0.770310 0.779564 0.790972 0.804687 0.813934 0.800819 0.789992 0.781312 0.774666 0.769971 0.767171 0.766229 0.767136 0.769902 0.774561 0.781169 0.789811 0.800596 0.813667 0.829203 0.847425 0.868605 0.885500 0.859639 0.837206 0.817833 0.801224 0.787134 0.775366 0.765764 0.758200 0.752579 0.748832 0.746913 0.746798 0.748485 0.742279 0.733309 0.726281 0.721108 0.717725 0.716090 0.716185 0.718009 0.721585 0.726958 0.734193 0.743382 560.500000 1.052802 0.860591
0.789811 0.800596 0.813667 0.829203 0.847425 0.868605 0.885500 0.859639 0.837206 0.817833 0.801224 0.787134 0.775366 0.765764 0.758200 0.752579 0.748832 0.746913 0.746798 0.748485 0.742279 0.733309 0.726281 0.721108 0.717725 0.716090 0.716185 0.718009 0.721585 0.726958 0.734193 0.743382 0.754645 0.768134 0.784037 0.802587 0.824069 0.848834 0.877312 0.910036 0.947668 0.991036 0.992357 0.954120 0.920857 0.891911 0.866753 0.844956 0.826170 0.810110 0.796545 0.785287 0.776187 0.769127 0.764018 0.760798 0.759426 0.759887 0.762185 0.766350 0.772431 0.780505 0.790674 0.803072 0.803816 0.782810 0.764669 0.749114 0.735916 0.724892 0.715892 0.708800 0.703525 0.700001 0.698187 0.698059 0.699616 0.701094 0.702887 0.706394 0.711660 0.718749 0.727752 0.738786 0.751999 0.767576 0.785745 0.806786 0.831041 0.858934 0.890985 0.927843 0.970320 1.000000 0.959960 0.925147 0.894850 0.868500 0.845637 0.825886 0.808940 0.794551 0.782518 0.772677 0.764901 0.759090 0.755172 0.753099 0.752846 0.754411 0.757811 0.763089 0.770310 0.779564 0.790972 0.804687 0.813934 0.800819 0.789992 0.781312 0.774666 0.769971 0.767171 0.766229 0.767136 0.769902 0.774561 0.781169 560.500000 1.052802 0.860591
0.885957 0.943865 1.000000 0.947628 0.902535 0.863524 0.829662 0.800210 0.774580 0.752297 0.732976 0.716305 0.702030 0.689942 0.679873 0.671689 0.665283 0.660575 0.657506 0.643186 0.618529 0.597077 0.578411 0.562190 0.548138 0.536031 0.525686 0.516955 0.509718 0.503877 0.499358 0.496104 0.494074 0.493244 0.493605 0.495160 0.497927 0.501942 0.507255 0.513932 0.522062 0.531754 0.541204 0.541485 0.543074 0.545993 0.550276 0.555976 0.563167 0.571942 0.582420 0.594749 0.609111 0.625727 0.644873 0.666885 0.692179 0.721273 0.754819 0.793643 0.838808 0.891700 0.954166 0.959097 0.913733 0.874478 0.840399 0.810756 0.784959 0.762534 0.743095 0.726328 0.711979 0.699840 0.689741 0.681548 0.675155 0.670480 0.667467 0.666079 0.666298 0.668127 0.671589 0.676725 0.673809 0.648994 0.627399 0.608615 0.592307 0.578208 0.566096 0.555793 0.547153 0.540058 0.534416 0.530155 0.527221 0.525578 0.525208 0.526104 0.528278 0.531756 0.536582 0.542816 0.550538 0.559852 0.570679 0.565922 0.562587 0.560634 0.560040 0.560796 0.562912 0.566414 0.571344 0.577766 0.585760 0.595434 0.606919 0.620380 0.636018 0.654082 0.674875 0.698772 0.726237 0.757851 0.794342 0.836643 3652.500000 1.523560 0.771330
0.527221 0.525578 0.525208 0.526104 0.528278 0.531756 0.536582 0.542816 0.550538 0.559852 0.570679 0.565922 0.562587 0.560634 0.560040 0.560796 0.562912 0.566414 0.571344 0.577766 0.585760 0.595434 0.606919 0.620380 0.636018 0.654082 0.674875 0.698772 0.726237 0.757851 0.794342 0.836643 0.885957 0.943865 1.000000 0.947628 0.902535 0.863524 0.829662 0.800210 0.774580 0.752297 0.732976 0.716305 0.702030 0.689942 0.679873 0.671689 0.665283 0.660575 0.657506 0.643186 0.618529 0.597077 0.578411 0.562190 0.548138 0.536031 0.525686 0.516955 0.509718 0.503877 0.499358 0.496104 0.494074 0.493244 0.493605 0.495160 0.497927 0.501942 0.507255 0.513932 0.522062 0.531754 0.541204 0.541485 0.543074 0.545993 0.550276 0.555976 0.563167 0.571942 0.582420 0.594749 0.609111 0.625727 0.644873 0.666885 0.692179 0.721273 0.754819 0.793643 0.838808 0.891700 0.954166 0.959097 0.913733 0.874478 0.840399 0.810756 0.784959 0.762534 0.743095 0.726328 0.711979 0.699840 0.689741 0.681548 0.675155 0.670480 0.667467 0.666079 0.666298 0.668127 0.671589 0.676725 0.673809 0.648994 0.627399 0.608615 0.592307 0.578208 0.566096 0.555793 0.547153 0.540058 0.534416 0.530155 3652.500000 1.523560 0.771330
0.913733 0.874478 0.840399 0.810756 0.784959 0.762534 0.743095 0.726328 0.711979 0.699840 0.689741 0.681548 0.675155 0.670480 0.667467 0.666079 0.666298 0.668127 0.671589 0.676725 0.673809 0.648994 0.627399 0.608615 0.592307 0.578208 0.566096 0.555793 0.547153 0.540058 0.534416 0.530155 0.527221 0.525578 0.525208 0.526104 0.528278 0.531756 0.536582 0.542816 0.550538 0.559852 0.570679 0.565922 0.562587 0.560634 0.560040 0.560796 0.562912 0.566414 0.571344 0.577766 0.585760 0.595434 0.606919 0.620380 0.636018 0.654082 0.674875 0.698772 0.726237 0.757851 0.794342 0.836643 0.885957 0.943865 1.000000 0.947628 0.902535 0.863524 0.829662 0.800210 0.774580 0.752297 0.732976 0.716305 0.702030 0.689942 0.679873 0.671689 0.665283 0.660575 0.657506 0.643186 0.618529 0.597077 0.578411 0.562190 0.548138 0.536031 0.525686 0.516955 0.509718 0.503877 0.499358 0.496104 0.494074 0.493244 0.493605 0.495160 0.497927 0.501942 0.507255 0.513932 0.522062 0.531754 0.541204 0.541485 0.543074 0.545993 0.550276 0.555976 0.563167 0.571942 0.582420 0.594749 0.609111 0.625727 0.644873 0.666885 0.692179 0.721273 0.754819 0.793643 0.838808 0.891700 0.954166 0.959097 3652.500000 1.523560 0.771330
0.494074 0.493244 0.493605 0.495160 0.497927 0.501942 0.507255 0.513932 0.522062 0.531754 0.541204 0.541485 0.543074 0.545993 0.550276 0.555976 0.563167 0.571942 0.582420 0.594749 0.609111 0.625727 0.644873 0.666885 0.692179 0.721273 0.754819 0.793643 0.838808 0.891700 0.954166 0.959097 0.913733 0.874478 0.840399 0.810756 0.784959 0.762534 0.743095 0.726328 0.711979 0.699840 0.689741 0.681548 0.675155 0.670480 0.667467 0.666079 0.666298 0.668127 0.671589 0.676725 0.673809 0.648994 0.627399 0.608615 0.592307 0.578208 0.566096 0.555793 0.547153 0.540058 0.534416 0.530155 0.527221 0.525578 0.525208 0.526104 0.528278 0.531756 0.536582 0.542816 0.550538 0.559852 0.570679 0.565922 0.562587 0.560634 0.560040 0.560796 0.562912 0.566414 0.571344 0.577766 0.585760 0.595434 0.606919 0.620380 0.636018 0.654082 0.674875 0.698772 0.726237 0.757851 0.794342 0.836643 0.885957 0.943865 1.000000 0.947628 0.902535 0.863524 0.829662 0.800210 0.774580 0.752297 0.732976 0.716305 0.702030 0.689942 0.679873 0.671689 0.665283 0.660575 0.657506 0.643186 0.618529 0.597077 0.578411 0.562190 0.548138 0.536031 0.525686 0.516955 0.509718 0.503877 0.499358 0.496104 3652.500000 1.523560 0.771330
0.527039 0.535568 0.545713 0.557620 0.571466 0.587467 0.594939 0.595747 0.597999 0.601723 0.606965 0.613791 0.622289 0.632570 0.644777 0.659083 0.675702 0.694899 0.716997 0.742393 0.771582 0.805179 0.843960 0.888916 0.941327 1.000000 0.939134 0.887267 0.842753 0.804337 0.771048 0.742121 0.716951 0.695052 0.676031 0.659570 0.645410 0.633339 0.623184 0.614808 0.608100 0.602973 0.599364 0.597228 0.596539 0.597290 0.599488 0.603160 0.608353 0.615130 0.623580 0.633813 0.634641 0.620281 0.607989 0.597587 0.588929 0.581900 0.576410 0.572388 0.569785 0.568569 0.568725 0.570256 0.573180 0.577532 0.583367 0.590759 0.599804 0.610624 0.623371 0.638232 0.655436 0.675266 0.698067 0.724267 0.754399 0.762950 0.745316 0.730198 0.717376 0.706669 0.697933 0.691056 0.685949 0.682549 0.680815 0.680725 0.682279 0.685495 0.690413 0.697093 0.705620 0.716106 0.728689 0.743546 0.760892 0.780993 0.804176 0.830839 0.861478 0.896706 0.912832 0.850951 0.798729 0.754258 0.716112 0.683205 0.654698 0.629931 0.608382 0.589632 0.573343 0.559241 0.547102 0.536745 0.528021 0.520810 0.515018 0.510570 0.507410 0.505499 0.504814 0.505347 0.507104 0.510106 0.514390 0.520011 2043.000000 1.379520 0.774946
0.760892 0.780993 0.804176 0.830839 0.861478 0.896706 0.912832 0.850951 0.798729 0.754258 0.716112 0.683205 0.654698 0.629931 0.608382 0.589632 0.573343 0.559241 0.547102 0.536745 0.528021 0.520810 0.515018 0.510570 0.507410 0.505499 0.504814 0.505347 0.507104 0.510106 0.514390 0.520011 0.527039 0.535568 0.545713 0.557620 0.571466 0.587467 0.594939 0.595747 0.597999 0.601723 0.606965 0.613791 0.622289 0.632570 0.644777 0.659083 0.675702 0.694899 0.716997 0.742393 0.771582 0.805179 0.843960 0.888916 0.941327 1.000000 0.939134 0.887267 0.842753 0.804337 0.771048 0.742121 0.716951 0.695052 0.676031 0.659570 0.645410 0.633339 0.623184 0.614808 0.608100 0.602973 0.599364 0.597228 0.596539 0.597290 0.599488 0.603160 0.608353 0.615130 0.623580 0.633813 0.634641 0.620281 0.607989 0.597587 0.588929 0.581900 0.576410 0.572388 0.569785 0.568569 0.568725 0.570256 0.573180 0.577532 0.583367 0.590759 0.599804 0.610624 0.623371 0.638232 0.655436 0.675266 0.698067 0.724267 0.754399 0.762950 0.745316 0.730198 0.717376 0.706669 0.697933 0.691056 0.685949 0.682549 0.680815 0.680725 0.682279 0.685495 0.690413 0.697093 0.705620 0.716106 0.728689 0.743546 2043.000000 1.379520 0.774946
0.573180 0.577532 0.583367 0.590759 0.599804 0.610624 0.623371 0.638232 0.655436 0.675266 0.698067 0.724267 0.754399 0.762950 0.745316 0.730198 0.717376 0.706669 0.697933 0.691056 0.685949 0.682549 0.680815 0.680725 0.682279 0.685495 0.690413 0.697093 0.705620 0.716106 0.728689 0.743546 0.760892 0.780993 0.804176 0.830839 0.861478 0.896706 0.912832 0.850951 0.798729 0.754258 0.716112 0.683205 0.654698 0.629931 0.608382 0.589632 0.573343 0.559241 0.547102 0.536745 0.528021 0.520810 0.515018 0.510570 0.507410 0.505499 0.504814 0.505347 0.507104 0.510106 0.514390 0.520011 0.527039 0.535568 0.545713 0.557620 0.571466 0.587467 0.594939 0.595747 0.597999 0.601723 0.606965 0.613791 0.622289 0.632570 0.644777 0.659083 0.675702 0.694899 0.716997 0.742393 0.771582 0.805179 0.843960 0.888916 0.941327 1.000000 0.939134 0.887267 0.842753 0.804337 0.771048 0.742121 0.716951 0.695052 0.676031 0.659570 0.645410 0.633339 0.623184 0.614808 0.608100 0.602973 0.599364 0.597228 0.596539 0.597290 0.599488 0.603160 0.608353 0.615130 0.623580 0.633813 0.634641 0.620281 0.607989 0.597587 0.588929 0.581900 0.576410 0.572388 0.569785 0.568569 0.568725 0.570256 2043.000000 1.379520 0.774946
0.716951 0.695052 0.676031 0.659570 0.645410 0.633339 0.623184 0.614808 0.608100 0.602973 0.599364 0.597228 0.596539 0.597290 0.599488 0.603160 0.608353 0.615130 0.623580 0.633813 0.634641 0.620281 0.607989 0.597587 0.588929 0.581900 0.576410 0.572388 0.569785 0.568569 0.568725 0.570256 0.573180 0.577532 0.583367 0.590759 0.599804 0.610624 0.623371 0.638232 0.655436 0.675266 0.698067 0.724267 0.754399 0.762950 0.745316 0.730198 0.717376 0.706669 0.697933 0.691056 0.685949 0.682549 0.680815 0.680725 0.682279 0.685495 0.690413 0.697093 0.705620 0.716106 0.728689 0.743546 0.760892 0.780993 0.804176 0.830839 0.861478 0.896706 0.912832 0.850951 0.798729 0.754258 0.716112 0.683205 0.654698 0.629931 0.608382 0.589632 0.573343 0.559241 0.547102 0.536745 0.528021 0.520810 0.515018 0.510570 0.507410 0.505499 0.504814 0.505347 0.507104 0.510106 0.514390 0.520011 0.527039 0.535568 0.545713 0.557620 0.571466 0.587467 0.594939 0.595747 0.597999 0.601723 0.606965 0.613791 0.622289 0.632570 0.644777 0.659083 0.675702 0.694899 0.716997 0.742393 0.771582 0.805179 0.843960 0.888916 0.941327 1.000000 0.939134 0.887267 0.842753 0.804337 0.771048 0.742121 2043.000000 1.379520 0.774946
0.680998 0.661920 0.645394 0.631157 0.618994 0.608729 0.600221 0.593358 0.588051 0.584233 0.581856 0.580893 0.581331 0.583176 0.586449 0.591192 0.597464 0.605344 0.614935 0.626369 0.639807 0.655447 0.673535 0.694369 0.718320 0.745842 0.777505 0.814024 0.856307 0.905525 0.963207 1.000000 0.940806 0.890254 0.846793 0.809237 0.776662 0.748341 0.723695 0.702259 0.683655 0.667579 0.653780 0.642055 0.632240 0.624201 0.617835 0.613058 0.609813 0.608059 0.607775 0.608958 0.611622 0.615799 0.621541 0.628921 0.638033 0.649000 0.661974 0.677141 0.694732 0.715030 0.738383 0.765218 0.762773 0.732472 0.706122 0.683191 0.663249 0.645951 0.631014 0.618208 0.607345 0.598274 0.590872 0.585044 0.580714 0.577830 0.576356 0.576275 0.577585 0.580301 0.584459 0.590108 0.597320 0.606189 0.616834 0.629403 0.644079 0.661086 0.680700 0.703260 0.729183 0.758988 0.793327 0.833022 0.879128 0.933017 0.996500 0.989728 0.931726 0.882153 0.839510 0.802643 0.770657 0.742843 0.718638 0.697588 0.679326 0.663554 0.650028 0.638550 0.628959 0.621126 0.614949 0.610350 0.607271 0.605675 0.605542 0.606871 0.609678 0.613996 0.619881 0.627405 0.636667 0.647791 0.660931 0.676277 6380.000000 1.379617 0.738951
0.879128 0.933017 0.996500 0.989728 0.931726 0.882153 0.839510 0.802643 0.770657 0.742843 0.718638 0.697588 0.679326 0.663554 0.650028 0.638550 0.628959 0.621126 0.614949 0.610350 0.607271 0.605675 0.605542 0.606871 0.609678 0.613996 0.619881 0.627405 0.636667 0.647791 0.660931 0.676277 0.680998 0.661920 0.645394 0.631157 0.618994 0.608729 0.600221 0.593358 0.588051 0.584233 0.581856 0.580893 0.581331 0.583176 0.586449 0.591192 0.597464 0.605344 0.614935 0.626369 0.639807 0.655447 0.673535 0.694369 0.718320 0.745842 0.777505 0.814024 0.856307 0.905525 0.963207 1.000000 0.940806 0.890254 0.846793 0.809237 0.776662 0.748341 0.723695 0.702259 0.683655 0.667579 0.653780 0.642055 0.632240 0.624201 0.617835 0.613058 0.609813 0.608059 0.607775 0.608958 0.611622 0.615799 0.621541 0.628921 0.638033 0.649000 0.661974 0.677141 0.694732 0.715030 0.738383 0.765218 0.762773 0.732472 0.706122 0.683191 0.663249 0.645951 0.631014 0.618208 0.607345 0.598274 0.590872 0.585044 0.580714 0.577830 0.576356 0.576275 0.577585 0.580301 0.584459 0.590108 0.597320 0.606189 0.616834 0.629403 0.644079 0.661086 0.680700 0.703260 0.729183 0.758988 0.793327 0.833022 6380.000000 1.379617 0.738951
0.762773 0.732472 0.706122 0.683191 0.663249 0.645951 0.631014 0.618208 0.607345 0.598274 0.590872 0.585044 0.580714 0.577830 0.576356 0.576275 0.577585 0.580301 0.584459 0.590108 0.597320 0.606189 0.616834 0.629403 0.644079 0.661086 0.680700 0.703260 0.729183 0.758988 0.793327 0.833022 0.879128 0.933017 0.996500 0.989728 0.931726 0.882153 0.839510 0.802643 0.770657 0.742843 0.718638 0.697588 0.679326 0.663554 0.650028 0.638550 0.628959 0.621126 0.614949 0.610350 0.607271 0.605675 0.605542 0.606871 0.609678 0.613996 0.619881 0.627405 0.636667 0.647791 0.660931 0.676277 0.680998 0.661920 0.645394 0.631157 0.618994 0.608729 0.600221 0.593358 0.588051 0.584233 0.581856 0.580893 0.581331 0.583176 0.586449 0.591192 0.597464 0.605344 0.614935 0.626369 0.639807 0.655447 0.673535 0.694369 0.718320 0.745842 0.777505 0.814024 0.856307 0.905525 0.963207 1.000000 0.940806 0.890254 0.846793 0.809237 0.776662 0.748341 0.723695 0.702259 0.683655 0.667579 0.653780 0.642055 0.632240 0.624201 0.617835 0.613058 0.609813 0.608059 0.607775 0.608958 0.611622 0.615799 0.621541 0.628921 0.638033 0.649000 0.661974 0.677141 0.694732 0.715030 0.738383 0.765218 6380.000000 1.379617 0.738951
0.940806 0.890254 0.846793 0.809237 0.776662 0.748341 0.723695 0.702259 0.683655 0.667579 0.653780 0.642055 0.632240 0.624201 0.617835 0.613058 0.609813 0.608059 0.607775 0.608958 0.611622 0.615799 0.621541 0.628921 0.638033 0.649000 0.661974 0.677141 0.694732 0.715030 0.738383 0.765218 0.762773 0.732472 0.706122 0.683191 0.663249 0.645951 0.631014 0.618208 0.607345 0.598274 0.590872 0.585044 0.580714 0.577830 0.576356 0.576275 0.577585 0.580301 0.584459 0.590108 0.597320 0.606189 0.616834 0.629403 0.644079 0.661086 0.680700 0.703260 0.729183 0.758988 0.793327 0.833022 0.879128 0.933017 0.996500 0.989728 0.931726 0.882153 0.839510 0.802643 0.770657 0.742843 0.718638 0.697588 0.679326 0.663554 0.650028 0.638550 0.628959 0.621126 0.614949 0.610350 0.607271 0.605675 0.605542 0.606871 0.609678 0.613996 0.619881 0.627405 0.636667 0.647791 0.660931 0.676277 0.680998 0.661920 0.645394 0.631157 0.618994 0.608729 0.600221 0.593358 0.588051 0.584233 0.581856 0.580893 0.581331 0.583176 0.586449 0.591192 0.597464 0.605344 0.614935 0.626369 0.639807 0.655447 0.673535 0.694369 0.718320 0.745842 0.777505 0.814024 0.856307 0.905525 0.963207 1.000000 6380.000000 1.379617 0.738951
0.870327 0.907381 0.950121 0.944342 0.905572 0.871877 0.842557 0.817049 0.794898 0.775737 0.759263 0.745233 0.733447 0.723744 0.715997 0.700395 0.685879 0.673542 0.663210 0.654744 0.648032 0.642991 0.639556 0.637685 0.637357 0.638566 0.641328 0.645676 0.651664 0.659368 0.668887 0.680347 0.693908 0.709765 0.728159 0.744989 0.739913 0.736669 0.735216 0.735537 0.737637 0.741540 0.747294 0.754971 0.764669 0.776515 0.790668 0.807328 0.826739 0.849203 0.875089 0.904851 0.939050 0.978386 1.000000 0.941517 0.891526 0.848517 0.811332 0.779067 0.751010 0.726593 0.705360 0.686940 0.671033 0.657394 0.645824 0.636160 0.628272 0.622057 0.617437 0.614354 0.612771 0.612668 0.613007 0.613402 0.615281 0.618666 0.623599 0.630142 0.638378 0.648414 0.660388 0.674467 0.690861 0.709824 0.731670 0.756784 0.785644 0.818843 0.857127 0.901445 0.953017 0.996488 0.945227 0.901047 0.862797 0.829580 0.800684 0.775538 0.753684 0.734749 0.718430 0.704481 0.692701 0.682926 0.675027 0.668901 0.664472 0.661685 0.660505 0.660920 0.662932 0.666568 0.671872 0.677641 0.679837 0.683701 0.689278 0.696640 0.705879 0.717117 0.730508 0.746239 0.764546 0.785714 0.810095 0.838121 17298.500000 1.090336 0.782130
0.862797 0.829580 0.800684 0.775538 0.753684 0.734749 0.718430 0.704481 0.692701 0.682926 0.675027 0.668901 0.664472 0.661685 0.660505 0.660920 0.662932 0.666568 0.671872 0.677641 0.679837 0.683701 0.689278 0.696640 0.705879 0.717117 0.730508 0.746239 0.764546 0.785714 0.810095 0.838121 0.870327 0.907381 0.950121 0.944342 0.905572 0.871877 0.842557 0.817049 0.794898 0.775737 0.759263 0.745233 0.733447 0.723744 0.715997 0.700395 0.685879 0.673542 0.663210 0.654744 0.648032 0.642991 0.639556 0.637685 0.637357 0.638566 0.641328 0.645676 0.651664 0.659368 0.668887 0.680347 0.693908 0.709765 0.728159 0.744989 0.739913 0.736669 0.735216 0.735537 0.737637 0.741540 0.747294 0.754971 0.764669 0.776515 0.790668 0.807328 0.826739 0.849203 0.875089 0.904851 0.939050 0.978386 1.000000 0.941517 0.891526 0.848517 0.811332 0.779067 0.751010 0.726593 0.705360 0.686940 0.671033 0.657394 0.645824 0.636160 0.628272 0.622057 0.617437 0.614354 0.612771 0.612668 0.613007 0.613402 0.615281 0.618666 0.623599 0.630142 0.638378 0.648414 0.660388 0.674467 0.690861 0.709824 0.731670 0.756784 0.785644 0.818843 0.857127 0.901445 0.953017 0.996488 0.945227 0.901047 17298.500000 1.090336 0.782130
0.671033 0.657394 0.645824 0.636160 0.628272 0.622057 0.617437 0.614354 0.612771 0.612668 0.613007 0.613402 0.615281 0.618666 0.623599 0.630142 0.638378 0.648414 0.660388 0.674467 0.690861 0.709824 0.731670 0.756784 0.785644 0.818843 0.857127 0.901445 0.953017 0.996488 0.945227 0.901047 0.862797 0.829580 0.800684 0.775538 0.753684 0.734749 0.718430 0.704481 0.692701 0.682926 0.675027 0.668901 0.664472 0.661685 0.660505 0.660920 0.662932 0.666568 0.671872 0.677641 0.679837 0.683701 0.689278 0.696640 0.705879 0.717117 0.730508 0.746239 0.764546 0.785714 0.810095 0.838121 0.870327 0.907381 0.950121 0.944342 0.905572 0.871877 0.842557 0.817049 0.794898 0.775737 0.759263 0.745233 0.733447 0.723744 0.715997 0.700395 0.685879 0.673542 0.663210 0.654744 0.648032 0.642991 0.639556 0.637685 0.637357 0.638566 0.641328 0.645676 0.651664 0.659368 0.668887 0.680347 0.693908 0.709765 0.728159 0.744989 0.739913 0.736669 0.735216 0.735537 0.737637 0.741540 0.747294 0.754971 0.764669 0.776515 0.790668 0.807328 0.826739 0.849203 0.875089 0.904851 0.939050 0.978386 1.000000 0.941517 0.891526 0.848517 0.811332 0.779067 0.751010 0.726593 0.705360 0.686940 17298.500000 1.090336 0.782130
0.693908 0.709765 0.728159 0.744989 0.739913 0.736669 0.735216 0.735537 0.737637 0.741540 0.747294 0.754971 0.764669 0.776515 0.790668 0.807328 0.826739 0.849203 0.875089 0.904851 0.939050 0.978386 1.000000 0.941517 0.891526 0.848517 0.811332 0.779067 0.751010 0.726593 0.705360 0.686940 0.671033 0.657394 0.645824 0.636160 0.628272 0.622057 0.617437 0.614354 0.612771 0.612668 0.613007 0.613402 0.615281 0.618666 0.623599 0.630142 0.638378 0.648414 0.660388 0.674467 0.690861 0.709824 0.731670 0.756784 0.785644 0.818843 0.857127 0.901445 0.953017 0.996488 0.945227 0.901047 0.862797 0.829580 0.800684 0.775538 0.753684 0.734749 0.718430 0.704481 0.692701 0.682926 0.675027 0.668901 0.664472 0.661685 0.660505 0.660920 0.662932 0.666568 0.671872 0.677641 0.679837 0.683701 0.689278 0.696640 0.705879 0.717117 0.730508 0.746239 0.764546 0.785714 0.810095 0.838121 0.870327 0.907381 0.950121 0.944342 0.905572 0.871877 0.842557 0.817049 0.794898 0.775737 0.759263 0.745233 0.733447 0.723744 0.715997 0.700395 0.685879 0.673542 0.663210 0.654744 0.648032 0.642991 0.639556 0.637685 0.637357 0.638566 0.641328 0.645676 0.651664 0.659368 0.668887 0.680347 17298.500000 1.090336 0.782130
0.885246 0.845603 0.811229 0.781348 0.755346 0.732728 0.713092 0.696115 0.681530 0.669124 0.658719 0.650176 0.643381 0.638249 0.634714 0.632735 0.632286 0.633363 0.635979 0.640164 0.645972 0.653474 0.662768 0.673978 0.687257 0.702798 0.720834 0.741654 0.765612 0.793144 0.824791 0.861229 0.903313 0.906268 0.883934 0.864706 0.848298 0.834473 0.823043 0.813856 0.806794 0.801768 0.798717 0.797603 0.798413 0.801157 0.805868 0.812604 0.821449 0.832516 0.845951 0.861938 0.880703 0.902525 0.927749 0.938062 0.906904 0.879801 0.856273 0.835933 0.818462 0.803604 0.791147 0.780922 0.772797 0.766667 0.762456 0.760112 0.759607 0.760934 0.749362 0.726894 0.707388 0.690522 0.676032 0.663704 0.653363 0.644869 0.638111 0.633002 0.629479 0.627498 0.627035 0.628085 0.630660 0.634792 0.640532 0.647952 0.657147 0.668240 0.681384 0.696768 0.714623 0.735236 0.758956 0.786214 0.817546 0.853621 0.895284 0.943611 1.000000 0.992332 0.955671 0.923769 0.896017 0.871923 0.851087 0.833184 0.817949 0.805166 0.794661 0.786297 0.779966 0.775590 0.773115 0.772511 0.773771 0.776909 0.781964 0.788999 0.798101 0.809389 0.823012 0.839157 0.858057 0.879997 0.905326 0.931143 5071.000000 1.258802 0.823922
0.817546 0.853621 0.895284 0.943611 1.000000 0.992332 0.955671 0.923769 0.896017 0.871923 0.851087 0.833184 0.817949 0.805166 0.794661 0.786297 0.779966 0.775590 0.773115 0.772511 0.773771 0.776909 0.781964 0.788999 0.798101 0.809389 0.823012 0.839157 0.858057 0.879997 0.905326 0.931143 0.885246 0.845603 0.811229 0.781348 0.755346 0.732728 0.713092 0.696115 0.681530 0.669124 0.658719 0.650176 0.643381 0.638249 0.634714 0.632735 0.632286 0.633363 0.635979 0.640164 0.645972 0.653474 0.662768 0.673978 0.687257 0.702798 0.720834 0.741654 0.765612 0.793144 0.824791 0.861229 0.903313 0.906268 0.883934 0.864706 0.848298 0.834473 0.823043 0.813856 0.806794 0.801768 0.798717 0.797603 0.798413 0.801157 0.805868 0.812604 0.821449 0.832516 0.845951 0.861938 0.880703 0.902525 0.927749 0.938062 0.906904 0.879801 0.856273 0.835933 0.818462 0.803604 0.791147 0.780922 0.772797 0.766667 0.762456 0.760112 0.759607 0.760934 0.749362 0.726894 0.707388 0.690522 0.676032 0.663704 0.653363 0.644869 0.638111 0.633002 0.629479 0.627498 0.627035 0.628085 0.630660 0.634792 0.640532 0.647952 0.657147 0.668240 0.681384 0.696768 0.714623 0.735236 0.758956 0.786214 5071.000000 1.258802 0.823922
0.772797 0.766667 0.762456 0.760112 0.759607 0.760934 0.749362 0.726894 0.707388 0.690522 0.676032 0.663704 0.653363 0.644869 0.638111 0.633002 0.629479 0.627498 0.627035 0.628085 0.630660 0.634792 0.640532 0.647952 0.657147 0.668240 0.681384 0.696768 0.714623 0.735236 0.758956 0.786214 0.817546 0.853621 0.895284 0.943611 1.000000 0.992332 0.955671 0.923769 0.896017 0.871923 0.851087 0.833184 0.817949 0.805166 0.794661 0.786297 0.779966 0.775590 0.773115 0.772511 0.773771 0.776909 0.781964 0.788999 0.798101 0.809389 0.823012 0.839157 0.858057 0.879997 0.905326 0.931143 0.885246 0.845603 0.811229 0.781348 0.755346 0.732728 0.713092 0.696115 0.681530 0.669124 0.658719 0.650176 0.643381 0.638249 0.634714 0.632735 0.632286 0.633363 0.635979 0.640164 0.645972 0.653474 0.662768 0.673978 0.687257 0.702798 0.720834 0.741654 0.765612 0.793144 0.824791 0.861229 0.903313 0.906268 0.883934 0.864706 0.848298 0.834473 0.823043 0.813856 0.806794 0.801768 0.798717 0.797603 0.798413 0.801157 0.805868 0.812604 0.821449 0.832516 0.845951 0.861938 0.880703 0.902525 0.927749 0.938062 0.906904 0.879801 0.856273 0.835933 0.818462 0.803604 0.791147 0.780922 5071.000000 1.258802 0.823922
0.903313 0.906268 0.883934 0.864706 0.848298 0.834473 0.823043 0.813856 0.806794 0.801768 0.798717 0.797603 0.798413 0.801157 0.805868 0.812604 0.821449 0.832516 0.845951 0.861938 0.880703 0.902525 0.927749 0.938062 0.906904 0.879801 0.856273 0.835933 0.818462 0.803604 0.791147 0.780922 0.772797 0.766667 0.762456 0.760112 0.759607 0.760934 0.749362 0.726894 0.707388 0.690522 0.676032 0.663704 0.653363 0.644869 0.638111 0.633002 0.629479 0.627498 0.627035 0.628085 0.630660 0.634792 0.640532 0.647952 0.657147 0.668240 0.681384 0.696768 0.714623 0.735236 0.758956 0.786214 0.817546 0.853621 0.895284 0.943611 1.000000 0.992332 0.955671 0.923769 0.896017 0.871923 0.851087 0.833184 0.817949 0.805166 0.794661 0.786297 0.779966 0.775590 0.773115 0.772511 0.773771 0.776909 0.781964 0.788999 0.798101 0.809389 0.823012 0.839157 0.858057 0.879997 0.905326 0.931143 0.885246 0.845603 0.811229 0.781348 0.755346 0.732728 0.713092 0.696115 0.681530 0.669124 0.658719 0.650176 0.643381 0.638249 0.634714 0.632735 0.632286 0.633363 0.635979 0.640164 0.645972 0.653474 0.662768 0.673978 0.687257 0.702798 0.720834 0.741654 0.765612 0.793144 0.824791 0.861229 5071.000000 1.258802 0.823922
0.666655 0.677352 0.690087 0.705041 0.722437 0.742548 0.753883 0.725481 0.700767 0.679265 0.660586 0.644419 0.630506 0.618641 0.608653 0.600406 0.593790 0.588722 0.585137 0.582992 0.582259 0.582932 0.585017 0.588539 0.593543 0.600091 0.589654 0.577141 0.566484 0.557532 0.550164 0.544282 0.539811 0.536696 0.534897 0.534393 0.535179 0.537263 0.540671 0.545445 0.551645 0.559350 0.568663 0.579712 0.592654 0.593489 0.592877 0.593694 0.595952 0.599677 0.604915 0.611732 0.620216 0.630478 0.642661 0.656937 0.673521 0.692676 0.714725 0.740065 0.769190 0.802713 0.841411 0.886273 0.938576 1.000000 0.943628 0.851117 0.776830 0.716056 0.665589 0.623169 0.587163 0.556357 0.529835 0.506892 0.488145 0.476112 0.465752 0.456912 0.449463 0.443304 0.438353 0.434547 0.431838 0.430193 0.429591 0.430025 0.431500 0.434035 0.437661 0.442422 0.448380 0.455614 0.464221 0.474325 0.486075 0.499656 0.515296 0.533272 0.553930 0.577702 0.605128 0.636899 0.673904 0.717309 0.768670 0.830108 0.830449 0.798876 0.771406 0.747503 0.726736 0.708752 0.693266 0.680047 0.668903 0.659682 0.652262 0.646547 0.642466 0.639968 0.639023 0.639619 0.641764 0.645483 0.650823 0.657851 1925.000000 1.312159 0.717233
0.486075 0.499656 0.515296 0.533272 0.553930 0.577702 0.605128 0.636899 0.673904 0.717309 0.768670 0.830108 0.830449 0.798876 0.771406 0.747503 0.726736 0.708752 0.693266 0.680047 0.668903 0.659682 0.652262 0.646547 0.642466 0.639968 0.639023 0.639619 0.641764 0.645483 0.650823 0.657851 0.666655 0.677352 0.690087 0.705041 0.722437 0.742548 0.753883 0.725481 0.700767 0.679265 0.660586 0.644419 0.630506 0.618641 0.608653 0.600406 0.593790 0.588722 0.585137 0.582992 0.582259 0.582932 0.585017 0.588539 0.593543 0.600091 0.589654 0.577141 0.566484 0.557532 0.550164 0.544282 0.539811 0.536696 0.534897 0.534393 0.535179 0.537263 0.540671 0.545445 0.551645 0.559350 0.568663 0.579712 0.592654 0.593489 0.592877 0.593694 0.595952 0.599677 0.604915 0.611732 0.620216 0.630478 0.642661 0.656937 0.673521 0.692676 0.714725 0.740065 0.769190 0.802713 0.841411 0.886273 0.938576 1.000000 0.943628 0.851117 0.776830 0.716056 0.665589 0.623169 0.587163 0.556357 0.529835 0.506892 0.488145 0.476112 0.465752 0.456912 0.449463 0.443304 0.438353 0.434547 0.431838 0.430193 0.429591 0.430025 0.431500 0.434035 0.437661 0.442422 0.448380 0.455614 0.464221 0.474325 1925.000000 1.312159 0.717233
0.938576 1.000000 0.943628 0.851117 0.776830 0.716056 0.665589 0.623169 0.587163 0.556357 0.529835 0.506892 0.488145 0.476112 0.465752 0.456912 0.449463 0.443304 0.438353 0.434547 0.431838 0.430193 0.429591 0.430025 0.431500 0.434035 0.437661 0.442422 0.448380 0.455614 0.464221 0.474325 0.486075 0.499656 0.515296 0.533272 0.553930 0.577702 0.605128 0.636899 0.673904 0.717309 0.768670 0.830108 0.830449 0.798876 0.771406 0.747503 0.726736 0.708752 0.693266 0.680047 0.668903 0.659682 0.652262 0.646547 0.642466 0.639968 0.639023 0.639619 0.641764 0.645483 0.650823 0.657851 0.666655 0.677352 0.690087 0.705041 0.722437 0.742548 0.753883 0.725481 0.700767 0.679265 0.660586 0.644419 0.630506 0.618641 0.608653 0.600406 0.593790 0.588722 0.585137 0.582992 0.582259 0.582932 0.585017 0.588539 0.593543 0.600091 0.589654 0.577141 0.566484 0.557532 0.550164 0.544282 0.539811 0.536696 0.534897 0.534393 0.535179 0.537263 0.540671 0.545445 0.551645 0.559350 0.568663 0.579712 0.592654 0.593489 0.592877 0.593694 0.595952 0.599677 0.604915 0.611732 0.620216 0.630478 0.642661 0.656937 0.673521 0.692676 0.714725 0.740065 0.769190 0.802713 0.841411 0.886273 1925.000000 1.312159 0.717233
0.539811 0.536696 0.534897 0.534393 0.535179 0.537263 0.540671 0.545445 0.551645 0.559350 0.568663 0.579712 0.592654 0.593489 0.592877 0.593694 0.595952 0.599677 0.604915 0.611732 0.620216 0.630478 0.642661 0.656937 0.673521 0.692676 0.714725 0.740065 0.769190 0.802713 0.841411 0.886273 0.938576 1.000000 0.943628 0.851117 0.776830 0.716056 0.665589 0.623169 0.587163 0.556357 0.529835 0.506892 0.488145 0.476112 0.465752 0.456912 0.449463 0.443304 0.438353 0.434547 0.431838 0.430193 0.429591 0.430025 0.431500 0.434035 0.437661 0.442422 0.448380 0.455614 0.464221 0.474325 0.486075 0.499656 0.515296 0.533272 0.553930 0.577702 0.605128 0.636899 0.673904 0.717309 0.768670 0.830108 0.830449 0.798876 0.771406 0.747503 0.726736 0.708752 0.693266 0.680047 0.668903 0.659682 0.652262 0.646547 0.642466 0.639968 0.639023 0.639619 0.641764 0.645483 0.650823 0.657851 0.666655 0.677352 0.690087 0.705041 0.722437 0.742548 0.753883 0.725481 0.700767 0.679265 0.660586 0.644419 0.630506 0.618641 0.608653 0.600406 0.593790 0.588722 0.585137 0.582992 0.582259 0.582932 0.585017 0.588539 0.593543 0.600091 0.589654 0.577141 0.566484 0.557532 0.550164 0.544282 1925.000000 1.312159 0.717233
0.816932 0.771407 0.732360 0.698677 0.669499 0.644149 0.622093 0.602902 0.586229 0.571794 0.559368 0.548765 0.539833 0.532448 0.526515 0.521955 0.518713 0.516748 0.516037 0.516570 0.518354 0.521411 0.525779 0.531512 0.538683 0.547387 0.557742 0.569897 0.584031 0.600367 0.619178 0.640800 0.665648 0.694241 0.727231 0.765449 0.809965 0.862185 0.923982 0.997911 0.994110 0.907053 0.835867 0.776776 0.727125 0.684990 0.648949 0.617926 0.591092 0.567803 0.547548 0.529921 0.514595 0.501305 0.489833 0.480006 0.471679 0.464737 0.459086 0.454652 0.451381 0.449231 0.448176 0.448203 0.449312 0.451518 0.454846 0.459339 0.465053 0.472062 0.480461 0.490367 0.501925 0.515312 0.530747 0.548497 0.568893 0.592346 0.619373 0.650627 0.686945 0.729418 0.779491 0.839117 0.910996 0.998976 1.000000 0.925288 0.862897 0.810218 0.765338 0.726828 0.693599 0.664807 0.639790 0.618023 0.599083 0.582632 0.568393 0.556141 0.545693 0.536900 0.529641 0.523822 0.519366 0.516219 0.514341 0.513710 0.514318 0.516172 0.519295 0.523726 0.529520 0.536751 0.545514 0.555930 0.568147 0.582347 0.598754 0.617644 0.639355 0.664307 0.693023 0.726162 0.764564 0.809313 0.861832 0.870395 573.000000 1.215970 0.595884
0.599083 0.582632 0.568393 0.556141 0.545693 0.536900 0.529641 0.523822 0.519366 0.516219 0.514341 0.513710 0.514318 0.516172 0.519295 0.523726 0.529520 0.536751 0.545514 0.555930 0.568147 0.582347 0.598754 0.617644 0.639355 0.664307 0.693023 0.726162 0.764564 0.809313 0.861832 0.870395 0.816932 0.771407 0.732360 0.698677 0.669499 0.644149 0.622093 0.602902 0.586229 0.571794 0.559368 0.548765 0.539833 0.532448 0.526515 0.521955 0.518713 0.516748 0.516037 0.516570 0.518354 0.521411 0.525779 0.531512 0.538683 0.547387 0.557742 0.569897 0.584031 0.600367 0.619178 0.640800 0.665648 0.694241 0.727231 0.765449 0.809965 0.862185 0.923982 0.997911 0.994110 0.907053 0.835867 0.776776 0.727125 0.684990 0.648949 0.617926 0.591092 0.567803 0.547548 0.529921 0.514595 0.501305 0.489833 0.480006 0.471679 0.464737 0.459086 0.454652 0.451381 0.449231 0.448176 0.448203 0.449312 0.451518 0.454846 0.459339 0.465053 0.472062 0.480461 0.490367 0.501925 0.515312 0.530747 0.548497 0.568893 0.592346 0.619373 0.650627 0.686945 0.729418 0.779491 0.839117 0.910996 0.998976 1.000000 0.925288 0.862897 0.810218 0.765338 0.726828 0.693599 0.664807 0.639790 0.618023 573.000000 1.215970 0.595884
0.449312 0.451518 0.454846 0.459339 0.465053 0.472062 0.480461 0.490367 0.501925 0.515312 0.530747 0.548497 0.568893 0.592346 0.619373 0.650627 0.686945 0.729418 0.779491 0.839117 0.910996 0.998976 1.000000 0.925288 0.862897 0.810218 0.765338 0.726828 0.693599 0.664807 0.639790 0.618023 0.599083 0.582632 0.568393 0.556141 0.545693 0.536900 0.529641 0.523822 0.519366 0.516219 0.514341 0.513710 0.514318 0.516172 0.519295 0.523726 0.529520 0.536751 0.545514 0.555930 0.568147 0.582347 0.598754 0.617644 0.639355 0.664307 0.693023 0.726162 0.764564 0.809313 0.861832 0.870395 0.816932 0.771407 0.732360 0.698677 0.669499 0.644149 0.622093 0.602902 0.586229 0.571794 0.559368 0.548765 0.539833 0.532448 0.526515 0.521955 0.518713 0.516748 0.516037 0.516570 0.518354 0.521411 0.525779 0.531512 0.538683 0.547387 0.557742 0.569897 0.584031 0.600367 0.619178 0.640800 0.665648 0.694241 0.727231 0.765449 0.809965 0.862185 0.923982 0.997911 0.994110 0.907053 0.835867 0.776776 0.727125 0.684990 0.648949 0.617926 0.591092 0.567803 0.547548 0.529921 0.514595 0.501305 0.489833 0.480006 0.471679 0.464737 0.459086 0.454652 0.451381 0.449231 0.448176 0.448203 573.000000 1.215970 0.595884
0.665648 0.694241 0.727231 0.765449 0.809965 0.862185 0.923982 0.997911 0.994110 0.907053 0.835867 0.776776 0.727125 0.684990 0.648949 0.617926 0.591092 0.567803 0.547548 0.529921 0.514595 0.501305 0.489833 0.480006 0.471679 0.464737 0.459086 0.454652 0.451381 0.449231 0.448176 0.448203 0.449312 0.451518 0.454846 0.459339 0.465053 0.472062 0.480461 0.490367 0.501925 0.515312 0.530747 0.548497 0.568893 0.592346 0.619373 0.650627 0.686945 0.729418 0.779491 0.839117 0.910996 0.998976 1.000000 0.925288 0.862897 0.810218 0.765338 0.726828 0.693599 0.664807 0.639790 0.618023 0.599083 0.582632 0.568393 0.556141 0.545693 0.536900 0.529641 0.523822 0.519366 0.516219 0.514341 0.513710 0.514318 0.516172 0.519295 0.523726 0.529520 0.536751 0.545514 0.555930 0.568147 0.582347 0.598754 0.617644 0.639355 0.664307 0.693023 0.726162 0.764564 0.809313 0.861832 0.870395 0.816932 0.771407 0.732360 0.698677 0.669499 0.644149 0.622093 0.602902 0.586229 0.571794 0.559368 0.548765 0.539833 0.532448 0.526515 0.521955 0.518713 0.516748 0.516037 0.516570 0.518354 0.521411 0.525779 0.531512 0.538683 0.547387 0.557742 0.569897 0.584031 0.600367 0.619178 0.640800 573.000000 1.215970 0.595884
0.618227 0.597988 0.580387 0.565115 0.551921 0.540602 0.530992 0.522955 0.516383 0.511190 0.507311 0.504697 0.503317 0.503152 0.504202 0.506479 0.510011 0.518276 0.529359 0.542260 0.557182 0.574372 0.594133 0.616840 0.642964 0.673090 0.707969 0.748561 0.796126 0.852338 0.919475 1.000000 0.956543 0.918827 0.886025 0.857480 0.832660 0.811135 0.792557 0.776639 0.763151 0.751903 0.742746 0.735560 0.730254 0.726762 0.725042 0.725072 0.726854 0.730408 0.735779 0.743032 0.729011 0.712575 0.698509 0.686610 0.676712 0.668684 0.662421 0.657844 0.654898 0.653544 0.653769 0.655573 0.643390 0.626674 0.612242 0.599872 0.589384 0.580631 0.573496 0.567885 0.563728 0.560973 0.559586 0.559551 0.560867 0.563550 0.567633 0.571152 0.572696 0.575639 0.580017 0.585884 0.593315 0.602407 0.613283 0.626094 0.641029 0.658319 0.678247 0.701161 0.727491 0.757772 0.792677 0.833056 0.880003 0.924431 0.894633 0.868724 0.846254 0.826859 0.810242 0.796159 0.784415 0.774853 0.767346 0.761802 0.758150 0.756347 0.756370 0.758219 0.761918 0.767511 0.775068 0.784684 0.787278 0.759766 0.735825 0.715017 0.696986 0.681444 0.668154 0.656924 0.647601 0.640058 0.634200 0.629952 18352.000000 1.202160 0.802987
0.880003 0.924431 0.894633 0.868724 0.846254 0.826859 0.810242 0.796159 0.784415 0.774853 0.767346 0.761802 0.758150 0.756347 0.756370 0.758219 0.761918 0.767511 0.775068 0.784684 0.787278 0.759766 0.735825 0.715017 0.696986 0.681444 0.668154 0.656924 0.647601 0.640058 0.634200 0.629952 0.618227 0.597988 0.580387 0.565115 0.551921 0.540602 0.530992 0.522955 0.516383 0.511190 0.507311 0.504697 0.503317 0.503152 0.504202 0.506479 0.510011 0.518276 0.529359 0.542260 0.557182 0.574372 0.594133 0.616840 0.642964 0.673090 0.707969 0.748561 0.796126 0.852338 0.919475 1.000000 0.956543 0.918827 0.886025 0.857480 0.832660 0.811135 0.792557 0.776639 0.763151 0.751903 0.742746 0.735560 0.730254 0.726762 0.725042 0.725072 0.726854 0.730408 0.735779 0.743032 0.729011 0.712575 0.698509 0.686610 0.676712 0.668684 0.662421 0.657844 0.654898 0.653544 0.653769 0.655573 0.643390 0.626674 0.612242 0.599872 0.589384 0.580631 0.573496 0.567885 0.563728 0.560973 0.559586 0.559551 0.560867 0.563550 0.567633 0.571152 0.572696 0.575639 0.580017 0.585884 0.593315 0.602407 0.613283 0.626094 0.641029 0.658319 0.678247 0.701161 0.727491 0.757772 0.792677 0.833056 18352.000000 1.202160 0.802987
0.643390 0.626674 0.612242 0.599872 0.589384 0.580631 0.573496 0.567885 0.563728 0.560973 0.559586 0.559551 0.560867 0.563550 0.567633 0.571152 0.572696 0.575639 0.580017 0.585884 0.593315 0.602407 0.613283 0.626094 0.641029 0.658319 0.678247 0.701161 0.727491 0.757772 0.792677 0.833056 0.880003 0.924431 0.894633 0.868724 0.846254 0.826859 0.810242 0.796159 0.784415 0.774853 0.767346 0.761802 0.758150 0.756347 0.756370 0.758219 0.761918 0.767511 0.775068 0.784684 0.787278 0.759766 0.735825 0.715017 0.696986 0.681444 0.668154 0.656924 0.647601 0.640058 0.634200 0.629952 0.618227 0.597988 0.580387 0.565115 0.551921 0.540602 0.530992 0.522955 0.516383 0.511190 0.507311 0.504697 0.503317 0.503152 0.504202 0.506479 0.510011 0.518276 0.529359 0.542260 0.557182 0.574372 0.594133 0.616840 0.642964 0.673090 0.707969 0.748561 0.796126 0.852338 0.919475 1.000000 0.956543 0.918827 0.886025 0.857480 0.832660 0.811135 0.792557 0.776639 0.763151 0.751903 0.742746 0.735560 0.730254 0.726762 0.725042 0.725072 0.726854 0.730408 0.735779 0.743032 0.729011 0.712575 0.698509 0.686610 0.676712 0.668684 0.662421 0.657844 0.654898 0.653544 0.653769 0.655573 18352.000000 1.202160 0.802987
0.956543 0.918827 0.886025 0.857480 0.832660 0.811135 0.792557 0.776639 0.763151 0.751903 0.742746 0.735560 0.730254 0.726762 0.725042 0.725072 0.726854 0.730408 0.735779 0.743032 0.729011 0.712575 0.698509 0.686610 0.676712 0.668684 0.662421 0.657844 0.654898 0.653544 0.653769 0.655573 0.643390 0.626674 0.612242 0.599872 0.589384 0.580631 0.573496 0.567885 0.563728 0.560973 0.559586 0.559551 0.560867 0.563550 0.567633 0.571152 0.572696 0.575639 0.580017 0.585884 0.593315 0.602407 0.613283 0.626094 0.641029 0.658319 0.678247 0.701161 0.727491 0.757772 0.792677 0.833056 0.880003 0.924431 0.894633 0.868724 0.846254 0.826859 0.810242 0.796159 0.784415 0.774853 0.767346 0.761802 0.758150 0.756347 0.756370 0.758219 0.761918 0.767511 0.775068 0.784684 0.787278 0.759766 0.735825 0.715017 0.696986 0.681444 0.668154 0.656924 0.647601 0.640058 0.634200 0.629952 0.618227 0.597988 0.580387 0.565115 0.551921 0.540602 0.530992 0.522955 0.516383 0.511190 0.507311 0.504697 0.503317 0.503152 0.504202 0.506479 0.510011 0.518276 0.529359 0.542260 0.557182 0.574372 0.594133 0.616840 0.642964 0.673090 0.707969 0.748561 0.796126 0.852338 0.919475 1.000000 18352.000000 1.202160 0.802987
0.638682 0.640543 0.636113 0.633259 0.631946 0.632158 0.633897 0.637186 0.642064 0.648592 0.656852 0.666953 0.679031 0.693255 0.709835 0.729026 0.751144 0.776576 0.805799 0.839408 0.878151 0.922975 0.975096 1.000000 0.974783 0.953045 0.934458 0.918753 0.905714 0.895165 0.886972 0.881030 0.877267 0.875637 0.876119 0.878720 0.873563 0.837717 0.806563 0.779453 0.755868 0.735389 0.717673 0.702443 0.689472 0.678577 0.669609 0.662450 0.657009 0.653217 0.651028 0.650415 0.651371 0.653908 0.658055 0.663866 0.671412 0.676194 0.682272 0.690138 0.699893 0.711667 0.725622 0.741958 0.760923 0.782817 0.808013 0.836968 0.865977 0.841088 0.819508 0.800890 0.784948 0.771450 0.760209 0.751074 0.743927 0.738678 0.735261 0.733635 0.733779 0.735697 0.739411 0.744966 0.752431 0.761902 0.773501 0.787386 0.803749 0.822832 0.844927 0.870397 0.867363 0.853333 0.841744 0.832445 0.825315 0.820266 0.817235 0.816185 0.817104 0.820003 0.824917 0.831906 0.841058 0.852490 0.866354 0.882837 0.902176 0.924658 0.897411 0.856540 0.821121 0.790344 0.763563 0.740263 0.720026 0.702514 0.687449 0.674609 0.663809 0.654902 0.647771 0.642325 0.638495 0.636233 0.635513 0.636327 1276.500000 1.180371 0.852402
0.825315 0.820266 0.817235 0.816185 0.817104 0.820003 0.824917 0.831906 0.841058 0.852490 0.866354 0.882837 0.902176 0.924658 0.897411 0.856540 0.821121 0.790344 0.763563 0.740263 0.720026 0.702514 0.687449 0.674609 0.663809 0.654902 0.647771 0.642325 0.638495 0.636233 0.635513 0.636327 0.638682 0.640543 0.636113 0.633259 0.631946 0.632158 0.633897 0.637186 0.642064 0.648592 0.656852 0.666953 0.679031 0.693255 0.709835 0.729026 0.751144 0.776576 0.805799 0.839408 0.878151 0.922975 0.975096 1.000000 0.974783 0.953045 0.934458 0.918753 0.905714 0.895165 0.886972 0.881030 0.877267 0.875637 0.876119 0.878720 0.873563 0.837717 0.806563 0.779453 0.755868 0.735389 0.717673 0.702443 0.689472 0.678577 0.669609 0.662450 0.657009 0.653217 0.651028 0.650415 0.651371 0.653908 0.658055 0.663866 0.671412 0.676194 0.682272 0.690138 0.699893 0.711667 0.725622 0.741958 0.760923 0.782817 0.808013 0.836968 0.865977 0.841088 0.819508 0.800890 0.784948 0.771450 0.760209 0.751074 0.743927 0.738678 0.735261 0.733635 0.733779 0.735697 0.739411 0.744966 0.752431 0.761902 0.773501 0.787386 0.803749 0.822832 0.844927 0.870397 0.867363 0.853333 0.841744 0.832445 1276.500000 1.180371 0.852402
0.760923 0.782817 0.808013 0.836968 0.865977 0.841088 0.819508 0.800890 0.784948 0.771450 0.760209 0.751074 0.743927 0.738678 0.735261 0.733635 0.733779 0.735697 0.739411 0.744966 0.752431 0.761902 0.773501 0.787386 0.803749 0.822832 0.844927 0.870397 0.867363 0.853333 0.841744 0.832445 0.825315 0.820266 0.817235 0.816185 0.817104 0.820003 0.824917 0.831906 0.841058 0.852490 0.866354 0.882837 0.902176 0.924658 0.897411 0.856540 0.821121 0.790344 0.763563 0.740263 0.720026 0.702514 0.687449 0.674609 0.663809 0.654902 0.647771 0.642325 0.638495 0.636233 0.635513 0.636327 0.638682 0.640543 0.636113 0.633259 0.631946 0.632158 0.633897 0.637186 0.642064 0.648592 0.656852 0.666953 0.679031 0.693255 0.709835 0.729026 0.751144 0.776576 0.805799 0.839408 0.878151 0.922975 0.975096 1.000000 0.974783 0.953045 0.934458 0.918753 0.905714 0.895165 0.886972 0.881030 0.877267 0.875637 0.876119 0.878720 0.873563 0.837717 0.806563 0.779453 0.755868 0.735389 0.717673 0.702443 0.689472 0.678577 0.669609 0.662450 0.657009 0.653217 0.651028 0.650415 0.651371 0.653908 0.658055 0.663866 0.671412 0.676194 0.682272 0.690138 0.699893 0.711667 0.725622 0.741958 1276.500000 1.180371 0.852402
0.877267 0.875637 0.876119 0.878720 0.873563 0.837717 0.806563 0.779453 0.755868 0.735389 0.717673 0.702443 0.689472 0.678577 0.669609 0.662450 0.657009 0.653217 0.651028 0.650415 0.651371 0.653908 0.658055 0.663866 0.671412 0.676194 0.682272 0.690138 0.699893 0.711667 0.725622 0.741958 0.760923 0.782817 0.808013 0.836968 0.865977 0.841088 0.819508 0.800890 0.784948 0.771450 0.760209 0.751074 0.743927 0.738678 0.735261 0.733635 0.733779 0.735697 0.739411 0.744966 0.752431 0.761902 0.773501 0.787386 0.803749 0.822832 0.844927 0.870397 0.867363 0.853333 0.841744 0.832445 0.825315 0.820266 0.817235 0.816185 0.817104 0.820003 0.824917 0.831906 0.841058 0.852490 0.866354 0.882837 0.902176 0.924658 0.897411 0.856540 0.821121 0.790344 0.763563 0.740263 0.720026 0.702514 0.687449 0.674609 0.663809 0.654902 0.647771 0.642325 0.638495 0.636233 0.635513 0.636327 0.638682 0.640543 0.636113 0.633259 0.631946 0.632158 0.633897 0.637186 0.642064 0.648592 0.656852 0.666953 0.679031 0.693255 0.709835 0.729026 0.751144 0.776576 0.805799 0.839408 0.878151 0.922975 0.975096 1.000000 0.974783 0.953045 0.934458 0.918753 0.905714 0.895165 0.886972 0.881030 1276.500000 1.180371 0.852402
0.734549 0.725798 0.718965 0.713963 0.710731 0.709229 0.709438 0.711362 0.715024 0.720468 0.727762 0.737000 0.748300 0.757094 0.739596 0.724594 0.711870 0.701245 0.692577 0.685752 0.680684 0.677310 0.675589 0.675500 0.677042 0.680234 0.685114 0.691743 0.690686 0.676086 0.663657 0.653222 0.644638 0.637794 0.632602 0.628997 0.626934 0.626389 0.627355 0.629843 0.633885 0.639529 0.646847 0.655933 0.666907 0.679921 0.695161 0.707075 0.709813 0.714299 0.720589 0.728762 0.738924 0.751208 0.765783 0.782859 0.802691 0.825595 0.851956 0.882253 0.917075 0.957158 1.000000 0.946303 0.900138 0.860243 0.825639 0.795554 0.769372 0.746601 0.726839 0.709762 0.695105 0.682653 0.672230 0.663695 0.656937 0.651870 0.648430 0.646576 0.641945 0.632364 0.624547 0.618393 0.613823 0.610780 0.609228 0.609148 0.610538 0.613416 0.617817 0.623795 0.631426 0.640808 0.650015 0.644246 0.640107 0.637547 0.636535 0.637058 0.639123 0.642755 0.647998 0.654919 0.663605 0.674170 0.686759 0.701548 0.718759 0.738659 0.761580 0.787927 0.818205 0.853040 0.893220 0.894208 0.873331 0.855421 0.840214 0.827496 0.817097 0.808881 0.802743 0.798607 0.791491 0.773601 0.758289 0.745331 5927.000000 1.267388 0.865577
0.640107 0.637547 0.636535 0.637058 0.639123 0.642755 0.647998 0.654919 0.663605 0.674170 0.686759 0.701548 0.718759 0.738659 0.761580 0.787927 0.818205 0.853040 0.893220 0.894208 0.873331 0.855421 0.840214 0.827496 0.817097 0.808881 0.802743 0.798607 0.791491 0.773601 0.758289 0.745331 0.734549 0.725798 0.718965 0.713963 0.710731 0.709229 0.709438 0.711362 0.715024 0.720468 0.727762 0.737000 0.748300 0.757094 0.739596 0.724594 0.711870 0.701245 0.692577 0.685752 0.680684 0.677310 0.675589 0.675500 0.677042 0.680234 0.685114 0.691743 0.690686 0.676086 0.663657 0.653222 0.644638 0.637794 0.632602 0.628997 0.626934 0.626389 0.627355 0.629843 0.633885 0.639529 0.646847 0.655933 0.666907 0.679921 0.695161 0.707075 0.709813 0.714299 0.720589 0.728762 0.738924 0.751208 0.765783 0.782859 0.802691 0.825595 0.851956 0.882253 0.917075 0.957158 1.000000 0.946303 0.900138 0.860243 0.825639 0.795554 0.769372 0.746601 0.726839 0.709762 0.695105 0.682653 0.672230 0.663695 0.656937 0.651870 0.648430 0.646576 0.641945 0.632364 0.624547 0.618393 0.613823 0.610780 0.609228 0.609148 0.610538 0.613416 0.617817 0.623795 0.631426 0.640808 0.650015 0.644246 5927.000000 1.267388 0.865577
0.900138 0.860243 0.825639 0.795554 0.769372 0.746601 0.726839 0.709762 0.695105 0.682653 0.672230 0.663695 0.656937 0.651870 0.648430 0.646576 0.641945 0.632364 0.624547 0.618393 0.613823 0.610780 0.609228 0.609148 0.610538 0.613416 0.617817 0.623795 0.631426 0.640808 0.650015 0.644246 0.640107 0.637547 0.636535 0.637058 0.639123 0.642755 0.647998 0.654919 0.663605 0.674170 0.686759 0.701548 0.718759 0.738659 0.761580 0.787927 0.818205 0.853040 0.893220 0.894208 0.873331 0.855421 0.840214 0.827496 0.817097 0.808881 0.802743 0.798607 0.791491 0.773601 0.758289 0.745331 0.734549 0.725798 0.718965 0.713963 0.710731 0.709229 0.709438 0.711362 0.715024 0.720468 0.727762 0.737000 0.748300 0.757094 0.739596 0.724594 0.711870 0.701245 0.692577 0.685752 0.680684 0.677310 0.675589 0.675500 0.677042 0.680234 0.685114 0.691743 0.690686 0.676086 0.663657 0.653222 0.644638 0.637794 0.632602 0.628997 0.626934 0.626389 0.627355 0.629843 0.633885 0.639529 0.646847 0.655933 0.666907 0.679921 0.695161 0.707075 0.709813 0.714299 0.720589 0.728762 0.738924 0.751208 0.765783 0.782859 0.802691 0.825595 0.851956 0.882253 0.917075 0.957158 1.000000 0.946303 5927.000000 1.267388 0.865577
0.644638 0.637794 0.632602 0.628997 0.626934 0.626389 0.627355 0.629843 0.633885 0.639529 0.646847 0.655933 0.666907 0.679921 0.695161 0.707075 0.709813 0.714299 0.720589 0.728762 0.738924 0.751208 0.765783 0.782859 0.802691 0.825595 0.851956 0.882253 0.917075 0.957158 1.000000 0.946303 0.900138 0.860243 0.825639 0.795554 0.769372 0.746601 0.726839 0.709762 0.695105 0.682653 0.672230 0.663695 0.656937 0.651870 0.648430 0.646576 0.641945 0.632364 0.624547 0.618393 0.613823 0.610780 0.609228 0.609148 0.610538 0.613416 0.617817 0.623795 0.631426 0.640808 0.650015 0.644246 0.640107 0.637547 0.636535 0.637058 0.639123 0.642755 0.647998 0.654919 0.663605 0.674170 0.686759 0.701548 0.718759 0.738659 0.761580 0.787927 0.818205 0.853040 0.893220 0.894208 0.873331 0.855421 0.840214 0.827496 0.817097 0.808881 0.802743 0.798607 0.791491 0.773601 0.758289 0.745331 0.734549 0.725798 0.718965 0.713963 0.710731 0.709229 0.709438 0.711362 0.715024 0.720468 0.727762 0.737000 0.748300 0.757094 0.739596 0.724594 0.711870 0.701245 0.692577 0.685752 0.680684 0.677310 0.675589 0.675500 0.677042 0.680234 0.685114 0.691743 0.690686 0.676086 0.663657 0.653222 5927.000000 1.267388 0.865577
0.944036 0.872322 0.812553 0.762169 0.719299 0.682552 0.650869 0.623432 0.599600 0.578867 0.560826 0.545149 0.531570 0.519873 0.509882 0.501453 0.494470 0.488840 0.484491 0.481368 0.479433 0.478661 0.479045 0.480588 0.483308 0.487241 0.492433 0.498953 0.506885 0.516338 0.527444 0.540369 0.555315 0.572530 0.592319 0.615059 0.641222 0.671399 0.706342 0.747020 0.794702 0.851076 0.918440 1.000000 0.984764 0.906739 0.842051 0.787749 0.741705 0.702344 0.668481 0.639201 0.613795 0.591703 0.572477 0.555758 0.541255 0.528730 0.517992 0.508883 0.501275 0.495067 0.490177 0.486543 0.484121 0.482880 0.482806 0.483897 0.486167 0.489643 0.494369 0.500405 0.507828 0.516738 0.527260 0.539546 0.553784 0.570204 0.589091 0.610794 0.635747 0.664495 0.697726 0.736323 0.781433 0.834574 0.897789 0.948774 0.883545 0.828576 0.781819 0.741748 0.707206 0.677296 0.651320 0.628721 0.609055 0.591966 0.577162 0.564406 0.553507 0.544308 0.536680 0.530525 0.525760 0.522328 0.520186 0.519307 0.519681 0.521312 0.524220 0.528441 0.534027 0.541051 0.549603 0.559800 0.571786 0.585739 0.601876 0.620464 0.641832 0.666388 0.694637 0.727217 0.764937 0.808839 0.860285 0.921091 5697.000000 1.106426 0.602306
0.609055 0.591966 0.577162 0.564406 0.553507 0.544308 0.536680 0.530525 0.525760 0.522328 0.520186 0.519307 0.519681 0.521312 0.524220 0.528441 0.534027 0.541051 0.549603 0.559800 0.571786 0.585739 0.601876 0.620464 0.641832 0.666388 0.694637 0.727217 0.764937 0.808839 0.860285 0.921091 0.944036 0.872322 0.812553 0.762169 0.719299 0.682552 0.650869 0.623432 0.599600 0.578867 0.560826 0.545149 0.531570 0.519873 0.509882 0.501453 0.494470 0.488840 0.484491 0.481368 0.479433 0.478661 0.479045 0.480588 0.483308 0.487241 0.492433 0.498953 0.506885 0.516338 0.527444 0.540369 0.555315 0.572530 0.592319 0.615059 0.641222 0.671399 0.706342 0.747020 0.794702 0.851076 0.918440 1.000000 0.984764 0.906739 0.842051 0.787749 0.741705 0.702344 0.668481 0.639201 0.613795 0.591703 0.572477 0.555758 0.541255 0.528730 0.517992 0.508883 0.501275 0.495067 0.490177 0.486543 0.484121 0.482880 0.482806 0.483897 0.486167 0.489643 0.494369 0.500405 0.507828 0.516738 0.527260 0.539546 0.553784 0.570204 0.589091 0.610794 0.635747 0.664495 0.697726 0.736323 0.781433 0.834574 0.897789 0.948774 0.883545 0.828576 0.781819 0.741748 0.707206 0.677296 0.651320 0.628721 5697.000000 1.106426 0.602306
0.484121 0.482880 0.482806 0.483897 0.486167 0.489643 0.494369 0.500405 0.507828 0.516738 0.527260 0.539546 0.553784 0.570204 0.589091 0.610794 0.635747 0.664495 0.697726 0.736323 0.781433 0.834574 0.897789 0.948774 0.883545 0.828576 0.781819 0.741748 0.707206 0.677296 0.651320 0.628721 0.609055 0.591966 0.577162 0.564406 0.553507 0.544308 0.536680 0.530525 0.525760 0.522328 0.520186 0.519307 0.519681 0.521312 0.524220 0.528441 0.534027 0.541051 0.549603 0.559800 0.571786 0.585739 0.601876 0.620464 0.641832 0.666388 0.694637 0.727217 0.764937 0.808839 0.860285 0.921091 0.944036 0.872322 0.812553 0.762169 0.719299 0.682552 0.650869 0.623432 0.599600 0.578867 0.560826 0.545149 0.531570 0.519873 0.509882 0.501453 0.494470 0.488840 0.484491 0.481368 0.479433 0.478661 0.479045 0.480588 0.483308 0.487241 0.492433 0.498953 0.506885 0.516338 0.527444 0.540369 0.555315 0.572530 0.592319 0.615059 0.641222 0.671399 0.706342 0.747020 0.794702 0.851076 0.918440 1.000000 0.984764 0.906739 0.842051 0.787749 0.741705 0.702344 0.668481 0.639201 0.613795 0.591703 0.572477 0.555758 0.541255 0.528730 0.517992 0.508883 0.501275 0.495067 0.490177 0.486543 5697.000000 1.106426 0.602306
0.555315 0.572530 0.592319 0.615059 0.641222 0.671399 0.706342 0.747020 0.794702 0.851076 0.918440 1.000000 0.984764 0.906739 0.842051 0.787749 0.741705 0.702344 0.668481 0.639201 0.613795 0.591703 0.572477 0.555758 0.541255 0.528730 0.517992 0.508883 0.501275 0.495067 0.490177 0.486543 0.484121 0.482880 0.482806 0.483897 0.486167 0.489643 0.494369 0.500405 0.507828 0.516738 0.527260 0.539546 0.553784 0.570204 0.589091 0.610794 0.635747 0.664495 0.697726 0.736323 0.781433 0.834574 0.897789 0.948774 0.883545 0.828576 0.781819 0.741748 0.707206 0.677296 0.651320 0.628721 0.609055 0.591966 0.577162 0.564406 0.553507 0.544308 0.536680 0.530525 0.525760 0.522328 0.520186 0.519307 0.519681 0.521312 0.524220 0.528441 0.534027 0.541051 0.549603 0.559800 0.571786 0.585739 0.601876 0.620464 0.641832 0.666388 0.694637 0.727217 0.764937 0.808839 0.860285 0.921091 0.944036 0.872322 0.812553 0.762169 0.719299 0.682552 0.650869 0.623432 0.599600 0.578867 0.560826 0.545149 0.531570 0.519873 0.509882 0.501453 0.494470 0.488840 0.484491 0.481368 0.479433 0.478661 0.479045 0.480588 0.483308 0.487241 0.492433 0.498953 0.506885 0.516338 0.527444 0.540369 5697.000000 1.106426 0.602306
0.814743 0.766031 0.724462 0.688747 0.657897 0.631149 0.607897 0.587663 0.570062 0.554783 0.541571 0.530222 0.520567 0.512470 0.505821 0.500532 0.496537 0.493785 0.492243 0.491892 0.492728 0.494760 0.498014 0.502529 0.508364 0.515591 0.524309 0.534637 0.546723 0.560751 0.576944 0.595577 0.616990 0.641604 0.669944 0.702674 0.740642 0.784948 0.837036 0.898847 0.963896 0.893854 0.835177 0.785505 0.743100 0.706654 0.675166 0.647859 0.624120 0.603461 0.585492 0.569895 0.556413 0.544837 0.534995 0.526748 0.519986 0.514619 0.510580 0.507817 0.506297 0.506001 0.506927 0.509084 0.512500 0.517216 0.523292 0.530807 0.539860 0.550577 0.563112 0.577655 0.594439 0.613751 0.635943 0.661453 0.690829 0.724763 0.764139 0.810103 0.864166 0.928356 0.964366 0.890151 0.828395 0.776402 0.732209 0.694359 0.661746 0.633517 0.609005 0.587682 0.569126 0.552997 0.539021 0.526971 0.516666 0.507957 0.500723 0.494867 0.490314 0.487007 0.484904 0.483981 0.484225 0.485640 0.488243 0.492066 0.497156 0.503579 0.511418 0.520779 0.531794 0.544626 0.559474 0.576581 0.596250 0.618852 0.644849 0.674823 0.709512 0.749866 0.797122 0.852928 0.919518 1.000000 0.941082 0.872315 7166.000000 1.053113 0.603994
0.516666 0.507957 0.500723 0.494867 0.490314 0.487007 0.484904 0.483981 0.484225 0.485640 0.488243 0.492066 0.497156 0.503579 0.511418 0.520779 0.531794 0.544626 0.559474 0.576581 0.596250 0.618852 0.644849 0.674823 0.709512 0.749866 0.797122 0.852928 0.919518 1.000000 0.941082 0.872315 0.814743 0.766031 0.724462 0.688747 0.657897 0.631149 0.607897 0.587663 0.570062 0.554783 0.541571 0.530222 0.520567 0.512470 0.505821 0.500532 0.496537 0.493785 0.492243 0.491892 0.492728 0.494760 0.498014 0.502529 0.508364 0.515591 0.524309 0.534637 0.546723 0.560751 0.576944 0.595577 0.616990 0.641604 0.669944 0.702674 0.740642 0.784948 0.837036 0.898847 0.963896 0.893854 0.835177 0.785505 0.743100 0.706654 0.675166 0.647859 0.624120 0.603461 0.585492 0.569895 0.556413 0.544837 0.534995 0.526748 0.519986 0.514619 0.510580 0.507817 0.506297 0.506001 0.506927 0.509084 0.512500 0.517216 0.523292 0.530807 0.539860 0.550577 0.563112 0.577655 0.594439 0.613751 0.635943 0.661453 0.690829 0.724763 0.764139 0.810103 0.864166 0.928356 0.964366 0.890151 0.828395 0.776402 0.732209 0.694359 0.661746 0.633517 0.609005 0.587682 0.569126 0.552997 0.539021 0.526971 7166.000000 1.053113 0.603994
0.512500 0.517216 0.523292 0.530807 0.539860 0.550577 0.563112 0.577655 0.594439 0.613751 0.635943 0.661453 0.690829 0.724763 0.764139 0.810103 0.864166 0.928356 0.964366 0.890151 0.828395 0.776402 0.732209 0.694359 0.661746 0.633517 0.609005 0.587682 0.569126 0.552997 0.539021 0.526971 0.516666 0.507957 0.500723 0.494867 0.490314 0.487007 0.484904 0.483981 0.484225 0.485640 0.488243 0.492066 0.497156 0.503579 0.511418 0.520779 0.531794 0.544626 0.559474 0.576581 0.596250 0.618852 0.644849 0.674823 0.709512 0.749866 0.797122 0.852928 0.919518 1.000000 0.941082 0.872315 0.814743 0.766031 0.724462 0.688747 0.657897 0.631149 0.607897 0.587663 0.570062 0.554783 0.541571 0.530222 0.520567 0.512470 0.505821 0.500532 0.496537 0.493785 0.492243 0.491892 0.492728 0.494760 0.498014 0.502529 0.508364 0.515591 0.524309 0.534637 0.546723 0.560751 0.576944 0.595577 0.616990 0.641604 0.669944 0.702674 0.740642 0.784948 0.837036 0.898847 0.963896 0.893854 0.835177 0.785505 0.743100 0.706654 0.675166 0.647859 0.624120 0.603461 0.585492 0.569895 0.556413 0.544837 0.534995 0.526748 0.519986 0.514619 0.510580 0.507817 0.506297 0.506001 0.506927 0.509084 7166.000000 1.053113 0.603994
0.616990 0.641604 0.669944 0.702674 0.740642 0.784948 0.837036 0.898847 0.963896 0.893854 0.835177 0.785505 0.743100 0.706654 0.675166 0.647859 0.624120 0.603461 0.585492 0.569895 0.556413 0.544837 0.534995 0.526748 0.519986 0.514619 0.510580 0.507817 0.506297 0.506001 0.506927 0.509084 0.512500 0.517216 0.523292 0.530807 0.539860 0.550577 0.563112 0.577655 0.594439 0.613751 0.635943 0.661453 0.690829 0.724763 0.764139 0.810103 0.864166 0.928356 0.964366 0.890151 0.828395 0.776402 0.732209 0.694359 0.661746 0.633517 0.609005 0.587682 0.569126 0.552997 0.539021 0.526971 0.516666 0.507957 0.500723 0.494867 0.490314 0.487007 0.484904 0.483981 0.484225 0.485640 0.488243 0.492066 0.497156 0.503579 0.511418 0.520779 0.531794 0.544626 0.559474 0.576581 0.596250 0.618852 0.644849 0.674823 0.709512 0.749866 0.797122 0.852928 0.919518 1.000000 0.941082 0.872315 0.814743 0.766031 0.724462 0.688747 0.657897 0.631149 0.607897 0.587663 0.570062 0.554783 0.541571 0.530222 0.520567 0.512470 0.505821 0.500532 0.496537 0.493785 0.492243 0.491892 0.492728 0.494760 0.498014 0.502529 0.508364 0.515591 0.524309 0.534637 0.546723 0.560751 0.576944 0.595577 7166.000000 1.053113 0.603994
0.647533 0.633683 0.621879 0.611954 0.603773 0.597228 0.592234 0.588730 0.586672 0.586035 0.586811 0.589011 0.592660 0.597804 0.604507 0.612856 0.622959 0.634957 0.649021 0.665360 0.684235 0.705962 0.730933 0.759632 0.792665 0.830793 0.874990 0.926510 0.987004 1.000000 0.935980 0.881659 0.835200 0.795212 0.760627 0.730611 0.704507 0.681790 0.662037 0.644907 0.630120 0.617451 0.606714 0.597759 0.590466 0.584741 0.580511 0.577724 0.576345 0.576358 0.577762 0.580576 0.584833 0.590586 0.597908 0.606895 0.617666 0.630373 0.645201 0.662377 0.682181 0.704956 0.731127 0.761220 0.795897 0.835993 0.882584 0.871680 0.836064 0.805106 0.778168 0.754733 0.734385 0.716788 0.701665 0.688792 0.677987 0.669102 0.662022 0.656655 0.652935 0.650816 0.650272 0.651296 0.653902 0.658121 0.664004 0.671626 0.681085 0.692506 0.706047 0.721902 0.740309 0.761563 0.786022 0.814131 0.807608 0.783742 0.763031 0.745135 0.729777 0.716732 0.705815 0.696879 0.689808 0.684511 0.680924 0.679000 0.678718 0.680074 0.683084 0.687786 0.694236 0.702517 0.712736 0.725029 0.739566 0.756559 0.776264 0.799000 0.825155 0.826773 0.789187 0.756614 0.728308 0.703677 0.682248 0.663637 9072.500000 1.119408 0.758856
0.807608 0.783742 0.763031 0.745135 0.729777 0.716732 0.705815 0.696879 0.689808 0.684511 0.680924 0.679000 0.678718 0.680074 0.683084 0.687786 0.694236 0.702517 0.712736 0.725029 0.739566 0.756559 0.776264 0.799000 0.825155 0.826773 0.789187 0.756614 0.728308 0.703677 0.682248 0.663637 0.647533 0.633683 0.621879 0.611954 0.603773 0.597228 0.592234 0.588730 0.586672 0.586035 0.586811 0.589011 0.592660 0.597804 0.604507 0.612856 0.622959 0.634957 0.649021 0.665360 0.684235 0.705962 0.730933 0.759632 0.792665 0.830793 0.874990 0.926510 0.987004 1.000000 0.935980 0.881659 0.835200 0.795212 0.760627 0.730611 0.704507 0.681790 0.662037 0.644907 0.630120 0.617451 0.606714 0.597759 0.590466 0.584741 0.580511 0.577724 0.576345 0.576358 0.577762 0.580576 0.584833 0.590586 0.597908 0.606895 0.617666 0.630373 0.645201 0.662377 0.682181 0.704956 0.731127 0.761220 0.795897 0.835993 0.882584 0.871680 0.836064 0.805106 0.778168 0.754733 0.734385 0.716788 0.701665 0.688792 0.677987 0.669102 0.662022 0.656655 0.652935 0.650816 0.650272 0.651296 0.653902 0.658121 0.664004 0.671626 0.681085 0.692506 0.706047 0.721902 0.740309 0.761563 0.786022 0.814131 9072.500000 1.119408 0.758856
0.795897 0.835993 0.882584 0.871680 0.836064 0.805106 0.778168 0.754733 0.734385 0.716788 0.701665 0.688792 0.677987 0.669102 0.662022 0.656655 0.652935 0.650816 0.650272 0.651296 0.653902 0.658121 0.664004 0.671626 0.681085 0.692506 0.706047 0.721902 0.740309 0.761563 0.786022 0.814131 0.807608 0.783742 0.763031 0.745135 0.729777 0.716732 0.705815 0.696879 0.689808 0.684511 0.680924 0.679000 0.678718 0.680074 0.683084 0.687786 0.694236 0.702517 0.712736 0.725029 0.739566 0.756559 0.776264 0.799000 0.825155 0.826773 0.789187 0.756614 0.728308 0.703677 0.682248 0.663637 0.647533 0.633683 0.621879 0.611954 0.603773 0.597228 0.592234 0.588730 0.586672 0.586035 0.586811 0.589011 0.592660 0.597804 0.604507 0.612856 0.622959 0.634957 0.649021 0.665360 0.684235 0.705962 0.730933 0.759632 0.792665 0.830793 0.874990 0.926510 0.987004 1.000000 0.935980 0.881659 0.835200 0.795212 0.760627 0.730611 0.704507 0.681790 0.662037 0.644907 0.630120 0.617451 0.606714 0.597759 0.590466 0.584741 0.580511 0.577724 0.576345 0.576358 0.577762 0.580576 0.584833 0.590586 0.597908 0.606895 0.617666 0.630373 0.645201 0.662377 0.682181 0.704956 0.731127 0.761220 9072.500000 1.119408 0.758856
0.835200 0.795212 0.760627 0.730611 0.704507 0.681790 0.662037 0.644907 0.630120 0.617451 0.606714 0.597759 0.590466 0.584741 0.580511 0.577724 0.576345 0.576358 0.577762 0.580576 0.584833 0.590586 0.597908 0.606895 0.617666 0.630373 0.645201 0.662377 0.682181 0.704956 0.731127 0.761220 0.795897 0.835993 0.882584 0.871680 0.836064 0.805106 0.778168 0.754733 0.734385 0.716788 0.701665 0.688792 0.677987 0.669102 0.662022 0.656655 0.652935 0.650816 0.650272 0.651296 0.653902 0.658121 0.664004 0.671626 0.681085 0.692506 0.706047 0.721902 0.740309 0.761563 0.786022 0.814131 0.807608 0.783742 0.763031 0.745135 0.729777 0.716732 0.705815 0.696879 0.689808 0.684511 0.680924 0.679000 0.678718 0.680074 0.683084 0.687786 0.694236 0.702517 0.712736 0.725029 0.739566 0.756559 0.776264 0.799000 0.825155 0.826773 0.789187 0.756614 0.728308 0.703677 0.682248 0.663637 0.647533 0.633683 0.621879 0.611954 0.603773 0.597228 0.592234 0.588730 0.586672 0.586035 0.586811 0.589011 0.592660 0.597804 0.604507 0.612856 0.622959 0.634957 0.649021 0.665360 0.684235 0.705962 0.730933 0.759632 0.792665 0.830793 0.874990 0.926510 0.987004 1.000000 0.935980 0.881659 9072.500000 1.119408 0.758856
0.668214 0.633571 0.603727 0.577897 0.555469 0.535961 0.518984 0.504227 0.491437 0.480409 0.470975 0.462997 0.456367 0.450995 0.446812 0.443765 0.441817 0.440943 0.441133 0.452636 0.466266 0.481939 0.499949 0.520660 0.544530 0.572138 0.604229 0.641771 0.686050 0.738804 0.802440 0.880393 0.932563 0.905182 0.881426 0.860906 0.843305 0.828365 0.815876 0.805671 0.797615 0.791607 0.787572 0.785461 0.785247 0.786929 0.790527 0.796084 0.784106 0.741973 0.705751 0.674450 0.647301 0.623697 0.603156 0.585290 0.569785 0.556387 0.544886 0.535114 0.526934 0.520235 0.514928 0.507769 0.501707 0.496972 0.493503 0.491257 0.490207 0.490340 0.491658 0.494177 0.497927 0.502956 0.509327 0.517124 0.526450 0.537438 0.550248 0.565078 0.582172 0.591577 0.598834 0.607754 0.618456 0.631089 0.645837 0.662926 0.682634 0.705300 0.731345 0.761293 0.795797 0.835685 0.882020 0.936183 1.000000 0.963575 0.891698 0.831665 0.780968 0.737772 0.700704 0.668716 0.640998 0.616913 0.595957 0.577723 0.561886 0.548179 0.536386 0.527547 0.538301 0.550857 0.565408 0.582189 0.601490 0.623669 0.649169 0.678548 0.712510 0.751958 0.798066 0.852385 0.880852 0.812846 0.756279 0.708670 6295.500000 1.342984 0.637925
1.000000 0.963575 0.891698 0.831665 0.780968 0.737772 0.700704 0.668716 0.640998 0.616913 0.595957 0.577723 0.561886 0.548179 0.536386 0.527547 0.538301 0.550857 0.565408 0.582189 0.601490 0.623669 0.649169 0.678548 0.712510 0.751958 0.798066 0.852385 0.880852 0.812846 0.756279 0.708670 0.668214 0.633571 0.603727 0.577897 0.555469 0.535961 0.518984 0.504227 0.491437 0.480409 0.470975 0.462997 0.456367 0.450995 0.446812 0.443765 0.441817 0.440943 0.441133 0.452636 0.466266 0.481939 0.499949 0.520660 0.544530 0.572138 0.604229 0.641771 0.686050 0.738804 0.802440 0.880393 0.932563 0.905182 0.881426 0.860906 0.843305 0.828365 0.815876 0.805671 0.797615 0.791607 0.787572 0.785461 0.785247 0.786929 0.790527 0.796084 0.784106 0.741973 0.705751 0.674450 0.647301 0.623697 0.603156 0.585290 0.569785 0.556387 0.544886 0.535114 0.526934 0.520235 0.514928 0.507769 0.501707 0.496972 0.493503 0.491257 0.490207 0.490340 0.491658 0.494177 0.497927 0.502956 0.509327 0.517124 0.526450 0.537438 0.550248 0.565078 0.582172 0.591577 0.598834 0.607754 0.618456 0.631089 0.645837 0.662926 0.682634 0.705300 0.731345 0.761293 0.795797 0.835685 0.882020 0.936183 6295.500000 1.342984 0.637925
0.501707 0.496972 0.493503 0.491257 0.490207 0.490340 0.491658 0.494177 0.497927 0.502956 0.509327 0.517124 0.526450 0.537438 0.550248 0.565078 0.582172 0.591577 0.598834 0.607754 0.618456 0.631089 0.645837 0.662926 0.682634 0.705300 0.731345 0.761293 0.795797 0.835685 0.882020 0.936183 1.000000 0.963575 0.891698 0.831665 0.780968 0.737772 0.700704 0.668716 0.640998 0.616913 0.595957 0.577723 0.561886 0.548179 0.536386 0.527547 0.538301 0.550857 0.565408 0.582189 0.601490 0.623669 0.649169 0.678548 0.712510 0.751958 0.798066 0.852385 0.880852 0.812846 0.756279 0.708670 0.668214 0.633571 0.603727 0.577897 0.555469 0.535961 0.518984 0.504227 0.491437 0.480409 0.470975 0.462997 0.456367 0.450995 0.446812 0.443765 0.441817 0.440943 0.441133 0.452636 0.466266 0.481939 0.499949 0.520660 0.544530 0.572138 0.604229 0.641771 0.686050 0.738804 0.802440 0.880393 0.932563 0.905182 0.881426 0.860906 0.843305 0.828365 0.815876 0.805671 0.797615 0.791607 0.787572 0.785461 0.785247 0.786929 0.790527 0.796084 0.784106 0.741973 0.705751 0.674450 0.647301 0.623697 0.603156 0.585290 0.569785 0.556387 0.544886 0.535114 0.526934 0.520235 0.514928 0.507769 6295.500000 1.342984 0.637925
0.932563 0.905182 0.881426 0.860906 0.843305 0.828365 0.815876 0.805671 0.797615 0.791607 0.787572 0.785461 0.785247 0.786929 0.790527 0.796084 0.784106 0.741973 0.705751 0.674450 0.647301 0.623697 0.603156 0.585290 0.569785 0.556387 0.544886 0.535114 0.526934 0.520235 0.514928 0.507769 0.501707 0.496972 0.493503 0.491257 0.490207 0.490340 0.491658 0.494177 0.497927 0.502956 0.509327 0.517124 0.526450 0.537438 0.550248 0.565078 0.582172 0.591577 0.598834 0.607754 0.618456 0.631089 0.645837 0.662926 0.682634 0.705300 0.731345 0.761293 0.795797 0.835685 0.882020 0.936183 1.000000 0.963575 0.891698 0.831665 0.780968 0.737772 0.700704 0.668716 0.640998 0.616913 0.595957 0.577723 0.561886 0.548179 0.536386 0.527547 0.538301 0.550857 0.565408 0.582189 0.601490 0.623669 0.649169 0.678548 0.712510 0.751958 0.798066 0.852385 0.880852 0.812846 0.756279 0.708670 0.668214 0.633571 0.603727 0.577897 0.555469 0.535961 0.518984 0.504227 0.491437 0.480409 0.470975 0.462997 0.456367 0.450995 0.446812 0.443765 0.441817 0.440943 0.441133 0.452636 0.466266 0.481939 0.499949 0.520660 0.544530 0.572138 0.604229 0.641771 0.686050 0.738804 0.802440 0.880393 6295.500000 1.342984 0.637925
1.000000 0.890545 0.804434 0.735122 0.678311 0.631063 0.591300 0.557514 0.528585 0.503664 0.482096 0.463369 0.447080 0.432905 0.420583 0.409903 0.400694 0.392815 0.386152 0.380613 0.376124 0.372627 0.370077 0.368444 0.367707 0.367858 0.368897 0.370839 0.373706 0.377534 0.382373 0.388284 0.395349 0.403666 0.413357 0.424574 0.437499 0.452360 0.469437 0.489078 0.511721 0.537922 0.568393 0.604067 0.646179 0.696406 0.707537 0.676610 0.649774 0.626437 0.606127 0.588467 0.573147 0.559920 0.548582 0.538966 0.530939 0.524392 0.519240 0.515418 0.512878 0.511590 0.511537 0.512720 0.515152 0.518862 0.523899 0.530324 0.538221 0.547696 0.558882 0.571940 0.587071 0.604521 0.624591 0.647653 0.674169 0.704720 0.740039 0.781065 0.775537 0.705987 0.649321 0.602419 0.563101 0.529800 0.501357 0.476904 0.455771 0.437442 0.421505 0.407637 0.395575 0.385107 0.376061 0.368298 0.361702 0.356182 0.351661 0.348083 0.345400 0.343579 0.342599 0.342446 0.343121 0.344629 0.346991 0.350235 0.354401 0.359545 0.365735 0.373055 0.381613 0.391538 0.402990 0.416165 0.431304 0.448709 0.468754 0.491914 0.518796 0.550188 0.587130 0.631019 0.683780 0.748136 0.828066 0.929627 743.500000 1.585503 0.560331
0.361702 0.356182 0.351661 0.348083 0.345400 0.343579 0.342599 0.342446 0.343121 0.344629 0.346991 0.350235 0.354401 0.359545 0.365735 0.373055 0.381613 0.391538 0.402990 0.416165 0.431304 0.448709 0.468754 0.491914 0.518796 0.550188 0.587130 0.631019 0.683780 0.748136 0.828066 0.929627 1.000000 0.890545 0.804434 0.735122 0.678311 0.631063 0.591300 0.557514 0.528585 0.503664 0.482096 0.463369 0.447080 0.432905 0.420583 0.409903 0.400694 0.392815 0.386152 0.380613 0.376124 0.372627 0.370077 0.368444 0.367707 0.367858 0.368897 0.370839 0.373706 0.377534 0.382373 0.388284 0.395349 0.403666 0.413357 0.424574 0.437499 0.452360 0.469437 0.489078 0.511721 0.537922 0.568393 0.604067 0.646179 0.696406 0.707537 0.676610 0.649774 0.626437 0.606127 0.588467 0.573147 0.559920 0.548582 0.538966 0.530939 0.524392 0.519240 0.515418 0.512878 0.511590 0.511537 0.512720 0.515152 0.518862 0.523899 0.530324 0.538221 0.547696 0.558882 0.571940 0.587071 0.604521 0.624591 0.647653 0.674169 0.704720 0.740039 0.781065 0.775537 0.705987 0.649321 0.602419 0.563101 0.529800 0.501357 0.476904 0.455771 0.437442 0.421505 0.407637 0.395575 0.385107 0.376061 0.368298 743.500000 1.585503 0.560331
0.515152 0.518862 0.523899 0.530324 0.538221 0.547696 0.558882 0.571940 0.587071 0.604521 0.624591 0.647653 0.674169 0.704720 0.740039 0.781065 0.775537 0.705987 0.649321 0.602419 0.563101 0.529800 0.501357 0.476904 0.455771 0.437442 0.421505 0.407637 0.395575 0.385107 0.376061 0.368298 0.361702 0.356182 0.351661 0.348083 0.345400 0.343579 0.342599 0.342446 0.343121 0.344629 0.346991 0.350235 0.354401 0.359545 0.365735 0.373055 0.381613 0.391538 0.402990 0.416165 0.431304 0.448709 0.468754 0.491914 0.518796 0.550188 0.587130 0.631019 0.683780 0.748136 0.828066 0.929627 1.000000 0.890545 0.804434 0.735122 0.678311 0.631063 0.591300 0.557514 0.528585 0.503664 0.482096 0.463369 0.447080 0.432905 0.420583 0.409903 0.400694 0.392815 0.386152 0.380613 0.376124 0.372627 0.370077 0.368444 0.367707 0.367858 0.368897 0.370839 0.373706 0.377534 0.382373 0.388284 0.395349 0.403666 0.413357 0.424574 0.437499 0.452360 0.469437 0.489078 0.511721 0.537922 0.568393 0.604067 0.646179 0.696406 0.707537 0.676610 0.649774 0.626437 0.606127 0.588467 0.573147 0.559920 0.548582 0.538966 0.530939 0.524392 0.519240 0.515418 0.512878 0.511590 0.511537 0.512720 743.500000 1.585503 0.560331
0.395349 0.403666 0.413357 0.424574 0.437499 0.452360 0.469437 0.489078 0.511721 0.537922 0.568393 0.604067 0.646179 0.696406 0.707537 0.676610 0.649774 0.626437 0.606127 0.588467 0.573147 0.559920 0.548582 0.538966 0.530939 0.524392 0.519240 0.515418 0.512878 0.511590 0.511537 0.512720 0.515152 0.518862 0.523899 0.530324 0.538221 0.547696 0.558882 0.571940 0.587071 0.604521 0.624591 0.647653 0.674169 0.704720 0.740039 0.781065 0.775537 0.705987 0.649321 0.602419 0.563101 0.529800 0.501357 0.476904 0.455771 0.437442 0.421505 0.407637 0.395575 0.385107 0.376061 0.368298 0.361702 0.356182 0.351661 0.348083 0.345400 0.343579 0.342599 0.342446 0.343121 0.344629 0.346991 0.350235 0.354401 0.359545 0.365735 0.373055 0.381613 0.391538 0.402990 0.416165 0.431304 0.448709 0.468754 0.491914 0.518796 0.550188 0.587130 0.631019 0.683780 0.748136 0.828066 0.929627 1.000000 0.890545 0.804434 0.735122 0.678311 0.631063 0.591300 0.557514 0.528585 0.503664 0.482096 0.463369 0.447080 0.432905 0.420583 0.409903 0.400694 0.392815 0.386152 0.380613 0.376124 0.372627 0.370077 0.368444 0.367707 0.367858 0.368897 0.370839 0.373706 0.377534 0.382373 0.388284 743.500000 1.585503 0.560331
0.809298 0.817898 0.795516 0.776146 0.759483 0.745278 0.733329 0.723472 0.715578 0.709545 0.705298 0.702785 0.701974 0.702857 0.689114 0.674201 0.661480 0.650768 0.641920 0.634818 0.629371 0.625510 0.623189 0.622379 0.623070 0.625271 0.629008 0.634327 0.641295 0.650001 0.660560 0.673116 0.687848 0.704976 0.724769 0.709781 0.684519 0.662534 0.643420 0.626845 0.612541 0.600290 0.589912 0.581264 0.574228 0.568715 0.564654 0.561995 0.560705 0.560769 0.562188 0.564978 0.569174 0.574828 0.587643 0.603939 0.622707 0.644281 0.669074 0.697598 0.730501 0.768605 0.812969 0.864980 0.926485 1.000000 0.989306 0.937803 0.893443 0.855057 0.821732 0.792745 0.767519 0.745590 0.726581 0.710186 0.696154 0.684283 0.674407 0.663506 0.633406 0.607318 0.584646 0.564918 0.547755 0.532850 0.519954 0.508864 0.499415 0.491474 0.484931 0.487169 0.491640 0.497404 0.504535 0.513127 0.523300 0.535199 0.549006 0.564940 0.583275 0.604344 0.628564 0.656453 0.688668 0.726048 0.769678 0.783252 0.764334 0.748068 0.734212 0.722569 0.712980 0.705319 0.699489 0.695415 0.693049 0.692361 0.693343 0.696007 0.700386 0.706532 0.714524 0.724465 0.736485 0.750749 0.767463 0.786877 4057.500000 1.275254 0.773187
0.523300 0.535199 0.549006 0.564940 0.583275 0.604344 0.628564 0.656453 0.688668 0.726048 0.769678 0.783252 0.764334 0.748068 0.734212 0.722569 0.712980 0.705319 0.699489 0.695415 0.693049 0.692361 0.693343 0.696007 0.700386 0.706532 0.714524 0.724465 0.736485 0.750749 0.767463 0.786877 0.809298 0.817898 0.795516 0.776146 0.759483 0.745278 0.733329 0.723472 0.715578 0.709545 0.705298 0.702785 0.701974 0.702857 0.689114 0.674201 0.661480 0.650768 0.641920 0.634818 0.629371 0.625510 0.623189 0.622379 0.623070 0.625271 0.629008 0.634327 0.641295 0.650001 0.660560 0.673116 0.687848 0.704976 0.724769 0.709781 0.684519 0.662534 0.643420 0.626845 0.612541 0.600290 0.589912 0.581264 0.574228 0.568715 0.564654 0.561995 0.560705 0.560769 0.562188 0.564978 0.569174 0.574828 0.587643 0.603939 0.622707 0.644281 0.669074 0.697598 0.730501 0.768605 0.812969 0.864980 0.926485 1.000000 0.989306 0.937803 0.893443 0.855057 0.821732 0.792745 0.767519 0.745590 0.726581 0.710186 0.696154 0.684283 0.674407 0.663506 0.633406 0.607318 0.584646 0.564918 0.547755 0.532850 0.519954 0.508864 0.499415 0.491474 0.484931 0.487169 0.491640 0.497404 0.504535 0.513127 4057.500000 1.275254 0.773187
0.926485 1.000000 0.989306 0.937803 0.893443 0.855057 0.821732 0.792745 0.767519 0.745590 0.726581 0.710186 0.696154 0.684283 0.674407 0.663506 0.633406 0.607318 0.584646 0.564918 0.547755 0.532850 0.519954 0.508864 0.499415 0.491474 0.484931 0.487169 0.491640 0.497404 0.504535 0.513127 0.523300 0.535199 0.549006 0.564940 0.583275 0.604344 0.628564 0.656453 0.688668 0.726048 0.769678 0.783252 0.764334 0.748068 0.734212 0.722569 0.712980 0.705319 0.699489 0.695415 0.693049 0.692361 0.693343 0.696007 0.700386 0.706532 0.714524 0.724465 0.736485 0.750749 0.767463 0.786877 0.809298 0.817898 0.795516 0.776146 0.759483 0.745278 0.733329 0.723472 0.715578 0.709545 0.705298 0.702785 0.701974 0.702857 0.689114 0.674201 0.661480 0.650768 0.641920 0.634818 0.629371 0.625510 0.623189 0.622379 0.623070 0.625271 0.629008 0.634327 0.641295 0.650001 0.660560 0.673116 0.687848 0.704976 0.724769 0.709781 0.684519 0.662534 0.643420 0.626845 0.612541 0.600290 0.589912 0.581264 0.574228 0.568715 0.564654 0.561995 0.560705 0.560769 0.562188 0.564978 0.569174 0.574828 0.587643 0.603939 0.622707 0.644281 0.669074 0.697598 0.730501 0.768605 0.812969 0.864980 4057.500000 1.275254 0.773187
0.687848 0.704976 0.724769 0.709781 0.684519 0.662534 0.643420 0.626845 0.612541 0.600290 0.589912 0.581264 0.574228 0.568715 0.564654 0.561995 0.560705 0.560769 0.562188 0.564978 0.569174 0.574828 0.587643 0.603939 0.622707 0.644281 0.669074 0.697598 0.730501 0.768605 0.812969 0.864980 0.926485 1.000000 0.989306 0.937803 0.893443 0.855057 0.821732 0.792745 0.767519 0.745590 0.726581 0.710186 0.696154 0.684283 0.674407 0.663506 0.633406 0.607318 0.584646 0.564918 0.547755 0.532850 0.519954 0.508864 0.499415 0.491474 0.484931 0.487169 0.491640 0.497404 0.504535 0.513127 0.523300 0.535199 0.549006 0.564940 0.583275 0.604344 0.628564 0.656453 0.688668 0.726048 0.769678 0.783252 0.764334 0.748068 0.734212 0.722569 0.712980 0.705319 0.699489 0.695415 0.693049 0.692361 0.693343 0.696007 0.700386 0.706532 0.714524 0.724465 0.736485 0.750749 0.767463 0.786877 0.809298 0.817898 0.795516 0.776146 0.759483 0.745278 0.733329 0.723472 0.715578 0.709545 0.705298 0.702785 0.701974 0.702857 0.689114 0.674201 0.661480 0.650768 0.641920 0.634818 0.629371 0.625510 0.623189 0.622379 0.623070 0.625271 0.629008 0.634327 0.641295 0.650001 0.660560 0.673116 4057.500000 1.275254 0.773187
0.905336 0.949171 1.000000 0.966913 0.935619 0.908407 0.884804 0.864426 0.846961 0.832152 0.819793 0.809718 0.801796 0.795926 0.792036 0.790077 0.790027 0.791885 0.795672 0.801436 0.809248 0.819207 0.831442 0.846117 0.863437 0.883654 0.907078 0.934089 0.930204 0.898412 0.870750 0.846718 0.825915 0.808008 0.792731 0.779865 0.769233 0.760695 0.754142 0.749491 0.746684 0.745688 0.746491 0.749102 0.753553 0.759899 0.768219 0.778620 0.791239 0.792035 0.779203 0.768603 0.760093 0.753565 0.748938 0.746153 0.745178 0.746000 0.748629 0.753098 0.759461 0.767798 0.778215 0.790850 0.805876 0.823507 0.844005 0.834681 0.823302 0.814164 0.807150 0.802171 0.799168 0.798102 0.798961 0.801755 0.806520 0.813312 0.822217 0.833349 0.846854 0.862918 0.881768 0.903686 0.929017 0.958183 0.991707 0.961807 0.934262 0.910383 0.889785 0.872152 0.857230 0.844811 0.834729 0.826853 0.821084 0.817350 0.815606 0.815831 0.818027 0.799643 0.775461 0.754464 0.736301 0.720687 0.707390 0.696222 0.687031 0.679695 0.674121 0.670240 0.668002 0.667382 0.668372 0.670984 0.675250 0.681221 0.688974 0.698607 0.710250 0.724060 0.740237 0.759024 0.780719 0.805689 0.834385 0.867367 1456.500000 1.149725 0.870624
0.821084 0.817350 0.815606 0.815831 0.818027 0.799643 0.775461 0.754464 0.736301 0.720687 0.707390 0.696222 0.687031 0.679695 0.674121 0.670240 0.668002 0.667382 0.668372 0.670984 0.675250 0.681221 0.688974 0.698607 0.710250 0.724060 0.740237 0.759024 0.780719 0.805689 0.834385 0.867367 0.905336 0.949171 1.000000 0.966913 0.935619 0.908407 0.884804 0.864426 0.846961 0.832152 0.819793 0.809718 0.801796 0.795926 0.792036 0.790077 0.790027 0.791885 0.795672 0.801436 0.809248 0.819207 0.831442 0.846117 0.863437 0.883654 0.907078 0.934089 0.930204 0.898412 0.870750 0.846718 0.825915 0.808008 0.792731 0.779865 0.769233 0.760695 0.754142 0.749491 0.746684 0.745688 0.746491 0.749102 0.753553 0.759899 0.768219 0.778620 0.791239 0.792035 0.779203 0.768603 0.760093 0.753565 0.748938 0.746153 0.745178 0.746000 0.748629 0.753098 0.759461 0.767798 0.778215 0.790850 0.805876 0.823507 0.844005 0.834681 0.823302 0.814164 0.807150 0.802171 0.799168 0.798102 0.798961 0.801755 0.806520 0.813312 0.822217 0.833349 0.846854 0.862918 0.881768 0.903686 0.929017 0.958183 0.991707 0.961807 0.934262 0.910383 0.889785 0.872152 0.857230 0.844811 0.834729 0.826853 1456.500000 1.149725 0.870624
0.805876 0.823507 0.844005 0.834681 0.823302 0.814164 0.807150 0.802171 0.799168 0.798102 0.798961 0.801755 0.806520 0.813312 0.822217 0.833349 0.846854 0.862918 0.881768 0.903686 0.929017 0.958183 0.991707 0.961807 0.934262 0.910383 0.889785 0.872152 0.857230 0.844811 0.834729 0.826853 0.821084 0.817350 0.815606 0.815831 0.818027 0.799643 0.775461 0.754464 0.736301 0.720687 0.707390 0.696222 0.687031 0.679695 0.674121 0.670240 0.668002 0.667382 0.668372 0.670984 0.675250 0.681221 0.688974 0.698607 0.710250 0.724060 0.740237 0.759024 0.780719 0.805689 0.834385 0.867367 0.905336 0.949171 1.000000 0.966913 0.935619 0.908407 0.884804 0.864426 0.846961 0.832152 0.819793 0.809718 0.801796 0.795926 0.792036 0.790077 0.790027 0.791885 0.795672 0.801436 0.809248 0.819207 0.831442 0.846117 0.863437 0.883654 0.907078 0.934089 0.930204 0.898412 0.870750 0.846718 0.825915 0.808008 0.792731 0.779865 0.769233 0.760695 0.754142 0.749491 0.746684 0.745688 0.746491 0.749102 0.753553 0.759899 0.768219 0.778620 0.791239 0.792035 0.779203 0.768603 0.760093 0.753565 0.748938 0.746153 0.745178 0.746000 0.748629 0.753098 0.759461 0.767798 0.778215 0.790850 1456.500000 1.149725 0.870624
0.825915 0.808008 0.792731 0.779865 0.769233 0.760695 0.754142 0.749491 0.746684 0.745688 0.746491 0.749102 0.753553 0.759899 0.768219 0.778620 0.791239 0.792035 0.779203 0.768603 0.760093 0.753565 0.748938 0.746153 0.745178 0.746000 0.748629 0.753098 0.759461 0.767798 0.778215 0.790850 0.805876 0.823507 0.844005 0.834681 0.823302 0.814164 0.807150 0.802171 0.799168 0.798102 0.798961 0.801755 0.806520 0.813312 0.822217 0.833349 0.846854 0.862918 0.881768 0.903686 0.929017 0.958183 0.991707 0.961807 0.934262 0.910383 0.889785 0.872152 0.857230 0.844811 0.834729 0.826853 0.821084 0.817350 0.815606 0.815831 0.818027 0.799643 0.775461 0.754464 0.736301 0.720687 0.707390 0.696222 0.687031 0.679695 0.674121 0.670240 0.668002 0.667382 0.668372 0.670984 0.675250 0.681221 0.688974 0.698607 0.710250 0.724060 0.740237 0.759024 0.780719 0.805689 0.834385 0.867367 0.905336 0.949171 1.000000 0.966913 0.935619 0.908407 0.884804 0.864426 0.846961 0.832152 0.819793 0.809718 0.801796 0.795926 0.792036 0.790077 0.790027 0.791885 0.795672 0.801436 0.809248 0.819207 0.831442 0.846117 0.863437 0.883654 0.907078 0.934089 0.930204 0.898412 0.870750 0.846718 1456.500000 1.149725 0.870624
1.000000 0.978290 0.934449 0.896435 0.863392 0.834638 0.809625 0.787910 0.769135 0.753005 0.739282 0.727772 0.718319 0.710799 0.705116 0.701199 0.699000 0.698492 0.699669 0.702545 0.707156 0.713558 0.721832 0.732084 0.744452 0.759104 0.776252 0.796155 0.819131 0.845571 0.854076 0.834837 0.818374 0.804447 0.792865 0.783473 0.776148 0.770798 0.767358 0.765785 0.766060 0.768187 0.772191 0.778122 0.786052 0.796083 0.808347 0.823007 0.840271 0.852970 0.830759 0.811580 0.795140 0.781197 0.769556 0.760061 0.752589 0.747045 0.743359 0.741487 0.741406 0.743115 0.746635 0.752008 0.759302 0.768609 0.780049 0.793776 0.809982 0.828901 0.850823 0.876105 0.905183 0.938596 0.917772 0.884673 0.855868 0.830818 0.809087 0.790319 0.774224 0.760568 0.749159 0.739843 0.732499 0.727033 0.723378 0.721490 0.721344 0.722939 0.726296 0.731454 0.738477 0.747455 0.758504 0.771771 0.787441 0.805743 0.826955 0.851420 0.861840 0.834994 0.811665 0.791459 0.774055 0.759189 0.746648 0.736260 0.727886 0.721419 0.716777 0.713904 0.712764 0.713343 0.715649 0.719709 0.725573 0.733315 0.743033 0.754855 0.768942 0.785493 0.804753 0.827024 0.852676 0.882163 0.916048 0.955033 10180.000000 1.054693 0.848123
0.787441 0.805743 0.826955 0.851420 0.861840 0.834994 0.811665 0.791459 0.774055 0.759189 0.746648 0.736260 0.727886 0.721419 0.716777 0.713904 0.712764 0.713343 0.715649 0.719709 0.725573 0.733315 0.743033 0.754855 0.768942 0.785493 0.804753 0.827024 0.852676 0.882163 0.916048 0.955033 1.000000 0.978290 0.934449 0.896435 0.863392 0.834638 0.809625 0.787910 0.769135 0.753005 0.739282 0.727772 0.718319 0.710799 0.705116 0.701199 0.699000 0.698492 0.699669 0.702545 0.707156 0.713558 0.721832 0.732084 0.744452 0.759104 0.776252 0.796155 0.819131 0.845571 0.854076 0.834837 0.818374 0.804447 0.792865 0.783473 0.776148 0.770798 0.767358 0.765785 0.766060 0.768187 0.772191 0.778122 0.786052 0.796083 0.808347 0.823007 0.840271 0.852970 0.830759 0.811580 0.795140 0.781197 0.769556 0.760061 0.752589 0.747045 0.743359 0.741487 0.741406 0.743115 0.746635 0.752008 0.759302 0.768609 0.780049 0.793776 0.809982 0.828901 0.850823 0.876105 0.905183 0.938596 0.917772 0.884673 0.855868 0.830818 0.809087 0.790319 0.774224 0.760568 0.749159 0.739843 0.732499 0.727033 0.723378 0.721490 0.721344 0.722939 0.726296 0.731454 0.738477 0.747455 0.758504 0.771771 10180.000000 1.054693 0.848123
0.759302 0.768609 0.780049 0.793776 0.809982 0.828901 0.850823 0.876105 0.905183 0.938596 0.917772 0.884673 0.855868 0.830818 0.809087 0.790319 0.774224 0.760568 0.749159 0.739843 0.732499 0.727033 0.723378 0.721490 0.721344 0.722939 0.726296 0.731454 0.738477 0.747455 0.758504 0.771771 0.787441 0.805743 0.826955 0.851420 0.861840 0.834994 0.811665 0.791459 0.774055 0.759189 0.746648 0.736260 0.727886 0.721419 0.716777 0.713904 0.712764 0.713343 0.715649 0.719709 0.725573 0.733315 0.743033 0.754855 0.768942 0.785493 0.804753 0.827024 0.852676 0.882163 0.916048 0.955033 1.000000 0.978290 0.934449 0.896435 0.863392 0.834638 0.809625 0.787910 0.769135 0.753005 0.739282 0.727772 0.718319 0.710799 0.705116 0.701199 0.699000 0.698492 0.699669 0.702545 0.707156 0.713558 0.721832 0.732084 0.744452 0.759104 0.776252 0.796155 0.819131 0.845571 0.854076 0.834837 0.818374 0.804447 0.792865 0.783473 0.776148 0.770798 0.767358 0.765785 0.766060 0.768187 0.772191 0.778122 0.786052 0.796083 0.808347 0.823007 0.840271 0.852970 0.830759 0.811580 0.795140 0.781197 0.769556 0.760061 0.752589 0.747045 0.743359 0.741487 0.741406 0.743115 0.746635 0.752008 10180.000000 1.054693 0.848123
0.818374 0.804447 0.792865 0.783473 0.776148 0.770798 0.767358 0.765785 0.766060 0.768187 0.772191 0.778122 0.786052 0.796083 0.808347 0.823007 0.840271 0.852970 0.830759 0.811580 0.795140 0.781197 0.769556 0.760061 0.752589 0.747045 0.743359 0.741487 0.741406 0.743115 0.746635 0.752008 0.759302 0.768609 0.780049 0.793776 0.809982 0.828901 0.850823 0.876105 0.905183 0.938596 0.917772 0.884673 0.855868 0.830818 0.809087 0.790319 0.774224 0.760568 0.749159 0.739843 0.732499 0.727033 0.723378 0.721490 0.721344 0.722939 0.726296 0.731454 0.738477 0.747455 0.758504 0.771771 0.787441 0.805743 0.826955 0.851420 0.861840 0.834994 0.811665 0.791459 0.774055 0.759189 0.746648 0.736260 0.727886 0.721419 0.716777 0.713904 0.712764 0.713343 0.715649 0.719709 0.725573 0.733315 0.743033 0.754855 0.768942 0.785493 0.804753 0.827024 0.852676 0.882163 0.916048 0.955033 1.000000 0.978290 0.934449 0.896435 0.863392 0.834638 0.809625 0.787910 0.769135 0.753005 0.739282 0.727772 0.718319 0.710799 0.705116 0.701199 0.699000 0.698492 0.699669 0.702545 0.707156 0.713558 0.721832 0.732084 0.744452 0.759104 0.776252 0.796155 0.819131 0.845571 0.854076 0.834837 10180.000000 1.054693 0.848123
0.962792 0.905764 0.857064 0.815197 0.779019 0.747640 0.720360 0.696619 0.675970 0.658049 0.642562 0.629269 0.617973 0.608515 0.600768 0.594630 0.590024 0.586891 0.585194 0.584911 0.586040 0.588594 0.592605 0.598121 0.605212 0.613971 0.614079 0.604170 0.595989 0.589428 0.584402 0.580848 0.578724 0.578002 0.578674 0.580749 0.584251 0.589224 0.595729 0.603851 0.613696 0.625399 0.639127 0.655084 0.673523 0.694753 0.719153 0.747194 0.779466 0.816707 0.859860 0.910144 0.924069 0.892430 0.864900 0.840983 0.820276 0.802451 0.787241 0.774427 0.763835 0.755324 0.748784 0.744133 0.741315 0.740295 0.741061 0.743621 0.748007 0.754274 0.762499 0.772787 0.785274 0.800131 0.803019 0.765158 0.732391 0.703941 0.679194 0.657659 0.638939 0.622714 0.608723 0.596753 0.586630 0.578215 0.571395 0.566082 0.562208 0.559727 0.558607 0.558835 0.560414 0.563363 0.567718 0.573534 0.580883 0.589863 0.600595 0.613229 0.627951 0.644990 0.664625 0.687200 0.713142 0.717665 0.708807 0.701835 0.696661 0.693220 0.691471 0.691392 0.692983 0.696262 0.701269 0.708067 0.716742 0.727407 0.740203 0.755311 0.772948 0.793386 0.816956 0.844064 0.875215 0.911031 0.952296 1.000000 665.500000 1.416100 0.801585
0.580883 0.589863 0.600595 0.613229 0.627951 0.644990 0.664625 0.687200 0.713142 0.717665 0.708807 0.701835 0.696661 0.693220 0.691471 0.691392 0.692983 0.696262 0.701269 0.708067 0.716742 0.727407 0.740203 0.755311 0.772948 0.793386 0.816956 0.844064 0.875215 0.911031 0.952296 1.000000 0.962792 0.905764 0.857064 0.815197 0.779019 0.747640 0.720360 0.696619 0.675970 0.658049 0.642562 0.629269 0.617973 0.608515 0.600768 0.594630 0.590024 0.586891 0.585194 0.584911 0.586040 0.588594 0.592605 0.598121 0.605212 0.613971 0.614079 0.604170 0.595989 0.589428 0.584402 0.580848 0.578724 0.578002 0.578674 0.580749 0.584251 0.589224 0.595729 0.603851 0.613696 0.625399 0.639127 0.655084 0.673523 0.694753 0.719153 0.747194 0.779466 0.816707 0.859860 0.910144 0.924069 0.892430 0.864900 0.840983 0.820276 0.802451 0.787241 0.774427 0.763835 0.755324 0.748784 0.744133 0.741315 0.740295 0.741061 0.743621 0.748007 0.754274 0.762499 0.772787 0.785274 0.800131 0.803019 0.765158 0.732391 0.703941 0.679194 0.657659 0.638939 0.622714 0.608723 0.596753 0.586630 0.578215 0.571395 0.566082 0.562208 0.559727 0.558607 0.558835 0.560414 0.563363 0.567718 0.573534 665.500000 1.416100 0.801585
0.741315 0.740295 0.741061 0.743621 0.748007 0.754274 0.762499 0.772787 0.785274 0.800131 0.803019 0.765158 0.732391 0.703941 0.679194 0.657659 0.638939 0.622714 0.608723 0.596753 0.586630 0.578215 0.571395 0.566082 0.562208 0.559727 0.558607 0.558835 0.560414 0.563363 0.567718 0.573534 0.580883 0.589863 0.600595 0.613229 0.627951 0.644990 0.664625 0.687200 0.713142 0.717665 0.708807 0.701835 0.696661 0.693220 0.691471 0.691392 0.692983 0.696262 0.701269 0.708067 0.716742 0.727407 0.740203 0.755311 0.772948 0.793386 0.816956 0.844064 0.875215 0.911031 0.952296 1.000000 0.962792 0.905764 0.857064 0.815197 0.779019 0.747640 0.720360 0.696619 0.675970 0.658049 0.642562 0.629269 0.617973 0.608515 0.600768 0.594630 0.590024 0.586891 0.585194 0.584911 0.586040 0.588594 0.592605 0.598121 0.605212 0.613971 0.614079 0.604170 0.595989 0.589428 0.584402 0.580848 0.578724 0.578002 0.578674 0.580749 0.584251 0.589224 0.595729 0.603851 0.613696 0.625399 0.639127 0.655084 0.673523 0.694753 0.719153 0.747194 0.779466 0.816707 0.859860 0.910144 0.924069 0.892430 0.864900 0.840983 0.820276 0.802451 0.787241 0.774427 0.763835 0.755324 0.748784 0.744133 665.500000 1.416100 0.801585
0.578724 0.578002 0.578674 0.580749 0.584251 0.589224 0.595729 0.603851 0.613696 0.625399 0.639127 0.655084 0.673523 0.694753 0.719153 0.747194 0.779466 0.816707 0.859860 0.910144 0.924069 0.892430 0.864900 0.840983 0.820276 0.802451 0.787241 0.774427 0.763835 0.755324 0.748784 0.744133 0.741315 0.740295 0.741061 0.743621 0.748007 0.754274 0.762499 0.772787 0.785274 0.800131 0.803019 0.765158 0.732391 0.703941 0.679194 0.657659 0.638939 0.622714 0.608723 0.596753 0.586630 0.578215 0.571395 0.566082 0.562208 0.559727 0.558607 0.558835 0.560414 0.563363 0.567718 0.573534 0.580883 0.589863 0.600595 0.613229 0.627951 0.644990 0.664625 0.687200 0.713142 0.717665 0.708807 0.701835 0.696661 0.693220 0.691471 0.691392 0.692983 0.696262 0.701269 0.708067 0.716742 0.727407 0.740203 0.755311 0.772948 0.793386 0.816956 0.844064 0.875215 0.911031 0.952296 1.000000 0.962792 0.905764 0.857064 0.815197 0.779019 0.747640 0.720360 0.696619 0.675970 0.658049 0.642562 0.629269 0.617973 0.608515 0.600768 0.594630 0.590024 0.586891 0.585194 0.584911 0.586040 0.588594 0.592605 0.598121 0.605212 0.613971 0.614079 0.604170 0.595989 0.589428 0.584402 0.580848 665.500000 1.416100 0.801585
0.891819 1.000000 0.908638 0.834415 0.773124 0.721841 0.678471 0.641475 0.609698 0.582257 0.558467 0.537790 0.519796 0.504143 0.490553 0.478799 0.468698 0.460099 0.452882 0.446948 0.442219 0.438635 0.436151 0.434736 0.434373 0.435058 0.436799 0.439617 0.443548 0.448640 0.454959 0.462589 0.471635 0.482227 0.494524 0.508722 0.525062 0.543840 0.565423 0.590271 0.618964 0.652240 0.691056 0.686191 0.654378 0.626828 0.602897 0.582078 0.563961 0.548219 0.534585 0.522842 0.512812 0.504352 0.497345 0.491699 0.487340 0.484214 0.482283 0.481522 0.481923 0.483490 0.486242 0.490214 0.495455 0.502031 0.510030 0.519560 0.530755 0.543783 0.558846 0.576195 0.596138 0.619056 0.645423 0.675838 0.711058 0.752062 0.800130 0.856968 0.924896 0.847063 0.765764 0.700244 0.646486 0.601740 0.564059 0.532024 0.504583 0.480936 0.460466 0.442690 0.427226 0.413769 0.402074 0.391939 0.383203 0.375734 0.369423 0.364184 0.359946 0.356655 0.354270 0.352760 0.352107 0.352305 0.353354 0.355268 0.358070 0.361795 0.366491 0.372219 0.379056 0.387099 0.396467 0.407305 0.419791 0.434147 0.450643 0.469619 0.491499 0.516823 0.546286 0.580796 0.621557 0.670209 0.729029 0.801283 5676.000000 1.494167 0.568826
0.383203 0.375734 0.369423 0.364184 0.359946 0.356655 0.354270 0.352760 0.352107 0.352305 0.353354 0.355268 0.358070 0.361795 0.366491 0.372219 0.379056 0.387099 0.396467 0.407305 0.419791 0.434147 0.450643 0.469619 0.491499 0.516823 0.546286 0.580796 0.621557 0.670209 0.729029 0.801283 0.891819 1.000000 0.908638 0.834415 0.773124 0.721841 0.678471 0.641475 0.609698 0.582257 0.558467 0.537790 0.519796 0.504143 0.490553 0.478799 0.468698 0.460099 0.452882 0.446948 0.442219 0.438635 0.436151 0.434736 0.434373 0.435058 0.436799 0.439617 0.443548 0.448640 0.454959 0.462589 0.471635 0.482227 0.494524 0.508722 0.525062 0.543840 0.565423 0.590271 0.618964 0.652240 0.691056 0.686191 0.654378 0.626828 0.602897 0.582078 0.563961 0.548219 0.534585 0.522842 0.512812 0.504352 0.497345 0.491699 0.487340 0.484214 0.482283 0.481522 0.481923 0.483490 0.486242 0.490214 0.495455 0.502031 0.510030 0.519560 0.530755 0.543783 0.558846 0.576195 0.596138 0.619056 0.645423 0.675838 0.711058 0.752062 0.800130 0.856968 0.924896 0.847063 0.765764 0.700244 0.646486 0.601740 0.564059 0.532024 0.504583 0.480936 0.460466 0.442690 0.427226 0.413769 0.402074 0.391939 5676.000000 1.494167 0.568826
0.495455 0.502031 0.510030 0.519560 0.530755 0.543783 0.558846 0.576195 0.596138 0.619056 0.645423 0.675838 0.711058 0.752062 0.800130 0.856968 0.924896 0.847063 0.765764 0.700244 0.646486 0.601740 0.564059 0.532024 0.504583 0.480936 0.460466 0.442690 0.427226 0.413769 0.402074 0.391939 0.383203 0.375734 0.369423 0.364184 0.359946 0.356655 0.354270 0.352760 0.352107 0.352305 0.353354 0.355268 0.358070 0.361795 0.366491 0.372219 0.379056 0.387099 0.396467 0.407305 0.419791 0.434147 0.450643 0.469619 0.491499 0.516823 0.546286 0.580796 0.621557 0.670209 0.729029 0.801283 0.891819 1.000000 0.908638 0.834415 0.773124 0.721841 0.678471 0.641475 0.609698 0.582257 0.558467 0.537790 0.519796 0.504143 0.490553 0.478799 0.468698 0.460099 0.452882 0.446948 0.442219 0.438635 0.436151 0.434736 0.434373 0.435058 0.436799 0.439617 0.443548 0.448640 0.454959 0.462589 0.471635 0.482227 0.494524 0.508722 0.525062 0.543840 0.565423 0.590271 0.618964 0.652240 0.691056 0.686191 0.654378 0.626828 0.602897 0.582078 0.563961 0.548219 0.534585 0.522842 0.512812 0.504352 0.497345 0.491699 0.487340 0.484214 0.482283 0.481522 0.481923 0.483490 0.486242 0.490214 5676.000000 1.494167 0.568826
0.471635 0.482227 0.494524 0.508722 0.525062 0.543840 0.565423 0.590271 0.618964 0.652240 0.691056 0.686191 0.654378 0.626828 0.602897 0.582078 0.563961 0.548219 0.534585 0.522842 0.512812 0.504352 0.497345 0.491699 0.487340 0.484214 0.482283 0.481522 0.481923 0.483490 0.486242 0.490214 0.495455 0.502031 0.510030 0.519560 0.530755 0.543783 0.558846 0.576195 0.596138 0.619056 0.645423 0.675838 0.711058 0.752062 0.800130 0.856968 0.924896 0.847063 0.765764 0.700244 0.646486 0.601740 0.564059 0.532024 0.504583 0.480936 0.460466 0.442690 0.427226 0.413769 0.402074 0.391939 0.383203 0.375734 0.369423 0.364184 0.359946 0.356655 0.354270 0.352760 0.352107 0.352305 0.353354 0.355268 0.358070 0.361795 0.366491 0.372219 0.379056 0.387099 0.396467 0.407305 0.419791 0.434147 0.450643 0.469619 0.491499 0.516823 0.546286 0.580796 0.621557 0.670209 0.729029 0.801283 0.891819 1.000000 0.908638 0.834415 0.773124 0.721841 0.678471 0.641475 0.609698 0.582257 0.558467 0.537790 0.519796 0.504143 0.490553 0.478799 0.468698 0.460099 0.452882 0.446948 0.442219 0.438635 0.436151 0.434736 0.434373 0.435058 0.436799 0.439617 0.443548 0.448640 0.454959 0.462589 5676.000000 1.494167 0.568826
0.923731 0.850111 0.789120 0.737954 0.694590 0.657536 0.625666 0.598117 0.574216 0.553435 0.535349 0.519621 0.505974 0.494186 0.484075 0.475491 0.468315 0.462450 0.457820 0.454365 0.452042 0.450824 0.450695 0.451654 0.453712 0.456895 0.461242 0.466808 0.473665 0.481904 0.491641 0.503016 0.516203 0.531414 0.548912 0.569019 0.592136 0.618764 0.649538 0.685272 0.727018 0.776173 0.834613 0.904927 0.987002 0.912063 0.849604 0.796947 0.752143 0.713736 0.680621 0.651944 0.627035 0.605364 0.586507 0.570121 0.555928 0.543704 0.533262 0.524453 0.517156 0.511275 0.506732 0.503472 0.501454 0.500653 0.501060 0.502680 0.505532 0.509651 0.515090 0.521916 0.530220 0.540115 0.551741 0.565270 0.580913 0.598932 0.619644 0.643446 0.670830 0.702416 0.738992 0.781572 0.831485 0.890499 0.848725 0.794634 0.748720 0.709437 0.675618 0.646363 0.620970 0.598885 0.579665 0.562955 0.548465 0.535962 0.525253 0.516182 0.508625 0.502478 0.497663 0.494118 0.491800 0.490680 0.490744 0.491994 0.494445 0.498126 0.503084 0.509380 0.517098 0.526341 0.537238 0.549949 0.564669 0.581638 0.601152 0.623575 0.649361 0.679078 0.713446 0.753391 0.800115 0.855215 0.920847 1.000000 576.000000 1.142266 0.600569
0.548465 0.535962 0.525253 0.516182 0.508625 0.502478 0.497663 0.494118 0.491800 0.490680 0.490744 0.491994 0.494445 0.498126 0.503084 0.509380 0.517098 0.526341 0.537238 0.549949 0.564669 0.581638 0.601152 0.623575 0.649361 0.679078 0.713446 0.753391 0.800115 0.855215 0.920847 1.000000 0.923731 0.850111 0.789120 0.737954 0.694590 0.657536 0.625666 0.598117 0.574216 0.553435 0.535349 0.519621 0.505974 0.494186 0.484075 0.475491 0.468315 0.462450 0.457820 0.454365 0.452042 0.450824 0.450695 0.451654 0.453712 0.456895 0.461242 0.466808 0.473665 0.481904 0.491641 0.503016 0.516203 0.531414 0.548912 0.569019 0.592136 0.618764 0.649538 0.685272 0.727018 0.776173 0.834613 0.904927 0.987002 0.912063 0.849604 0.796947 0.752143 0.713736 0.680621 0.651944 0.627035 0.605364 0.586507 0.570121 0.555928 0.543704 0.533262 0.524453 0.517156 0.511275 0.506732 0.503472 0.501454 0.500653 0.501060 0.502680 0.505532 0.509651 0.515090 0.521916 0.530220 0.540115 0.551741 0.565270 0.580913 0.598932 0.619644 0.643446 0.670830 0.702416 0.738992 0.781572 0.831485 0.890499 0.848725 0.794634 0.748720 0.709437 0.675618 0.646363 0.620970 0.598885 0.579665 0.562955 576.000000 1.142266 0.600569
0.501454 0.500653 0.501060 0.502680 0.505532 0.509651 0.515090 0.521916 0.530220 0.540115 0.551741 0.565270 0.580913 0.598932 0.619644 0.643446 0.670830 0.702416 0.738992 0.781572 0.831485 0.890499 0.848725 0.794634 0.748720 0.709437 0.675618 0.646363 0.620970 0.598885 0.579665 0.562955 0.548465 0.535962 0.525253 0.516182 0.508625 0.502478 0.497663 0.494118 0.491800 0.490680 0.490744 0.491994 0.494445 0.498126 0.503084 0.509380 0.517098 0.526341 0.537238 0.549949 0.564669 0.581638 0.601152 0.623575 0.649361 0.679078 0.713446 0.753391 0.800115 0.855215 0.920847 1.000000 0.923731 0.850111 0.789120 0.737954 0.694590 0.657536 0.625666 0.598117 0.574216 0.553435 0.535349 0.519621 0.505974 0.494186 0.484075 0.475491 0.468315 0.462450 0.457820 0.454365 0.452042 0.450824 0.450695 0.451654 0.453712 0.456895 0.461242 0.466808 0.473665 0.481904 0.491641 0.503016 0.516203 0.531414 0.548912 0.569019 0.592136 0.618764 0.649538 0.685272 0.727018 0.776173 0.834613 0.904927 0.987002 0.912063 0.849604 0.796947 0.752143 0.713736 0.680621 0.651944 0.627035 0.605364 0.586507 0.570121 0.555928 0.543704 0.533262 0.524453 0.517156 0.511275 0.506732 0.503472 576.000000 1.142266 0.600569
0.516203 0.531414 0.548912 0.569019 0.592136 0.618764 0.649538 0.685272 0.727018 0.776173 0.834613 0.904927 0.987002 0.912063 0.849604 0.796947 0.752143 0.713736 0.680621 0.651944 0.627035 0.605364 0.586507 0.570121 0.555928 0.543704 0.533262 0.524453 0.517156 0.511275 0.506732 0.503472 0.501454 0.500653 0.501060 0.502680 0.505532 0.509651 0.515090 0.521916 0.530220 0.540115 0.551741 0.565270 0.580913 0.598932 0.619644 0.643446 0.670830 0.702416 0.738992 0.781572 0.831485 0.890499 0.848725 0.794634 0.748720 0.709437 0.675618 0.646363 0.620970 0.598885 0.579665 0.562955 0.548465 0.535962 0.525253 0.516182 0.508625 0.502478 0.497663 0.494118 0.491800 0.490680 0.490744 0.491994 0.494445 0.498126 0.503084 0.509380 0.517098 0.526341 0.537238 0.549949 0.564669 0.581638 0.601152 0.623575 0.649361 0.679078 0.713446 0.753391 0.800115 0.855215 0.920847 1.000000 0.923731 0.850111 0.789120 0.737954 0.694590 0.657536 0.625666 0.598117 0.574216 0.553435 0.535349 0.519621 0.505974 0.494186 0.484075 0.475491 0.468315 0.462450 0.457820 0.454365 0.452042 0.450824 0.450695 0.451654 0.453712 0.456895 0.461242 0.466808 0.473665 0.481904 0.491641 0.503016 576.000000 1.142266 0.600569
1.000000 0.942069 0.892515 0.849859 0.812964 0.780941 0.753092 0.728855 0.707782 0.689508 0.673736 0.660224 0.648776 0.639231 0.631463 0.625370 0.620874 0.617921 0.616474 0.616515 0.618013 0.620420 0.624355 0.629868 0.637027 0.645925 0.656680 0.669438 0.684384 0.701742 0.721786 0.744857 0.771371 0.801846 0.836926 0.877427 0.924388 0.979151 0.930045 0.862047 0.805122 0.756960 0.715862 0.680552 0.650054 0.623610 0.600624 0.580622 0.563221 0.548116 0.535054 0.523834 0.514288 0.513378 0.519462 0.526977 0.536023 0.546725 0.559238 0.573751 0.590499 0.609766 0.631907 0.657360 0.686673 0.720539 0.759844 0.805738 0.859737 0.845033 0.825438 0.808635 0.794378 0.782467 0.772743 0.765077 0.759374 0.755562 0.753594 0.753447 0.755118 0.758629 0.764022 0.771364 0.780747 0.792293 0.806158 0.822533 0.841657 0.863822 0.889386 0.850835 0.803898 0.763613 0.728844 0.698714 0.672532 0.649750 0.629929 0.612713 0.597815 0.585001 0.574078 0.564892 0.557316 0.551252 0.546621 0.543365 0.541444 0.540835 0.541530 0.543539 0.546885 0.551609 0.557771 0.569118 0.582932 0.598912 0.617321 0.638486 0.662806 0.690783 0.723044 0.760388 0.803841 0.854746 0.914886 0.986688 1769.500000 1.060228 0.683264
0.672532 0.649750 0.629929 0.612713 0.597815 0.585001 0.574078 0.564892 0.557316 0.551252 0.546621 0.543365 0.541444 0.540835 0.541530 0.543539 0.546885 0.551609 0.557771 0.569118 0.582932 0.598912 0.617321 0.638486 0.662806 0.690783 0.723044 0.760388 0.803841 0.854746 0.914886 0.986688 1.000000 0.942069 0.892515 0.849859 0.812964 0.780941 0.753092 0.728855 0.707782 0.689508 0.673736 0.660224 0.648776 0.639231 0.631463 0.625370 0.620874 0.617921 0.616474 0.616515 0.618013 0.620420 0.624355 0.629868 0.637027 0.645925 0.656680 0.669438 0.684384 0.701742 0.721786 0.744857 0.771371 0.801846 0.836926 0.877427 0.924388 0.979151 0.930045 0.862047 0.805122 0.756960 0.715862 0.680552 0.650054 0.623610 0.600624 0.580622 0.563221 0.548116 0.535054 0.523834 0.514288 0.513378 0.519462 0.526977 0.536023 0.546725 0.559238 0.573751 0.590499 0.609766 0.631907 0.657360 0.686673 0.720539 0.759844 0.805738 0.859737 0.845033 0.825438 0.808635 0.794378 0.782467 0.772743 0.765077 0.759374 0.755562 0.753594 0.753447 0.755118 0.758629 0.764022 0.771364 0.780747 0.792293 0.806158 0.822533 0.841657 0.863822 0.889386 0.850835 0.803898 0.763613 0.728844 0.698714 1769.500000 1.060228 0.683264
0.686673 0.720539 0.759844 0.805738 0.859737 0.845033 0.825438 0.808635 0.794378 0.782467 0.772743 0.765077 0.759374 0.755562 0.753594 0.753447 0.755118 0.758629 0.764022 0.771364 0.780747 0.792293 0.806158 0.822533 0.841657 0.863822 0.889386 0.850835 0.803898 0.763613 0.728844 0.698714 0.672532 0.649750 0.629929 0.612713 0.597815 0.585001 0.574078 0.564892 0.557316 0.551252 0.546621 0.543365 0.541444 0.540835 0.541530 0.543539 0.546885 0.551609 0.557771 0.569118 0.582932 0.598912 0.617321 0.638486 0.662806 0.690783 0.723044 0.760388 0.803841 0.854746 0.914886 0.986688 1.000000 0.942069 0.892515 0.849859 0.812964 0.780941 0.753092 0.728855 0.707782 0.689508 0.673736 0.660224 0.648776 0.639231 0.631463 0.625370 0.620874 0.617921 0.616474 0.616515 0.618013 0.620420 0.624355 0.629868 0.637027 0.645925 0.656680 0.669438 0.684384 0.701742 0.721786 0.744857 0.771371 0.801846 0.836926 0.877427 0.924388 0.979151 0.930045 0.862047 0.805122 0.756960 0.715862 0.680552 0.650054 0.623610 0.600624 0.580622 0.563221 0.548116 0.535054 0.523834 0.514288 0.513378 0.519462 0.526977 0.536023 0.546725 0.559238 0.573751 0.590499 0.609766 0.631907 0.657360 1769.500000 1.060228 0.683264
0.771371 0.801846 0.836926 0.877427 0.924388 0.979151 0.930045 0.862047 0.805122 0.756960 0.715862 0.680552 0.650054 0.623610 0.600624 0.580622 0.563221 0.548116 0.535054 0.523834 0.514288 0.513378 0.519462 0.526977 0.536023 0.546725 0.559238 0.573751 0.590499 0.609766 0.631907 0.657360 0.686673 0.720539 0.759844 0.805738 0.859737 0.845033 0.825438 0.808635 0.794378 0.782467 0.772743 0.765077 0.759374 0.755562 0.753594 0.753447 0.755118 0.758629 0.764022 0.771364 0.780747 0.792293 0.806158 0.822533 0.841657 0.863822 0.889386 0.850835 0.803898 0.763613 0.728844 0.698714 0.672532 0.649750 0.629929 0.612713 0.597815 0.585001 0.574078 0.564892 0.557316 0.551252 0.546621 0.543365 0.541444 0.540835 0.541530 0.543539 0.546885 0.551609 0.557771 0.569118 0.582932 0.598912 0.617321 0.638486 0.662806 0.690783 0.723044 0.760388 0.803841 0.854746 0.914886 0.986688 1.000000 0.942069 0.892515 0.849859 0.812964 0.780941 0.753092 0.728855 0.707782 0.689508 0.673736 0.660224 0.648776 0.639231 0.631463 0.625370 0.620874 0.617921 0.616474 0.616515 0.618013 0.620420 0.624355 0.629868 0.637027 0.645925 0.656680 0.669438 0.684384 0.701742 0.721786 0.744857 1769.500000 1.060228 0.683264
0.851792 0.819279 0.790992 0.766378 0.744990 0.726466 0.710511 0.696885 0.685391 0.675873 0.668202 0.662282 0.658037 0.655415 0.654383 0.654931 0.657063 0.660807 0.666208 0.673333 0.682274 0.693147 0.706102 0.721320 0.739029 0.759505 0.783088 0.763499 0.726421 0.694372 0.666569 0.642396 0.621359 0.603062 0.587187 0.573472 0.561705 0.551714 0.543358 0.536525 0.531125 0.527090 0.524370 0.522931 0.522755 0.523842 0.526203 0.529868 0.534881 0.541307 0.549229 0.558752 0.570009 0.583162 0.598412 0.616005 0.636243 0.654886 0.658367 0.663492 0.670325 0.678953 0.689489 0.702075 0.716888 0.734146 0.754117 0.777130 0.803588 0.833992 0.868962 0.909280 0.955936 1.000000 0.935782 0.881309 0.834730 0.794645 0.759981 0.729899 0.703739 0.680974 0.661177 0.644007 0.629184 0.616479 0.605707 0.596719 0.589392 0.583632 0.579366 0.576540 0.575121 0.575091 0.576449 0.565839 0.552909 0.541832 0.532448 0.524626 0.518261 0.513270 0.509590 0.507176 0.505997 0.506041 0.507307 0.509810 0.513582 0.518668 0.525134 0.533064 0.542564 0.553767 0.566837 0.581975 0.599427 0.619497 0.642559 0.669078 0.699639 0.734980 0.776051 0.824086 0.880723 0.948171 0.932445 0.889224 1590.500000 1.446104 0.751397
0.552909 0.541832 0.532448 0.524626 0.518261 0.513270 0.509590 0.507176 0.505997 0.506041 0.507307 0.509810 0.513582 0.518668 0.525134 0.533064 0.542564 0.553767 0.566837 0.581975 0.599427 0.619497 0.642559 0.669078 0.699639 0.734980 0.776051 0.824086 0.880723 0.948171 0.932445 0.889224 0.851792 0.819279 0.790992 0.766378 0.744990 0.726466 0.710511 0.696885 0.685391 0.675873 0.668202 0.662282 0.658037 0.655415 0.654383 0.654931 0.657063 0.660807 0.666208 0.673333 0.682274 0.693147 0.706102 0.721320 0.739029 0.759505 0.783088 0.763499 0.726421 0.694372 0.666569 0.642396 0.621359 0.603062 0.587187 0.573472 0.561705 0.551714 0.543358 0.536525 0.531125 0.527090 0.524370 0.522931 0.522755 0.523842 0.526203 0.529868 0.534881 0.541307 0.549229 0.558752 0.570009 0.583162 0.598412 0.616005 0.636243 0.654886 0.658367 0.663492 0.670325 0.678953 0.689489 0.702075 0.716888 0.734146 0.754117 0.777130 0.803588 0.833992 0.868962 0.909280 0.955936 1.000000 0.935782 0.881309 0.834730 0.794645 0.759981 0.729899 0.703739 0.680974 0.661177 0.644007 0.629184 0.616479 0.605707 0.596719 0.589392 0.583632 0.579366 0.576540 0.575121 0.575091 0.576449 0.565839 1590.500000 1.446104 0.751397
0.716888 0.734146 0.754117 0.777130 0.803588 0.833992 0.868962 0.909280 0.955936 1.000000 0.935782 0.881309 0.834730 0.794645 0.759981 0.729899 0.703739 0.680974 0.661177 0.644007 0.629184 0.616479 0.605707 0.596719 0.589392 0.583632 0.579366 0.576540 0.575121 0.575091 0.576449 0.565839 0.552909 0.541832 0.532448 0.524626 0.518261 0.513270 0.509590 0.507176 0.505997 0.506041 0.507307 0.509810 0.513582 0.518668 0.525134 0.533064 0.542564 0.553767 0.566837 0.581975 0.599427 0.619497 0.642559 0.669078 0.699639 0.734980 0.776051 0.824086 0.880723 0.948171 0.932445 0.889224 0.851792 0.819279 0.790992 0.766378 0.744990 0.726466 0.710511 0.696885 0.685391 0.675873 0.668202 0.662282 0.658037 0.655415 0.654383 0.654931 0.657063 0.660807 0.666208 0.673333 0.682274 0.693147 0.706102 0.721320 0.739029 0.759505 0.783088 0.763499 0.726421 0.694372 0.666569 0.642396 0.621359 0.603062 0.587187 0.573472 0.561705 0.551714 0.543358 0.536525 0.531125 0.527090 0.524370 0.522931 0.522755 0.523842 0.526203 0.529868 0.534881 0.541307 0.549229 0.558752 0.570009 0.583162 0.598412 0.616005 0.636243 0.654886 0.658367 0.663492 0.670325 0.678953 0.689489 0.702075 1590.500000 1.446104 0.751397
0.621359 0.603062 0.587187 0.573472 0.561705 0.551714 0.543358 0.536525 0.531125 0.527090 0.524370 0.522931 0.522755 0.523842 0.526203 0.529868 0.534881 0.541307 0.549229 0.558752 0.570009 0.583162 0.598412 0.616005 0.636243 0.654886 0.658367 0.663492 0.670325 0.678953 0.689489 0.702075 0.716888 0.734146 0.754117 0.777130 0.803588 0.833992 0.868962 0.909280 0.955936 1.000000 0.935782 0.881309 0.834730 0.794645 0.759981 0.729899 0.703739 0.680974 0.661177 0.644007 0.629184 0.616479 0.605707 0.596719 0.589392 0.583632 0.579366 0.576540 0.575121 0.575091 0.576449 0.565839 0.552909 0.541832 0.532448 0.524626 0.518261 0.513270 0.509590 0.507176 0.505997 0.506041 0.507307 0.509810 0.513582 0.518668 0.525134 0.533064 0.542564 0.553767 0.566837 0.581975 0.599427 0.619497 0.642559 0.669078 0.699639 0.734980 0.776051 0.824086 0.880723 0.948171 0.932445 0.889224 0.851792 0.819279 0.790992 0.766378 0.744990 0.726466 0.710511 0.696885 0.685391 0.675873 0.668202 0.662282 0.658037 0.655415 0.654383 0.654931 0.657063 0.660807 0.666208 0.673333 0.682274 0.693147 0.706102 0.721320 0.739029 0.759505 0.783088 0.763499 0.726421 0.694372 0.666569 0.642396 1590.500000 1.446104 0.751397
0.554457 0.537291 0.522376 0.509462 0.498342 0.488850 0.480849 0.474230 0.468905 0.464806 0.461881 0.460094 0.459423 0.459860 0.461411 0.464094 0.467943 0.473004 0.479344 0.487046 0.496214 0.506979 0.519500 0.533974 0.550643 0.569802 0.591821 0.617155 0.646383 0.680237 0.719663 0.765899 0.820596 0.886005 0.965271 0.977880 0.909913 0.852700 0.804079 0.762442 0.726568 0.695519 0.668560 0.645108 0.624700 0.606961 0.591588 0.578333 0.566995 0.557409 0.549445 0.542994 0.537974 0.534321 0.531991 0.530955 0.531199 0.532728 0.535560 0.539729 0.545287 0.552306 0.549790 0.532049 0.516622 0.503243 0.491693 0.481797 0.473409 0.466413 0.460714 0.456239 0.452930 0.450748 0.449664 0.449666 0.450754 0.452941 0.456254 0.460733 0.466437 0.473438 0.481831 0.491734 0.503289 0.516676 0.532110 0.549861 0.570259 0.593713 0.620739 0.651989 0.688297 0.730753 0.780795 0.840367 0.912160 1.000000 0.945890 0.884141 0.831842 0.787175 0.748773 0.715586 0.686801 0.661775 0.639997 0.621054 0.604615 0.590410 0.578218 0.567859 0.559189 0.552090 0.546468 0.542253 0.539392 0.537850 0.537608 0.538663 0.541029 0.544734 0.549823 0.556361 0.564433 0.574146 0.585635 0.574185 12606.000000 1.822144 0.665026
0.912160 1.000000 0.945890 0.884141 0.831842 0.787175 0.748773 0.715586 0.686801 0.661775 0.639997 0.621054 0.604615 0.590410 0.578218 0.567859 0.559189 0.552090 0.546468 0.542253 0.539392 0.537850 0.537608 0.538663 0.541029 0.544734 0.549823 0.556361 0.564433 0.574146 0.585635 0.574185 0.554457 0.537291 0.522376 0.509462 0.498342 0.488850 0.480849 0.474230 0.468905 0.464806 0.461881 0.460094 0.459423 0.459860 0.461411 0.464094 0.467943 0.473004 0.479344 0.487046 0.496214 0.506979 0.519500 0.533974 0.550643 0.569802 0.591821 0.617155 0.646383 0.680237 0.719663 0.765899 0.820596 0.886005 0.965271 0.977880 0.909913 0.852700 0.804079 0.762442 0.726568 0.695519 0.668560 0.645108 0.624700 0.606961 0.591588 0.578333 0.566995 0.557409 0.549445 0.542994 0.537974 0.534321 0.531991 0.530955 0.531199 0.532728 0.535560 0.539729 0.545287 0.552306 0.549790 0.532049 0.516622 0.503243 0.491693 0.481797 0.473409 0.466413 0.460714 0.456239 0.452930 0.450748 0.449664 0.449666 0.450754 0.452941 0.456254 0.460733 0.466437 0.473438 0.481831 0.491734 0.503289 0.516676 0.532110 0.549861 0.570259 0.593713 0.620739 0.651989 0.688297 0.730753 0.780795 0.840367 12606.000000 1.822144 0.665026
0.516622 0.503243 0.491693 0.481797 0.473409 0.466413 0.460714 0.456239 0.452930 0.450748 0.449664 0.449666 0.450754 0.452941 0.456254 0.460733 0.466437 0.473438 0.481831 0.491734 0.503289 0.516676 0.532110 0.549861 0.570259 0.593713 0.620739 0.651989 0.688297 0.730753 0.780795 0.840367 0.912160 1.000000 0.945890 0.884141 0.831842 0.787175 0.748773 0.715586 0.686801 0.661775 0.639997 0.621054 0.604615 0.590410 0.578218 0.567859 0.559189 0.552090 0.546468 0.542253 0.539392 0.537850 0.537608 0.538663 0.541029 0.544734 0.549823 0.556361 0.564433 0.574146 0.585635 0.574185 0.554457 0.537291 0.522376 0.509462 0.498342 0.488850 0.480849 0.474230 0.468905 0.464806 0.461881 0.460094 0.459423 0.459860 0.461411 0.464094 0.467943 0.473004 0.479344 0.487046 0.496214 0.506979 0.519500 0.533974 0.550643 0.569802 0.591821 0.617155 0.646383 0.680237 0.719663 0.765899 0.820596 0.886005 0.965271 0.977880 0.909913 0.852700 0.804079 0.762442 0.726568 0.695519 0.668560 0.645108 0.624700 0.606961 0.591588 0.578333 0.566995 0.557409 0.549445 0.542994 0.537974 0.534321 0.531991 0.530955 0.531199 0.532728 0.535560 0.539729 0.545287 0.552306 0.549790 0.532049 12606.000000 1.822144 0.665026
0.820596 0.886005 0.965271 0.977880 0.909913 0.852700 0.804079 0.762442 0.726568 0.695519 0.668560 0.645108 0.624700 0.606961 0.591588 0.578333 0.566995 0.557409 0.549445 0.542994 0.537974 0.534321 0.531991 0.530955 0.531199 0.532728 0.535560 0.539729 0.545287 0.552306 0.549790 0.532049 0.516622 0.503243 0.491693 0.481797 0.473409 0.466413 0.460714 0.456239 0.452930 0.450748 0.449664 0.449666 0.450754 0.452941 0.456254 0.460733 0.466437 0.473438 0.481831 0.491734 0.503289 0.516676 0.532110 0.549861 0.570259 0.593713 0.620739 0.651989 0.688297 0.730753 0.780795 0.840367 0.912160 1.000000 0.945890 0.884141 0.831842 0.787175 0.748773 0.715586 0.686801 0.661775 0.639997 0.621054 0.604615 0.590410 0.578218 0.567859 0.559189 0.552090 0.546468 0.542253 0.539392 0.537850 0.537608 0.538663 0.541029 0.544734 0.549823 0.556361 0.564433 0.574146 0.585635 0.574185 0.554457 0.537291 0.522376 0.509462 0.498342 0.488850 0.480849 0.474230 0.468905 0.464806 0.461881 0.460094 0.459423 0.459860 0.461411 0.464094 0.467943 0.473004 0.479344 0.487046 0.496214 0.506979 0.519500 0.533974 0.550643 0.569802 0.591821 0.617155 0.646383 0.680237 0.719663 0.765899 12606.000000 1.822144 0.665026
0.718416 0.733292 0.750643 0.770737 0.793902 0.820541 0.826808 0.820918 0.817067 0.815206 0.815313 0.817390 0.821462 0.827578 0.835814 0.846275 0.859097 0.847648 0.816893 0.790128 0.766850 0.746652 0.729203 0.714231 0.701518 0.690885 0.682188 0.675315 0.670176 0.666710 0.664872 0.664642 0.666015 0.659541 0.646363 0.635201 0.625901 0.618337 0.612411 0.608049 0.605196 0.603818 0.603898 0.605436 0.608452 0.614276 0.622034 0.631532 0.642897 0.656288 0.671903 0.689981 0.710818 0.734779 0.762312 0.793976 0.830472 0.872688 0.921766 0.979192 1.000000 0.946917 0.901248 0.861762 0.827500 0.797707 0.771779 0.749232 0.729672 0.712782 0.698300 0.686014 0.675753 0.667379 0.660782 0.655879 0.651971 0.647853 0.645331 0.644376 0.644974 0.647134 0.650882 0.656264 0.663347 0.672221 0.683004 0.695843 0.710918 0.728455 0.748729 0.772076 0.798913 0.829754 0.843245 0.817481 0.795103 0.775737 0.759077 0.744874 0.732927 0.723071 0.715176 0.709142 0.704893 0.702376 0.701562 0.702440 0.705020 0.709335 0.715437 0.723403 0.731515 0.716901 0.704523 0.694210 0.685822 0.679252 0.674415 0.671253 0.669726 0.669816 0.671524 0.674871 0.679897 0.686665 0.695262 0.705798 1000.500000 1.114637 0.830778
0.795103 0.775737 0.759077 0.744874 0.732927 0.723071 0.715176 0.709142 0.704893 0.702376 0.701562 0.702440 0.705020 0.709335 0.715437 0.723403 0.731515 0.716901 0.704523 0.694210 0.685822 0.679252 0.674415 0.671253 0.669726 0.669816 0.671524 0.674871 0.679897 0.686665 0.695262 0.705798 0.718416 0.733292 0.750643 0.770737 0.793902 0.820541 0.826808 0.820918 0.817067 0.815206 0.815313 0.817390 0.821462 0.827578 0.835814 0.846275 0.859097 0.847648 0.816893 0.790128 0.766850 0.746652 0.729203 0.714231 0.701518 0.690885 0.682188 0.675315 0.670176 0.666710 0.664872 0.664642 0.666015 0.659541 0.646363 0.635201 0.625901 0.618337 0.612411 0.608049 0.605196 0.603818 0.603898 0.605436 0.608452 0.614276 0.622034 0.631532 0.642897 0.656288 0.671903 0.689981 0.710818 0.734779 0.762312 0.793976 0.830472 0.872688 0.921766 0.979192 1.000000 0.946917 0.901248 0.861762 0.827500 0.797707 0.771779 0.749232 0.729672 0.712782 0.698300 0.686014 0.675753 0.667379 0.660782 0.655879 0.651971 0.647853 0.645331 0.644376 0.644974 0.647134 0.650882 0.656264 0.663347 0.672221 0.683004 0.695843 0.710918 0.728455 0.748729 0.772076 0.798913 0.829754 0.843245 0.817481 1000.500000 1.114637 0.830778
0.827500 0.797707 0.771779 0.749232 0.729672 0.712782 0.698300 0.686014 0.675753 0.667379 0.660782 0.655879 0.651971 0.647853 0.645331 0.644376 0.644974 0.647134 0.650882 0.656264 0.663347 0.672221 0.683004 0.695843 0.710918 0.728455 0.748729 0.772076 0.798913 0.829754 0.843245 0.817481 0.795103 0.775737 0.759077 0.744874 0.732927 0.723071 0.715176 0.709142 0.704893 0.702376 0.701562 0.702440 0.705020 0.709335 0.715437 0.723403 0.731515 0.716901 0.704523 0.694210 0.685822 0.679252 0.674415 0.671253 0.669726 0.669816 0.671524 0.674871 0.679897 0.686665 0.695262 0.705798 0.718416 0.733292 0.750643 0.770737 0.793902 0.820541 0.826808 0.820918 0.817067 0.815206 0.815313 0.817390 0.821462 0.827578 0.835814 0.846275 0.859097 0.847648 0.816893 0.790128 0.766850 0.746652 0.729203 0.714231 0.701518 0.690885 0.682188 0.675315 0.670176 0.666710 0.664872 0.664642 0.666015 0.659541 0.646363 0.635201 0.625901 0.618337 0.612411 0.608049 0.605196 0.603818 0.603898 0.605436 0.608452 0.614276 0.622034 0.631532 0.642897 0.656288 0.671903 0.689981 0.710818 0.734779 0.762312 0.793976 0.830472 0.872688 0.921766 0.979192 1.000000 0.946917 0.901248 0.861762 1000.500000 1.114637 0.830778
0.666015 0.659541 0.646363 0.635201 0.625901 0.618337 0.612411 0.608049 0.605196 0.603818 0.603898 0.605436 0.608452 0.614276 0.622034 0.631532 0.642897 0.656288 0.671903 0.689981 0.710818 0.734779 0.762312 0.793976 0.830472 0.872688 0.921766 0.979192 1.000000 0.946917 0.901248 0.861762 0.827500 0.797707 0.771779 0.749232 0.729672 0.712782 0.698300 0.686014 0.675753 0.667379 0.660782 0.655879 0.651971 0.647853 0.645331 0.644376 0.644974 0.647134 0.650882 0.656264 0.663347 0.672221 0.683004 0.695843 0.710918 0.728455 0.748729 0.772076 0.798913 0.829754 0.843245 0.817481 0.795103 0.775737 0.759077 0.744874 0.732927 0.723071 0.715176 0.709142 0.704893 0.702376 0.701562 0.702440 0.705020 0.709335 0.715437 0.723403 0.731515 0.716901 0.704523 0.694210 0.685822 0.679252 0.674415 0.671253 0.669726 0.669816 0.671524 0.674871 0.679897 0.686665 0.695262 0.705798 0.718416 0.733292 0.750643 0.770737 0.793902 0.820541 0.826808 0.820918 0.817067 0.815206 0.815313 0.817390 0.821462 0.827578 0.835814 0.846275 0.859097 0.847648 0.816893 0.790128 0.766850 0.746652 0.729203 0.714231 0.701518 0.690885 0.682188 0.675315 0.670176 0.666710 0.664872 0.664642 1000.500000 1.114637 0.830778
0.989726 1.000000 0.888897 0.801752 0.731773 0.674525 0.626984 0.587025 0.553107 0.524088 0.499104 0.477492 0.458733 0.442418 0.428220 0.415876 0.405172 0.395935 0.388024 0.381323 0.375740 0.371199 0.367642 0.365023 0.363311 0.362483 0.362531 0.363454 0.365265 0.367984 0.371646 0.376298 0.381999 0.388827 0.396877 0.406267 0.417141 0.429677 0.444093 0.460658 0.479707 0.501660 0.527049 0.556558 0.591075 0.631779 0.680264 0.665452 0.641522 0.620696 0.602587 0.586877 0.573312 0.561683 0.551819 0.543582 0.536862 0.531571 0.527642 0.525026 0.523692 0.523622 0.524817 0.527290 0.531072 0.536210 0.542769 0.550834 0.560512 0.571939 0.585281 0.600743 0.618574 0.639082 0.662649 0.689745 0.720962 0.757050 0.798966 0.816151 0.733168 0.666960 0.613075 0.568512 0.531182 0.499582 0.472605 0.449419 0.429389 0.412017 0.396916 0.383774 0.372343 0.362421 0.353844 0.346480 0.340218 0.334972 0.330669 0.327254 0.324683 0.322924 0.321955 0.321765 0.322351 0.323721 0.325891 0.328888 0.332749 0.337525 0.343279 0.350091 0.358059 0.367303 0.377972 0.390247 0.404354 0.420569 0.439242 0.460812 0.485841 0.515056 0.549419 0.590218 0.639225 0.698945 0.773027 0.867011 1235.000000 1.746020 0.541122
0.340218 0.334972 0.330669 0.327254 0.324683 0.322924 0.321955 0.321765 0.322351 0.323721 0.325891 0.328888 0.332749 0.337525 0.343279 0.350091 0.358059 0.367303 0.377972 0.390247 0.404354 0.420569 0.439242 0.460812 0.485841 0.515056 0.549419 0.590218 0.639225 0.698945 0.773027 0.867011 0.989726 1.000000 0.888897 0.801752 0.731773 0.674525 0.626984 0.587025 0.553107 0.524088 0.499104 0.477492 0.458733 0.442418 0.428220 0.415876 0.405172 0.395935 0.388024 0.381323 0.375740 0.371199 0.367642 0.365023 0.363311 0.362483 0.362531 0.363454 0.365265 0.367984 0.371646 0.376298 0.381999 0.388827 0.396877 0.406267 0.417141 0.429677 0.444093 0.460658 0.479707 0.501660 0.527049 0.556558 0.591075 0.631779 0.680264 0.665452 0.641522 0.620696 0.602587 0.586877 0.573312 0.561683 0.551819 0.543582 0.536862 0.531571 0.527642 0.525026 0.523692 0.523622 0.524817 0.527290 0.531072 0.536210 0.542769 0.550834 0.560512 0.571939 0.585281 0.600743 0.618574 0.639082 0.662649 0.689745 0.720962 0.757050 0.798966 0.816151 0.733168 0.666960 0.613075 0.568512 0.531182 0.499582 0.472605 0.449419 0.429389 0.412017 0.396916 0.383774 0.372343 0.362421 0.353844 0.346480 1235.000000 1.746020 0.541122
0.531072 0.536210 0.542769 0.550834 0.560512 0.571939 0.585281 0.600743 0.618574 0.639082 0.662649 0.689745 0.720962 0.757050 0.798966 0.816151 0.733168 0.666960 0.613075 0.568512 0.531182 0.499582 0.472605 0.449419 0.429389 0.412017 0.396916 0.383774 0.372343 0.362421 0.353844 0.346480 0.340218 0.334972 0.330669 0.327254 0.324683 0.322924 0.321955 0.321765 0.322351 0.323721 0.325891 0.328888 0.332749 0.337525 0.343279 0.350091 0.358059 0.367303 0.377972 0.390247 0.404354 0.420569 0.439242 0.460812 0.485841 0.515056 0.549419 0.590218 0.639225 0.698945 0.773027 0.867011 0.989726 1.000000 0.888897 0.801752 0.731773 0.674525 0.626984 0.587025 0.553107 0.524088 0.499104 0.477492 0.458733 0.442418 0.428220 0.415876 0.405172 0.395935 0.388024 0.381323 0.375740 0.371199 0.367642 0.365023 0.363311 0.362483 0.362531 0.363454 0.365265 0.367984 0.371646 0.376298 0.381999 0.388827 0.396877 0.406267 0.417141 0.429677 0.444093 0.460658 0.479707 0.501660 0.527049 0.556558 0.591075 0.631779 0.680264 0.665452 0.641522 0.620696 0.602587 0.586877 0.573312 0.561683 0.551819 0.543582 0.536862 0.531571 0.527642 0.525026 0.523692 0.523622 0.524817 0.527290 1235.000000 1.746020 0.541122
0.381999 0.388827 0.396877 0.406267 0.417141 0.429677 0.444093 0.460658 0.479707 0.501660 0.527049 0.556558 0.591075 0.631779 0.680264 0.665452 0.641522 0.620696 0.602587 0.586877 0.573312 0.561683 0.551819 0.543582 0.536862 0.531571 0.527642 0.525026 0.523692 0.523622 0.524817 0.527290 0.531072 0.536210 0.542769 0.550834 0.560512 0.571939 0.585281 0.600743 0.618574 0.639082 0.662649 0.689745 0.720962 0.757050 0.798966 0.816151 0.733168 0.666960 0.613075 0.568512 0.531182 0.499582 0.472605 0.449419 0.429389 0.412017 0.396916 0.383774 0.372343 0.362421 0.353844 0.346480 0.340218 0.334972 0.330669 0.327254 0.324683 0.322924 0.321955 0.321765 0.322351 0.323721 0.325891 0.328888 0.332749 0.337525 0.343279 0.350091 0.358059 0.367303 0.377972 0.390247 0.404354 0.420569 0.439242 0.460812 0.485841 0.515056 0.549419 0.590218 0.639225 0.698945 0.773027 0.867011 0.989726 1.000000 0.888897 0.801752 0.731773 0.674525 0.626984 0.587025 0.553107 0.524088 0.499104 0.477492 0.458733 0.442418 0.428220 0.415876 0.405172 0.395935 0.388024 0.381323 0.375740 0.371199 0.367642 0.365023 0.363311 0.362483 0.362531 0.363454 0.365265 0.367984 0.371646 0.376298 1235.000000 1.746020 0.541122
0.678245 0.671543 0.663241 0.656706 0.651852 0.648622 0.646974 0.646888 0.648365 0.651421 0.656095 0.662443 0.670546 0.680510 0.692468 0.706586 0.723070 0.742173 0.730276 0.720341 0.712366 0.706248 0.701911 0.699301 0.698387 0.699158 0.701622 0.705810 0.711773 0.719587 0.729350 0.741192 0.755275 0.771798 0.791009 0.813209 0.838771 0.868151 0.901916 0.874810 0.848681 0.826000 0.806392 0.789551 0.775228 0.763222 0.753369 0.745540 0.739636 0.735583 0.733331 0.732853 0.734143 0.737217 0.742112 0.748889 0.757632 0.768456 0.781503 0.796953 0.815031 0.836008 0.860220 0.866426 0.830521 0.799323 0.772176 0.748557 0.728042 0.710287 0.695012 0.681988 0.671031 0.661989 0.654744 0.649203 0.645297 0.642977 0.642215 0.643003 0.645348 0.649281 0.654850 0.662124 0.671196 0.682186 0.695246 0.710560 0.728358 0.734211 0.723597 0.714984 0.708260 0.703340 0.700162 0.698689 0.698902 0.700805 0.704419 0.709789 0.716983 0.726091 0.737232 0.750557 0.766252 0.784549 0.805728 0.830139 0.858207 0.890459 0.927553 0.970310 1.000000 0.950535 0.907817 0.870781 0.838589 0.810576 0.786207 0.765049 0.746752 0.731030 0.717650 0.706422 0.697193 0.689843 0.684278 0.680428 7790.500000 1.174661 0.848692
0.698902 0.700805 0.704419 0.709789 0.716983 0.726091 0.737232 0.750557 0.766252 0.784549 0.805728 0.830139 0.858207 0.890459 0.927553 0.970310 1.000000 0.950535 0.907817 0.870781 0.838589 0.810576 0.786207 0.765049 0.746752 0.731030 0.717650 0.706422 0.697193 0.689843 0.684278 0.680428 0.678245 0.671543 0.663241 0.656706 0.651852 0.648622 0.646974 0.646888 0.648365 0.651421 0.656095 0.662443 0.670546 0.680510 0.692468 0.706586 0.723070 0.742173 0.730276 0.720341 0.712366 0.706248 0.701911 0.699301 0.698387 0.699158 0.701622 0.705810 0.711773 0.719587 0.729350 0.741192 0.755275 0.771798 0.791009 0.813209 0.838771 0.868151 0.901916 0.874810 0.848681 0.826000 0.806392 0.789551 0.775228 0.763222 0.753369 0.745540 0.739636 0.735583 0.733331 0.732853 0.734143 0.737217 0.742112 0.748889 0.757632 0.768456 0.781503 0.796953 0.815031 0.836008 0.860220 0.866426 0.830521 0.799323 0.772176 0.748557 0.728042 0.710287 0.695012 0.681988 0.671031 0.661989 0.654744 0.649203 0.645297 0.642977 0.642215 0.643003 0.645348 0.649281 0.654850 0.662124 0.671196 0.682186 0.695246 0.710560 0.728358 0.734211 0.723597 0.714984 0.708260 0.703340 0.700162 0.698689 7790.500000 1.174661 0.848692
0.830521 0.799323 0.772176 0.748557 0.728042 0.710287 0.695012 0.681988 0.671031 0.661989 0.654744 0.649203 0.645297 0.642977 0.642215 0.643003 0.645348 0.649281 0.654850 0.662124 0.671196 0.682186 0.695246 0.710560 0.728358 0.734211 0.723597 0.714984 0.708260 0.703340 0.700162 0.698689 0.698902 0.700805 0.704419 0.709789 0.716983 0.726091 0.737232 0.750557 0.766252 0.784549 0.805728 0.830139 0.858207 0.890459 0.927553 0.970310 1.000000 0.950535 0.907817 0.870781 0.838589 0.810576 0.786207 0.765049 0.746752 0.731030 0.717650 0.706422 0.697193 0.689843 0.684278 0.680428 0.678245 0.671543 0.663241 0.656706 0.651852 0.648622 0.646974 0.646888 0.648365 0.651421 0.656095 0.662443 0.670546 0.680510 0.692468 0.706586 0.723070 0.742173 0.730276 0.720341 0.712366 0.706248 0.701911 0.699301 0.698387 0.699158 0.701622 0.705810 0.711773 0.719587 0.729350 0.741192 0.755275 0.771798 0.791009 0.813209 0.838771 0.868151 0.901916 0.874810 0.848681 0.826000 0.806392 0.789551 0.775228 0.763222 0.753369 0.745540 0.739636 0.735583 0.733331 0.732853 0.734143 0.737217 0.742112 0.748889 0.757632 0.768456 0.781503 0.796953 0.815031 0.836008 0.860220 0.866426 7790.500000 1.174661 0.848692
0.755275 0.771798 0.791009 0.813209 0.838771 0.868151 0.901916 0.874810 0.848681 0.826000 0.806392 0.789551 0.775228 0.763222 0.753369 0.745540 0.739636 0.735583 0.733331 0.732853 0.734143 0.737217 0.742112 0.748889 0.757632 0.768456 0.781503 0.796953 0.815031 0.836008 0.860220 0.866426 0.830521 0.799323 0.772176 0.748557 0.728042 0.710287 0.695012 0.681988 0.671031 0.661989 0.654744 0.649203 0.645297 0.642977 0.642215 0.643003 0.645348 0.649281 0.654850 0.662124 0.671196 0.682186 0.695246 0.710560 0.728358 0.734211 0.723597 0.714984 0.708260 0.703340 0.700162 0.698689 0.698902 0.700805 0.704419 0.709789 0.716983 0.726091 0.737232 0.750557 0.766252 0.784549 0.805728 0.830139 0.858207 0.890459 0.927553 0.970310 1.000000 0.950535 0.907817 0.870781 0.838589 0.810576 0.786207 0.765049 0.746752 0.731030 0.717650 0.706422 0.697193 0.689843 0.684278 0.680428 0.678245 0.671543 0.663241 0.656706 0.651852 0.648622 0.646974 0.646888 0.648365 0.651421 0.656095 0.662443 0.670546 0.680510 0.692468 0.706586 0.723070 0.742173 0.730276 0.720341 0.712366 0.706248 0.701911 0.699301 0.698387 0.699158 0.701622 0.705810 0.711773 0.719587 0.729350 0.741192 7790.500000 1.174661 0.848692
0.719162 0.794972 0.891047 1.000000 0.906315 0.830510 0.768114 0.716043 0.672100 0.634679 0.602581 0.574891 0.550903 0.530063 0.511930 0.496153 0.482446 0.470580 0.460366 0.451650 0.444310 0.438242 0.433368 0.429625 0.426966 0.425358 0.424782 0.425230 0.426708 0.429235 0.432840 0.437569 0.443483 0.450660 0.459197 0.469216 0.480867 0.494332 0.509836 0.527657 0.548137 0.571703 0.598895 0.630398 0.667094 0.639659 0.613185 0.590181 0.570164 0.552748 0.537622 0.524531 0.513270 0.503670 0.495595 0.488934 0.483599 0.479522 0.476652 0.474953 0.474405 0.475002 0.476750 0.479671 0.483800 0.489190 0.495910 0.504047 0.513715 0.525051 0.538223 0.553442 0.570961 0.591097 0.614239 0.640873 0.671613 0.707240 0.748764 0.797509 0.855246 0.924396 0.847119 0.760543 0.691534 0.635410 0.589024 0.550185 0.517321 0.489274 0.465174 0.444358 0.426307 0.410617 0.396963 0.385085 0.374775 0.365860 0.358203 0.351689 0.346228 0.341744 0.338179 0.335487 0.333635 0.332601 0.332371 0.332943 0.334324 0.336531 0.339590 0.343541 0.348433 0.354334 0.361323 0.369501 0.378992 0.389948 0.402555 0.417043 0.433696 0.452871 0.475017 0.500708 0.530689 0.565940 0.607774 0.658000 6996.000000 1.599827 0.556154
0.374775 0.365860 0.358203 0.351689 0.346228 0.341744 0.338179 0.335487 0.333635 0.332601 0.332371 0.332943 0.334324 0.336531 0.339590 0.343541 0.348433 0.354334 0.361323 0.369501 0.378992 0.389948 0.402555 0.417043 0.433696 0.452871 0.475017 0.500708 0.530689 0.565940 0.607774 0.658000 0.719162 0.794972 0.891047 1.000000 0.906315 0.830510 0.768114 0.716043 0.672100 0.634679 0.602581 0.574891 0.550903 0.530063 0.511930 0.496153 0.482446 0.470580 0.460366 0.451650 0.444310 0.438242 0.433368 0.429625 0.426966 0.425358 0.424782 0.425230 0.426708 0.429235 0.432840 0.437569 0.443483 0.450660 0.459197 0.469216 0.480867 0.494332 0.509836 0.527657 0.548137 0.571703 0.598895 0.630398 0.667094 0.639659 0.613185 0.590181 0.570164 0.552748 0.537622 0.524531 0.513270 0.503670 0.495595 0.488934 0.483599 0.479522 0.476652 0.474953 0.474405 0.475002 0.476750 0.479671 0.483800 0.489190 0.495910 0.504047 0.513715 0.525051 0.538223 0.553442 0.570961 0.591097 0.614239 0.640873 0.671613 0.707240 0.748764 0.797509 0.855246 0.924396 0.847119 0.760543 0.691534 0.635410 0.589024 0.550185 0.517321 0.489274 0.465174 0.444358 0.426307 0.410617 0.396963 0.385085 6996.000000 1.599827 0.556154
0.483800 0.489190 0.495910 0.504047 0.513715 0.525051 0.538223 0.553442 0.570961 0.591097 0.614239 0.640873 0.671613 0.707240 0.748764 0.797509 0.855246 0.924396 0.847119 0.760543 0.691534 0.635410 0.589024 0.550185 0.517321 0.489274 0.465174 0.444358 0.426307 0.410617 0.396963 0.385085 0.374775 0.365860 0.358203 0.351689 0.346228 0.341744 0.338179 0.335487 0.333635 0.332601 0.332371 0.332943 0.334324 0.336531 0.339590 0.343541 0.348433 0.354334 0.361323 0.369501 0.378992 0.389948 0.402555 0.417043 0.433696 0.452871 0.475017 0.500708 0.530689 0.565940 0.607774 0.658000 0.719162 0.794972 0.891047 1.000000 0.906315 0.830510 0.768114 0.716043 0.672100 0.634679 0.602581 0.574891 0.550903 0.530063 0.511930 0.496153 0.482446 0.470580 0.460366 0.451650 0.444310 0.438242 0.433368 0.429625 0.426966 0.425358 0.424782 0.425230 0.426708 0.429235 0.432840 0.437569 0.443483 0.450660 0.459197 0.469216 0.480867 0.494332 0.509836 0.527657 0.548137 0.571703 0.598895 0.630398 0.667094 0.639659 0.613185 0.590181 0.570164 0.552748 0.537622 0.524531 0.513270 0.503670 0.495595 0.488934 0.483599 0.479522 0.476652 0.474953 0.474405 0.475002 0.476750 0.479671 6996.000000 1.599827 0.556154
0.443483 0.450660 0.459197 0.469216 0.480867 0.494332 0.509836 0.527657 0.548137 0.571703 0.598895 0.630398 0.667094 0.639659 0.613185 0.590181 0.570164 0.552748 0.537622 0.524531 0.513270 0.503670 0.495595 0.488934 0.483599 0.479522 0.476652 0.474953 0.474405 0.475002 0.476750 0.479671 0.483800 0.489190 0.495910 0.504047 0.513715 0.525051 0.538223 0.553442 0.570961 0.591097 0.614239 0.640873 0.671613 0.707240 0.748764 0.797509 0.855246 0.924396 0.847119 0.760543 0.691534 0.635410 0.589024 0.550185 0.517321 0.489274 0.465174 0.444358 0.426307 0.410617 0.396963 0.385085 0.374775 0.365860 0.358203 0.351689 0.346228 0.341744 0.338179 0.335487 0.333635 0.332601 0.332371 0.332943 0.334324 0.336531 0.339590 0.343541 0.348433 0.354334 0.361323 0.369501 0.378992 0.389948 0.402555 0.417043 0.433696 0.452871 0.475017 0.500708 0.530689 0.565940 0.607774 0.658000 0.719162 0.794972 0.891047 1.000000 0.906315 0.830510 0.768114 0.716043 0.672100 0.634679 0.602581 0.574891 0.550903 0.530063 0.511930 0.496153 0.482446 0.470580 0.460366 0.451650 0.444310 0.438242 0.433368 0.429625 0.426966 0.425358 0.424782 0.425230 0.426708 0.429235 0.432840 0.437569 6996.000000 1.599827 0.556154
0.763999 0.748575 0.735499 0.724588 0.715695 0.708704 0.703526 0.700099 0.698378 0.698345 0.699997 0.703356 0.708462 0.715379 0.724195 0.735023 0.748009 0.763334 0.781222 0.801946 0.825844 0.853329 0.884911 0.921226 0.882012 0.828165 0.782291 0.742929 0.708964 0.679534 0.653963 0.631713 0.612354 0.595538 0.580984 0.568460 0.557781 0.548793 0.541374 0.535425 0.530871 0.527654 0.525734 0.525089 0.525711 0.527606 0.530799 0.535327 0.541249 0.548640 0.557598 0.568245 0.580732 0.595247 0.612018 0.631326 0.632430 0.628598 0.626311 0.625543 0.626283 0.628541 0.632344 0.637740 0.644794 0.653599 0.664271 0.676954 0.691830 0.709122 0.729101 0.752103 0.778541 0.808925 0.843892 0.884246 0.931008 0.985498 1.000000 0.934358 0.878789 0.831350 0.790577 0.755351 0.724802 0.698244 0.675133 0.655030 0.637582 0.622500 0.609549 0.598538 0.589313 0.581748 0.575745 0.571226 0.568135 0.566435 0.566105 0.567141 0.569555 0.573377 0.578654 0.585453 0.593861 0.603990 0.615981 0.629974 0.620895 0.613531 0.607788 0.603591 0.600889 0.599650 0.599858 0.601516 0.604643 0.609279 0.615481 0.623327 0.632920 0.644390 0.657898 0.673641 0.691864 0.712866 0.737013 0.764761 1391.500000 1.388270 0.779417
0.568135 0.566435 0.566105 0.567141 0.569555 0.573377 0.578654 0.585453 0.593861 0.603990 0.615981 0.629974 0.620895 0.613531 0.607788 0.603591 0.600889 0.599650 0.599858 0.601516 0.604643 0.609279 0.615481 0.623327 0.632920 0.644390 0.657898 0.673641 0.691864 0.712866 0.737013 0.764761 0.763999 0.748575 0.735499 0.724588 0.715695 0.708704 0.703526 0.700099 0.698378 0.698345 0.699997 0.703356 0.708462 0.715379 0.724195 0.735023 0.748009 0.763334 0.781222 0.801946 0.825844 0.853329 0.884911 0.921226 0.882012 0.828165 0.782291 0.742929 0.708964 0.679534 0.653963 0.631713 0.612354 0.595538 0.580984 0.568460 0.557781 0.548793 0.541374 0.535425 0.530871 0.527654 0.525734 0.525089 0.525711 0.527606 0.530799 0.535327 0.541249 0.548640 0.557598 0.568245 0.580732 0.595247 0.612018 0.631326 0.632430 0.628598 0.626311 0.625543 0.626283 0.628541 0.632344 0.637740 0.644794 0.653599 0.664271 0.676954 0.691830 0.709122 0.729101 0.752103 0.778541 0.808925 0.843892 0.884246 0.931008 0.985498 1.000000 0.934358 0.878789 0.831350 0.790577 0.755351 0.724802 0.698244 0.675133 0.655030 0.637582 0.622500 0.609549 0.598538 0.589313 0.581748 0.575745 0.571226 1391.500000 1.388270 0.779417
0.644794 0.653599 0.664271 0.676954 0.691830 0.709122 0.729101 0.752103 0.778541 0.808925 0.843892 0.884246 0.931008 0.985498 1.000000 0.934358 0.878789 0.831350 0.790577 0.755351 0.724802 0.698244 0.675133 0.655030 0.637582 0.622500 0.609549 0.598538 0.589313 0.581748 0.575745 0.571226 0.568135 0.566435 0.566105 0.567141 0.569555 0.573377 0.578654 0.585453 0.593861 0.603990 0.615981 0.629974 0.620895 0.613531 0.607788 0.603591 0.600889 0.599650 0.599858 0.601516 0.604643 0.609279 0.615481 0.623327 0.632920 0.644390 0.657898 0.673641 0.691864 0.712866 0.737013 0.764761 0.763999 0.748575 0.735499 0.724588 0.715695 0.708704 0.703526 0.700099 0.698378 0.698345 0.699997 0.703356 0.708462 0.715379 0.724195 0.735023 0.748009 0.763334 0.781222 0.801946 0.825844 0.853329 0.884911 0.921226 0.882012 0.828165 0.782291 0.742929 0.708964 0.679534 0.653963 0.631713 0.612354 0.595538 0.580984 0.568460 0.557781 0.548793 0.541374 0.535425 0.530871 0.527654 0.525734 0.525089 0.525711 0.527606 0.530799 0.535327 0.541249 0.548640 0.557598 0.568245 0.580732 0.595247 0.612018 0.631326 0.632430 0.628598 0.626311 0.625543 0.626283 0.628541 0.632344 0.637740 1391.500000 1.388270 0.779417
0.612354 0.595538 0.580984 0.568460 0.557781 0.548793 0.541374 0.535425 0.530871 0.527654 0.525734 0.525089 0.525711 0.527606 0.530799 0.535327 0.541249 0.548640 0.557598 0.568245 0.580732 0.595247 0.612018 0.631326 0.632430 0.628598 0.626311 0.625543 0.626283 0.628541 0.632344 0.637740 0.644794 0.653599 0.664271 0.676954 0.691830 0.709122 0.729101 0.752103 0.778541 0.808925 0.843892 0.884246 0.931008 0.985498 1.000000 0.934358 0.878789 0.831350 0.790577 0.755351 0.724802 0.698244 0.675133 0.655030 0.637582 0.622500 0.609549 0.598538 0.589313 0.581748 0.575745 0.571226 0.568135 0.566435 0.566105 0.567141 0.569555 0.573377 0.578654 0.585453 0.593861 0.603990 0.615981 0.629974 0.620895 0.613531 0.607788 0.603591 0.600889 0.599650 0.599858 0.601516 0.604643 0.609279 0.615481 0.623327 0.632920 0.644390 0.657898 0.673641 0.691864 0.712866 0.737013 0.764761 0.763999 0.748575 0.735499 0.724588 0.715695 0.708704 0.703526 0.700099 0.698378 0.698345 0.699997 0.703356 0.708462 0.715379 0.724195 0.735023 0.748009 0.763334 0.781222 0.801946 0.825844 0.853329 0.884911 0.921226 0.882012 0.828165 0.782291 0.742929 0.708964 0.679534 0.653963 0.631713 1391.500000 1.388270 0.779417
0.636389 0.689326 0.753850 0.833917 0.935535 1.000000 0.915945 0.846806 0.789140 0.740498 0.699090 0.663582 0.632958 0.606432 0.583389 0.563341 0.545896 0.530739 0.517614 0.506314 0.496667 0.488535 0.481808 0.476396 0.472229 0.469254 0.467436 0.466753 0.467195 0.468768 0.471491 0.475399 0.480539 0.486977 0.494799 0.504110 0.515043 0.527760 0.542461 0.559390 0.578850 0.601213 0.626945 0.656630 0.691014 0.661139 0.631790 0.606335 0.584204 0.564945 0.548194 0.533657 0.521093 0.510308 0.501144 0.493471 0.487185 0.482204 0.478465 0.475922 0.474542 0.474310 0.475222 0.477290 0.480539 0.485008 0.490755 0.497854 0.506399 0.516508 0.528328 0.542038 0.557858 0.576058 0.596973 0.621017 0.648707 0.680698 0.717826 0.761179 0.812186 0.872775 0.945594 0.991763 0.877364 0.788330 0.717269 0.659418 0.611566 0.571472 0.537527 0.508545 0.483634 0.462111 0.443444 0.427217 0.413095 0.400811 0.390150 0.380935 0.373024 0.366298 0.360665 0.356047 0.352383 0.349628 0.347748 0.346718 0.346526 0.347171 0.348659 0.351010 0.354252 0.358425 0.363585 0.369799 0.377154 0.385755 0.395733 0.407249 0.420498 0.435723 0.453225 0.473380 0.496663 0.523682 0.555224 0.592328 1248.500000 1.601907 0.555530
0.413095 0.400811 0.390150 0.380935 0.373024 0.366298 0.360665 0.356047 0.352383 0.349628 0.347748 0.346718 0.346526 0.347171 0.348659 0.351010 0.354252 0.358425 0.363585 0.369799 0.377154 0.385755 0.395733 0.407249 0.420498 0.435723 0.453225 0.473380 0.496663 0.523682 0.555224 0.592328 0.636389 0.689326 0.753850 0.833917 0.935535 1.000000 0.915945 0.846806 0.789140 0.740498 0.699090 0.663582 0.632958 0.606432 0.583389 0.563341 0.545896 0.530739 0.517614 0.506314 0.496667 0.488535 0.481808 0.476396 0.472229 0.469254 0.467436 0.466753 0.467195 0.468768 0.471491 0.475399 0.480539 0.486977 0.494799 0.504110 0.515043 0.527760 0.542461 0.559390 0.578850 0.601213 0.626945 0.656630 0.691014 0.661139 0.631790 0.606335 0.584204 0.564945 0.548194 0.533657 0.521093 0.510308 0.501144 0.493471 0.487185 0.482204 0.478465 0.475922 0.474542 0.474310 0.475222 0.477290 0.480539 0.485008 0.490755 0.497854 0.506399 0.516508 0.528328 0.542038 0.557858 0.576058 0.596973 0.621017 0.648707 0.680698 0.717826 0.761179 0.812186 0.872775 0.945594 0.991763 0.877364 0.788330 0.717269 0.659418 0.611566 0.571472 0.537527 0.508545 0.483634 0.462111 0.443444 0.427217 1248.500000 1.601907 0.555530
0.480539 0.485008 0.490755 0.497854 0.506399 0.516508 0.528328 0.542038 0.557858 0.576058 0.596973 0.621017 0.648707 0.680698 0.717826 0.761179 0.812186 0.872775 0.945594 0.991763 0.877364 0.788330 0.717269 0.659418 0.611566 0.571472 0.537527 0.508545 0.483634 0.462111 0.443444 0.427217 0.413095 0.400811 0.390150 0.380935 0.373024 0.366298 0.360665 0.356047 0.352383 0.349628 0.347748 0.346718 0.346526 0.347171 0.348659 0.351010 0.354252 0.358425 0.363585 0.369799 0.377154 0.385755 0.395733 0.407249 0.420498 0.435723 0.453225 0.473380 0.496663 0.523682 0.555224 0.592328 0.636389 0.689326 0.753850 0.833917 0.935535 1.000000 0.915945 0.846806 0.789140 0.740498 0.699090 0.663582 0.632958 0.606432 0.583389 0.563341 0.545896 0.530739 0.517614 0.506314 0.496667 0.488535 0.481808 0.476396 0.472229 0.469254 0.467436 0.466753 0.467195 0.468768 0.471491 0.475399 0.480539 0.486977 0.494799 0.504110 0.515043 0.527760 0.542461 0.559390 0.578850 0.601213 0.626945 0.656630 0.691014 0.661139 0.631790 0.606335 0.584204 0.564945 0.548194 0.533657 0.521093 0.510308 0.501144 0.493471 0.487185 0.482204 0.478465 0.475922 0.474542 0.474310 0.475222 0.477290 1248.500000 1.601907 0.555530
0.480539 0.486977 0.494799 0.504110 0.515043 0.527760 0.542461 0.559390 0.578850 0.601213 0.626945 0.656630 0.691014 0.661139 0.631790 0.606335 0.584204 0.564945 0.548194 0.533657 0.521093 0.510308 0.501144 0.493471 0.487185 0.482204 0.478465 0.475922 0.474542 0.474310 0.475222 0.477290 0.480539 0.485008 0.490755 0.497854 0.506399 0.516508 0.528328 0.542038 0.557858 0.576058 0.596973 0.621017 0.648707 0.680698 0.717826 0.761179 0.812186 0.872775 0.945594 0.991763 0.877364 0.788330 0.717269 0.659418 0.611566 0.571472 0.537527 0.508545 0.483634 0.462111 0.443444 0.427217 0.413095 0.400811 0.390150 0.380935 0.373024 0.366298 0.360665 0.356047 0.352383 0.349628 0.347748 0.346718 0.346526 0.347171 0.348659 0.351010 0.354252 0.358425 0.363585 0.369799 0.377154 0.385755 0.395733 0.407249 0.420498 0.435723 0.453225 0.473380 0.496663 0.523682 0.555224 0.592328 0.636389 0.689326 0.753850 0.833917 0.935535 1.000000 0.915945 0.846806 0.789140 0.740498 0.699090 0.663582 0.632958 0.606432 0.583389 0.563341 0.545896 0.530739 0.517614 0.506314 0.496667 0.488535 0.481808 0.476396 0.472229 0.469254 0.467436 0.466753 0.467195 0.468768 0.471491 0.475399 1248.500000 1.601907 0.555530
0.622346 0.622425 0.624007 0.627111 0.631777 0.638061 0.646043 0.655827 0.667545 0.681361 0.697477 0.716141 0.737657 0.762399 0.790830 0.823524 0.861203 0.904778 0.955423 1.000000 0.945100 0.897964 0.857275 0.822007 0.791357 0.764687 0.741484 0.721335 0.703902 0.688913 0.676143 0.665412 0.656574 0.649511 0.637935 0.626343 0.616624 0.608646 0.602303 0.597517 0.594226 0.592390 0.591988 0.593013 0.595479 0.599416 0.604873 0.611917 0.620640 0.631157 0.643615 0.644183 0.628249 0.614529 0.602817 0.592945 0.584777 0.578205 0.573144 0.569531 0.567322 0.566489 0.567023 0.568930 0.572232 0.576972 0.583207 0.591018 0.600507 0.611804 0.625069 0.640499 0.658336 0.678877 0.702489 0.729623 0.760844 0.796862 0.814124 0.809765 0.807387 0.806962 0.808483 0.811971 0.817466 0.825037 0.834780 0.846820 0.861318 0.878474 0.898536 0.921808 0.894753 0.838011 0.789827 0.748587 0.713073 0.682346 0.655671 0.632470 0.612280 0.594727 0.579509 0.566382 0.555143 0.545631 0.537713 0.531283 0.526258 0.522326 0.518774 0.516505 0.515493 0.515725 0.517204 0.519947 0.523989 0.529379 0.536187 0.544500 0.554433 0.566123 0.579744 0.595507 0.613670 0.631214 0.626714 0.623770 14768.500000 1.464710 0.800271
0.713073 0.682346 0.655671 0.632470 0.612280 0.594727 0.579509 0.566382 0.555143 0.545631 0.537713 0.531283 0.526258 0.522326 0.518774 0.516505 0.515493 0.515725 0.517204 0.519947 0.523989 0.529379 0.536187 0.544500 0.554433 0.566123 0.579744 0.595507 0.613670 0.631214 0.626714 0.623770 0.622346 0.622425 0.624007 0.627111 0.631777 0.638061 0.646043 0.655827 0.667545 0.681361 0.697477 0.716141 0.737657 0.762399 0.790830 0.823524 0.861203 0.904778 0.955423 1.000000 0.945100 0.897964 0.857275 0.822007 0.791357 0.764687 0.741484 0.721335 0.703902 0.688913 0.676143 0.665412 0.656574 0.649511 0.637935 0.626343 0.616624 0.608646 0.602303 0.597517 0.594226 0.592390 0.591988 0.593013 0.595479 0.599416 0.604873 0.611917 0.620640 0.631157 0.643615 0.644183 0.628249 0.614529 0.602817 0.592945 0.584777 0.578205 0.573144 0.569531 0.567322 0.566489 0.567023 0.568930 0.572232 0.576972 0.583207 0.591018 0.600507 0.611804 0.625069 0.640499 0.658336 0.678877 0.702489 0.729623 0.760844 0.796862 0.814124 0.809765 0.807387 0.806962 0.808483 0.811971 0.817466 0.825037 0.834780 0.846820 0.861318 0.878474 0.898536 0.921808 0.894753 0.838011 0.789827 0.748587 14768.500000 1.464710 0.800271
0.572232 0.576972 0.583207 0.591018 0.600507 0.611804 0.625069 0.640499 0.658336 0.678877 0.702489 0.729623 0.760844 0.796862 0.814124 0.809765 0.807387 0.806962 0.808483 0.811971 0.817466 0.825037 0.834780 0.846820 0.861318 0.878474 0.898536 0.921808 0.894753 0.838011 0.789827 0.748587 0.713073 0.682346 0.655671 0.632470 0.612280 0.594727 0.579509 0.566382 0.555143 0.545631 0.537713 0.531283 0.526258 0.522326 0.518774 0.516505 0.515493 0.515725 0.517204 0.519947 0.523989 0.529379 0.536187 0.544500 0.554433 0.566123 0.579744 0.595507 0.613670 0.631214 0.626714 0.623770 0.622346 0.622425 0.624007 0.627111 0.631777 0.638061 0.646043 0.655827 0.667545 0.681361 0.697477 0.716141 0.737657 0.762399 0.790830 0.823524 0.861203 0.904778 0.955423 1.000000 0.945100 0.897964 0.857275 0.822007 0.791357 0.764687 0.741484 0.721335 0.703902 0.688913 0.676143 0.665412 0.656574 0.649511 0.637935 0.626343 0.616624 0.608646 0.602303 0.597517 0.594226 0.592390 0.591988 0.593013 0.595479 0.599416 0.604873 0.611917 0.620640 0.631157 0.643615 0.644183 0.628249 0.614529 0.602817 0.592945 0.584777 0.578205 0.573144 0.569531 0.567322 0.566489 0.567023 0.568930 14768.500000 1.464710 0.800271
0.656574 0.649511 0.637935 0.626343 0.616624 0.608646 0.602303 0.597517 0.594226 0.592390 0.591988 0.593013 0.595479 0.599416 0.604873 0.611917 0.620640 0.631157 0.643615 0.644183 0.628249 0.614529 0.602817 0.592945 0.584777 0.578205 0.573144 0.569531 0.567322 0.566489 0.567023 0.568930 0.572232 0.576972 0.583207 0.591018 0.600507 0.611804 0.625069 0.640499 0.658336 0.678877 0.702489 0.729623 0.760844 0.796862 0.814124 0.809765 0.807387 0.806962 0.808483 0.811971 0.817466 0.825037 0.834780 0.846820 0.861318 0.878474 0.898536 0.921808 0.894753 0.838011 0.789827 0.748587 0.713073 0.682346 0.655671 0.632470 0.612280 0.594727 0.579509 0.566382 0.555143 0.545631 0.537713 0.531283 0.526258 0.522326 0.518774 0.516505 0.515493 0.515725 0.517204 0.519947 0.523989 0.529379 0.536187 0.544500 0.554433 0.566123 0.579744 0.595507 0.613670 0.631214 0.626714 0.623770 0.622346 0.622425 0.624007 0.627111 0.631777 0.638061 0.646043 0.655827 0.667545 0.681361 0.697477 0.716141 0.737657 0.762399 0.790830 0.823524 0.861203 0.904778 0.955423 1.000000 0.945100 0.897964 0.857275 0.822007 0.791357 0.764687 0.741484 0.721335 0.703902 0.688913 0.676143 0.665412 14768.500000 1.464710 0.800271
0.793536 0.745651 0.704818 0.669754 0.639481 0.613240 0.590434 0.570589 0.553324 0.538333 0.525364 0.514215 0.504720 0.496744 0.490179 0.484939 0.480955 0.478180 0.476577 0.476128 0.478384 0.483687 0.490304 0.498322 0.507850 0.519024 0.532011 0.547017 0.564292 0.584148 0.606967 0.633229 0.663538 0.698661 0.739592 0.787632 0.844523 0.912642 0.995323 0.965932 0.930746 0.900125 0.873492 0.850379 0.830407 0.813266 0.798704 0.786515 0.776535 0.768634 0.762711 0.758693 0.756529 0.756195 0.757685 0.761018 0.766234 0.773399 0.782602 0.793962 0.807632 0.823800 0.829552 0.790530 0.756756 0.727430 0.701920 0.679721 0.660425 0.643703 0.629285 0.616952 0.606526 0.597864 0.590849 0.585390 0.581419 0.578887 0.577762 0.578032 0.579700 0.582785 0.587325 0.593378 0.601019 0.610350 0.621495 0.634613 0.649895 0.667580 0.687958 0.708612 0.702944 0.699036 0.696841 0.696333 0.697504 0.700369 0.704963 0.711343 0.719588 0.729806 0.742132 0.756736 0.773827 0.789355 0.779683 0.772082 0.766457 0.762737 0.760877 0.760855 0.762671 0.766345 0.771924 0.779476 0.789097 0.800912 0.815080 0.831798 0.851310 0.873916 0.899982 0.929960 0.964407 1.000000 0.917918 0.850182 1777.000000 1.297058 0.762249
0.697504 0.700369 0.704963 0.711343 0.719588 0.729806 0.742132 0.756736 0.773827 0.789355 0.779683 0.772082 0.766457 0.762737 0.760877 0.760855 0.762671 0.766345 0.771924 0.779476 0.789097 0.800912 0.815080 0.831798 0.851310 0.873916 0.899982 0.929960 0.964407 1.000000 0.917918 0.850182 0.793536 0.745651 0.704818 0.669754 0.639481 0.613240 0.590434 0.570589 0.553324 0.538333 0.525364 0.514215 0.504720 0.496744 0.490179 0.484939 0.480955 0.478180 0.476577 0.476128 0.478384 0.483687 0.490304 0.498322 0.507850 0.519024 0.532011 0.547017 0.564292 0.584148 0.606967 0.633229 0.663538 0.698661 0.739592 0.787632 0.844523 0.912642 0.995323 0.965932 0.930746 0.900125 0.873492 0.850379 0.830407 0.813266 0.798704 0.786515 0.776535 0.768634 0.762711 0.758693 0.756529 0.756195 0.757685 0.761018 0.766234 0.773399 0.782602 0.793962 0.807632 0.823800 0.829552 0.790530 0.756756 0.727430 0.701920 0.679721 0.660425 0.643703 0.629285 0.616952 0.606526 0.597864 0.590849 0.585390 0.581419 0.578887 0.577762 0.578032 0.579700 0.582785 0.587325 0.593378 0.601019 0.610350 0.621495 0.634613 0.649895 0.667580 0.687958 0.708612 0.702944 0.699036 0.696841 0.696333 1777.000000 1.297058 0.762249
0.756756 0.727430 0.701920 0.679721 0.660425 0.643703 0.629285 0.616952 0.606526 0.597864 0.590849 0.585390 0.581419 0.578887 0.577762 0.578032 0.579700 0.582785 0.587325 0.593378 0.601019 0.610350 0.621495 0.634613 0.649895 0.667580 0.687958 0.708612 0.702944 0.699036 0.696841 0.696333 0.697504 0.700369 0.704963 0.711343 0.719588 0.729806 0.742132 0.756736 0.773827 0.789355 0.779683 0.772082 0.766457 0.762737 0.760877 0.760855 0.762671 0.766345 0.771924 0.779476 0.789097 0.800912 0.815080 0.831798 0.851310 0.873916 0.899982 0.929960 0.964407 1.000000 0.917918 0.850182 0.793536 0.745651 0.704818 0.669754 0.639481 0.613240 0.590434 0.570589 0.553324 0.538333 0.525364 0.514215 0.504720 0.496744 0.490179 0.484939 0.480955 0.478180 0.476577 0.476128 0.478384 0.483687 0.490304 0.498322 0.507850 0.519024 0.532011 0.547017 0.564292 0.584148 0.606967 0.633229 0.663538 0.698661 0.739592 0.787632 0.844523 0.912642 0.995323 0.965932 0.930746 0.900125 0.873492 0.850379 0.830407 0.813266 0.798704 0.786515 0.776535 0.768634 0.762711 0.758693 0.756529 0.756195 0.757685 0.761018 0.766234 0.773399 0.782602 0.793962 0.807632 0.823800 0.829552 0.790530 1777.000000 1.297058 0.762249
0.663538 0.698661 0.739592 0.787632 0.844523 0.912642 0.995323 0.965932 0.930746 0.900125 0.873492 0.850379 0.830407 0.813266 0.798704 0.786515 0.776535 0.768634 0.762711 0.758693 0.756529 0.756195 0.757685 0.761018 0.766234 0.773399 0.782602 0.793962 0.807632 0.823800 0.829552 0.790530 0.756756 0.727430 0.701920 0.679721 0.660425 0.643703 0.629285 0.616952 0.606526 0.597864 0.590849 0.585390 0.581419 0.578887 0.577762 0.578032 0.579700 0.582785 0.587325 0.593378 0.601019 0.610350 0.621495 0.634613 0.649895 0.667580 0.687958 0.708612 0.702944 0.699036 0.696841 0.696333 0.697504 0.700369 0.704963 0.711343 0.719588 0.729806 0.742132 0.756736 0.773827 0.789355 0.779683 0.772082 0.766457 0.762737 0.760877 0.760855 0.762671 0.766345 0.771924 0.779476 0.789097 0.800912 0.815080 0.831798 0.851310 0.873916 0.899982 0.929960 0.964407 1.000000 0.917918 0.850182 0.793536 0.745651 0.704818 0.669754 0.639481 0.613240 0.590434 0.570589 0.553324 0.538333 0.525364 0.514215 0.504720 0.496744 0.490179 0.484939 0.480955 0.478180 0.476577 0.476128 0.478384 0.483687 0.490304 0.498322 0.507850 0.519024 0.532011 0.547017 0.564292 0.584148 0.606967 0.633229 1777.000000 1.297058 0.762249
0.688064 0.702656 0.672078 0.645541 0.622463 0.602379 0.584915 0.569770 0.556696 0.545494 0.535999 0.528080 0.521629 0.516564 0.512820 0.510350 0.509124 0.509128 0.510362 0.512840 0.516592 0.521666 0.528126 0.536055 0.539872 0.529743 0.521220 0.514186 0.508548 0.504234 0.501190 0.499378 0.498777 0.499378 0.501190 0.504234 0.508548 0.514186 0.521220 0.529743 0.539872 0.551751 0.565557 0.581509 0.599873 0.620981 0.645239 0.673157 0.705377 0.742715 0.786226 0.837296 0.897774 0.970189 1.000000 0.909725 0.836248 0.775481 0.724575 0.681481 0.644692 0.613072 0.585754 0.562063 0.541468 0.523545 0.507956 0.494424 0.482728 0.472684 0.464146 0.456992 0.451125 0.446469 0.442964 0.440567 0.439248 0.438992 0.439795 0.441666 0.444630 0.448722 0.448602 0.447138 0.446756 0.447452 0.449234 0.452124 0.456157 0.461385 0.467874 0.475710 0.485002 0.495882 0.508515 0.523101 0.539888 0.559180 0.581355 0.606882 0.636359 0.670542 0.710415 0.757270 0.812838 0.844272 0.810094 0.780383 0.754527 0.732037 0.712515 0.695640 0.681149 0.668827 0.658502 0.650032 0.643308 0.638244 0.634776 0.632861 0.632478 0.633620 0.636302 0.640557 0.646436 0.654015 0.663391 0.674689 2094.500000 1.483785 0.704237
0.539888 0.559180 0.581355 0.606882 0.636359 0.670542 0.710415 0.757270 0.812838 0.844272 0.810094 0.780383 0.754527 0.732037 0.712515 0.695640 0.681149 0.668827 0.658502 0.650032 0.643308 0.638244 0.634776 0.632861 0.632478 0.633620 0.636302 0.640557 0.646436 0.654015 0.663391 0.674689 0.688064 0.702656 0.672078 0.645541 0.622463 0.602379 0.584915 0.569770 0.556696 0.545494 0.535999 0.528080 0.521629 0.516564 0.512820 0.510350 0.509124 0.509128 0.510362 0.512840 0.516592 0.521666 0.528126 0.536055 0.539872 0.529743 0.521220 0.514186 0.508548 0.504234 0.501190 0.499378 0.498777 0.499378 0.501190 0.504234 0.508548 0.514186 0.521220 0.529743 0.539872 0.551751 0.565557 0.581509 0.599873 0.620981 0.645239 0.673157 0.705377 0.742715 0.786226 0.837296 0.897774 0.970189 1.000000 0.909725 0.836248 0.775481 0.724575 0.681481 0.644692 0.613072 0.585754 0.562063 0.541468 0.523545 0.507956 0.494424 0.482728 0.472684 0.464146 0.456992 0.451125 0.446469 0.442964 0.440567 0.439248 0.438992 0.439795 0.441666 0.444630 0.448722 0.448602 0.447138 0.446756 0.447452 0.449234 0.452124 0.456157 0.461385 0.467874 0.475710 0.485002 0.495882 0.508515 0.523101 2094.500000 1.483785 0.704237
0.541468 0.523545 0.507956 0.494424 0.482728 0.472684 0.464146 0.456992 0.451125 0.446469 0.442964 0.440567 0.439248 0.438992 0.439795 0.441666 0.444630 0.448722 0.448602 0.447138 0.446756 0.447452 0.449234 0.452124 0.456157 0.461385 0.467874 0.475710 0.485002 0.495882 0.508515 0.523101 0.539888 0.559180 0.581355 0.606882 0.636359 0.670542 0.710415 0.757270 0.812838 0.844272 0.810094 0.780383 0.754527 0.732037 0.712515 0.695640 0.681149 0.668827 0.658502 0.650032 0.643308 0.638244 0.634776 0.632861 0.632478 0.633620 0.636302 0.640557 0.646436 0.654015 0.663391 0.674689 0.688064 0.702656 0.672078 0.645541 0.622463 0.602379 0.584915 0.569770 0.556696 0.545494 0.535999 0.528080 0.521629 0.516564 0.512820 0.510350 0.509124 0.509128 0.510362 0.512840 0.516592 0.521666 0.528126 0.536055 0.539872 0.529743 0.521220 0.514186 0.508548 0.504234 0.501190 0.499378 0.498777 0.499378 0.501190 0.504234 0.508548 0.514186 0.521220 0.529743 0.539872 0.551751 0.565557 0.581509 0.599873 0.620981 0.645239 0.673157 0.705377 0.742715 0.786226 0.837296 0.897774 0.970189 1.000000 0.909725 0.836248 0.775481 0.724575 0.681481 0.644692 0.613072 0.585754 0.562063 2094.500000 1.483785 0.704237
0.498777 0.499378 0.501190 0.504234 0.508548 0.514186 0.521220 0.529743 0.539872 0.551751 0.565557 0.581509 0.599873 0.620981 0.645239 0.673157 0.705377 0.742715 0.786226 0.837296 0.897774 0.970189 1.000000 0.909725 0.836248 0.775481 0.724575 0.681481 0.644692 0.613072 0.585754 0.562063 0.541468 0.523545 0.507956 0.494424 0.482728 0.472684 0.464146 0.456992 0.451125 0.446469 0.442964 0.440567 0.439248 0.438992 0.439795 0.441666 0.444630 0.448722 0.448602 0.447138 0.446756 0.447452 0.449234 0.452124 0.456157 0.461385 0.467874 0.475710 0.485002 0.495882 0.508515 0.523101 0.539888 0.559180 0.581355 0.606882 0.636359 0.670542 0.710415 0.757270 0.812838 0.844272 0.810094 0.780383 0.754527 0.732037 0.712515 0.695640 0.681149 0.668827 0.658502 0.650032 0.643308 0.638244 0.634776 0.632861 0.632478 0.633620 0.636302 0.640557 0.646436 0.654015 0.663391 0.674689 0.688064 0.702656 0.672078 0.645541 0.622463 0.602379 0.584915 0.569770 0.556696 0.545494 0.535999 0.528080 0.521629 0.516564 0.512820 0.510350 0.509124 0.509128 0.510362 0.512840 0.516592 0.521666 0.528126 0.536055 0.539872 0.529743 0.521220 0.514186 0.508548 0.504234 0.501190 0.499378 2094.500000 1.483785 0.704237
