0.467551 0.462141 0.457944 0.454909 0.452999 0.452189 0.452470 0.455403 0.461597 0.469107 0.478036 0.488511 0.500689 0.514761 0.530963 0.549586 0.570988 0.595617 0.624038 0.638600 0.649233 0.661848 0.676625 0.693787 0.713606 0.736416 0.762631 0.792761 0.827446 0.867490 0.913921 0.968066 1.000000 0.920788 0.855112 0.799980 0.753232 0.713269 0.678886 0.649157 0.623361 0.600930 0.581409 0.564433 0.550321 0.549910 0.550826 0.553080 0.556699 0.561727 0.568229 0.576287 0.586010 0.597530 0.611014 0.626665 0.644733 0.665525 0.689418 0.707711 0.682652 0.660844 0.641886 0.625449 0.611269 0.599129 0.588853 0.580298 0.573349 0.567917 0.563933 0.561347 0.560127 0.560260 0.561747 0.564605 0.568870 0.574595 0.581852 0.585135 0.585579 0.587440 0.590740 0.595520 0.601840 0.609780 0.619445 0.630965 0.644505 0.660263 0.678488 0.699479 0.723610 0.751340 0.783242 0.820037 0.823229 0.804462 0.788388 0.774773 0.763429 0.754203 0.746976 0.741655 0.738176 0.736494 0.736591 0.738468 0.742146 0.747671 0.755113 0.764564 0.776148 0.790021 0.771454 0.723266 0.682291 0.647185 0.616929 0.590734 0.567986 0.548197 0.530977 0.516010 0.503043 0.491868 0.482315 0.474246 1088.000000 1.342245 0.744251
0.823229 0.804462 0.788388 0.774773 0.763429 0.754203 0.746976 0.741655 0.738176 0.736494 0.736591 0.738468 0.742146 0.747671 0.755113 0.764564 0.776148 0.790021 0.771454 0.723266 0.682291 0.647185 0.616929 0.590734 0.567986 0.548197 0.530977 0.516010 0.503043 0.491868 0.482315 0.474246 0.467551 0.462141 0.457944 0.454909 0.452999 0.452189 0.452470 0.455403 0.461597 0.469107 0.478036 0.488511 0.500689 0.514761 0.530963 0.549586 0.570988 0.595617 0.624038 0.638600 0.649233 0.661848 0.676625 0.693787 0.713606 0.736416 0.762631 0.792761 0.827446 0.867490 0.913921 0.968066 1.000000 0.920788 0.855112 0.799980 0.753232 0.713269 0.678886 0.649157 0.623361 0.600930 0.581409 0.564433 0.550321 0.549910 0.550826 0.553080 0.556699 0.561727 0.568229 0.576287 0.586010 0.597530 0.611014 0.626665 0.644733 0.665525 0.689418 0.707711 0.682652 0.660844 0.641886 0.625449 0.611269 0.599129 0.588853 0.580298 0.573349 0.567917 0.563933 0.561347 0.560127 0.560260 0.561747 0.564605 0.568870 0.574595 0.581852 0.585135 0.585579 0.587440 0.590740 0.595520 0.601840 0.609780 0.619445 0.630965 0.644505 0.660263 0.678488 0.699479 0.723610 0.751340 0.783242 0.820037 1088.000000 1.342245 0.744251
0.611269 0.599129 0.588853 0.580298 0.573349 0.567917 0.563933 0.561347 0.560127 0.560260 0.561747 0.564605 0.568870 0.574595 0.581852 0.585135 0.585579 0.587440 0.590740 0.595520 0.601840 0.609780 0.619445 0.630965 0.644505 0.660263 0.678488 0.699479 0.723610 0.751340 0.783242 0.820037 0.823229 0.804462 0.788388 0.774773 0.763429 0.754203 0.746976 0.741655 0.738176 0.736494 0.736591 0.738468 0.742146 0.747671 0.755113 0.764564 0.776148 0.790021 0.771454 0.723266 0.682291 0.647185 0.616929 0.590734 0.567986 0.548197 0.530977 0.516010 0.503043 0.491868 0.482315 0.474246 0.467551 0.462141 0.457944 0.454909 0.452999 0.452189 0.452470 0.455403 0.461597 0.469107 0.478036 0.488511 0.500689 0.514761 0.530963 0.549586 0.570988 0.595617 0.624038 0.638600 0.649233 0.661848 0.676625 0.693787 0.713606 0.736416 0.762631 0.792761 0.827446 0.867490 0.913921 0.968066 1.000000 0.920788 0.855112 0.799980 0.753232 0.713269 0.678886 0.649157 0.623361 0.600930 0.581409 0.564433 0.550321 0.549910 0.550826 0.553080 0.556699 0.561727 0.568229 0.576287 0.586010 0.597530 0.611014 0.626665 0.644733 0.665525 0.689418 0.707711 0.682652 0.660844 0.641886 0.625449 1088.000000 1.342245 0.744251
1.000000 0.920788 0.855112 0.799980 0.753232 0.713269 0.678886 0.649157 0.623361 0.600930 0.581409 0.564433 0.550321 0.549910 0.550826 0.553080 0.556699 0.561727 0.568229 0.576287 0.586010 0.597530 0.611014 0.626665 0.644733 0.665525 0.689418 0.707711 0.682652 0.660844 0.641886 0.625449 0.611269 0.599129 0.588853 0.580298 0.573349 0.567917 0.563933 0.561347 0.560127 0.560260 0.561747 0.564605 0.568870 0.574595 0.581852 0.585135 0.585579 0.587440 0.590740 0.595520 0.601840 0.609780 0.619445 0.630965 0.644505 0.660263 0.678488 0.699479 0.723610 0.751340 0.783242 0.820037 0.823229 0.804462 0.788388 0.774773 0.763429 0.754203 0.746976 0.741655 0.738176 0.736494 0.736591 0.738468 0.742146 0.747671 0.755113 0.764564 0.776148 0.790021 0.771454 0.723266 0.682291 0.647185 0.616929 0.590734 0.567986 0.548197 0.530977 0.516010 0.503043 0.491868 0.482315 0.474246 0.467551 0.462141 0.457944 0.454909 0.452999 0.452189 0.452470 0.455403 0.461597 0.469107 0.478036 0.488511 0.500689 0.514761 0.530963 0.549586 0.570988 0.595617 0.624038 0.638600 0.649233 0.661848 0.676625 0.693787 0.713606 0.736416 0.762631 0.792761 0.827446 0.867490 0.913921 0.968066 1088.000000 1.342245 0.744251
0.983290 0.895812 0.824451 0.765328 0.715726 0.673687 0.637763 0.606865 0.580155 0.556983 0.536834 0.519299 0.504049 0.490819 0.479390 0.469587 0.461266 0.454310 0.448626 0.444138 0.440791 0.438543 0.437366 0.437246 0.438181 0.440182 0.443275 0.447498 0.452903 0.459561 0.467560 0.477013 0.488056 0.500858 0.515625 0.532611 0.552130 0.574571 0.600420 0.630296 0.664986 0.705516 0.753239 0.809980 0.878254 0.961627 0.962503 0.894188 0.836810 0.788136 0.746513 0.710692 0.679713 0.652830 0.629451 0.609105 0.591413 0.576069 0.562822 0.551470 0.541846 0.533816 0.527272 0.522130 0.518323 0.515805 0.514546 0.514528 0.515754 0.518236 0.522006 0.527111 0.533615 0.541602 0.551180 0.562482 0.575673 0.590956 0.608579 0.628846 0.652135 0.678914 0.709769 0.745444 0.786890 0.835348 0.857697 0.802668 0.755986 0.716065 0.681709 0.651998 0.626214 0.603791 0.584277 0.567309 0.552593 0.539888 0.529000 0.519770 0.512069 0.505794 0.500862 0.497213 0.494799 0.493592 0.493577 0.494754 0.497137 0.500755 0.505654 0.511894 0.519558 0.528748 0.539592 0.552249 0.566912 0.583820 0.603266 0.625611 0.651304 0.680908 0.715137 0.754904 0.801398 0.856194 0.921415 1.000000 8292.500000 1.226325 0.595146
0.552593 0.539888 0.529000 0.519770 0.512069 0.505794 0.500862 0.497213 0.494799 0.493592 0.493577 0.494754 0.497137 0.500755 0.505654 0.511894 0.519558 0.528748 0.539592 0.552249 0.566912 0.583820 0.603266 0.625611 0.651304 0.680908 0.715137 0.754904 0.801398 0.856194 0.921415 1.000000 0.983290 0.895812 0.824451 0.765328 0.715726 0.673687 0.637763 0.606865 0.580155 0.556983 0.536834 0.519299 0.504049 0.490819 0.479390 0.469587 0.461266 0.454310 0.448626 0.444138 0.440791 0.438543 0.437366 0.437246 0.438181 0.440182 0.443275 0.447498 0.452903 0.459561 0.467560 0.477013 0.488056 0.500858 0.515625 0.532611 0.552130 0.574571 0.600420 0.630296 0.664986 0.705516 0.753239 0.809980 0.878254 0.961627 0.962503 0.894188 0.836810 0.788136 0.746513 0.710692 0.679713 0.652830 0.629451 0.609105 0.591413 0.576069 0.562822 0.551470 0.541846 0.533816 0.527272 0.522130 0.518323 0.515805 0.514546 0.514528 0.515754 0.518236 0.522006 0.527111 0.533615 0.541602 0.551180 0.562482 0.575673 0.590956 0.608579 0.628846 0.652135 0.678914 0.709769 0.745444 0.786890 0.835348 0.857697 0.802668 0.755986 0.716065 0.681709 0.651998 0.626214 0.603791 0.584277 0.567309 8292.500000 1.226325 0.595146
0.518323 0.515805 0.514546 0.514528 0.515754 0.518236 0.522006 0.527111 0.533615 0.541602 0.551180 0.562482 0.575673 0.590956 0.608579 0.628846 0.652135 0.678914 0.709769 0.745444 0.786890 0.835348 0.857697 0.802668 0.755986 0.716065 0.681709 0.651998 0.626214 0.603791 0.584277 0.567309 0.552593 0.539888 0.529000 0.519770 0.512069 0.505794 0.500862 0.497213 0.494799 0.493592 0.493577 0.494754 0.497137 0.500755 0.505654 0.511894 0.519558 0.528748 0.539592 0.552249 0.566912 0.583820 0.603266 0.625611 0.651304 0.680908 0.715137 0.754904 0.801398 0.856194 0.921415 1.000000 0.983290 0.895812 0.824451 0.765328 0.715726 0.673687 0.637763 0.606865 0.580155 0.556983 0.536834 0.519299 0.504049 0.490819 0.479390 0.469587 0.461266 0.454310 0.448626 0.444138 0.440791 0.438543 0.437366 0.437246 0.438181 0.440182 0.443275 0.447498 0.452903 0.459561 0.467560 0.477013 0.488056 0.500858 0.515625 0.532611 0.552130 0.574571 0.600420 0.630296 0.664986 0.705516 0.753239 0.809980 0.878254 0.961627 0.962503 0.894188 0.836810 0.788136 0.746513 0.710692 0.679713 0.652830 0.629451 0.609105 0.591413 0.576069 0.562822 0.551470 0.541846 0.533816 0.527272 0.522130 8292.500000 1.226325 0.595146
0.488056 0.500858 0.515625 0.532611 0.552130 0.574571 0.600420 0.630296 0.664986 0.705516 0.753239 0.809980 0.878254 0.961627 0.962503 0.894188 0.836810 0.788136 0.746513 0.710692 0.679713 0.652830 0.629451 0.609105 0.591413 0.576069 0.562822 0.551470 0.541846 0.533816 0.527272 0.522130 0.518323 0.515805 0.514546 0.514528 0.515754 0.518236 0.522006 0.527111 0.533615 0.541602 0.551180 0.562482 0.575673 0.590956 0.608579 0.628846 0.652135 0.678914 0.709769 0.745444 0.786890 0.835348 0.857697 0.802668 0.755986 0.716065 0.681709 0.651998 0.626214 0.603791 0.584277 0.567309 0.552593 0.539888 0.529000 0.519770 0.512069 0.505794 0.500862 0.497213 0.494799 0.493592 0.493577 0.494754 0.497137 0.500755 0.505654 0.511894 0.519558 0.528748 0.539592 0.552249 0.566912 0.583820 0.603266 0.625611 0.651304 0.680908 0.715137 0.754904 0.801398 0.856194 0.921415 1.000000 0.983290 0.895812 0.824451 0.765328 0.715726 0.673687 0.637763 0.606865 0.580155 0.556983 0.536834 0.519299 0.504049 0.490819 0.479390 0.469587 0.461266 0.454310 0.448626 0.444138 0.440791 0.438543 0.437366 0.437246 0.438181 0.440182 0.443275 0.447498 0.452903 0.459561 0.467560 0.477013 8292.500000 1.226325 0.595146
0.743302 0.775313 0.812250 0.855046 0.904903 0.963400 0.927324 0.883303 0.845216 0.812154 0.783397 0.758372 0.736615 0.717753 0.701481 0.687549 0.675757 0.665939 0.657965 0.651731 0.647159 0.644191 0.642793 0.642945 0.644651 0.647932 0.652826 0.659396 0.667724 0.677919 0.659483 0.642471 0.627790 0.615213 0.604558 0.595676 0.588449 0.582782 0.578604 0.575863 0.574525 0.574575 0.576012 0.578854 0.583137 0.588912 0.596254 0.605258 0.616044 0.628765 0.643605 0.660793 0.680608 0.703396 0.729581 0.759692 0.794392 0.834519 0.881153 0.935694 1.000000 0.940901 0.887696 0.842106 0.802810 0.768787 0.739239 0.713534 0.691165 0.671726 0.654884 0.640372 0.627968 0.617495 0.608809 0.601793 0.596357 0.592434 0.589973 0.588946 0.589339 0.591158 0.594425 0.599180 0.605482 0.613411 0.623072 0.634595 0.648143 0.663917 0.682162 0.703179 0.727342 0.755107 0.787048 0.823883 0.866525 0.859323 0.815932 0.778498 0.746066 0.717888 0.693372 0.672040 0.653508 0.637466 0.623659 0.611881 0.601962 0.593767 0.587188 0.582140 0.578561 0.576405 0.575646 0.576277 0.578303 0.581750 0.586660 0.593095 0.601136 0.610891 0.622492 0.636104 0.651931 0.670220 0.691279 0.715484 5921.500000 1.195890 0.735005
0.866525 0.859323 0.815932 0.778498 0.746066 0.717888 0.693372 0.672040 0.653508 0.637466 0.623659 0.611881 0.601962 0.593767 0.587188 0.582140 0.578561 0.576405 0.575646 0.576277 0.578303 0.581750 0.586660 0.593095 0.601136 0.610891 0.622492 0.636104 0.651931 0.670220 0.691279 0.715484 0.743302 0.775313 0.812250 0.855046 0.904903 0.963400 0.927324 0.883303 0.845216 0.812154 0.783397 0.758372 0.736615 0.717753 0.701481 0.687549 0.675757 0.665939 0.657965 0.651731 0.647159 0.644191 0.642793 0.642945 0.644651 0.647932 0.652826 0.659396 0.667724 0.677919 0.659483 0.642471 0.627790 0.615213 0.604558 0.595676 0.588449 0.582782 0.578604 0.575863 0.574525 0.574575 0.576012 0.578854 0.583137 0.588912 0.596254 0.605258 0.616044 0.628765 0.643605 0.660793 0.680608 0.703396 0.729581 0.759692 0.794392 0.834519 0.881153 0.935694 1.000000 0.940901 0.887696 0.842106 0.802810 0.768787 0.739239 0.713534 0.691165 0.671726 0.654884 0.640372 0.627968 0.617495 0.608809 0.601793 0.596357 0.592434 0.589973 0.588946 0.589339 0.591158 0.594425 0.599180 0.605482 0.613411 0.623072 0.634595 0.648143 0.663917 0.682162 0.703179 0.727342 0.755107 0.787048 0.823883 5921.500000 1.195890 0.735005
0.802810 0.768787 0.739239 0.713534 0.691165 0.671726 0.654884 0.640372 0.627968 0.617495 0.608809 0.601793 0.596357 0.592434 0.589973 0.588946 0.589339 0.591158 0.594425 0.599180 0.605482 0.613411 0.623072 0.634595 0.648143 0.663917 0.682162 0.703179 0.727342 0.755107 0.787048 0.823883 0.866525 0.859323 0.815932 0.778498 0.746066 0.717888 0.693372 0.672040 0.653508 0.637466 0.623659 0.611881 0.601962 0.593767 0.587188 0.582140 0.578561 0.576405 0.575646 0.576277 0.578303 0.581750 0.586660 0.593095 0.601136 0.610891 0.622492 0.636104 0.651931 0.670220 0.691279 0.715484 0.743302 0.775313 0.812250 0.855046 0.904903 0.963400 0.927324 0.883303 0.845216 0.812154 0.783397 0.758372 0.736615 0.717753 0.701481 0.687549 0.675757 0.665939 0.657965 0.651731 0.647159 0.644191 0.642793 0.642945 0.644651 0.647932 0.652826 0.659396 0.667724 0.677919 0.659483 0.642471 0.627790 0.615213 0.604558 0.595676 0.588449 0.582782 0.578604 0.575863 0.574525 0.574575 0.576012 0.578854 0.583137 0.588912 0.596254 0.605258 0.616044 0.628765 0.643605 0.660793 0.680608 0.703396 0.729581 0.759692 0.794392 0.834519 0.881153 0.935694 1.000000 0.940901 0.887696 0.842106 5921.500000 1.195890 0.735005
0.627790 0.615213 0.604558 0.595676 0.588449 0.582782 0.578604 0.575863 0.574525 0.574575 0.576012 0.578854 0.583137 0.588912 0.596254 0.605258 0.616044 0.628765 0.643605 0.660793 0.680608 0.703396 0.729581 0.759692 0.794392 0.834519 0.881153 0.935694 1.000000 0.940901 0.887696 0.842106 0.802810 0.768787 0.739239 0.713534 0.691165 0.671726 0.654884 0.640372 0.627968 0.617495 0.608809 0.601793 0.596357 0.592434 0.589973 0.588946 0.589339 0.591158 0.594425 0.599180 0.605482 0.613411 0.623072 0.634595 0.648143 0.663917 0.682162 0.703179 0.727342 0.755107 0.787048 0.823883 0.866525 0.859323 0.815932 0.778498 0.746066 0.717888 0.693372 0.672040 0.653508 0.637466 0.623659 0.611881 0.601962 0.593767 0.587188 0.582140 0.578561 0.576405 0.575646 0.576277 0.578303 0.581750 0.586660 0.593095 0.601136 0.610891 0.622492 0.636104 0.651931 0.670220 0.691279 0.715484 0.743302 0.775313 0.812250 0.855046 0.904903 0.963400 0.927324 0.883303 0.845216 0.812154 0.783397 0.758372 0.736615 0.717753 0.701481 0.687549 0.675757 0.665939 0.657965 0.651731 0.647159 0.644191 0.642793 0.642945 0.644651 0.647932 0.652826 0.659396 0.667724 0.677919 0.659483 0.642471 5921.500000 1.195890 0.735005
0.735060 0.753143 0.774051 0.798130 0.785855 0.775658 0.767547 0.761420 0.757199 0.754834 0.754294 0.755575 0.758690 0.763679 0.770603 0.779548 0.790631 0.803998 0.819834 0.838366 0.859876 0.884705 0.913276 0.898257 0.869276 0.844076 0.822221 0.803356 0.787191 0.773490 0.762062 0.752755 0.745446 0.740043 0.736480 0.734712 0.734718 0.736499 0.740075 0.745492 0.752815 0.762137 0.773581 0.787299 0.803482 0.822368 0.844246 0.869472 0.898482 0.931818 0.928755 0.887996 0.852632 0.821881 0.795119 0.771846 0.751656 0.734220 0.719267 0.706579 0.695979 0.687324 0.680500 0.675422 0.672026 0.670271 0.670135 0.671616 0.674734 0.679525 0.686049 0.694389 0.704652 0.716977 0.731534 0.748535 0.768240 0.790967 0.817109 0.832662 0.816162 0.802198 0.790576 0.781141 0.773771 0.768372 0.764878 0.763246 0.763456 0.765512 0.769436 0.775279 0.783112 0.793035 0.805177 0.819703 0.836815 0.856764 0.879860 0.906480 0.937088 0.972260 1.000000 0.949066 0.905143 0.867103 0.834059 0.805311 0.780295 0.758559 0.739735 0.723523 0.709680 0.698007 0.688342 0.680559 0.674557 0.670260 0.667616 0.666593 0.667177 0.669376 0.673217 0.678747 0.686035 0.695174 0.706284 0.719517 8169.000000 1.138407 0.841236
0.836815 0.856764 0.879860 0.906480 0.937088 0.972260 1.000000 0.949066 0.905143 0.867103 0.834059 0.805311 0.780295 0.758559 0.739735 0.723523 0.709680 0.698007 0.688342 0.680559 0.674557 0.670260 0.667616 0.666593 0.667177 0.669376 0.673217 0.678747 0.686035 0.695174 0.706284 0.719517 0.735060 0.753143 0.774051 0.798130 0.785855 0.775658 0.767547 0.761420 0.757199 0.754834 0.754294 0.755575 0.758690 0.763679 0.770603 0.779548 0.790631 0.803998 0.819834 0.838366 0.859876 0.884705 0.913276 0.898257 0.869276 0.844076 0.822221 0.803356 0.787191 0.773490 0.762062 0.752755 0.745446 0.740043 0.736480 0.734712 0.734718 0.736499 0.740075 0.745492 0.752815 0.762137 0.773581 0.787299 0.803482 0.822368 0.844246 0.869472 0.898482 0.931818 0.928755 0.887996 0.852632 0.821881 0.795119 0.771846 0.751656 0.734220 0.719267 0.706579 0.695979 0.687324 0.680500 0.675422 0.672026 0.670271 0.670135 0.671616 0.674734 0.679525 0.686049 0.694389 0.704652 0.716977 0.731534 0.748535 0.768240 0.790967 0.817109 0.832662 0.816162 0.802198 0.790576 0.781141 0.773771 0.768372 0.764878 0.763246 0.763456 0.765512 0.769436 0.775279 0.783112 0.793035 0.805177 0.819703 8169.000000 1.138407 0.841236
0.672026 0.670271 0.670135 0.671616 0.674734 0.679525 0.686049 0.694389 0.704652 0.716977 0.731534 0.748535 0.768240 0.790967 0.817109 0.832662 0.816162 0.802198 0.790576 0.781141 0.773771 0.768372 0.764878 0.763246 0.763456 0.765512 0.769436 0.775279 0.783112 0.793035 0.805177 0.819703 0.836815 0.856764 0.879860 0.906480 0.937088 0.972260 1.000000 0.949066 0.905143 0.867103 0.834059 0.805311 0.780295 0.758559 0.739735 0.723523 0.709680 0.698007 0.688342 0.680559 0.674557 0.670260 0.667616 0.666593 0.667177 0.669376 0.673217 0.678747 0.686035 0.695174 0.706284 0.719517 0.735060 0.753143 0.774051 0.798130 0.785855 0.775658 0.767547 0.761420 0.757199 0.754834 0.754294 0.755575 0.758690 0.763679 0.770603 0.779548 0.790631 0.803998 0.819834 0.838366 0.859876 0.884705 0.913276 0.898257 0.869276 0.844076 0.822221 0.803356 0.787191 0.773490 0.762062 0.752755 0.745446 0.740043 0.736480 0.734712 0.734718 0.736499 0.740075 0.745492 0.752815 0.762137 0.773581 0.787299 0.803482 0.822368 0.844246 0.869472 0.898482 0.931818 0.928755 0.887996 0.852632 0.821881 0.795119 0.771846 0.751656 0.734220 0.719267 0.706579 0.695979 0.687324 0.680500 0.675422 8169.000000 1.138407 0.841236
0.745446 0.740043 0.736480 0.734712 0.734718 0.736499 0.740075 0.745492 0.752815 0.762137 0.773581 0.787299 0.803482 0.822368 0.844246 0.869472 0.898482 0.931818 0.928755 0.887996 0.852632 0.821881 0.795119 0.771846 0.751656 0.734220 0.719267 0.706579 0.695979 0.687324 0.680500 0.675422 0.672026 0.670271 0.670135 0.671616 0.674734 0.679525 0.686049 0.694389 0.704652 0.716977 0.731534 0.748535 0.768240 0.790967 0.817109 0.832662 0.816162 0.802198 0.790576 0.781141 0.773771 0.768372 0.764878 0.763246 0.763456 0.765512 0.769436 0.775279 0.783112 0.793035 0.805177 0.819703 0.836815 0.856764 0.879860 0.906480 0.937088 0.972260 1.000000 0.949066 0.905143 0.867103 0.834059 0.805311 0.780295 0.758559 0.739735 0.723523 0.709680 0.698007 0.688342 0.680559 0.674557 0.670260 0.667616 0.666593 0.667177 0.669376 0.673217 0.678747 0.686035 0.695174 0.706284 0.719517 0.735060 0.753143 0.774051 0.798130 0.785855 0.775658 0.767547 0.761420 0.757199 0.754834 0.754294 0.755575 0.758690 0.763679 0.770603 0.779548 0.790631 0.803998 0.819834 0.838366 0.859876 0.884705 0.913276 0.898257 0.869276 0.844076 0.822221 0.803356 0.787191 0.773490 0.762062 0.752755 8169.000000 1.138407 0.841236
0.842904 0.930803 1.000000 0.900129 0.820192 0.754965 0.700913 0.655557 0.617111 0.584253 0.555990 0.531556 0.510358 0.491924 0.475883 0.461932 0.449829 0.439375 0.430410 0.422801 0.416442 0.411248 0.407151 0.404098 0.402052 0.400988 0.400893 0.401766 0.403616 0.406468 0.410356 0.415329 0.421452 0.428807 0.437495 0.447644 0.459408 0.472977 0.488585 0.506520 0.527140 0.550893 0.578348 0.610230 0.647482 0.691353 0.743521 0.806307 0.769062 0.729526 0.695450 0.665947 0.640326 0.618037 0.598641 0.581784 0.567180 0.554594 0.543836 0.534752 0.527215 0.521126 0.516405 0.512995 0.510851 0.509949 0.510277 0.511839 0.514655 0.518758 0.524201 0.531051 0.539400 0.549360 0.561072 0.574709 0.590483 0.608656 0.629547 0.653553 0.681170 0.713016 0.749882 0.792781 0.822970 0.755574 0.699939 0.653402 0.614054 0.580495 0.551674 0.526789 0.505217 0.486467 0.470152 0.455958 0.443634 0.432974 0.423811 0.416010 0.409459 0.404069 0.399770 0.396507 0.394239 0.392938 0.392588 0.393185 0.394736 0.397260 0.400789 0.405366 0.411051 0.417918 0.426063 0.435601 0.446678 0.459468 0.474188 0.491105 0.510548 0.532932 0.558777 0.588746 0.623700 0.664770 0.713469 0.771873 647.000000 1.369512 0.583304
0.443634 0.432974 0.423811 0.416010 0.409459 0.404069 0.399770 0.396507 0.394239 0.392938 0.392588 0.393185 0.394736 0.397260 0.400789 0.405366 0.411051 0.417918 0.426063 0.435601 0.446678 0.459468 0.474188 0.491105 0.510548 0.532932 0.558777 0.588746 0.623700 0.664770 0.713469 0.771873 0.842904 0.930803 1.000000 0.900129 0.820192 0.754965 0.700913 0.655557 0.617111 0.584253 0.555990 0.531556 0.510358 0.491924 0.475883 0.461932 0.449829 0.439375 0.430410 0.422801 0.416442 0.411248 0.407151 0.404098 0.402052 0.400988 0.400893 0.401766 0.403616 0.406468 0.410356 0.415329 0.421452 0.428807 0.437495 0.447644 0.459408 0.472977 0.488585 0.506520 0.527140 0.550893 0.578348 0.610230 0.647482 0.691353 0.743521 0.806307 0.769062 0.729526 0.695450 0.665947 0.640326 0.618037 0.598641 0.581784 0.567180 0.554594 0.543836 0.534752 0.527215 0.521126 0.516405 0.512995 0.510851 0.509949 0.510277 0.511839 0.514655 0.518758 0.524201 0.531051 0.539400 0.549360 0.561072 0.574709 0.590483 0.608656 0.629547 0.653553 0.681170 0.713016 0.749882 0.792781 0.822970 0.755574 0.699939 0.653402 0.614054 0.580495 0.551674 0.526789 0.505217 0.486467 0.470152 0.455958 647.000000 1.369512 0.583304
0.510851 0.509949 0.510277 0.511839 0.514655 0.518758 0.524201 0.531051 0.539400 0.549360 0.561072 0.574709 0.590483 0.608656 0.629547 0.653553 0.681170 0.713016 0.749882 0.792781 0.822970 0.755574 0.699939 0.653402 0.614054 0.580495 0.551674 0.526789 0.505217 0.486467 0.470152 0.455958 0.443634 0.432974 0.423811 0.416010 0.409459 0.404069 0.399770 0.396507 0.394239 0.392938 0.392588 0.393185 0.394736 0.397260 0.400789 0.405366 0.411051 0.417918 0.426063 0.435601 0.446678 0.459468 0.474188 0.491105 0.510548 0.532932 0.558777 0.588746 0.623700 0.664770 0.713469 0.771873 0.842904 0.930803 1.000000 0.900129 0.820192 0.754965 0.700913 0.655557 0.617111 0.584253 0.555990 0.531556 0.510358 0.491924 0.475883 0.461932 0.449829 0.439375 0.430410 0.422801 0.416442 0.411248 0.407151 0.404098 0.402052 0.400988 0.400893 0.401766 0.403616 0.406468 0.410356 0.415329 0.421452 0.428807 0.437495 0.447644 0.459408 0.472977 0.488585 0.506520 0.527140 0.550893 0.578348 0.610230 0.647482 0.691353 0.743521 0.806307 0.769062 0.729526 0.695450 0.665947 0.640326 0.618037 0.598641 0.581784 0.567180 0.554594 0.543836 0.534752 0.527215 0.521126 0.516405 0.512995 647.000000 1.369512 0.583304
0.421452 0.428807 0.437495 0.447644 0.459408 0.472977 0.488585 0.506520 0.527140 0.550893 0.578348 0.610230 0.647482 0.691353 0.743521 0.806307 0.769062 0.729526 0.695450 0.665947 0.640326 0.618037 0.598641 0.581784 0.567180 0.554594 0.543836 0.534752 0.527215 0.521126 0.516405 0.512995 0.510851 0.509949 0.510277 0.511839 0.514655 0.518758 0.524201 0.531051 0.539400 0.549360 0.561072 0.574709 0.590483 0.608656 0.629547 0.653553 0.681170 0.713016 0.749882 0.792781 0.822970 0.755574 0.699939 0.653402 0.614054 0.580495 0.551674 0.526789 0.505217 0.486467 0.470152 0.455958 0.443634 0.432974 0.423811 0.416010 0.409459 0.404069 0.399770 0.396507 0.394239 0.392938 0.392588 0.393185 0.394736 0.397260 0.400789 0.405366 0.411051 0.417918 0.426063 0.435601 0.446678 0.459468 0.474188 0.491105 0.510548 0.532932 0.558777 0.588746 0.623700 0.664770 0.713469 0.771873 0.842904 0.930803 1.000000 0.900129 0.820192 0.754965 0.700913 0.655557 0.617111 0.584253 0.555990 0.531556 0.510358 0.491924 0.475883 0.461932 0.449829 0.439375 0.430410 0.422801 0.416442 0.411248 0.407151 0.404098 0.402052 0.400988 0.400893 0.401766 0.403616 0.406468 0.410356 0.415329 647.000000 1.369512 0.583304
0.731716 0.734531 0.739156 0.745647 0.754086 0.764582 0.777272 0.792332 0.809977 0.830472 0.854142 0.881386 0.912697 0.861474 0.802910 0.753501 0.711435 0.675359 0.644242 0.617288 0.593872 0.573498 0.555771 0.540369 0.527034 0.515553 0.513972 0.520433 0.528348 0.537823 0.548991 0.562015 0.577096 0.594481 0.614472 0.637443 0.663859 0.694305 0.729520 0.770452 0.818340 0.874823 0.942119 1.000000 0.956360 0.918490 0.885557 0.856896 0.831974 0.810358 0.791696 0.775700 0.762138 0.750820 0.741593 0.734338 0.728962 0.725400 0.723607 0.723561 0.725263 0.715530 0.703268 0.693062 0.684773 0.678296 0.673547 0.670468 0.669021 0.669190 0.670975 0.674399 0.679504 0.686352 0.695031 0.705655 0.718365 0.733341 0.750802 0.771018 0.794319 0.821111 0.837313 0.808049 0.782584 0.760451 0.741271 0.724739 0.710602 0.698657 0.688739 0.680716 0.674483 0.669963 0.667100 0.665858 0.666223 0.668198 0.670742 0.672775 0.676455 0.681827 0.688959 0.697940 0.708889 0.721954 0.737319 0.755211 0.775909 0.799755 0.827168 0.858670 0.834770 0.812787 0.793795 0.777501 0.763665 0.752093 0.742629 0.735149 0.729559 0.725788 0.723790 0.723542 0.725040 0.728303 0.731397 0.730675 14750.000000 1.073856 0.771983
0.666223 0.668198 0.670742 0.672775 0.676455 0.681827 0.688959 0.697940 0.708889 0.721954 0.737319 0.755211 0.775909 0.799755 0.827168 0.858670 0.834770 0.812787 0.793795 0.777501 0.763665 0.752093 0.742629 0.735149 0.729559 0.725788 0.723790 0.723542 0.725040 0.728303 0.731397 0.730675 0.731716 0.734531 0.739156 0.745647 0.754086 0.764582 0.777272 0.792332 0.809977 0.830472 0.854142 0.881386 0.912697 0.861474 0.802910 0.753501 0.711435 0.675359 0.644242 0.617288 0.593872 0.573498 0.555771 0.540369 0.527034 0.515553 0.513972 0.520433 0.528348 0.537823 0.548991 0.562015 0.577096 0.594481 0.614472 0.637443 0.663859 0.694305 0.729520 0.770452 0.818340 0.874823 0.942119 1.000000 0.956360 0.918490 0.885557 0.856896 0.831974 0.810358 0.791696 0.775700 0.762138 0.750820 0.741593 0.734338 0.728962 0.725400 0.723607 0.723561 0.725263 0.715530 0.703268 0.693062 0.684773 0.678296 0.673547 0.670468 0.669021 0.669190 0.670975 0.674399 0.679504 0.686352 0.695031 0.705655 0.718365 0.733341 0.750802 0.771018 0.794319 0.821111 0.837313 0.808049 0.782584 0.760451 0.741271 0.724739 0.710602 0.698657 0.688739 0.680716 0.674483 0.669963 0.667100 0.665858 14750.000000 1.073856 0.771983
0.684773 0.678296 0.673547 0.670468 0.669021 0.669190 0.670975 0.674399 0.679504 0.686352 0.695031 0.705655 0.718365 0.733341 0.750802 0.771018 0.794319 0.821111 0.837313 0.808049 0.782584 0.760451 0.741271 0.724739 0.710602 0.698657 0.688739 0.680716 0.674483 0.669963 0.667100 0.665858 0.666223 0.668198 0.670742 0.672775 0.676455 0.681827 0.688959 0.697940 0.708889 0.721954 0.737319 0.755211 0.775909 0.799755 0.827168 0.858670 0.834770 0.812787 0.793795 0.777501 0.763665 0.752093 0.742629 0.735149 0.729559 0.725788 0.723790 0.723542 0.725040 0.728303 0.731397 0.730675 0.731716 0.734531 0.739156 0.745647 0.754086 0.764582 0.777272 0.792332 0.809977 0.830472 0.854142 0.881386 0.912697 0.861474 0.802910 0.753501 0.711435 0.675359 0.644242 0.617288 0.593872 0.573498 0.555771 0.540369 0.527034 0.515553 0.513972 0.520433 0.528348 0.537823 0.548991 0.562015 0.577096 0.594481 0.614472 0.637443 0.663859 0.694305 0.729520 0.770452 0.818340 0.874823 0.942119 1.000000 0.956360 0.918490 0.885557 0.856896 0.831974 0.810358 0.791696 0.775700 0.762138 0.750820 0.741593 0.734338 0.728962 0.725400 0.723607 0.723561 0.725263 0.715530 0.703268 0.693062 14750.000000 1.073856 0.771983
0.577096 0.594481 0.614472 0.637443 0.663859 0.694305 0.729520 0.770452 0.818340 0.874823 0.942119 1.000000 0.956360 0.918490 0.885557 0.856896 0.831974 0.810358 0.791696 0.775700 0.762138 0.750820 0.741593 0.734338 0.728962 0.725400 0.723607 0.723561 0.725263 0.715530 0.703268 0.693062 0.684773 0.678296 0.673547 0.670468 0.669021 0.669190 0.670975 0.674399 0.679504 0.686352 0.695031 0.705655 0.718365 0.733341 0.750802 0.771018 0.794319 0.821111 0.837313 0.808049 0.782584 0.760451 0.741271 0.724739 0.710602 0.698657 0.688739 0.680716 0.674483 0.669963 0.667100 0.665858 0.666223 0.668198 0.670742 0.672775 0.676455 0.681827 0.688959 0.697940 0.708889 0.721954 0.737319 0.755211 0.775909 0.799755 0.827168 0.858670 0.834770 0.812787 0.793795 0.777501 0.763665 0.752093 0.742629 0.735149 0.729559 0.725788 0.723790 0.723542 0.725040 0.728303 0.731397 0.730675 0.731716 0.734531 0.739156 0.745647 0.754086 0.764582 0.777272 0.792332 0.809977 0.830472 0.854142 0.881386 0.912697 0.861474 0.802910 0.753501 0.711435 0.675359 0.644242 0.617288 0.593872 0.573498 0.555771 0.540369 0.527034 0.515553 0.513972 0.520433 0.528348 0.537823 0.548991 0.562015 14750.000000 1.073856 0.771983
0.623764 0.616440 0.610741 0.606594 0.603949 0.602772 0.603049 0.604785 0.607999 0.612732 0.619042 0.627010 0.636739 0.648362 0.662042 0.677979 0.696423 0.717674 0.742108 0.770185 0.800647 0.783162 0.768236 0.755655 0.745245 0.736870 0.730420 0.725816 0.723001 0.721940 0.722620 0.725050 0.729259 0.735299 0.743245 0.753199 0.765292 0.779689 0.796594 0.788000 0.767436 0.749678 0.734452 0.721537 0.710750 0.701948 0.695014 0.689862 0.686427 0.684668 0.684562 0.681661 0.672999 0.666138 0.660993 0.657498 0.655611 0.655309 0.656588 0.659464 0.663972 0.670168 0.678130 0.687960 0.699790 0.713784 0.730143 0.749117 0.771011 0.796199 0.825143 0.858416 0.896737 0.891300 0.840128 0.796327 0.758604 0.725963 0.697626 0.672979 0.651530 0.632883 0.616719 0.602775 0.590840 0.580741 0.572336 0.565515 0.560187 0.557546 0.558634 0.561081 0.564917 0.570188 0.576962 0.585326 0.595391 0.607297 0.621216 0.637359 0.655986 0.677417 0.702042 0.730352 0.762956 0.800626 0.844349 0.895405 0.955483 1.000000 0.946524 0.900536 0.860787 0.826306 0.796325 0.770234 0.747543 0.727853 0.710843 0.696248 0.683855 0.673490 0.665012 0.658311 0.653303 0.649923 0.643688 0.632806 644.000000 1.128687 0.786510
0.595391 0.607297 0.621216 0.637359 0.655986 0.677417 0.702042 0.730352 0.762956 0.800626 0.844349 0.895405 0.955483 1.000000 0.946524 0.900536 0.860787 0.826306 0.796325 0.770234 0.747543 0.727853 0.710843 0.696248 0.683855 0.673490 0.665012 0.658311 0.653303 0.649923 0.643688 0.632806 0.623764 0.616440 0.610741 0.606594 0.603949 0.602772 0.603049 0.604785 0.607999 0.612732 0.619042 0.627010 0.636739 0.648362 0.662042 0.677979 0.696423 0.717674 0.742108 0.770185 0.800647 0.783162 0.768236 0.755655 0.745245 0.736870 0.730420 0.725816 0.723001 0.721940 0.722620 0.725050 0.729259 0.735299 0.743245 0.753199 0.765292 0.779689 0.796594 0.788000 0.767436 0.749678 0.734452 0.721537 0.710750 0.701948 0.695014 0.689862 0.686427 0.684668 0.684562 0.681661 0.672999 0.666138 0.660993 0.657498 0.655611 0.655309 0.656588 0.659464 0.663972 0.670168 0.678130 0.687960 0.699790 0.713784 0.730143 0.749117 0.771011 0.796199 0.825143 0.858416 0.896737 0.891300 0.840128 0.796327 0.758604 0.725963 0.697626 0.672979 0.651530 0.632883 0.616719 0.602775 0.590840 0.580741 0.572336 0.565515 0.560187 0.557546 0.558634 0.561081 0.564917 0.570188 0.576962 0.585326 644.000000 1.128687 0.786510
0.699790 0.713784 0.730143 0.749117 0.771011 0.796199 0.825143 0.858416 0.896737 0.891300 0.840128 0.796327 0.758604 0.725963 0.697626 0.672979 0.651530 0.632883 0.616719 0.602775 0.590840 0.580741 0.572336 0.565515 0.560187 0.557546 0.558634 0.561081 0.564917 0.570188 0.576962 0.585326 0.595391 0.607297 0.621216 0.637359 0.655986 0.677417 0.702042 0.730352 0.762956 0.800626 0.844349 0.895405 0.955483 1.000000 0.946524 0.900536 0.860787 0.826306 0.796325 0.770234 0.747543 0.727853 0.710843 0.696248 0.683855 0.673490 0.665012 0.658311 0.653303 0.649923 0.643688 0.632806 0.623764 0.616440 0.610741 0.606594 0.603949 0.602772 0.603049 0.604785 0.607999 0.612732 0.619042 0.627010 0.636739 0.648362 0.662042 0.677979 0.696423 0.717674 0.742108 0.770185 0.800647 0.783162 0.768236 0.755655 0.745245 0.736870 0.730420 0.725816 0.723001 0.721940 0.722620 0.725050 0.729259 0.735299 0.743245 0.753199 0.765292 0.779689 0.796594 0.788000 0.767436 0.749678 0.734452 0.721537 0.710750 0.701948 0.695014 0.689862 0.686427 0.684668 0.684562 0.681661 0.672999 0.666138 0.660993 0.657498 0.655611 0.655309 0.656588 0.659464 0.663972 0.670168 0.678130 0.687960 644.000000 1.128687 0.786510
0.729259 0.735299 0.743245 0.753199 0.765292 0.779689 0.796594 0.788000 0.767436 0.749678 0.734452 0.721537 0.710750 0.701948 0.695014 0.689862 0.686427 0.684668 0.684562 0.681661 0.672999 0.666138 0.660993 0.657498 0.655611 0.655309 0.656588 0.659464 0.663972 0.670168 0.678130 0.687960 0.699790 0.713784 0.730143 0.749117 0.771011 0.796199 0.825143 0.858416 0.896737 0.891300 0.840128 0.796327 0.758604 0.725963 0.697626 0.672979 0.651530 0.632883 0.616719 0.602775 0.590840 0.580741 0.572336 0.565515 0.560187 0.557546 0.558634 0.561081 0.564917 0.570188 0.576962 0.585326 0.595391 0.607297 0.621216 0.637359 0.655986 0.677417 0.702042 0.730352 0.762956 0.800626 0.844349 0.895405 0.955483 1.000000 0.946524 0.900536 0.860787 0.826306 0.796325 0.770234 0.747543 0.727853 0.710843 0.696248 0.683855 0.673490 0.665012 0.658311 0.653303 0.649923 0.643688 0.632806 0.623764 0.616440 0.610741 0.606594 0.603949 0.602772 0.603049 0.604785 0.607999 0.612732 0.619042 0.627010 0.636739 0.648362 0.662042 0.677979 0.696423 0.717674 0.742108 0.770185 0.800647 0.783162 0.768236 0.755655 0.745245 0.736870 0.730420 0.725816 0.723001 0.721940 0.722620 0.725050 644.000000 1.128687 0.786510
0.772490 0.834949 0.907337 0.847427 0.796740 0.753486 0.716324 0.684226 0.656395 0.632203 0.611150 0.592837 0.576939 0.563193 0.551383 0.541337 0.532910 0.525990 0.520485 0.516325 0.513458 0.511849 0.511478 0.512342 0.514450 0.517827 0.522517 0.528577 0.536086 0.545144 0.555875 0.568435 0.583011 0.599839 0.619202 0.641454 0.667032 0.696482 0.730494 0.769949 0.815986 0.862413 0.798443 0.744978 0.699804 0.661298 0.628242 0.599710 0.574982 0.553493 0.534794 0.518526 0.504398 0.492173 0.481660 0.472701 0.465170 0.458963 0.454000 0.450215 0.447562 0.446009 0.445535 0.446137 0.447820 0.450606 0.454529 0.459637 0.465997 0.473693 0.482830 0.493538 0.505979 0.520350 0.536892 0.555903 0.577753 0.602902 0.631933 0.665585 0.704817 0.750885 0.805473 0.870882 0.950346 1.000000 0.907227 0.832040 0.770075 0.718311 0.674590 0.637333 0.605358 0.577764 0.553852 0.533073 0.514993 0.499263 0.485600 0.473776 0.463605 0.454934 0.447640 0.441623 0.436805 0.433122 0.430530 0.428995 0.428501 0.429040 0.430618 0.433257 0.436986 0.441855 0.447924 0.455275 0.464007 0.474245 0.486144 0.499889 0.515714 0.533901 0.554803 0.578860 0.606626 0.638806 0.676312 0.720340 1930.000000 1.230453 0.595085
0.514993 0.499263 0.485600 0.473776 0.463605 0.454934 0.447640 0.441623 0.436805 0.433122 0.430530 0.428995 0.428501 0.429040 0.430618 0.433257 0.436986 0.441855 0.447924 0.455275 0.464007 0.474245 0.486144 0.499889 0.515714 0.533901 0.554803 0.578860 0.606626 0.638806 0.676312 0.720340 0.772490 0.834949 0.907337 0.847427 0.796740 0.753486 0.716324 0.684226 0.656395 0.632203 0.611150 0.592837 0.576939 0.563193 0.551383 0.541337 0.532910 0.525990 0.520485 0.516325 0.513458 0.511849 0.511478 0.512342 0.514450 0.517827 0.522517 0.528577 0.536086 0.545144 0.555875 0.568435 0.583011 0.599839 0.619202 0.641454 0.667032 0.696482 0.730494 0.769949 0.815986 0.862413 0.798443 0.744978 0.699804 0.661298 0.628242 0.599710 0.574982 0.553493 0.534794 0.518526 0.504398 0.492173 0.481660 0.472701 0.465170 0.458963 0.454000 0.450215 0.447562 0.446009 0.445535 0.446137 0.447820 0.450606 0.454529 0.459637 0.465997 0.473693 0.482830 0.493538 0.505979 0.520350 0.536892 0.555903 0.577753 0.602902 0.631933 0.665585 0.704817 0.750885 0.805473 0.870882 0.950346 1.000000 0.907227 0.832040 0.770075 0.718311 0.674590 0.637333 0.605358 0.577764 0.553852 0.533073 1930.000000 1.230453 0.595085
0.447820 0.450606 0.454529 0.459637 0.465997 0.473693 0.482830 0.493538 0.505979 0.520350 0.536892 0.555903 0.577753 0.602902 0.631933 0.665585 0.704817 0.750885 0.805473 0.870882 0.950346 1.000000 0.907227 0.832040 0.770075 0.718311 0.674590 0.637333 0.605358 0.577764 0.553852 0.533073 0.514993 0.499263 0.485600 0.473776 0.463605 0.454934 0.447640 0.441623 0.436805 0.433122 0.430530 0.428995 0.428501 0.429040 0.430618 0.433257 0.436986 0.441855 0.447924 0.455275 0.464007 0.474245 0.486144 0.499889 0.515714 0.533901 0.554803 0.578860 0.606626 0.638806 0.676312 0.720340 0.772490 0.834949 0.907337 0.847427 0.796740 0.753486 0.716324 0.684226 0.656395 0.632203 0.611150 0.592837 0.576939 0.563193 0.551383 0.541337 0.532910 0.525990 0.520485 0.516325 0.513458 0.511849 0.511478 0.512342 0.514450 0.517827 0.522517 0.528577 0.536086 0.545144 0.555875 0.568435 0.583011 0.599839 0.619202 0.641454 0.667032 0.696482 0.730494 0.769949 0.815986 0.862413 0.798443 0.744978 0.699804 0.661298 0.628242 0.599710 0.574982 0.553493 0.534794 0.518526 0.504398 0.492173 0.481660 0.472701 0.465170 0.458963 0.454000 0.450215 0.447562 0.446009 0.445535 0.446137 1930.000000 1.230453 0.595085
0.583011 0.599839 0.619202 0.641454 0.667032 0.696482 0.730494 0.769949 0.815986 0.862413 0.798443 0.744978 0.699804 0.661298 0.628242 0.599710 0.574982 0.553493 0.534794 0.518526 0.504398 0.492173 0.481660 0.472701 0.465170 0.458963 0.454000 0.450215 0.447562 0.446009 0.445535 0.446137 0.447820 0.450606 0.454529 0.459637 0.465997 0.473693 0.482830 0.493538 0.505979 0.520350 0.536892 0.555903 0.577753 0.602902 0.631933 0.665585 0.704817 0.750885 0.805473 0.870882 0.950346 1.000000 0.907227 0.832040 0.770075 0.718311 0.674590 0.637333 0.605358 0.577764 0.553852 0.533073 0.514993 0.499263 0.485600 0.473776 0.463605 0.454934 0.447640 0.441623 0.436805 0.433122 0.430530 0.428995 0.428501 0.429040 0.430618 0.433257 0.436986 0.441855 0.447924 0.455275 0.464007 0.474245 0.486144 0.499889 0.515714 0.533901 0.554803 0.578860 0.606626 0.638806 0.676312 0.720340 0.772490 0.834949 0.907337 0.847427 0.796740 0.753486 0.716324 0.684226 0.656395 0.632203 0.611150 0.592837 0.576939 0.563193 0.551383 0.541337 0.532910 0.525990 0.520485 0.516325 0.513458 0.511849 0.511478 0.512342 0.514450 0.517827 0.522517 0.528577 0.536086 0.545144 0.555875 0.568435 1930.000000 1.230453 0.595085
0.746535 0.777778 0.813797 0.797850 0.781785 0.768168 0.756809 0.747556 0.740289 0.734914 0.731367 0.729603 0.729600 0.731360 0.734903 0.740272 0.747535 0.756782 0.768135 0.781746 0.797805 0.816545 0.838255 0.863288 0.892077 0.925158 0.963197 1.000000 0.931213 0.873248 0.823946 0.781695 0.745275 0.713739 0.686351 0.662524 0.641790 0.623771 0.608162 0.594713 0.583220 0.573519 0.565475 0.558981 0.553954 0.550331 0.548067 0.547134 0.547521 0.549232 0.552289 0.556729 0.562607 0.569999 0.579001 0.589735 0.602353 0.617042 0.634031 0.653601 0.676098 0.701951 0.731692 0.765992 0.805702 0.851919 0.906077 0.938679 0.900788 0.867847 0.839181 0.814246 0.792605 0.773901 0.757843 0.744194 0.732762 0.723392 0.715962 0.710377 0.706567 0.704486 0.704109 0.705430 0.708467 0.713255 0.719855 0.728349 0.738847 0.751489 0.766450 0.783945 0.804241 0.827662 0.854609 0.885575 0.921171 0.886380 0.840398 0.800786 0.766503 0.736737 0.710845 0.688313 0.668727 0.651751 0.637113 0.624590 0.614000 0.605197 0.598063 0.592506 0.588456 0.585863 0.584695 0.584938 0.586595 0.589686 0.594249 0.600341 0.608039 0.617443 0.628682 0.641912 0.657329 0.675171 0.695731 0.719371 1860.000000 1.293568 0.760739
0.921171 0.886380 0.840398 0.800786 0.766503 0.736737 0.710845 0.688313 0.668727 0.651751 0.637113 0.624590 0.614000 0.605197 0.598063 0.592506 0.588456 0.585863 0.584695 0.584938 0.586595 0.589686 0.594249 0.600341 0.608039 0.617443 0.628682 0.641912 0.657329 0.675171 0.695731 0.719371 0.746535 0.777778 0.813797 0.797850 0.781785 0.768168 0.756809 0.747556 0.740289 0.734914 0.731367 0.729603 0.729600 0.731360 0.734903 0.740272 0.747535 0.756782 0.768135 0.781746 0.797805 0.816545 0.838255 0.863288 0.892077 0.925158 0.963197 1.000000 0.931213 0.873248 0.823946 0.781695 0.745275 0.713739 0.686351 0.662524 0.641790 0.623771 0.608162 0.594713 0.583220 0.573519 0.565475 0.558981 0.553954 0.550331 0.548067 0.547134 0.547521 0.549232 0.552289 0.556729 0.562607 0.569999 0.579001 0.589735 0.602353 0.617042 0.634031 0.653601 0.676098 0.701951 0.731692 0.765992 0.805702 0.851919 0.906077 0.938679 0.900788 0.867847 0.839181 0.814246 0.792605 0.773901 0.757843 0.744194 0.732762 0.723392 0.715962 0.710377 0.706567 0.704486 0.704109 0.705430 0.708467 0.713255 0.719855 0.728349 0.738847 0.751489 0.766450 0.783945 0.804241 0.827662 0.854609 0.885575 1860.000000 1.293568 0.760739
0.805702 0.851919 0.906077 0.938679 0.900788 0.867847 0.839181 0.814246 0.792605 0.773901 0.757843 0.744194 0.732762 0.723392 0.715962 0.710377 0.706567 0.704486 0.704109 0.705430 0.708467 0.713255 0.719855 0.728349 0.738847 0.751489 0.766450 0.783945 0.804241 0.827662 0.854609 0.885575 0.921171 0.886380 0.840398 0.800786 0.766503 0.736737 0.710845 0.688313 0.668727 0.651751 0.637113 0.624590 0.614000 0.605197 0.598063 0.592506 0.588456 0.585863 0.584695 0.584938 0.586595 0.589686 0.594249 0.600341 0.608039 0.617443 0.628682 0.641912 0.657329 0.675171 0.695731 0.719371 0.746535 0.777778 0.813797 0.797850 0.781785 0.768168 0.756809 0.747556 0.740289 0.734914 0.731367 0.729603 0.729600 0.731360 0.734903 0.740272 0.747535 0.756782 0.768135 0.781746 0.797805 0.816545 0.838255 0.863288 0.892077 0.925158 0.963197 1.000000 0.931213 0.873248 0.823946 0.781695 0.745275 0.713739 0.686351 0.662524 0.641790 0.623771 0.608162 0.594713 0.583220 0.573519 0.565475 0.558981 0.553954 0.550331 0.548067 0.547134 0.547521 0.549232 0.552289 0.556729 0.562607 0.569999 0.579001 0.589735 0.602353 0.617042 0.634031 0.653601 0.676098 0.701951 0.731692 0.765992 1860.000000 1.293568 0.760739
0.745275 0.713739 0.686351 0.662524 0.641790 0.623771 0.608162 0.594713 0.583220 0.573519 0.565475 0.558981 0.553954 0.550331 0.548067 0.547134 0.547521 0.549232 0.552289 0.556729 0.562607 0.569999 0.579001 0.589735 0.602353 0.617042 0.634031 0.653601 0.676098 0.701951 0.731692 0.765992 0.805702 0.851919 0.906077 0.938679 0.900788 0.867847 0.839181 0.814246 0.792605 0.773901 0.757843 0.744194 0.732762 0.723392 0.715962 0.710377 0.706567 0.704486 0.704109 0.705430 0.708467 0.713255 0.719855 0.728349 0.738847 0.751489 0.766450 0.783945 0.804241 0.827662 0.854609 0.885575 0.921171 0.886380 0.840398 0.800786 0.766503 0.736737 0.710845 0.688313 0.668727 0.651751 0.637113 0.624590 0.614000 0.605197 0.598063 0.592506 0.588456 0.585863 0.584695 0.584938 0.586595 0.589686 0.594249 0.600341 0.608039 0.617443 0.628682 0.641912 0.657329 0.675171 0.695731 0.719371 0.746535 0.777778 0.813797 0.797850 0.781785 0.768168 0.756809 0.747556 0.740289 0.734914 0.731367 0.729603 0.729600 0.731360 0.734903 0.740272 0.747535 0.756782 0.768135 0.781746 0.797805 0.816545 0.838255 0.863288 0.892077 0.925158 0.963197 1.000000 0.931213 0.873248 0.823946 0.781695 1860.000000 1.293568 0.760739
0.756918 0.724955 0.697194 0.673043 0.652027 0.633764 0.617945 0.604316 0.592673 0.582847 0.574704 0.568135 0.563055 0.559402 0.557129 0.556209 0.561546 0.571583 0.583417 0.597220 0.613205 0.631633 0.652825 0.677175 0.705178 0.737449 0.774772 0.818150 0.868890 0.928726 1.000000 0.944960 0.883817 0.831989 0.787694 0.749593 0.716654 0.688076 0.663226 0.641601 0.622794 0.606477 0.592385 0.580299 0.570042 0.561470 0.554468 0.548945 0.544831 0.542074 0.540640 0.540513 0.547663 0.557420 0.568926 0.582349 0.597897 0.615822 0.636435 0.660122 0.687360 0.718748 0.712682 0.701233 0.691787 0.684218 0.678429 0.674349 0.671926 0.671132 0.671956 0.674409 0.678521 0.684342 0.691945 0.701428 0.712916 0.726566 0.742572 0.761175 0.755588 0.742231 0.731069 0.721950 0.714758 0.709399 0.705807 0.703940 0.703773 0.705304 0.708554 0.713560 0.720385 0.729116 0.739865 0.728977 0.711266 0.696033 0.683049 0.672131 0.663128 0.655923 0.650422 0.646558 0.644283 0.643568 0.644406 0.646806 0.650798 0.656430 0.663774 0.672924 0.674475 0.668718 0.664646 0.662209 0.661377 0.662141 0.664509 0.668510 0.674194 0.681632 0.690918 0.702176 0.715559 0.731259 0.749509 0.770597 1489.500000 1.096900 0.787674
0.711266 0.696033 0.683049 0.672131 0.663128 0.655923 0.650422 0.646558 0.644283 0.643568 0.644406 0.646806 0.650798 0.656430 0.663774 0.672924 0.674475 0.668718 0.664646 0.662209 0.661377 0.662141 0.664509 0.668510 0.674194 0.681632 0.690918 0.702176 0.715559 0.731259 0.749509 0.770597 0.756918 0.724955 0.697194 0.673043 0.652027 0.633764 0.617945 0.604316 0.592673 0.582847 0.574704 0.568135 0.563055 0.559402 0.557129 0.556209 0.561546 0.571583 0.583417 0.597220 0.613205 0.631633 0.652825 0.677175 0.705178 0.737449 0.774772 0.818150 0.868890 0.928726 1.000000 0.944960 0.883817 0.831989 0.787694 0.749593 0.716654 0.688076 0.663226 0.641601 0.622794 0.606477 0.592385 0.580299 0.570042 0.561470 0.554468 0.548945 0.544831 0.542074 0.540640 0.540513 0.547663 0.557420 0.568926 0.582349 0.597897 0.615822 0.636435 0.660122 0.687360 0.718748 0.712682 0.701233 0.691787 0.684218 0.678429 0.674349 0.671926 0.671132 0.671956 0.674409 0.678521 0.684342 0.691945 0.701428 0.712916 0.726566 0.742572 0.761175 0.755588 0.742231 0.731069 0.721950 0.714758 0.709399 0.705807 0.703940 0.703773 0.705304 0.708554 0.713560 0.720385 0.729116 0.739865 0.728977 1489.500000 1.096900 0.787674
0.691787 0.684218 0.678429 0.674349 0.671926 0.671132 0.671956 0.674409 0.678521 0.684342 0.691945 0.701428 0.712916 0.726566 0.742572 0.761175 0.755588 0.742231 0.731069 0.721950 0.714758 0.709399 0.705807 0.703940 0.703773 0.705304 0.708554 0.713560 0.720385 0.729116 0.739865 0.728977 0.711266 0.696033 0.683049 0.672131 0.663128 0.655923 0.650422 0.646558 0.644283 0.643568 0.644406 0.646806 0.650798 0.656430 0.663774 0.672924 0.674475 0.668718 0.664646 0.662209 0.661377 0.662141 0.664509 0.668510 0.674194 0.681632 0.690918 0.702176 0.715559 0.731259 0.749509 0.770597 0.756918 0.724955 0.697194 0.673043 0.652027 0.633764 0.617945 0.604316 0.592673 0.582847 0.574704 0.568135 0.563055 0.559402 0.557129 0.556209 0.561546 0.571583 0.583417 0.597220 0.613205 0.631633 0.652825 0.677175 0.705178 0.737449 0.774772 0.818150 0.868890 0.928726 1.000000 0.944960 0.883817 0.831989 0.787694 0.749593 0.716654 0.688076 0.663226 0.641601 0.622794 0.606477 0.592385 0.580299 0.570042 0.561470 0.554468 0.548945 0.544831 0.542074 0.540640 0.540513 0.547663 0.557420 0.568926 0.582349 0.597897 0.615822 0.636435 0.660122 0.687360 0.718748 0.712682 0.701233 1489.500000 1.096900 0.787674
0.883817 0.831989 0.787694 0.749593 0.716654 0.688076 0.663226 0.641601 0.622794 0.606477 0.592385 0.580299 0.570042 0.561470 0.554468 0.548945 0.544831 0.542074 0.540640 0.540513 0.547663 0.557420 0.568926 0.582349 0.597897 0.615822 0.636435 0.660122 0.687360 0.718748 0.712682 0.701233 0.691787 0.684218 0.678429 0.674349 0.671926 0.671132 0.671956 0.674409 0.678521 0.684342 0.691945 0.701428 0.712916 0.726566 0.742572 0.761175 0.755588 0.742231 0.731069 0.721950 0.714758 0.709399 0.705807 0.703940 0.703773 0.705304 0.708554 0.713560 0.720385 0.729116 0.739865 0.728977 0.711266 0.696033 0.683049 0.672131 0.663128 0.655923 0.650422 0.646558 0.644283 0.643568 0.644406 0.646806 0.650798 0.656430 0.663774 0.672924 0.674475 0.668718 0.664646 0.662209 0.661377 0.662141 0.664509 0.668510 0.674194 0.681632 0.690918 0.702176 0.715559 0.731259 0.749509 0.770597 0.756918 0.724955 0.697194 0.673043 0.652027 0.633764 0.617945 0.604316 0.592673 0.582847 0.574704 0.568135 0.563055 0.559402 0.557129 0.556209 0.561546 0.571583 0.583417 0.597220 0.613205 0.631633 0.652825 0.677175 0.705178 0.737449 0.774772 0.818150 0.868890 0.928726 1.000000 0.944960 1489.500000 1.096900 0.787674
0.854160 0.828070 0.805409 0.785798 0.768928 0.754547 0.742449 0.732470 0.724477 0.718370 0.714070 0.711525 0.710705 0.711598 0.714217 0.718593 0.724779 0.732854 0.742920 0.755112 0.769595 0.786576 0.806310 0.829109 0.828427 0.812884 0.799806 0.789012 0.780361 0.773741 0.769070 0.766289 0.765366 0.766289 0.769070 0.773741 0.780361 0.789012 0.799806 0.812884 0.828427 0.846654 0.867840 0.892318 0.920498 0.952887 0.990111 1.000000 0.956908 0.919501 0.886964 0.858649 0.834034 0.812693 0.794283 0.778523 0.765184 0.754080 0.745062 0.738015 0.732849 0.729500 0.727927 0.728112 0.730055 0.733781 0.739336 0.746789 0.756233 0.767793 0.781624 0.797920 0.816920 0.838917 0.864271 0.893426 0.926926 0.896885 0.866928 0.840869 0.818244 0.798678 0.781866 0.767558 0.755551 0.745684 0.737825 0.731875 0.727759 0.725428 0.724851 0.726024 0.728959 0.733692 0.740283 0.748814 0.759394 0.772164 0.787300 0.805019 0.825590 0.849339 0.876669 0.908077 0.890292 0.871081 0.854696 0.840905 0.829518 0.820386 0.813391 0.808445 0.805488 0.804483 0.805419 0.808306 0.813181 0.820102 0.829156 0.840461 0.854163 0.870452 0.889559 0.911769 0.937433 0.958270 0.918610 0.884147 1788.500000 1.125363 0.852025
0.759394 0.772164 0.787300 0.805019 0.825590 0.849339 0.876669 0.908077 0.890292 0.871081 0.854696 0.840905 0.829518 0.820386 0.813391 0.808445 0.805488 0.804483 0.805419 0.808306 0.813181 0.820102 0.829156 0.840461 0.854163 0.870452 0.889559 0.911769 0.937433 0.958270 0.918610 0.884147 0.854160 0.828070 0.805409 0.785798 0.768928 0.754547 0.742449 0.732470 0.724477 0.718370 0.714070 0.711525 0.710705 0.711598 0.714217 0.718593 0.724779 0.732854 0.742920 0.755112 0.769595 0.786576 0.806310 0.829109 0.828427 0.812884 0.799806 0.789012 0.780361 0.773741 0.769070 0.766289 0.765366 0.766289 0.769070 0.773741 0.780361 0.789012 0.799806 0.812884 0.828427 0.846654 0.867840 0.892318 0.920498 0.952887 0.990111 1.000000 0.956908 0.919501 0.886964 0.858649 0.834034 0.812693 0.794283 0.778523 0.765184 0.754080 0.745062 0.738015 0.732849 0.729500 0.727927 0.728112 0.730055 0.733781 0.739336 0.746789 0.756233 0.767793 0.781624 0.797920 0.816920 0.838917 0.864271 0.893426 0.926926 0.896885 0.866928 0.840869 0.818244 0.798678 0.781866 0.767558 0.755551 0.745684 0.737825 0.731875 0.727759 0.725428 0.724851 0.726024 0.728959 0.733692 0.740283 0.748814 1788.500000 1.125363 0.852025
0.730055 0.733781 0.739336 0.746789 0.756233 0.767793 0.781624 0.797920 0.816920 0.838917 0.864271 0.893426 0.926926 0.896885 0.866928 0.840869 0.818244 0.798678 0.781866 0.767558 0.755551 0.745684 0.737825 0.731875 0.727759 0.725428 0.724851 0.726024 0.728959 0.733692 0.740283 0.748814 0.759394 0.772164 0.787300 0.805019 0.825590 0.849339 0.876669 0.908077 0.890292 0.871081 0.854696 0.840905 0.829518 0.820386 0.813391 0.808445 0.805488 0.804483 0.805419 0.808306 0.813181 0.820102 0.829156 0.840461 0.854163 0.870452 0.889559 0.911769 0.937433 0.958270 0.918610 0.884147 0.854160 0.828070 0.805409 0.785798 0.768928 0.754547 0.742449 0.732470 0.724477 0.718370 0.714070 0.711525 0.710705 0.711598 0.714217 0.718593 0.724779 0.732854 0.742920 0.755112 0.769595 0.786576 0.806310 0.829109 0.828427 0.812884 0.799806 0.789012 0.780361 0.773741 0.769070 0.766289 0.765366 0.766289 0.769070 0.773741 0.780361 0.789012 0.799806 0.812884 0.828427 0.846654 0.867840 0.892318 0.920498 0.952887 0.990111 1.000000 0.956908 0.919501 0.886964 0.858649 0.834034 0.812693 0.794283 0.778523 0.765184 0.754080 0.745062 0.738015 0.732849 0.729500 0.727927 0.728112 1788.500000 1.125363 0.852025
0.765366 0.766289 0.769070 0.773741 0.780361 0.789012 0.799806 0.812884 0.828427 0.846654 0.867840 0.892318 0.920498 0.952887 0.990111 1.000000 0.956908 0.919501 0.886964 0.858649 0.834034 0.812693 0.794283 0.778523 0.765184 0.754080 0.745062 0.738015 0.732849 0.729500 0.727927 0.728112 0.730055 0.733781 0.739336 0.746789 0.756233 0.767793 0.781624 0.797920 0.816920 0.838917 0.864271 0.893426 0.926926 0.896885 0.866928 0.840869 0.818244 0.798678 0.781866 0.767558 0.755551 0.745684 0.737825 0.731875 0.727759 0.725428 0.724851 0.726024 0.728959 0.733692 0.740283 0.748814 0.759394 0.772164 0.787300 0.805019 0.825590 0.849339 0.876669 0.908077 0.890292 0.871081 0.854696 0.840905 0.829518 0.820386 0.813391 0.808445 0.805488 0.804483 0.805419 0.808306 0.813181 0.820102 0.829156 0.840461 0.854163 0.870452 0.889559 0.911769 0.937433 0.958270 0.918610 0.884147 0.854160 0.828070 0.805409 0.785798 0.768928 0.754547 0.742449 0.732470 0.724477 0.718370 0.714070 0.711525 0.710705 0.711598 0.714217 0.718593 0.724779 0.732854 0.742920 0.755112 0.769595 0.786576 0.806310 0.829109 0.828427 0.812884 0.799806 0.789012 0.780361 0.773741 0.769070 0.766289 1788.500000 1.125363 0.852025
1.000000 0.983942 0.970694 0.960080 0.951964 0.946244 0.942851 0.941742 0.942905 0.946354 0.952130 0.960304 0.970980 0.947396 0.895621 0.851156 0.812763 0.779481 0.750554 0.725382 0.703484 0.684470 0.668023 0.653887 0.641851 0.631744 0.623429 0.616797 0.611763 0.608264 0.605458 0.603269 0.602542 0.603269 0.605458 0.609135 0.614347 0.621158 0.629655 0.639951 0.652187 0.666537 0.683215 0.702486 0.724671 0.750170 0.779475 0.813201 0.852123 0.897229 0.949793 0.971775 0.957546 0.945974 0.936909 0.930235 0.925871 0.923763 0.923884 0.926238 0.930851 0.937782 0.924946 0.899539 0.877548 0.858625 0.842488 0.828907 0.817695 0.808705 0.801821 0.796957 0.794052 0.793073 0.794007 0.796864 0.801681 0.808516 0.817454 0.828611 0.842134 0.858207 0.844857 0.823121 0.804365 0.788301 0.774696 0.763361 0.754143 0.746923 0.741609 0.738137 0.736462 0.736566 0.738449 0.742134 0.747666 0.755114 0.764573 0.776165 0.760550 0.747213 0.736079 0.726998 0.719850 0.714547 0.711022 0.709231 0.709154 0.710788 0.714155 0.719295 0.726272 0.735174 0.740155 0.743047 0.747771 0.754384 0.762969 0.773637 0.786530 0.801824 0.819738 0.840542 0.864567 0.892219 0.923997 0.960522 1239.500000 1.279440 0.865559
0.747666 0.755114 0.764573 0.776165 0.760550 0.747213 0.736079 0.726998 0.719850 0.714547 0.711022 0.709231 0.709154 0.710788 0.714155 0.719295 0.726272 0.735174 0.740155 0.743047 0.747771 0.754384 0.762969 0.773637 0.786530 0.801824 0.819738 0.840542 0.864567 0.892219 0.923997 0.960522 1.000000 0.983942 0.970694 0.960080 0.951964 0.946244 0.942851 0.941742 0.942905 0.946354 0.952130 0.960304 0.970980 0.947396 0.895621 0.851156 0.812763 0.779481 0.750554 0.725382 0.703484 0.684470 0.668023 0.653887 0.641851 0.631744 0.623429 0.616797 0.611763 0.608264 0.605458 0.603269 0.602542 0.603269 0.605458 0.609135 0.614347 0.621158 0.629655 0.639951 0.652187 0.666537 0.683215 0.702486 0.724671 0.750170 0.779475 0.813201 0.852123 0.897229 0.949793 0.971775 0.957546 0.945974 0.936909 0.930235 0.925871 0.923763 0.923884 0.926238 0.930851 0.937782 0.924946 0.899539 0.877548 0.858625 0.842488 0.828907 0.817695 0.808705 0.801821 0.796957 0.794052 0.793073 0.794007 0.796864 0.801681 0.808516 0.817454 0.828611 0.842134 0.858207 0.844857 0.823121 0.804365 0.788301 0.774696 0.763361 0.754143 0.746923 0.741609 0.738137 0.736462 0.736566 0.738449 0.742134 1239.500000 1.279440 0.865559
0.877548 0.858625 0.842488 0.828907 0.817695 0.808705 0.801821 0.796957 0.794052 0.793073 0.794007 0.796864 0.801681 0.808516 0.817454 0.828611 0.842134 0.858207 0.844857 0.823121 0.804365 0.788301 0.774696 0.763361 0.754143 0.746923 0.741609 0.738137 0.736462 0.736566 0.738449 0.742134 0.747666 0.755114 0.764573 0.776165 0.760550 0.747213 0.736079 0.726998 0.719850 0.714547 0.711022 0.709231 0.709154 0.710788 0.714155 0.719295 0.726272 0.735174 0.740155 0.743047 0.747771 0.754384 0.762969 0.773637 0.786530 0.801824 0.819738 0.840542 0.864567 0.892219 0.923997 0.960522 1.000000 0.983942 0.970694 0.960080 0.951964 0.946244 0.942851 0.941742 0.942905 0.946354 0.952130 0.960304 0.970980 0.947396 0.895621 0.851156 0.812763 0.779481 0.750554 0.725382 0.703484 0.684470 0.668023 0.653887 0.641851 0.631744 0.623429 0.616797 0.611763 0.608264 0.605458 0.603269 0.602542 0.603269 0.605458 0.609135 0.614347 0.621158 0.629655 0.639951 0.652187 0.666537 0.683215 0.702486 0.724671 0.750170 0.779475 0.813201 0.852123 0.897229 0.949793 0.971775 0.957546 0.945974 0.936909 0.930235 0.925871 0.923763 0.923884 0.926238 0.930851 0.937782 0.924946 0.899539 1239.500000 1.279440 0.865559
0.602542 0.603269 0.605458 0.609135 0.614347 0.621158 0.629655 0.639951 0.652187 0.666537 0.683215 0.702486 0.724671 0.750170 0.779475 0.813201 0.852123 0.897229 0.949793 0.971775 0.957546 0.945974 0.936909 0.930235 0.925871 0.923763 0.923884 0.926238 0.930851 0.937782 0.924946 0.899539 0.877548 0.858625 0.842488 0.828907 0.817695 0.808705 0.801821 0.796957 0.794052 0.793073 0.794007 0.796864 0.801681 0.808516 0.817454 0.828611 0.842134 0.858207 0.844857 0.823121 0.804365 0.788301 0.774696 0.763361 0.754143 0.746923 0.741609 0.738137 0.736462 0.736566 0.738449 0.742134 0.747666 0.755114 0.764573 0.776165 0.760550 0.747213 0.736079 0.726998 0.719850 0.714547 0.711022 0.709231 0.709154 0.710788 0.714155 0.719295 0.726272 0.735174 0.740155 0.743047 0.747771 0.754384 0.762969 0.773637 0.786530 0.801824 0.819738 0.840542 0.864567 0.892219 0.923997 0.960522 1.000000 0.983942 0.970694 0.960080 0.951964 0.946244 0.942851 0.941742 0.942905 0.946354 0.952130 0.960304 0.970980 0.947396 0.895621 0.851156 0.812763 0.779481 0.750554 0.725382 0.703484 0.684470 0.668023 0.653887 0.641851 0.631744 0.623429 0.616797 0.611763 0.608264 0.605458 0.603269 1239.500000 1.279440 0.865559
0.565452 0.553366 0.543066 0.534406 0.527268 0.521559 0.517204 0.514150 0.512359 0.511809 0.512494 0.514421 0.517615 0.522114 0.527975 0.535273 0.544106 0.554593 0.566884 0.581165 0.597661 0.616650 0.638473 0.663555 0.692424 0.725748 0.764376 0.809407 0.862283 0.924934 1.000000 0.980176 0.909039 0.849437 0.798976 0.755893 0.718862 0.686867 0.659119 0.634996 0.614004 0.595744 0.579896 0.566198 0.554437 0.544439 0.536064 0.529199 0.523753 0.519657 0.516860 0.515328 0.515042 0.515999 0.518210 0.521702 0.526519 0.532721 0.540388 0.549622 0.560551 0.573333 0.588162 0.605275 0.624964 0.624710 0.607990 0.593535 0.581118 0.570557 0.561701 0.554432 0.548653 0.544291 0.541292 0.539618 0.539250 0.540183 0.542428 0.546012 0.550981 0.557396 0.565340 0.574919 0.586264 0.599540 0.614947 0.632732 0.653196 0.676712 0.703744 0.734869 0.770818 0.812524 0.861193 0.918418 0.986335 0.939906 0.877295 0.824367 0.779232 0.740475 0.707012 0.678006 0.652797 0.630861 0.611777 0.595205 0.580870 0.568547 0.558052 0.549237 0.541981 0.536189 0.531788 0.528721 0.526952 0.526459 0.527236 0.529292 0.532652 0.537358 0.543469 0.551063 0.560241 0.571129 0.583884 0.579506 18693.000000 1.656561 0.692230
0.986335 0.939906 0.877295 0.824367 0.779232 0.740475 0.707012 0.678006 0.652797 0.630861 0.611777 0.595205 0.580870 0.568547 0.558052 0.549237 0.541981 0.536189 0.531788 0.528721 0.526952 0.526459 0.527236 0.529292 0.532652 0.537358 0.543469 0.551063 0.560241 0.571129 0.583884 0.579506 0.565452 0.553366 0.543066 0.534406 0.527268 0.521559 0.517204 0.514150 0.512359 0.511809 0.512494 0.514421 0.517615 0.522114 0.527975 0.535273 0.544106 0.554593 0.566884 0.581165 0.597661 0.616650 0.638473 0.663555 0.692424 0.725748 0.764376 0.809407 0.862283 0.924934 1.000000 0.980176 0.909039 0.849437 0.798976 0.755893 0.718862 0.686867 0.659119 0.634996 0.614004 0.595744 0.579896 0.566198 0.554437 0.544439 0.536064 0.529199 0.523753 0.519657 0.516860 0.515328 0.515042 0.515999 0.518210 0.521702 0.526519 0.532721 0.540388 0.549622 0.560551 0.573333 0.588162 0.605275 0.624964 0.624710 0.607990 0.593535 0.581118 0.570557 0.561701 0.554432 0.548653 0.544291 0.541292 0.539618 0.539250 0.540183 0.542428 0.546012 0.550981 0.557396 0.565340 0.574919 0.586264 0.599540 0.614947 0.632732 0.653196 0.676712 0.703744 0.734869 0.770818 0.812524 0.861193 0.918418 18693.000000 1.656561 0.692230
0.624964 0.624710 0.607990 0.593535 0.581118 0.570557 0.561701 0.554432 0.548653 0.544291 0.541292 0.539618 0.539250 0.540183 0.542428 0.546012 0.550981 0.557396 0.565340 0.574919 0.586264 0.599540 0.614947 0.632732 0.653196 0.676712 0.703744 0.734869 0.770818 0.812524 0.861193 0.918418 0.986335 0.939906 0.877295 0.824367 0.779232 0.740475 0.707012 0.678006 0.652797 0.630861 0.611777 0.595205 0.580870 0.568547 0.558052 0.549237 0.541981 0.536189 0.531788 0.528721 0.526952 0.526459 0.527236 0.529292 0.532652 0.537358 0.543469 0.551063 0.560241 0.571129 0.583884 0.579506 0.565452 0.553366 0.543066 0.534406 0.527268 0.521559 0.517204 0.514150 0.512359 0.511809 0.512494 0.514421 0.517615 0.522114 0.527975 0.535273 0.544106 0.554593 0.566884 0.581165 0.597661 0.616650 0.638473 0.663555 0.692424 0.725748 0.764376 0.809407 0.862283 0.924934 1.000000 0.980176 0.909039 0.849437 0.798976 0.755893 0.718862 0.686867 0.659119 0.634996 0.614004 0.595744 0.579896 0.566198 0.554437 0.544439 0.536064 0.529199 0.523753 0.519657 0.516860 0.515328 0.515042 0.515999 0.518210 0.521702 0.526519 0.532721 0.540388 0.549622 0.560551 0.573333 0.588162 0.605275 18693.000000 1.656561 0.692230
0.909039 0.849437 0.798976 0.755893 0.718862 0.686867 0.659119 0.634996 0.614004 0.595744 0.579896 0.566198 0.554437 0.544439 0.536064 0.529199 0.523753 0.519657 0.516860 0.515328 0.515042 0.515999 0.518210 0.521702 0.526519 0.532721 0.540388 0.549622 0.560551 0.573333 0.588162 0.605275 0.624964 0.624710 0.607990 0.593535 0.581118 0.570557 0.561701 0.554432 0.548653 0.544291 0.541292 0.539618 0.539250 0.540183 0.542428 0.546012 0.550981 0.557396 0.565340 0.574919 0.586264 0.599540 0.614947 0.632732 0.653196 0.676712 0.703744 0.734869 0.770818 0.812524 0.861193 0.918418 0.986335 0.939906 0.877295 0.824367 0.779232 0.740475 0.707012 0.678006 0.652797 0.630861 0.611777 0.595205 0.580870 0.568547 0.558052 0.549237 0.541981 0.536189 0.531788 0.528721 0.526952 0.526459 0.527236 0.529292 0.532652 0.537358 0.543469 0.551063 0.560241 0.571129 0.583884 0.579506 0.565452 0.553366 0.543066 0.534406 0.527268 0.521559 0.517204 0.514150 0.512359 0.511809 0.512494 0.514421 0.517615 0.522114 0.527975 0.535273 0.544106 0.554593 0.566884 0.581165 0.597661 0.616650 0.638473 0.663555 0.692424 0.725748 0.764376 0.809407 0.862283 0.924934 1.000000 0.980176 18693.000000 1.656561 0.692230
0.949728 0.906347 0.868758 0.836096 0.807677 0.782950 0.761473 0.742884 0.726890 0.713253 0.701777 0.692306 0.684716 0.678907 0.674808 0.672369 0.671559 0.672369 0.658689 0.643188 0.629883 0.618577 0.609111 0.601358 0.595215 0.590605 0.587470 0.585772 0.585490 0.586621 0.589179 0.593194 0.598717 0.605816 0.614585 0.625139 0.637624 0.652222 0.669154 0.688692 0.711170 0.737000 0.766693 0.759938 0.743931 0.730308 0.718875 0.709478 0.701992 0.696323 0.692399 0.690173 0.689617 0.690724 0.693509 0.698004 0.704266 0.712373 0.722429 0.734568 0.748957 0.765803 0.785360 0.807940 0.833924 0.863786 0.847780 0.820184 0.796186 0.775367 0.757387 0.741970 0.728888 0.717959 0.709036 0.702003 0.696770 0.693272 0.691466 0.691331 0.692865 0.696087 0.701035 0.707771 0.716381 0.726976 0.739697 0.754722 0.772269 0.758569 0.727860 0.701165 0.677934 0.657727 0.640187 0.625025 0.612004 0.600934 0.591656 0.584047 0.578005 0.573455 0.570339 0.568619 0.568274 0.569300 0.571710 0.575533 0.580816 0.587625 0.596049 0.606200 0.618218 0.627032 0.635241 0.645243 0.657174 0.671202 0.687534 0.706425 0.728187 0.753205 0.781954 0.815027 0.853166 0.897318 0.948699 1.000000 1812.500000 1.283308 0.824912
0.612004 0.600934 0.591656 0.584047 0.578005 0.573455 0.570339 0.568619 0.568274 0.569300 0.571710 0.575533 0.580816 0.587625 0.596049 0.606200 0.618218 0.627032 0.635241 0.645243 0.657174 0.671202 0.687534 0.706425 0.728187 0.753205 0.781954 0.815027 0.853166 0.897318 0.948699 1.000000 0.949728 0.906347 0.868758 0.836096 0.807677 0.782950 0.761473 0.742884 0.726890 0.713253 0.701777 0.692306 0.684716 0.678907 0.674808 0.672369 0.671559 0.672369 0.658689 0.643188 0.629883 0.618577 0.609111 0.601358 0.595215 0.590605 0.587470 0.585772 0.585490 0.586621 0.589179 0.593194 0.598717 0.605816 0.614585 0.625139 0.637624 0.652222 0.669154 0.688692 0.711170 0.737000 0.766693 0.759938 0.743931 0.730308 0.718875 0.709478 0.701992 0.696323 0.692399 0.690173 0.689617 0.690724 0.693509 0.698004 0.704266 0.712373 0.722429 0.734568 0.748957 0.765803 0.785360 0.807940 0.833924 0.863786 0.847780 0.820184 0.796186 0.775367 0.757387 0.741970 0.728888 0.717959 0.709036 0.702003 0.696770 0.693272 0.691466 0.691331 0.692865 0.696087 0.701035 0.707771 0.716381 0.726976 0.739697 0.754722 0.772269 0.758569 0.727860 0.701165 0.677934 0.657727 0.640187 0.625025 1812.500000 1.283308 0.824912
0.833924 0.863786 0.847780 0.820184 0.796186 0.775367 0.757387 0.741970 0.728888 0.717959 0.709036 0.702003 0.696770 0.693272 0.691466 0.691331 0.692865 0.696087 0.701035 0.707771 0.716381 0.726976 0.739697 0.754722 0.772269 0.758569 0.727860 0.701165 0.677934 0.657727 0.640187 0.625025 0.612004 0.600934 0.591656 0.584047 0.578005 0.573455 0.570339 0.568619 0.568274 0.569300 0.571710 0.575533 0.580816 0.587625 0.596049 0.606200 0.618218 0.627032 0.635241 0.645243 0.657174 0.671202 0.687534 0.706425 0.728187 0.753205 0.781954 0.815027 0.853166 0.897318 0.948699 1.000000 0.949728 0.906347 0.868758 0.836096 0.807677 0.782950 0.761473 0.742884 0.726890 0.713253 0.701777 0.692306 0.684716 0.678907 0.674808 0.672369 0.671559 0.672369 0.658689 0.643188 0.629883 0.618577 0.609111 0.601358 0.595215 0.590605 0.587470 0.585772 0.585490 0.586621 0.589179 0.593194 0.598717 0.605816 0.614585 0.625139 0.637624 0.652222 0.669154 0.688692 0.711170 0.737000 0.766693 0.759938 0.743931 0.730308 0.718875 0.709478 0.701992 0.696323 0.692399 0.690173 0.689617 0.690724 0.693509 0.698004 0.704266 0.712373 0.722429 0.734568 0.748957 0.765803 0.785360 0.807940 1812.500000 1.283308 0.824912
0.598717 0.605816 0.614585 0.625139 0.637624 0.652222 0.669154 0.688692 0.711170 0.737000 0.766693 0.759938 0.743931 0.730308 0.718875 0.709478 0.701992 0.696323 0.692399 0.690173 0.689617 0.690724 0.693509 0.698004 0.704266 0.712373 0.722429 0.734568 0.748957 0.765803 0.785360 0.807940 0.833924 0.863786 0.847780 0.820184 0.796186 0.775367 0.757387 0.741970 0.728888 0.717959 0.709036 0.702003 0.696770 0.693272 0.691466 0.691331 0.692865 0.696087 0.701035 0.707771 0.716381 0.726976 0.739697 0.754722 0.772269 0.758569 0.727860 0.701165 0.677934 0.657727 0.640187 0.625025 0.612004 0.600934 0.591656 0.584047 0.578005 0.573455 0.570339 0.568619 0.568274 0.569300 0.571710 0.575533 0.580816 0.587625 0.596049 0.606200 0.618218 0.627032 0.635241 0.645243 0.657174 0.671202 0.687534 0.706425 0.728187 0.753205 0.781954 0.815027 0.853166 0.897318 0.948699 1.000000 0.949728 0.906347 0.868758 0.836096 0.807677 0.782950 0.761473 0.742884 0.726890 0.713253 0.701777 0.692306 0.684716 0.678907 0.674808 0.672369 0.671559 0.672369 0.658689 0.643188 0.629883 0.618577 0.609111 0.601358 0.595215 0.590605 0.587470 0.585772 0.585490 0.586621 0.589179 0.593194 1812.500000 1.283308 0.824912
0.957088 1.000000 0.985874 0.953035 0.924470 0.899671 0.878228 0.859807 0.844134 0.830989 0.820193 0.811603 0.805111 0.800636 0.798122 0.797539 0.798881 0.802162 0.807424 0.814731 0.824175 0.835878 0.826963 0.809985 0.795567 0.783508 0.773646 0.765851 0.760024 0.756092 0.754009 0.753747 0.755305 0.758701 0.763976 0.771196 0.768641 0.756256 0.746032 0.737834 0.731558 0.727125 0.724480 0.723591 0.724447 0.727059 0.731459 0.737700 0.745861 0.756046 0.768389 0.783061 0.800269 0.820270 0.843382 0.869989 0.900571 0.922822 0.899295 0.879002 0.861635 0.846942 0.834718 0.824801 0.817063 0.811405 0.807757 0.806075 0.806338 0.808550 0.812738 0.818953 0.827271 0.837800 0.850675 0.866072 0.884205 0.905342 0.904875 0.883444 0.865041 0.849393 0.836280 0.825524 0.816984 0.810553 0.806148 0.803717 0.803230 0.804681 0.808087 0.807538 0.790661 0.776307 0.764273 0.754396 0.746547 0.740625 0.736557 0.734293 0.733805 0.735087 0.738155 0.743047 0.749822 0.758566 0.769392 0.769876 0.758198 0.748646 0.741094 0.735448 0.731636 0.729612 0.729352 0.730851 0.734130 0.739226 0.746204 0.755152 0.766185 0.779451 0.795133 0.813460 0.834709 0.859224 0.887426 0.919832 1495.500000 1.120454 0.899657
0.746547 0.740625 0.736557 0.734293 0.733805 0.735087 0.738155 0.743047 0.749822 0.758566 0.769392 0.769876 0.758198 0.748646 0.741094 0.735448 0.731636 0.729612 0.729352 0.730851 0.734130 0.739226 0.746204 0.755152 0.766185 0.779451 0.795133 0.813460 0.834709 0.859224 0.887426 0.919832 0.957088 1.000000 0.985874 0.953035 0.924470 0.899671 0.878228 0.859807 0.844134 0.830989 0.820193 0.811603 0.805111 0.800636 0.798122 0.797539 0.798881 0.802162 0.807424 0.814731 0.824175 0.835878 0.826963 0.809985 0.795567 0.783508 0.773646 0.765851 0.760024 0.756092 0.754009 0.753747 0.755305 0.758701 0.763976 0.771196 0.768641 0.756256 0.746032 0.737834 0.731558 0.727125 0.724480 0.723591 0.724447 0.727059 0.731459 0.737700 0.745861 0.756046 0.768389 0.783061 0.800269 0.820270 0.843382 0.869989 0.900571 0.922822 0.899295 0.879002 0.861635 0.846942 0.834718 0.824801 0.817063 0.811405 0.807757 0.806075 0.806338 0.808550 0.812738 0.818953 0.827271 0.837800 0.850675 0.866072 0.884205 0.905342 0.904875 0.883444 0.865041 0.849393 0.836280 0.825524 0.816984 0.810553 0.806148 0.803717 0.803230 0.804681 0.808087 0.807538 0.790661 0.776307 0.764273 0.754396 1495.500000 1.120454 0.899657
0.817063 0.811405 0.807757 0.806075 0.806338 0.808550 0.812738 0.818953 0.827271 0.837800 0.850675 0.866072 0.884205 0.905342 0.904875 0.883444 0.865041 0.849393 0.836280 0.825524 0.816984 0.810553 0.806148 0.803717 0.803230 0.804681 0.808087 0.807538 0.790661 0.776307 0.764273 0.754396 0.746547 0.740625 0.736557 0.734293 0.733805 0.735087 0.738155 0.743047 0.749822 0.758566 0.769392 0.769876 0.758198 0.748646 0.741094 0.735448 0.731636 0.729612 0.729352 0.730851 0.734130 0.739226 0.746204 0.755152 0.766185 0.779451 0.795133 0.813460 0.834709 0.859224 0.887426 0.919832 0.957088 1.000000 0.985874 0.953035 0.924470 0.899671 0.878228 0.859807 0.844134 0.830989 0.820193 0.811603 0.805111 0.800636 0.798122 0.797539 0.798881 0.802162 0.807424 0.814731 0.824175 0.835878 0.826963 0.809985 0.795567 0.783508 0.773646 0.765851 0.760024 0.756092 0.754009 0.753747 0.755305 0.758701 0.763976 0.771196 0.768641 0.756256 0.746032 0.737834 0.731558 0.727125 0.724480 0.723591 0.724447 0.727059 0.731459 0.737700 0.745861 0.756046 0.768389 0.783061 0.800269 0.820270 0.843382 0.869989 0.900571 0.922822 0.899295 0.879002 0.861635 0.846942 0.834718 0.824801 1495.500000 1.120454 0.899657
0.755305 0.758701 0.763976 0.771196 0.768641 0.756256 0.746032 0.737834 0.731558 0.727125 0.724480 0.723591 0.724447 0.727059 0.731459 0.737700 0.745861 0.756046 0.768389 0.783061 0.800269 0.820270 0.843382 0.869989 0.900571 0.922822 0.899295 0.879002 0.861635 0.846942 0.834718 0.824801 0.817063 0.811405 0.807757 0.806075 0.806338 0.808550 0.812738 0.818953 0.827271 0.837800 0.850675 0.866072 0.884205 0.905342 0.904875 0.883444 0.865041 0.849393 0.836280 0.825524 0.816984 0.810553 0.806148 0.803717 0.803230 0.804681 0.808087 0.807538 0.790661 0.776307 0.764273 0.754396 0.746547 0.740625 0.736557 0.734293 0.733805 0.735087 0.738155 0.743047 0.749822 0.758566 0.769392 0.769876 0.758198 0.748646 0.741094 0.735448 0.731636 0.729612 0.729352 0.730851 0.734130 0.739226 0.746204 0.755152 0.766185 0.779451 0.795133 0.813460 0.834709 0.859224 0.887426 0.919832 0.957088 1.000000 0.985874 0.953035 0.924470 0.899671 0.878228 0.859807 0.844134 0.830989 0.820193 0.811603 0.805111 0.800636 0.798122 0.797539 0.798881 0.802162 0.807424 0.814731 0.824175 0.835878 0.826963 0.809985 0.795567 0.783508 0.773646 0.765851 0.760024 0.756092 0.754009 0.753747 1495.500000 1.120454 0.899657
0.693351 0.692035 0.684457 0.678661 0.674573 0.672144 0.671344 0.672163 0.674612 0.678719 0.684536 0.692135 0.701615 0.713099 0.726745 0.742748 0.761347 0.782836 0.807575 0.836009 0.868687 0.906295 0.949699 1.000000 0.939512 0.881214 0.831614 0.789100 0.752446 0.720705 0.693136 0.669151 0.648280 0.630143 0.614434 0.599870 0.587248 0.576507 0.567494 0.560088 0.554190 0.549725 0.546638 0.544891 0.544463 0.545348 0.547557 0.551118 0.556073 0.562486 0.570438 0.580036 0.591412 0.604728 0.620187 0.638034 0.658573 0.682175 0.709305 0.740540 0.776610 0.818445 0.867254 0.897624 0.864649 0.835953 0.810991 0.789324 0.770592 0.754504 0.740823 0.729354 0.719944 0.712467 0.706830 0.702961 0.700813 0.700361 0.701598 0.704540 0.709223 0.715704 0.724065 0.734414 0.746888 0.761660 0.778942 0.798997 0.785675 0.763509 0.744304 0.727751 0.713601 0.701648 0.691728 0.683708 0.677486 0.672983 0.670143 0.668932 0.669334 0.671356 0.675021 0.680374 0.687482 0.696435 0.707352 0.720379 0.735701 0.753543 0.736570 0.717933 0.701865 0.688122 0.676505 0.666854 0.659039 0.652961 0.648541 0.645727 0.644482 0.644793 0.646662 0.650113 0.655188 0.661950 0.670486 0.680906 19110.000000 1.169729 0.803623
0.677486 0.672983 0.670143 0.668932 0.669334 0.671356 0.675021 0.680374 0.687482 0.696435 0.707352 0.720379 0.735701 0.753543 0.736570 0.717933 0.701865 0.688122 0.676505 0.666854 0.659039 0.652961 0.648541 0.645727 0.644482 0.644793 0.646662 0.650113 0.655188 0.661950 0.670486 0.680906 0.693351 0.692035 0.684457 0.678661 0.674573 0.672144 0.671344 0.672163 0.674612 0.678719 0.684536 0.692135 0.701615 0.713099 0.726745 0.742748 0.761347 0.782836 0.807575 0.836009 0.868687 0.906295 0.949699 1.000000 0.939512 0.881214 0.831614 0.789100 0.752446 0.720705 0.693136 0.669151 0.648280 0.630143 0.614434 0.599870 0.587248 0.576507 0.567494 0.560088 0.554190 0.549725 0.546638 0.544891 0.544463 0.545348 0.547557 0.551118 0.556073 0.562486 0.570438 0.580036 0.591412 0.604728 0.620187 0.638034 0.658573 0.682175 0.709305 0.740540 0.776610 0.818445 0.867254 0.897624 0.864649 0.835953 0.810991 0.789324 0.770592 0.754504 0.740823 0.729354 0.719944 0.712467 0.706830 0.702961 0.700813 0.700361 0.701598 0.704540 0.709223 0.715704 0.724065 0.734414 0.746888 0.761660 0.778942 0.798997 0.785675 0.763509 0.744304 0.727751 0.713601 0.701648 0.691728 0.683708 19110.000000 1.169729 0.803623
0.864649 0.835953 0.810991 0.789324 0.770592 0.754504 0.740823 0.729354 0.719944 0.712467 0.706830 0.702961 0.700813 0.700361 0.701598 0.704540 0.709223 0.715704 0.724065 0.734414 0.746888 0.761660 0.778942 0.798997 0.785675 0.763509 0.744304 0.727751 0.713601 0.701648 0.691728 0.683708 0.677486 0.672983 0.670143 0.668932 0.669334 0.671356 0.675021 0.680374 0.687482 0.696435 0.707352 0.720379 0.735701 0.753543 0.736570 0.717933 0.701865 0.688122 0.676505 0.666854 0.659039 0.652961 0.648541 0.645727 0.644482 0.644793 0.646662 0.650113 0.655188 0.661950 0.670486 0.680906 0.693351 0.692035 0.684457 0.678661 0.674573 0.672144 0.671344 0.672163 0.674612 0.678719 0.684536 0.692135 0.701615 0.713099 0.726745 0.742748 0.761347 0.782836 0.807575 0.836009 0.868687 0.906295 0.949699 1.000000 0.939512 0.881214 0.831614 0.789100 0.752446 0.720705 0.693136 0.669151 0.648280 0.630143 0.614434 0.599870 0.587248 0.576507 0.567494 0.560088 0.554190 0.549725 0.546638 0.544891 0.544463 0.545348 0.547557 0.551118 0.556073 0.562486 0.570438 0.580036 0.591412 0.604728 0.620187 0.638034 0.658573 0.682175 0.709305 0.740540 0.776610 0.818445 0.867254 0.897624 19110.000000 1.169729 0.803623
0.648280 0.630143 0.614434 0.599870 0.587248 0.576507 0.567494 0.560088 0.554190 0.549725 0.546638 0.544891 0.544463 0.545348 0.547557 0.551118 0.556073 0.562486 0.570438 0.580036 0.591412 0.604728 0.620187 0.638034 0.658573 0.682175 0.709305 0.740540 0.776610 0.818445 0.867254 0.897624 0.864649 0.835953 0.810991 0.789324 0.770592 0.754504 0.740823 0.729354 0.719944 0.712467 0.706830 0.702961 0.700813 0.700361 0.701598 0.704540 0.709223 0.715704 0.724065 0.734414 0.746888 0.761660 0.778942 0.798997 0.785675 0.763509 0.744304 0.727751 0.713601 0.701648 0.691728 0.683708 0.677486 0.672983 0.670143 0.668932 0.669334 0.671356 0.675021 0.680374 0.687482 0.696435 0.707352 0.720379 0.735701 0.753543 0.736570 0.717933 0.701865 0.688122 0.676505 0.666854 0.659039 0.652961 0.648541 0.645727 0.644482 0.644793 0.646662 0.650113 0.655188 0.661950 0.670486 0.680906 0.693351 0.692035 0.684457 0.678661 0.674573 0.672144 0.671344 0.672163 0.674612 0.678719 0.684536 0.692135 0.701615 0.713099 0.726745 0.742748 0.761347 0.782836 0.807575 0.836009 0.868687 0.906295 0.949699 1.000000 0.939512 0.881214 0.831614 0.789100 0.752446 0.720705 0.693136 0.669151 19110.000000 1.169729 0.803623
0.584621 0.558474 0.535801 0.516092 0.498941 0.484022 0.471070 0.459873 0.450256 0.442075 0.435217 0.429587 0.425111 0.421734 0.419412 0.418118 0.417835 0.418560 0.420302 0.423082 0.426934 0.431907 0.438065 0.445490 0.454284 0.464575 0.476517 0.490301 0.506162 0.524390 0.545342 0.569467 0.597331 0.629656 0.667381 0.711738 0.764384 0.827592 0.904573 1.000000 0.895597 0.795652 0.717329 0.654480 0.603092 0.560439 0.524600 0.494189 0.468176 0.445785 0.426419 0.409611 0.394993 0.382272 0.371211 0.361618 0.353339 0.346246 0.340236 0.335224 0.331144 0.327943 0.325580 0.324026 0.323261 0.323277 0.324074 0.325662 0.328059 0.331296 0.335413 0.340465 0.346518 0.353658 0.361989 0.371639 0.382765 0.395560 0.410263 0.427169 0.446651 0.469179 0.495357 0.525972 0.562062 0.605036 0.656838 0.720238 0.799317 0.900339 0.884235 0.821487 0.768784 0.724075 0.685842 0.652938 0.624482 0.599787 0.578312 0.559623 0.543372 0.529277 0.517109 0.506681 0.497842 0.490466 0.484456 0.479734 0.476238 0.473927 0.472772 0.472758 0.473886 0.476169 0.479635 0.484328 0.490306 0.497647 0.506451 0.516838 0.528962 0.543008 0.559204 0.577831 0.599235 0.623846 0.650119 0.614891 1908.000000 1.655383 0.549292
0.624482 0.599787 0.578312 0.559623 0.543372 0.529277 0.517109 0.506681 0.497842 0.490466 0.484456 0.479734 0.476238 0.473927 0.472772 0.472758 0.473886 0.476169 0.479635 0.484328 0.490306 0.497647 0.506451 0.516838 0.528962 0.543008 0.559204 0.577831 0.599235 0.623846 0.650119 0.614891 0.584621 0.558474 0.535801 0.516092 0.498941 0.484022 0.471070 0.459873 0.450256 0.442075 0.435217 0.429587 0.425111 0.421734 0.419412 0.418118 0.417835 0.418560 0.420302 0.423082 0.426934 0.431907 0.438065 0.445490 0.454284 0.464575 0.476517 0.490301 0.506162 0.524390 0.545342 0.569467 0.597331 0.629656 0.667381 0.711738 0.764384 0.827592 0.904573 1.000000 0.895597 0.795652 0.717329 0.654480 0.603092 0.560439 0.524600 0.494189 0.468176 0.445785 0.426419 0.409611 0.394993 0.382272 0.371211 0.361618 0.353339 0.346246 0.340236 0.335224 0.331144 0.327943 0.325580 0.324026 0.323261 0.323277 0.324074 0.325662 0.328059 0.331296 0.335413 0.340465 0.346518 0.353658 0.361989 0.371639 0.382765 0.395560 0.410263 0.427169 0.446651 0.469179 0.495357 0.525972 0.562062 0.605036 0.656838 0.720238 0.799317 0.900339 0.884235 0.821487 0.768784 0.724075 0.685842 0.652938 1908.000000 1.655383 0.549292
0.323261 0.323277 0.324074 0.325662 0.328059 0.331296 0.335413 0.340465 0.346518 0.353658 0.361989 0.371639 0.382765 0.395560 0.410263 0.427169 0.446651 0.469179 0.495357 0.525972 0.562062 0.605036 0.656838 0.720238 0.799317 0.900339 0.884235 0.821487 0.768784 0.724075 0.685842 0.652938 0.624482 0.599787 0.578312 0.559623 0.543372 0.529277 0.517109 0.506681 0.497842 0.490466 0.484456 0.479734 0.476238 0.473927 0.472772 0.472758 0.473886 0.476169 0.479635 0.484328 0.490306 0.497647 0.506451 0.516838 0.528962 0.543008 0.559204 0.577831 0.599235 0.623846 0.650119 0.614891 0.584621 0.558474 0.535801 0.516092 0.498941 0.484022 0.471070 0.459873 0.450256 0.442075 0.435217 0.429587 0.425111 0.421734 0.419412 0.418118 0.417835 0.418560 0.420302 0.423082 0.426934 0.431907 0.438065 0.445490 0.454284 0.464575 0.476517 0.490301 0.506162 0.524390 0.545342 0.569467 0.597331 0.629656 0.667381 0.711738 0.764384 0.827592 0.904573 1.000000 0.895597 0.795652 0.717329 0.654480 0.603092 0.560439 0.524600 0.494189 0.468176 0.445785 0.426419 0.409611 0.394993 0.382272 0.371211 0.361618 0.353339 0.346246 0.340236 0.335224 0.331144 0.327943 0.325580 0.324026 1908.000000 1.655383 0.549292
0.597331 0.629656 0.667381 0.711738 0.764384 0.827592 0.904573 1.000000 0.895597 0.795652 0.717329 0.654480 0.603092 0.560439 0.524600 0.494189 0.468176 0.445785 0.426419 0.409611 0.394993 0.382272 0.371211 0.361618 0.353339 0.346246 0.340236 0.335224 0.331144 0.327943 0.325580 0.324026 0.323261 0.323277 0.324074 0.325662 0.328059 0.331296 0.335413 0.340465 0.346518 0.353658 0.361989 0.371639 0.382765 0.395560 0.410263 0.427169 0.446651 0.469179 0.495357 0.525972 0.562062 0.605036 0.656838 0.720238 0.799317 0.900339 0.884235 0.821487 0.768784 0.724075 0.685842 0.652938 0.624482 0.599787 0.578312 0.559623 0.543372 0.529277 0.517109 0.506681 0.497842 0.490466 0.484456 0.479734 0.476238 0.473927 0.472772 0.472758 0.473886 0.476169 0.479635 0.484328 0.490306 0.497647 0.506451 0.516838 0.528962 0.543008 0.559204 0.577831 0.599235 0.623846 0.650119 0.614891 0.584621 0.558474 0.535801 0.516092 0.498941 0.484022 0.471070 0.459873 0.450256 0.442075 0.435217 0.429587 0.425111 0.421734 0.419412 0.418118 0.417835 0.418560 0.420302 0.423082 0.426934 0.431907 0.438065 0.445490 0.454284 0.464575 0.476517 0.490301 0.506162 0.524390 0.545342 0.569467 1908.000000 1.655383 0.549292
0.900677 0.861466 0.823228 0.790063 0.761229 0.736136 0.714311 0.695370 0.679001 0.664950 0.653010 0.643013 0.634824 0.628335 0.623465 0.620152 0.618355 0.618054 0.619244 0.621940 0.626175 0.632000 0.639490 0.648742 0.659878 0.673053 0.688456 0.706323 0.726940 0.750660 0.777917 0.809251 0.845337 0.887028 0.935415 0.991914 0.958215 0.915838 0.879080 0.847120 0.819307 0.795117 0.774126 0.755989 0.740425 0.727206 0.716145 0.707094 0.699934 0.694574 0.690948 0.689010 0.688738 0.690128 0.693197 0.697982 0.704543 0.712963 0.723349 0.735842 0.750614 0.767879 0.787900 0.765218 0.740072 0.718201 0.699222 0.682823 0.668750 0.656795 0.646791 0.638603 0.632123 0.627269 0.623981 0.622219 0.621960 0.623203 0.625961 0.630269 0.636181 0.643769 0.653133 0.664398 0.677720 0.693291 0.711349 0.732183 0.756151 0.783694 0.815357 0.851825 0.893963 0.942876 1.000000 0.984039 0.932844 0.888749 0.850590 0.817462 0.788646 0.763569 0.741770 0.722874 0.706577 0.692630 0.680832 0.671018 0.663058 0.656849 0.652311 0.649390 0.648048 0.648271 0.650061 0.653439 0.658447 0.665147 0.673624 0.683989 0.696382 0.710977 0.727988 0.747678 0.770370 0.796462 0.826445 0.860927 1366.000000 1.192911 0.764320
0.932844 0.888749 0.850590 0.817462 0.788646 0.763569 0.741770 0.722874 0.706577 0.692630 0.680832 0.671018 0.663058 0.656849 0.652311 0.649390 0.648048 0.648271 0.650061 0.653439 0.658447 0.665147 0.673624 0.683989 0.696382 0.710977 0.727988 0.747678 0.770370 0.796462 0.826445 0.860927 0.900677 0.861466 0.823228 0.790063 0.761229 0.736136 0.714311 0.695370 0.679001 0.664950 0.653010 0.643013 0.634824 0.628335 0.623465 0.620152 0.618355 0.618054 0.619244 0.621940 0.626175 0.632000 0.639490 0.648742 0.659878 0.673053 0.688456 0.706323 0.726940 0.750660 0.777917 0.809251 0.845337 0.887028 0.935415 0.991914 0.958215 0.915838 0.879080 0.847120 0.819307 0.795117 0.774126 0.755989 0.740425 0.727206 0.716145 0.707094 0.699934 0.694574 0.690948 0.689010 0.688738 0.690128 0.693197 0.697982 0.704543 0.712963 0.723349 0.735842 0.750614 0.767879 0.787900 0.765218 0.740072 0.718201 0.699222 0.682823 0.668750 0.656795 0.646791 0.638603 0.632123 0.627269 0.623981 0.622219 0.621960 0.623203 0.625961 0.630269 0.636181 0.643769 0.653133 0.664398 0.677720 0.693291 0.711349 0.732183 0.756151 0.783694 0.815357 0.851825 0.893963 0.942876 1.000000 0.984039 1366.000000 1.192911 0.764320
0.740072 0.718201 0.699222 0.682823 0.668750 0.656795 0.646791 0.638603 0.632123 0.627269 0.623981 0.622219 0.621960 0.623203 0.625961 0.630269 0.636181 0.643769 0.653133 0.664398 0.677720 0.693291 0.711349 0.732183 0.756151 0.783694 0.815357 0.851825 0.893963 0.942876 1.000000 0.984039 0.932844 0.888749 0.850590 0.817462 0.788646 0.763569 0.741770 0.722874 0.706577 0.692630 0.680832 0.671018 0.663058 0.656849 0.652311 0.649390 0.648048 0.648271 0.650061 0.653439 0.658447 0.665147 0.673624 0.683989 0.696382 0.710977 0.727988 0.747678 0.770370 0.796462 0.826445 0.860927 0.900677 0.861466 0.823228 0.790063 0.761229 0.736136 0.714311 0.695370 0.679001 0.664950 0.653010 0.643013 0.634824 0.628335 0.623465 0.620152 0.618355 0.618054 0.619244 0.621940 0.626175 0.632000 0.639490 0.648742 0.659878 0.673053 0.688456 0.706323 0.726940 0.750660 0.777917 0.809251 0.845337 0.887028 0.935415 0.991914 0.958215 0.915838 0.879080 0.847120 0.819307 0.795117 0.774126 0.755989 0.740425 0.727206 0.716145 0.707094 0.699934 0.694574 0.690948 0.689010 0.688738 0.690128 0.693197 0.697982 0.704543 0.712963 0.723349 0.735842 0.750614 0.767879 0.787900 0.765218 1366.000000 1.192911 0.764320
0.845337 0.887028 0.935415 0.991914 0.958215 0.915838 0.879080 0.847120 0.819307 0.795117 0.774126 0.755989 0.740425 0.727206 0.716145 0.707094 0.699934 0.694574 0.690948 0.689010 0.688738 0.690128 0.693197 0.697982 0.704543 0.712963 0.723349 0.735842 0.750614 0.767879 0.787900 0.765218 0.740072 0.718201 0.699222 0.682823 0.668750 0.656795 0.646791 0.638603 0.632123 0.627269 0.623981 0.622219 0.621960 0.623203 0.625961 0.630269 0.636181 0.643769 0.653133 0.664398 0.677720 0.693291 0.711349 0.732183 0.756151 0.783694 0.815357 0.851825 0.893963 0.942876 1.000000 0.984039 0.932844 0.888749 0.850590 0.817462 0.788646 0.763569 0.741770 0.722874 0.706577 0.692630 0.680832 0.671018 0.663058 0.656849 0.652311 0.649390 0.648048 0.648271 0.650061 0.653439 0.658447 0.665147 0.673624 0.683989 0.696382 0.710977 0.727988 0.747678 0.770370 0.796462 0.826445 0.860927 0.900677 0.861466 0.823228 0.790063 0.761229 0.736136 0.714311 0.695370 0.679001 0.664950 0.653010 0.643013 0.634824 0.628335 0.623465 0.620152 0.618355 0.618054 0.619244 0.621940 0.626175 0.632000 0.639490 0.648742 0.659878 0.673053 0.688456 0.706323 0.726940 0.750660 0.777917 0.809251 1366.000000 1.192911 0.764320
0.625351 0.590057 0.559810 0.533736 0.511160 0.491552 0.474493 0.459649 0.446750 0.435575 0.425947 0.417719 0.410775 0.405017 0.400370 0.396773 0.394181 0.392563 0.391898 0.392178 0.393407 0.395600 0.398784 0.402998 0.408297 0.414749 0.422442 0.431485 0.442012 0.454187 0.468211 0.484333 0.502860 0.524173 0.548754 0.577212 0.610335 0.649149 0.695023 0.749818 0.816126 0.897672 1.000000 0.912524 0.823991 0.752772 0.694424 0.645914 0.605102 0.570434 0.540755 0.515191 0.493070 0.473864 0.457159 0.442621 0.429983 0.419029 0.409581 0.401495 0.394655 0.388966 0.384351 0.380751 0.378119 0.376425 0.375647 0.375775 0.376812 0.378769 0.381671 0.385554 0.390467 0.396474 0.403657 0.412116 0.421975 0.433387 0.446540 0.461662 0.479039 0.499025 0.522064 0.548719 0.579713 0.615992 0.658807 0.709857 0.771497 0.812615 0.766162 0.726389 0.692126 0.662474 0.636729 0.614335 0.594847 0.577906 0.563223 0.550562 0.539728 0.530567 0.522950 0.516776 0.511965 0.508456 0.506206 0.505188 0.505389 0.506812 0.509473 0.513406 0.518659 0.525300 0.533414 0.543112 0.554530 0.567836 0.583235 0.600981 0.621385 0.644831 0.671798 0.702885 0.738856 0.775193 0.716085 0.666846 5671.500000 1.414942 0.578797
0.594847 0.577906 0.563223 0.550562 0.539728 0.530567 0.522950 0.516776 0.511965 0.508456 0.506206 0.505188 0.505389 0.506812 0.509473 0.513406 0.518659 0.525300 0.533414 0.543112 0.554530 0.567836 0.583235 0.600981 0.621385 0.644831 0.671798 0.702885 0.738856 0.775193 0.716085 0.666846 0.625351 0.590057 0.559810 0.533736 0.511160 0.491552 0.474493 0.459649 0.446750 0.435575 0.425947 0.417719 0.410775 0.405017 0.400370 0.396773 0.394181 0.392563 0.391898 0.392178 0.393407 0.395600 0.398784 0.402998 0.408297 0.414749 0.422442 0.431485 0.442012 0.454187 0.468211 0.484333 0.502860 0.524173 0.548754 0.577212 0.610335 0.649149 0.695023 0.749818 0.816126 0.897672 1.000000 0.912524 0.823991 0.752772 0.694424 0.645914 0.605102 0.570434 0.540755 0.515191 0.493070 0.473864 0.457159 0.442621 0.429983 0.419029 0.409581 0.401495 0.394655 0.388966 0.384351 0.380751 0.378119 0.376425 0.375647 0.375775 0.376812 0.378769 0.381671 0.385554 0.390467 0.396474 0.403657 0.412116 0.421975 0.433387 0.446540 0.461662 0.479039 0.499025 0.522064 0.548719 0.579713 0.615992 0.658807 0.709857 0.771497 0.812615 0.766162 0.726389 0.692126 0.662474 0.636729 0.614335 5671.500000 1.414942 0.578797
0.378119 0.376425 0.375647 0.375775 0.376812 0.378769 0.381671 0.385554 0.390467 0.396474 0.403657 0.412116 0.421975 0.433387 0.446540 0.461662 0.479039 0.499025 0.522064 0.548719 0.579713 0.615992 0.658807 0.709857 0.771497 0.812615 0.766162 0.726389 0.692126 0.662474 0.636729 0.614335 0.594847 0.577906 0.563223 0.550562 0.539728 0.530567 0.522950 0.516776 0.511965 0.508456 0.506206 0.505188 0.505389 0.506812 0.509473 0.513406 0.518659 0.525300 0.533414 0.543112 0.554530 0.567836 0.583235 0.600981 0.621385 0.644831 0.671798 0.702885 0.738856 0.775193 0.716085 0.666846 0.625351 0.590057 0.559810 0.533736 0.511160 0.491552 0.474493 0.459649 0.446750 0.435575 0.425947 0.417719 0.410775 0.405017 0.400370 0.396773 0.394181 0.392563 0.391898 0.392178 0.393407 0.395600 0.398784 0.402998 0.408297 0.414749 0.422442 0.431485 0.442012 0.454187 0.468211 0.484333 0.502860 0.524173 0.548754 0.577212 0.610335 0.649149 0.695023 0.749818 0.816126 0.897672 1.000000 0.912524 0.823991 0.752772 0.694424 0.645914 0.605102 0.570434 0.540755 0.515191 0.493070 0.473864 0.457159 0.442621 0.429983 0.419029 0.409581 0.401495 0.394655 0.388966 0.384351 0.380751 5671.500000 1.414942 0.578797
0.502860 0.524173 0.548754 0.577212 0.610335 0.649149 0.695023 0.749818 0.816126 0.897672 1.000000 0.912524 0.823991 0.752772 0.694424 0.645914 0.605102 0.570434 0.540755 0.515191 0.493070 0.473864 0.457159 0.442621 0.429983 0.419029 0.409581 0.401495 0.394655 0.388966 0.384351 0.380751 0.378119 0.376425 0.375647 0.375775 0.376812 0.378769 0.381671 0.385554 0.390467 0.396474 0.403657 0.412116 0.421975 0.433387 0.446540 0.461662 0.479039 0.499025 0.522064 0.548719 0.579713 0.615992 0.658807 0.709857 0.771497 0.812615 0.766162 0.726389 0.692126 0.662474 0.636729 0.614335 0.594847 0.577906 0.563223 0.550562 0.539728 0.530567 0.522950 0.516776 0.511965 0.508456 0.506206 0.505188 0.505389 0.506812 0.509473 0.513406 0.518659 0.525300 0.533414 0.543112 0.554530 0.567836 0.583235 0.600981 0.621385 0.644831 0.671798 0.702885 0.738856 0.775193 0.716085 0.666846 0.625351 0.590057 0.559810 0.533736 0.511160 0.491552 0.474493 0.459649 0.446750 0.435575 0.425947 0.417719 0.410775 0.405017 0.400370 0.396773 0.394181 0.392563 0.391898 0.392178 0.393407 0.395600 0.398784 0.402998 0.408297 0.414749 0.422442 0.431485 0.442012 0.454187 0.468211 0.484333 5671.500000 1.414942 0.578797
0.887127 0.854914 0.826881 0.802500 0.781344 0.763066 0.747383 0.734065 0.722923 0.713809 0.706603 0.701214 0.697573 0.695638 0.695384 0.696808 0.699927 0.704781 0.711427 0.719952 0.730464 0.743104 0.758048 0.775512 0.795762 0.819124 0.845999 0.876881 0.835892 0.800018 0.768872 0.741781 0.718205 0.697710 0.679946 0.664625 0.651514 0.640423 0.631199 0.623718 0.617883 0.613621 0.610879 0.609624 0.609840 0.611529 0.614713 0.619431 0.625741 0.633722 0.643481 0.655147 0.668886 0.684899 0.703433 0.724793 0.749352 0.777573 0.810031 0.847447 0.890736 0.941076 1.000000 0.977734 0.930392 0.889466 0.853960 0.823086 0.796218 0.772852 0.752579 0.735068 0.720049 0.707301 0.696646 0.687940 0.681069 0.675947 0.672509 0.670713 0.670538 0.671981 0.675061 0.679814 0.686300 0.694600 0.704822 0.717103 0.731613 0.748563 0.768211 0.790876 0.816946 0.846904 0.842034 0.808225 0.778831 0.753250 0.731001 0.711694 0.695012 0.680697 0.668537 0.658362 0.650035 0.643447 0.638514 0.635174 0.633387 0.633131 0.634403 0.637218 0.641611 0.647636 0.655369 0.664911 0.676387 0.689958 0.705820 0.724215 0.745437 0.769852 0.797907 0.830160 0.867308 0.910231 0.960058 0.924176 5418.000000 1.178919 0.775528
0.778831 0.753250 0.731001 0.711694 0.695012 0.680697 0.668537 0.658362 0.650035 0.643447 0.638514 0.635174 0.633387 0.633131 0.634403 0.637218 0.641611 0.647636 0.655369 0.664911 0.676387 0.689958 0.705820 0.724215 0.745437 0.769852 0.797907 0.830160 0.867308 0.910231 0.960058 0.924176 0.887127 0.854914 0.826881 0.802500 0.781344 0.763066 0.747383 0.734065 0.722923 0.713809 0.706603 0.701214 0.697573 0.695638 0.695384 0.696808 0.699927 0.704781 0.711427 0.719952 0.730464 0.743104 0.758048 0.775512 0.795762 0.819124 0.845999 0.876881 0.835892 0.800018 0.768872 0.741781 0.718205 0.697710 0.679946 0.664625 0.651514 0.640423 0.631199 0.623718 0.617883 0.613621 0.610879 0.609624 0.609840 0.611529 0.614713 0.619431 0.625741 0.633722 0.643481 0.655147 0.668886 0.684899 0.703433 0.724793 0.749352 0.777573 0.810031 0.847447 0.890736 0.941076 1.000000 0.977734 0.930392 0.889466 0.853960 0.823086 0.796218 0.772852 0.752579 0.735068 0.720049 0.707301 0.696646 0.687940 0.681069 0.675947 0.672509 0.670713 0.670538 0.671981 0.675061 0.679814 0.686300 0.694600 0.704822 0.717103 0.731613 0.748563 0.768211 0.790876 0.816946 0.846904 0.842034 0.808225 5418.000000 1.178919 0.775528
0.930392 0.889466 0.853960 0.823086 0.796218 0.772852 0.752579 0.735068 0.720049 0.707301 0.696646 0.687940 0.681069 0.675947 0.672509 0.670713 0.670538 0.671981 0.675061 0.679814 0.686300 0.694600 0.704822 0.717103 0.731613 0.748563 0.768211 0.790876 0.816946 0.846904 0.842034 0.808225 0.778831 0.753250 0.731001 0.711694 0.695012 0.680697 0.668537 0.658362 0.650035 0.643447 0.638514 0.635174 0.633387 0.633131 0.634403 0.637218 0.641611 0.647636 0.655369 0.664911 0.676387 0.689958 0.705820 0.724215 0.745437 0.769852 0.797907 0.830160 0.867308 0.910231 0.960058 0.924176 0.887127 0.854914 0.826881 0.802500 0.781344 0.763066 0.747383 0.734065 0.722923 0.713809 0.706603 0.701214 0.697573 0.695638 0.695384 0.696808 0.699927 0.704781 0.711427 0.719952 0.730464 0.743104 0.758048 0.775512 0.795762 0.819124 0.845999 0.876881 0.835892 0.800018 0.768872 0.741781 0.718205 0.697710 0.679946 0.664625 0.651514 0.640423 0.631199 0.623718 0.617883 0.613621 0.610879 0.609624 0.609840 0.611529 0.614713 0.619431 0.625741 0.633722 0.643481 0.655147 0.668886 0.684899 0.703433 0.724793 0.749352 0.777573 0.810031 0.847447 0.890736 0.941076 1.000000 0.977734 5418.000000 1.178919 0.775528
0.718205 0.697710 0.679946 0.664625 0.651514 0.640423 0.631199 0.623718 0.617883 0.613621 0.610879 0.609624 0.609840 0.611529 0.614713 0.619431 0.625741 0.633722 0.643481 0.655147 0.668886 0.684899 0.703433 0.724793 0.749352 0.777573 0.810031 0.847447 0.890736 0.941076 1.000000 0.977734 0.930392 0.889466 0.853960 0.823086 0.796218 0.772852 0.752579 0.735068 0.720049 0.707301 0.696646 0.687940 0.681069 0.675947 0.672509 0.670713 0.670538 0.671981 0.675061 0.679814 0.686300 0.694600 0.704822 0.717103 0.731613 0.748563 0.768211 0.790876 0.816946 0.846904 0.842034 0.808225 0.778831 0.753250 0.731001 0.711694 0.695012 0.680697 0.668537 0.658362 0.650035 0.643447 0.638514 0.635174 0.633387 0.633131 0.634403 0.637218 0.641611 0.647636 0.655369 0.664911 0.676387 0.689958 0.705820 0.724215 0.745437 0.769852 0.797907 0.830160 0.867308 0.910231 0.960058 0.924176 0.887127 0.854914 0.826881 0.802500 0.781344 0.763066 0.747383 0.734065 0.722923 0.713809 0.706603 0.701214 0.697573 0.695638 0.695384 0.696808 0.699927 0.704781 0.711427 0.719952 0.730464 0.743104 0.758048 0.775512 0.795762 0.819124 0.845999 0.876881 0.835892 0.800018 0.768872 0.741781 5418.000000 1.178919 0.775528
0.838496 0.818527 0.801373 0.786780 0.774541 0.764491 0.756497 0.750458 0.746298 0.743966 0.743435 0.744697 0.747768 0.752685 0.759508 0.768325 0.779248 0.792423 0.808031 0.826296 0.828368 0.788844 0.754655 0.724981 0.699172 0.676712 0.657184 0.640251 0.625638 0.613121 0.602518 0.593681 0.586493 0.580859 0.576708 0.573989 0.572669 0.572736 0.574312 0.577292 0.581711 0.587625 0.595109 0.604261 0.615203 0.628091 0.643112 0.660500 0.680538 0.703579 0.730055 0.760506 0.795607 0.836217 0.883439 0.938710 1.000000 0.961365 0.927756 0.898509 0.873089 0.851062 0.832073 0.815837 0.802117 0.790724 0.781507 0.774346 0.769151 0.765858 0.764428 0.764841 0.767104 0.771244 0.777312 0.755094 0.735146 0.717911 0.703120 0.690556 0.680043 0.671439 0.664631 0.659532 0.656080 0.654231 0.653964 0.655275 0.658180 0.662715 0.668935 0.676919 0.686771 0.698622 0.712635 0.701192 0.691746 0.684177 0.678389 0.674309 0.671886 0.671092 0.671916 0.674370 0.678481 0.684302 0.691905 0.701387 0.712874 0.726523 0.742528 0.740704 0.737016 0.735127 0.735014 0.736675 0.740130 0.745423 0.752618 0.761806 0.773107 0.786672 0.802690 0.821394 0.843069 0.868068 0.888195 0.861591 1448.500000 1.183394 0.847787
0.691746 0.684177 0.678389 0.674309 0.671886 0.671092 0.671916 0.674370 0.678481 0.684302 0.691905 0.701387 0.712874 0.726523 0.742528 0.740704 0.737016 0.735127 0.735014 0.736675 0.740130 0.745423 0.752618 0.761806 0.773107 0.786672 0.802690 0.821394 0.843069 0.868068 0.888195 0.861591 0.838496 0.818527 0.801373 0.786780 0.774541 0.764491 0.756497 0.750458 0.746298 0.743966 0.743435 0.744697 0.747768 0.752685 0.759508 0.768325 0.779248 0.792423 0.808031 0.826296 0.828368 0.788844 0.754655 0.724981 0.699172 0.676712 0.657184 0.640251 0.625638 0.613121 0.602518 0.593681 0.586493 0.580859 0.576708 0.573989 0.572669 0.572736 0.574312 0.577292 0.581711 0.587625 0.595109 0.604261 0.615203 0.628091 0.643112 0.660500 0.680538 0.703579 0.730055 0.760506 0.795607 0.836217 0.883439 0.938710 1.000000 0.961365 0.927756 0.898509 0.873089 0.851062 0.832073 0.815837 0.802117 0.790724 0.781507 0.774346 0.769151 0.765858 0.764428 0.764841 0.767104 0.771244 0.777312 0.755094 0.735146 0.717911 0.703120 0.690556 0.680043 0.671439 0.664631 0.659532 0.656080 0.654231 0.653964 0.655275 0.658180 0.662715 0.668935 0.676919 0.686771 0.698622 0.712635 0.701192 1448.500000 1.183394 0.847787
0.802117 0.790724 0.781507 0.774346 0.769151 0.765858 0.764428 0.764841 0.767104 0.771244 0.777312 0.755094 0.735146 0.717911 0.703120 0.690556 0.680043 0.671439 0.664631 0.659532 0.656080 0.654231 0.653964 0.655275 0.658180 0.662715 0.668935 0.676919 0.686771 0.698622 0.712635 0.701192 0.691746 0.684177 0.678389 0.674309 0.671886 0.671092 0.671916 0.674370 0.678481 0.684302 0.691905 0.701387 0.712874 0.726523 0.742528 0.740704 0.737016 0.735127 0.735014 0.736675 0.740130 0.745423 0.752618 0.761806 0.773107 0.786672 0.802690 0.821394 0.843069 0.868068 0.888195 0.861591 0.838496 0.818527 0.801373 0.786780 0.774541 0.764491 0.756497 0.750458 0.746298 0.743966 0.743435 0.744697 0.747768 0.752685 0.759508 0.768325 0.779248 0.792423 0.808031 0.826296 0.828368 0.788844 0.754655 0.724981 0.699172 0.676712 0.657184 0.640251 0.625638 0.613121 0.602518 0.593681 0.586493 0.580859 0.576708 0.573989 0.572669 0.572736 0.574312 0.577292 0.581711 0.587625 0.595109 0.604261 0.615203 0.628091 0.643112 0.660500 0.680538 0.703579 0.730055 0.760506 0.795607 0.836217 0.883439 0.938710 1.000000 0.961365 0.927756 0.898509 0.873089 0.851062 0.832073 0.815837 1448.500000 1.183394 0.847787
0.586493 0.580859 0.576708 0.573989 0.572669 0.572736 0.574312 0.577292 0.581711 0.587625 0.595109 0.604261 0.615203 0.628091 0.643112 0.660500 0.680538 0.703579 0.730055 0.760506 0.795607 0.836217 0.883439 0.938710 1.000000 0.961365 0.927756 0.898509 0.873089 0.851062 0.832073 0.815837 0.802117 0.790724 0.781507 0.774346 0.769151 0.765858 0.764428 0.764841 0.767104 0.771244 0.777312 0.755094 0.735146 0.717911 0.703120 0.690556 0.680043 0.671439 0.664631 0.659532 0.656080 0.654231 0.653964 0.655275 0.658180 0.662715 0.668935 0.676919 0.686771 0.698622 0.712635 0.701192 0.691746 0.684177 0.678389 0.674309 0.671886 0.671092 0.671916 0.674370 0.678481 0.684302 0.691905 0.701387 0.712874 0.726523 0.742528 0.740704 0.737016 0.735127 0.735014 0.736675 0.740130 0.745423 0.752618 0.761806 0.773107 0.786672 0.802690 0.821394 0.843069 0.868068 0.888195 0.861591 0.838496 0.818527 0.801373 0.786780 0.774541 0.764491 0.756497 0.750458 0.746298 0.743966 0.743435 0.744697 0.747768 0.752685 0.759508 0.768325 0.779248 0.792423 0.808031 0.826296 0.828368 0.788844 0.754655 0.724981 0.699172 0.676712 0.657184 0.640251 0.625638 0.613121 0.602518 0.593681 1448.500000 1.183394 0.847787
1.000000 0.963345 0.931447 0.903701 0.879618 0.858800 0.840924 0.825726 0.812991 0.802547 0.794257 0.788015 0.783745 0.781392 0.735698 0.694983 0.660045 0.629896 0.603772 0.581073 0.561322 0.544137 0.529211 0.516292 0.505176 0.495699 0.487723 0.481141 0.475866 0.471829 0.468980 0.467285 0.466722 0.467285 0.468980 0.471829 0.475866 0.483918 0.494410 0.506615 0.520724 0.536971 0.555647 0.577109 0.601804 0.630293 0.663291 0.673141 0.670757 0.669999 0.670856 0.673340 0.677481 0.683329 0.690958 0.700466 0.711979 0.725653 0.741685 0.760315 0.781836 0.806611 0.835085 0.867811 0.905476 0.899142 0.868097 0.841084 0.817611 0.797282 0.779771 0.764817 0.752203 0.741756 0.733338 0.726841 0.722182 0.719304 0.718172 0.718773 0.721113 0.725222 0.731149 0.738969 0.710890 0.681719 0.656366 0.634305 0.615112 0.598446 0.584029 0.571636 0.561080 0.548629 0.535949 0.525078 0.515857 0.508158 0.501876 0.496931 0.493258 0.490814 0.489566 0.489502 0.490619 0.492932 0.496468 0.501272 0.507404 0.514944 0.523992 0.529895 0.536348 0.544287 0.553819 0.565076 0.578223 0.593460 0.611033 0.631246 0.654472 0.681177 0.711942 0.747503 0.788804 0.837070 0.893921 0.961543 600.500000 1.374346 0.784983
0.515857 0.508158 0.501876 0.496931 0.493258 0.490814 0.489566 0.489502 0.490619 0.492932 0.496468 0.501272 0.507404 0.514944 0.523992 0.529895 0.536348 0.544287 0.553819 0.565076 0.578223 0.593460 0.611033 0.631246 0.654472 0.681177 0.711942 0.747503 0.788804 0.837070 0.893921 0.961543 1.000000 0.963345 0.931447 0.903701 0.879618 0.858800 0.840924 0.825726 0.812991 0.802547 0.794257 0.788015 0.783745 0.781392 0.735698 0.694983 0.660045 0.629896 0.603772 0.581073 0.561322 0.544137 0.529211 0.516292 0.505176 0.495699 0.487723 0.481141 0.475866 0.471829 0.468980 0.467285 0.466722 0.467285 0.468980 0.471829 0.475866 0.483918 0.494410 0.506615 0.520724 0.536971 0.555647 0.577109 0.601804 0.630293 0.663291 0.673141 0.670757 0.669999 0.670856 0.673340 0.677481 0.683329 0.690958 0.700466 0.711979 0.725653 0.741685 0.760315 0.781836 0.806611 0.835085 0.867811 0.905476 0.899142 0.868097 0.841084 0.817611 0.797282 0.779771 0.764817 0.752203 0.741756 0.733338 0.726841 0.722182 0.719304 0.718172 0.718773 0.721113 0.725222 0.731149 0.738969 0.710890 0.681719 0.656366 0.634305 0.615112 0.598446 0.584029 0.571636 0.561080 0.548629 0.535949 0.525078 600.500000 1.374346 0.784983
0.905476 0.899142 0.868097 0.841084 0.817611 0.797282 0.779771 0.764817 0.752203 0.741756 0.733338 0.726841 0.722182 0.719304 0.718172 0.718773 0.721113 0.725222 0.731149 0.738969 0.710890 0.681719 0.656366 0.634305 0.615112 0.598446 0.584029 0.571636 0.561080 0.548629 0.535949 0.525078 0.515857 0.508158 0.501876 0.496931 0.493258 0.490814 0.489566 0.489502 0.490619 0.492932 0.496468 0.501272 0.507404 0.514944 0.523992 0.529895 0.536348 0.544287 0.553819 0.565076 0.578223 0.593460 0.611033 0.631246 0.654472 0.681177 0.711942 0.747503 0.788804 0.837070 0.893921 0.961543 1.000000 0.963345 0.931447 0.903701 0.879618 0.858800 0.840924 0.825726 0.812991 0.802547 0.794257 0.788015 0.783745 0.781392 0.735698 0.694983 0.660045 0.629896 0.603772 0.581073 0.561322 0.544137 0.529211 0.516292 0.505176 0.495699 0.487723 0.481141 0.475866 0.471829 0.468980 0.467285 0.466722 0.467285 0.468980 0.471829 0.475866 0.483918 0.494410 0.506615 0.520724 0.536971 0.555647 0.577109 0.601804 0.630293 0.663291 0.673141 0.670757 0.669999 0.670856 0.673340 0.677481 0.683329 0.690958 0.700466 0.711979 0.725653 0.741685 0.760315 0.781836 0.806611 0.835085 0.867811 600.500000 1.374346 0.784983
0.466722 0.467285 0.468980 0.471829 0.475866 0.483918 0.494410 0.506615 0.520724 0.536971 0.555647 0.577109 0.601804 0.630293 0.663291 0.673141 0.670757 0.669999 0.670856 0.673340 0.677481 0.683329 0.690958 0.700466 0.711979 0.725653 0.741685 0.760315 0.781836 0.806611 0.835085 0.867811 0.905476 0.899142 0.868097 0.841084 0.817611 0.797282 0.779771 0.764817 0.752203 0.741756 0.733338 0.726841 0.722182 0.719304 0.718172 0.718773 0.721113 0.725222 0.731149 0.738969 0.710890 0.681719 0.656366 0.634305 0.615112 0.598446 0.584029 0.571636 0.561080 0.548629 0.535949 0.525078 0.515857 0.508158 0.501876 0.496931 0.493258 0.490814 0.489566 0.489502 0.490619 0.492932 0.496468 0.501272 0.507404 0.514944 0.523992 0.529895 0.536348 0.544287 0.553819 0.565076 0.578223 0.593460 0.611033 0.631246 0.654472 0.681177 0.711942 0.747503 0.788804 0.837070 0.893921 0.961543 1.000000 0.963345 0.931447 0.903701 0.879618 0.858800 0.840924 0.825726 0.812991 0.802547 0.794257 0.788015 0.783745 0.781392 0.735698 0.694983 0.660045 0.629896 0.603772 0.581073 0.561322 0.544137 0.529211 0.516292 0.505176 0.495699 0.487723 0.481141 0.475866 0.471829 0.468980 0.467285 600.500000 1.374346 0.784983
0.959225 0.923783 0.892941 0.866111 0.842818 0.822675 0.805367 0.790638 0.778279 0.768122 0.760035 0.753913 0.749681 0.747287 0.746700 0.747915 0.750947 0.755831 0.762628 0.771424 0.772604 0.734761 0.702064 0.673708 0.649056 0.627603 0.608943 0.592747 0.578749 0.566730 0.556514 0.547956 0.540941 0.535376 0.531192 0.528336 0.526772 0.526482 0.527462 0.529725 0.533298 0.538224 0.544566 0.552407 0.561849 0.573025 0.586095 0.601257 0.618755 0.638887 0.662021 0.688616 0.719241 0.754620 0.795676 0.843605 0.863218 0.845754 0.830944 0.818582 0.808502 0.800573 0.794693 0.790790 0.788816 0.788748 0.790584 0.794347 0.800082 0.807861 0.817783 0.829975 0.844602 0.861868 0.882023 0.905377 0.908222 0.857868 0.814663 0.777385 0.745085 0.717021 0.692602 0.671356 0.652901 0.636926 0.623180 0.611456 0.601588 0.593441 0.586906 0.581900 0.578360 0.576243 0.575523 0.576191 0.578255 0.581741 0.586691 0.593167 0.601252 0.609961 0.600982 0.593673 0.587939 0.583708 0.580926 0.579560 0.579594 0.581028 0.583879 0.588182 0.593990 0.601378 0.610440 0.621300 0.634108 0.649053 0.666362 0.686319 0.709270 0.735642 0.765967 0.800913 0.841324 0.888283 0.943200 1.000000 3094.000000 1.511980 0.799730
0.578255 0.581741 0.586691 0.593167 0.601252 0.609961 0.600982 0.593673 0.587939 0.583708 0.580926 0.579560 0.579594 0.581028 0.583879 0.588182 0.593990 0.601378 0.610440 0.621300 0.634108 0.649053 0.666362 0.686319 0.709270 0.735642 0.765967 0.800913 0.841324 0.888283 0.943200 1.000000 0.959225 0.923783 0.892941 0.866111 0.842818 0.822675 0.805367 0.790638 0.778279 0.768122 0.760035 0.753913 0.749681 0.747287 0.746700 0.747915 0.750947 0.755831 0.762628 0.771424 0.772604 0.734761 0.702064 0.673708 0.649056 0.627603 0.608943 0.592747 0.578749 0.566730 0.556514 0.547956 0.540941 0.535376 0.531192 0.528336 0.526772 0.526482 0.527462 0.529725 0.533298 0.538224 0.544566 0.552407 0.561849 0.573025 0.586095 0.601257 0.618755 0.638887 0.662021 0.688616 0.719241 0.754620 0.795676 0.843605 0.863218 0.845754 0.830944 0.818582 0.808502 0.800573 0.794693 0.790790 0.788816 0.788748 0.790584 0.794347 0.800082 0.807861 0.817783 0.829975 0.844602 0.861868 0.882023 0.905377 0.908222 0.857868 0.814663 0.777385 0.745085 0.717021 0.692602 0.671356 0.652901 0.636926 0.623180 0.611456 0.601588 0.593441 0.586906 0.581900 0.578360 0.576243 0.575523 0.576191 3094.000000 1.511980 0.799730
0.788816 0.788748 0.790584 0.794347 0.800082 0.807861 0.817783 0.829975 0.844602 0.861868 0.882023 0.905377 0.908222 0.857868 0.814663 0.777385 0.745085 0.717021 0.692602 0.671356 0.652901 0.636926 0.623180 0.611456 0.601588 0.593441 0.586906 0.581900 0.578360 0.576243 0.575523 0.576191 0.578255 0.581741 0.586691 0.593167 0.601252 0.609961 0.600982 0.593673 0.587939 0.583708 0.580926 0.579560 0.579594 0.581028 0.583879 0.588182 0.593990 0.601378 0.610440 0.621300 0.634108 0.649053 0.666362 0.686319 0.709270 0.735642 0.765967 0.800913 0.841324 0.888283 0.943200 1.000000 0.959225 0.923783 0.892941 0.866111 0.842818 0.822675 0.805367 0.790638 0.778279 0.768122 0.760035 0.753913 0.749681 0.747287 0.746700 0.747915 0.750947 0.755831 0.762628 0.771424 0.772604 0.734761 0.702064 0.673708 0.649056 0.627603 0.608943 0.592747 0.578749 0.566730 0.556514 0.547956 0.540941 0.535376 0.531192 0.528336 0.526772 0.526482 0.527462 0.529725 0.533298 0.538224 0.544566 0.552407 0.561849 0.573025 0.586095 0.601257 0.618755 0.638887 0.662021 0.688616 0.719241 0.754620 0.795676 0.843605 0.863218 0.845754 0.830944 0.818582 0.808502 0.800573 0.794693 0.790790 3094.000000 1.511980 0.799730
0.540941 0.535376 0.531192 0.528336 0.526772 0.526482 0.527462 0.529725 0.533298 0.538224 0.544566 0.552407 0.561849 0.573025 0.586095 0.601257 0.618755 0.638887 0.662021 0.688616 0.719241 0.754620 0.795676 0.843605 0.863218 0.845754 0.830944 0.818582 0.808502 0.800573 0.794693 0.790790 0.788816 0.788748 0.790584 0.794347 0.800082 0.807861 0.817783 0.829975 0.844602 0.861868 0.882023 0.905377 0.908222 0.857868 0.814663 0.777385 0.745085 0.717021 0.692602 0.671356 0.652901 0.636926 0.623180 0.611456 0.601588 0.593441 0.586906 0.581900 0.578360 0.576243 0.575523 0.576191 0.578255 0.581741 0.586691 0.593167 0.601252 0.609961 0.600982 0.593673 0.587939 0.583708 0.580926 0.579560 0.579594 0.581028 0.583879 0.588182 0.593990 0.601378 0.610440 0.621300 0.634108 0.649053 0.666362 0.686319 0.709270 0.735642 0.765967 0.800913 0.841324 0.888283 0.943200 1.000000 0.959225 0.923783 0.892941 0.866111 0.842818 0.822675 0.805367 0.790638 0.778279 0.768122 0.760035 0.753913 0.749681 0.747287 0.746700 0.747915 0.750947 0.755831 0.762628 0.771424 0.772604 0.734761 0.702064 0.673708 0.649056 0.627603 0.608943 0.592747 0.578749 0.566730 0.556514 0.547956 3094.000000 1.511980 0.799730
0.754653 0.760658 0.768627 0.778660 0.790890 0.802665 0.797902 0.795100 0.794224 0.795263 0.798231 0.803163 0.810121 0.819190 0.830489 0.844165 0.860407 0.879447 0.901569 0.927124 0.956542 0.990352 0.985015 0.966124 0.950190 0.936994 0.926360 0.918152 0.912267 0.908632 0.907202 0.907961 0.910918 0.916108 0.923595 0.933473 0.945868 0.960942 0.978902 1.000000 0.991883 0.937417 0.890655 0.850288 0.815300 0.784894 0.758436 0.735417 0.715428 0.698133 0.683262 0.673401 0.665866 0.660072 0.655943 0.653431 0.652503 0.653149 0.655377 0.659214 0.664707 0.671925 0.680959 0.691929 0.704985 0.720312 0.738137 0.758742 0.782469 0.809741 0.841083 0.877147 0.918754 0.966951 0.985664 0.974781 0.966439 0.960532 0.956988 0.955765 0.956847 0.960247 0.966007 0.974198 0.984922 0.998316 0.995896 0.960359 0.929433 0.902543 0.879224 0.859097 0.841853 0.827242 0.815059 0.805142 0.797360 0.791617 0.787840 0.785983 0.786025 0.787964 0.791826 0.797657 0.805529 0.815542 0.827827 0.842549 0.859913 0.880172 0.903639 0.930694 0.939171 0.906460 0.877994 0.853255 0.831821 0.813349 0.797559 0.784224 0.773159 0.764218 0.757284 0.752272 0.749118 0.747784 0.748255 0.750535 1419.000000 1.177331 0.855841
0.797360 0.791617 0.787840 0.785983 0.786025 0.787964 0.791826 0.797657 0.805529 0.815542 0.827827 0.842549 0.859913 0.880172 0.903639 0.930694 0.939171 0.906460 0.877994 0.853255 0.831821 0.813349 0.797559 0.784224 0.773159 0.764218 0.757284 0.752272 0.749118 0.747784 0.748255 0.750535 0.754653 0.760658 0.768627 0.778660 0.790890 0.802665 0.797902 0.795100 0.794224 0.795263 0.798231 0.803163 0.810121 0.819190 0.830489 0.844165 0.860407 0.879447 0.901569 0.927124 0.956542 0.990352 0.985015 0.966124 0.950190 0.936994 0.926360 0.918152 0.912267 0.908632 0.907202 0.907961 0.910918 0.916108 0.923595 0.933473 0.945868 0.960942 0.978902 1.000000 0.991883 0.937417 0.890655 0.850288 0.815300 0.784894 0.758436 0.735417 0.715428 0.698133 0.683262 0.673401 0.665866 0.660072 0.655943 0.653431 0.652503 0.653149 0.655377 0.659214 0.664707 0.671925 0.680959 0.691929 0.704985 0.720312 0.738137 0.758742 0.782469 0.809741 0.841083 0.877147 0.918754 0.966951 0.985664 0.974781 0.966439 0.960532 0.956988 0.955765 0.956847 0.960247 0.966007 0.974198 0.984922 0.998316 0.995896 0.960359 0.929433 0.902543 0.879224 0.859097 0.841853 0.827242 0.815059 0.805142 1419.000000 1.177331 0.855841
0.704985 0.720312 0.738137 0.758742 0.782469 0.809741 0.841083 0.877147 0.918754 0.966951 0.985664 0.974781 0.966439 0.960532 0.956988 0.955765 0.956847 0.960247 0.966007 0.974198 0.984922 0.998316 0.995896 0.960359 0.929433 0.902543 0.879224 0.859097 0.841853 0.827242 0.815059 0.805142 0.797360 0.791617 0.787840 0.785983 0.786025 0.787964 0.791826 0.797657 0.805529 0.815542 0.827827 0.842549 0.859913 0.880172 0.903639 0.930694 0.939171 0.906460 0.877994 0.853255 0.831821 0.813349 0.797559 0.784224 0.773159 0.764218 0.757284 0.752272 0.749118 0.747784 0.748255 0.750535 0.754653 0.760658 0.768627 0.778660 0.790890 0.802665 0.797902 0.795100 0.794224 0.795263 0.798231 0.803163 0.810121 0.819190 0.830489 0.844165 0.860407 0.879447 0.901569 0.927124 0.956542 0.990352 0.985015 0.966124 0.950190 0.936994 0.926360 0.918152 0.912267 0.908632 0.907202 0.907961 0.910918 0.916108 0.923595 0.933473 0.945868 0.960942 0.978902 1.000000 0.991883 0.937417 0.890655 0.850288 0.815300 0.784894 0.758436 0.735417 0.715428 0.698133 0.683262 0.673401 0.665866 0.660072 0.655943 0.653431 0.652503 0.653149 0.655377 0.659214 0.664707 0.671925 0.680959 0.691929 1419.000000 1.177331 0.855841
0.910918 0.916108 0.923595 0.933473 0.945868 0.960942 0.978902 1.000000 0.991883 0.937417 0.890655 0.850288 0.815300 0.784894 0.758436 0.735417 0.715428 0.698133 0.683262 0.673401 0.665866 0.660072 0.655943 0.653431 0.652503 0.653149 0.655377 0.659214 0.664707 0.671925 0.680959 0.691929 0.704985 0.720312 0.738137 0.758742 0.782469 0.809741 0.841083 0.877147 0.918754 0.966951 0.985664 0.974781 0.966439 0.960532 0.956988 0.955765 0.956847 0.960247 0.966007 0.974198 0.984922 0.998316 0.995896 0.960359 0.929433 0.902543 0.879224 0.859097 0.841853 0.827242 0.815059 0.805142 0.797360 0.791617 0.787840 0.785983 0.786025 0.787964 0.791826 0.797657 0.805529 0.815542 0.827827 0.842549 0.859913 0.880172 0.903639 0.930694 0.939171 0.906460 0.877994 0.853255 0.831821 0.813349 0.797559 0.784224 0.773159 0.764218 0.757284 0.752272 0.749118 0.747784 0.748255 0.750535 0.754653 0.760658 0.768627 0.778660 0.790890 0.802665 0.797902 0.795100 0.794224 0.795263 0.798231 0.803163 0.810121 0.819190 0.830489 0.844165 0.860407 0.879447 0.901569 0.927124 0.956542 0.990352 0.985015 0.966124 0.950190 0.936994 0.926360 0.918152 0.912267 0.908632 0.907202 0.907961 1419.000000 1.177331 0.855841
0.831136 0.789909 0.754309 0.723448 0.696625 0.673284 0.652978 0.635348 0.620098 0.606992 0.595834 0.586466 0.578761 0.572617 0.567957 0.564720 0.562869 0.562381 0.563249 0.565484 0.569113 0.574182 0.580753 0.588912 0.598766 0.610451 0.624135 0.640023 0.658370 0.679484 0.703749 0.731639 0.748875 0.722684 0.699892 0.680081 0.662915 0.648117 0.635462 0.624768 0.615888 0.608702 0.603119 0.599066 0.596496 0.595375 0.595691 0.597448 0.600666 0.605386 0.611665 0.619584 0.629247 0.640784 0.654358 0.670169 0.688463 0.709541 0.733773 0.761619 0.793649 0.830581 0.873324 0.923048 0.981285 0.949948 0.891173 0.841155 0.798274 0.761299 0.729276 0.701460 0.677260 0.656202 0.637904 0.622057 0.608408 0.596753 0.586923 0.578783 0.572226 0.567166 0.563541 0.561306 0.560433 0.560912 0.562749 0.565965 0.570602 0.576715 0.584385 0.593710 0.604819 0.617868 0.633051 0.650606 0.670825 0.664594 0.650107 0.637741 0.627321 0.618702 0.611770 0.606437 0.602635 0.600317 0.599457 0.600042 0.602080 0.605596 0.610632 0.617253 0.625543 0.635610 0.647592 0.661660 0.678021 0.696934 0.718714 0.743748 0.772517 0.805621 0.843812 0.888051 0.939573 1.000000 0.935417 0.879138 2025.000000 1.391753 0.738744
0.670825 0.664594 0.650107 0.637741 0.627321 0.618702 0.611770 0.606437 0.602635 0.600317 0.599457 0.600042 0.602080 0.605596 0.610632 0.617253 0.625543 0.635610 0.647592 0.661660 0.678021 0.696934 0.718714 0.743748 0.772517 0.805621 0.843812 0.888051 0.939573 1.000000 0.935417 0.879138 0.831136 0.789909 0.754309 0.723448 0.696625 0.673284 0.652978 0.635348 0.620098 0.606992 0.595834 0.586466 0.578761 0.572617 0.567957 0.564720 0.562869 0.562381 0.563249 0.565484 0.569113 0.574182 0.580753 0.588912 0.598766 0.610451 0.624135 0.640023 0.658370 0.679484 0.703749 0.731639 0.748875 0.722684 0.699892 0.680081 0.662915 0.648117 0.635462 0.624768 0.615888 0.608702 0.603119 0.599066 0.596496 0.595375 0.595691 0.597448 0.600666 0.605386 0.611665 0.619584 0.629247 0.640784 0.654358 0.670169 0.688463 0.709541 0.733773 0.761619 0.793649 0.830581 0.873324 0.923048 0.981285 0.949948 0.891173 0.841155 0.798274 0.761299 0.729276 0.701460 0.677260 0.656202 0.637904 0.622057 0.608408 0.596753 0.586923 0.578783 0.572226 0.567166 0.563541 0.561306 0.560433 0.560912 0.562749 0.565965 0.570602 0.576715 0.584385 0.593710 0.604819 0.617868 0.633051 0.650606 2025.000000 1.391753 0.738744
0.981285 0.949948 0.891173 0.841155 0.798274 0.761299 0.729276 0.701460 0.677260 0.656202 0.637904 0.622057 0.608408 0.596753 0.586923 0.578783 0.572226 0.567166 0.563541 0.561306 0.560433 0.560912 0.562749 0.565965 0.570602 0.576715 0.584385 0.593710 0.604819 0.617868 0.633051 0.650606 0.670825 0.664594 0.650107 0.637741 0.627321 0.618702 0.611770 0.606437 0.602635 0.600317 0.599457 0.600042 0.602080 0.605596 0.610632 0.617253 0.625543 0.635610 0.647592 0.661660 0.678021 0.696934 0.718714 0.743748 0.772517 0.805621 0.843812 0.888051 0.939573 1.000000 0.935417 0.879138 0.831136 0.789909 0.754309 0.723448 0.696625 0.673284 0.652978 0.635348 0.620098 0.606992 0.595834 0.586466 0.578761 0.572617 0.567957 0.564720 0.562869 0.562381 0.563249 0.565484 0.569113 0.574182 0.580753 0.588912 0.598766 0.610451 0.624135 0.640023 0.658370 0.679484 0.703749 0.731639 0.748875 0.722684 0.699892 0.680081 0.662915 0.648117 0.635462 0.624768 0.615888 0.608702 0.603119 0.599066 0.596496 0.595375 0.595691 0.597448 0.600666 0.605386 0.611665 0.619584 0.629247 0.640784 0.654358 0.670169 0.688463 0.709541 0.733773 0.761619 0.793649 0.830581 0.873324 0.923048 2025.000000 1.391753 0.738744
0.748875 0.722684 0.699892 0.680081 0.662915 0.648117 0.635462 0.624768 0.615888 0.608702 0.603119 0.599066 0.596496 0.595375 0.595691 0.597448 0.600666 0.605386 0.611665 0.619584 0.629247 0.640784 0.654358 0.670169 0.688463 0.709541 0.733773 0.761619 0.793649 0.830581 0.873324 0.923048 0.981285 0.949948 0.891173 0.841155 0.798274 0.761299 0.729276 0.701460 0.677260 0.656202 0.637904 0.622057 0.608408 0.596753 0.586923 0.578783 0.572226 0.567166 0.563541 0.561306 0.560433 0.560912 0.562749 0.565965 0.570602 0.576715 0.584385 0.593710 0.604819 0.617868 0.633051 0.650606 0.670825 0.664594 0.650107 0.637741 0.627321 0.618702 0.611770 0.606437 0.602635 0.600317 0.599457 0.600042 0.602080 0.605596 0.610632 0.617253 0.625543 0.635610 0.647592 0.661660 0.678021 0.696934 0.718714 0.743748 0.772517 0.805621 0.843812 0.888051 0.939573 1.000000 0.935417 0.879138 0.831136 0.789909 0.754309 0.723448 0.696625 0.673284 0.652978 0.635348 0.620098 0.606992 0.595834 0.586466 0.578761 0.572617 0.567957 0.564720 0.562869 0.562381 0.563249 0.565484 0.569113 0.574182 0.580753 0.588912 0.598766 0.610451 0.624135 0.640023 0.658370 0.679484 0.703749 0.731639 2025.000000 1.391753 0.738744
0.869100 0.837477 0.809956 0.786020 0.765249 0.747301 0.731898 0.718815 0.707866 0.698904 0.691813 0.686500 0.682902 0.680973 0.680690 0.682050 0.685069 0.689783 0.696253 0.704558 0.714806 0.727135 0.741714 0.758755 0.778518 0.801320 0.827551 0.857694 0.885757 0.855428 0.829038 0.806112 0.786263 0.769177 0.754596 0.742313 0.732159 0.724000 0.717730 0.713272 0.710570 0.709592 0.710325 0.712779 0.716982 0.722988 0.730871 0.740732 0.752701 0.766940 0.783654 0.803089 0.825553 0.851420 0.881151 0.915319 0.954636 1.000000 0.970441 0.922049 0.880273 0.844064 0.812597 0.785215 0.761393 0.740705 0.722807 0.707418 0.694308 0.683292 0.674218 0.666968 0.661449 0.657592 0.655349 0.654693 0.655616 0.658129 0.662264 0.668070 0.675621 0.678927 0.674793 0.672318 0.671474 0.672249 0.674653 0.678716 0.684487 0.692038 0.701466 0.712896 0.726483 0.742423 0.760951 0.782361 0.807011 0.835343 0.867903 0.905374 0.948615 0.976692 0.936598 0.901752 0.871431 0.845051 0.822145 0.802329 0.785293 0.770784 0.758596 0.748563 0.740552 0.734462 0.730215 0.727761 0.727069 0.728130 0.730959 0.735588 0.742075 0.750502 0.760977 0.773639 0.788661 0.806259 0.826697 0.850300 2768.500000 1.085157 0.815930
0.807011 0.835343 0.867903 0.905374 0.948615 0.976692 0.936598 0.901752 0.871431 0.845051 0.822145 0.802329 0.785293 0.770784 0.758596 0.748563 0.740552 0.734462 0.730215 0.727761 0.727069 0.728130 0.730959 0.735588 0.742075 0.750502 0.760977 0.773639 0.788661 0.806259 0.826697 0.850300 0.869100 0.837477 0.809956 0.786020 0.765249 0.747301 0.731898 0.718815 0.707866 0.698904 0.691813 0.686500 0.682902 0.680973 0.680690 0.682050 0.685069 0.689783 0.696253 0.704558 0.714806 0.727135 0.741714 0.758755 0.778518 0.801320 0.827551 0.857694 0.885757 0.855428 0.829038 0.806112 0.786263 0.769177 0.754596 0.742313 0.732159 0.724000 0.717730 0.713272 0.710570 0.709592 0.710325 0.712779 0.716982 0.722988 0.730871 0.740732 0.752701 0.766940 0.783654 0.803089 0.825553 0.851420 0.881151 0.915319 0.954636 1.000000 0.970441 0.922049 0.880273 0.844064 0.812597 0.785215 0.761393 0.740705 0.722807 0.707418 0.694308 0.683292 0.674218 0.666968 0.661449 0.657592 0.655349 0.654693 0.655616 0.658129 0.662264 0.668070 0.675621 0.678927 0.674793 0.672318 0.671474 0.672249 0.674653 0.678716 0.684487 0.692038 0.701466 0.712896 0.726483 0.742423 0.760951 0.782361 2768.500000 1.085157 0.815930
0.761393 0.740705 0.722807 0.707418 0.694308 0.683292 0.674218 0.666968 0.661449 0.657592 0.655349 0.654693 0.655616 0.658129 0.662264 0.668070 0.675621 0.678927 0.674793 0.672318 0.671474 0.672249 0.674653 0.678716 0.684487 0.692038 0.701466 0.712896 0.726483 0.742423 0.760951 0.782361 0.807011 0.835343 0.867903 0.905374 0.948615 0.976692 0.936598 0.901752 0.871431 0.845051 0.822145 0.802329 0.785293 0.770784 0.758596 0.748563 0.740552 0.734462 0.730215 0.727761 0.727069 0.728130 0.730959 0.735588 0.742075 0.750502 0.760977 0.773639 0.788661 0.806259 0.826697 0.850300 0.869100 0.837477 0.809956 0.786020 0.765249 0.747301 0.731898 0.718815 0.707866 0.698904 0.691813 0.686500 0.682902 0.680973 0.680690 0.682050 0.685069 0.689783 0.696253 0.704558 0.714806 0.727135 0.741714 0.758755 0.778518 0.801320 0.827551 0.857694 0.885757 0.855428 0.829038 0.806112 0.786263 0.769177 0.754596 0.742313 0.732159 0.724000 0.717730 0.713272 0.710570 0.709592 0.710325 0.712779 0.716982 0.722988 0.730871 0.740732 0.752701 0.766940 0.783654 0.803089 0.825553 0.851420 0.881151 0.915319 0.954636 1.000000 0.970441 0.922049 0.880273 0.844064 0.812597 0.785215 2768.500000 1.085157 0.815930
0.786263 0.769177 0.754596 0.742313 0.732159 0.724000 0.717730 0.713272 0.710570 0.709592 0.710325 0.712779 0.716982 0.722988 0.730871 0.740732 0.752701 0.766940 0.783654 0.803089 0.825553 0.851420 0.881151 0.915319 0.954636 1.000000 0.970441 0.922049 0.880273 0.844064 0.812597 0.785215 0.761393 0.740705 0.722807 0.707418 0.694308 0.683292 0.674218 0.666968 0.661449 0.657592 0.655349 0.654693 0.655616 0.658129 0.662264 0.668070 0.675621 0.678927 0.674793 0.672318 0.671474 0.672249 0.674653 0.678716 0.684487 0.692038 0.701466 0.712896 0.726483 0.742423 0.760951 0.782361 0.807011 0.835343 0.867903 0.905374 0.948615 0.976692 0.936598 0.901752 0.871431 0.845051 0.822145 0.802329 0.785293 0.770784 0.758596 0.748563 0.740552 0.734462 0.730215 0.727761 0.727069 0.728130 0.730959 0.735588 0.742075 0.750502 0.760977 0.773639 0.788661 0.806259 0.826697 0.850300 0.869100 0.837477 0.809956 0.786020 0.765249 0.747301 0.731898 0.718815 0.707866 0.698904 0.691813 0.686500 0.682902 0.680973 0.680690 0.682050 0.685069 0.689783 0.696253 0.704558 0.714806 0.727135 0.741714 0.758755 0.778518 0.801320 0.827551 0.857694 0.885757 0.855428 0.829038 0.806112 2768.500000 1.085157 0.815930
0.702804 0.701053 0.700994 0.702628 0.705975 0.711075 0.717991 0.726811 0.737650 0.750653 0.766001 0.783917 0.804677 0.828617 0.850435 0.830796 0.813961 0.799683 0.787762 0.778038 0.770385 0.764705 0.760928 0.759007 0.758920 0.760666 0.764264 0.769760 0.777222 0.786744 0.798449 0.812495 0.829077 0.848436 0.870869 0.896740 0.926495 0.960687 1.000000 0.987895 0.953272 0.923142 0.896953 0.874257 0.854689 0.837953 0.823806 0.812053 0.802536 0.795134 0.789752 0.786323 0.784807 0.785185 0.787461 0.791663 0.797843 0.806077 0.816470 0.829158 0.824027 0.789267 0.759075 0.732808 0.709952 0.690090 0.672886 0.658067 0.645407 0.634725 0.625874 0.618737 0.613221 0.609258 0.606798 0.605811 0.606286 0.608228 0.611661 0.616627 0.623187 0.638583 0.658430 0.681245 0.707462 0.737627 0.772422 0.812717 0.859633 0.914636 0.979680 0.992154 0.974098 0.958956 0.946523 0.936636 0.929169 0.924028 0.921151 0.920502 0.922074 0.925886 0.931984 0.940443 0.951370 0.944948 0.904203 0.868833 0.838069 0.811297 0.788022 0.767843 0.750435 0.735532 0.722916 0.712413 0.703882 0.697213 0.692322 0.689147 0.687650 0.687814 0.689639 0.693148 0.698384 0.705412 0.711494 0.706271 14669.500000 1.205266 0.838109
0.929169 0.924028 0.921151 0.920502 0.922074 0.925886 0.931984 0.940443 0.951370 0.944948 0.904203 0.868833 0.838069 0.811297 0.788022 0.767843 0.750435 0.735532 0.722916 0.712413 0.703882 0.697213 0.692322 0.689147 0.687650 0.687814 0.689639 0.693148 0.698384 0.705412 0.711494 0.706271 0.702804 0.701053 0.700994 0.702628 0.705975 0.711075 0.717991 0.726811 0.737650 0.750653 0.766001 0.783917 0.804677 0.828617 0.850435 0.830796 0.813961 0.799683 0.787762 0.778038 0.770385 0.764705 0.760928 0.759007 0.758920 0.760666 0.764264 0.769760 0.777222 0.786744 0.798449 0.812495 0.829077 0.848436 0.870869 0.896740 0.926495 0.960687 1.000000 0.987895 0.953272 0.923142 0.896953 0.874257 0.854689 0.837953 0.823806 0.812053 0.802536 0.795134 0.789752 0.786323 0.784807 0.785185 0.787461 0.791663 0.797843 0.806077 0.816470 0.829158 0.824027 0.789267 0.759075 0.732808 0.709952 0.690090 0.672886 0.658067 0.645407 0.634725 0.625874 0.618737 0.613221 0.609258 0.606798 0.605811 0.606286 0.608228 0.611661 0.616627 0.623187 0.638583 0.658430 0.681245 0.707462 0.737627 0.772422 0.812717 0.859633 0.914636 0.979680 0.992154 0.974098 0.958956 0.946523 0.936636 14669.500000 1.205266 0.838109
0.709952 0.690090 0.672886 0.658067 0.645407 0.634725 0.625874 0.618737 0.613221 0.609258 0.606798 0.605811 0.606286 0.608228 0.611661 0.616627 0.623187 0.638583 0.658430 0.681245 0.707462 0.737627 0.772422 0.812717 0.859633 0.914636 0.979680 0.992154 0.974098 0.958956 0.946523 0.936636 0.929169 0.924028 0.921151 0.920502 0.922074 0.925886 0.931984 0.940443 0.951370 0.944948 0.904203 0.868833 0.838069 0.811297 0.788022 0.767843 0.750435 0.735532 0.722916 0.712413 0.703882 0.697213 0.692322 0.689147 0.687650 0.687814 0.689639 0.693148 0.698384 0.705412 0.711494 0.706271 0.702804 0.701053 0.700994 0.702628 0.705975 0.711075 0.717991 0.726811 0.737650 0.750653 0.766001 0.783917 0.804677 0.828617 0.850435 0.830796 0.813961 0.799683 0.787762 0.778038 0.770385 0.764705 0.760928 0.759007 0.758920 0.760666 0.764264 0.769760 0.777222 0.786744 0.798449 0.812495 0.829077 0.848436 0.870869 0.896740 0.926495 0.960687 1.000000 0.987895 0.953272 0.923142 0.896953 0.874257 0.854689 0.837953 0.823806 0.812053 0.802536 0.795134 0.789752 0.786323 0.784807 0.785185 0.787461 0.791663 0.797843 0.806077 0.816470 0.829158 0.824027 0.789267 0.759075 0.732808 14669.500000 1.205266 0.838109
0.829077 0.848436 0.870869 0.896740 0.926495 0.960687 1.000000 0.987895 0.953272 0.923142 0.896953 0.874257 0.854689 0.837953 0.823806 0.812053 0.802536 0.795134 0.789752 0.786323 0.784807 0.785185 0.787461 0.791663 0.797843 0.806077 0.816470 0.829158 0.824027 0.789267 0.759075 0.732808 0.709952 0.690090 0.672886 0.658067 0.645407 0.634725 0.625874 0.618737 0.613221 0.609258 0.606798 0.605811 0.606286 0.608228 0.611661 0.616627 0.623187 0.638583 0.658430 0.681245 0.707462 0.737627 0.772422 0.812717 0.859633 0.914636 0.979680 0.992154 0.974098 0.958956 0.946523 0.936636 0.929169 0.924028 0.921151 0.920502 0.922074 0.925886 0.931984 0.940443 0.951370 0.944948 0.904203 0.868833 0.838069 0.811297 0.788022 0.767843 0.750435 0.735532 0.722916 0.712413 0.703882 0.697213 0.692322 0.689147 0.687650 0.687814 0.689639 0.693148 0.698384 0.705412 0.711494 0.706271 0.702804 0.701053 0.700994 0.702628 0.705975 0.711075 0.717991 0.726811 0.737650 0.750653 0.766001 0.783917 0.804677 0.828617 0.850435 0.830796 0.813961 0.799683 0.787762 0.778038 0.770385 0.764705 0.760928 0.759007 0.758920 0.760666 0.764264 0.769760 0.777222 0.786744 0.798449 0.812495 14669.500000 1.205266 0.838109
1.000000 0.973893 0.917589 0.869420 0.827951 0.792079 0.760943 0.733864 0.710298 0.689808 0.672042 0.656709 0.643577 0.632453 0.623183 0.615643 0.609734 0.605382 0.602533 0.601153 0.601223 0.602746 0.605740 0.610241 0.616305 0.624009 0.624236 0.611243 0.600196 0.590939 0.583348 0.577323 0.572786 0.569682 0.567973 0.567637 0.568670 0.571086 0.574913 0.580199 0.587010 0.595435 0.605585 0.617601 0.631656 0.628007 0.624465 0.622453 0.621947 0.622942 0.625449 0.629499 0.635143 0.642449 0.651514 0.662457 0.675429 0.690616 0.708247 0.728603 0.752029 0.778951 0.809895 0.845521 0.886659 0.934372 0.902977 0.868428 0.838370 0.812215 0.789487 0.769800 0.752841 0.738353 0.726129 0.716000 0.707831 0.701517 0.696980 0.694162 0.693029 0.693569 0.695787 0.699710 0.693558 0.664636 0.639508 0.617645 0.598622 0.582097 0.567790 0.555475 0.544969 0.536120 0.528808 0.522935 0.518426 0.515225 0.513293 0.512605 0.513153 0.514945 0.518001 0.522360 0.528076 0.535222 0.543892 0.554205 0.566307 0.580379 0.596642 0.607916 0.611228 0.616069 0.622499 0.630599 0.640477 0.652265 0.666131 0.682277 0.700957 0.722478 0.747220 0.775650 0.808355 0.846067 0.889717 0.940506 16509.000000 1.425771 0.799264
0.518426 0.515225 0.513293 0.512605 0.513153 0.514945 0.518001 0.522360 0.528076 0.535222 0.543892 0.554205 0.566307 0.580379 0.596642 0.607916 0.611228 0.616069 0.622499 0.630599 0.640477 0.652265 0.666131 0.682277 0.700957 0.722478 0.747220 0.775650 0.808355 0.846067 0.889717 0.940506 1.000000 0.973893 0.917589 0.869420 0.827951 0.792079 0.760943 0.733864 0.710298 0.689808 0.672042 0.656709 0.643577 0.632453 0.623183 0.615643 0.609734 0.605382 0.602533 0.601153 0.601223 0.602746 0.605740 0.610241 0.616305 0.624009 0.624236 0.611243 0.600196 0.590939 0.583348 0.577323 0.572786 0.569682 0.567973 0.567637 0.568670 0.571086 0.574913 0.580199 0.587010 0.595435 0.605585 0.617601 0.631656 0.628007 0.624465 0.622453 0.621947 0.622942 0.625449 0.629499 0.635143 0.642449 0.651514 0.662457 0.675429 0.690616 0.708247 0.728603 0.752029 0.778951 0.809895 0.845521 0.886659 0.934372 0.902977 0.868428 0.838370 0.812215 0.789487 0.769800 0.752841 0.738353 0.726129 0.716000 0.707831 0.701517 0.696980 0.694162 0.693029 0.693569 0.695787 0.699710 0.693558 0.664636 0.639508 0.617645 0.598622 0.582097 0.567790 0.555475 0.544969 0.536120 0.528808 0.522935 16509.000000 1.425771 0.799264
0.886659 0.934372 0.902977 0.868428 0.838370 0.812215 0.789487 0.769800 0.752841 0.738353 0.726129 0.716000 0.707831 0.701517 0.696980 0.694162 0.693029 0.693569 0.695787 0.699710 0.693558 0.664636 0.639508 0.617645 0.598622 0.582097 0.567790 0.555475 0.544969 0.536120 0.528808 0.522935 0.518426 0.515225 0.513293 0.512605 0.513153 0.514945 0.518001 0.522360 0.528076 0.535222 0.543892 0.554205 0.566307 0.580379 0.596642 0.607916 0.611228 0.616069 0.622499 0.630599 0.640477 0.652265 0.666131 0.682277 0.700957 0.722478 0.747220 0.775650 0.808355 0.846067 0.889717 0.940506 1.000000 0.973893 0.917589 0.869420 0.827951 0.792079 0.760943 0.733864 0.710298 0.689808 0.672042 0.656709 0.643577 0.632453 0.623183 0.615643 0.609734 0.605382 0.602533 0.601153 0.601223 0.602746 0.605740 0.610241 0.616305 0.624009 0.624236 0.611243 0.600196 0.590939 0.583348 0.577323 0.572786 0.569682 0.567973 0.567637 0.568670 0.571086 0.574913 0.580199 0.587010 0.595435 0.605585 0.617601 0.631656 0.628007 0.624465 0.622453 0.621947 0.622942 0.625449 0.629499 0.635143 0.642449 0.651514 0.662457 0.675429 0.690616 0.708247 0.728603 0.752029 0.778951 0.809895 0.845521 16509.000000 1.425771 0.799264
0.572786 0.569682 0.567973 0.567637 0.568670 0.571086 0.574913 0.580199 0.587010 0.595435 0.605585 0.617601 0.631656 0.628007 0.624465 0.622453 0.621947 0.622942 0.625449 0.629499 0.635143 0.642449 0.651514 0.662457 0.675429 0.690616 0.708247 0.728603 0.752029 0.778951 0.809895 0.845521 0.886659 0.934372 0.902977 0.868428 0.838370 0.812215 0.789487 0.769800 0.752841 0.738353 0.726129 0.716000 0.707831 0.701517 0.696980 0.694162 0.693029 0.693569 0.695787 0.699710 0.693558 0.664636 0.639508 0.617645 0.598622 0.582097 0.567790 0.555475 0.544969 0.536120 0.528808 0.522935 0.518426 0.515225 0.513293 0.512605 0.513153 0.514945 0.518001 0.522360 0.528076 0.535222 0.543892 0.554205 0.566307 0.580379 0.596642 0.607916 0.611228 0.616069 0.622499 0.630599 0.640477 0.652265 0.666131 0.682277 0.700957 0.722478 0.747220 0.775650 0.808355 0.846067 0.889717 0.940506 1.000000 0.973893 0.917589 0.869420 0.827951 0.792079 0.760943 0.733864 0.710298 0.689808 0.672042 0.656709 0.643577 0.632453 0.623183 0.615643 0.609734 0.605382 0.602533 0.601153 0.601223 0.602746 0.605740 0.610241 0.616305 0.624009 0.624236 0.611243 0.600196 0.590939 0.583348 0.577323 16509.000000 1.425771 0.799264
0.896918 0.884827 0.875139 0.867728 0.862501 0.859396 0.858373 0.859420 0.862551 0.867802 0.875240 0.884956 0.897076 0.911759 0.929207 0.949669 0.971590 0.941913 0.916137 0.893830 0.874640 0.858281 0.844521 0.833170 0.824079 0.817131 0.812240 0.809346 0.808412 0.809429 0.812408 0.817385 0.824422 0.833606 0.845057 0.858924 0.875398 0.870979 0.854978 0.841545 0.830497 0.821689 0.815009 0.810374 0.807725 0.807032 0.808286 0.811501 0.816717 0.823999 0.833438 0.845155 0.859307 0.876086 0.895735 0.918549 0.911152 0.896963 0.885309 0.876038 0.869030 0.864200 0.861486 0.860857 0.862305 0.865847 0.871527 0.879414 0.889608 0.902240 0.917478 0.935532 0.956662 0.981186 1.000000 0.976877 0.957052 0.940236 0.926194 0.914736 0.905714 0.899012 0.894548 0.892267 0.892141 0.894170 0.898377 0.903027 0.874524 0.849750 0.828281 0.809773 0.793944 0.780568 0.769457 0.760465 0.753474 0.748398 0.745172 0.743759 0.744140 0.746320 0.750326 0.756207 0.764036 0.773912 0.785966 0.800359 0.817296 0.837024 0.859852 0.886154 0.916393 0.937570 0.925980 0.916855 0.910080 0.905569 0.903268 0.903149 0.905211 0.909478 0.916002 0.924865 0.936179 0.949408 0.928984 0.911570 3754.000000 1.155211 0.917296
0.753474 0.748398 0.745172 0.743759 0.744140 0.746320 0.750326 0.756207 0.764036 0.773912 0.785966 0.800359 0.817296 0.837024 0.859852 0.886154 0.916393 0.937570 0.925980 0.916855 0.910080 0.905569 0.903268 0.903149 0.905211 0.909478 0.916002 0.924865 0.936179 0.949408 0.928984 0.911570 0.896918 0.884827 0.875139 0.867728 0.862501 0.859396 0.858373 0.859420 0.862551 0.867802 0.875240 0.884956 0.897076 0.911759 0.929207 0.949669 0.971590 0.941913 0.916137 0.893830 0.874640 0.858281 0.844521 0.833170 0.824079 0.817131 0.812240 0.809346 0.808412 0.809429 0.812408 0.817385 0.824422 0.833606 0.845057 0.858924 0.875398 0.870979 0.854978 0.841545 0.830497 0.821689 0.815009 0.810374 0.807725 0.807032 0.808286 0.811501 0.816717 0.823999 0.833438 0.845155 0.859307 0.876086 0.895735 0.918549 0.911152 0.896963 0.885309 0.876038 0.869030 0.864200 0.861486 0.860857 0.862305 0.865847 0.871527 0.879414 0.889608 0.902240 0.917478 0.935532 0.956662 0.981186 1.000000 0.976877 0.957052 0.940236 0.926194 0.914736 0.905714 0.899012 0.894548 0.892267 0.892141 0.894170 0.898377 0.903027 0.874524 0.849750 0.828281 0.809773 0.793944 0.780568 0.769457 0.760465 3754.000000 1.155211 0.917296
0.862305 0.865847 0.871527 0.879414 0.889608 0.902240 0.917478 0.935532 0.956662 0.981186 1.000000 0.976877 0.957052 0.940236 0.926194 0.914736 0.905714 0.899012 0.894548 0.892267 0.892141 0.894170 0.898377 0.903027 0.874524 0.849750 0.828281 0.809773 0.793944 0.780568 0.769457 0.760465 0.753474 0.748398 0.745172 0.743759 0.744140 0.746320 0.750326 0.756207 0.764036 0.773912 0.785966 0.800359 0.817296 0.837024 0.859852 0.886154 0.916393 0.937570 0.925980 0.916855 0.910080 0.905569 0.903268 0.903149 0.905211 0.909478 0.916002 0.924865 0.936179 0.949408 0.928984 0.911570 0.896918 0.884827 0.875139 0.867728 0.862501 0.859396 0.858373 0.859420 0.862551 0.867802 0.875240 0.884956 0.897076 0.911759 0.929207 0.949669 0.971590 0.941913 0.916137 0.893830 0.874640 0.858281 0.844521 0.833170 0.824079 0.817131 0.812240 0.809346 0.808412 0.809429 0.812408 0.817385 0.824422 0.833606 0.845057 0.858924 0.875398 0.870979 0.854978 0.841545 0.830497 0.821689 0.815009 0.810374 0.807725 0.807032 0.808286 0.811501 0.816717 0.823999 0.833438 0.845155 0.859307 0.876086 0.895735 0.918549 0.911152 0.896963 0.885309 0.876038 0.869030 0.864200 0.861486 0.860857 3754.000000 1.155211 0.917296
0.824422 0.833606 0.845057 0.858924 0.875398 0.870979 0.854978 0.841545 0.830497 0.821689 0.815009 0.810374 0.807725 0.807032 0.808286 0.811501 0.816717 0.823999 0.833438 0.845155 0.859307 0.876086 0.895735 0.918549 0.911152 0.896963 0.885309 0.876038 0.869030 0.864200 0.861486 0.860857 0.862305 0.865847 0.871527 0.879414 0.889608 0.902240 0.917478 0.935532 0.956662 0.981186 1.000000 0.976877 0.957052 0.940236 0.926194 0.914736 0.905714 0.899012 0.894548 0.892267 0.892141 0.894170 0.898377 0.903027 0.874524 0.849750 0.828281 0.809773 0.793944 0.780568 0.769457 0.760465 0.753474 0.748398 0.745172 0.743759 0.744140 0.746320 0.750326 0.756207 0.764036 0.773912 0.785966 0.800359 0.817296 0.837024 0.859852 0.886154 0.916393 0.937570 0.925980 0.916855 0.910080 0.905569 0.903268 0.903149 0.905211 0.909478 0.916002 0.924865 0.936179 0.949408 0.928984 0.911570 0.896918 0.884827 0.875139 0.867728 0.862501 0.859396 0.858373 0.859420 0.862551 0.867802 0.875240 0.884956 0.897076 0.911759 0.929207 0.949669 0.971590 0.941913 0.916137 0.893830 0.874640 0.858281 0.844521 0.833170 0.824079 0.817131 0.812240 0.809346 0.808412 0.809429 0.812408 0.817385 3754.000000 1.155211 0.917296
1.000000 0.911635 0.839476 0.779644 0.729413 0.686817 0.650402 0.619071 0.591980 0.568473 0.548031 0.530241 0.514771 0.501352 0.489765 0.479831 0.471405 0.464369 0.458628 0.454109 0.450753 0.448519 0.447379 0.447320 0.448342 0.450455 0.453686 0.458076 0.463680 0.470570 0.478839 0.488601 0.500000 0.513209 0.528443 0.545964 0.566097 0.589247 0.615917 0.646748 0.682559 0.724415 0.773727 0.804740 0.758146 0.718287 0.683976 0.654298 0.628539 0.606137 0.586641 0.569690 0.554991 0.542304 0.531437 0.522229 0.514554 0.508308 0.503410 0.499798 0.497427 0.496269 0.496309 0.497548 0.500000 0.503696 0.508682 0.515020 0.522794 0.532108 0.543092 0.555906 0.570747 0.587858 0.607536 0.630147 0.656148 0.686111 0.720761 0.761028 0.808122 0.863647 0.905075 0.825411 0.760320 0.706321 0.660971 0.622502 0.589607 0.561298 0.536817 0.515573 0.497098 0.481020 0.467039 0.454913 0.444444 0.435472 0.427866 0.421518 0.416344 0.412278 0.409266 0.407272 0.406271 0.406251 0.407213 0.409167 0.412137 0.416161 0.421289 0.427588 0.435143 0.444058 0.454464 0.466520 0.480422 0.496411 0.514784 0.535909 0.560250 0.588392 0.621087 0.659310 0.704355 0.757966 0.822556 0.901552 850.000000 1.262791 0.592415
0.444444 0.435472 0.427866 0.421518 0.416344 0.412278 0.409266 0.407272 0.406271 0.406251 0.407213 0.409167 0.412137 0.416161 0.421289 0.427588 0.435143 0.444058 0.454464 0.466520 0.480422 0.496411 0.514784 0.535909 0.560250 0.588392 0.621087 0.659310 0.704355 0.757966 0.822556 0.901552 1.000000 0.911635 0.839476 0.779644 0.729413 0.686817 0.650402 0.619071 0.591980 0.568473 0.548031 0.530241 0.514771 0.501352 0.489765 0.479831 0.471405 0.464369 0.458628 0.454109 0.450753 0.448519 0.447379 0.447320 0.448342 0.450455 0.453686 0.458076 0.463680 0.470570 0.478839 0.488601 0.500000 0.513209 0.528443 0.545964 0.566097 0.589247 0.615917 0.646748 0.682559 0.724415 0.773727 0.804740 0.758146 0.718287 0.683976 0.654298 0.628539 0.606137 0.586641 0.569690 0.554991 0.542304 0.531437 0.522229 0.514554 0.508308 0.503410 0.499798 0.497427 0.496269 0.496309 0.497548 0.500000 0.503696 0.508682 0.515020 0.522794 0.532108 0.543092 0.555906 0.570747 0.587858 0.607536 0.630147 0.656148 0.686111 0.720761 0.761028 0.808122 0.863647 0.905075 0.825411 0.760320 0.706321 0.660971 0.622502 0.589607 0.561298 0.536817 0.515573 0.497098 0.481020 0.467039 0.454913 850.000000 1.262791 0.592415
0.500000 0.503696 0.508682 0.515020 0.522794 0.532108 0.543092 0.555906 0.570747 0.587858 0.607536 0.630147 0.656148 0.686111 0.720761 0.761028 0.808122 0.863647 0.905075 0.825411 0.760320 0.706321 0.660971 0.622502 0.589607 0.561298 0.536817 0.515573 0.497098 0.481020 0.467039 0.454913 0.444444 0.435472 0.427866 0.421518 0.416344 0.412278 0.409266 0.407272 0.406271 0.406251 0.407213 0.409167 0.412137 0.416161 0.421289 0.427588 0.435143 0.444058 0.454464 0.466520 0.480422 0.496411 0.514784 0.535909 0.560250 0.588392 0.621087 0.659310 0.704355 0.757966 0.822556 0.901552 1.000000 0.911635 0.839476 0.779644 0.729413 0.686817 0.650402 0.619071 0.591980 0.568473 0.548031 0.530241 0.514771 0.501352 0.489765 0.479831 0.471405 0.464369 0.458628 0.454109 0.450753 0.448519 0.447379 0.447320 0.448342 0.450455 0.453686 0.458076 0.463680 0.470570 0.478839 0.488601 0.500000 0.513209 0.528443 0.545964 0.566097 0.589247 0.615917 0.646748 0.682559 0.724415 0.773727 0.804740 0.758146 0.718287 0.683976 0.654298 0.628539 0.606137 0.586641 0.569690 0.554991 0.542304 0.531437 0.522229 0.514554 0.508308 0.503410 0.499798 0.497427 0.496269 0.496309 0.497548 850.000000 1.262791 0.592415
0.500000 0.513209 0.528443 0.545964 0.566097 0.589247 0.615917 0.646748 0.682559 0.724415 0.773727 0.804740 0.758146 0.718287 0.683976 0.654298 0.628539 0.606137 0.586641 0.569690 0.554991 0.542304 0.531437 0.522229 0.514554 0.508308 0.503410 0.499798 0.497427 0.496269 0.496309 0.497548 0.500000 0.503696 0.508682 0.515020 0.522794 0.532108 0.543092 0.555906 0.570747 0.587858 0.607536 0.630147 0.656148 0.686111 0.720761 0.761028 0.808122 0.863647 0.905075 0.825411 0.760320 0.706321 0.660971 0.622502 0.589607 0.561298 0.536817 0.515573 0.497098 0.481020 0.467039 0.454913 0.444444 0.435472 0.427866 0.421518 0.416344 0.412278 0.409266 0.407272 0.406271 0.406251 0.407213 0.409167 0.412137 0.416161 0.421289 0.427588 0.435143 0.444058 0.454464 0.466520 0.480422 0.496411 0.514784 0.535909 0.560250 0.588392 0.621087 0.659310 0.704355 0.757966 0.822556 0.901552 1.000000 0.911635 0.839476 0.779644 0.729413 0.686817 0.650402 0.619071 0.591980 0.568473 0.548031 0.530241 0.514771 0.501352 0.489765 0.479831 0.471405 0.464369 0.458628 0.454109 0.450753 0.448519 0.447379 0.447320 0.448342 0.450455 0.453686 0.458076 0.463680 0.470570 0.478839 0.488601 850.000000 1.262791 0.592415
0.897872 0.947977 1.000000 0.976915 0.957125 0.940341 0.926329 0.914900 0.905906 0.899232 0.894795 0.892542 0.892444 0.894502 0.898739 0.905207 0.913987 0.925189 0.938960 0.944365 0.835863 0.751348 0.683851 0.628871 0.583374 0.545242 0.512948 0.485370 0.461662 0.441175 0.433623 0.436118 0.439708 0.444437 0.450366 0.457572 0.466154 0.476233 0.487960 0.501516 0.517130 0.535076 0.555701 0.579431 0.606805 0.638508 0.675423 0.718706 0.769899 0.831099 0.905239 0.920344 0.892300 0.867943 0.846867 0.828740 0.813290 0.800298 0.789588 0.781017 0.774476 0.769882 0.767180 0.766337 0.767343 0.770208 0.774970 0.781685 0.790439 0.801343 0.814542 0.830217 0.848591 0.869940 0.894602 0.922992 0.955620 0.993119 0.960955 0.914933 0.875129 0.840585 0.810543 0.784399 0.761666 0.741951 0.724933 0.710352 0.697993 0.687686 0.679291 0.672700 0.667829 0.664617 0.663026 0.663036 0.664648 0.662626 0.649387 0.638173 0.628829 0.621229 0.615276 0.610893 0.608027 0.606643 0.606723 0.608268 0.611298 0.615849 0.620040 0.618579 0.618612 0.620139 0.623179 0.627769 0.633965 0.641846 0.651516 0.663102 0.676769 0.692714 0.711184 0.732479 0.756967 0.785107 0.817466 0.854753 1880.500000 1.214894 0.729925
0.664648 0.662626 0.649387 0.638173 0.628829 0.621229 0.615276 0.610893 0.608027 0.606643 0.606723 0.608268 0.611298 0.615849 0.620040 0.618579 0.618612 0.620139 0.623179 0.627769 0.633965 0.641846 0.651516 0.663102 0.676769 0.692714 0.711184 0.732479 0.756967 0.785107 0.817466 0.854753 0.897872 0.947977 1.000000 0.976915 0.957125 0.940341 0.926329 0.914900 0.905906 0.899232 0.894795 0.892542 0.892444 0.894502 0.898739 0.905207 0.913987 0.925189 0.938960 0.944365 0.835863 0.751348 0.683851 0.628871 0.583374 0.545242 0.512948 0.485370 0.461662 0.441175 0.433623 0.436118 0.439708 0.444437 0.450366 0.457572 0.466154 0.476233 0.487960 0.501516 0.517130 0.535076 0.555701 0.579431 0.606805 0.638508 0.675423 0.718706 0.769899 0.831099 0.905239 0.920344 0.892300 0.867943 0.846867 0.828740 0.813290 0.800298 0.789588 0.781017 0.774476 0.769882 0.767180 0.766337 0.767343 0.770208 0.774970 0.781685 0.790439 0.801343 0.814542 0.830217 0.848591 0.869940 0.894602 0.922992 0.955620 0.993119 0.960955 0.914933 0.875129 0.840585 0.810543 0.784399 0.761666 0.741951 0.724933 0.710352 0.697993 0.687686 0.679291 0.672700 0.667829 0.664617 0.663026 0.663036 1880.500000 1.214894 0.729925
0.767343 0.770208 0.774970 0.781685 0.790439 0.801343 0.814542 0.830217 0.848591 0.869940 0.894602 0.922992 0.955620 0.993119 0.960955 0.914933 0.875129 0.840585 0.810543 0.784399 0.761666 0.741951 0.724933 0.710352 0.697993 0.687686 0.679291 0.672700 0.667829 0.664617 0.663026 0.663036 0.664648 0.662626 0.649387 0.638173 0.628829 0.621229 0.615276 0.610893 0.608027 0.606643 0.606723 0.608268 0.611298 0.615849 0.620040 0.618579 0.618612 0.620139 0.623179 0.627769 0.633965 0.641846 0.651516 0.663102 0.676769 0.692714 0.711184 0.732479 0.756967 0.785107 0.817466 0.854753 0.897872 0.947977 1.000000 0.976915 0.957125 0.940341 0.926329 0.914900 0.905906 0.899232 0.894795 0.892542 0.892444 0.894502 0.898739 0.905207 0.913987 0.925189 0.938960 0.944365 0.835863 0.751348 0.683851 0.628871 0.583374 0.545242 0.512948 0.485370 0.461662 0.441175 0.433623 0.436118 0.439708 0.444437 0.450366 0.457572 0.466154 0.476233 0.487960 0.501516 0.517130 0.535076 0.555701 0.579431 0.606805 0.638508 0.675423 0.718706 0.769899 0.831099 0.905239 0.920344 0.892300 0.867943 0.846867 0.828740 0.813290 0.800298 0.789588 0.781017 0.774476 0.769882 0.767180 0.766337 1880.500000 1.214894 0.729925
0.439708 0.444437 0.450366 0.457572 0.466154 0.476233 0.487960 0.501516 0.517130 0.535076 0.555701 0.579431 0.606805 0.638508 0.675423 0.718706 0.769899 0.831099 0.905239 0.920344 0.892300 0.867943 0.846867 0.828740 0.813290 0.800298 0.789588 0.781017 0.774476 0.769882 0.767180 0.766337 0.767343 0.770208 0.774970 0.781685 0.790439 0.801343 0.814542 0.830217 0.848591 0.869940 0.894602 0.922992 0.955620 0.993119 0.960955 0.914933 0.875129 0.840585 0.810543 0.784399 0.761666 0.741951 0.724933 0.710352 0.697993 0.687686 0.679291 0.672700 0.667829 0.664617 0.663026 0.663036 0.664648 0.662626 0.649387 0.638173 0.628829 0.621229 0.615276 0.610893 0.608027 0.606643 0.606723 0.608268 0.611298 0.615849 0.620040 0.618579 0.618612 0.620139 0.623179 0.627769 0.633965 0.641846 0.651516 0.663102 0.676769 0.692714 0.711184 0.732479 0.756967 0.785107 0.817466 0.854753 0.897872 0.947977 1.000000 0.976915 0.957125 0.940341 0.926329 0.914900 0.905906 0.899232 0.894795 0.892542 0.892444 0.894502 0.898739 0.905207 0.913987 0.925189 0.938960 0.944365 0.835863 0.751348 0.683851 0.628871 0.583374 0.545242 0.512948 0.485370 0.461662 0.441175 0.433623 0.436118 1880.500000 1.214894 0.729925
0.883831 0.925303 0.973319 0.938825 0.894416 0.855988 0.822627 0.793608 0.768355 0.746402 0.727373 0.710959 0.696912 0.685028 0.675142 0.667121 0.660861 0.656285 0.653334 0.651974 0.652187 0.653976 0.657364 0.662390 0.669118 0.677634 0.688048 0.700501 0.715168 0.732264 0.752053 0.774861 0.781460 0.761538 0.744355 0.729650 0.717208 0.706859 0.698462 0.691910 0.687119 0.684031 0.682608 0.682832 0.684706 0.688254 0.693517 0.700563 0.709480 0.720384 0.733424 0.748782 0.766683 0.787404 0.811285 0.838744 0.870296 0.906585 0.948416 0.996812 1.000000 0.940541 0.889779 0.846149 0.808455 0.775766 0.747348 0.722617 0.701106 0.682435 0.666296 0.652438 0.640657 0.630786 0.622693 0.616270 0.611436 0.608132 0.606315 0.605965 0.607077 0.609665 0.613759 0.619412 0.626693 0.635697 0.646544 0.659383 0.674400 0.691823 0.711931 0.735066 0.761652 0.792213 0.827406 0.868059 0.915233 0.943371 0.899458 0.861435 0.828410 0.799680 0.774680 0.752954 0.734134 0.717919 0.704064 0.692371 0.682677 0.674854 0.668802 0.664443 0.661725 0.660614 0.661097 0.663179 0.666886 0.672263 0.679378 0.688321 0.699210 0.712191 0.727450 0.745211 0.765752 0.789414 0.816614 0.847871 4491.500000 1.142450 0.762545
0.915233 0.943371 0.899458 0.861435 0.828410 0.799680 0.774680 0.752954 0.734134 0.717919 0.704064 0.692371 0.682677 0.674854 0.668802 0.664443 0.661725 0.660614 0.661097 0.663179 0.666886 0.672263 0.679378 0.688321 0.699210 0.712191 0.727450 0.745211 0.765752 0.789414 0.816614 0.847871 0.883831 0.925303 0.973319 0.938825 0.894416 0.855988 0.822627 0.793608 0.768355 0.746402 0.727373 0.710959 0.696912 0.685028 0.675142 0.667121 0.660861 0.656285 0.653334 0.651974 0.652187 0.653976 0.657364 0.662390 0.669118 0.677634 0.688048 0.700501 0.715168 0.732264 0.752053 0.774861 0.781460 0.761538 0.744355 0.729650 0.717208 0.706859 0.698462 0.691910 0.687119 0.684031 0.682608 0.682832 0.684706 0.688254 0.693517 0.700563 0.709480 0.720384 0.733424 0.748782 0.766683 0.787404 0.811285 0.838744 0.870296 0.906585 0.948416 0.996812 1.000000 0.940541 0.889779 0.846149 0.808455 0.775766 0.747348 0.722617 0.701106 0.682435 0.666296 0.652438 0.640657 0.630786 0.622693 0.616270 0.611436 0.608132 0.606315 0.605965 0.607077 0.609665 0.613759 0.619412 0.626693 0.635697 0.646544 0.659383 0.674400 0.691823 0.711931 0.735066 0.761652 0.792213 0.827406 0.868059 4491.500000 1.142450 0.762545
0.808455 0.775766 0.747348 0.722617 0.701106 0.682435 0.666296 0.652438 0.640657 0.630786 0.622693 0.616270 0.611436 0.608132 0.606315 0.605965 0.607077 0.609665 0.613759 0.619412 0.626693 0.635697 0.646544 0.659383 0.674400 0.691823 0.711931 0.735066 0.761652 0.792213 0.827406 0.868059 0.915233 0.943371 0.899458 0.861435 0.828410 0.799680 0.774680 0.752954 0.734134 0.717919 0.704064 0.692371 0.682677 0.674854 0.668802 0.664443 0.661725 0.660614 0.661097 0.663179 0.666886 0.672263 0.679378 0.688321 0.699210 0.712191 0.727450 0.745211 0.765752 0.789414 0.816614 0.847871 0.883831 0.925303 0.973319 0.938825 0.894416 0.855988 0.822627 0.793608 0.768355 0.746402 0.727373 0.710959 0.696912 0.685028 0.675142 0.667121 0.660861 0.656285 0.653334 0.651974 0.652187 0.653976 0.657364 0.662390 0.669118 0.677634 0.688048 0.700501 0.715168 0.732264 0.752053 0.774861 0.781460 0.761538 0.744355 0.729650 0.717208 0.706859 0.698462 0.691910 0.687119 0.684031 0.682608 0.682832 0.684706 0.688254 0.693517 0.700563 0.709480 0.720384 0.733424 0.748782 0.766683 0.787404 0.811285 0.838744 0.870296 0.906585 0.948416 0.996812 1.000000 0.940541 0.889779 0.846149 4491.500000 1.142450 0.762545
0.781460 0.761538 0.744355 0.729650 0.717208 0.706859 0.698462 0.691910 0.687119 0.684031 0.682608 0.682832 0.684706 0.688254 0.693517 0.700563 0.709480 0.720384 0.733424 0.748782 0.766683 0.787404 0.811285 0.838744 0.870296 0.906585 0.948416 0.996812 1.000000 0.940541 0.889779 0.846149 0.808455 0.775766 0.747348 0.722617 0.701106 0.682435 0.666296 0.652438 0.640657 0.630786 0.622693 0.616270 0.611436 0.608132 0.606315 0.605965 0.607077 0.609665 0.613759 0.619412 0.626693 0.635697 0.646544 0.659383 0.674400 0.691823 0.711931 0.735066 0.761652 0.792213 0.827406 0.868059 0.915233 0.943371 0.899458 0.861435 0.828410 0.799680 0.774680 0.752954 0.734134 0.717919 0.704064 0.692371 0.682677 0.674854 0.668802 0.664443 0.661725 0.660614 0.661097 0.663179 0.666886 0.672263 0.679378 0.688321 0.699210 0.712191 0.727450 0.745211 0.765752 0.789414 0.816614 0.847871 0.883831 0.925303 0.973319 0.938825 0.894416 0.855988 0.822627 0.793608 0.768355 0.746402 0.727373 0.710959 0.696912 0.685028 0.675142 0.667121 0.660861 0.656285 0.653334 0.651974 0.652187 0.653976 0.657364 0.662390 0.669118 0.677634 0.688048 0.700501 0.715168 0.732264 0.752053 0.774861 4491.500000 1.142450 0.762545
0.581671 0.580641 0.589677 0.600468 0.613166 0.627958 0.645074 0.664796 0.687470 0.713525 0.743495 0.778049 0.818038 0.864556 0.919031 0.968031 0.943116 0.921615 0.903200 0.887603 0.874607 0.864038 0.855757 0.849662 0.845676 0.843750 0.843861 0.846010 0.850224 0.856555 0.865079 0.875907 0.889178 0.905071 0.923809 0.945666 0.932626 0.891117 0.855118 0.823822 0.796587 0.772898 0.752337 0.734566 0.719307 0.706337 0.695471 0.686564 0.679499 0.674185 0.670556 0.668569 0.668198 0.666955 0.660564 0.655859 0.652782 0.651295 0.651381 0.653040 0.656293 0.661179 0.667759 0.676117 0.686361 0.698629 0.713093 0.729964 0.749503 0.772027 0.797928 0.827691 0.861918 0.901362 0.946980 1.000000 0.989799 0.953595 0.922090 0.894686 0.870901 0.850344 0.832694 0.817692 0.805127 0.794827 0.786659 0.780519 0.776329 0.774039 0.773620 0.775069 0.778401 0.783658 0.790905 0.794035 0.785658 0.779313 0.774921 0.772430 0.771807 0.773047 0.776163 0.781194 0.788202 0.797275 0.808530 0.822116 0.838220 0.857074 0.878962 0.904232 0.933314 0.966734 0.920315 0.867091 0.821558 0.782358 0.748451 0.719020 0.693424 0.671148 0.651781 0.634987 0.620494 0.608080 0.597564 0.588800 1424.000000 1.089299 0.791291
0.785658 0.779313 0.774921 0.772430 0.771807 0.773047 0.776163 0.781194 0.788202 0.797275 0.808530 0.822116 0.838220 0.857074 0.878962 0.904232 0.933314 0.966734 0.920315 0.867091 0.821558 0.782358 0.748451 0.719020 0.693424 0.671148 0.651781 0.634987 0.620494 0.608080 0.597564 0.588800 0.581671 0.580641 0.589677 0.600468 0.613166 0.627958 0.645074 0.664796 0.687470 0.713525 0.743495 0.778049 0.818038 0.864556 0.919031 0.968031 0.943116 0.921615 0.903200 0.887603 0.874607 0.864038 0.855757 0.849662 0.845676 0.843750 0.843861 0.846010 0.850224 0.856555 0.865079 0.875907 0.889178 0.905071 0.923809 0.945666 0.932626 0.891117 0.855118 0.823822 0.796587 0.772898 0.752337 0.734566 0.719307 0.706337 0.695471 0.686564 0.679499 0.674185 0.670556 0.668569 0.668198 0.666955 0.660564 0.655859 0.652782 0.651295 0.651381 0.653040 0.656293 0.661179 0.667759 0.676117 0.686361 0.698629 0.713093 0.729964 0.749503 0.772027 0.797928 0.827691 0.861918 0.901362 0.946980 1.000000 0.989799 0.953595 0.922090 0.894686 0.870901 0.850344 0.832694 0.817692 0.805127 0.794827 0.786659 0.780519 0.776329 0.774039 0.773620 0.775069 0.778401 0.783658 0.790905 0.794035 1424.000000 1.089299 0.791291
0.686361 0.698629 0.713093 0.729964 0.749503 0.772027 0.797928 0.827691 0.861918 0.901362 0.946980 1.000000 0.989799 0.953595 0.922090 0.894686 0.870901 0.850344 0.832694 0.817692 0.805127 0.794827 0.786659 0.780519 0.776329 0.774039 0.773620 0.775069 0.778401 0.783658 0.790905 0.794035 0.785658 0.779313 0.774921 0.772430 0.771807 0.773047 0.776163 0.781194 0.788202 0.797275 0.808530 0.822116 0.838220 0.857074 0.878962 0.904232 0.933314 0.966734 0.920315 0.867091 0.821558 0.782358 0.748451 0.719020 0.693424 0.671148 0.651781 0.634987 0.620494 0.608080 0.597564 0.588800 0.581671 0.580641 0.589677 0.600468 0.613166 0.627958 0.645074 0.664796 0.687470 0.713525 0.743495 0.778049 0.818038 0.864556 0.919031 0.968031 0.943116 0.921615 0.903200 0.887603 0.874607 0.864038 0.855757 0.849662 0.845676 0.843750 0.843861 0.846010 0.850224 0.856555 0.865079 0.875907 0.889178 0.905071 0.923809 0.945666 0.932626 0.891117 0.855118 0.823822 0.796587 0.772898 0.752337 0.734566 0.719307 0.706337 0.695471 0.686564 0.679499 0.674185 0.670556 0.668569 0.668198 0.666955 0.660564 0.655859 0.652782 0.651295 0.651381 0.653040 0.656293 0.661179 0.667759 0.676117 1424.000000 1.089299 0.791291
0.889178 0.905071 0.923809 0.945666 0.932626 0.891117 0.855118 0.823822 0.796587 0.772898 0.752337 0.734566 0.719307 0.706337 0.695471 0.686564 0.679499 0.674185 0.670556 0.668569 0.668198 0.666955 0.660564 0.655859 0.652782 0.651295 0.651381 0.653040 0.656293 0.661179 0.667759 0.676117 0.686361 0.698629 0.713093 0.729964 0.749503 0.772027 0.797928 0.827691 0.861918 0.901362 0.946980 1.000000 0.989799 0.953595 0.922090 0.894686 0.870901 0.850344 0.832694 0.817692 0.805127 0.794827 0.786659 0.780519 0.776329 0.774039 0.773620 0.775069 0.778401 0.783658 0.790905 0.794035 0.785658 0.779313 0.774921 0.772430 0.771807 0.773047 0.776163 0.781194 0.788202 0.797275 0.808530 0.822116 0.838220 0.857074 0.878962 0.904232 0.933314 0.966734 0.920315 0.867091 0.821558 0.782358 0.748451 0.719020 0.693424 0.671148 0.651781 0.634987 0.620494 0.608080 0.597564 0.588800 0.581671 0.580641 0.589677 0.600468 0.613166 0.627958 0.645074 0.664796 0.687470 0.713525 0.743495 0.778049 0.818038 0.864556 0.919031 0.968031 0.943116 0.921615 0.903200 0.887603 0.874607 0.864038 0.855757 0.849662 0.845676 0.843750 0.843861 0.846010 0.850224 0.856555 0.865079 0.875907 1424.000000 1.089299 0.791291
0.934721 0.910200 0.842563 0.786046 0.738301 0.697609 0.662681 0.632534 0.606409 0.583706 0.563952 0.546765 0.531838 0.518921 0.507812 0.498343 0.490380 0.483816 0.478562 0.474553 0.471736 0.470079 0.469561 0.470176 0.471930 0.474846 0.478959 0.484321 0.491000 0.499086 0.508688 0.519944 0.533023 0.548131 0.565523 0.585511 0.608484 0.634925 0.665445 0.700820 0.742056 0.790470 0.847829 0.916543 1.000000 0.940462 0.869373 0.810090 0.760090 0.717531 0.681040 0.649569 0.622312 0.598634 0.578033 0.560108 0.544533 0.531046 0.519432 0.509516 0.501156 0.494238 0.488669 0.484378 0.481312 0.479431 0.478714 0.479152 0.480750 0.483528 0.487518 0.492773 0.499358 0.507360 0.516888 0.528078 0.541095 0.556144 0.573474 0.593396 0.616289 0.642630 0.673017 0.708211 0.749193 0.797248 0.854089 0.922050 0.890211 0.832205 0.783067 0.741094 0.705004 0.673814 0.646758 0.623235 0.602764 0.584960 0.569509 0.556160 0.544703 0.534973 0.526830 0.520166 0.514894 0.510946 0.508273 0.506843 0.506637 0.507655 0.509907 0.513422 0.518243 0.524431 0.532065 0.541248 0.552107 0.564800 0.579518 0.596500 0.616036 0.638485 0.664293 0.694017 0.728364 0.768233 0.814797 0.869600 7652.000000 1.093838 0.602789
0.602764 0.584960 0.569509 0.556160 0.544703 0.534973 0.526830 0.520166 0.514894 0.510946 0.508273 0.506843 0.506637 0.507655 0.509907 0.513422 0.518243 0.524431 0.532065 0.541248 0.552107 0.564800 0.579518 0.596500 0.616036 0.638485 0.664293 0.694017 0.728364 0.768233 0.814797 0.869600 0.934721 0.910200 0.842563 0.786046 0.738301 0.697609 0.662681 0.632534 0.606409 0.583706 0.563952 0.546765 0.531838 0.518921 0.507812 0.498343 0.490380 0.483816 0.478562 0.474553 0.471736 0.470079 0.469561 0.470176 0.471930 0.474846 0.478959 0.484321 0.491000 0.499086 0.508688 0.519944 0.533023 0.548131 0.565523 0.585511 0.608484 0.634925 0.665445 0.700820 0.742056 0.790470 0.847829 0.916543 1.000000 0.940462 0.869373 0.810090 0.760090 0.717531 0.681040 0.649569 0.622312 0.598634 0.578033 0.560108 0.544533 0.531046 0.519432 0.509516 0.501156 0.494238 0.488669 0.484378 0.481312 0.479431 0.478714 0.479152 0.480750 0.483528 0.487518 0.492773 0.499358 0.507360 0.516888 0.528078 0.541095 0.556144 0.573474 0.593396 0.616289 0.642630 0.673017 0.708211 0.749193 0.797248 0.854089 0.922050 0.890211 0.832205 0.783067 0.741094 0.705004 0.673814 0.646758 0.623235 7652.000000 1.093838 0.602789
0.481312 0.479431 0.478714 0.479152 0.480750 0.483528 0.487518 0.492773 0.499358 0.507360 0.516888 0.528078 0.541095 0.556144 0.573474 0.593396 0.616289 0.642630 0.673017 0.708211 0.749193 0.797248 0.854089 0.922050 0.890211 0.832205 0.783067 0.741094 0.705004 0.673814 0.646758 0.623235 0.602764 0.584960 0.569509 0.556160 0.544703 0.534973 0.526830 0.520166 0.514894 0.510946 0.508273 0.506843 0.506637 0.507655 0.509907 0.513422 0.518243 0.524431 0.532065 0.541248 0.552107 0.564800 0.579518 0.596500 0.616036 0.638485 0.664293 0.694017 0.728364 0.768233 0.814797 0.869600 0.934721 0.910200 0.842563 0.786046 0.738301 0.697609 0.662681 0.632534 0.606409 0.583706 0.563952 0.546765 0.531838 0.518921 0.507812 0.498343 0.490380 0.483816 0.478562 0.474553 0.471736 0.470079 0.469561 0.470176 0.471930 0.474846 0.478959 0.484321 0.491000 0.499086 0.508688 0.519944 0.533023 0.548131 0.565523 0.585511 0.608484 0.634925 0.665445 0.700820 0.742056 0.790470 0.847829 0.916543 1.000000 0.940462 0.869373 0.810090 0.760090 0.717531 0.681040 0.649569 0.622312 0.598634 0.578033 0.560108 0.544533 0.531046 0.519432 0.509516 0.501156 0.494238 0.488669 0.484378 7652.000000 1.093838 0.602789
0.533023 0.548131 0.565523 0.585511 0.608484 0.634925 0.665445 0.700820 0.742056 0.790470 0.847829 0.916543 1.000000 0.940462 0.869373 0.810090 0.760090 0.717531 0.681040 0.649569 0.622312 0.598634 0.578033 0.560108 0.544533 0.531046 0.519432 0.509516 0.501156 0.494238 0.488669 0.484378 0.481312 0.479431 0.478714 0.479152 0.480750 0.483528 0.487518 0.492773 0.499358 0.507360 0.516888 0.528078 0.541095 0.556144 0.573474 0.593396 0.616289 0.642630 0.673017 0.708211 0.749193 0.797248 0.854089 0.922050 0.890211 0.832205 0.783067 0.741094 0.705004 0.673814 0.646758 0.623235 0.602764 0.584960 0.569509 0.556160 0.544703 0.534973 0.526830 0.520166 0.514894 0.510946 0.508273 0.506843 0.506637 0.507655 0.509907 0.513422 0.518243 0.524431 0.532065 0.541248 0.552107 0.564800 0.579518 0.596500 0.616036 0.638485 0.664293 0.694017 0.728364 0.768233 0.814797 0.869600 0.934721 0.910200 0.842563 0.786046 0.738301 0.697609 0.662681 0.632534 0.606409 0.583706 0.563952 0.546765 0.531838 0.518921 0.507812 0.498343 0.490380 0.483816 0.478562 0.474553 0.471736 0.470079 0.469561 0.470176 0.471930 0.474846 0.478959 0.484321 0.491000 0.499086 0.508688 0.519944 7652.000000 1.093838 0.602789
0.972306 0.936893 0.906076 0.879272 0.856011 0.835911 0.818660 0.804005 0.791739 0.781697 0.773746 0.767787 0.763745 0.761570 0.761237 0.762740 0.766098 0.771353 0.778569 0.787837 0.799277 0.813042 0.829322 0.843370 0.819877 0.799531 0.782009 0.767047 0.754430 0.743985 0.735572 0.729085 0.724441 0.721583 0.720477 0.721108 0.723485 0.727637 0.733614 0.741491 0.751368 0.763377 0.777679 0.794478 0.814024 0.836621 0.862647 0.892563 0.926941 0.966496 1.000000 0.955767 0.917397 0.884037 0.855006 0.829756 0.807845 0.788913 0.772667 0.758867 0.747321 0.737872 0.730396 0.724799 0.721011 0.718985 0.718698 0.720144 0.723343 0.728332 0.735175 0.743956 0.754790 0.767821 0.783231 0.801241 0.822126 0.846222 0.873942 0.874345 0.855350 0.839143 0.825489 0.814203 0.805135 0.798169 0.793216 0.790217 0.789134 0.789954 0.792688 0.797368 0.804053 0.812825 0.823797 0.837114 0.852957 0.871552 0.893174 0.882449 0.852454 0.826357 0.803688 0.784069 0.767188 0.752795 0.740683 0.730687 0.722676 0.716545 0.712219 0.709644 0.708790 0.709644 0.712219 0.716545 0.722676 0.730687 0.740683 0.752795 0.767188 0.784069 0.803688 0.826357 0.852454 0.882449 0.916921 0.956594 5016.000000 1.029201 0.847494
0.852957 0.871552 0.893174 0.882449 0.852454 0.826357 0.803688 0.784069 0.767188 0.752795 0.740683 0.730687 0.722676 0.716545 0.712219 0.709644 0.708790 0.709644 0.712219 0.716545 0.722676 0.730687 0.740683 0.752795 0.767188 0.784069 0.803688 0.826357 0.852454 0.882449 0.916921 0.956594 0.972306 0.936893 0.906076 0.879272 0.856011 0.835911 0.818660 0.804005 0.791739 0.781697 0.773746 0.767787 0.763745 0.761570 0.761237 0.762740 0.766098 0.771353 0.778569 0.787837 0.799277 0.813042 0.829322 0.843370 0.819877 0.799531 0.782009 0.767047 0.754430 0.743985 0.735572 0.729085 0.724441 0.721583 0.720477 0.721108 0.723485 0.727637 0.733614 0.741491 0.751368 0.763377 0.777679 0.794478 0.814024 0.836621 0.862647 0.892563 0.926941 0.966496 1.000000 0.955767 0.917397 0.884037 0.855006 0.829756 0.807845 0.788913 0.772667 0.758867 0.747321 0.737872 0.730396 0.724799 0.721011 0.718985 0.718698 0.720144 0.723343 0.728332 0.735175 0.743956 0.754790 0.767821 0.783231 0.801241 0.822126 0.846222 0.873942 0.874345 0.855350 0.839143 0.825489 0.814203 0.805135 0.798169 0.793216 0.790217 0.789134 0.789954 0.792688 0.797368 0.804053 0.812825 0.823797 0.837114 5016.000000 1.029201 0.847494
0.721011 0.718985 0.718698 0.720144 0.723343 0.728332 0.735175 0.743956 0.754790 0.767821 0.783231 0.801241 0.822126 0.846222 0.873942 0.874345 0.855350 0.839143 0.825489 0.814203 0.805135 0.798169 0.793216 0.790217 0.789134 0.789954 0.792688 0.797368 0.804053 0.812825 0.823797 0.837114 0.852957 0.871552 0.893174 0.882449 0.852454 0.826357 0.803688 0.784069 0.767188 0.752795 0.740683 0.730687 0.722676 0.716545 0.712219 0.709644 0.708790 0.709644 0.712219 0.716545 0.722676 0.730687 0.740683 0.752795 0.767188 0.784069 0.803688 0.826357 0.852454 0.882449 0.916921 0.956594 0.972306 0.936893 0.906076 0.879272 0.856011 0.835911 0.818660 0.804005 0.791739 0.781697 0.773746 0.767787 0.763745 0.761570 0.761237 0.762740 0.766098 0.771353 0.778569 0.787837 0.799277 0.813042 0.829322 0.843370 0.819877 0.799531 0.782009 0.767047 0.754430 0.743985 0.735572 0.729085 0.724441 0.721583 0.720477 0.721108 0.723485 0.727637 0.733614 0.741491 0.751368 0.763377 0.777679 0.794478 0.814024 0.836621 0.862647 0.892563 0.926941 0.966496 1.000000 0.955767 0.917397 0.884037 0.855006 0.829756 0.807845 0.788913 0.772667 0.758867 0.747321 0.737872 0.730396 0.724799 5016.000000 1.029201 0.847494
0.724441 0.721583 0.720477 0.721108 0.723485 0.727637 0.733614 0.741491 0.751368 0.763377 0.777679 0.794478 0.814024 0.836621 0.862647 0.892563 0.926941 0.966496 1.000000 0.955767 0.917397 0.884037 0.855006 0.829756 0.807845 0.788913 0.772667 0.758867 0.747321 0.737872 0.730396 0.724799 0.721011 0.718985 0.718698 0.720144 0.723343 0.728332 0.735175 0.743956 0.754790 0.767821 0.783231 0.801241 0.822126 0.846222 0.873942 0.874345 0.855350 0.839143 0.825489 0.814203 0.805135 0.798169 0.793216 0.790217 0.789134 0.789954 0.792688 0.797368 0.804053 0.812825 0.823797 0.837114 0.852957 0.871552 0.893174 0.882449 0.852454 0.826357 0.803688 0.784069 0.767188 0.752795 0.740683 0.730687 0.722676 0.716545 0.712219 0.709644 0.708790 0.709644 0.712219 0.716545 0.722676 0.730687 0.740683 0.752795 0.767188 0.784069 0.803688 0.826357 0.852454 0.882449 0.916921 0.956594 0.972306 0.936893 0.906076 0.879272 0.856011 0.835911 0.818660 0.804005 0.791739 0.781697 0.773746 0.767787 0.763745 0.761570 0.761237 0.762740 0.766098 0.771353 0.778569 0.787837 0.799277 0.813042 0.829322 0.843370 0.819877 0.799531 0.782009 0.767047 0.754430 0.743985 0.735572 0.729085 5016.000000 1.029201 0.847494
0.648363 0.649924 0.653069 0.653111 0.654071 0.656618 0.660783 0.666617 0.674194 0.683612 0.694993 0.708497 0.724314 0.742684 0.763899 0.788316 0.816377 0.848629 0.885756 0.877944 0.843754 0.814015 0.788135 0.765638 0.746137 0.729318 0.714925 0.702749 0.692622 0.684408 0.678000 0.673319 0.672073 0.676291 0.682217 0.689923 0.699511 0.711106 0.724867 0.740992 0.759723 0.781356 0.806256 0.834873 0.867765 0.905625 0.949330 1.000000 0.981568 0.919980 0.867631 0.822794 0.784160 0.750719 0.721681 0.696421 0.674439 0.655333 0.638776 0.624502 0.612295 0.601979 0.593410 0.586475 0.581084 0.577169 0.577917 0.583051 0.589710 0.597980 0.607971 0.619820 0.633697 0.649811 0.668418 0.689833 0.714444 0.742731 0.775296 0.812895 0.856495 0.907347 0.906322 0.874291 0.846417 0.822184 0.801177 0.783056 0.767545 0.754418 0.743494 0.734627 0.727700 0.722628 0.719347 0.717817 0.717336 0.716190 0.716772 0.719089 0.723169 0.729062 0.736841 0.746606 0.758486 0.772640 0.789271 0.808624 0.831003 0.856778 0.886408 0.920456 0.895092 0.856116 0.822291 0.792875 0.767275 0.745016 0.725710 0.709045 0.694764 0.682659 0.672562 0.664335 0.657874 0.653094 0.649939 0.648368 5209.000000 1.132441 0.760753
0.717336 0.716190 0.716772 0.719089 0.723169 0.729062 0.736841 0.746606 0.758486 0.772640 0.789271 0.808624 0.831003 0.856778 0.886408 0.920456 0.895092 0.856116 0.822291 0.792875 0.767275 0.745016 0.725710 0.709045 0.694764 0.682659 0.672562 0.664335 0.657874 0.653094 0.649939 0.648368 0.648363 0.649924 0.653069 0.653111 0.654071 0.656618 0.660783 0.666617 0.674194 0.683612 0.694993 0.708497 0.724314 0.742684 0.763899 0.788316 0.816377 0.848629 0.885756 0.877944 0.843754 0.814015 0.788135 0.765638 0.746137 0.729318 0.714925 0.702749 0.692622 0.684408 0.678000 0.673319 0.672073 0.676291 0.682217 0.689923 0.699511 0.711106 0.724867 0.740992 0.759723 0.781356 0.806256 0.834873 0.867765 0.905625 0.949330 1.000000 0.981568 0.919980 0.867631 0.822794 0.784160 0.750719 0.721681 0.696421 0.674439 0.655333 0.638776 0.624502 0.612295 0.601979 0.593410 0.586475 0.581084 0.577169 0.577917 0.583051 0.589710 0.597980 0.607971 0.619820 0.633697 0.649811 0.668418 0.689833 0.714444 0.742731 0.775296 0.812895 0.856495 0.907347 0.906322 0.874291 0.846417 0.822184 0.801177 0.783056 0.767545 0.754418 0.743494 0.734627 0.727700 0.722628 0.719347 0.717817 5209.000000 1.132441 0.760753
0.581084 0.577169 0.577917 0.583051 0.589710 0.597980 0.607971 0.619820 0.633697 0.649811 0.668418 0.689833 0.714444 0.742731 0.775296 0.812895 0.856495 0.907347 0.906322 0.874291 0.846417 0.822184 0.801177 0.783056 0.767545 0.754418 0.743494 0.734627 0.727700 0.722628 0.719347 0.717817 0.717336 0.716190 0.716772 0.719089 0.723169 0.729062 0.736841 0.746606 0.758486 0.772640 0.789271 0.808624 0.831003 0.856778 0.886408 0.920456 0.895092 0.856116 0.822291 0.792875 0.767275 0.745016 0.725710 0.709045 0.694764 0.682659 0.672562 0.664335 0.657874 0.653094 0.649939 0.648368 0.648363 0.649924 0.653069 0.653111 0.654071 0.656618 0.660783 0.666617 0.674194 0.683612 0.694993 0.708497 0.724314 0.742684 0.763899 0.788316 0.816377 0.848629 0.885756 0.877944 0.843754 0.814015 0.788135 0.765638 0.746137 0.729318 0.714925 0.702749 0.692622 0.684408 0.678000 0.673319 0.672073 0.676291 0.682217 0.689923 0.699511 0.711106 0.724867 0.740992 0.759723 0.781356 0.806256 0.834873 0.867765 0.905625 0.949330 1.000000 0.981568 0.919980 0.867631 0.822794 0.784160 0.750719 0.721681 0.696421 0.674439 0.655333 0.638776 0.624502 0.612295 0.601979 0.593410 0.586475 5209.000000 1.132441 0.760753
0.672073 0.676291 0.682217 0.689923 0.699511 0.711106 0.724867 0.740992 0.759723 0.781356 0.806256 0.834873 0.867765 0.905625 0.949330 1.000000 0.981568 0.919980 0.867631 0.822794 0.784160 0.750719 0.721681 0.696421 0.674439 0.655333 0.638776 0.624502 0.612295 0.601979 0.593410 0.586475 0.581084 0.577169 0.577917 0.583051 0.589710 0.597980 0.607971 0.619820 0.633697 0.649811 0.668418 0.689833 0.714444 0.742731 0.775296 0.812895 0.856495 0.907347 0.906322 0.874291 0.846417 0.822184 0.801177 0.783056 0.767545 0.754418 0.743494 0.734627 0.727700 0.722628 0.719347 0.717817 0.717336 0.716190 0.716772 0.719089 0.723169 0.729062 0.736841 0.746606 0.758486 0.772640 0.789271 0.808624 0.831003 0.856778 0.886408 0.920456 0.895092 0.856116 0.822291 0.792875 0.767275 0.745016 0.725710 0.709045 0.694764 0.682659 0.672562 0.664335 0.657874 0.653094 0.649939 0.648368 0.648363 0.649924 0.653069 0.653111 0.654071 0.656618 0.660783 0.666617 0.674194 0.683612 0.694993 0.708497 0.724314 0.742684 0.763899 0.788316 0.816377 0.848629 0.885756 0.877944 0.843754 0.814015 0.788135 0.765638 0.746137 0.729318 0.714925 0.702749 0.692622 0.684408 0.678000 0.673319 5209.000000 1.132441 0.760753
0.900849 0.960946 1.000000 0.924534 0.861589 0.808492 0.763292 0.724531 0.691101 0.662145 0.636990 0.615104 0.596061 0.579515 0.565188 0.552852 0.542322 0.533446 0.526104 0.520196 0.515649 0.512842 0.513931 0.516271 0.519891 0.524835 0.531166 0.538966 0.548339 0.559416 0.572356 0.587358 0.604663 0.624569 0.647443 0.673742 0.697756 0.689324 0.682718 0.677855 0.674675 0.673138 0.673227 0.674942 0.678304 0.683354 0.690155 0.698793 0.709381 0.722060 0.737010 0.754447 0.750743 0.714923 0.683938 0.657044 0.633654 0.613299 0.595601 0.580254 0.567010 0.555666 0.546057 0.538048 0.531533 0.536357 0.548926 0.563488 0.580280 0.599592 0.621783 0.647300 0.676700 0.710692 0.750182 0.796350 0.850758 0.915512 0.993527 0.952951 0.876988 0.814059 0.761267 0.716526 0.678295 0.645414 0.616991 0.592332 0.570892 0.552233 0.536005 0.523000 0.517265 0.512877 0.509781 0.507938 0.507326 0.507938 0.509781 0.512877 0.517265 0.523000 0.530155 0.538824 0.549126 0.561208 0.572405 0.567906 0.564829 0.563133 0.562800 0.563825 0.566219 0.570014 0.575254 0.582007 0.590360 0.600423 0.612337 0.626271 0.642439 0.661098 0.682567 0.707238 0.735599 0.768256 0.805981 0.849754 537.500000 1.224234 0.663891
0.507326 0.507938 0.509781 0.512877 0.517265 0.523000 0.530155 0.538824 0.549126 0.561208 0.572405 0.567906 0.564829 0.563133 0.562800 0.563825 0.566219 0.570014 0.575254 0.582007 0.590360 0.600423 0.612337 0.626271 0.642439 0.661098 0.682567 0.707238 0.735599 0.768256 0.805981 0.849754 0.900849 0.960946 1.000000 0.924534 0.861589 0.808492 0.763292 0.724531 0.691101 0.662145 0.636990 0.615104 0.596061 0.579515 0.565188 0.552852 0.542322 0.533446 0.526104 0.520196 0.515649 0.512842 0.513931 0.516271 0.519891 0.524835 0.531166 0.538966 0.548339 0.559416 0.572356 0.587358 0.604663 0.624569 0.647443 0.673742 0.697756 0.689324 0.682718 0.677855 0.674675 0.673138 0.673227 0.674942 0.678304 0.683354 0.690155 0.698793 0.709381 0.722060 0.737010 0.754447 0.750743 0.714923 0.683938 0.657044 0.633654 0.613299 0.595601 0.580254 0.567010 0.555666 0.546057 0.538048 0.531533 0.536357 0.548926 0.563488 0.580280 0.599592 0.621783 0.647300 0.676700 0.710692 0.750182 0.796350 0.850758 0.915512 0.993527 0.952951 0.876988 0.814059 0.761267 0.716526 0.678295 0.645414 0.616991 0.592332 0.570892 0.552233 0.536005 0.523000 0.517265 0.512877 0.509781 0.507938 537.500000 1.224234 0.663891
0.531533 0.536357 0.548926 0.563488 0.580280 0.599592 0.621783 0.647300 0.676700 0.710692 0.750182 0.796350 0.850758 0.915512 0.993527 0.952951 0.876988 0.814059 0.761267 0.716526 0.678295 0.645414 0.616991 0.592332 0.570892 0.552233 0.536005 0.523000 0.517265 0.512877 0.509781 0.507938 0.507326 0.507938 0.509781 0.512877 0.517265 0.523000 0.530155 0.538824 0.549126 0.561208 0.572405 0.567906 0.564829 0.563133 0.562800 0.563825 0.566219 0.570014 0.575254 0.582007 0.590360 0.600423 0.612337 0.626271 0.642439 0.661098 0.682567 0.707238 0.735599 0.768256 0.805981 0.849754 0.900849 0.960946 1.000000 0.924534 0.861589 0.808492 0.763292 0.724531 0.691101 0.662145 0.636990 0.615104 0.596061 0.579515 0.565188 0.552852 0.542322 0.533446 0.526104 0.520196 0.515649 0.512842 0.513931 0.516271 0.519891 0.524835 0.531166 0.538966 0.548339 0.559416 0.572356 0.587358 0.604663 0.624569 0.647443 0.673742 0.697756 0.689324 0.682718 0.677855 0.674675 0.673138 0.673227 0.674942 0.678304 0.683354 0.690155 0.698793 0.709381 0.722060 0.737010 0.754447 0.750743 0.714923 0.683938 0.657044 0.633654 0.613299 0.595601 0.580254 0.567010 0.555666 0.546057 0.538048 537.500000 1.224234 0.663891
0.604663 0.624569 0.647443 0.673742 0.697756 0.689324 0.682718 0.677855 0.674675 0.673138 0.673227 0.674942 0.678304 0.683354 0.690155 0.698793 0.709381 0.722060 0.737010 0.754447 0.750743 0.714923 0.683938 0.657044 0.633654 0.613299 0.595601 0.580254 0.567010 0.555666 0.546057 0.538048 0.531533 0.536357 0.548926 0.563488 0.580280 0.599592 0.621783 0.647300 0.676700 0.710692 0.750182 0.796350 0.850758 0.915512 0.993527 0.952951 0.876988 0.814059 0.761267 0.716526 0.678295 0.645414 0.616991 0.592332 0.570892 0.552233 0.536005 0.523000 0.517265 0.512877 0.509781 0.507938 0.507326 0.507938 0.509781 0.512877 0.517265 0.523000 0.530155 0.538824 0.549126 0.561208 0.572405 0.567906 0.564829 0.563133 0.562800 0.563825 0.566219 0.570014 0.575254 0.582007 0.590360 0.600423 0.612337 0.626271 0.642439 0.661098 0.682567 0.707238 0.735599 0.768256 0.805981 0.849754 0.900849 0.960946 1.000000 0.924534 0.861589 0.808492 0.763292 0.724531 0.691101 0.662145 0.636990 0.615104 0.596061 0.579515 0.565188 0.552852 0.542322 0.533446 0.526104 0.520196 0.515649 0.512842 0.513931 0.516271 0.519891 0.524835 0.531166 0.538966 0.548339 0.559416 0.572356 0.587358 537.500000 1.224234 0.663891
0.741784 0.756369 0.755638 0.750295 0.746813 0.745151 0.745287 0.747224 0.750985 0.756616 0.764187 0.773794 0.776326 0.761716 0.749418 0.739263 0.731118 0.724878 0.720464 0.717822 0.716921 0.717748 0.720315 0.724653 0.730814 0.738876 0.748942 0.761146 0.775653 0.792671 0.812453 0.835312 0.808359 0.784399 0.763606 0.745636 0.730211 0.717104 0.706131 0.697142 0.690021 0.684677 0.681043 0.679074 0.678748 0.680059 0.683024 0.687679 0.694081 0.702311 0.703457 0.686816 0.672527 0.660380 0.650201 0.641855 0.635231 0.630246 0.626836 0.624960 0.624596 0.625739 0.628403 0.632620 0.638442 0.645943 0.655220 0.666396 0.679626 0.695100 0.713053 0.733772 0.757611 0.785006 0.816497 0.852761 0.894651 0.943259 1.000000 0.994543 0.936412 0.886719 0.843966 0.807000 0.774925 0.747033 0.722760 0.701652 0.683341 0.667529 0.653972 0.642472 0.632867 0.625029 0.618855 0.614268 0.611209 0.609643 0.609549 0.610926 0.614635 0.621449 0.629950 0.640251 0.652493 0.666849 0.683536 0.702815 0.725011 0.750522 0.779840 0.785338 0.766607 0.750515 0.736822 0.725337 0.715902 0.708394 0.702718 0.698801 0.696597 0.696079 0.697240 0.700094 0.704676 0.711042 0.719274 0.729476 1403.000000 1.131488 0.834601
0.611209 0.609643 0.609549 0.610926 0.614635 0.621449 0.629950 0.640251 0.652493 0.666849 0.683536 0.702815 0.725011 0.750522 0.779840 0.785338 0.766607 0.750515 0.736822 0.725337 0.715902 0.708394 0.702718 0.698801 0.696597 0.696079 0.697240 0.700094 0.704676 0.711042 0.719274 0.729476 0.741784 0.756369 0.755638 0.750295 0.746813 0.745151 0.745287 0.747224 0.750985 0.756616 0.764187 0.773794 0.776326 0.761716 0.749418 0.739263 0.731118 0.724878 0.720464 0.717822 0.716921 0.717748 0.720315 0.724653 0.730814 0.738876 0.748942 0.761146 0.775653 0.792671 0.812453 0.835312 0.808359 0.784399 0.763606 0.745636 0.730211 0.717104 0.706131 0.697142 0.690021 0.684677 0.681043 0.679074 0.678748 0.680059 0.683024 0.687679 0.694081 0.702311 0.703457 0.686816 0.672527 0.660380 0.650201 0.641855 0.635231 0.630246 0.626836 0.624960 0.624596 0.625739 0.628403 0.632620 0.638442 0.645943 0.655220 0.666396 0.679626 0.695100 0.713053 0.733772 0.757611 0.785006 0.816497 0.852761 0.894651 0.943259 1.000000 0.994543 0.936412 0.886719 0.843966 0.807000 0.774925 0.747033 0.722760 0.701652 0.683341 0.667529 0.653972 0.642472 0.632867 0.625029 0.618855 0.614268 1403.000000 1.131488 0.834601
0.638442 0.645943 0.655220 0.666396 0.679626 0.695100 0.713053 0.733772 0.757611 0.785006 0.816497 0.852761 0.894651 0.943259 1.000000 0.994543 0.936412 0.886719 0.843966 0.807000 0.774925 0.747033 0.722760 0.701652 0.683341 0.667529 0.653972 0.642472 0.632867 0.625029 0.618855 0.614268 0.611209 0.609643 0.609549 0.610926 0.614635 0.621449 0.629950 0.640251 0.652493 0.666849 0.683536 0.702815 0.725011 0.750522 0.779840 0.785338 0.766607 0.750515 0.736822 0.725337 0.715902 0.708394 0.702718 0.698801 0.696597 0.696079 0.697240 0.700094 0.704676 0.711042 0.719274 0.729476 0.741784 0.756369 0.755638 0.750295 0.746813 0.745151 0.745287 0.747224 0.750985 0.756616 0.764187 0.773794 0.776326 0.761716 0.749418 0.739263 0.731118 0.724878 0.720464 0.717822 0.716921 0.717748 0.720315 0.724653 0.730814 0.738876 0.748942 0.761146 0.775653 0.792671 0.812453 0.835312 0.808359 0.784399 0.763606 0.745636 0.730211 0.717104 0.706131 0.697142 0.690021 0.684677 0.681043 0.679074 0.678748 0.680059 0.683024 0.687679 0.694081 0.702311 0.703457 0.686816 0.672527 0.660380 0.650201 0.641855 0.635231 0.630246 0.626836 0.624960 0.624596 0.625739 0.628403 0.632620 1403.000000 1.131488 0.834601
0.808359 0.784399 0.763606 0.745636 0.730211 0.717104 0.706131 0.697142 0.690021 0.684677 0.681043 0.679074 0.678748 0.680059 0.683024 0.687679 0.694081 0.702311 0.703457 0.686816 0.672527 0.660380 0.650201 0.641855 0.635231 0.630246 0.626836 0.624960 0.624596 0.625739 0.628403 0.632620 0.638442 0.645943 0.655220 0.666396 0.679626 0.695100 0.713053 0.733772 0.757611 0.785006 0.816497 0.852761 0.894651 0.943259 1.000000 0.994543 0.936412 0.886719 0.843966 0.807000 0.774925 0.747033 0.722760 0.701652 0.683341 0.667529 0.653972 0.642472 0.632867 0.625029 0.618855 0.614268 0.611209 0.609643 0.609549 0.610926 0.614635 0.621449 0.629950 0.640251 0.652493 0.666849 0.683536 0.702815 0.725011 0.750522 0.779840 0.785338 0.766607 0.750515 0.736822 0.725337 0.715902 0.708394 0.702718 0.698801 0.696597 0.696079 0.697240 0.700094 0.704676 0.711042 0.719274 0.729476 0.741784 0.756369 0.755638 0.750295 0.746813 0.745151 0.745287 0.747224 0.750985 0.756616 0.764187 0.773794 0.776326 0.761716 0.749418 0.739263 0.731118 0.724878 0.720464 0.717822 0.716921 0.717748 0.720315 0.724653 0.730814 0.738876 0.748942 0.761146 0.775653 0.792671 0.812453 0.835312 1403.000000 1.131488 0.834601
0.925737 0.954373 0.987292 0.982583 0.922686 0.871652 0.827857 0.790064 0.757316 0.728861 0.704102 0.682560 0.663848 0.647654 0.633722 0.621842 0.611847 0.603599 0.596990 0.591934 0.588369 0.586250 0.585553 0.586267 0.588403 0.591985 0.600306 0.615541 0.633135 0.653384 0.676656 0.703404 0.734195 0.769744 0.810964 0.859035 0.915509 0.982464 1.000000 0.961712 0.928401 0.899416 0.874227 0.852409 0.833612 0.817554 0.804003 0.792773 0.783714 0.776709 0.771672 0.768539 0.769497 0.781175 0.795158 0.811642 0.830868 0.853132 0.878797 0.908310 0.905829 0.878224 0.854249 0.833502 0.815658 0.800449 0.787661 0.777117 0.768679 0.762239 0.757716 0.755055 0.754223 0.755210 0.758028 0.762712 0.769319 0.762821 0.748529 0.736504 0.726582 0.718632 0.712553 0.708267 0.705722 0.704888 0.705754 0.708331 0.712650 0.718763 0.726749 0.736709 0.741604 0.736402 0.733026 0.731435 0.731609 0.733552 0.737285 0.742856 0.750332 0.759810 0.771412 0.785296 0.801655 0.820729 0.842813 0.868268 0.887055 0.867488 0.850770 0.836662 0.824969 0.815536 0.808242 0.802994 0.799728 0.798404 0.799006 0.801542 0.806041 0.812560 0.821180 0.832011 0.845194 0.860910 0.879379 0.900876 5317.500000 1.160198 0.807255
0.731609 0.733552 0.737285 0.742856 0.750332 0.759810 0.771412 0.785296 0.801655 0.820729 0.842813 0.868268 0.887055 0.867488 0.850770 0.836662 0.824969 0.815536 0.808242 0.802994 0.799728 0.798404 0.799006 0.801542 0.806041 0.812560 0.821180 0.832011 0.845194 0.860910 0.879379 0.900876 0.925737 0.954373 0.987292 0.982583 0.922686 0.871652 0.827857 0.790064 0.757316 0.728861 0.704102 0.682560 0.663848 0.647654 0.633722 0.621842 0.611847 0.603599 0.596990 0.591934 0.588369 0.586250 0.585553 0.586267 0.588403 0.591985 0.600306 0.615541 0.633135 0.653384 0.676656 0.703404 0.734195 0.769744 0.810964 0.859035 0.915509 0.982464 1.000000 0.961712 0.928401 0.899416 0.874227 0.852409 0.833612 0.817554 0.804003 0.792773 0.783714 0.776709 0.771672 0.768539 0.769497 0.781175 0.795158 0.811642 0.830868 0.853132 0.878797 0.908310 0.905829 0.878224 0.854249 0.833502 0.815658 0.800449 0.787661 0.777117 0.768679 0.762239 0.757716 0.755055 0.754223 0.755210 0.758028 0.762712 0.769319 0.762821 0.748529 0.736504 0.726582 0.718632 0.712553 0.708267 0.705722 0.704888 0.705754 0.708331 0.712650 0.718763 0.726749 0.736709 0.741604 0.736402 0.733026 0.731435 5317.500000 1.160198 0.807255
0.815658 0.800449 0.787661 0.777117 0.768679 0.762239 0.757716 0.755055 0.754223 0.755210 0.758028 0.762712 0.769319 0.762821 0.748529 0.736504 0.726582 0.718632 0.712553 0.708267 0.705722 0.704888 0.705754 0.708331 0.712650 0.718763 0.726749 0.736709 0.741604 0.736402 0.733026 0.731435 0.731609 0.733552 0.737285 0.742856 0.750332 0.759810 0.771412 0.785296 0.801655 0.820729 0.842813 0.868268 0.887055 0.867488 0.850770 0.836662 0.824969 0.815536 0.808242 0.802994 0.799728 0.798404 0.799006 0.801542 0.806041 0.812560 0.821180 0.832011 0.845194 0.860910 0.879379 0.900876 0.925737 0.954373 0.987292 0.982583 0.922686 0.871652 0.827857 0.790064 0.757316 0.728861 0.704102 0.682560 0.663848 0.647654 0.633722 0.621842 0.611847 0.603599 0.596990 0.591934 0.588369 0.586250 0.585553 0.586267 0.588403 0.591985 0.600306 0.615541 0.633135 0.653384 0.676656 0.703404 0.734195 0.769744 0.810964 0.859035 0.915509 0.982464 1.000000 0.961712 0.928401 0.899416 0.874227 0.852409 0.833612 0.817554 0.804003 0.792773 0.783714 0.776709 0.771672 0.768539 0.769497 0.781175 0.795158 0.811642 0.830868 0.853132 0.878797 0.908310 0.905829 0.878224 0.854249 0.833502 5317.500000 1.160198 0.807255
0.734195 0.769744 0.810964 0.859035 0.915509 0.982464 1.000000 0.961712 0.928401 0.899416 0.874227 0.852409 0.833612 0.817554 0.804003 0.792773 0.783714 0.776709 0.771672 0.768539 0.769497 0.781175 0.795158 0.811642 0.830868 0.853132 0.878797 0.908310 0.905829 0.878224 0.854249 0.833502 0.815658 0.800449 0.787661 0.777117 0.768679 0.762239 0.757716 0.755055 0.754223 0.755210 0.758028 0.762712 0.769319 0.762821 0.748529 0.736504 0.726582 0.718632 0.712553 0.708267 0.705722 0.704888 0.705754 0.708331 0.712650 0.718763 0.726749 0.736709 0.741604 0.736402 0.733026 0.731435 0.731609 0.733552 0.737285 0.742856 0.750332 0.759810 0.771412 0.785296 0.801655 0.820729 0.842813 0.868268 0.887055 0.867488 0.850770 0.836662 0.824969 0.815536 0.808242 0.802994 0.799728 0.798404 0.799006 0.801542 0.806041 0.812560 0.821180 0.832011 0.845194 0.860910 0.879379 0.900876 0.925737 0.954373 0.987292 0.982583 0.922686 0.871652 0.827857 0.790064 0.757316 0.728861 0.704102 0.682560 0.663848 0.647654 0.633722 0.621842 0.611847 0.603599 0.596990 0.591934 0.588369 0.586250 0.585553 0.586267 0.588403 0.591985 0.600306 0.615541 0.633135 0.653384 0.676656 0.703404 5317.500000 1.160198 0.807255
0.884706 0.853173 0.825732 0.801872 0.781182 0.763325 0.748028 0.735068 0.724265 0.715473 0.708579 0.703495 0.700158 0.698528 0.698584 0.700327 0.703779 0.708982 0.715999 0.724921 0.735863 0.748973 0.764433 0.782470 0.803360 0.827445 0.855142 0.886968 0.923566 0.965741 0.940988 0.900157 0.864720 0.833899 0.807078 0.783757 0.763534 0.746081 0.731130 0.718463 0.707903 0.699310 0.692572 0.687603 0.684341 0.682748 0.682802 0.684506 0.687880 0.692965 0.699825 0.708545 0.719240 0.732053 0.747164 0.764793 0.785212 0.808753 0.835824 0.866931 0.902703 0.943924 0.975904 0.934236 0.898056 0.866584 0.839196 0.815390 0.794760 0.776973 0.761760 0.748901 0.738217 0.729567 0.722839 0.717948 0.714832 0.713455 0.713800 0.715870 0.719691 0.725310 0.732797 0.742246 0.753782 0.767561 0.783776 0.802666 0.824525 0.849712 0.878670 0.911946 0.950221 0.926589 0.887315 0.853208 0.823535 0.797715 0.775275 0.755835 0.739082 0.724764 0.712675 0.702647 0.694547 0.688272 0.683741 0.680899 0.679711 0.680163 0.682260 0.686029 0.691514 0.698785 0.707933 0.719080 0.732376 0.748009 0.766210 0.787263 0.811516 0.839397 0.871435 0.908292 0.950796 1.000000 0.962736 0.920962 506.000000 1.045123 0.784493
0.823535 0.797715 0.775275 0.755835 0.739082 0.724764 0.712675 0.702647 0.694547 0.688272 0.683741 0.680899 0.679711 0.680163 0.682260 0.686029 0.691514 0.698785 0.707933 0.719080 0.732376 0.748009 0.766210 0.787263 0.811516 0.839397 0.871435 0.908292 0.950796 1.000000 0.962736 0.920962 0.884706 0.853173 0.825732 0.801872 0.781182 0.763325 0.748028 0.735068 0.724265 0.715473 0.708579 0.703495 0.700158 0.698528 0.698584 0.700327 0.703779 0.708982 0.715999 0.724921 0.735863 0.748973 0.764433 0.782470 0.803360 0.827445 0.855142 0.886968 0.923566 0.965741 0.940988 0.900157 0.864720 0.833899 0.807078 0.783757 0.763534 0.746081 0.731130 0.718463 0.707903 0.699310 0.692572 0.687603 0.684341 0.682748 0.682802 0.684506 0.687880 0.692965 0.699825 0.708545 0.719240 0.732053 0.747164 0.764793 0.785212 0.808753 0.835824 0.866931 0.902703 0.943924 0.975904 0.934236 0.898056 0.866584 0.839196 0.815390 0.794760 0.776973 0.761760 0.748901 0.738217 0.729567 0.722839 0.717948 0.714832 0.713455 0.713800 0.715870 0.719691 0.725310 0.732797 0.742246 0.753782 0.767561 0.783776 0.802666 0.824525 0.849712 0.878670 0.911946 0.950221 0.926589 0.887315 0.853208 506.000000 1.045123 0.784493
0.898056 0.866584 0.839196 0.815390 0.794760 0.776973 0.761760 0.748901 0.738217 0.729567 0.722839 0.717948 0.714832 0.713455 0.713800 0.715870 0.719691 0.725310 0.732797 0.742246 0.753782 0.767561 0.783776 0.802666 0.824525 0.849712 0.878670 0.911946 0.950221 0.926589 0.887315 0.853208 0.823535 0.797715 0.775275 0.755835 0.739082 0.724764 0.712675 0.702647 0.694547 0.688272 0.683741 0.680899 0.679711 0.680163 0.682260 0.686029 0.691514 0.698785 0.707933 0.719080 0.732376 0.748009 0.766210 0.787263 0.811516 0.839397 0.871435 0.908292 0.950796 1.000000 0.962736 0.920962 0.884706 0.853173 0.825732 0.801872 0.781182 0.763325 0.748028 0.735068 0.724265 0.715473 0.708579 0.703495 0.700158 0.698528 0.698584 0.700327 0.703779 0.708982 0.715999 0.724921 0.735863 0.748973 0.764433 0.782470 0.803360 0.827445 0.855142 0.886968 0.923566 0.965741 0.940988 0.900157 0.864720 0.833899 0.807078 0.783757 0.763534 0.746081 0.731130 0.718463 0.707903 0.699310 0.692572 0.687603 0.684341 0.682748 0.682802 0.684506 0.687880 0.692965 0.699825 0.708545 0.719240 0.732053 0.747164 0.764793 0.785212 0.808753 0.835824 0.866931 0.902703 0.943924 0.975904 0.934236 506.000000 1.045123 0.784493
0.864720 0.833899 0.807078 0.783757 0.763534 0.746081 0.731130 0.718463 0.707903 0.699310 0.692572 0.687603 0.684341 0.682748 0.682802 0.684506 0.687880 0.692965 0.699825 0.708545 0.719240 0.732053 0.747164 0.764793 0.785212 0.808753 0.835824 0.866931 0.902703 0.943924 0.975904 0.934236 0.898056 0.866584 0.839196 0.815390 0.794760 0.776973 0.761760 0.748901 0.738217 0.729567 0.722839 0.717948 0.714832 0.713455 0.713800 0.715870 0.719691 0.725310 0.732797 0.742246 0.753782 0.767561 0.783776 0.802666 0.824525 0.849712 0.878670 0.911946 0.950221 0.926589 0.887315 0.853208 0.823535 0.797715 0.775275 0.755835 0.739082 0.724764 0.712675 0.702647 0.694547 0.688272 0.683741 0.680899 0.679711 0.680163 0.682260 0.686029 0.691514 0.698785 0.707933 0.719080 0.732376 0.748009 0.766210 0.787263 0.811516 0.839397 0.871435 0.908292 0.950796 1.000000 0.962736 0.920962 0.884706 0.853173 0.825732 0.801872 0.781182 0.763325 0.748028 0.735068 0.724265 0.715473 0.708579 0.703495 0.700158 0.698528 0.698584 0.700327 0.703779 0.708982 0.715999 0.724921 0.735863 0.748973 0.764433 0.782470 0.803360 0.827445 0.855142 0.886968 0.923566 0.965741 0.940988 0.900157 506.000000 1.045123 0.784493
0.762042 0.739074 0.719132 0.701884 0.687060 0.674441 0.663848 0.655136 0.648191 0.642924 0.639270 0.637183 0.636639 0.637631 0.640170 0.644288 0.650035 0.657229 0.665131 0.674871 0.686580 0.700418 0.716588 0.735335 0.756963 0.781841 0.810430 0.843297 0.881155 0.924905 0.975699 1.000000 0.917727 0.849855 0.793109 0.745150 0.704260 0.669153 0.638845 0.612576 0.589746 0.569881 0.552598 0.537589 0.524605 0.513441 0.503930 0.495939 0.489358 0.484100 0.480098 0.480261 0.489673 0.500692 0.513484 0.528253 0.545248 0.564780 0.587230 0.613076 0.642923 0.677540 0.717926 0.765392 0.821698 0.889259 0.971475 0.965624 0.921050 0.882442 0.848903 0.819722 0.794331 0.772271 0.753168 0.736719 0.722677 0.710841 0.701048 0.693168 0.687101 0.682769 0.680120 0.678785 0.678772 0.680398 0.683683 0.688667 0.695412 0.704003 0.714552 0.727201 0.742125 0.759543 0.779722 0.802990 0.829749 0.860498 0.895854 0.821795 0.733319 0.663486 0.607132 0.560846 0.522288 0.489794 0.474047 0.480706 0.488749 0.498286 0.509455 0.522423 0.537397 0.554630 0.574435 0.597199 0.623405 0.653664 0.688754 0.729682 0.777775 0.834807 0.903212 0.940588 0.893958 0.853691 0.818784 0.788444 4233.000000 1.064181 0.604685
0.829749 0.860498 0.895854 0.821795 0.733319 0.663486 0.607132 0.560846 0.522288 0.489794 0.474047 0.480706 0.488749 0.498286 0.509455 0.522423 0.537397 0.554630 0.574435 0.597199 0.623405 0.653664 0.688754 0.729682 0.777775 0.834807 0.903212 0.940588 0.893958 0.853691 0.818784 0.788444 0.762042 0.739074 0.719132 0.701884 0.687060 0.674441 0.663848 0.655136 0.648191 0.642924 0.639270 0.637183 0.636639 0.637631 0.640170 0.644288 0.650035 0.657229 0.665131 0.674871 0.686580 0.700418 0.716588 0.735335 0.756963 0.781841 0.810430 0.843297 0.881155 0.924905 0.975699 1.000000 0.917727 0.849855 0.793109 0.745150 0.704260 0.669153 0.638845 0.612576 0.589746 0.569881 0.552598 0.537589 0.524605 0.513441 0.503930 0.495939 0.489358 0.484100 0.480098 0.480261 0.489673 0.500692 0.513484 0.528253 0.545248 0.564780 0.587230 0.613076 0.642923 0.677540 0.717926 0.765392 0.821698 0.889259 0.971475 0.965624 0.921050 0.882442 0.848903 0.819722 0.794331 0.772271 0.753168 0.736719 0.722677 0.710841 0.701048 0.693168 0.687101 0.682769 0.680120 0.678785 0.678772 0.680398 0.683683 0.688667 0.695412 0.704003 0.714552 0.727201 0.742125 0.759543 0.779722 0.802990 4233.000000 1.064181 0.604685
0.821698 0.889259 0.971475 0.965624 0.921050 0.882442 0.848903 0.819722 0.794331 0.772271 0.753168 0.736719 0.722677 0.710841 0.701048 0.693168 0.687101 0.682769 0.680120 0.678785 0.678772 0.680398 0.683683 0.688667 0.695412 0.704003 0.714552 0.727201 0.742125 0.759543 0.779722 0.802990 0.829749 0.860498 0.895854 0.821795 0.733319 0.663486 0.607132 0.560846 0.522288 0.489794 0.474047 0.480706 0.488749 0.498286 0.509455 0.522423 0.537397 0.554630 0.574435 0.597199 0.623405 0.653664 0.688754 0.729682 0.777775 0.834807 0.903212 0.940588 0.893958 0.853691 0.818784 0.788444 0.762042 0.739074 0.719132 0.701884 0.687060 0.674441 0.663848 0.655136 0.648191 0.642924 0.639270 0.637183 0.636639 0.637631 0.640170 0.644288 0.650035 0.657229 0.665131 0.674871 0.686580 0.700418 0.716588 0.735335 0.756963 0.781841 0.810430 0.843297 0.881155 0.924905 0.975699 1.000000 0.917727 0.849855 0.793109 0.745150 0.704260 0.669153 0.638845 0.612576 0.589746 0.569881 0.552598 0.537589 0.524605 0.513441 0.503930 0.495939 0.489358 0.484100 0.480098 0.480261 0.489673 0.500692 0.513484 0.528253 0.545248 0.564780 0.587230 0.613076 0.642923 0.677540 0.717926 0.765392 4233.000000 1.064181 0.604685
0.917727 0.849855 0.793109 0.745150 0.704260 0.669153 0.638845 0.612576 0.589746 0.569881 0.552598 0.537589 0.524605 0.513441 0.503930 0.495939 0.489358 0.484100 0.480098 0.480261 0.489673 0.500692 0.513484 0.528253 0.545248 0.564780 0.587230 0.613076 0.642923 0.677540 0.717926 0.765392 0.821698 0.889259 0.971475 0.965624 0.921050 0.882442 0.848903 0.819722 0.794331 0.772271 0.753168 0.736719 0.722677 0.710841 0.701048 0.693168 0.687101 0.682769 0.680120 0.678785 0.678772 0.680398 0.683683 0.688667 0.695412 0.704003 0.714552 0.727201 0.742125 0.759543 0.779722 0.802990 0.829749 0.860498 0.895854 0.821795 0.733319 0.663486 0.607132 0.560846 0.522288 0.489794 0.474047 0.480706 0.488749 0.498286 0.509455 0.522423 0.537397 0.554630 0.574435 0.597199 0.623405 0.653664 0.688754 0.729682 0.777775 0.834807 0.903212 0.940588 0.893958 0.853691 0.818784 0.788444 0.762042 0.739074 0.719132 0.701884 0.687060 0.674441 0.663848 0.655136 0.648191 0.642924 0.639270 0.637183 0.636639 0.637631 0.640170 0.644288 0.650035 0.657229 0.665131 0.674871 0.686580 0.700418 0.716588 0.735335 0.756963 0.781841 0.810430 0.843297 0.881155 0.924905 0.975699 1.000000 4233.000000 1.064181 0.604685
0.656943 0.646042 0.637463 0.644090 0.652445 0.662637 0.674804 0.689117 0.705787 0.725075 0.747296 0.772844 0.802201 0.835971 0.874908 0.919974 0.972406 1.000000 0.938879 0.886812 0.842139 0.803594 0.770197 0.741179 0.715931 0.693963 0.674881 0.658364 0.644150 0.632028 0.621823 0.612183 0.600844 0.591316 0.583469 0.577200 0.572428 0.569095 0.567158 0.566595 0.567399 0.569579 0.573162 0.578192 0.584733 0.592867 0.602704 0.614378 0.628055 0.642822 0.659185 0.678078 0.699823 0.724812 0.753534 0.786600 0.824778 0.869053 0.920694 0.942651 0.913554 0.888276 0.866390 0.847549 0.831471 0.817925 0.806725 0.797724 0.790806 0.785884 0.782897 0.781809 0.782607 0.785300 0.789921 0.796528 0.805201 0.816054 0.829228 0.844903 0.838848 0.800532 0.767331 0.738483 0.713382 0.691542 0.672571 0.656153 0.642026 0.629981 0.619845 0.611480 0.604776 0.599645 0.596025 0.593870 0.593155 0.593870 0.596025 0.599645 0.604776 0.611480 0.619845 0.625462 0.632166 0.640576 0.650801 0.662981 0.677289 0.693936 0.713183 0.735351 0.760833 0.790116 0.823807 0.862671 0.907678 0.960079 0.927559 0.880067 0.839124 0.803672 0.772880 0.746092 0.722781 0.702524 0.684977 0.669859 7943.000000 1.199527 0.743589
0.593155 0.593870 0.596025 0.599645 0.604776 0.611480 0.619845 0.625462 0.632166 0.640576 0.650801 0.662981 0.677289 0.693936 0.713183 0.735351 0.760833 0.790116 0.823807 0.862671 0.907678 0.960079 0.927559 0.880067 0.839124 0.803672 0.772880 0.746092 0.722781 0.702524 0.684977 0.669859 0.656943 0.646042 0.637463 0.644090 0.652445 0.662637 0.674804 0.689117 0.705787 0.725075 0.747296 0.772844 0.802201 0.835971 0.874908 0.919974 0.972406 1.000000 0.938879 0.886812 0.842139 0.803594 0.770197 0.741179 0.715931 0.693963 0.674881 0.658364 0.644150 0.632028 0.621823 0.612183 0.600844 0.591316 0.583469 0.577200 0.572428 0.569095 0.567158 0.566595 0.567399 0.569579 0.573162 0.578192 0.584733 0.592867 0.602704 0.614378 0.628055 0.642822 0.659185 0.678078 0.699823 0.724812 0.753534 0.786600 0.824778 0.869053 0.920694 0.942651 0.913554 0.888276 0.866390 0.847549 0.831471 0.817925 0.806725 0.797724 0.790806 0.785884 0.782897 0.781809 0.782607 0.785300 0.789921 0.796528 0.805201 0.816054 0.829228 0.844903 0.838848 0.800532 0.767331 0.738483 0.713382 0.691542 0.672571 0.656153 0.642026 0.629981 0.619845 0.611480 0.604776 0.599645 0.596025 0.593870 7943.000000 1.199527 0.743589
0.831471 0.817925 0.806725 0.797724 0.790806 0.785884 0.782897 0.781809 0.782607 0.785300 0.789921 0.796528 0.805201 0.816054 0.829228 0.844903 0.838848 0.800532 0.767331 0.738483 0.713382 0.691542 0.672571 0.656153 0.642026 0.629981 0.619845 0.611480 0.604776 0.599645 0.596025 0.593870 0.593155 0.593870 0.596025 0.599645 0.604776 0.611480 0.619845 0.625462 0.632166 0.640576 0.650801 0.662981 0.677289 0.693936 0.713183 0.735351 0.760833 0.790116 0.823807 0.862671 0.907678 0.960079 0.927559 0.880067 0.839124 0.803672 0.772880 0.746092 0.722781 0.702524 0.684977 0.669859 0.656943 0.646042 0.637463 0.644090 0.652445 0.662637 0.674804 0.689117 0.705787 0.725075 0.747296 0.772844 0.802201 0.835971 0.874908 0.919974 0.972406 1.000000 0.938879 0.886812 0.842139 0.803594 0.770197 0.741179 0.715931 0.693963 0.674881 0.658364 0.644150 0.632028 0.621823 0.612183 0.600844 0.591316 0.583469 0.577200 0.572428 0.569095 0.567158 0.566595 0.567399 0.569579 0.573162 0.578192 0.584733 0.592867 0.602704 0.614378 0.628055 0.642822 0.659185 0.678078 0.699823 0.724812 0.753534 0.786600 0.824778 0.869053 0.920694 0.942651 0.913554 0.888276 0.866390 0.847549 7943.000000 1.199527 0.743589
0.600844 0.591316 0.583469 0.577200 0.572428 0.569095 0.567158 0.566595 0.567399 0.569579 0.573162 0.578192 0.584733 0.592867 0.602704 0.614378 0.628055 0.642822 0.659185 0.678078 0.699823 0.724812 0.753534 0.786600 0.824778 0.869053 0.920694 0.942651 0.913554 0.888276 0.866390 0.847549 0.831471 0.817925 0.806725 0.797724 0.790806 0.785884 0.782897 0.781809 0.782607 0.785300 0.789921 0.796528 0.805201 0.816054 0.829228 0.844903 0.838848 0.800532 0.767331 0.738483 0.713382 0.691542 0.672571 0.656153 0.642026 0.629981 0.619845 0.611480 0.604776 0.599645 0.596025 0.593870 0.593155 0.593870 0.596025 0.599645 0.604776 0.611480 0.619845 0.625462 0.632166 0.640576 0.650801 0.662981 0.677289 0.693936 0.713183 0.735351 0.760833 0.790116 0.823807 0.862671 0.907678 0.960079 0.927559 0.880067 0.839124 0.803672 0.772880 0.746092 0.722781 0.702524 0.684977 0.669859 0.656943 0.646042 0.637463 0.644090 0.652445 0.662637 0.674804 0.689117 0.705787 0.725075 0.747296 0.772844 0.802201 0.835971 0.874908 0.919974 0.972406 1.000000 0.938879 0.886812 0.842139 0.803594 0.770197 0.741179 0.715931 0.693963 0.674881 0.658364 0.644150 0.632028 0.621823 0.612183 7943.000000 1.199527 0.743589
0.782606 0.809357 0.759387 0.716855 0.680387 0.648937 0.621698 0.598036 0.577449 0.559536 0.543972 0.530493 0.518886 0.508976 0.500621 0.493706 0.488140 0.483850 0.480783 0.478901 0.478181 0.478615 0.480207 0.482978 0.486960 0.492205 0.498778 0.506767 0.516279 0.527451 0.540448 0.555473 0.572777 0.592667 0.615525 0.641825 0.672164 0.707302 0.748219 0.796196 0.852943 0.920788 1.000000 0.902760 0.824566 0.760524 0.707294 0.662520 0.624491 0.591940 0.563906 0.539648 0.518589 0.500272 0.484331 0.470474 0.458461 0.448099 0.439229 0.431724 0.425479 0.420410 0.416452 0.413555 0.411683 0.410813 0.410935 0.412050 0.414171 0.417324 0.421550 0.426901 0.433447 0.441276 0.450499 0.461250 0.473697 0.488042 0.504536 0.523490 0.545288 0.570414 0.599481 0.633278 0.672831 0.719502 0.775137 0.842297 0.924637 0.944734 0.875352 0.817297 0.768200 0.726318 0.690343 0.659278 0.632346 0.608937 0.588566 0.570846 0.555460 0.542153 0.530718 0.520985 0.512815 0.506098 0.500745 0.496688 0.493877 0.492277 0.491868 0.492646 0.494619 0.497813 0.502266 0.508034 0.515192 0.523835 0.534081 0.546077 0.560005 0.576086 0.594593 0.615862 0.640308 0.668452 0.700950 0.738640 12656.500000 1.268829 0.591718
0.632346 0.608937 0.588566 0.570846 0.555460 0.542153 0.530718 0.520985 0.512815 0.506098 0.500745 0.496688 0.493877 0.492277 0.491868 0.492646 0.494619 0.497813 0.502266 0.508034 0.515192 0.523835 0.534081 0.546077 0.560005 0.576086 0.594593 0.615862 0.640308 0.668452 0.700950 0.738640 0.782606 0.809357 0.759387 0.716855 0.680387 0.648937 0.621698 0.598036 0.577449 0.559536 0.543972 0.530493 0.518886 0.508976 0.500621 0.493706 0.488140 0.483850 0.480783 0.478901 0.478181 0.478615 0.480207 0.482978 0.486960 0.492205 0.498778 0.506767 0.516279 0.527451 0.540448 0.555473 0.572777 0.592667 0.615525 0.641825 0.672164 0.707302 0.748219 0.796196 0.852943 0.920788 1.000000 0.902760 0.824566 0.760524 0.707294 0.662520 0.624491 0.591940 0.563906 0.539648 0.518589 0.500272 0.484331 0.470474 0.458461 0.448099 0.439229 0.431724 0.425479 0.420410 0.416452 0.413555 0.411683 0.410813 0.410935 0.412050 0.414171 0.417324 0.421550 0.426901 0.433447 0.441276 0.450499 0.461250 0.473697 0.488042 0.504536 0.523490 0.545288 0.570414 0.599481 0.633278 0.672831 0.719502 0.775137 0.842297 0.924637 0.944734 0.875352 0.817297 0.768200 0.726318 0.690343 0.659278 12656.500000 1.268829 0.591718
0.411683 0.410813 0.410935 0.412050 0.414171 0.417324 0.421550 0.426901 0.433447 0.441276 0.450499 0.461250 0.473697 0.488042 0.504536 0.523490 0.545288 0.570414 0.599481 0.633278 0.672831 0.719502 0.775137 0.842297 0.924637 0.944734 0.875352 0.817297 0.768200 0.726318 0.690343 0.659278 0.632346 0.608937 0.588566 0.570846 0.555460 0.542153 0.530718 0.520985 0.512815 0.506098 0.500745 0.496688 0.493877 0.492277 0.491868 0.492646 0.494619 0.497813 0.502266 0.508034 0.515192 0.523835 0.534081 0.546077 0.560005 0.576086 0.594593 0.615862 0.640308 0.668452 0.700950 0.738640 0.782606 0.809357 0.759387 0.716855 0.680387 0.648937 0.621698 0.598036 0.577449 0.559536 0.543972 0.530493 0.518886 0.508976 0.500621 0.493706 0.488140 0.483850 0.480783 0.478901 0.478181 0.478615 0.480207 0.482978 0.486960 0.492205 0.498778 0.506767 0.516279 0.527451 0.540448 0.555473 0.572777 0.592667 0.615525 0.641825 0.672164 0.707302 0.748219 0.796196 0.852943 0.920788 1.000000 0.902760 0.824566 0.760524 0.707294 0.662520 0.624491 0.591940 0.563906 0.539648 0.518589 0.500272 0.484331 0.470474 0.458461 0.448099 0.439229 0.431724 0.425479 0.420410 0.416452 0.413555 12656.500000 1.268829 0.591718
0.572777 0.592667 0.615525 0.641825 0.672164 0.707302 0.748219 0.796196 0.852943 0.920788 1.000000 0.902760 0.824566 0.760524 0.707294 0.662520 0.624491 0.591940 0.563906 0.539648 0.518589 0.500272 0.484331 0.470474 0.458461 0.448099 0.439229 0.431724 0.425479 0.420410 0.416452 0.413555 0.411683 0.410813 0.410935 0.412050 0.414171 0.417324 0.421550 0.426901 0.433447 0.441276 0.450499 0.461250 0.473697 0.488042 0.504536 0.523490 0.545288 0.570414 0.599481 0.633278 0.672831 0.719502 0.775137 0.842297 0.924637 0.944734 0.875352 0.817297 0.768200 0.726318 0.690343 0.659278 0.632346 0.608937 0.588566 0.570846 0.555460 0.542153 0.530718 0.520985 0.512815 0.506098 0.500745 0.496688 0.493877 0.492277 0.491868 0.492646 0.494619 0.497813 0.502266 0.508034 0.515192 0.523835 0.534081 0.546077 0.560005 0.576086 0.594593 0.615862 0.640308 0.668452 0.700950 0.738640 0.782606 0.809357 0.759387 0.716855 0.680387 0.648937 0.621698 0.598036 0.577449 0.559536 0.543972 0.530493 0.518886 0.508976 0.500621 0.493706 0.488140 0.483850 0.480783 0.478901 0.478181 0.478615 0.480207 0.482978 0.486960 0.492205 0.498778 0.506767 0.516279 0.527451 0.540448 0.555473 12656.500000 1.268829 0.591718
0.895501 0.963817 1.000000 0.922549 0.858152 0.803970 0.757940 0.718533 0.684589 0.655214 0.629711 0.607528 0.588224 0.571443 0.556897 0.544352 0.533617 0.524536 0.516984 0.510860 0.506084 0.502596 0.500352 0.499327 0.499506 0.500893 0.503504 0.507371 0.512542 0.519083 0.527079 0.536638 0.547895 0.561015 0.576201 0.593701 0.613824 0.636946 0.628435 0.619488 0.612246 0.606616 0.602526 0.599928 0.598787 0.599092 0.600846 0.604069 0.608801 0.615102 0.623051 0.632752 0.644338 0.657970 0.673850 0.692224 0.713395 0.737736 0.765706 0.797878 0.834972 0.877901 0.853991 0.811174 0.774222 0.742199 0.714373 0.690161 0.669095 0.650799 0.634965 0.621345 0.609735 0.599970 0.591917 0.585468 0.580542 0.577076 0.575029 0.574375 0.575107 0.577233 0.580778 0.585788 0.592324 0.600471 0.610336 0.622054 0.635792 0.651756 0.670199 0.691430 0.715832 0.711902 0.680914 0.654022 0.630635 0.610282 0.592584 0.577236 0.563987 0.552634 0.543011 0.534985 0.528446 0.523312 0.519515 0.517010 0.515765 0.515766 0.517013 0.519520 0.523318 0.528455 0.534995 0.543024 0.552649 0.564005 0.577257 0.592609 0.610310 0.630667 0.654059 0.680957 0.711951 0.747788 0.789427 0.838114 4895.000000 1.420651 0.722976
0.630635 0.610282 0.592584 0.577236 0.563987 0.552634 0.543011 0.534985 0.528446 0.523312 0.519515 0.517010 0.515765 0.515766 0.517013 0.519520 0.523318 0.528455 0.534995 0.543024 0.552649 0.564005 0.577257 0.592609 0.610310 0.630667 0.654059 0.680957 0.711951 0.747788 0.789427 0.838114 0.895501 0.963817 1.000000 0.922549 0.858152 0.803970 0.757940 0.718533 0.684589 0.655214 0.629711 0.607528 0.588224 0.571443 0.556897 0.544352 0.533617 0.524536 0.516984 0.510860 0.506084 0.502596 0.500352 0.499327 0.499506 0.500893 0.503504 0.507371 0.512542 0.519083 0.527079 0.536638 0.547895 0.561015 0.576201 0.593701 0.613824 0.636946 0.628435 0.619488 0.612246 0.606616 0.602526 0.599928 0.598787 0.599092 0.600846 0.604069 0.608801 0.615102 0.623051 0.632752 0.644338 0.657970 0.673850 0.692224 0.713395 0.737736 0.765706 0.797878 0.834972 0.877901 0.853991 0.811174 0.774222 0.742199 0.714373 0.690161 0.669095 0.650799 0.634965 0.621345 0.609735 0.599970 0.591917 0.585468 0.580542 0.577076 0.575029 0.574375 0.575107 0.577233 0.580778 0.585788 0.592324 0.600471 0.610336 0.622054 0.635792 0.651756 0.670199 0.691430 0.715832 0.711902 0.680914 0.654022 4895.000000 1.420651 0.722976
0.774222 0.742199 0.714373 0.690161 0.669095 0.650799 0.634965 0.621345 0.609735 0.599970 0.591917 0.585468 0.580542 0.577076 0.575029 0.574375 0.575107 0.577233 0.580778 0.585788 0.592324 0.600471 0.610336 0.622054 0.635792 0.651756 0.670199 0.691430 0.715832 0.711902 0.680914 0.654022 0.630635 0.610282 0.592584 0.577236 0.563987 0.552634 0.543011 0.534985 0.528446 0.523312 0.519515 0.517010 0.515765 0.515766 0.517013 0.519520 0.523318 0.528455 0.534995 0.543024 0.552649 0.564005 0.577257 0.592609 0.610310 0.630667 0.654059 0.680957 0.711951 0.747788 0.789427 0.838114 0.895501 0.963817 1.000000 0.922549 0.858152 0.803970 0.757940 0.718533 0.684589 0.655214 0.629711 0.607528 0.588224 0.571443 0.556897 0.544352 0.533617 0.524536 0.516984 0.510860 0.506084 0.502596 0.500352 0.499327 0.499506 0.500893 0.503504 0.507371 0.512542 0.519083 0.527079 0.536638 0.547895 0.561015 0.576201 0.593701 0.613824 0.636946 0.628435 0.619488 0.612246 0.606616 0.602526 0.599928 0.598787 0.599092 0.600846 0.604069 0.608801 0.615102 0.623051 0.632752 0.644338 0.657970 0.673850 0.692224 0.713395 0.737736 0.765706 0.797878 0.834972 0.877901 0.853991 0.811174 4895.000000 1.420651 0.722976
0.547895 0.561015 0.576201 0.593701 0.613824 0.636946 0.628435 0.619488 0.612246 0.606616 0.602526 0.599928 0.598787 0.599092 0.600846 0.604069 0.608801 0.615102 0.623051 0.632752 0.644338 0.657970 0.673850 0.692224 0.713395 0.737736 0.765706 0.797878 0.834972 0.877901 0.853991 0.811174 0.774222 0.742199 0.714373 0.690161 0.669095 0.650799 0.634965 0.621345 0.609735 0.599970 0.591917 0.585468 0.580542 0.577076 0.575029 0.574375 0.575107 0.577233 0.580778 0.585788 0.592324 0.600471 0.610336 0.622054 0.635792 0.651756 0.670199 0.691430 0.715832 0.711902 0.680914 0.654022 0.630635 0.610282 0.592584 0.577236 0.563987 0.552634 0.543011 0.534985 0.528446 0.523312 0.519515 0.517010 0.515765 0.515766 0.517013 0.519520 0.523318 0.528455 0.534995 0.543024 0.552649 0.564005 0.577257 0.592609 0.610310 0.630667 0.654059 0.680957 0.711951 0.747788 0.789427 0.838114 0.895501 0.963817 1.000000 0.922549 0.858152 0.803970 0.757940 0.718533 0.684589 0.655214 0.629711 0.607528 0.588224 0.571443 0.556897 0.544352 0.533617 0.524536 0.516984 0.510860 0.506084 0.502596 0.500352 0.499327 0.499506 0.500893 0.503504 0.507371 0.512542 0.519083 0.527079 0.536638 4895.000000 1.420651 0.722976
0.638504 0.610506 0.586213 0.565089 0.546705 0.530718 0.516850 0.504873 0.494603 0.485889 0.478611 0.472669 0.467987 0.464504 0.462178 0.460981 0.460897 0.461925 0.464079 0.467384 0.471881 0.477628 0.484699 0.493188 0.503213 0.514921 0.528490 0.544140 0.562141 0.582825 0.606607 0.634005 0.665674 0.702455 0.745439 0.796069 0.856290 0.928790 1.000000 0.886420 0.797735 0.726773 0.668884 0.620923 0.580684 0.546580 0.517438 0.492371 0.470703 0.451904 0.435558 0.421333 0.408962 0.398228 0.388957 0.381004 0.374254 0.368611 0.364000 0.360360 0.357645 0.355822 0.354868 0.354771 0.355531 0.357156 0.359666 0.363093 0.367480 0.372883 0.379375 0.387046 0.396008 0.406396 0.418379 0.432164 0.448003 0.466214 0.487191 0.511435 0.539586 0.572477 0.611205 0.657252 0.712659 0.780321 0.864479 0.971609 0.919090 0.851035 0.794144 0.746068 0.705082 0.669895 0.639520 0.613194 0.590315 0.570407 0.553086 0.538045 0.525031 0.513841 0.504307 0.496295 0.489694 0.484418 0.480400 0.477589 0.475951 0.475465 0.476126 0.477942 0.480935 0.485142 0.490616 0.497426 0.505664 0.515441 0.526899 0.540208 0.555580 0.573275 0.593611 0.616983 0.643886 0.674943 0.708529 0.670887 2215.000000 1.522076 0.565266
0.590315 0.570407 0.553086 0.538045 0.525031 0.513841 0.504307 0.496295 0.489694 0.484418 0.480400 0.477589 0.475951 0.475465 0.476126 0.477942 0.480935 0.485142 0.490616 0.497426 0.505664 0.515441 0.526899 0.540208 0.555580 0.573275 0.593611 0.616983 0.643886 0.674943 0.708529 0.670887 0.638504 0.610506 0.586213 0.565089 0.546705 0.530718 0.516850 0.504873 0.494603 0.485889 0.478611 0.472669 0.467987 0.464504 0.462178 0.460981 0.460897 0.461925 0.464079 0.467384 0.471881 0.477628 0.484699 0.493188 0.503213 0.514921 0.528490 0.544140 0.562141 0.582825 0.606607 0.634005 0.665674 0.702455 0.745439 0.796069 0.856290 0.928790 1.000000 0.886420 0.797735 0.726773 0.668884 0.620923 0.580684 0.546580 0.517438 0.492371 0.470703 0.451904 0.435558 0.421333 0.408962 0.398228 0.388957 0.381004 0.374254 0.368611 0.364000 0.360360 0.357645 0.355822 0.354868 0.354771 0.355531 0.357156 0.359666 0.363093 0.367480 0.372883 0.379375 0.387046 0.396008 0.406396 0.418379 0.432164 0.448003 0.466214 0.487191 0.511435 0.539586 0.572477 0.611205 0.657252 0.712659 0.780321 0.864479 0.971609 0.919090 0.851035 0.794144 0.746068 0.705082 0.669895 0.639520 0.613194 2215.000000 1.522076 0.565266
0.355531 0.357156 0.359666 0.363093 0.367480 0.372883 0.379375 0.387046 0.396008 0.406396 0.418379 0.432164 0.448003 0.466214 0.487191 0.511435 0.539586 0.572477 0.611205 0.657252 0.712659 0.780321 0.864479 0.971609 0.919090 0.851035 0.794144 0.746068 0.705082 0.669895 0.639520 0.613194 0.590315 0.570407 0.553086 0.538045 0.525031 0.513841 0.504307 0.496295 0.489694 0.484418 0.480400 0.477589 0.475951 0.475465 0.476126 0.477942 0.480935 0.485142 0.490616 0.497426 0.505664 0.515441 0.526899 0.540208 0.555580 0.573275 0.593611 0.616983 0.643886 0.674943 0.708529 0.670887 0.638504 0.610506 0.586213 0.565089 0.546705 0.530718 0.516850 0.504873 0.494603 0.485889 0.478611 0.472669 0.467987 0.464504 0.462178 0.460981 0.460897 0.461925 0.464079 0.467384 0.471881 0.477628 0.484699 0.493188 0.503213 0.514921 0.528490 0.544140 0.562141 0.582825 0.606607 0.634005 0.665674 0.702455 0.745439 0.796069 0.856290 0.928790 1.000000 0.886420 0.797735 0.726773 0.668884 0.620923 0.580684 0.546580 0.517438 0.492371 0.470703 0.451904 0.435558 0.421333 0.408962 0.398228 0.388957 0.381004 0.374254 0.368611 0.364000 0.360360 0.357645 0.355822 0.354868 0.354771 2215.000000 1.522076 0.565266
0.665674 0.702455 0.745439 0.796069 0.856290 0.928790 1.000000 0.886420 0.797735 0.726773 0.668884 0.620923 0.580684 0.546580 0.517438 0.492371 0.470703 0.451904 0.435558 0.421333 0.408962 0.398228 0.388957 0.381004 0.374254 0.368611 0.364000 0.360360 0.357645 0.355822 0.354868 0.354771 0.355531 0.357156 0.359666 0.363093 0.367480 0.372883 0.379375 0.387046 0.396008 0.406396 0.418379 0.432164 0.448003 0.466214 0.487191 0.511435 0.539586 0.572477 0.611205 0.657252 0.712659 0.780321 0.864479 0.971609 0.919090 0.851035 0.794144 0.746068 0.705082 0.669895 0.639520 0.613194 0.590315 0.570407 0.553086 0.538045 0.525031 0.513841 0.504307 0.496295 0.489694 0.484418 0.480400 0.477589 0.475951 0.475465 0.476126 0.477942 0.480935 0.485142 0.490616 0.497426 0.505664 0.515441 0.526899 0.540208 0.555580 0.573275 0.593611 0.616983 0.643886 0.674943 0.708529 0.670887 0.638504 0.610506 0.586213 0.565089 0.546705 0.530718 0.516850 0.504873 0.494603 0.485889 0.478611 0.472669 0.467987 0.464504 0.462178 0.460981 0.460897 0.461925 0.464079 0.467384 0.471881 0.477628 0.484699 0.493188 0.503213 0.514921 0.528490 0.544140 0.562141 0.582825 0.606607 0.634005 2215.000000 1.522076 0.565266
0.749698 0.780529 0.816056 0.807712 0.785469 0.766214 0.749643 0.735508 0.723607 0.713778 0.705889 0.699841 0.695557 0.692984 0.692092 0.692869 0.695324 0.699488 0.705412 0.713170 0.722861 0.734613 0.748587 0.764982 0.784042 0.806067 0.831427 0.829682 0.783022 0.743025 0.708539 0.678676 0.652736 0.630169 0.610532 0.593468 0.578688 0.565957 0.555082 0.545908 0.538308 0.532181 0.527448 0.524050 0.521945 0.521107 0.521527 0.523208 0.526172 0.530455 0.536110 0.543210 0.551848 0.562141 0.574235 0.588309 0.604584 0.623329 0.644877 0.669639 0.698128 0.730987 0.769037 0.813333 0.865255 0.926643 1.000000 0.947099 0.895016 0.850304 0.811710 0.778260 0.749192 0.723897 0.701891 0.682780 0.666244 0.652024 0.639907 0.629723 0.621330 0.614620 0.609505 0.605923 0.603829 0.603197 0.604020 0.606308 0.610089 0.615410 0.622336 0.630957 0.641388 0.653770 0.668282 0.685140 0.704613 0.727027 0.752788 0.782395 0.780462 0.749639 0.722833 0.699506 0.679221 0.661629 0.646444 0.633431 0.622402 0.613203 0.605709 0.599824 0.595473 0.592602 0.591176 0.591177 0.592606 0.595480 0.599834 0.605723 0.613220 0.622423 0.633456 0.646472 0.661663 0.679260 0.699550 0.722884 3169.500000 1.244591 0.757078
0.704613 0.727027 0.752788 0.782395 0.780462 0.749639 0.722833 0.699506 0.679221 0.661629 0.646444 0.633431 0.622402 0.613203 0.605709 0.599824 0.595473 0.592602 0.591176 0.591177 0.592606 0.595480 0.599834 0.605723 0.613220 0.622423 0.633456 0.646472 0.661663 0.679260 0.699550 0.722884 0.749698 0.780529 0.816056 0.807712 0.785469 0.766214 0.749643 0.735508 0.723607 0.713778 0.705889 0.699841 0.695557 0.692984 0.692092 0.692869 0.695324 0.699488 0.705412 0.713170 0.722861 0.734613 0.748587 0.764982 0.784042 0.806067 0.831427 0.829682 0.783022 0.743025 0.708539 0.678676 0.652736 0.630169 0.610532 0.593468 0.578688 0.565957 0.555082 0.545908 0.538308 0.532181 0.527448 0.524050 0.521945 0.521107 0.521527 0.523208 0.526172 0.530455 0.536110 0.543210 0.551848 0.562141 0.574235 0.588309 0.604584 0.623329 0.644877 0.669639 0.698128 0.730987 0.769037 0.813333 0.865255 0.926643 1.000000 0.947099 0.895016 0.850304 0.811710 0.778260 0.749192 0.723897 0.701891 0.682780 0.666244 0.652024 0.639907 0.629723 0.621330 0.614620 0.609505 0.605923 0.603829 0.603197 0.604020 0.606308 0.610089 0.615410 0.622336 0.630957 0.641388 0.653770 0.668282 0.685140 3169.500000 1.244591 0.757078
0.865255 0.926643 1.000000 0.947099 0.895016 0.850304 0.811710 0.778260 0.749192 0.723897 0.701891 0.682780 0.666244 0.652024 0.639907 0.629723 0.621330 0.614620 0.609505 0.605923 0.603829 0.603197 0.604020 0.606308 0.610089 0.615410 0.622336 0.630957 0.641388 0.653770 0.668282 0.685140 0.704613 0.727027 0.752788 0.782395 0.780462 0.749639 0.722833 0.699506 0.679221 0.661629 0.646444 0.633431 0.622402 0.613203 0.605709 0.599824 0.595473 0.592602 0.591176 0.591177 0.592606 0.595480 0.599834 0.605723 0.613220 0.622423 0.633456 0.646472 0.661663 0.679260 0.699550 0.722884 0.749698 0.780529 0.816056 0.807712 0.785469 0.766214 0.749643 0.735508 0.723607 0.713778 0.705889 0.699841 0.695557 0.692984 0.692092 0.692869 0.695324 0.699488 0.705412 0.713170 0.722861 0.734613 0.748587 0.764982 0.784042 0.806067 0.831427 0.829682 0.783022 0.743025 0.708539 0.678676 0.652736 0.630169 0.610532 0.593468 0.578688 0.565957 0.555082 0.545908 0.538308 0.532181 0.527448 0.524050 0.521945 0.521107 0.521527 0.523208 0.526172 0.530455 0.536110 0.543210 0.551848 0.562141 0.574235 0.588309 0.604584 0.623329 0.644877 0.669639 0.698128 0.730987 0.769037 0.813333 3169.500000 1.244591 0.757078
0.652736 0.630169 0.610532 0.593468 0.578688 0.565957 0.555082 0.545908 0.538308 0.532181 0.527448 0.524050 0.521945 0.521107 0.521527 0.523208 0.526172 0.530455 0.536110 0.543210 0.551848 0.562141 0.574235 0.588309 0.604584 0.623329 0.644877 0.669639 0.698128 0.730987 0.769037 0.813333 0.865255 0.926643 1.000000 0.947099 0.895016 0.850304 0.811710 0.778260 0.749192 0.723897 0.701891 0.682780 0.666244 0.652024 0.639907 0.629723 0.621330 0.614620 0.609505 0.605923 0.603829 0.603197 0.604020 0.606308 0.610089 0.615410 0.622336 0.630957 0.641388 0.653770 0.668282 0.685140 0.704613 0.727027 0.752788 0.782395 0.780462 0.749639 0.722833 0.699506 0.679221 0.661629 0.646444 0.633431 0.622402 0.613203 0.605709 0.599824 0.595473 0.592602 0.591176 0.591177 0.592606 0.595480 0.599834 0.605723 0.613220 0.622423 0.633456 0.646472 0.661663 0.679260 0.699550 0.722884 0.749698 0.780529 0.816056 0.807712 0.785469 0.766214 0.749643 0.735508 0.723607 0.713778 0.705889 0.699841 0.695557 0.692984 0.692092 0.692869 0.695324 0.699488 0.705412 0.713170 0.722861 0.734613 0.748587 0.764982 0.784042 0.806067 0.831427 0.829682 0.783022 0.743025 0.708539 0.678676 3169.500000 1.244591 0.757078
0.544493 0.569558 0.598554 0.623288 0.599058 0.577981 0.559640 0.543697 0.529877 0.517960 0.507764 0.499140 0.491970 0.486157 0.481627 0.478323 0.476202 0.475241 0.475426 0.476760 0.479260 0.482956 0.487893 0.494136 0.501764 0.510882 0.521617 0.534128 0.548608 0.565294 0.584479 0.606525 0.631881 0.661112 0.694933 0.734266 0.780312 0.834663 0.899483 0.905428 0.798892 0.716332 0.650658 0.597334 0.553319 0.516505 0.485380 0.458836 0.436041 0.416359 0.399297 0.384469 0.371565 0.360339 0.350592 0.342160 0.334913 0.328742 0.323559 0.319295 0.315892 0.313309 0.311511 0.310478 0.310196 0.310663 0.311883 0.313872 0.316655 0.320266 0.324751 0.330171 0.336599 0.344128 0.352871 0.362967 0.374587 0.387940 0.403289 0.420958 0.441358 0.465014 0.492603 0.525016 0.563449 0.609537 0.665583 0.734929 0.822618 0.936629 1.000000 0.902648 0.824380 0.760287 0.707021 0.662221 0.624175 0.591610 0.563566 0.539300 0.518235 0.499912 0.483967 0.470105 0.458088 0.447722 0.438848 0.431338 0.425088 0.420014 0.416050 0.413146 0.411266 0.410387 0.410499 0.411603 0.413712 0.416852 0.421063 0.426397 0.432924 0.440733 0.449932 0.460657 0.473073 0.487384 0.503839 0.522747 6718.000000 1.773085 0.534408
0.624175 0.591610 0.563566 0.539300 0.518235 0.499912 0.483967 0.470105 0.458088 0.447722 0.438848 0.431338 0.425088 0.420014 0.416050 0.413146 0.411266 0.410387 0.410499 0.411603 0.413712 0.416852 0.421063 0.426397 0.432924 0.440733 0.449932 0.460657 0.473073 0.487384 0.503839 0.522747 0.544493 0.569558 0.598554 0.623288 0.599058 0.577981 0.559640 0.543697 0.529877 0.517960 0.507764 0.499140 0.491970 0.486157 0.481627 0.478323 0.476202 0.475241 0.475426 0.476760 0.479260 0.482956 0.487893 0.494136 0.501764 0.510882 0.521617 0.534128 0.548608 0.565294 0.584479 0.606525 0.631881 0.661112 0.694933 0.734266 0.780312 0.834663 0.899483 0.905428 0.798892 0.716332 0.650658 0.597334 0.553319 0.516505 0.485380 0.458836 0.436041 0.416359 0.399297 0.384469 0.371565 0.360339 0.350592 0.342160 0.334913 0.328742 0.323559 0.319295 0.315892 0.313309 0.311511 0.310478 0.310196 0.310663 0.311883 0.313872 0.316655 0.320266 0.324751 0.330171 0.336599 0.344128 0.352871 0.362967 0.374587 0.387940 0.403289 0.420958 0.441358 0.465014 0.492603 0.525016 0.563449 0.609537 0.665583 0.734929 0.822618 0.936629 1.000000 0.902648 0.824380 0.760287 0.707021 0.662221 6718.000000 1.773085 0.534408
0.310196 0.310663 0.311883 0.313872 0.316655 0.320266 0.324751 0.330171 0.336599 0.344128 0.352871 0.362967 0.374587 0.387940 0.403289 0.420958 0.441358 0.465014 0.492603 0.525016 0.563449 0.609537 0.665583 0.734929 0.822618 0.936629 1.000000 0.902648 0.824380 0.760287 0.707021 0.662221 0.624175 0.591610 0.563566 0.539300 0.518235 0.499912 0.483967 0.470105 0.458088 0.447722 0.438848 0.431338 0.425088 0.420014 0.416050 0.413146 0.411266 0.410387 0.410499 0.411603 0.413712 0.416852 0.421063 0.426397 0.432924 0.440733 0.449932 0.460657 0.473073 0.487384 0.503839 0.522747 0.544493 0.569558 0.598554 0.623288 0.599058 0.577981 0.559640 0.543697 0.529877 0.517960 0.507764 0.499140 0.491970 0.486157 0.481627 0.478323 0.476202 0.475241 0.475426 0.476760 0.479260 0.482956 0.487893 0.494136 0.501764 0.510882 0.521617 0.534128 0.548608 0.565294 0.584479 0.606525 0.631881 0.661112 0.694933 0.734266 0.780312 0.834663 0.899483 0.905428 0.798892 0.716332 0.650658 0.597334 0.553319 0.516505 0.485380 0.458836 0.436041 0.416359 0.399297 0.384469 0.371565 0.360339 0.350592 0.342160 0.334913 0.328742 0.323559 0.319295 0.315892 0.313309 0.311511 0.310478 6718.000000 1.773085 0.534408
0.631881 0.661112 0.694933 0.734266 0.780312 0.834663 0.899483 0.905428 0.798892 0.716332 0.650658 0.597334 0.553319 0.516505 0.485380 0.458836 0.436041 0.416359 0.399297 0.384469 0.371565 0.360339 0.350592 0.342160 0.334913 0.328742 0.323559 0.319295 0.315892 0.313309 0.311511 0.310478 0.310196 0.310663 0.311883 0.313872 0.316655 0.320266 0.324751 0.330171 0.336599 0.344128 0.352871 0.362967 0.374587 0.387940 0.403289 0.420958 0.441358 0.465014 0.492603 0.525016 0.563449 0.609537 0.665583 0.734929 0.822618 0.936629 1.000000 0.902648 0.824380 0.760287 0.707021 0.662221 0.624175 0.591610 0.563566 0.539300 0.518235 0.499912 0.483967 0.470105 0.458088 0.447722 0.438848 0.431338 0.425088 0.420014 0.416050 0.413146 0.411266 0.410387 0.410499 0.411603 0.413712 0.416852 0.421063 0.426397 0.432924 0.440733 0.449932 0.460657 0.473073 0.487384 0.503839 0.522747 0.544493 0.569558 0.598554 0.623288 0.599058 0.577981 0.559640 0.543697 0.529877 0.517960 0.507764 0.499140 0.491970 0.486157 0.481627 0.478323 0.476202 0.475241 0.475426 0.476760 0.479260 0.482956 0.487893 0.494136 0.501764 0.510882 0.521617 0.534128 0.548608 0.565294 0.584479 0.606525 6718.000000 1.773085 0.534408
0.837104 0.803724 0.774698 0.749439 0.727472 0.708414 0.691954 0.677837 0.665856 0.655844 0.647666 0.641215 0.636410 0.633190 0.631516 0.631368 0.632744 0.635661 0.640154 0.646279 0.654113 0.663759 0.675344 0.671500 0.664899 0.660000 0.656744 0.655090 0.655019 0.656529 0.659638 0.664386 0.670830 0.679052 0.689159 0.701287 0.715604 0.732319 0.751687 0.774023 0.799713 0.829232 0.863174 0.902279 0.947487 1.000000 0.950204 0.885305 0.830578 0.784002 0.744069 0.709634 0.679810 0.653904 0.631365 0.611753 0.594712 0.579954 0.567244 0.556391 0.547239 0.539662 0.533560 0.528941 0.532121 0.536639 0.542554 0.549939 0.558894 0.569540 0.582029 0.596547 0.613323 0.632638 0.654838 0.680352 0.709714 0.743596 0.782856 0.828600 0.882279 0.907274 0.871308 0.840032 0.812814 0.789145 0.768615 0.750890 0.735696 0.722811 0.712056 0.703286 0.696386 0.691270 0.687873 0.686154 0.686093 0.687688 0.690959 0.695946 0.702711 0.711339 0.721942 0.734663 0.737600 0.721718 0.708175 0.696779 0.687374 0.679835 0.674066 0.669995 0.667571 0.666765 0.667568 0.669988 0.674056 0.679821 0.687356 0.696757 0.708148 0.721686 0.737562 0.756016 0.777337 0.801883 0.830095 0.862519 3730.500000 1.058881 0.768517
0.686093 0.687688 0.690959 0.695946 0.702711 0.711339 0.721942 0.734663 0.737600 0.721718 0.708175 0.696779 0.687374 0.679835 0.674066 0.669995 0.667571 0.666765 0.667568 0.669988 0.674056 0.679821 0.687356 0.696757 0.708148 0.721686 0.737562 0.756016 0.777337 0.801883 0.830095 0.862519 0.837104 0.803724 0.774698 0.749439 0.727472 0.708414 0.691954 0.677837 0.665856 0.655844 0.647666 0.641215 0.636410 0.633190 0.631516 0.631368 0.632744 0.635661 0.640154 0.646279 0.654113 0.663759 0.675344 0.671500 0.664899 0.660000 0.656744 0.655090 0.655019 0.656529 0.659638 0.664386 0.670830 0.679052 0.689159 0.701287 0.715604 0.732319 0.751687 0.774023 0.799713 0.829232 0.863174 0.902279 0.947487 1.000000 0.950204 0.885305 0.830578 0.784002 0.744069 0.709634 0.679810 0.653904 0.631365 0.611753 0.594712 0.579954 0.567244 0.556391 0.547239 0.539662 0.533560 0.528941 0.532121 0.536639 0.542554 0.549939 0.558894 0.569540 0.582029 0.596547 0.613323 0.632638 0.654838 0.680352 0.709714 0.743596 0.782856 0.828600 0.882279 0.907274 0.871308 0.840032 0.812814 0.789145 0.768615 0.750890 0.735696 0.722811 0.712056 0.703286 0.696386 0.691270 0.687873 0.686154 3730.500000 1.058881 0.768517
0.532121 0.536639 0.542554 0.549939 0.558894 0.569540 0.582029 0.596547 0.613323 0.632638 0.654838 0.680352 0.709714 0.743596 0.782856 0.828600 0.882279 0.907274 0.871308 0.840032 0.812814 0.789145 0.768615 0.750890 0.735696 0.722811 0.712056 0.703286 0.696386 0.691270 0.687873 0.686154 0.686093 0.687688 0.690959 0.695946 0.702711 0.711339 0.721942 0.734663 0.737600 0.721718 0.708175 0.696779 0.687374 0.679835 0.674066 0.669995 0.667571 0.666765 0.667568 0.669988 0.674056 0.679821 0.687356 0.696757 0.708148 0.721686 0.737562 0.756016 0.777337 0.801883 0.830095 0.862519 0.837104 0.803724 0.774698 0.749439 0.727472 0.708414 0.691954 0.677837 0.665856 0.655844 0.647666 0.641215 0.636410 0.633190 0.631516 0.631368 0.632744 0.635661 0.640154 0.646279 0.654113 0.663759 0.675344 0.671500 0.664899 0.660000 0.656744 0.655090 0.655019 0.656529 0.659638 0.664386 0.670830 0.679052 0.689159 0.701287 0.715604 0.732319 0.751687 0.774023 0.799713 0.829232 0.863174 0.902279 0.947487 1.000000 0.950204 0.885305 0.830578 0.784002 0.744069 0.709634 0.679810 0.653904 0.631365 0.611753 0.594712 0.579954 0.567244 0.556391 0.547239 0.539662 0.533560 0.528941 3730.500000 1.058881 0.768517
0.670830 0.679052 0.689159 0.701287 0.715604 0.732319 0.751687 0.774023 0.799713 0.829232 0.863174 0.902279 0.947487 1.000000 0.950204 0.885305 0.830578 0.784002 0.744069 0.709634 0.679810 0.653904 0.631365 0.611753 0.594712 0.579954 0.567244 0.556391 0.547239 0.539662 0.533560 0.528941 0.532121 0.536639 0.542554 0.549939 0.558894 0.569540 0.582029 0.596547 0.613323 0.632638 0.654838 0.680352 0.709714 0.743596 0.782856 0.828600 0.882279 0.907274 0.871308 0.840032 0.812814 0.789145 0.768615 0.750890 0.735696 0.722811 0.712056 0.703286 0.696386 0.691270 0.687873 0.686154 0.686093 0.687688 0.690959 0.695946 0.702711 0.711339 0.721942 0.734663 0.737600 0.721718 0.708175 0.696779 0.687374 0.679835 0.674066 0.669995 0.667571 0.666765 0.667568 0.669988 0.674056 0.679821 0.687356 0.696757 0.708148 0.721686 0.737562 0.756016 0.777337 0.801883 0.830095 0.862519 0.837104 0.803724 0.774698 0.749439 0.727472 0.708414 0.691954 0.677837 0.665856 0.655844 0.647666 0.641215 0.636410 0.633190 0.631516 0.631368 0.632744 0.635661 0.640154 0.646279 0.654113 0.663759 0.675344 0.671500 0.664899 0.660000 0.656744 0.655090 0.655019 0.656529 0.659638 0.664386 3730.500000 1.058881 0.768517
0.832451 0.803173 0.777695 0.755548 0.736353 0.719799 0.705636 0.693658 0.683700 0.675629 0.669339 0.664752 0.661811 0.660480 0.660743 0.662603 0.666083 0.671225 0.678094 0.686776 0.697385 0.700255 0.697478 0.696394 0.696991 0.699274 0.703272 0.709034 0.716632 0.726163 0.737752 0.751556 0.767773 0.786641 0.792558 0.788161 0.785695 0.785130 0.786459 0.789698 0.794887 0.802090 0.811397 0.822928 0.822034 0.808762 0.797802 0.789011 0.782276 0.777512 0.774660 0.773686 0.774579 0.777348 0.782028 0.788677 0.797376 0.808239 0.821408 0.837063 0.855427 0.876774 0.901442 0.929843 0.962485 1.000000 0.982871 0.919142 0.865131 0.818979 0.779284 0.744971 0.715202 0.689318 0.666792 0.647202 0.630205 0.615523 0.606520 0.599773 0.594592 0.590910 0.588684 0.587885 0.588504 0.590549 0.594044 0.599032 0.605576 0.613759 0.623690 0.635504 0.649368 0.665490 0.684122 0.705577 0.730238 0.758578 0.791190 0.806869 0.803970 0.803020 0.804006 0.806941 0.811861 0.818826 0.827924 0.839270 0.853015 0.869347 0.888499 0.896553 0.880303 0.866683 0.855507 0.846630 0.839938 0.835347 0.832802 0.832271 0.833747 0.837250 0.842821 0.850530 0.860473 0.872779 0.887611 0.866109 7669.000000 1.168647 0.856164
0.730238 0.758578 0.791190 0.806869 0.803970 0.803020 0.804006 0.806941 0.811861 0.818826 0.827924 0.839270 0.853015 0.869347 0.888499 0.896553 0.880303 0.866683 0.855507 0.846630 0.839938 0.835347 0.832802 0.832271 0.833747 0.837250 0.842821 0.850530 0.860473 0.872779 0.887611 0.866109 0.832451 0.803173 0.777695 0.755548 0.736353 0.719799 0.705636 0.693658 0.683700 0.675629 0.669339 0.664752 0.661811 0.660480 0.660743 0.662603 0.666083 0.671225 0.678094 0.686776 0.697385 0.700255 0.697478 0.696394 0.696991 0.699274 0.703272 0.709034 0.716632 0.726163 0.737752 0.751556 0.767773 0.786641 0.792558 0.788161 0.785695 0.785130 0.786459 0.789698 0.794887 0.802090 0.811397 0.822928 0.822034 0.808762 0.797802 0.789011 0.782276 0.777512 0.774660 0.773686 0.774579 0.777348 0.782028 0.788677 0.797376 0.808239 0.821408 0.837063 0.855427 0.876774 0.901442 0.929843 0.962485 1.000000 0.982871 0.919142 0.865131 0.818979 0.779284 0.744971 0.715202 0.689318 0.666792 0.647202 0.630205 0.615523 0.606520 0.599773 0.594592 0.590910 0.588684 0.587885 0.588504 0.590549 0.594044 0.599032 0.605576 0.613759 0.623690 0.635504 0.649368 0.665490 0.684122 0.705577 7669.000000 1.168647 0.856164
0.962485 1.000000 0.982871 0.919142 0.865131 0.818979 0.779284 0.744971 0.715202 0.689318 0.666792 0.647202 0.630205 0.615523 0.606520 0.599773 0.594592 0.590910 0.588684 0.587885 0.588504 0.590549 0.594044 0.599032 0.605576 0.613759 0.623690 0.635504 0.649368 0.665490 0.684122 0.705577 0.730238 0.758578 0.791190 0.806869 0.803970 0.803020 0.804006 0.806941 0.811861 0.818826 0.827924 0.839270 0.853015 0.869347 0.888499 0.896553 0.880303 0.866683 0.855507 0.846630 0.839938 0.835347 0.832802 0.832271 0.833747 0.837250 0.842821 0.850530 0.860473 0.872779 0.887611 0.866109 0.832451 0.803173 0.777695 0.755548 0.736353 0.719799 0.705636 0.693658 0.683700 0.675629 0.669339 0.664752 0.661811 0.660480 0.660743 0.662603 0.666083 0.671225 0.678094 0.686776 0.697385 0.700255 0.697478 0.696394 0.696991 0.699274 0.703272 0.709034 0.716632 0.726163 0.737752 0.751556 0.767773 0.786641 0.792558 0.788161 0.785695 0.785130 0.786459 0.789698 0.794887 0.802090 0.811397 0.822928 0.822034 0.808762 0.797802 0.789011 0.782276 0.777512 0.774660 0.773686 0.774579 0.777348 0.782028 0.788677 0.797376 0.808239 0.821408 0.837063 0.855427 0.876774 0.901442 0.929843 7669.000000 1.168647 0.856164
0.767773 0.786641 0.792558 0.788161 0.785695 0.785130 0.786459 0.789698 0.794887 0.802090 0.811397 0.822928 0.822034 0.808762 0.797802 0.789011 0.782276 0.777512 0.774660 0.773686 0.774579 0.777348 0.782028 0.788677 0.797376 0.808239 0.821408 0.837063 0.855427 0.876774 0.901442 0.929843 0.962485 1.000000 0.982871 0.919142 0.865131 0.818979 0.779284 0.744971 0.715202 0.689318 0.666792 0.647202 0.630205 0.615523 0.606520 0.599773 0.594592 0.590910 0.588684 0.587885 0.588504 0.590549 0.594044 0.599032 0.605576 0.613759 0.623690 0.635504 0.649368 0.665490 0.684122 0.705577 0.730238 0.758578 0.791190 0.806869 0.803970 0.803020 0.804006 0.806941 0.811861 0.818826 0.827924 0.839270 0.853015 0.869347 0.888499 0.896553 0.880303 0.866683 0.855507 0.846630 0.839938 0.835347 0.832802 0.832271 0.833747 0.837250 0.842821 0.850530 0.860473 0.872779 0.887611 0.866109 0.832451 0.803173 0.777695 0.755548 0.736353 0.719799 0.705636 0.693658 0.683700 0.675629 0.669339 0.664752 0.661811 0.660480 0.660743 0.662603 0.666083 0.671225 0.678094 0.686776 0.697385 0.700255 0.697478 0.696394 0.696991 0.699274 0.703272 0.709034 0.716632 0.726163 0.737752 0.751556 7669.000000 1.168647 0.856164
0.776934 0.763191 0.750101 0.739203 0.730352 0.723432 0.718356 0.715062 0.713509 0.713679 0.715572 0.719213 0.724646 0.731938 0.741183 0.752500 0.766042 0.781998 0.800603 0.822145 0.846974 0.873030 0.828799 0.790647 0.757597 0.728885 0.703904 0.682167 0.663282 0.646932 0.632856 0.620843 0.610722 0.602354 0.595627 0.590455 0.586774 0.584538 0.576897 0.562814 0.550697 0.540365 0.531671 0.524496 0.518745 0.514345 0.511239 0.509391 0.508778 0.509391 0.511239 0.514345 0.518745 0.524496 0.531671 0.540365 0.550697 0.562814 0.576897 0.593169 0.611902 0.633432 0.658177 0.672369 0.671559 0.672369 0.674808 0.678907 0.684716 0.692306 0.701777 0.713253 0.726890 0.742884 0.761473 0.782950 0.807677 0.836096 0.868758 0.906347 0.949728 1.000000 0.933809 0.869124 0.814655 0.768353 0.728692 0.694515 0.664931 0.639241 0.616894 0.597447 0.580544 0.565897 0.553271 0.542475 0.533352 0.525777 0.519648 0.514887 0.511433 0.509243 0.508292 0.508567 0.510071 0.512824 0.516859 0.522225 0.528992 0.537248 0.547105 0.550038 0.549375 0.550038 0.552034 0.555387 0.560138 0.566348 0.574096 0.583484 0.594640 0.607723 0.622930 0.640500 0.660728 0.683977 0.710696 0.741446 625.000000 1.416816 0.794320
0.533352 0.525777 0.519648 0.514887 0.511433 0.509243 0.508292 0.508567 0.510071 0.512824 0.516859 0.522225 0.528992 0.537248 0.547105 0.550038 0.549375 0.550038 0.552034 0.555387 0.560138 0.566348 0.574096 0.583484 0.594640 0.607723 0.622930 0.640500 0.660728 0.683977 0.710696 0.741446 0.776934 0.763191 0.750101 0.739203 0.730352 0.723432 0.718356 0.715062 0.713509 0.713679 0.715572 0.719213 0.724646 0.731938 0.741183 0.752500 0.766042 0.781998 0.800603 0.822145 0.846974 0.873030 0.828799 0.790647 0.757597 0.728885 0.703904 0.682167 0.663282 0.646932 0.632856 0.620843 0.610722 0.602354 0.595627 0.590455 0.586774 0.584538 0.576897 0.562814 0.550697 0.540365 0.531671 0.524496 0.518745 0.514345 0.511239 0.509391 0.508778 0.509391 0.511239 0.514345 0.518745 0.524496 0.531671 0.540365 0.550697 0.562814 0.576897 0.593169 0.611902 0.633432 0.658177 0.672369 0.671559 0.672369 0.674808 0.678907 0.684716 0.692306 0.701777 0.713253 0.726890 0.742884 0.761473 0.782950 0.807677 0.836096 0.868758 0.906347 0.949728 1.000000 0.933809 0.869124 0.814655 0.768353 0.728692 0.694515 0.664931 0.639241 0.616894 0.597447 0.580544 0.565897 0.553271 0.542475 625.000000 1.416816 0.794320
0.671559 0.672369 0.674808 0.678907 0.684716 0.692306 0.701777 0.713253 0.726890 0.742884 0.761473 0.782950 0.807677 0.836096 0.868758 0.906347 0.949728 1.000000 0.933809 0.869124 0.814655 0.768353 0.728692 0.694515 0.664931 0.639241 0.616894 0.597447 0.580544 0.565897 0.553271 0.542475 0.533352 0.525777 0.519648 0.514887 0.511433 0.509243 0.508292 0.508567 0.510071 0.512824 0.516859 0.522225 0.528992 0.537248 0.547105 0.550038 0.549375 0.550038 0.552034 0.555387 0.560138 0.566348 0.574096 0.583484 0.594640 0.607723 0.622930 0.640500 0.660728 0.683977 0.710696 0.741446 0.776934 0.763191 0.750101 0.739203 0.730352 0.723432 0.718356 0.715062 0.713509 0.713679 0.715572 0.719213 0.724646 0.731938 0.741183 0.752500 0.766042 0.781998 0.800603 0.822145 0.846974 0.873030 0.828799 0.790647 0.757597 0.728885 0.703904 0.682167 0.663282 0.646932 0.632856 0.620843 0.610722 0.602354 0.595627 0.590455 0.586774 0.584538 0.576897 0.562814 0.550697 0.540365 0.531671 0.524496 0.518745 0.514345 0.511239 0.509391 0.508778 0.509391 0.511239 0.514345 0.518745 0.524496 0.531671 0.540365 0.550697 0.562814 0.576897 0.593169 0.611902 0.633432 0.658177 0.672369 625.000000 1.416816 0.794320
0.610722 0.602354 0.595627 0.590455 0.586774 0.584538 0.576897 0.562814 0.550697 0.540365 0.531671 0.524496 0.518745 0.514345 0.511239 0.509391 0.508778 0.509391 0.511239 0.514345 0.518745 0.524496 0.531671 0.540365 0.550697 0.562814 0.576897 0.593169 0.611902 0.633432 0.658177 0.672369 0.671559 0.672369 0.674808 0.678907 0.684716 0.692306 0.701777 0.713253 0.726890 0.742884 0.761473 0.782950 0.807677 0.836096 0.868758 0.906347 0.949728 1.000000 0.933809 0.869124 0.814655 0.768353 0.728692 0.694515 0.664931 0.639241 0.616894 0.597447 0.580544 0.565897 0.553271 0.542475 0.533352 0.525777 0.519648 0.514887 0.511433 0.509243 0.508292 0.508567 0.510071 0.512824 0.516859 0.522225 0.528992 0.537248 0.547105 0.550038 0.549375 0.550038 0.552034 0.555387 0.560138 0.566348 0.574096 0.583484 0.594640 0.607723 0.622930 0.640500 0.660728 0.683977 0.710696 0.741446 0.776934 0.763191 0.750101 0.739203 0.730352 0.723432 0.718356 0.715062 0.713509 0.713679 0.715572 0.719213 0.724646 0.731938 0.741183 0.752500 0.766042 0.781998 0.800603 0.822145 0.846974 0.873030 0.828799 0.790647 0.757597 0.728885 0.703904 0.682167 0.663282 0.646932 0.632856 0.620843 625.000000 1.416816 0.794320
0.766174 0.820314 0.884981 0.899974 0.842899 0.794432 0.752950 0.717228 0.686320 0.659489 0.636152 0.615843 0.598187 0.582880 0.569675 0.558371 0.548803 0.540838 0.534370 0.529316 0.525610 0.523207 0.522079 0.522210 0.523603 0.526275 0.530259 0.535603 0.542376 0.550666 0.560585 0.572272 0.585898 0.601674 0.619857 0.640765 0.664790 0.692421 0.724268 0.761108 0.803937 0.854054 0.913181 0.882858 0.818029 0.763784 0.717908 0.678773 0.645158 0.616129 0.590963 0.569089 0.550055 0.533496 0.519119 0.506685 0.496000 0.486905 0.479272 0.472996 0.467995 0.464205 0.461579 0.460085 0.459705 0.460433 0.462279 0.465266 0.469429 0.474822 0.481514 0.489593 0.499171 0.510386 0.523406 0.538438 0.555738 0.575620 0.598472 0.624781 0.655160 0.690393 0.731493 0.779794 0.837083 0.905813 0.989436 1.000000 0.915041 0.845265 0.787138 0.738155 0.696491 0.660786 0.630007 0.603356 0.580210 0.560073 0.542551 0.527323 0.514132 0.502766 0.493054 0.484856 0.478059 0.472572 0.468326 0.465266 0.463355 0.462569 0.462900 0.464350 0.466937 0.470694 0.475668 0.481920 0.489535 0.498614 0.509287 0.521711 0.536079 0.552631 0.571659 0.593524 0.618679 0.647689 0.681275 0.720366 6656.000000 1.172933 0.598946
0.580210 0.560073 0.542551 0.527323 0.514132 0.502766 0.493054 0.484856 0.478059 0.472572 0.468326 0.465266 0.463355 0.462569 0.462900 0.464350 0.466937 0.470694 0.475668 0.481920 0.489535 0.498614 0.509287 0.521711 0.536079 0.552631 0.571659 0.593524 0.618679 0.647689 0.681275 0.720366 0.766174 0.820314 0.884981 0.899974 0.842899 0.794432 0.752950 0.717228 0.686320 0.659489 0.636152 0.615843 0.598187 0.582880 0.569675 0.558371 0.548803 0.540838 0.534370 0.529316 0.525610 0.523207 0.522079 0.522210 0.523603 0.526275 0.530259 0.535603 0.542376 0.550666 0.560585 0.572272 0.585898 0.601674 0.619857 0.640765 0.664790 0.692421 0.724268 0.761108 0.803937 0.854054 0.913181 0.882858 0.818029 0.763784 0.717908 0.678773 0.645158 0.616129 0.590963 0.569089 0.550055 0.533496 0.519119 0.506685 0.496000 0.486905 0.479272 0.472996 0.467995 0.464205 0.461579 0.460085 0.459705 0.460433 0.462279 0.465266 0.469429 0.474822 0.481514 0.489593 0.499171 0.510386 0.523406 0.538438 0.555738 0.575620 0.598472 0.624781 0.655160 0.690393 0.731493 0.779794 0.837083 0.905813 0.989436 1.000000 0.915041 0.845265 0.787138 0.738155 0.696491 0.660786 0.630007 0.603356 6656.000000 1.172933 0.598946
0.459705 0.460433 0.462279 0.465266 0.469429 0.474822 0.481514 0.489593 0.499171 0.510386 0.523406 0.538438 0.555738 0.575620 0.598472 0.624781 0.655160 0.690393 0.731493 0.779794 0.837083 0.905813 0.989436 1.000000 0.915041 0.845265 0.787138 0.738155 0.696491 0.660786 0.630007 0.603356 0.580210 0.560073 0.542551 0.527323 0.514132 0.502766 0.493054 0.484856 0.478059 0.472572 0.468326 0.465266 0.463355 0.462569 0.462900 0.464350 0.466937 0.470694 0.475668 0.481920 0.489535 0.498614 0.509287 0.521711 0.536079 0.552631 0.571659 0.593524 0.618679 0.647689 0.681275 0.720366 0.766174 0.820314 0.884981 0.899974 0.842899 0.794432 0.752950 0.717228 0.686320 0.659489 0.636152 0.615843 0.598187 0.582880 0.569675 0.558371 0.548803 0.540838 0.534370 0.529316 0.525610 0.523207 0.522079 0.522210 0.523603 0.526275 0.530259 0.535603 0.542376 0.550666 0.560585 0.572272 0.585898 0.601674 0.619857 0.640765 0.664790 0.692421 0.724268 0.761108 0.803937 0.854054 0.913181 0.882858 0.818029 0.763784 0.717908 0.678773 0.645158 0.616129 0.590963 0.569089 0.550055 0.533496 0.519119 0.506685 0.496000 0.486905 0.479272 0.472996 0.467995 0.464205 0.461579 0.460085 6656.000000 1.172933 0.598946
0.585898 0.601674 0.619857 0.640765 0.664790 0.692421 0.724268 0.761108 0.803937 0.854054 0.913181 0.882858 0.818029 0.763784 0.717908 0.678773 0.645158 0.616129 0.590963 0.569089 0.550055 0.533496 0.519119 0.506685 0.496000 0.486905 0.479272 0.472996 0.467995 0.464205 0.461579 0.460085 0.459705 0.460433 0.462279 0.465266 0.469429 0.474822 0.481514 0.489593 0.499171 0.510386 0.523406 0.538438 0.555738 0.575620 0.598472 0.624781 0.655160 0.690393 0.731493 0.779794 0.837083 0.905813 0.989436 1.000000 0.915041 0.845265 0.787138 0.738155 0.696491 0.660786 0.630007 0.603356 0.580210 0.560073 0.542551 0.527323 0.514132 0.502766 0.493054 0.484856 0.478059 0.472572 0.468326 0.465266 0.463355 0.462569 0.462900 0.464350 0.466937 0.470694 0.475668 0.481920 0.489535 0.498614 0.509287 0.521711 0.536079 0.552631 0.571659 0.593524 0.618679 0.647689 0.681275 0.720366 0.766174 0.820314 0.884981 0.899974 0.842899 0.794432 0.752950 0.717228 0.686320 0.659489 0.636152 0.615843 0.598187 0.582880 0.569675 0.558371 0.548803 0.540838 0.534370 0.529316 0.525610 0.523207 0.522079 0.522210 0.523603 0.526275 0.530259 0.535603 0.542376 0.550666 0.560585 0.572272 6656.000000 1.172933 0.598946
0.884238 0.853080 0.822894 0.796624 0.773787 0.753988 0.736908 0.722286 0.709910 0.699608 0.691242 0.684704 0.679911 0.676804 0.675345 0.675516 0.677319 0.669218 0.662234 0.656961 0.653333 0.651305 0.650852 0.651970 0.654671 0.658989 0.664978 0.672711 0.682289 0.693840 0.707523 0.723534 0.742115 0.763564 0.788246 0.816609 0.849212 0.886752 0.930109 0.980406 1.000000 0.954291 0.914685 0.880272 0.850329 0.824276 0.801646 0.782059 0.765206 0.750834 0.738740 0.728756 0.720752 0.714625 0.710298 0.707718 0.706853 0.707693 0.710248 0.714549 0.720650 0.728625 0.738579 0.750642 0.764978 0.781793 0.790207 0.771162 0.754789 0.740844 0.729130 0.719486 0.711787 0.705934 0.701853 0.699494 0.698830 0.699850 0.702569 0.707019 0.713255 0.721355 0.731424 0.743594 0.758034 0.774949 0.794594 0.798281 0.783849 0.771755 0.761836 0.753963 0.748034 0.743976 0.741739 0.741296 0.742641 0.745791 0.750785 0.757684 0.766574 0.777571 0.790821 0.806507 0.824855 0.846143 0.856306 0.834242 0.815201 0.798892 0.785076 0.773562 0.764196 0.756854 0.751446 0.747904 0.746184 0.746265 0.748149 0.751859 0.757439 0.764959 0.774515 0.786231 0.800264 0.816810 0.836112 0.858467 13324.500000 1.066677 0.857944
0.742641 0.745791 0.750785 0.757684 0.766574 0.777571 0.790821 0.806507 0.824855 0.846143 0.856306 0.834242 0.815201 0.798892 0.785076 0.773562 0.764196 0.756854 0.751446 0.747904 0.746184 0.746265 0.748149 0.751859 0.757439 0.764959 0.774515 0.786231 0.800264 0.816810 0.836112 0.858467 0.884238 0.853080 0.822894 0.796624 0.773787 0.753988 0.736908 0.722286 0.709910 0.699608 0.691242 0.684704 0.679911 0.676804 0.675345 0.675516 0.677319 0.669218 0.662234 0.656961 0.653333 0.651305 0.650852 0.651970 0.654671 0.658989 0.664978 0.672711 0.682289 0.693840 0.707523 0.723534 0.742115 0.763564 0.788246 0.816609 0.849212 0.886752 0.930109 0.980406 1.000000 0.954291 0.914685 0.880272 0.850329 0.824276 0.801646 0.782059 0.765206 0.750834 0.738740 0.728756 0.720752 0.714625 0.710298 0.707718 0.706853 0.707693 0.710248 0.714549 0.720650 0.728625 0.738579 0.750642 0.764978 0.781793 0.790207 0.771162 0.754789 0.740844 0.729130 0.719486 0.711787 0.705934 0.701853 0.699494 0.698830 0.699850 0.702569 0.707019 0.713255 0.721355 0.731424 0.743594 0.758034 0.774949 0.794594 0.798281 0.783849 0.771755 0.761836 0.753963 0.748034 0.743976 0.741739 0.741296 13324.500000 1.066677 0.857944
0.764978 0.781793 0.790207 0.771162 0.754789 0.740844 0.729130 0.719486 0.711787 0.705934 0.701853 0.699494 0.698830 0.699850 0.702569 0.707019 0.713255 0.721355 0.731424 0.743594 0.758034 0.774949 0.794594 0.798281 0.783849 0.771755 0.761836 0.753963 0.748034 0.743976 0.741739 0.741296 0.742641 0.745791 0.750785 0.757684 0.766574 0.777571 0.790821 0.806507 0.824855 0.846143 0.856306 0.834242 0.815201 0.798892 0.785076 0.773562 0.764196 0.756854 0.751446 0.747904 0.746184 0.746265 0.748149 0.751859 0.757439 0.764959 0.774515 0.786231 0.800264 0.816810 0.836112 0.858467 0.884238 0.853080 0.822894 0.796624 0.773787 0.753988 0.736908 0.722286 0.709910 0.699608 0.691242 0.684704 0.679911 0.676804 0.675345 0.675516 0.677319 0.669218 0.662234 0.656961 0.653333 0.651305 0.650852 0.651970 0.654671 0.658989 0.664978 0.672711 0.682289 0.693840 0.707523 0.723534 0.742115 0.763564 0.788246 0.816609 0.849212 0.886752 0.930109 0.980406 1.000000 0.954291 0.914685 0.880272 0.850329 0.824276 0.801646 0.782059 0.765206 0.750834 0.738740 0.728756 0.720752 0.714625 0.710298 0.707718 0.706853 0.707693 0.710248 0.714549 0.720650 0.728625 0.738579 0.750642 13324.500000 1.066677 0.857944
0.742115 0.763564 0.788246 0.816609 0.849212 0.886752 0.930109 0.980406 1.000000 0.954291 0.914685 0.880272 0.850329 0.824276 0.801646 0.782059 0.765206 0.750834 0.738740 0.728756 0.720752 0.714625 0.710298 0.707718 0.706853 0.707693 0.710248 0.714549 0.720650 0.728625 0.738579 0.750642 0.764978 0.781793 0.790207 0.771162 0.754789 0.740844 0.729130 0.719486 0.711787 0.705934 0.701853 0.699494 0.698830 0.699850 0.702569 0.707019 0.713255 0.721355 0.731424 0.743594 0.758034 0.774949 0.794594 0.798281 0.783849 0.771755 0.761836 0.753963 0.748034 0.743976 0.741739 0.741296 0.742641 0.745791 0.750785 0.757684 0.766574 0.777571 0.790821 0.806507 0.824855 0.846143 0.856306 0.834242 0.815201 0.798892 0.785076 0.773562 0.764196 0.756854 0.751446 0.747904 0.746184 0.746265 0.748149 0.751859 0.757439 0.764959 0.774515 0.786231 0.800264 0.816810 0.836112 0.858467 0.884238 0.853080 0.822894 0.796624 0.773787 0.753988 0.736908 0.722286 0.709910 0.699608 0.691242 0.684704 0.679911 0.676804 0.675345 0.675516 0.677319 0.669218 0.662234 0.656961 0.653333 0.651305 0.650852 0.651970 0.654671 0.658989 0.664978 0.672711 0.682289 0.693840 0.707523 0.723534 13324.500000 1.066677 0.857944
0.836389 0.809956 0.786981 0.767069 0.749903 0.735220 0.722810 0.712499 0.704151 0.697657 0.692936 0.689930 0.688601 0.688934 0.690932 0.694621 0.700044 0.707270 0.716391 0.727526 0.740825 0.756476 0.774709 0.795806 0.820117 0.848067 0.880184 0.903818 0.860036 0.822188 0.789353 0.760803 0.735956 0.714348 0.695600 0.679406 0.665516 0.653725 0.643870 0.635816 0.629458 0.624717 0.621533 0.619866 0.619698 0.621025 0.623865 0.628250 0.634237 0.641900 0.651339 0.662680 0.676080 0.691734 0.709881 0.730814 0.754893 0.782563 0.814374 0.851018 0.893369 0.942545 1.000000 0.963509 0.912116 0.867914 0.829704 0.796554 0.767730 0.742646 0.720831 0.701904 0.685554 0.671530 0.659625 0.649673 0.641539 0.635117 0.630327 0.627107 0.625419 0.625243 0.626575 0.629433 0.633851 0.639884 0.647608 0.657124 0.668557 0.682068 0.697852 0.716150 0.737257 0.761537 0.789437 0.821513 0.858462 0.901165 0.906739 0.868575 0.835425 0.806584 0.781488 0.759682 0.740795 0.724528 0.710635 0.698917 0.689213 0.681393 0.675358 0.671031 0.668359 0.667309 0.667869 0.670046 0.673866 0.679375 0.686643 0.695763 0.706853 0.720066 0.735589 0.753650 0.774534 0.798587 0.826236 0.858010 1691.500000 1.050622 0.773425
0.858462 0.901165 0.906739 0.868575 0.835425 0.806584 0.781488 0.759682 0.740795 0.724528 0.710635 0.698917 0.689213 0.681393 0.675358 0.671031 0.668359 0.667309 0.667869 0.670046 0.673866 0.679375 0.686643 0.695763 0.706853 0.720066 0.735589 0.753650 0.774534 0.798587 0.826236 0.858010 0.836389 0.809956 0.786981 0.767069 0.749903 0.735220 0.722810 0.712499 0.704151 0.697657 0.692936 0.689930 0.688601 0.688934 0.690932 0.694621 0.700044 0.707270 0.716391 0.727526 0.740825 0.756476 0.774709 0.795806 0.820117 0.848067 0.880184 0.903818 0.860036 0.822188 0.789353 0.760803 0.735956 0.714348 0.695600 0.679406 0.665516 0.653725 0.643870 0.635816 0.629458 0.624717 0.621533 0.619866 0.619698 0.621025 0.623865 0.628250 0.634237 0.641900 0.651339 0.662680 0.676080 0.691734 0.709881 0.730814 0.754893 0.782563 0.814374 0.851018 0.893369 0.942545 1.000000 0.963509 0.912116 0.867914 0.829704 0.796554 0.767730 0.742646 0.720831 0.701904 0.685554 0.671530 0.659625 0.649673 0.641539 0.635117 0.630327 0.627107 0.625419 0.625243 0.626575 0.629433 0.633851 0.639884 0.647608 0.657124 0.668557 0.682068 0.697852 0.716150 0.737257 0.761537 0.789437 0.821513 1691.500000 1.050622 0.773425
0.912116 0.867914 0.829704 0.796554 0.767730 0.742646 0.720831 0.701904 0.685554 0.671530 0.659625 0.649673 0.641539 0.635117 0.630327 0.627107 0.625419 0.625243 0.626575 0.629433 0.633851 0.639884 0.647608 0.657124 0.668557 0.682068 0.697852 0.716150 0.737257 0.761537 0.789437 0.821513 0.858462 0.901165 0.906739 0.868575 0.835425 0.806584 0.781488 0.759682 0.740795 0.724528 0.710635 0.698917 0.689213 0.681393 0.675358 0.671031 0.668359 0.667309 0.667869 0.670046 0.673866 0.679375 0.686643 0.695763 0.706853 0.720066 0.735589 0.753650 0.774534 0.798587 0.826236 0.858010 0.836389 0.809956 0.786981 0.767069 0.749903 0.735220 0.722810 0.712499 0.704151 0.697657 0.692936 0.689930 0.688601 0.688934 0.690932 0.694621 0.700044 0.707270 0.716391 0.727526 0.740825 0.756476 0.774709 0.795806 0.820117 0.848067 0.880184 0.903818 0.860036 0.822188 0.789353 0.760803 0.735956 0.714348 0.695600 0.679406 0.665516 0.653725 0.643870 0.635816 0.629458 0.624717 0.621533 0.619866 0.619698 0.621025 0.623865 0.628250 0.634237 0.641900 0.651339 0.662680 0.676080 0.691734 0.709881 0.730814 0.754893 0.782563 0.814374 0.851018 0.893369 0.942545 1.000000 0.963509 1691.500000 1.050622 0.773425
0.735956 0.714348 0.695600 0.679406 0.665516 0.653725 0.643870 0.635816 0.629458 0.624717 0.621533 0.619866 0.619698 0.621025 0.623865 0.628250 0.634237 0.641900 0.651339 0.662680 0.676080 0.691734 0.709881 0.730814 0.754893 0.782563 0.814374 0.851018 0.893369 0.942545 1.000000 0.963509 0.912116 0.867914 0.829704 0.796554 0.767730 0.742646 0.720831 0.701904 0.685554 0.671530 0.659625 0.649673 0.641539 0.635117 0.630327 0.627107 0.625419 0.625243 0.626575 0.629433 0.633851 0.639884 0.647608 0.657124 0.668557 0.682068 0.697852 0.716150 0.737257 0.761537 0.789437 0.821513 0.858462 0.901165 0.906739 0.868575 0.835425 0.806584 0.781488 0.759682 0.740795 0.724528 0.710635 0.698917 0.689213 0.681393 0.675358 0.671031 0.668359 0.667309 0.667869 0.670046 0.673866 0.679375 0.686643 0.695763 0.706853 0.720066 0.735589 0.753650 0.774534 0.798587 0.826236 0.858010 0.836389 0.809956 0.786981 0.767069 0.749903 0.735220 0.722810 0.712499 0.704151 0.697657 0.692936 0.689930 0.688601 0.688934 0.690932 0.694621 0.700044 0.707270 0.716391 0.727526 0.740825 0.756476 0.774709 0.795806 0.820117 0.848067 0.880184 0.903818 0.860036 0.822188 0.789353 0.760803 1691.500000 1.050622 0.773425
0.677720 0.721582 0.758958 0.746723 0.736623 0.728524 0.722323 0.717941 0.715324 0.714442 0.715283 0.717858 0.722197 0.728354 0.736406 0.746457 0.758639 0.773118 0.790102 0.809843 0.832653 0.812688 0.767253 0.728291 0.694688 0.665581 0.640296 0.618297 0.599155 0.582523 0.568122 0.555722 0.545137 0.536215 0.528834 0.522896 0.518325 0.515063 0.513071 0.512323 0.512811 0.514540 0.517532 0.521824 0.526157 0.517843 0.510999 0.505536 0.501383 0.498489 0.496819 0.496351 0.497081 0.499016 0.502182 0.506616 0.512374 0.519531 0.528181 0.538443 0.550464 0.564425 0.580548 0.596418 0.595699 0.596418 0.598582 0.602217 0.607370 0.614103 0.622504 0.632683 0.644780 0.658967 0.675456 0.694508 0.716441 0.741651 0.770623 0.803966 0.842446 0.887039 0.939006 1.000000 0.928421 0.852991 0.790658 0.738473 0.694319 0.656640 0.624267 0.596304 0.572059 0.550983 0.532643 0.516689 0.502839 0.490864 0.480577 0.471825 0.464486 0.458459 0.453665 0.450043 0.447549 0.444332 0.439421 0.435656 0.432989 0.431388 0.430832 0.431316 0.432844 0.435436 0.439124 0.443953 0.449986 0.457302 0.466001 0.476207 0.488072 0.501783 0.517569 0.535714 0.556566 0.580563 0.608254 0.640338 1039.500000 1.538679 0.745196
0.502839 0.490864 0.480577 0.471825 0.464486 0.458459 0.453665 0.450043 0.447549 0.444332 0.439421 0.435656 0.432989 0.431388 0.430832 0.431316 0.432844 0.435436 0.439124 0.443953 0.449986 0.457302 0.466001 0.476207 0.488072 0.501783 0.517569 0.535714 0.556566 0.580563 0.608254 0.640338 0.677720 0.721582 0.758958 0.746723 0.736623 0.728524 0.722323 0.717941 0.715324 0.714442 0.715283 0.717858 0.722197 0.728354 0.736406 0.746457 0.758639 0.773118 0.790102 0.809843 0.832653 0.812688 0.767253 0.728291 0.694688 0.665581 0.640296 0.618297 0.599155 0.582523 0.568122 0.555722 0.545137 0.536215 0.528834 0.522896 0.518325 0.515063 0.513071 0.512323 0.512811 0.514540 0.517532 0.521824 0.526157 0.517843 0.510999 0.505536 0.501383 0.498489 0.496819 0.496351 0.497081 0.499016 0.502182 0.506616 0.512374 0.519531 0.528181 0.538443 0.550464 0.564425 0.580548 0.596418 0.595699 0.596418 0.598582 0.602217 0.607370 0.614103 0.622504 0.632683 0.644780 0.658967 0.675456 0.694508 0.716441 0.741651 0.770623 0.803966 0.842446 0.887039 0.939006 1.000000 0.928421 0.852991 0.790658 0.738473 0.694319 0.656640 0.624267 0.596304 0.572059 0.550983 0.532643 0.516689 1039.500000 1.538679 0.745196
0.595699 0.596418 0.598582 0.602217 0.607370 0.614103 0.622504 0.632683 0.644780 0.658967 0.675456 0.694508 0.716441 0.741651 0.770623 0.803966 0.842446 0.887039 0.939006 1.000000 0.928421 0.852991 0.790658 0.738473 0.694319 0.656640 0.624267 0.596304 0.572059 0.550983 0.532643 0.516689 0.502839 0.490864 0.480577 0.471825 0.464486 0.458459 0.453665 0.450043 0.447549 0.444332 0.439421 0.435656 0.432989 0.431388 0.430832 0.431316 0.432844 0.435436 0.439124 0.443953 0.449986 0.457302 0.466001 0.476207 0.488072 0.501783 0.517569 0.535714 0.556566 0.580563 0.608254 0.640338 0.677720 0.721582 0.758958 0.746723 0.736623 0.728524 0.722323 0.717941 0.715324 0.714442 0.715283 0.717858 0.722197 0.728354 0.736406 0.746457 0.758639 0.773118 0.790102 0.809843 0.832653 0.812688 0.767253 0.728291 0.694688 0.665581 0.640296 0.618297 0.599155 0.582523 0.568122 0.555722 0.545137 0.536215 0.528834 0.522896 0.518325 0.515063 0.513071 0.512323 0.512811 0.514540 0.517532 0.521824 0.526157 0.517843 0.510999 0.505536 0.501383 0.498489 0.496819 0.496351 0.497081 0.499016 0.502182 0.506616 0.512374 0.519531 0.528181 0.538443 0.550464 0.564425 0.580548 0.596418 1039.500000 1.538679 0.745196
0.545137 0.536215 0.528834 0.522896 0.518325 0.515063 0.513071 0.512323 0.512811 0.514540 0.517532 0.521824 0.526157 0.517843 0.510999 0.505536 0.501383 0.498489 0.496819 0.496351 0.497081 0.499016 0.502182 0.506616 0.512374 0.519531 0.528181 0.538443 0.550464 0.564425 0.580548 0.596418 0.595699 0.596418 0.598582 0.602217 0.607370 0.614103 0.622504 0.632683 0.644780 0.658967 0.675456 0.694508 0.716441 0.741651 0.770623 0.803966 0.842446 0.887039 0.939006 1.000000 0.928421 0.852991 0.790658 0.738473 0.694319 0.656640 0.624267 0.596304 0.572059 0.550983 0.532643 0.516689 0.502839 0.490864 0.480577 0.471825 0.464486 0.458459 0.453665 0.450043 0.447549 0.444332 0.439421 0.435656 0.432989 0.431388 0.430832 0.431316 0.432844 0.435436 0.439124 0.443953 0.449986 0.457302 0.466001 0.476207 0.488072 0.501783 0.517569 0.535714 0.556566 0.580563 0.608254 0.640338 0.677720 0.721582 0.758958 0.746723 0.736623 0.728524 0.722323 0.717941 0.715324 0.714442 0.715283 0.717858 0.722197 0.728354 0.736406 0.746457 0.758639 0.773118 0.790102 0.809843 0.832653 0.812688 0.767253 0.728291 0.694688 0.665581 0.640296 0.618297 0.599155 0.582523 0.568122 0.555722 1039.500000 1.538679 0.745196
0.555601 0.562314 0.570583 0.580518 0.592257 0.605970 0.621867 0.640205 0.661298 0.685537 0.713404 0.745505 0.782605 0.825684 0.813420 0.792300 0.774068 0.758441 0.745193 0.734138 0.725127 0.718044 0.712799 0.709325 0.707582 0.707548 0.709223 0.690979 0.672158 0.655873 0.641868 0.629935 0.619903 0.611636 0.605026 0.599986 0.596455 0.594389 0.593762 0.594568 0.596815 0.600532 0.605764 0.612577 0.621058 0.631319 0.643501 0.657779 0.674366 0.690943 0.657212 0.628063 0.602782 0.580801 0.561673 0.545036 0.530597 0.518120 0.507411 0.498311 0.490693 0.484454 0.479513 0.481507 0.488240 0.496377 0.506029 0.517335 0.530465 0.545628 0.563079 0.583135 0.606186 0.632722 0.663359 0.698882 0.740311 0.788980 0.846683 0.915873 1.000000 0.936674 0.877475 0.827189 0.784141 0.747062 0.714976 0.687120 0.662890 0.641805 0.623475 0.607586 0.593882 0.582154 0.572232 0.563979 0.557284 0.552060 0.548241 0.545781 0.544650 0.549330 0.556845 0.565951 0.576772 0.589462 0.604212 0.621254 0.640875 0.663425 0.689341 0.680275 0.656843 0.636455 0.618739 0.603398 0.590186 0.578905 0.569393 0.561520 0.555180 0.550294 0.546798 0.544650 0.543824 0.544310 0.546515 0.550357 4044.000000 1.217109 0.734841
0.557284 0.552060 0.548241 0.545781 0.544650 0.549330 0.556845 0.565951 0.576772 0.589462 0.604212 0.621254 0.640875 0.663425 0.689341 0.680275 0.656843 0.636455 0.618739 0.603398 0.590186 0.578905 0.569393 0.561520 0.555180 0.550294 0.546798 0.544650 0.543824 0.544310 0.546515 0.550357 0.555601 0.562314 0.570583 0.580518 0.592257 0.605970 0.621867 0.640205 0.661298 0.685537 0.713404 0.745505 0.782605 0.825684 0.813420 0.792300 0.774068 0.758441 0.745193 0.734138 0.725127 0.718044 0.712799 0.709325 0.707582 0.707548 0.709223 0.690979 0.672158 0.655873 0.641868 0.629935 0.619903 0.611636 0.605026 0.599986 0.596455 0.594389 0.593762 0.594568 0.596815 0.600532 0.605764 0.612577 0.621058 0.631319 0.643501 0.657779 0.674366 0.690943 0.657212 0.628063 0.602782 0.580801 0.561673 0.545036 0.530597 0.518120 0.507411 0.498311 0.490693 0.484454 0.479513 0.481507 0.488240 0.496377 0.506029 0.517335 0.530465 0.545628 0.563079 0.583135 0.606186 0.632722 0.663359 0.698882 0.740311 0.788980 0.846683 0.915873 1.000000 0.936674 0.877475 0.827189 0.784141 0.747062 0.714976 0.687120 0.662890 0.641805 0.623475 0.607586 0.593882 0.582154 0.572232 0.563979 4044.000000 1.217109 0.734841
0.488240 0.496377 0.506029 0.517335 0.530465 0.545628 0.563079 0.583135 0.606186 0.632722 0.663359 0.698882 0.740311 0.788980 0.846683 0.915873 1.000000 0.936674 0.877475 0.827189 0.784141 0.747062 0.714976 0.687120 0.662890 0.641805 0.623475 0.607586 0.593882 0.582154 0.572232 0.563979 0.557284 0.552060 0.548241 0.545781 0.544650 0.549330 0.556845 0.565951 0.576772 0.589462 0.604212 0.621254 0.640875 0.663425 0.689341 0.680275 0.656843 0.636455 0.618739 0.603398 0.590186 0.578905 0.569393 0.561520 0.555180 0.550294 0.546798 0.544650 0.543824 0.544310 0.546515 0.550357 0.555601 0.562314 0.570583 0.580518 0.592257 0.605970 0.621867 0.640205 0.661298 0.685537 0.713404 0.745505 0.782605 0.825684 0.813420 0.792300 0.774068 0.758441 0.745193 0.734138 0.725127 0.718044 0.712799 0.709325 0.707582 0.707548 0.709223 0.690979 0.672158 0.655873 0.641868 0.629935 0.619903 0.611636 0.605026 0.599986 0.596455 0.594389 0.593762 0.594568 0.596815 0.600532 0.605764 0.612577 0.621058 0.631319 0.643501 0.657779 0.674366 0.690943 0.657212 0.628063 0.602782 0.580801 0.561673 0.545036 0.530597 0.518120 0.507411 0.498311 0.490693 0.484454 0.479513 0.481507 4044.000000 1.217109 0.734841
0.619903 0.611636 0.605026 0.599986 0.596455 0.594389 0.593762 0.594568 0.596815 0.600532 0.605764 0.612577 0.621058 0.631319 0.643501 0.657779 0.674366 0.690943 0.657212 0.628063 0.602782 0.580801 0.561673 0.545036 0.530597 0.518120 0.507411 0.498311 0.490693 0.484454 0.479513 0.481507 0.488240 0.496377 0.506029 0.517335 0.530465 0.545628 0.563079 0.583135 0.606186 0.632722 0.663359 0.698882 0.740311 0.788980 0.846683 0.915873 1.000000 0.936674 0.877475 0.827189 0.784141 0.747062 0.714976 0.687120 0.662890 0.641805 0.623475 0.607586 0.593882 0.582154 0.572232 0.563979 0.557284 0.552060 0.548241 0.545781 0.544650 0.549330 0.556845 0.565951 0.576772 0.589462 0.604212 0.621254 0.640875 0.663425 0.689341 0.680275 0.656843 0.636455 0.618739 0.603398 0.590186 0.578905 0.569393 0.561520 0.555180 0.550294 0.546798 0.544650 0.543824 0.544310 0.546515 0.550357 0.555601 0.562314 0.570583 0.580518 0.592257 0.605970 0.621867 0.640205 0.661298 0.685537 0.713404 0.745505 0.782605 0.825684 0.813420 0.792300 0.774068 0.758441 0.745193 0.734138 0.725127 0.718044 0.712799 0.709325 0.707582 0.707548 0.709223 0.690979 0.672158 0.655873 0.641868 0.629935 4044.000000 1.217109 0.734841
0.795051 0.801607 0.795879 0.792127 0.790305 0.790391 0.792387 0.796315 0.802226 0.810191 0.820311 0.832720 0.847583 0.865107 0.885551 0.909227 0.905570 0.880703 0.859179 0.840659 0.824866 0.811574 0.800602 0.791805 0.785070 0.780313 0.777474 0.776520 0.777439 0.780242 0.784963 0.791661 0.800419 0.811349 0.824595 0.840340 0.858807 0.880271 0.901302 0.877818 0.857540 0.840156 0.825412 0.813102 0.803059 0.795154 0.789286 0.785382 0.783394 0.783299 0.785095 0.788804 0.794471 0.802167 0.811988 0.824063 0.838552 0.855659 0.875632 0.881913 0.872243 0.864844 0.859622 0.856515 0.855483 0.856515 0.859622 0.864844 0.872243 0.881913 0.893977 0.908596 0.925968 0.902414 0.876173 0.853414 0.833764 0.816923 0.802644 0.790728 0.781014 0.773377 0.767719 0.763971 0.762085 0.762041 0.763837 0.767494 0.773058 0.780597 0.790208 0.781783 0.773211 0.766651 0.762023 0.759268 0.758354 0.759268 0.762023 0.766651 0.773211 0.781783 0.792477 0.805436 0.820836 0.838897 0.859888 0.884142 0.912064 0.944156 0.981039 1.000000 0.963747 0.932198 0.904760 0.880952 0.860384 0.842739 0.827758 0.815229 0.804984 0.796890 0.790843 0.786768 0.784615 0.784359 0.785995 0.789545 1955.000000 1.120022 0.899361
0.758354 0.759268 0.762023 0.766651 0.773211 0.781783 0.792477 0.805436 0.820836 0.838897 0.859888 0.884142 0.912064 0.944156 0.981039 1.000000 0.963747 0.932198 0.904760 0.880952 0.860384 0.842739 0.827758 0.815229 0.804984 0.796890 0.790843 0.786768 0.784615 0.784359 0.785995 0.789545 0.795051 0.801607 0.795879 0.792127 0.790305 0.790391 0.792387 0.796315 0.802226 0.810191 0.820311 0.832720 0.847583 0.865107 0.885551 0.909227 0.905570 0.880703 0.859179 0.840659 0.824866 0.811574 0.800602 0.791805 0.785070 0.780313 0.777474 0.776520 0.777439 0.780242 0.784963 0.791661 0.800419 0.811349 0.824595 0.840340 0.858807 0.880271 0.901302 0.877818 0.857540 0.840156 0.825412 0.813102 0.803059 0.795154 0.789286 0.785382 0.783394 0.783299 0.785095 0.788804 0.794471 0.802167 0.811988 0.824063 0.838552 0.855659 0.875632 0.881913 0.872243 0.864844 0.859622 0.856515 0.855483 0.856515 0.859622 0.864844 0.872243 0.881913 0.893977 0.908596 0.925968 0.902414 0.876173 0.853414 0.833764 0.816923 0.802644 0.790728 0.781014 0.773377 0.767719 0.763971 0.762085 0.762041 0.763837 0.767494 0.773058 0.780597 0.790208 0.781783 0.773211 0.766651 0.762023 0.759268 1955.000000 1.120022 0.899361
0.855483 0.856515 0.859622 0.864844 0.872243 0.881913 0.893977 0.908596 0.925968 0.902414 0.876173 0.853414 0.833764 0.816923 0.802644 0.790728 0.781014 0.773377 0.767719 0.763971 0.762085 0.762041 0.763837 0.767494 0.773058 0.780597 0.790208 0.781783 0.773211 0.766651 0.762023 0.759268 0.758354 0.759268 0.762023 0.766651 0.773211 0.781783 0.792477 0.805436 0.820836 0.838897 0.859888 0.884142 0.912064 0.944156 0.981039 1.000000 0.963747 0.932198 0.904760 0.880952 0.860384 0.842739 0.827758 0.815229 0.804984 0.796890 0.790843 0.786768 0.784615 0.784359 0.785995 0.789545 0.795051 0.801607 0.795879 0.792127 0.790305 0.790391 0.792387 0.796315 0.802226 0.810191 0.820311 0.832720 0.847583 0.865107 0.885551 0.909227 0.905570 0.880703 0.859179 0.840659 0.824866 0.811574 0.800602 0.791805 0.785070 0.780313 0.777474 0.776520 0.777439 0.780242 0.784963 0.791661 0.800419 0.811349 0.824595 0.840340 0.858807 0.880271 0.901302 0.877818 0.857540 0.840156 0.825412 0.813102 0.803059 0.795154 0.789286 0.785382 0.783394 0.783299 0.785095 0.788804 0.794471 0.802167 0.811988 0.824063 0.838552 0.855659 0.875632 0.881913 0.872243 0.864844 0.859622 0.856515 1955.000000 1.120022 0.899361
0.800419 0.811349 0.824595 0.840340 0.858807 0.880271 0.901302 0.877818 0.857540 0.840156 0.825412 0.813102 0.803059 0.795154 0.789286 0.785382 0.783394 0.783299 0.785095 0.788804 0.794471 0.802167 0.811988 0.824063 0.838552 0.855659 0.875632 0.881913 0.872243 0.864844 0.859622 0.856515 0.855483 0.856515 0.859622 0.864844 0.872243 0.881913 0.893977 0.908596 0.925968 0.902414 0.876173 0.853414 0.833764 0.816923 0.802644 0.790728 0.781014 0.773377 0.767719 0.763971 0.762085 0.762041 0.763837 0.767494 0.773058 0.780597 0.790208 0.781783 0.773211 0.766651 0.762023 0.759268 0.758354 0.759268 0.762023 0.766651 0.773211 0.781783 0.792477 0.805436 0.820836 0.838897 0.859888 0.884142 0.912064 0.944156 0.981039 1.000000 0.963747 0.932198 0.904760 0.880952 0.860384 0.842739 0.827758 0.815229 0.804984 0.796890 0.790843 0.786768 0.784615 0.784359 0.785995 0.789545 0.795051 0.801607 0.795879 0.792127 0.790305 0.790391 0.792387 0.796315 0.802226 0.810191 0.820311 0.832720 0.847583 0.865107 0.885551 0.909227 0.905570 0.880703 0.859179 0.840659 0.824866 0.811574 0.800602 0.791805 0.785070 0.780313 0.777474 0.776520 0.777439 0.780242 0.784963 0.791661 1955.000000 1.120022 0.899361
0.557092 0.555037 0.554590 0.555669 0.558100 0.561912 0.567151 0.573885 0.582200 0.592208 0.604046 0.617886 0.633938 0.652460 0.673769 0.698255 0.726405 0.712946 0.678936 0.649516 0.623981 0.601772 0.582445 0.565641 0.551070 0.538496 0.527725 0.518602 0.510999 0.504814 0.499967 0.496397 0.494059 0.492925 0.492982 0.494997 0.499232 0.504767 0.511672 0.520039 0.529982 0.541643 0.555196 0.570856 0.588885 0.609605 0.633419 0.660826 0.692455 0.729109 0.771823 0.821958 0.881328 0.952416 0.986040 0.923198 0.869855 0.824218 0.784927 0.750938 0.721437 0.695779 0.673450 0.654036 0.637202 0.622675 0.610234 0.599696 0.590915 0.583774 0.578180 0.574061 0.571368 0.570067 0.553479 0.535513 0.519889 0.506336 0.494634 0.484601 0.476091 0.468985 0.463188 0.458624 0.455234 0.452978 0.451827 0.451768 0.452799 0.454933 0.458197 0.462630 0.468289 0.475248 0.483599 0.493459 0.504971 0.518311 0.533696 0.549868 0.567714 0.588221 0.611794 0.638939 0.670295 0.706677 0.749144 0.799089 0.858385 0.929606 1.000000 0.932428 0.875386 0.826798 0.785111 0.749145 0.717983 0.690909 0.667351 0.646854 0.629048 0.613636 0.600372 0.589059 0.579534 0.571668 0.565356 0.560518 734.000000 1.385770 0.671672
0.504971 0.518311 0.533696 0.549868 0.567714 0.588221 0.611794 0.638939 0.670295 0.706677 0.749144 0.799089 0.858385 0.929606 1.000000 0.932428 0.875386 0.826798 0.785111 0.749145 0.717983 0.690909 0.667351 0.646854 0.629048 0.613636 0.600372 0.589059 0.579534 0.571668 0.565356 0.560518 0.557092 0.555037 0.554590 0.555669 0.558100 0.561912 0.567151 0.573885 0.582200 0.592208 0.604046 0.617886 0.633938 0.652460 0.673769 0.698255 0.726405 0.712946 0.678936 0.649516 0.623981 0.601772 0.582445 0.565641 0.551070 0.538496 0.527725 0.518602 0.510999 0.504814 0.499967 0.496397 0.494059 0.492925 0.492982 0.494997 0.499232 0.504767 0.511672 0.520039 0.529982 0.541643 0.555196 0.570856 0.588885 0.609605 0.633419 0.660826 0.692455 0.729109 0.771823 0.821958 0.881328 0.952416 0.986040 0.923198 0.869855 0.824218 0.784927 0.750938 0.721437 0.695779 0.673450 0.654036 0.637202 0.622675 0.610234 0.599696 0.590915 0.583774 0.578180 0.574061 0.571368 0.570067 0.553479 0.535513 0.519889 0.506336 0.494634 0.484601 0.476091 0.468985 0.463188 0.458624 0.455234 0.452978 0.451827 0.451768 0.452799 0.454933 0.458197 0.462630 0.468289 0.475248 0.483599 0.493459 734.000000 1.385770 0.671672
0.637202 0.622675 0.610234 0.599696 0.590915 0.583774 0.578180 0.574061 0.571368 0.570067 0.553479 0.535513 0.519889 0.506336 0.494634 0.484601 0.476091 0.468985 0.463188 0.458624 0.455234 0.452978 0.451827 0.451768 0.452799 0.454933 0.458197 0.462630 0.468289 0.475248 0.483599 0.493459 0.504971 0.518311 0.533696 0.549868 0.567714 0.588221 0.611794 0.638939 0.670295 0.706677 0.749144 0.799089 0.858385 0.929606 1.000000 0.932428 0.875386 0.826798 0.785111 0.749145 0.717983 0.690909 0.667351 0.646854 0.629048 0.613636 0.600372 0.589059 0.579534 0.571668 0.565356 0.560518 0.557092 0.555037 0.554590 0.555669 0.558100 0.561912 0.567151 0.573885 0.582200 0.592208 0.604046 0.617886 0.633938 0.652460 0.673769 0.698255 0.726405 0.712946 0.678936 0.649516 0.623981 0.601772 0.582445 0.565641 0.551070 0.538496 0.527725 0.518602 0.510999 0.504814 0.499967 0.496397 0.494059 0.492925 0.492982 0.494997 0.499232 0.504767 0.511672 0.520039 0.529982 0.541643 0.555196 0.570856 0.588885 0.609605 0.633419 0.660826 0.692455 0.729109 0.771823 0.821958 0.881328 0.952416 0.986040 0.923198 0.869855 0.824218 0.784927 0.750938 0.721437 0.695779 0.673450 0.654036 734.000000 1.385770 0.671672
0.494059 0.492925 0.492982 0.494997 0.499232 0.504767 0.511672 0.520039 0.529982 0.541643 0.555196 0.570856 0.588885 0.609605 0.633419 0.660826 0.692455 0.729109 0.771823 0.821958 0.881328 0.952416 0.986040 0.923198 0.869855 0.824218 0.784927 0.750938 0.721437 0.695779 0.673450 0.654036 0.637202 0.622675 0.610234 0.599696 0.590915 0.583774 0.578180 0.574061 0.571368 0.570067 0.553479 0.535513 0.519889 0.506336 0.494634 0.484601 0.476091 0.468985 0.463188 0.458624 0.455234 0.452978 0.451827 0.451768 0.452799 0.454933 0.458197 0.462630 0.468289 0.475248 0.483599 0.493459 0.504971 0.518311 0.533696 0.549868 0.567714 0.588221 0.611794 0.638939 0.670295 0.706677 0.749144 0.799089 0.858385 0.929606 1.000000 0.932428 0.875386 0.826798 0.785111 0.749145 0.717983 0.690909 0.667351 0.646854 0.629048 0.613636 0.600372 0.589059 0.579534 0.571668 0.565356 0.560518 0.557092 0.555037 0.554590 0.555669 0.558100 0.561912 0.567151 0.573885 0.582200 0.592208 0.604046 0.617886 0.633938 0.652460 0.673769 0.698255 0.726405 0.712946 0.678936 0.649516 0.623981 0.601772 0.582445 0.565641 0.551070 0.538496 0.527725 0.518602 0.510999 0.504814 0.499967 0.496397 734.000000 1.385770 0.671672
0.705124 0.670590 0.640753 0.614875 0.592379 0.572801 0.555773 0.540993 0.528219 0.517251 0.507928 0.500119 0.493718 0.488640 0.484823 0.489084 0.498271 0.509061 0.521613 0.536123 0.552834 0.572042 0.594117 0.619515 0.648815 0.682751 0.722268 0.768606 0.823417 0.888953 0.968356 1.000000 0.917016 0.848637 0.791523 0.743289 0.702191 0.666922 0.636486 0.610113 0.587196 0.567256 0.549907 0.534838 0.521797 0.510577 0.501011 0.492962 0.486321 0.473424 0.459661 0.447724 0.437419 0.428586 0.421097 0.414848 0.409755 0.405750 0.402784 0.400820 0.399833 0.399812 0.400757 0.402678 0.405600 0.409558 0.420857 0.436751 0.455031 0.476105 0.500490 0.528851 0.562054 0.601252 0.648004 0.704481 0.773785 0.860511 0.934413 0.890703 0.852863 0.820001 0.791414 0.766538 0.744917 0.726185 0.710039 0.696237 0.684579 0.674905 0.667084 0.661017 0.656627 0.653859 0.652681 0.653077 0.648906 0.628792 0.611316 0.596182 0.583151 0.572026 0.562647 0.554886 0.548640 0.543829 0.540391 0.538286 0.537487 0.537984 0.539784 0.542908 0.547395 0.553301 0.556771 0.559085 0.562779 0.567901 0.574513 0.582701 0.592574 0.604268 0.617952 0.633832 0.652162 0.673255 0.697494 0.725356 7477.000000 1.251849 0.640297
0.648906 0.628792 0.611316 0.596182 0.583151 0.572026 0.562647 0.554886 0.548640 0.543829 0.540391 0.538286 0.537487 0.537984 0.539784 0.542908 0.547395 0.553301 0.556771 0.559085 0.562779 0.567901 0.574513 0.582701 0.592574 0.604268 0.617952 0.633832 0.652162 0.673255 0.697494 0.725356 0.705124 0.670590 0.640753 0.614875 0.592379 0.572801 0.555773 0.540993 0.528219 0.517251 0.507928 0.500119 0.493718 0.488640 0.484823 0.489084 0.498271 0.509061 0.521613 0.536123 0.552834 0.572042 0.594117 0.619515 0.648815 0.682751 0.722268 0.768606 0.823417 0.888953 0.968356 1.000000 0.917016 0.848637 0.791523 0.743289 0.702191 0.666922 0.636486 0.610113 0.587196 0.567256 0.549907 0.534838 0.521797 0.510577 0.501011 0.492962 0.486321 0.473424 0.459661 0.447724 0.437419 0.428586 0.421097 0.414848 0.409755 0.405750 0.402784 0.400820 0.399833 0.399812 0.400757 0.402678 0.405600 0.409558 0.420857 0.436751 0.455031 0.476105 0.500490 0.528851 0.562054 0.601252 0.648004 0.704481 0.773785 0.860511 0.934413 0.890703 0.852863 0.820001 0.791414 0.766538 0.744917 0.726185 0.710039 0.696237 0.684579 0.674905 0.667084 0.661017 0.656627 0.653859 0.652681 0.653077 7477.000000 1.251849 0.640297
0.405600 0.409558 0.420857 0.436751 0.455031 0.476105 0.500490 0.528851 0.562054 0.601252 0.648004 0.704481 0.773785 0.860511 0.934413 0.890703 0.852863 0.820001 0.791414 0.766538 0.744917 0.726185 0.710039 0.696237 0.684579 0.674905 0.667084 0.661017 0.656627 0.653859 0.652681 0.653077 0.648906 0.628792 0.611316 0.596182 0.583151 0.572026 0.562647 0.554886 0.548640 0.543829 0.540391 0.538286 0.537487 0.537984 0.539784 0.542908 0.547395 0.553301 0.556771 0.559085 0.562779 0.567901 0.574513 0.582701 0.592574 0.604268 0.617952 0.633832 0.652162 0.673255 0.697494 0.725356 0.705124 0.670590 0.640753 0.614875 0.592379 0.572801 0.555773 0.540993 0.528219 0.517251 0.507928 0.500119 0.493718 0.488640 0.484823 0.489084 0.498271 0.509061 0.521613 0.536123 0.552834 0.572042 0.594117 0.619515 0.648815 0.682751 0.722268 0.768606 0.823417 0.888953 0.968356 1.000000 0.917016 0.848637 0.791523 0.743289 0.702191 0.666922 0.636486 0.610113 0.587196 0.567256 0.549907 0.534838 0.521797 0.510577 0.501011 0.492962 0.486321 0.473424 0.459661 0.447724 0.437419 0.428586 0.421097 0.414848 0.409755 0.405750 0.402784 0.400820 0.399833 0.399812 0.400757 0.402678 7477.000000 1.251849 0.640297
0.917016 0.848637 0.791523 0.743289 0.702191 0.666922 0.636486 0.610113 0.587196 0.567256 0.549907 0.534838 0.521797 0.510577 0.501011 0.492962 0.486321 0.473424 0.459661 0.447724 0.437419 0.428586 0.421097 0.414848 0.409755 0.405750 0.402784 0.400820 0.399833 0.399812 0.400757 0.402678 0.405600 0.409558 0.420857 0.436751 0.455031 0.476105 0.500490 0.528851 0.562054 0.601252 0.648004 0.704481 0.773785 0.860511 0.934413 0.890703 0.852863 0.820001 0.791414 0.766538 0.744917 0.726185 0.710039 0.696237 0.684579 0.674905 0.667084 0.661017 0.656627 0.653859 0.652681 0.653077 0.648906 0.628792 0.611316 0.596182 0.583151 0.572026 0.562647 0.554886 0.548640 0.543829 0.540391 0.538286 0.537487 0.537984 0.539784 0.542908 0.547395 0.553301 0.556771 0.559085 0.562779 0.567901 0.574513 0.582701 0.592574 0.604268 0.617952 0.633832 0.652162 0.673255 0.697494 0.725356 0.705124 0.670590 0.640753 0.614875 0.592379 0.572801 0.555773 0.540993 0.528219 0.517251 0.507928 0.500119 0.493718 0.488640 0.484823 0.489084 0.498271 0.509061 0.521613 0.536123 0.552834 0.572042 0.594117 0.619515 0.648815 0.682751 0.722268 0.768606 0.823417 0.888953 0.968356 1.000000 7477.000000 1.251849 0.640297
0.928761 0.979530 0.985455 0.938746 0.898330 0.863244 0.832727 0.806170 0.783082 0.763067 0.745802 0.731023 0.718515 0.708106 0.699655 0.693054 0.688218 0.685089 0.683627 0.683815 0.685656 0.689171 0.694404 0.701420 0.710308 0.721183 0.734193 0.749520 0.767389 0.788075 0.811918 0.839333 0.830246 0.806907 0.786687 0.769264 0.754373 0.741802 0.731375 0.722955 0.716433 0.711727 0.708779 0.707553 0.708033 0.710227 0.714160 0.719880 0.727460 0.736995 0.748611 0.762465 0.778754 0.797717 0.819650 0.844917 0.873964 0.907342 0.945741 0.970438 0.921451 0.879188 0.842573 0.810760 0.783081 0.758997 0.738075 0.719964 0.704376 0.691079 0.679882 0.670632 0.663207 0.657510 0.653472 0.651042 0.650190 0.650907 0.653201 0.657099 0.662650 0.669924 0.679013 0.690037 0.703147 0.718529 0.736413 0.757081 0.780877 0.808228 0.839662 0.875834 0.917573 0.965933 1.000000 0.946329 0.900183 0.860305 0.825716 0.795642 0.769471 0.746709 0.726955 0.709886 0.695236 0.682791 0.672374 0.663846 0.657094 0.652034 0.648601 0.646755 0.646472 0.647748 0.650601 0.655064 0.661192 0.669063 0.678778 0.690468 0.704294 0.720456 0.739200 0.760827 0.785708 0.814299 0.847167 0.885022 6196.000000 1.040085 0.770193
0.900183 0.860305 0.825716 0.795642 0.769471 0.746709 0.726955 0.709886 0.695236 0.682791 0.672374 0.663846 0.657094 0.652034 0.648601 0.646755 0.646472 0.647748 0.650601 0.655064 0.661192 0.669063 0.678778 0.690468 0.704294 0.720456 0.739200 0.760827 0.785708 0.814299 0.847167 0.885022 0.928761 0.979530 0.985455 0.938746 0.898330 0.863244 0.832727 0.806170 0.783082 0.763067 0.745802 0.731023 0.718515 0.708106 0.699655 0.693054 0.688218 0.685089 0.683627 0.683815 0.685656 0.689171 0.694404 0.701420 0.710308 0.721183 0.734193 0.749520 0.767389 0.788075 0.811918 0.839333 0.830246 0.806907 0.786687 0.769264 0.754373 0.741802 0.731375 0.722955 0.716433 0.711727 0.708779 0.707553 0.708033 0.710227 0.714160 0.719880 0.727460 0.736995 0.748611 0.762465 0.778754 0.797717 0.819650 0.844917 0.873964 0.907342 0.945741 0.970438 0.921451 0.879188 0.842573 0.810760 0.783081 0.758997 0.738075 0.719964 0.704376 0.691079 0.679882 0.670632 0.663207 0.657510 0.653472 0.651042 0.650190 0.650907 0.653201 0.657099 0.662650 0.669924 0.679013 0.690037 0.703147 0.718529 0.736413 0.757081 0.780877 0.808228 0.839662 0.875834 0.917573 0.965933 1.000000 0.946329 6196.000000 1.040085 0.770193
0.783081 0.758997 0.738075 0.719964 0.704376 0.691079 0.679882 0.670632 0.663207 0.657510 0.653472 0.651042 0.650190 0.650907 0.653201 0.657099 0.662650 0.669924 0.679013 0.690037 0.703147 0.718529 0.736413 0.757081 0.780877 0.808228 0.839662 0.875834 0.917573 0.965933 1.000000 0.946329 0.900183 0.860305 0.825716 0.795642 0.769471 0.746709 0.726955 0.709886 0.695236 0.682791 0.672374 0.663846 0.657094 0.652034 0.648601 0.646755 0.646472 0.647748 0.650601 0.655064 0.661192 0.669063 0.678778 0.690468 0.704294 0.720456 0.739200 0.760827 0.785708 0.814299 0.847167 0.885022 0.928761 0.979530 0.985455 0.938746 0.898330 0.863244 0.832727 0.806170 0.783082 0.763067 0.745802 0.731023 0.718515 0.708106 0.699655 0.693054 0.688218 0.685089 0.683627 0.683815 0.685656 0.689171 0.694404 0.701420 0.710308 0.721183 0.734193 0.749520 0.767389 0.788075 0.811918 0.839333 0.830246 0.806907 0.786687 0.769264 0.754373 0.741802 0.731375 0.722955 0.716433 0.711727 0.708779 0.707553 0.708033 0.710227 0.714160 0.719880 0.727460 0.736995 0.748611 0.762465 0.778754 0.797717 0.819650 0.844917 0.873964 0.907342 0.945741 0.970438 0.921451 0.879188 0.842573 0.810760 6196.000000 1.040085 0.770193
0.830246 0.806907 0.786687 0.769264 0.754373 0.741802 0.731375 0.722955 0.716433 0.711727 0.708779 0.707553 0.708033 0.710227 0.714160 0.719880 0.727460 0.736995 0.748611 0.762465 0.778754 0.797717 0.819650 0.844917 0.873964 0.907342 0.945741 0.970438 0.921451 0.879188 0.842573 0.810760 0.783081 0.758997 0.738075 0.719964 0.704376 0.691079 0.679882 0.670632 0.663207 0.657510 0.653472 0.651042 0.650190 0.650907 0.653201 0.657099 0.662650 0.669924 0.679013 0.690037 0.703147 0.718529 0.736413 0.757081 0.780877 0.808228 0.839662 0.875834 0.917573 0.965933 1.000000 0.946329 0.900183 0.860305 0.825716 0.795642 0.769471 0.746709 0.726955 0.709886 0.695236 0.682791 0.672374 0.663846 0.657094 0.652034 0.648601 0.646755 0.646472 0.647748 0.650601 0.655064 0.661192 0.669063 0.678778 0.690468 0.704294 0.720456 0.739200 0.760827 0.785708 0.814299 0.847167 0.885022 0.928761 0.979530 0.985455 0.938746 0.898330 0.863244 0.832727 0.806170 0.783082 0.763067 0.745802 0.731023 0.718515 0.708106 0.699655 0.693054 0.688218 0.685089 0.683627 0.683815 0.685656 0.689171 0.694404 0.701420 0.710308 0.721183 0.734193 0.749520 0.767389 0.788075 0.811918 0.839333 6196.000000 1.040085 0.770193
0.758309 0.739913 0.724091 0.710608 0.699272 0.689928 0.682452 0.676750 0.672749 0.670401 0.669677 0.670568 0.673086 0.677260 0.683142 0.690806 0.700350 0.711901 0.725617 0.741693 0.760371 0.781947 0.806783 0.835327 0.868133 0.905893 0.949478 1.000000 0.965109 0.907368 0.858097 0.815765 0.779202 0.747500 0.719943 0.695962 0.675102 0.656992 0.641334 0.627882 0.616437 0.606837 0.598953 0.592680 0.587940 0.584671 0.582836 0.582410 0.583390 0.585786 0.589628 0.594964 0.601861 0.610407 0.620717 0.632931 0.647226 0.663819 0.682972 0.705013 0.730343 0.759457 0.792979 0.831694 0.876602 0.923434 0.882445 0.846894 0.815986 0.789089 0.765694 0.745390 0.727844 0.712782 0.699983 0.689267 0.680488 0.673533 0.668312 0.664761 0.662835 0.662512 0.663788 0.666678 0.671217 0.677462 0.685491 0.695407 0.707345 0.721467 0.737979 0.757131 0.779231 0.804657 0.833875 0.867462 0.906144 0.938881 0.891723 0.851027 0.815764 0.785122 0.758461 0.735263 0.715115 0.697677 0.682674 0.669883 0.659122 0.650242 0.643127 0.637686 0.633850 0.631573 0.630826 0.631600 0.633906 0.637771 0.643242 0.650388 0.659301 0.670098 0.682927 0.697972 0.715457 0.735658 0.758915 0.779570 1590.000000 1.171786 0.764414
0.906144 0.938881 0.891723 0.851027 0.815764 0.785122 0.758461 0.735263 0.715115 0.697677 0.682674 0.669883 0.659122 0.650242 0.643127 0.637686 0.633850 0.631573 0.630826 0.631600 0.633906 0.637771 0.643242 0.650388 0.659301 0.670098 0.682927 0.697972 0.715457 0.735658 0.758915 0.779570 0.758309 0.739913 0.724091 0.710608 0.699272 0.689928 0.682452 0.676750 0.672749 0.670401 0.669677 0.670568 0.673086 0.677260 0.683142 0.690806 0.700350 0.711901 0.725617 0.741693 0.760371 0.781947 0.806783 0.835327 0.868133 0.905893 0.949478 1.000000 0.965109 0.907368 0.858097 0.815765 0.779202 0.747500 0.719943 0.695962 0.675102 0.656992 0.641334 0.627882 0.616437 0.606837 0.598953 0.592680 0.587940 0.584671 0.582836 0.582410 0.583390 0.585786 0.589628 0.594964 0.601861 0.610407 0.620717 0.632931 0.647226 0.663819 0.682972 0.705013 0.730343 0.759457 0.792979 0.831694 0.876602 0.923434 0.882445 0.846894 0.815986 0.789089 0.765694 0.745390 0.727844 0.712782 0.699983 0.689267 0.680488 0.673533 0.668312 0.664761 0.662835 0.662512 0.663788 0.666678 0.671217 0.677462 0.685491 0.695407 0.707345 0.721467 0.737979 0.757131 0.779231 0.804657 0.833875 0.867462 1590.000000 1.171786 0.764414
0.876602 0.923434 0.882445 0.846894 0.815986 0.789089 0.765694 0.745390 0.727844 0.712782 0.699983 0.689267 0.680488 0.673533 0.668312 0.664761 0.662835 0.662512 0.663788 0.666678 0.671217 0.677462 0.685491 0.695407 0.707345 0.721467 0.737979 0.757131 0.779231 0.804657 0.833875 0.867462 0.906144 0.938881 0.891723 0.851027 0.815764 0.785122 0.758461 0.735263 0.715115 0.697677 0.682674 0.669883 0.659122 0.650242 0.643127 0.637686 0.633850 0.631573 0.630826 0.631600 0.633906 0.637771 0.643242 0.650388 0.659301 0.670098 0.682927 0.697972 0.715457 0.735658 0.758915 0.779570 0.758309 0.739913 0.724091 0.710608 0.699272 0.689928 0.682452 0.676750 0.672749 0.670401 0.669677 0.670568 0.673086 0.677260 0.683142 0.690806 0.700350 0.711901 0.725617 0.741693 0.760371 0.781947 0.806783 0.835327 0.868133 0.905893 0.949478 1.000000 0.965109 0.907368 0.858097 0.815765 0.779202 0.747500 0.719943 0.695962 0.675102 0.656992 0.641334 0.627882 0.616437 0.606837 0.598953 0.592680 0.587940 0.584671 0.582836 0.582410 0.583390 0.585786 0.589628 0.594964 0.601861 0.610407 0.620717 0.632931 0.647226 0.663819 0.682972 0.705013 0.730343 0.759457 0.792979 0.831694 1590.000000 1.171786 0.764414
0.779202 0.747500 0.719943 0.695962 0.675102 0.656992 0.641334 0.627882 0.616437 0.606837 0.598953 0.592680 0.587940 0.584671 0.582836 0.582410 0.583390 0.585786 0.589628 0.594964 0.601861 0.610407 0.620717 0.632931 0.647226 0.663819 0.682972 0.705013 0.730343 0.759457 0.792979 0.831694 0.876602 0.923434 0.882445 0.846894 0.815986 0.789089 0.765694 0.745390 0.727844 0.712782 0.699983 0.689267 0.680488 0.673533 0.668312 0.664761 0.662835 0.662512 0.663788 0.666678 0.671217 0.677462 0.685491 0.695407 0.707345 0.721467 0.737979 0.757131 0.779231 0.804657 0.833875 0.867462 0.906144 0.938881 0.891723 0.851027 0.815764 0.785122 0.758461 0.735263 0.715115 0.697677 0.682674 0.669883 0.659122 0.650242 0.643127 0.637686 0.633850 0.631573 0.630826 0.631600 0.633906 0.637771 0.643242 0.650388 0.659301 0.670098 0.682927 0.697972 0.715457 0.735658 0.758915 0.779570 0.758309 0.739913 0.724091 0.710608 0.699272 0.689928 0.682452 0.676750 0.672749 0.670401 0.669677 0.670568 0.673086 0.677260 0.683142 0.690806 0.700350 0.711901 0.725617 0.741693 0.760371 0.781947 0.806783 0.835327 0.868133 0.905893 0.949478 1.000000 0.965109 0.907368 0.858097 0.815765 1590.000000 1.171786 0.764414
