0.918171 0.885113 0.856345 0.831327 0.809624 0.790883 0.774814 0.761182 0.749797 0.740505 0.733185 0.727745 0.724116 0.722255 0.722138 0.723765 0.727155 0.732349 0.739412 0.741896 0.738454 0.736810 0.736945 0.738860 0.742579 0.748147 0.755633 0.765133 0.776769 0.790699 0.767451 0.741340 0.718621 0.698887 0.681807 0.667110 0.654578 0.644030 0.635323 0.628342 0.622997 0.619222 0.616970 0.616213 0.616942 0.619166 0.619457 0.617217 0.616474 0.617217 0.619457 0.623219 0.628551 0.635520 0.644213 0.654748 0.667267 0.681948 0.699012 0.718728 0.741427 0.767515 0.797498 0.832003 0.871826 0.917974 0.911553 0.894022 0.879231 0.866977 0.857095 0.849460 0.843974 0.840572 0.839209 0.839872 0.842567 0.847327 0.854211 0.863304 0.848419 0.815118 0.786156 0.760951 0.739037 0.720036 0.703641 0.689599 0.677708 0.667802 0.659747 0.653440 0.648800 0.645771 0.644315 0.644414 0.646070 0.638137 0.625386 0.614587 0.605588 0.598270 0.592536 0.588316 0.585556 0.584222 0.584299 0.585787 0.588705 0.593088 0.598991 0.606488 0.615677 0.626682 0.639656 0.652930 0.667278 0.683956 0.703226 0.725412 0.750912 0.780217 0.813944 0.852865 0.897967 0.950524 1.000000 0.956187 689.000000 1.202467 0.840494
0.646070 0.638137 0.625386 0.614587 0.605588 0.598270 0.592536 0.588316 0.585556 0.584222 0.584299 0.585787 0.588705 0.593088 0.598991 0.606488 0.615677 0.626682 0.639656 0.652930 0.667278 0.683956 0.703226 0.725412 0.750912 0.780217 0.813944 0.852865 0.897967 0.950524 1.000000 0.956187 0.918171 0.885113 0.856345 0.831327 0.809624 0.790883 0.774814 0.761182 0.749797 0.740505 0.733185 0.727745 0.724116 0.722255 0.722138 0.723765 0.727155 0.732349 0.739412 0.741896 0.738454 0.736810 0.736945 0.738860 0.742579 0.748147 0.755633 0.765133 0.776769 0.790699 0.767451 0.741340 0.718621 0.698887 0.681807 0.667110 0.654578 0.644030 0.635323 0.628342 0.622997 0.619222 0.616970 0.616213 0.616942 0.619166 0.619457 0.617217 0.616474 0.617217 0.619457 0.623219 0.628551 0.635520 0.644213 0.654748 0.667267 0.681948 0.699012 0.718728 0.741427 0.767515 0.797498 0.832003 0.871826 0.917974 0.911553 0.894022 0.879231 0.866977 0.857095 0.849460 0.843974 0.840572 0.839209 0.839872 0.842567 0.847327 0.854211 0.863304 0.848419 0.815118 0.786156 0.760951 0.739037 0.720036 0.703641 0.689599 0.677708 0.667802 0.659747 0.653440 0.648800 0.645771 0.644315 0.644414 689.000000 1.202467 0.840494
0.871826 0.917974 0.911553 0.894022 0.879231 0.866977 0.857095 0.849460 0.843974 0.840572 0.839209 0.839872 0.842567 0.847327 0.854211 0.863304 0.848419 0.815118 0.786156 0.760951 0.739037 0.720036 0.703641 0.689599 0.677708 0.667802 0.659747 0.653440 0.648800 0.645771 0.644315 0.644414 0.646070 0.638137 0.625386 0.614587 0.605588 0.598270 0.592536 0.588316 0.585556 0.584222 0.584299 0.585787 0.588705 0.593088 0.598991 0.606488 0.615677 0.626682 0.639656 0.652930 0.667278 0.683956 0.703226 0.725412 0.750912 0.780217 0.813944 0.852865 0.897967 0.950524 1.000000 0.956187 0.918171 0.885113 0.856345 0.831327 0.809624 0.790883 0.774814 0.761182 0.749797 0.740505 0.733185 0.727745 0.724116 0.722255 0.722138 0.723765 0.727155 0.732349 0.739412 0.741896 0.738454 0.736810 0.736945 0.738860 0.742579 0.748147 0.755633 0.765133 0.776769 0.790699 0.767451 0.741340 0.718621 0.698887 0.681807 0.667110 0.654578 0.644030 0.635323 0.628342 0.622997 0.619222 0.616970 0.616213 0.616942 0.619166 0.619457 0.617217 0.616474 0.617217 0.619457 0.623219 0.628551 0.635520 0.644213 0.654748 0.667267 0.681948 0.699012 0.718728 0.741427 0.767515 0.797498 0.832003 689.000000 1.202467 0.840494
0.718621 0.698887 0.681807 0.667110 0.654578 0.644030 0.635323 0.628342 0.622997 0.619222 0.616970 0.616213 0.616942 0.619166 0.619457 0.617217 0.616474 0.617217 0.619457 0.623219 0.628551 0.635520 0.644213 0.654748 0.667267 0.681948 0.699012 0.718728 0.741427 0.767515 0.797498 0.832003 0.871826 0.917974 0.911553 0.894022 0.879231 0.866977 0.857095 0.849460 0.843974 0.840572 0.839209 0.839872 0.842567 0.847327 0.854211 0.863304 0.848419 0.815118 0.786156 0.760951 0.739037 0.720036 0.703641 0.689599 0.677708 0.667802 0.659747 0.653440 0.648800 0.645771 0.644315 0.644414 0.646070 0.638137 0.625386 0.614587 0.605588 0.598270 0.592536 0.588316 0.585556 0.584222 0.584299 0.585787 0.588705 0.593088 0.598991 0.606488 0.615677 0.626682 0.639656 0.652930 0.667278 0.683956 0.703226 0.725412 0.750912 0.780217 0.813944 0.852865 0.897967 0.950524 1.000000 0.956187 0.918171 0.885113 0.856345 0.831327 0.809624 0.790883 0.774814 0.761182 0.749797 0.740505 0.733185 0.727745 0.724116 0.722255 0.722138 0.723765 0.727155 0.732349 0.739412 0.741896 0.738454 0.736810 0.736945 0.738860 0.742579 0.748147 0.755633 0.765133 0.776769 0.790699 0.767451 0.741340 689.000000 1.202467 0.840494
0.778551 0.765118 0.753926 0.744826 0.737698 0.732454 0.729027 0.727376 0.727482 0.729345 0.732987 0.738455 0.745814 0.755160 0.766613 0.780327 0.796495 0.815353 0.837191 0.839209 0.811620 0.787623 0.766800 0.748806 0.733364 0.720245 0.709267 0.700280 0.693167 0.687837 0.684225 0.682285 0.681994 0.683350 0.686367 0.691084 0.697558 0.705871 0.716130 0.728473 0.743071 0.760134 0.779922 0.802754 0.825891 0.806259 0.789396 0.775053 0.763027 0.753156 0.745309 0.739387 0.735316 0.733045 0.732548 0.733819 0.736872 0.741745 0.748497 0.757216 0.768011 0.781028 0.796445 0.814484 0.835420 0.859585 0.887391 0.919345 0.956076 0.998369 0.996076 0.946675 0.904017 0.867036 0.834894 0.806925 0.782593 0.761467 0.743194 0.727489 0.714119 0.702895 0.693663 0.686302 0.680718 0.676843 0.674627 0.674044 0.675087 0.677768 0.682121 0.688199 0.689478 0.680342 0.673045 0.667494 0.663619 0.661374 0.660730 0.661679 0.664234 0.668425 0.674304 0.681945 0.691446 0.702933 0.716563 0.724229 0.729856 0.737362 0.746841 0.758419 0.772250 0.788531 0.807499 0.829451 0.854746 0.883828 0.917247 0.955685 1.000000 0.957941 0.920328 0.887615 0.859146 0.834394 0.812932 0.794412 7671.500000 1.142070 0.839335
0.663619 0.661374 0.660730 0.661679 0.664234 0.668425 0.674304 0.681945 0.691446 0.702933 0.716563 0.724229 0.729856 0.737362 0.746841 0.758419 0.772250 0.788531 0.807499 0.829451 0.854746 0.883828 0.917247 0.955685 1.000000 0.957941 0.920328 0.887615 0.859146 0.834394 0.812932 0.794412 0.778551 0.765118 0.753926 0.744826 0.737698 0.732454 0.729027 0.727376 0.727482 0.729345 0.732987 0.738455 0.745814 0.755160 0.766613 0.780327 0.796495 0.815353 0.837191 0.839209 0.811620 0.787623 0.766800 0.748806 0.733364 0.720245 0.709267 0.700280 0.693167 0.687837 0.684225 0.682285 0.681994 0.683350 0.686367 0.691084 0.697558 0.705871 0.716130 0.728473 0.743071 0.760134 0.779922 0.802754 0.825891 0.806259 0.789396 0.775053 0.763027 0.753156 0.745309 0.739387 0.735316 0.733045 0.732548 0.733819 0.736872 0.741745 0.748497 0.757216 0.768011 0.781028 0.796445 0.814484 0.835420 0.859585 0.887391 0.919345 0.956076 0.998369 0.996076 0.946675 0.904017 0.867036 0.834894 0.806925 0.782593 0.761467 0.743194 0.727489 0.714119 0.702895 0.693663 0.686302 0.680718 0.676843 0.674627 0.674044 0.675087 0.677768 0.682121 0.688199 0.689478 0.680342 0.673045 0.667494 7671.500000 1.142070 0.839335
0.835420 0.859585 0.887391 0.919345 0.956076 0.998369 0.996076 0.946675 0.904017 0.867036 0.834894 0.806925 0.782593 0.761467 0.743194 0.727489 0.714119 0.702895 0.693663 0.686302 0.680718 0.676843 0.674627 0.674044 0.675087 0.677768 0.682121 0.688199 0.689478 0.680342 0.673045 0.667494 0.663619 0.661374 0.660730 0.661679 0.664234 0.668425 0.674304 0.681945 0.691446 0.702933 0.716563 0.724229 0.729856 0.737362 0.746841 0.758419 0.772250 0.788531 0.807499 0.829451 0.854746 0.883828 0.917247 0.955685 1.000000 0.957941 0.920328 0.887615 0.859146 0.834394 0.812932 0.794412 0.778551 0.765118 0.753926 0.744826 0.737698 0.732454 0.729027 0.727376 0.727482 0.729345 0.732987 0.738455 0.745814 0.755160 0.766613 0.780327 0.796495 0.815353 0.837191 0.839209 0.811620 0.787623 0.766800 0.748806 0.733364 0.720245 0.709267 0.700280 0.693167 0.687837 0.684225 0.682285 0.681994 0.683350 0.686367 0.691084 0.697558 0.705871 0.716130 0.728473 0.743071 0.760134 0.779922 0.802754 0.825891 0.806259 0.789396 0.775053 0.763027 0.753156 0.745309 0.739387 0.735316 0.733045 0.732548 0.733819 0.736872 0.741745 0.748497 0.757216 0.768011 0.781028 0.796445 0.814484 7671.500000 1.142070 0.839335
0.681994 0.683350 0.686367 0.691084 0.697558 0.705871 0.716130 0.728473 0.743071 0.760134 0.779922 0.802754 0.825891 0.806259 0.789396 0.775053 0.763027 0.753156 0.745309 0.739387 0.735316 0.733045 0.732548 0.733819 0.736872 0.741745 0.748497 0.757216 0.768011 0.781028 0.796445 0.814484 0.835420 0.859585 0.887391 0.919345 0.956076 0.998369 0.996076 0.946675 0.904017 0.867036 0.834894 0.806925 0.782593 0.761467 0.743194 0.727489 0.714119 0.702895 0.693663 0.686302 0.680718 0.676843 0.674627 0.674044 0.675087 0.677768 0.682121 0.688199 0.689478 0.680342 0.673045 0.667494 0.663619 0.661374 0.660730 0.661679 0.664234 0.668425 0.674304 0.681945 0.691446 0.702933 0.716563 0.724229 0.729856 0.737362 0.746841 0.758419 0.772250 0.788531 0.807499 0.829451 0.854746 0.883828 0.917247 0.955685 1.000000 0.957941 0.920328 0.887615 0.859146 0.834394 0.812932 0.794412 0.778551 0.765118 0.753926 0.744826 0.737698 0.732454 0.729027 0.727376 0.727482 0.729345 0.732987 0.738455 0.745814 0.755160 0.766613 0.780327 0.796495 0.815353 0.837191 0.839209 0.811620 0.787623 0.766800 0.748806 0.733364 0.720245 0.709267 0.700280 0.693167 0.687837 0.684225 0.682285 7671.500000 1.142070 0.839335
0.816305 0.828925 0.844006 0.848446 0.829591 0.813472 0.799858 0.788560 0.779429 0.772346 0.767223 0.763995 0.762624 0.763093 0.765407 0.769596 0.775709 0.783824 0.794043 0.806501 0.821367 0.838849 0.859207 0.882757 0.909889 0.937197 0.905206 0.877372 0.853192 0.832260 0.814246 0.798878 0.785938 0.775249 0.766669 0.760087 0.755422 0.752616 0.751635 0.752467 0.755122 0.759632 0.766052 0.774464 0.784975 0.797616 0.787707 0.779898 0.774088 0.770206 0.768204 0.768058 0.769766 0.773349 0.778850 0.786338 0.795908 0.807683 0.821822 0.838520 0.858021 0.880622 0.906690 0.936674 0.971128 1.000000 0.963135 0.931054 0.903147 0.878920 0.857972 0.839976 0.824665 0.811823 0.801275 0.792884 0.786542 0.782169 0.779714 0.779144 0.780455 0.783660 0.788801 0.794993 0.776432 0.760509 0.746989 0.735683 0.726438 0.719133 0.713676 0.709998 0.708056 0.707825 0.709302 0.712505 0.717473 0.724269 0.732977 0.743710 0.756613 0.771863 0.789682 0.810342 0.834175 0.861592 0.893096 0.929316 0.971035 0.989236 0.954460 0.924196 0.897890 0.875089 0.855427 0.838606 0.824381 0.812555 0.802971 0.795504 0.790061 0.786574 0.785000 0.785321 0.787540 0.791684 0.797804 0.805977 4254.000000 1.075960 0.870900
0.717473 0.724269 0.732977 0.743710 0.756613 0.771863 0.789682 0.810342 0.834175 0.861592 0.893096 0.929316 0.971035 0.989236 0.954460 0.924196 0.897890 0.875089 0.855427 0.838606 0.824381 0.812555 0.802971 0.795504 0.790061 0.786574 0.785000 0.785321 0.787540 0.791684 0.797804 0.805977 0.816305 0.828925 0.844006 0.848446 0.829591 0.813472 0.799858 0.788560 0.779429 0.772346 0.767223 0.763995 0.762624 0.763093 0.765407 0.769596 0.775709 0.783824 0.794043 0.806501 0.821367 0.838849 0.859207 0.882757 0.909889 0.937197 0.905206 0.877372 0.853192 0.832260 0.814246 0.798878 0.785938 0.775249 0.766669 0.760087 0.755422 0.752616 0.751635 0.752467 0.755122 0.759632 0.766052 0.774464 0.784975 0.797616 0.787707 0.779898 0.774088 0.770206 0.768204 0.768058 0.769766 0.773349 0.778850 0.786338 0.795908 0.807683 0.821822 0.838520 0.858021 0.880622 0.906690 0.936674 0.971128 1.000000 0.963135 0.931054 0.903147 0.878920 0.857972 0.839976 0.824665 0.811823 0.801275 0.792884 0.786542 0.782169 0.779714 0.779144 0.780455 0.783660 0.788801 0.794993 0.776432 0.760509 0.746989 0.735683 0.726438 0.719133 0.713676 0.709998 0.708056 0.707825 0.709302 0.712505 4254.000000 1.075960 0.870900
0.971128 1.000000 0.963135 0.931054 0.903147 0.878920 0.857972 0.839976 0.824665 0.811823 0.801275 0.792884 0.786542 0.782169 0.779714 0.779144 0.780455 0.783660 0.788801 0.794993 0.776432 0.760509 0.746989 0.735683 0.726438 0.719133 0.713676 0.709998 0.708056 0.707825 0.709302 0.712505 0.717473 0.724269 0.732977 0.743710 0.756613 0.771863 0.789682 0.810342 0.834175 0.861592 0.893096 0.929316 0.971035 0.989236 0.954460 0.924196 0.897890 0.875089 0.855427 0.838606 0.824381 0.812555 0.802971 0.795504 0.790061 0.786574 0.785000 0.785321 0.787540 0.791684 0.797804 0.805977 0.816305 0.828925 0.844006 0.848446 0.829591 0.813472 0.799858 0.788560 0.779429 0.772346 0.767223 0.763995 0.762624 0.763093 0.765407 0.769596 0.775709 0.783824 0.794043 0.806501 0.821367 0.838849 0.859207 0.882757 0.909889 0.937197 0.905206 0.877372 0.853192 0.832260 0.814246 0.798878 0.785938 0.775249 0.766669 0.760087 0.755422 0.752616 0.751635 0.752467 0.755122 0.759632 0.766052 0.774464 0.784975 0.797616 0.787707 0.779898 0.774088 0.770206 0.768204 0.768058 0.769766 0.773349 0.778850 0.786338 0.795908 0.807683 0.821822 0.838520 0.858021 0.880622 0.906690 0.936674 4254.000000 1.075960 0.870900
0.785938 0.775249 0.766669 0.760087 0.755422 0.752616 0.751635 0.752467 0.755122 0.759632 0.766052 0.774464 0.784975 0.797616 0.787707 0.779898 0.774088 0.770206 0.768204 0.768058 0.769766 0.773349 0.778850 0.786338 0.795908 0.807683 0.821822 0.838520 0.858021 0.880622 0.906690 0.936674 0.971128 1.000000 0.963135 0.931054 0.903147 0.878920 0.857972 0.839976 0.824665 0.811823 0.801275 0.792884 0.786542 0.782169 0.779714 0.779144 0.780455 0.783660 0.788801 0.794993 0.776432 0.760509 0.746989 0.735683 0.726438 0.719133 0.713676 0.709998 0.708056 0.707825 0.709302 0.712505 0.717473 0.724269 0.732977 0.743710 0.756613 0.771863 0.789682 0.810342 0.834175 0.861592 0.893096 0.929316 0.971035 0.989236 0.954460 0.924196 0.897890 0.875089 0.855427 0.838606 0.824381 0.812555 0.802971 0.795504 0.790061 0.786574 0.785000 0.785321 0.787540 0.791684 0.797804 0.805977 0.816305 0.828925 0.844006 0.848446 0.829591 0.813472 0.799858 0.788560 0.779429 0.772346 0.767223 0.763995 0.762624 0.763093 0.765407 0.769596 0.775709 0.783824 0.794043 0.806501 0.821367 0.838849 0.859207 0.882757 0.909889 0.937197 0.905206 0.877372 0.853192 0.832260 0.814246 0.798878 4254.000000 1.075960 0.870900
0.853285 0.862585 0.831555 0.804550 0.781067 0.760696 0.743105 0.728024 0.715232 0.704549 0.695833 0.688969 0.683870 0.680474 0.678738 0.678642 0.680185 0.683384 0.688280 0.694932 0.703426 0.713871 0.726407 0.741208 0.758491 0.778519 0.801618 0.828184 0.858712 0.893813 0.934251 0.935125 0.904663 0.878171 0.855189 0.835340 0.818318 0.803874 0.791805 0.781949 0.774178 0.768393 0.764521 0.762517 0.762354 0.764032 0.767570 0.773012 0.780426 0.789904 0.801570 0.815581 0.832130 0.851458 0.853311 0.825922 0.802109 0.781460 0.763641 0.748380 0.735454 0.724682 0.715922 0.709059 0.704006 0.700700 0.699102 0.699191 0.700970 0.704459 0.709701 0.716762 0.725730 0.736723 0.749888 0.744544 0.732728 0.722997 0.715221 0.709301 0.705164 0.702757 0.702052 0.703041 0.705735 0.710168 0.716393 0.724489 0.734559 0.746739 0.761193 0.778130 0.797803 0.820525 0.846678 0.876736 0.911282 0.951047 0.996953 1.000000 0.952698 0.911766 0.876230 0.845321 0.818422 0.795039 0.774770 0.757287 0.742325 0.729666 0.719135 0.710591 0.703924 0.699050 0.695907 0.694458 0.694685 0.696591 0.700198 0.705552 0.712719 0.721790 0.732882 0.746147 0.761770 0.779980 0.801059 0.825352 10156.000000 1.142605 0.835811
0.911282 0.951047 0.996953 1.000000 0.952698 0.911766 0.876230 0.845321 0.818422 0.795039 0.774770 0.757287 0.742325 0.729666 0.719135 0.710591 0.703924 0.699050 0.695907 0.694458 0.694685 0.696591 0.700198 0.705552 0.712719 0.721790 0.732882 0.746147 0.761770 0.779980 0.801059 0.825352 0.853285 0.862585 0.831555 0.804550 0.781067 0.760696 0.743105 0.728024 0.715232 0.704549 0.695833 0.688969 0.683870 0.680474 0.678738 0.678642 0.680185 0.683384 0.688280 0.694932 0.703426 0.713871 0.726407 0.741208 0.758491 0.778519 0.801618 0.828184 0.858712 0.893813 0.934251 0.935125 0.904663 0.878171 0.855189 0.835340 0.818318 0.803874 0.791805 0.781949 0.774178 0.768393 0.764521 0.762517 0.762354 0.764032 0.767570 0.773012 0.780426 0.789904 0.801570 0.815581 0.832130 0.851458 0.853311 0.825922 0.802109 0.781460 0.763641 0.748380 0.735454 0.724682 0.715922 0.709059 0.704006 0.700700 0.699102 0.699191 0.700970 0.704459 0.709701 0.716762 0.725730 0.736723 0.749888 0.744544 0.732728 0.722997 0.715221 0.709301 0.705164 0.702757 0.702052 0.703041 0.705735 0.710168 0.716393 0.724489 0.734559 0.746739 0.761193 0.778130 0.797803 0.820525 0.846678 0.876736 10156.000000 1.142605 0.835811
0.704006 0.700700 0.699102 0.699191 0.700970 0.704459 0.709701 0.716762 0.725730 0.736723 0.749888 0.744544 0.732728 0.722997 0.715221 0.709301 0.705164 0.702757 0.702052 0.703041 0.705735 0.710168 0.716393 0.724489 0.734559 0.746739 0.761193 0.778130 0.797803 0.820525 0.846678 0.876736 0.911282 0.951047 0.996953 1.000000 0.952698 0.911766 0.876230 0.845321 0.818422 0.795039 0.774770 0.757287 0.742325 0.729666 0.719135 0.710591 0.703924 0.699050 0.695907 0.694458 0.694685 0.696591 0.700198 0.705552 0.712719 0.721790 0.732882 0.746147 0.761770 0.779980 0.801059 0.825352 0.853285 0.862585 0.831555 0.804550 0.781067 0.760696 0.743105 0.728024 0.715232 0.704549 0.695833 0.688969 0.683870 0.680474 0.678738 0.678642 0.680185 0.683384 0.688280 0.694932 0.703426 0.713871 0.726407 0.741208 0.758491 0.778519 0.801618 0.828184 0.858712 0.893813 0.934251 0.935125 0.904663 0.878171 0.855189 0.835340 0.818318 0.803874 0.791805 0.781949 0.774178 0.768393 0.764521 0.762517 0.762354 0.764032 0.767570 0.773012 0.780426 0.789904 0.801570 0.815581 0.832130 0.851458 0.853311 0.825922 0.802109 0.781460 0.763641 0.748380 0.735454 0.724682 0.715922 0.709059 10156.000000 1.142605 0.835811
0.904663 0.878171 0.855189 0.835340 0.818318 0.803874 0.791805 0.781949 0.774178 0.768393 0.764521 0.762517 0.762354 0.764032 0.767570 0.773012 0.780426 0.789904 0.801570 0.815581 0.832130 0.851458 0.853311 0.825922 0.802109 0.781460 0.763641 0.748380 0.735454 0.724682 0.715922 0.709059 0.704006 0.700700 0.699102 0.699191 0.700970 0.704459 0.709701 0.716762 0.725730 0.736723 0.749888 0.744544 0.732728 0.722997 0.715221 0.709301 0.705164 0.702757 0.702052 0.703041 0.705735 0.710168 0.716393 0.724489 0.734559 0.746739 0.761193 0.778130 0.797803 0.820525 0.846678 0.876736 0.911282 0.951047 0.996953 1.000000 0.952698 0.911766 0.876230 0.845321 0.818422 0.795039 0.774770 0.757287 0.742325 0.729666 0.719135 0.710591 0.703924 0.699050 0.695907 0.694458 0.694685 0.696591 0.700198 0.705552 0.712719 0.721790 0.732882 0.746147 0.761770 0.779980 0.801059 0.825352 0.853285 0.862585 0.831555 0.804550 0.781067 0.760696 0.743105 0.728024 0.715232 0.704549 0.695833 0.688969 0.683870 0.680474 0.678738 0.678642 0.680185 0.683384 0.688280 0.694932 0.703426 0.713871 0.726407 0.741208 0.758491 0.778519 0.801618 0.828184 0.858712 0.893813 0.934251 0.935125 10156.000000 1.142605 0.835811
0.814435 0.812921 0.813369 0.815783 0.820194 0.826655 0.835247 0.846078 0.859292 0.843854 0.821847 0.802843 0.786550 0.772730 0.761190 0.751773 0.744358 0.738850 0.735182 0.733307 0.733204 0.734871 0.738328 0.743618 0.750806 0.759983 0.771268 0.784813 0.800806 0.819479 0.841118 0.866075 0.894779 0.927763 0.951683 0.936634 0.924246 0.914355 0.906835 0.901591 0.898561 0.897706 0.899016 0.902508 0.908224 0.916233 0.926638 0.939571 0.955204 0.973751 0.965726 0.944133 0.925667 0.910059 0.897094 0.886599 0.878439 0.872510 0.868740 0.867082 0.867516 0.870048 0.874708 0.881553 0.890669 0.902172 0.916211 0.890850 0.860570 0.834224 0.811340 0.791533 0.774492 0.759962 0.747735 0.737644 0.729556 0.723367 0.719000 0.716401 0.715538 0.716401 0.719000 0.723367 0.729556 0.737644 0.747735 0.759962 0.773873 0.786850 0.802236 0.820251 0.841166 0.865315 0.893107 0.925045 0.918472 0.906482 0.896933 0.889705 0.884707 0.881877 0.881182 0.882612 0.886185 0.891945 0.899962 0.910338 0.923205 0.938736 0.957144 0.978692 1.000000 0.979337 0.961781 0.947084 0.935049 0.925517 0.918368 0.913512 0.904966 0.884786 0.867530 0.852950 0.840844 0.831051 0.823444 0.817928 1191.000000 1.246710 0.908725
0.918472 0.906482 0.896933 0.889705 0.884707 0.881877 0.881182 0.882612 0.886185 0.891945 0.899962 0.910338 0.923205 0.938736 0.957144 0.978692 1.000000 0.979337 0.961781 0.947084 0.935049 0.925517 0.918368 0.913512 0.904966 0.884786 0.867530 0.852950 0.840844 0.831051 0.823444 0.817928 0.814435 0.812921 0.813369 0.815783 0.820194 0.826655 0.835247 0.846078 0.859292 0.843854 0.821847 0.802843 0.786550 0.772730 0.761190 0.751773 0.744358 0.738850 0.735182 0.733307 0.733204 0.734871 0.738328 0.743618 0.750806 0.759983 0.771268 0.784813 0.800806 0.819479 0.841118 0.866075 0.894779 0.927763 0.951683 0.936634 0.924246 0.914355 0.906835 0.901591 0.898561 0.897706 0.899016 0.902508 0.908224 0.916233 0.926638 0.939571 0.955204 0.973751 0.965726 0.944133 0.925667 0.910059 0.897094 0.886599 0.878439 0.872510 0.868740 0.867082 0.867516 0.870048 0.874708 0.881553 0.890669 0.902172 0.916211 0.890850 0.860570 0.834224 0.811340 0.791533 0.774492 0.759962 0.747735 0.737644 0.729556 0.723367 0.719000 0.716401 0.715538 0.716401 0.719000 0.723367 0.729556 0.737644 0.747735 0.759962 0.773873 0.786850 0.802236 0.820251 0.841166 0.865315 0.893107 0.925045 1191.000000 1.246710 0.908725
0.890669 0.902172 0.916211 0.890850 0.860570 0.834224 0.811340 0.791533 0.774492 0.759962 0.747735 0.737644 0.729556 0.723367 0.719000 0.716401 0.715538 0.716401 0.719000 0.723367 0.729556 0.737644 0.747735 0.759962 0.773873 0.786850 0.802236 0.820251 0.841166 0.865315 0.893107 0.925045 0.918472 0.906482 0.896933 0.889705 0.884707 0.881877 0.881182 0.882612 0.886185 0.891945 0.899962 0.910338 0.923205 0.938736 0.957144 0.978692 1.000000 0.979337 0.961781 0.947084 0.935049 0.925517 0.918368 0.913512 0.904966 0.884786 0.867530 0.852950 0.840844 0.831051 0.823444 0.817928 0.814435 0.812921 0.813369 0.815783 0.820194 0.826655 0.835247 0.846078 0.859292 0.843854 0.821847 0.802843 0.786550 0.772730 0.761190 0.751773 0.744358 0.738850 0.735182 0.733307 0.733204 0.734871 0.738328 0.743618 0.750806 0.759983 0.771268 0.784813 0.800806 0.819479 0.841118 0.866075 0.894779 0.927763 0.951683 0.936634 0.924246 0.914355 0.906835 0.901591 0.898561 0.897706 0.899016 0.902508 0.908224 0.916233 0.926638 0.939571 0.955204 0.973751 0.965726 0.944133 0.925667 0.910059 0.897094 0.886599 0.878439 0.872510 0.868740 0.867082 0.867516 0.870048 0.874708 0.881553 1191.000000 1.246710 0.908725
0.894779 0.927763 0.951683 0.936634 0.924246 0.914355 0.906835 0.901591 0.898561 0.897706 0.899016 0.902508 0.908224 0.916233 0.926638 0.939571 0.955204 0.973751 0.965726 0.944133 0.925667 0.910059 0.897094 0.886599 0.878439 0.872510 0.868740 0.867082 0.867516 0.870048 0.874708 0.881553 0.890669 0.902172 0.916211 0.890850 0.860570 0.834224 0.811340 0.791533 0.774492 0.759962 0.747735 0.737644 0.729556 0.723367 0.719000 0.716401 0.715538 0.716401 0.719000 0.723367 0.729556 0.737644 0.747735 0.759962 0.773873 0.786850 0.802236 0.820251 0.841166 0.865315 0.893107 0.925045 0.918472 0.906482 0.896933 0.889705 0.884707 0.881877 0.881182 0.882612 0.886185 0.891945 0.899962 0.910338 0.923205 0.938736 0.957144 0.978692 1.000000 0.979337 0.961781 0.947084 0.935049 0.925517 0.918368 0.913512 0.904966 0.884786 0.867530 0.852950 0.840844 0.831051 0.823444 0.817928 0.814435 0.812921 0.813369 0.815783 0.820194 0.826655 0.835247 0.846078 0.859292 0.843854 0.821847 0.802843 0.786550 0.772730 0.761190 0.751773 0.744358 0.738850 0.735182 0.733307 0.733204 0.734871 0.738328 0.743618 0.750806 0.759983 0.771268 0.784813 0.800806 0.819479 0.841118 0.866075 1191.000000 1.246710 0.908725
0.760325 0.792646 0.829924 0.873089 0.884184 0.849744 0.819788 0.793718 0.771056 0.751412 0.734470 0.719971 0.707705 0.697503 0.689227 0.682771 0.678053 0.675014 0.673619 0.673849 0.675708 0.679218 0.684422 0.691384 0.700194 0.710967 0.723847 0.739015 0.756695 0.747924 0.716969 0.690071 0.666667 0.646303 0.628617 0.613311 0.600143 0.588919 0.579477 0.571688 0.565450 0.560683 0.557327 0.555341 0.554700 0.555398 0.557442 0.560857 0.565685 0.571988 0.579844 0.589360 0.600664 0.613918 0.629320 0.647114 0.667599 0.691143 0.718201 0.749343 0.785286 0.826944 0.875495 0.932491 1.000000 0.940084 0.888137 0.843556 0.805083 0.771745 0.742777 0.717570 0.695639 0.676591 0.660106 0.645924 0.633833 0.623662 0.615271 0.608549 0.603410 0.599791 0.597645 0.596948 0.597691 0.599882 0.603549 0.608737 0.615511 0.623956 0.634186 0.646340 0.660592 0.677154 0.696289 0.718317 0.743634 0.772731 0.806220 0.805043 0.771085 0.741590 0.715930 0.693601 0.674198 0.657392 0.642914 0.630547 0.620112 0.611466 0.604494 0.599106 0.595235 0.592832 0.591869 0.592333 0.594232 0.597586 0.602438 0.608849 0.616899 0.626695 0.638371 0.652090 0.668056 0.686519 0.707786 0.732232 1497.500000 1.231431 0.760514
0.743634 0.772731 0.806220 0.805043 0.771085 0.741590 0.715930 0.693601 0.674198 0.657392 0.642914 0.630547 0.620112 0.611466 0.604494 0.599106 0.595235 0.592832 0.591869 0.592333 0.594232 0.597586 0.602438 0.608849 0.616899 0.626695 0.638371 0.652090 0.668056 0.686519 0.707786 0.732232 0.760325 0.792646 0.829924 0.873089 0.884184 0.849744 0.819788 0.793718 0.771056 0.751412 0.734470 0.719971 0.707705 0.697503 0.689227 0.682771 0.678053 0.675014 0.673619 0.673849 0.675708 0.679218 0.684422 0.691384 0.700194 0.710967 0.723847 0.739015 0.756695 0.747924 0.716969 0.690071 0.666667 0.646303 0.628617 0.613311 0.600143 0.588919 0.579477 0.571688 0.565450 0.560683 0.557327 0.555341 0.554700 0.555398 0.557442 0.560857 0.565685 0.571988 0.579844 0.589360 0.600664 0.613918 0.629320 0.647114 0.667599 0.691143 0.718201 0.749343 0.785286 0.826944 0.875495 0.932491 1.000000 0.940084 0.888137 0.843556 0.805083 0.771745 0.742777 0.717570 0.695639 0.676591 0.660106 0.645924 0.633833 0.623662 0.615271 0.608549 0.603410 0.599791 0.597645 0.596948 0.597691 0.599882 0.603549 0.608737 0.615511 0.623956 0.634186 0.646340 0.660592 0.677154 0.696289 0.718317 1497.500000 1.231431 0.760514
1.000000 0.940084 0.888137 0.843556 0.805083 0.771745 0.742777 0.717570 0.695639 0.676591 0.660106 0.645924 0.633833 0.623662 0.615271 0.608549 0.603410 0.599791 0.597645 0.596948 0.597691 0.599882 0.603549 0.608737 0.615511 0.623956 0.634186 0.646340 0.660592 0.677154 0.696289 0.718317 0.743634 0.772731 0.806220 0.805043 0.771085 0.741590 0.715930 0.693601 0.674198 0.657392 0.642914 0.630547 0.620112 0.611466 0.604494 0.599106 0.595235 0.592832 0.591869 0.592333 0.594232 0.597586 0.602438 0.608849 0.616899 0.626695 0.638371 0.652090 0.668056 0.686519 0.707786 0.732232 0.760325 0.792646 0.829924 0.873089 0.884184 0.849744 0.819788 0.793718 0.771056 0.751412 0.734470 0.719971 0.707705 0.697503 0.689227 0.682771 0.678053 0.675014 0.673619 0.673849 0.675708 0.679218 0.684422 0.691384 0.700194 0.710967 0.723847 0.739015 0.756695 0.747924 0.716969 0.690071 0.666667 0.646303 0.628617 0.613311 0.600143 0.588919 0.579477 0.571688 0.565450 0.560683 0.557327 0.555341 0.554700 0.555398 0.557442 0.560857 0.565685 0.571988 0.579844 0.589360 0.600664 0.613918 0.629320 0.647114 0.667599 0.691143 0.718201 0.749343 0.785286 0.826944 0.875495 0.932491 1497.500000 1.231431 0.760514
0.666667 0.646303 0.628617 0.613311 0.600143 0.588919 0.579477 0.571688 0.565450 0.560683 0.557327 0.555341 0.554700 0.555398 0.557442 0.560857 0.565685 0.571988 0.579844 0.589360 0.600664 0.613918 0.629320 0.647114 0.667599 0.691143 0.718201 0.749343 0.785286 0.826944 0.875495 0.932491 1.000000 0.940084 0.888137 0.843556 0.805083 0.771745 0.742777 0.717570 0.695639 0.676591 0.660106 0.645924 0.633833 0.623662 0.615271 0.608549 0.603410 0.599791 0.597645 0.596948 0.597691 0.599882 0.603549 0.608737 0.615511 0.623956 0.634186 0.646340 0.660592 0.677154 0.696289 0.718317 0.743634 0.772731 0.806220 0.805043 0.771085 0.741590 0.715930 0.693601 0.674198 0.657392 0.642914 0.630547 0.620112 0.611466 0.604494 0.599106 0.595235 0.592832 0.591869 0.592333 0.594232 0.597586 0.602438 0.608849 0.616899 0.626695 0.638371 0.652090 0.668056 0.686519 0.707786 0.732232 0.760325 0.792646 0.829924 0.873089 0.884184 0.849744 0.819788 0.793718 0.771056 0.751412 0.734470 0.719971 0.707705 0.697503 0.689227 0.682771 0.678053 0.675014 0.673619 0.673849 0.675708 0.679218 0.684422 0.691384 0.700194 0.710967 0.723847 0.739015 0.756695 0.747924 0.716969 0.690071 1497.500000 1.231431 0.760514
0.556699 0.541411 0.528180 0.516795 0.507086 0.498915 0.492170 0.486762 0.482621 0.479697 0.477952 0.477365 0.477930 0.479653 0.482556 0.486673 0.492057 0.498776 0.506920 0.516598 0.527951 0.541146 0.556393 0.573947 0.594122 0.617308 0.643993 0.674787 0.710472 0.752055 0.800858 0.858646 0.927831 0.965721 0.901969 0.848030 0.802001 0.762453 0.728295 0.698677 0.672931 0.650527 0.631039 0.614120 0.599491 0.586924 0.576233 0.567266 0.559903 0.554046 0.549620 0.546571 0.544861 0.544469 0.545391 0.547637 0.551235 0.556230 0.562684 0.570681 0.580327 0.591754 0.581501 0.561881 0.544811 0.529987 0.517161 0.506131 0.496734 0.488836 0.482329 0.477127 0.473164 0.470390 0.468771 0.468287 0.468933 0.470717 0.473659 0.477797 0.483182 0.489883 0.497989 0.507612 0.518888 0.531988 0.547118 0.564534 0.584550 0.607555 0.634034 0.664601 0.700037 0.741351 0.789869 0.847366 0.916273 1.000000 0.939284 0.877098 0.824497 0.779621 0.741070 0.707777 0.678913 0.653823 0.631990 0.612998 0.596508 0.582249 0.569996 0.559569 0.550819 0.543628 0.537902 0.533567 0.530570 0.528873 0.528456 0.529313 0.531456 0.534910 0.539719 0.545941 0.553658 0.562972 0.574011 0.574298 1354.000000 1.729608 0.683198
0.916273 1.000000 0.939284 0.877098 0.824497 0.779621 0.741070 0.707777 0.678913 0.653823 0.631990 0.612998 0.596508 0.582249 0.569996 0.559569 0.550819 0.543628 0.537902 0.533567 0.530570 0.528873 0.528456 0.529313 0.531456 0.534910 0.539719 0.545941 0.553658 0.562972 0.574011 0.574298 0.556699 0.541411 0.528180 0.516795 0.507086 0.498915 0.492170 0.486762 0.482621 0.479697 0.477952 0.477365 0.477930 0.479653 0.482556 0.486673 0.492057 0.498776 0.506920 0.516598 0.527951 0.541146 0.556393 0.573947 0.594122 0.617308 0.643993 0.674787 0.710472 0.752055 0.800858 0.858646 0.927831 0.965721 0.901969 0.848030 0.802001 0.762453 0.728295 0.698677 0.672931 0.650527 0.631039 0.614120 0.599491 0.586924 0.576233 0.567266 0.559903 0.554046 0.549620 0.546571 0.544861 0.544469 0.545391 0.547637 0.551235 0.556230 0.562684 0.570681 0.580327 0.591754 0.581501 0.561881 0.544811 0.529987 0.517161 0.506131 0.496734 0.488836 0.482329 0.477127 0.473164 0.470390 0.468771 0.468287 0.468933 0.470717 0.473659 0.477797 0.483182 0.489883 0.497989 0.507612 0.518888 0.531988 0.547118 0.564534 0.584550 0.607555 0.634034 0.664601 0.700037 0.741351 0.789869 0.847366 1354.000000 1.729608 0.683198
0.544811 0.529987 0.517161 0.506131 0.496734 0.488836 0.482329 0.477127 0.473164 0.470390 0.468771 0.468287 0.468933 0.470717 0.473659 0.477797 0.483182 0.489883 0.497989 0.507612 0.518888 0.531988 0.547118 0.564534 0.584550 0.607555 0.634034 0.664601 0.700037 0.741351 0.789869 0.847366 0.916273 1.000000 0.939284 0.877098 0.824497 0.779621 0.741070 0.707777 0.678913 0.653823 0.631990 0.612998 0.596508 0.582249 0.569996 0.559569 0.550819 0.543628 0.537902 0.533567 0.530570 0.528873 0.528456 0.529313 0.531456 0.534910 0.539719 0.545941 0.553658 0.562972 0.574011 0.574298 0.556699 0.541411 0.528180 0.516795 0.507086 0.498915 0.492170 0.486762 0.482621 0.479697 0.477952 0.477365 0.477930 0.479653 0.482556 0.486673 0.492057 0.498776 0.506920 0.516598 0.527951 0.541146 0.556393 0.573947 0.594122 0.617308 0.643993 0.674787 0.710472 0.752055 0.800858 0.858646 0.927831 0.965721 0.901969 0.848030 0.802001 0.762453 0.728295 0.698677 0.672931 0.650527 0.631039 0.614120 0.599491 0.586924 0.576233 0.567266 0.559903 0.554046 0.549620 0.546571 0.544861 0.544469 0.545391 0.547637 0.551235 0.556230 0.562684 0.570681 0.580327 0.591754 0.581501 0.561881 1354.000000 1.729608 0.683198
0.927831 0.965721 0.901969 0.848030 0.802001 0.762453 0.728295 0.698677 0.672931 0.650527 0.631039 0.614120 0.599491 0.586924 0.576233 0.567266 0.559903 0.554046 0.549620 0.546571 0.544861 0.544469 0.545391 0.547637 0.551235 0.556230 0.562684 0.570681 0.580327 0.591754 0.581501 0.561881 0.544811 0.529987 0.517161 0.506131 0.496734 0.488836 0.482329 0.477127 0.473164 0.470390 0.468771 0.468287 0.468933 0.470717 0.473659 0.477797 0.483182 0.489883 0.497989 0.507612 0.518888 0.531988 0.547118 0.564534 0.584550 0.607555 0.634034 0.664601 0.700037 0.741351 0.789869 0.847366 0.916273 1.000000 0.939284 0.877098 0.824497 0.779621 0.741070 0.707777 0.678913 0.653823 0.631990 0.612998 0.596508 0.582249 0.569996 0.559569 0.550819 0.543628 0.537902 0.533567 0.530570 0.528873 0.528456 0.529313 0.531456 0.534910 0.539719 0.545941 0.553658 0.562972 0.574011 0.574298 0.556699 0.541411 0.528180 0.516795 0.507086 0.498915 0.492170 0.486762 0.482621 0.479697 0.477952 0.477365 0.477930 0.479653 0.482556 0.486673 0.492057 0.498776 0.506920 0.516598 0.527951 0.541146 0.556393 0.573947 0.594122 0.617308 0.643993 0.674787 0.710472 0.752055 0.800858 0.858646 1354.000000 1.729608 0.683198
0.829968 0.843049 0.858650 0.876992 0.876945 0.850098 0.826778 0.806595 0.789230 0.774423 0.761963 0.751680 0.743438 0.737132 0.732682 0.730033 0.729153 0.730033 0.732682 0.737132 0.743438 0.751680 0.761963 0.774423 0.789230 0.786259 0.783399 0.782438 0.783364 0.786188 0.790946 0.797694 0.806519 0.817532 0.830880 0.846744 0.865352 0.886980 0.911970 0.940742 0.960872 0.944942 0.931740 0.921090 0.912855 0.906931 0.903246 0.901754 0.902438 0.905305 0.910391 0.917758 0.927497 0.939734 0.954629 0.972383 0.953271 0.915417 0.882499 0.853853 0.828941 0.807332 0.788673 0.772676 0.759107 0.747777 0.738534 0.731256 0.725852 0.722255 0.720419 0.713737 0.707666 0.703377 0.700819 0.699959 0.700787 0.703314 0.707570 0.713607 0.721501 0.731353 0.743294 0.757486 0.774132 0.793481 0.815837 0.841576 0.871158 0.883024 0.868817 0.857092 0.847694 0.840503 0.835429 0.832408 0.831406 0.832408 0.835429 0.840503 0.847694 0.857092 0.868817 0.883024 0.899907 0.919708 0.942721 0.969311 0.999923 1.000000 0.965242 0.934997 0.908711 0.885940 0.866317 0.849548 0.835389 0.823646 0.814164 0.806818 0.801518 0.798197 0.796815 0.797356 0.799825 0.804254 0.810695 0.819231 1278.000000 1.156385 0.890574
0.831406 0.832408 0.835429 0.840503 0.847694 0.857092 0.868817 0.883024 0.899907 0.919708 0.942721 0.969311 0.999923 1.000000 0.965242 0.934997 0.908711 0.885940 0.866317 0.849548 0.835389 0.823646 0.814164 0.806818 0.801518 0.798197 0.796815 0.797356 0.799825 0.804254 0.810695 0.819231 0.829968 0.843049 0.858650 0.876992 0.876945 0.850098 0.826778 0.806595 0.789230 0.774423 0.761963 0.751680 0.743438 0.737132 0.732682 0.730033 0.729153 0.730033 0.732682 0.737132 0.743438 0.751680 0.761963 0.774423 0.789230 0.786259 0.783399 0.782438 0.783364 0.786188 0.790946 0.797694 0.806519 0.817532 0.830880 0.846744 0.865352 0.886980 0.911970 0.940742 0.960872 0.944942 0.931740 0.921090 0.912855 0.906931 0.903246 0.901754 0.902438 0.905305 0.910391 0.917758 0.927497 0.939734 0.954629 0.972383 0.953271 0.915417 0.882499 0.853853 0.828941 0.807332 0.788673 0.772676 0.759107 0.747777 0.738534 0.731256 0.725852 0.722255 0.720419 0.713737 0.707666 0.703377 0.700819 0.699959 0.700787 0.703314 0.707570 0.713607 0.721501 0.731353 0.743294 0.757486 0.774132 0.793481 0.815837 0.841576 0.871158 0.883024 0.868817 0.857092 0.847694 0.840503 0.835429 0.832408 1278.000000 1.156385 0.890574
0.759107 0.747777 0.738534 0.731256 0.725852 0.722255 0.720419 0.713737 0.707666 0.703377 0.700819 0.699959 0.700787 0.703314 0.707570 0.713607 0.721501 0.731353 0.743294 0.757486 0.774132 0.793481 0.815837 0.841576 0.871158 0.883024 0.868817 0.857092 0.847694 0.840503 0.835429 0.832408 0.831406 0.832408 0.835429 0.840503 0.847694 0.857092 0.868817 0.883024 0.899907 0.919708 0.942721 0.969311 0.999923 1.000000 0.965242 0.934997 0.908711 0.885940 0.866317 0.849548 0.835389 0.823646 0.814164 0.806818 0.801518 0.798197 0.796815 0.797356 0.799825 0.804254 0.810695 0.819231 0.829968 0.843049 0.858650 0.876992 0.876945 0.850098 0.826778 0.806595 0.789230 0.774423 0.761963 0.751680 0.743438 0.737132 0.732682 0.730033 0.729153 0.730033 0.732682 0.737132 0.743438 0.751680 0.761963 0.774423 0.789230 0.786259 0.783399 0.782438 0.783364 0.786188 0.790946 0.797694 0.806519 0.817532 0.830880 0.846744 0.865352 0.886980 0.911970 0.940742 0.960872 0.944942 0.931740 0.921090 0.912855 0.906931 0.903246 0.901754 0.902438 0.905305 0.910391 0.917758 0.927497 0.939734 0.954629 0.972383 0.953271 0.915417 0.882499 0.853853 0.828941 0.807332 0.788673 0.772676 1278.000000 1.156385 0.890574
0.806519 0.817532 0.830880 0.846744 0.865352 0.886980 0.911970 0.940742 0.960872 0.944942 0.931740 0.921090 0.912855 0.906931 0.903246 0.901754 0.902438 0.905305 0.910391 0.917758 0.927497 0.939734 0.954629 0.972383 0.953271 0.915417 0.882499 0.853853 0.828941 0.807332 0.788673 0.772676 0.759107 0.747777 0.738534 0.731256 0.725852 0.722255 0.720419 0.713737 0.707666 0.703377 0.700819 0.699959 0.700787 0.703314 0.707570 0.713607 0.721501 0.731353 0.743294 0.757486 0.774132 0.793481 0.815837 0.841576 0.871158 0.883024 0.868817 0.857092 0.847694 0.840503 0.835429 0.832408 0.831406 0.832408 0.835429 0.840503 0.847694 0.857092 0.868817 0.883024 0.899907 0.919708 0.942721 0.969311 0.999923 1.000000 0.965242 0.934997 0.908711 0.885940 0.866317 0.849548 0.835389 0.823646 0.814164 0.806818 0.801518 0.798197 0.796815 0.797356 0.799825 0.804254 0.810695 0.819231 0.829968 0.843049 0.858650 0.876992 0.876945 0.850098 0.826778 0.806595 0.789230 0.774423 0.761963 0.751680 0.743438 0.737132 0.732682 0.730033 0.729153 0.730033 0.732682 0.737132 0.743438 0.751680 0.761963 0.774423 0.789230 0.786259 0.783399 0.782438 0.783364 0.786188 0.790946 0.797694 1278.000000 1.156385 0.890574
0.896709 0.955141 1.000000 0.975651 0.954705 0.936849 0.921828 0.909438 0.899515 0.891931 0.886593 0.883433 0.882414 0.883524 0.886775 0.892208 0.899889 0.903858 0.864428 0.830211 0.800454 0.774558 0.752041 0.732510 0.715648 0.701197 0.688944 0.678720 0.670385 0.663833 0.658980 0.655766 0.654151 0.648620 0.638067 0.629343 0.622334 0.616949 0.613121 0.610803 0.609966 0.610600 0.612713 0.616330 0.621497 0.628278 0.636759 0.647052 0.659298 0.673671 0.690384 0.709702 0.731945 0.757512 0.786894 0.820704 0.859714 0.904906 0.947957 0.920564 0.896810 0.876309 0.858746 0.843867 0.831464 0.821370 0.813455 0.807617 0.803786 0.801913 0.801977 0.803977 0.807939 0.813911 0.810276 0.798159 0.788271 0.780481 0.774692 0.770832 0.768852 0.768731 0.770465 0.774076 0.779608 0.787129 0.796735 0.808551 0.822734 0.839482 0.859038 0.881702 0.907841 0.937905 0.892706 0.841430 0.797542 0.759744 0.727040 0.698648 0.673953 0.652462 0.633780 0.617583 0.603612 0.591653 0.581532 0.573916 0.570494 0.568474 0.567831 0.568557 0.570662 0.574171 0.579127 0.585593 0.593650 0.603407 0.614996 0.628583 0.644371 0.662610 0.683606 0.707738 0.735472 0.767392 0.804235 0.846937 6959.500000 1.259478 0.809717
0.797542 0.759744 0.727040 0.698648 0.673953 0.652462 0.633780 0.617583 0.603612 0.591653 0.581532 0.573916 0.570494 0.568474 0.567831 0.568557 0.570662 0.574171 0.579127 0.585593 0.593650 0.603407 0.614996 0.628583 0.644371 0.662610 0.683606 0.707738 0.735472 0.767392 0.804235 0.846937 0.896709 0.955141 1.000000 0.975651 0.954705 0.936849 0.921828 0.909438 0.899515 0.891931 0.886593 0.883433 0.882414 0.883524 0.886775 0.892208 0.899889 0.903858 0.864428 0.830211 0.800454 0.774558 0.752041 0.732510 0.715648 0.701197 0.688944 0.678720 0.670385 0.663833 0.658980 0.655766 0.654151 0.648620 0.638067 0.629343 0.622334 0.616949 0.613121 0.610803 0.609966 0.610600 0.612713 0.616330 0.621497 0.628278 0.636759 0.647052 0.659298 0.673671 0.690384 0.709702 0.731945 0.757512 0.786894 0.820704 0.859714 0.904906 0.947957 0.920564 0.896810 0.876309 0.858746 0.843867 0.831464 0.821370 0.813455 0.807617 0.803786 0.801913 0.801977 0.803977 0.807939 0.813911 0.810276 0.798159 0.788271 0.780481 0.774692 0.770832 0.768852 0.768731 0.770465 0.774076 0.779608 0.787129 0.796735 0.808551 0.822734 0.839482 0.859038 0.881702 0.907841 0.937905 0.892706 0.841430 6959.500000 1.259478 0.809717
0.831464 0.821370 0.813455 0.807617 0.803786 0.801913 0.801977 0.803977 0.807939 0.813911 0.810276 0.798159 0.788271 0.780481 0.774692 0.770832 0.768852 0.768731 0.770465 0.774076 0.779608 0.787129 0.796735 0.808551 0.822734 0.839482 0.859038 0.881702 0.907841 0.937905 0.892706 0.841430 0.797542 0.759744 0.727040 0.698648 0.673953 0.652462 0.633780 0.617583 0.603612 0.591653 0.581532 0.573916 0.570494 0.568474 0.567831 0.568557 0.570662 0.574171 0.579127 0.585593 0.593650 0.603407 0.614996 0.628583 0.644371 0.662610 0.683606 0.707738 0.735472 0.767392 0.804235 0.846937 0.896709 0.955141 1.000000 0.975651 0.954705 0.936849 0.921828 0.909438 0.899515 0.891931 0.886593 0.883433 0.882414 0.883524 0.886775 0.892208 0.899889 0.903858 0.864428 0.830211 0.800454 0.774558 0.752041 0.732510 0.715648 0.701197 0.688944 0.678720 0.670385 0.663833 0.658980 0.655766 0.654151 0.648620 0.638067 0.629343 0.622334 0.616949 0.613121 0.610803 0.609966 0.610600 0.612713 0.616330 0.621497 0.628278 0.636759 0.647052 0.659298 0.673671 0.690384 0.709702 0.731945 0.757512 0.786894 0.820704 0.859714 0.904906 0.947957 0.920564 0.896810 0.876309 0.858746 0.843867 6959.500000 1.259478 0.809717
0.654151 0.648620 0.638067 0.629343 0.622334 0.616949 0.613121 0.610803 0.609966 0.610600 0.612713 0.616330 0.621497 0.628278 0.636759 0.647052 0.659298 0.673671 0.690384 0.709702 0.731945 0.757512 0.786894 0.820704 0.859714 0.904906 0.947957 0.920564 0.896810 0.876309 0.858746 0.843867 0.831464 0.821370 0.813455 0.807617 0.803786 0.801913 0.801977 0.803977 0.807939 0.813911 0.810276 0.798159 0.788271 0.780481 0.774692 0.770832 0.768852 0.768731 0.770465 0.774076 0.779608 0.787129 0.796735 0.808551 0.822734 0.839482 0.859038 0.881702 0.907841 0.937905 0.892706 0.841430 0.797542 0.759744 0.727040 0.698648 0.673953 0.652462 0.633780 0.617583 0.603612 0.591653 0.581532 0.573916 0.570494 0.568474 0.567831 0.568557 0.570662 0.574171 0.579127 0.585593 0.593650 0.603407 0.614996 0.628583 0.644371 0.662610 0.683606 0.707738 0.735472 0.767392 0.804235 0.846937 0.896709 0.955141 1.000000 0.975651 0.954705 0.936849 0.921828 0.909438 0.899515 0.891931 0.886593 0.883433 0.882414 0.883524 0.886775 0.892208 0.899889 0.903858 0.864428 0.830211 0.800454 0.774558 0.752041 0.732510 0.715648 0.701197 0.688944 0.678720 0.670385 0.663833 0.658980 0.655766 6959.500000 1.259478 0.809717
0.891906 0.864817 0.841292 0.820938 0.803436 0.788524 0.775991 0.765666 0.757413 0.751126 0.746727 0.744161 0.743398 0.744428 0.747263 0.751939 0.758512 0.767065 0.777708 0.790583 0.805864 0.823772 0.844575 0.821934 0.793634 0.769008 0.747611 0.729082 0.713125 0.699501 0.688014 0.678507 0.670853 0.664953 0.660735 0.658145 0.657152 0.657745 0.659929 0.663733 0.669202 0.676405 0.685435 0.696409 0.709477 0.724824 0.742679 0.763321 0.787094 0.814420 0.845823 0.881954 0.900070 0.870438 0.844664 0.822297 0.802969 0.786379 0.772284 0.760485 0.750822 0.743170 0.737431 0.733534 0.731430 0.731095 0.732523 0.735734 0.740765 0.747679 0.756563 0.767532 0.780732 0.796346 0.814600 0.835771 0.860200 0.888304 0.920599 0.957725 0.970094 0.922733 0.881807 0.846309 0.815447 0.788590 0.765230 0.744957 0.727438 0.712401 0.699624 0.688928 0.680168 0.673229 0.668024 0.664487 0.662575 0.662265 0.663553 0.666455 0.671005 0.677262 0.680476 0.672485 0.666266 0.661741 0.658853 0.657567 0.657868 0.659760 0.663265 0.668426 0.675308 0.683998 0.694610 0.707287 0.722207 0.739591 0.759708 0.782888 0.809539 0.840164 0.875389 0.916000 0.962995 1.000000 0.958825 0.923042 17657.000000 1.148509 0.819952
0.662575 0.662265 0.663553 0.666455 0.671005 0.677262 0.680476 0.672485 0.666266 0.661741 0.658853 0.657567 0.657868 0.659760 0.663265 0.668426 0.675308 0.683998 0.694610 0.707287 0.722207 0.739591 0.759708 0.782888 0.809539 0.840164 0.875389 0.916000 0.962995 1.000000 0.958825 0.923042 0.891906 0.864817 0.841292 0.820938 0.803436 0.788524 0.775991 0.765666 0.757413 0.751126 0.746727 0.744161 0.743398 0.744428 0.747263 0.751939 0.758512 0.767065 0.777708 0.790583 0.805864 0.823772 0.844575 0.821934 0.793634 0.769008 0.747611 0.729082 0.713125 0.699501 0.688014 0.678507 0.670853 0.664953 0.660735 0.658145 0.657152 0.657745 0.659929 0.663733 0.669202 0.676405 0.685435 0.696409 0.709477 0.724824 0.742679 0.763321 0.787094 0.814420 0.845823 0.881954 0.900070 0.870438 0.844664 0.822297 0.802969 0.786379 0.772284 0.760485 0.750822 0.743170 0.737431 0.733534 0.731430 0.731095 0.732523 0.735734 0.740765 0.747679 0.756563 0.767532 0.780732 0.796346 0.814600 0.835771 0.860200 0.888304 0.920599 0.957725 0.970094 0.922733 0.881807 0.846309 0.815447 0.788590 0.765230 0.744957 0.727438 0.712401 0.699624 0.688928 0.680168 0.673229 0.668024 0.664487 17657.000000 1.148509 0.819952
0.731430 0.731095 0.732523 0.735734 0.740765 0.747679 0.756563 0.767532 0.780732 0.796346 0.814600 0.835771 0.860200 0.888304 0.920599 0.957725 0.970094 0.922733 0.881807 0.846309 0.815447 0.788590 0.765230 0.744957 0.727438 0.712401 0.699624 0.688928 0.680168 0.673229 0.668024 0.664487 0.662575 0.662265 0.663553 0.666455 0.671005 0.677262 0.680476 0.672485 0.666266 0.661741 0.658853 0.657567 0.657868 0.659760 0.663265 0.668426 0.675308 0.683998 0.694610 0.707287 0.722207 0.739591 0.759708 0.782888 0.809539 0.840164 0.875389 0.916000 0.962995 1.000000 0.958825 0.923042 0.891906 0.864817 0.841292 0.820938 0.803436 0.788524 0.775991 0.765666 0.757413 0.751126 0.746727 0.744161 0.743398 0.744428 0.747263 0.751939 0.758512 0.767065 0.777708 0.790583 0.805864 0.823772 0.844575 0.821934 0.793634 0.769008 0.747611 0.729082 0.713125 0.699501 0.688014 0.678507 0.670853 0.664953 0.660735 0.658145 0.657152 0.657745 0.659929 0.663733 0.669202 0.676405 0.685435 0.696409 0.709477 0.724824 0.742679 0.763321 0.787094 0.814420 0.845823 0.881954 0.900070 0.870438 0.844664 0.822297 0.802969 0.786379 0.772284 0.760485 0.750822 0.743170 0.737431 0.733534 17657.000000 1.148509 0.819952
0.670853 0.664953 0.660735 0.658145 0.657152 0.657745 0.659929 0.663733 0.669202 0.676405 0.685435 0.696409 0.709477 0.724824 0.742679 0.763321 0.787094 0.814420 0.845823 0.881954 0.900070 0.870438 0.844664 0.822297 0.802969 0.786379 0.772284 0.760485 0.750822 0.743170 0.737431 0.733534 0.731430 0.731095 0.732523 0.735734 0.740765 0.747679 0.756563 0.767532 0.780732 0.796346 0.814600 0.835771 0.860200 0.888304 0.920599 0.957725 0.970094 0.922733 0.881807 0.846309 0.815447 0.788590 0.765230 0.744957 0.727438 0.712401 0.699624 0.688928 0.680168 0.673229 0.668024 0.664487 0.662575 0.662265 0.663553 0.666455 0.671005 0.677262 0.680476 0.672485 0.666266 0.661741 0.658853 0.657567 0.657868 0.659760 0.663265 0.668426 0.675308 0.683998 0.694610 0.707287 0.722207 0.739591 0.759708 0.782888 0.809539 0.840164 0.875389 0.916000 0.962995 1.000000 0.958825 0.923042 0.891906 0.864817 0.841292 0.820938 0.803436 0.788524 0.775991 0.765666 0.757413 0.751126 0.746727 0.744161 0.743398 0.744428 0.747263 0.751939 0.758512 0.767065 0.777708 0.790583 0.805864 0.823772 0.844575 0.821934 0.793634 0.769008 0.747611 0.729082 0.713125 0.699501 0.688014 0.678507 17657.000000 1.148509 0.819952
0.614349 0.618466 0.624152 0.631479 0.640542 0.651461 0.664387 0.679122 0.692107 0.707335 0.725034 0.745484 0.769028 0.796087 0.827186 0.862976 0.904281 0.952147 1.000000 0.950252 0.907300 0.870070 0.837712 0.809556 0.785061 0.763790 0.745390 0.729572 0.716100 0.704784 0.695470 0.688035 0.682383 0.678444 0.676171 0.675534 0.674000 0.656934 0.642219 0.629633 0.618993 0.610153 0.602993 0.597422 0.593370 0.590786 0.589638 0.589914 0.591615 0.594763 0.599397 0.605574 0.613373 0.622895 0.634270 0.647657 0.658479 0.662580 0.668352 0.675869 0.685226 0.696547 0.709988 0.725741 0.744041 0.765180 0.789512 0.817477 0.849617 0.882921 0.852488 0.826007 0.802998 0.783071 0.765910 0.751256 0.738898 0.728668 0.720429 0.714075 0.709527 0.706728 0.705644 0.706262 0.708591 0.712656 0.718510 0.726225 0.735900 0.747661 0.761669 0.778122 0.797265 0.819397 0.831953 0.803164 0.778113 0.756345 0.737489 0.721246 0.707371 0.695664 0.685963 0.678141 0.672096 0.667752 0.665056 0.663974 0.664495 0.666623 0.670385 0.675828 0.683018 0.692048 0.703037 0.706639 0.687807 0.671529 0.657551 0.645667 0.635709 0.627543 0.621060 0.616180 0.612840 0.611001 0.610639 0.611751 1201.000000 1.213272 0.837611
0.778113 0.756345 0.737489 0.721246 0.707371 0.695664 0.685963 0.678141 0.672096 0.667752 0.665056 0.663974 0.664495 0.666623 0.670385 0.675828 0.683018 0.692048 0.703037 0.706639 0.687807 0.671529 0.657551 0.645667 0.635709 0.627543 0.621060 0.616180 0.612840 0.611001 0.610639 0.611751 0.614349 0.618466 0.624152 0.631479 0.640542 0.651461 0.664387 0.679122 0.692107 0.707335 0.725034 0.745484 0.769028 0.796087 0.827186 0.862976 0.904281 0.952147 1.000000 0.950252 0.907300 0.870070 0.837712 0.809556 0.785061 0.763790 0.745390 0.729572 0.716100 0.704784 0.695470 0.688035 0.682383 0.678444 0.676171 0.675534 0.674000 0.656934 0.642219 0.629633 0.618993 0.610153 0.602993 0.597422 0.593370 0.590786 0.589638 0.589914 0.591615 0.594763 0.599397 0.605574 0.613373 0.622895 0.634270 0.647657 0.658479 0.662580 0.668352 0.675869 0.685226 0.696547 0.709988 0.725741 0.744041 0.765180 0.789512 0.817477 0.849617 0.882921 0.852488 0.826007 0.802998 0.783071 0.765910 0.751256 0.738898 0.728668 0.720429 0.714075 0.709527 0.706728 0.705644 0.706262 0.708591 0.712656 0.718510 0.726225 0.735900 0.747661 0.761669 0.778122 0.797265 0.819397 0.831953 0.803164 1201.000000 1.213272 0.837611
0.744041 0.765180 0.789512 0.817477 0.849617 0.882921 0.852488 0.826007 0.802998 0.783071 0.765910 0.751256 0.738898 0.728668 0.720429 0.714075 0.709527 0.706728 0.705644 0.706262 0.708591 0.712656 0.718510 0.726225 0.735900 0.747661 0.761669 0.778122 0.797265 0.819397 0.831953 0.803164 0.778113 0.756345 0.737489 0.721246 0.707371 0.695664 0.685963 0.678141 0.672096 0.667752 0.665056 0.663974 0.664495 0.666623 0.670385 0.675828 0.683018 0.692048 0.703037 0.706639 0.687807 0.671529 0.657551 0.645667 0.635709 0.627543 0.621060 0.616180 0.612840 0.611001 0.610639 0.611751 0.614349 0.618466 0.624152 0.631479 0.640542 0.651461 0.664387 0.679122 0.692107 0.707335 0.725034 0.745484 0.769028 0.796087 0.827186 0.862976 0.904281 0.952147 1.000000 0.950252 0.907300 0.870070 0.837712 0.809556 0.785061 0.763790 0.745390 0.729572 0.716100 0.704784 0.695470 0.688035 0.682383 0.678444 0.676171 0.675534 0.674000 0.656934 0.642219 0.629633 0.618993 0.610153 0.602993 0.597422 0.593370 0.590786 0.589638 0.589914 0.591615 0.594763 0.599397 0.605574 0.613373 0.622895 0.634270 0.647657 0.658479 0.662580 0.668352 0.675869 0.685226 0.696547 0.709988 0.725741 1201.000000 1.213272 0.837611
0.682383 0.678444 0.676171 0.675534 0.674000 0.656934 0.642219 0.629633 0.618993 0.610153 0.602993 0.597422 0.593370 0.590786 0.589638 0.589914 0.591615 0.594763 0.599397 0.605574 0.613373 0.622895 0.634270 0.647657 0.658479 0.662580 0.668352 0.675869 0.685226 0.696547 0.709988 0.725741 0.744041 0.765180 0.789512 0.817477 0.849617 0.882921 0.852488 0.826007 0.802998 0.783071 0.765910 0.751256 0.738898 0.728668 0.720429 0.714075 0.709527 0.706728 0.705644 0.706262 0.708591 0.712656 0.718510 0.726225 0.735900 0.747661 0.761669 0.778122 0.797265 0.819397 0.831953 0.803164 0.778113 0.756345 0.737489 0.721246 0.707371 0.695664 0.685963 0.678141 0.672096 0.667752 0.665056 0.663974 0.664495 0.666623 0.670385 0.675828 0.683018 0.692048 0.703037 0.706639 0.687807 0.671529 0.657551 0.645667 0.635709 0.627543 0.621060 0.616180 0.612840 0.611001 0.610639 0.611751 0.614349 0.618466 0.624152 0.631479 0.640542 0.651461 0.664387 0.679122 0.692107 0.707335 0.725034 0.745484 0.769028 0.796087 0.827186 0.862976 0.904281 0.952147 1.000000 0.950252 0.907300 0.870070 0.837712 0.809556 0.785061 0.763790 0.745390 0.729572 0.716100 0.704784 0.695470 0.688035 1201.000000 1.213272 0.837611
0.857891 0.822761 0.792228 0.765659 0.742545 0.722475 0.705115 0.690194 0.677489 0.666821 0.658045 0.651045 0.645731 0.642037 0.640775 0.641311 0.643399 0.647065 0.652353 0.659330 0.668085 0.678732 0.691417 0.706319 0.723660 0.743710 0.766803 0.793348 0.823853 0.858950 0.899433 0.871875 0.847906 0.827160 0.809307 0.794082 0.781266 0.770684 0.762197 0.755696 0.751098 0.748348 0.747413 0.748280 0.750960 0.755486 0.761914 0.770323 0.780823 0.793550 0.808680 0.826428 0.842602 0.811033 0.783563 0.759663 0.738906 0.720943 0.705493 0.692323 0.681247 0.672114 0.664803 0.659220 0.655296 0.652981 0.652249 0.653091 0.655515 0.659553 0.665253 0.672687 0.681951 0.693166 0.706487 0.722104 0.735761 0.737581 0.741200 0.746662 0.754036 0.763414 0.774918 0.788704 0.804964 0.823934 0.845908 0.871242 0.900377 0.933855 0.972351 0.929812 0.883164 0.842906 0.808020 0.777707 0.751330 0.728380 0.708448 0.691198 0.676358 0.663708 0.653067 0.644289 0.637259 0.631887 0.628104 0.625866 0.625144 0.625930 0.628234 0.632083 0.637524 0.644627 0.655824 0.669620 0.685696 0.704302 0.725742 0.750394 0.778721 0.811301 0.848861 0.892322 0.942867 1.000000 0.945350 0.898416 2213.000000 1.047517 0.792299
0.751330 0.728380 0.708448 0.691198 0.676358 0.663708 0.653067 0.644289 0.637259 0.631887 0.628104 0.625866 0.625144 0.625930 0.628234 0.632083 0.637524 0.644627 0.655824 0.669620 0.685696 0.704302 0.725742 0.750394 0.778721 0.811301 0.848861 0.892322 0.942867 1.000000 0.945350 0.898416 0.857891 0.822761 0.792228 0.765659 0.742545 0.722475 0.705115 0.690194 0.677489 0.666821 0.658045 0.651045 0.645731 0.642037 0.640775 0.641311 0.643399 0.647065 0.652353 0.659330 0.668085 0.678732 0.691417 0.706319 0.723660 0.743710 0.766803 0.793348 0.823853 0.858950 0.899433 0.871875 0.847906 0.827160 0.809307 0.794082 0.781266 0.770684 0.762197 0.755696 0.751098 0.748348 0.747413 0.748280 0.750960 0.755486 0.761914 0.770323 0.780823 0.793550 0.808680 0.826428 0.842602 0.811033 0.783563 0.759663 0.738906 0.720943 0.705493 0.692323 0.681247 0.672114 0.664803 0.659220 0.655296 0.652981 0.652249 0.653091 0.655515 0.659553 0.665253 0.672687 0.681951 0.693166 0.706487 0.722104 0.735761 0.737581 0.741200 0.746662 0.754036 0.763414 0.774918 0.788704 0.804964 0.823934 0.845908 0.871242 0.900377 0.933855 0.972351 0.929812 0.883164 0.842906 0.808020 0.777707 2213.000000 1.047517 0.792299
0.655296 0.652981 0.652249 0.653091 0.655515 0.659553 0.665253 0.672687 0.681951 0.693166 0.706487 0.722104 0.735761 0.737581 0.741200 0.746662 0.754036 0.763414 0.774918 0.788704 0.804964 0.823934 0.845908 0.871242 0.900377 0.933855 0.972351 0.929812 0.883164 0.842906 0.808020 0.777707 0.751330 0.728380 0.708448 0.691198 0.676358 0.663708 0.653067 0.644289 0.637259 0.631887 0.628104 0.625866 0.625144 0.625930 0.628234 0.632083 0.637524 0.644627 0.655824 0.669620 0.685696 0.704302 0.725742 0.750394 0.778721 0.811301 0.848861 0.892322 0.942867 1.000000 0.945350 0.898416 0.857891 0.822761 0.792228 0.765659 0.742545 0.722475 0.705115 0.690194 0.677489 0.666821 0.658045 0.651045 0.645731 0.642037 0.640775 0.641311 0.643399 0.647065 0.652353 0.659330 0.668085 0.678732 0.691417 0.706319 0.723660 0.743710 0.766803 0.793348 0.823853 0.858950 0.899433 0.871875 0.847906 0.827160 0.809307 0.794082 0.781266 0.770684 0.762197 0.755696 0.751098 0.748348 0.747413 0.748280 0.750960 0.755486 0.761914 0.770323 0.780823 0.793550 0.808680 0.826428 0.842602 0.811033 0.783563 0.759663 0.738906 0.720943 0.705493 0.692323 0.681247 0.672114 0.664803 0.659220 2213.000000 1.047517 0.792299
0.847906 0.827160 0.809307 0.794082 0.781266 0.770684 0.762197 0.755696 0.751098 0.748348 0.747413 0.748280 0.750960 0.755486 0.761914 0.770323 0.780823 0.793550 0.808680 0.826428 0.842602 0.811033 0.783563 0.759663 0.738906 0.720943 0.705493 0.692323 0.681247 0.672114 0.664803 0.659220 0.655296 0.652981 0.652249 0.653091 0.655515 0.659553 0.665253 0.672687 0.681951 0.693166 0.706487 0.722104 0.735761 0.737581 0.741200 0.746662 0.754036 0.763414 0.774918 0.788704 0.804964 0.823934 0.845908 0.871242 0.900377 0.933855 0.972351 0.929812 0.883164 0.842906 0.808020 0.777707 0.751330 0.728380 0.708448 0.691198 0.676358 0.663708 0.653067 0.644289 0.637259 0.631887 0.628104 0.625866 0.625144 0.625930 0.628234 0.632083 0.637524 0.644627 0.655824 0.669620 0.685696 0.704302 0.725742 0.750394 0.778721 0.811301 0.848861 0.892322 0.942867 1.000000 0.945350 0.898416 0.857891 0.822761 0.792228 0.765659 0.742545 0.722475 0.705115 0.690194 0.677489 0.666821 0.658045 0.651045 0.645731 0.642037 0.640775 0.641311 0.643399 0.647065 0.652353 0.659330 0.668085 0.678732 0.691417 0.706319 0.723660 0.743710 0.766803 0.793348 0.823853 0.858950 0.899433 0.871875 2213.000000 1.047517 0.792299
0.725358 0.703202 0.683958 0.667305 0.652978 0.640766 0.630492 0.622018 0.615231 0.610044 0.606393 0.604232 0.603535 0.604294 0.606517 0.610233 0.615487 0.622344 0.630892 0.641245 0.653545 0.667965 0.684724 0.704085 0.726373 0.751989 0.781430 0.815314 0.854421 0.899746 0.952572 1.000000 0.933372 0.877049 0.829020 0.787777 0.752170 0.721305 0.694480 0.671138 0.650831 0.633197 0.617943 0.604829 0.593661 0.584280 0.576558 0.570394 0.565709 0.562444 0.560559 0.560031 0.560854 0.563038 0.566610 0.571613 0.578110 0.586185 0.595945 0.607524 0.621087 0.636839 0.655030 0.675967 0.700029 0.727685 0.759521 0.796276 0.838893 0.888591 0.941568 0.901210 0.866171 0.835692 0.809168 0.786112 0.766127 0.748894 0.734148 0.721676 0.711306 0.702900 0.696348 0.691567 0.688499 0.687106 0.687371 0.689298 0.692909 0.698250 0.705386 0.714408 0.725434 0.738614 0.754131 0.731910 0.711875 0.694536 0.679619 0.666903 0.656206 0.647382 0.640314 0.634911 0.631107 0.628854 0.628125 0.628911 0.631221 0.635084 0.640547 0.647679 0.656571 0.667341 0.680136 0.695138 0.712572 0.732714 0.755902 0.782553 0.813181 0.848433 0.889118 0.897671 0.852635 0.813769 0.780089 0.750823 1538.000000 1.093306 0.746645
0.711875 0.694536 0.679619 0.666903 0.656206 0.647382 0.640314 0.634911 0.631107 0.628854 0.628125 0.628911 0.631221 0.635084 0.640547 0.647679 0.656571 0.667341 0.680136 0.695138 0.712572 0.732714 0.755902 0.782553 0.813181 0.848433 0.889118 0.897671 0.852635 0.813769 0.780089 0.750823 0.725358 0.703202 0.683958 0.667305 0.652978 0.640766 0.630492 0.622018 0.615231 0.610044 0.606393 0.604232 0.603535 0.604294 0.606517 0.610233 0.615487 0.622344 0.630892 0.641245 0.653545 0.667965 0.684724 0.704085 0.726373 0.751989 0.781430 0.815314 0.854421 0.899746 0.952572 1.000000 0.933372 0.877049 0.829020 0.787777 0.752170 0.721305 0.694480 0.671138 0.650831 0.633197 0.617943 0.604829 0.593661 0.584280 0.576558 0.570394 0.565709 0.562444 0.560559 0.560031 0.560854 0.563038 0.566610 0.571613 0.578110 0.586185 0.595945 0.607524 0.621087 0.636839 0.655030 0.675967 0.700029 0.727685 0.759521 0.796276 0.838893 0.888591 0.941568 0.901210 0.866171 0.835692 0.809168 0.786112 0.766127 0.748894 0.734148 0.721676 0.711306 0.702900 0.696348 0.691567 0.688499 0.687106 0.687371 0.689298 0.692909 0.698250 0.705386 0.714408 0.725434 0.738614 0.754131 0.731910 1538.000000 1.093306 0.746645
0.700029 0.727685 0.759521 0.796276 0.838893 0.888591 0.941568 0.901210 0.866171 0.835692 0.809168 0.786112 0.766127 0.748894 0.734148 0.721676 0.711306 0.702900 0.696348 0.691567 0.688499 0.687106 0.687371 0.689298 0.692909 0.698250 0.705386 0.714408 0.725434 0.738614 0.754131 0.731910 0.711875 0.694536 0.679619 0.666903 0.656206 0.647382 0.640314 0.634911 0.631107 0.628854 0.628125 0.628911 0.631221 0.635084 0.640547 0.647679 0.656571 0.667341 0.680136 0.695138 0.712572 0.732714 0.755902 0.782553 0.813181 0.848433 0.889118 0.897671 0.852635 0.813769 0.780089 0.750823 0.725358 0.703202 0.683958 0.667305 0.652978 0.640766 0.630492 0.622018 0.615231 0.610044 0.606393 0.604232 0.603535 0.604294 0.606517 0.610233 0.615487 0.622344 0.630892 0.641245 0.653545 0.667965 0.684724 0.704085 0.726373 0.751989 0.781430 0.815314 0.854421 0.899746 0.952572 1.000000 0.933372 0.877049 0.829020 0.787777 0.752170 0.721305 0.694480 0.671138 0.650831 0.633197 0.617943 0.604829 0.593661 0.584280 0.576558 0.570394 0.565709 0.562444 0.560559 0.560031 0.560854 0.563038 0.566610 0.571613 0.578110 0.586185 0.595945 0.607524 0.621087 0.636839 0.655030 0.675967 1538.000000 1.093306 0.746645
0.933372 0.877049 0.829020 0.787777 0.752170 0.721305 0.694480 0.671138 0.650831 0.633197 0.617943 0.604829 0.593661 0.584280 0.576558 0.570394 0.565709 0.562444 0.560559 0.560031 0.560854 0.563038 0.566610 0.571613 0.578110 0.586185 0.595945 0.607524 0.621087 0.636839 0.655030 0.675967 0.700029 0.727685 0.759521 0.796276 0.838893 0.888591 0.941568 0.901210 0.866171 0.835692 0.809168 0.786112 0.766127 0.748894 0.734148 0.721676 0.711306 0.702900 0.696348 0.691567 0.688499 0.687106 0.687371 0.689298 0.692909 0.698250 0.705386 0.714408 0.725434 0.738614 0.754131 0.731910 0.711875 0.694536 0.679619 0.666903 0.656206 0.647382 0.640314 0.634911 0.631107 0.628854 0.628125 0.628911 0.631221 0.635084 0.640547 0.647679 0.656571 0.667341 0.680136 0.695138 0.712572 0.732714 0.755902 0.782553 0.813181 0.848433 0.889118 0.897671 0.852635 0.813769 0.780089 0.750823 0.725358 0.703202 0.683958 0.667305 0.652978 0.640766 0.630492 0.622018 0.615231 0.610044 0.606393 0.604232 0.603535 0.604294 0.606517 0.610233 0.615487 0.622344 0.630892 0.641245 0.653545 0.667965 0.684724 0.704085 0.726373 0.751989 0.781430 0.815314 0.854421 0.899746 0.952572 1.000000 1538.000000 1.093306 0.746645
0.887863 0.859769 0.835350 0.814187 0.795939 0.780330 0.767135 0.756169 0.747288 0.740375 0.735345 0.732134 0.730704 0.731038 0.733138 0.737032 0.742765 0.738350 0.731901 0.727300 0.724492 0.723441 0.724136 0.726584 0.730815 0.736881 0.744858 0.754848 0.766983 0.781427 0.794782 0.779696 0.766985 0.756475 0.748027 0.741533 0.736910 0.734102 0.733074 0.733815 0.736333 0.740659 0.746845 0.754970 0.765138 0.777481 0.792170 0.809411 0.829462 0.852638 0.879326 0.910001 0.920619 0.903400 0.888916 0.876968 0.867399 0.860087 0.854939 0.851892 0.850910 0.851980 0.855115 0.860354 0.867760 0.877428 0.889480 0.887938 0.861614 0.838769 0.819027 0.802080 0.787679 0.775622 0.765745 0.757920 0.752046 0.748051 0.745886 0.745524 0.743058 0.730728 0.720509 0.712263 0.705886 0.701296 0.698437 0.697274 0.697793 0.700001 0.703924 0.709611 0.717131 0.726582 0.738088 0.751803 0.767924 0.786687 0.808387 0.811376 0.798907 0.788688 0.780583 0.774489 0.770332 0.768059 0.767644 0.769081 0.772388 0.777604 0.784795 0.794051 0.805179 0.806150 0.809075 0.813989 0.820954 0.830055 0.841410 0.855169 0.871520 0.890695 0.912983 0.938734 0.968381 1.000000 0.957258 0.920146 7523.500000 1.171410 0.904541
0.767924 0.786687 0.808387 0.811376 0.798907 0.788688 0.780583 0.774489 0.770332 0.768059 0.767644 0.769081 0.772388 0.777604 0.784795 0.794051 0.805179 0.806150 0.809075 0.813989 0.820954 0.830055 0.841410 0.855169 0.871520 0.890695 0.912983 0.938734 0.968381 1.000000 0.957258 0.920146 0.887863 0.859769 0.835350 0.814187 0.795939 0.780330 0.767135 0.756169 0.747288 0.740375 0.735345 0.732134 0.730704 0.731038 0.733138 0.737032 0.742765 0.738350 0.731901 0.727300 0.724492 0.723441 0.724136 0.726584 0.730815 0.736881 0.744858 0.754848 0.766983 0.781427 0.794782 0.779696 0.766985 0.756475 0.748027 0.741533 0.736910 0.734102 0.733074 0.733815 0.736333 0.740659 0.746845 0.754970 0.765138 0.777481 0.792170 0.809411 0.829462 0.852638 0.879326 0.910001 0.920619 0.903400 0.888916 0.876968 0.867399 0.860087 0.854939 0.851892 0.850910 0.851980 0.855115 0.860354 0.867760 0.877428 0.889480 0.887938 0.861614 0.838769 0.819027 0.802080 0.787679 0.775622 0.765745 0.757920 0.752046 0.748051 0.745886 0.745524 0.743058 0.730728 0.720509 0.712263 0.705886 0.701296 0.698437 0.697274 0.697793 0.700001 0.703924 0.709611 0.717131 0.726582 0.738088 0.751803 7523.500000 1.171410 0.904541
0.867760 0.877428 0.889480 0.887938 0.861614 0.838769 0.819027 0.802080 0.787679 0.775622 0.765745 0.757920 0.752046 0.748051 0.745886 0.745524 0.743058 0.730728 0.720509 0.712263 0.705886 0.701296 0.698437 0.697274 0.697793 0.700001 0.703924 0.709611 0.717131 0.726582 0.738088 0.751803 0.767924 0.786687 0.808387 0.811376 0.798907 0.788688 0.780583 0.774489 0.770332 0.768059 0.767644 0.769081 0.772388 0.777604 0.784795 0.794051 0.805179 0.806150 0.809075 0.813989 0.820954 0.830055 0.841410 0.855169 0.871520 0.890695 0.912983 0.938734 0.968381 1.000000 0.957258 0.920146 0.887863 0.859769 0.835350 0.814187 0.795939 0.780330 0.767135 0.756169 0.747288 0.740375 0.735345 0.732134 0.730704 0.731038 0.733138 0.737032 0.742765 0.738350 0.731901 0.727300 0.724492 0.723441 0.724136 0.726584 0.730815 0.736881 0.744858 0.754848 0.766983 0.781427 0.794782 0.779696 0.766985 0.756475 0.748027 0.741533 0.736910 0.734102 0.733074 0.733815 0.736333 0.740659 0.746845 0.754970 0.765138 0.777481 0.792170 0.809411 0.829462 0.852638 0.879326 0.910001 0.920619 0.903400 0.888916 0.876968 0.867399 0.860087 0.854939 0.851892 0.850910 0.851980 0.855115 0.860354 7523.500000 1.171410 0.904541
0.766985 0.756475 0.748027 0.741533 0.736910 0.734102 0.733074 0.733815 0.736333 0.740659 0.746845 0.754970 0.765138 0.777481 0.792170 0.809411 0.829462 0.852638 0.879326 0.910001 0.920619 0.903400 0.888916 0.876968 0.867399 0.860087 0.854939 0.851892 0.850910 0.851980 0.855115 0.860354 0.867760 0.877428 0.889480 0.887938 0.861614 0.838769 0.819027 0.802080 0.787679 0.775622 0.765745 0.757920 0.752046 0.748051 0.745886 0.745524 0.743058 0.730728 0.720509 0.712263 0.705886 0.701296 0.698437 0.697274 0.697793 0.700001 0.703924 0.709611 0.717131 0.726582 0.738088 0.751803 0.767924 0.786687 0.808387 0.811376 0.798907 0.788688 0.780583 0.774489 0.770332 0.768059 0.767644 0.769081 0.772388 0.777604 0.784795 0.794051 0.805179 0.806150 0.809075 0.813989 0.820954 0.830055 0.841410 0.855169 0.871520 0.890695 0.912983 0.938734 0.968381 1.000000 0.957258 0.920146 0.887863 0.859769 0.835350 0.814187 0.795939 0.780330 0.767135 0.756169 0.747288 0.740375 0.735345 0.732134 0.730704 0.731038 0.733138 0.737032 0.742765 0.738350 0.731901 0.727300 0.724492 0.723441 0.724136 0.726584 0.730815 0.736881 0.744858 0.754848 0.766983 0.781427 0.794782 0.779696 7523.500000 1.171410 0.904541
0.841268 0.791439 0.748885 0.712303 0.680691 0.653273 0.629436 0.608692 0.590649 0.574991 0.561458 0.549843 0.539972 0.531708 0.524939 0.519576 0.515551 0.512814 0.511331 0.511084 0.512070 0.514302 0.517806 0.522626 0.528822 0.536475 0.545687 0.556585 0.569326 0.584105 0.601158 0.620778 0.643323 0.638983 0.628502 0.619829 0.612849 0.607471 0.603628 0.601273 0.600377 0.600929 0.602936 0.606422 0.611431 0.618024 0.626286 0.636325 0.648279 0.662317 0.678648 0.697527 0.719268 0.744260 0.772979 0.806024 0.844145 0.888297 0.939711 1.000000 0.972977 0.892732 0.826554 0.771240 0.724501 0.684659 0.650456 0.620932 0.595343 0.573107 0.553757 0.536923 0.522303 0.509654 0.498776 0.489507 0.481716 0.475296 0.470162 0.466250 0.463509 0.461907 0.461424 0.462054 0.463804 0.466696 0.470766 0.476064 0.482659 0.490637 0.500109 0.511210 0.524106 0.539002 0.556148 0.575853 0.598501 0.624570 0.654662 0.689546 0.730215 0.777973 0.775317 0.754635 0.736757 0.721403 0.708349 0.697409 0.688434 0.681309 0.675941 0.672263 0.670232 0.669822 0.671027 0.673863 0.678365 0.684587 0.692609 0.702533 0.714493 0.728652 0.745215 0.764434 0.786614 0.812136 0.841464 0.875178 1904.000000 1.516690 0.723053
0.598501 0.624570 0.654662 0.689546 0.730215 0.777973 0.775317 0.754635 0.736757 0.721403 0.708349 0.697409 0.688434 0.681309 0.675941 0.672263 0.670232 0.669822 0.671027 0.673863 0.678365 0.684587 0.692609 0.702533 0.714493 0.728652 0.745215 0.764434 0.786614 0.812136 0.841464 0.875178 0.841268 0.791439 0.748885 0.712303 0.680691 0.653273 0.629436 0.608692 0.590649 0.574991 0.561458 0.549843 0.539972 0.531708 0.524939 0.519576 0.515551 0.512814 0.511331 0.511084 0.512070 0.514302 0.517806 0.522626 0.528822 0.536475 0.545687 0.556585 0.569326 0.584105 0.601158 0.620778 0.643323 0.638983 0.628502 0.619829 0.612849 0.607471 0.603628 0.601273 0.600377 0.600929 0.602936 0.606422 0.611431 0.618024 0.626286 0.636325 0.648279 0.662317 0.678648 0.697527 0.719268 0.744260 0.772979 0.806024 0.844145 0.888297 0.939711 1.000000 0.972977 0.892732 0.826554 0.771240 0.724501 0.684659 0.650456 0.620932 0.595343 0.573107 0.553757 0.536923 0.522303 0.509654 0.498776 0.489507 0.481716 0.475296 0.470162 0.466250 0.463509 0.461907 0.461424 0.462054 0.463804 0.466696 0.470766 0.476064 0.482659 0.490637 0.500109 0.511210 0.524106 0.539002 0.556148 0.575853 1904.000000 1.516690 0.723053
0.724501 0.684659 0.650456 0.620932 0.595343 0.573107 0.553757 0.536923 0.522303 0.509654 0.498776 0.489507 0.481716 0.475296 0.470162 0.466250 0.463509 0.461907 0.461424 0.462054 0.463804 0.466696 0.470766 0.476064 0.482659 0.490637 0.500109 0.511210 0.524106 0.539002 0.556148 0.575853 0.598501 0.624570 0.654662 0.689546 0.730215 0.777973 0.775317 0.754635 0.736757 0.721403 0.708349 0.697409 0.688434 0.681309 0.675941 0.672263 0.670232 0.669822 0.671027 0.673863 0.678365 0.684587 0.692609 0.702533 0.714493 0.728652 0.745215 0.764434 0.786614 0.812136 0.841464 0.875178 0.841268 0.791439 0.748885 0.712303 0.680691 0.653273 0.629436 0.608692 0.590649 0.574991 0.561458 0.549843 0.539972 0.531708 0.524939 0.519576 0.515551 0.512814 0.511331 0.511084 0.512070 0.514302 0.517806 0.522626 0.528822 0.536475 0.545687 0.556585 0.569326 0.584105 0.601158 0.620778 0.643323 0.638983 0.628502 0.619829 0.612849 0.607471 0.603628 0.601273 0.600377 0.600929 0.602936 0.606422 0.611431 0.618024 0.626286 0.636325 0.648279 0.662317 0.678648 0.697527 0.719268 0.744260 0.772979 0.806024 0.844145 0.888297 0.939711 1.000000 0.972977 0.892732 0.826554 0.771240 1904.000000 1.516690 0.723053
0.643323 0.638983 0.628502 0.619829 0.612849 0.607471 0.603628 0.601273 0.600377 0.600929 0.602936 0.606422 0.611431 0.618024 0.626286 0.636325 0.648279 0.662317 0.678648 0.697527 0.719268 0.744260 0.772979 0.806024 0.844145 0.888297 0.939711 1.000000 0.972977 0.892732 0.826554 0.771240 0.724501 0.684659 0.650456 0.620932 0.595343 0.573107 0.553757 0.536923 0.522303 0.509654 0.498776 0.489507 0.481716 0.475296 0.470162 0.466250 0.463509 0.461907 0.461424 0.462054 0.463804 0.466696 0.470766 0.476064 0.482659 0.490637 0.500109 0.511210 0.524106 0.539002 0.556148 0.575853 0.598501 0.624570 0.654662 0.689546 0.730215 0.777973 0.775317 0.754635 0.736757 0.721403 0.708349 0.697409 0.688434 0.681309 0.675941 0.672263 0.670232 0.669822 0.671027 0.673863 0.678365 0.684587 0.692609 0.702533 0.714493 0.728652 0.745215 0.764434 0.786614 0.812136 0.841464 0.875178 0.841268 0.791439 0.748885 0.712303 0.680691 0.653273 0.629436 0.608692 0.590649 0.574991 0.561458 0.549843 0.539972 0.531708 0.524939 0.519576 0.515551 0.512814 0.511331 0.511084 0.512070 0.514302 0.517806 0.522626 0.528822 0.536475 0.545687 0.556585 0.569326 0.584105 0.601158 0.620778 1904.000000 1.516690 0.723053
0.462860 0.456871 0.452111 0.448519 0.446049 0.444672 0.444371 0.445141 0.446993 0.449949 0.485967 0.532066 0.589395 0.662359 0.758025 0.888493 1.000000 0.943717 0.895475 0.853882 0.817864 0.786580 0.759363 0.735680 0.715099 0.697273 0.681917 0.668800 0.657732 0.648561 0.641166 0.635451 0.631345 0.628797 0.627775 0.628268 0.630282 0.633840 0.638682 0.644627 0.652270 0.661710 0.673072 0.686513 0.702229 0.720458 0.741492 0.765691 0.793499 0.825467 0.852335 0.830407 0.811485 0.795279 0.781553 0.770118 0.760818 0.753534 0.748174 0.744670 0.742981 0.743086 0.744985 0.748703 0.754058 0.705457 0.664246 0.629015 0.598703 0.572494 0.549752 0.529976 0.512766 0.497799 0.486885 0.485956 0.486199 0.487618 0.490230 0.494067 0.499176 0.505622 0.513491 0.522888 0.533945 0.546826 0.561731 0.578905 0.598649 0.621338 0.647435 0.677525 0.712348 0.752856 0.800292 0.856311 0.896228 0.875796 0.858297 0.843475 0.831125 0.821081 0.813213 0.807420 0.803632 0.801802 0.801908 0.803950 0.807955 0.813970 0.822071 0.832360 0.844972 0.849159 0.787204 0.735326 0.691425 0.653958 0.621763 0.593954 0.569839 0.548877 0.530635 0.514768 0.500993 0.489084 0.478855 0.470154 1410.000000 1.055632 0.661287
0.896228 0.875796 0.858297 0.843475 0.831125 0.821081 0.813213 0.807420 0.803632 0.801802 0.801908 0.803950 0.807955 0.813970 0.822071 0.832360 0.844972 0.849159 0.787204 0.735326 0.691425 0.653958 0.621763 0.593954 0.569839 0.548877 0.530635 0.514768 0.500993 0.489084 0.478855 0.470154 0.462860 0.456871 0.452111 0.448519 0.446049 0.444672 0.444371 0.445141 0.446993 0.449949 0.485967 0.532066 0.589395 0.662359 0.758025 0.888493 1.000000 0.943717 0.895475 0.853882 0.817864 0.786580 0.759363 0.735680 0.715099 0.697273 0.681917 0.668800 0.657732 0.648561 0.641166 0.635451 0.631345 0.628797 0.627775 0.628268 0.630282 0.633840 0.638682 0.644627 0.652270 0.661710 0.673072 0.686513 0.702229 0.720458 0.741492 0.765691 0.793499 0.825467 0.852335 0.830407 0.811485 0.795279 0.781553 0.770118 0.760818 0.753534 0.748174 0.744670 0.742981 0.743086 0.744985 0.748703 0.754058 0.705457 0.664246 0.629015 0.598703 0.572494 0.549752 0.529976 0.512766 0.497799 0.486885 0.485956 0.486199 0.487618 0.490230 0.494067 0.499176 0.505622 0.513491 0.522888 0.533945 0.546826 0.561731 0.578905 0.598649 0.621338 0.647435 0.677525 0.712348 0.752856 0.800292 0.856311 1410.000000 1.055632 0.661287
0.754058 0.705457 0.664246 0.629015 0.598703 0.572494 0.549752 0.529976 0.512766 0.497799 0.486885 0.485956 0.486199 0.487618 0.490230 0.494067 0.499176 0.505622 0.513491 0.522888 0.533945 0.546826 0.561731 0.578905 0.598649 0.621338 0.647435 0.677525 0.712348 0.752856 0.800292 0.856311 0.896228 0.875796 0.858297 0.843475 0.831125 0.821081 0.813213 0.807420 0.803632 0.801802 0.801908 0.803950 0.807955 0.813970 0.822071 0.832360 0.844972 0.849159 0.787204 0.735326 0.691425 0.653958 0.621763 0.593954 0.569839 0.548877 0.530635 0.514768 0.500993 0.489084 0.478855 0.470154 0.462860 0.456871 0.452111 0.448519 0.446049 0.444672 0.444371 0.445141 0.446993 0.449949 0.485967 0.532066 0.589395 0.662359 0.758025 0.888493 1.000000 0.943717 0.895475 0.853882 0.817864 0.786580 0.759363 0.735680 0.715099 0.697273 0.681917 0.668800 0.657732 0.648561 0.641166 0.635451 0.631345 0.628797 0.627775 0.628268 0.630282 0.633840 0.638682 0.644627 0.652270 0.661710 0.673072 0.686513 0.702229 0.720458 0.741492 0.765691 0.793499 0.825467 0.852335 0.830407 0.811485 0.795279 0.781553 0.770118 0.760818 0.753534 0.748174 0.744670 0.742981 0.743086 0.744985 0.748703 1410.000000 1.055632 0.661287
0.631345 0.628797 0.627775 0.628268 0.630282 0.633840 0.638682 0.644627 0.652270 0.661710 0.673072 0.686513 0.702229 0.720458 0.741492 0.765691 0.793499 0.825467 0.852335 0.830407 0.811485 0.795279 0.781553 0.770118 0.760818 0.753534 0.748174 0.744670 0.742981 0.743086 0.744985 0.748703 0.754058 0.705457 0.664246 0.629015 0.598703 0.572494 0.549752 0.529976 0.512766 0.497799 0.486885 0.485956 0.486199 0.487618 0.490230 0.494067 0.499176 0.505622 0.513491 0.522888 0.533945 0.546826 0.561731 0.578905 0.598649 0.621338 0.647435 0.677525 0.712348 0.752856 0.800292 0.856311 0.896228 0.875796 0.858297 0.843475 0.831125 0.821081 0.813213 0.807420 0.803632 0.801802 0.801908 0.803950 0.807955 0.813970 0.822071 0.832360 0.844972 0.849159 0.787204 0.735326 0.691425 0.653958 0.621763 0.593954 0.569839 0.548877 0.530635 0.514768 0.500993 0.489084 0.478855 0.470154 0.462860 0.456871 0.452111 0.448519 0.446049 0.444672 0.444371 0.445141 0.446993 0.449949 0.485967 0.532066 0.589395 0.662359 0.758025 0.888493 1.000000 0.943717 0.895475 0.853882 0.817864 0.786580 0.759363 0.735680 0.715099 0.697273 0.681917 0.668800 0.657732 0.648561 0.641166 0.635451 1410.000000 1.055632 0.661287
0.552546 0.542283 0.533657 0.526549 0.520866 0.516536 0.513504 0.511733 0.511202 0.511903 0.513846 0.517055 0.521568 0.527442 0.534753 0.543598 0.554097 0.566401 0.580695 0.597205 0.616210 0.638051 0.663153 0.692048 0.725402 0.764068 0.809147 0.862085 0.924820 1.000000 0.949805 0.903821 0.864070 0.829582 0.799594 0.773497 0.750801 0.731110 0.714102 0.699514 0.687133 0.676784 0.668328 0.661656 0.656682 0.653344 0.651601 0.651434 0.652838 0.655832 0.660453 0.666756 0.674822 0.684756 0.696690 0.696834 0.672533 0.651386 0.633008 0.617083 0.603358 0.591625 0.581714 0.573488 0.566838 0.561679 0.557944 0.555588 0.554583 0.554915 0.556590 0.559627 0.564064 0.569956 0.577377 0.586426 0.597225 0.609926 0.624717 0.641827 0.661540 0.684202 0.699663 0.691781 0.685707 0.681366 0.678705 0.677691 0.678311 0.680574 0.684506 0.690156 0.697595 0.706918 0.718246 0.731736 0.747577 0.766006 0.787310 0.811846 0.840049 0.872459 0.909750 0.883634 0.844966 0.811413 0.782235 0.756843 0.734762 0.715608 0.699068 0.684889 0.672862 0.662819 0.654626 0.648175 0.643385 0.640196 0.638569 0.638485 0.639943 0.642959 0.647572 0.634858 0.613431 0.594789 0.578599 0.564592 14259.000000 1.426523 0.792098
0.747577 0.766006 0.787310 0.811846 0.840049 0.872459 0.909750 0.883634 0.844966 0.811413 0.782235 0.756843 0.734762 0.715608 0.699068 0.684889 0.672862 0.662819 0.654626 0.648175 0.643385 0.640196 0.638569 0.638485 0.639943 0.642959 0.647572 0.634858 0.613431 0.594789 0.578599 0.564592 0.552546 0.542283 0.533657 0.526549 0.520866 0.516536 0.513504 0.511733 0.511202 0.511903 0.513846 0.517055 0.521568 0.527442 0.534753 0.543598 0.554097 0.566401 0.580695 0.597205 0.616210 0.638051 0.663153 0.692048 0.725402 0.764068 0.809147 0.862085 0.924820 1.000000 0.949805 0.903821 0.864070 0.829582 0.799594 0.773497 0.750801 0.731110 0.714102 0.699514 0.687133 0.676784 0.668328 0.661656 0.656682 0.653344 0.651601 0.651434 0.652838 0.655832 0.660453 0.666756 0.674822 0.684756 0.696690 0.696834 0.672533 0.651386 0.633008 0.617083 0.603358 0.591625 0.581714 0.573488 0.566838 0.561679 0.557944 0.555588 0.554583 0.554915 0.556590 0.559627 0.564064 0.569956 0.577377 0.586426 0.597225 0.609926 0.624717 0.641827 0.661540 0.684202 0.699663 0.691781 0.685707 0.681366 0.678705 0.677691 0.678311 0.680574 0.684506 0.690156 0.697595 0.706918 0.718246 0.731736 14259.000000 1.426523 0.792098
0.566838 0.561679 0.557944 0.555588 0.554583 0.554915 0.556590 0.559627 0.564064 0.569956 0.577377 0.586426 0.597225 0.609926 0.624717 0.641827 0.661540 0.684202 0.699663 0.691781 0.685707 0.681366 0.678705 0.677691 0.678311 0.680574 0.684506 0.690156 0.697595 0.706918 0.718246 0.731736 0.747577 0.766006 0.787310 0.811846 0.840049 0.872459 0.909750 0.883634 0.844966 0.811413 0.782235 0.756843 0.734762 0.715608 0.699068 0.684889 0.672862 0.662819 0.654626 0.648175 0.643385 0.640196 0.638569 0.638485 0.639943 0.642959 0.647572 0.634858 0.613431 0.594789 0.578599 0.564592 0.552546 0.542283 0.533657 0.526549 0.520866 0.516536 0.513504 0.511733 0.511202 0.511903 0.513846 0.517055 0.521568 0.527442 0.534753 0.543598 0.554097 0.566401 0.580695 0.597205 0.616210 0.638051 0.663153 0.692048 0.725402 0.764068 0.809147 0.862085 0.924820 1.000000 0.949805 0.903821 0.864070 0.829582 0.799594 0.773497 0.750801 0.731110 0.714102 0.699514 0.687133 0.676784 0.668328 0.661656 0.656682 0.653344 0.651601 0.651434 0.652838 0.655832 0.660453 0.666756 0.674822 0.684756 0.696690 0.696834 0.672533 0.651386 0.633008 0.617083 0.603358 0.591625 0.581714 0.573488 14259.000000 1.426523 0.792098
0.864070 0.829582 0.799594 0.773497 0.750801 0.731110 0.714102 0.699514 0.687133 0.676784 0.668328 0.661656 0.656682 0.653344 0.651601 0.651434 0.652838 0.655832 0.660453 0.666756 0.674822 0.684756 0.696690 0.696834 0.672533 0.651386 0.633008 0.617083 0.603358 0.591625 0.581714 0.573488 0.566838 0.561679 0.557944 0.555588 0.554583 0.554915 0.556590 0.559627 0.564064 0.569956 0.577377 0.586426 0.597225 0.609926 0.624717 0.641827 0.661540 0.684202 0.699663 0.691781 0.685707 0.681366 0.678705 0.677691 0.678311 0.680574 0.684506 0.690156 0.697595 0.706918 0.718246 0.731736 0.747577 0.766006 0.787310 0.811846 0.840049 0.872459 0.909750 0.883634 0.844966 0.811413 0.782235 0.756843 0.734762 0.715608 0.699068 0.684889 0.672862 0.662819 0.654626 0.648175 0.643385 0.640196 0.638569 0.638485 0.639943 0.642959 0.647572 0.634858 0.613431 0.594789 0.578599 0.564592 0.552546 0.542283 0.533657 0.526549 0.520866 0.516536 0.513504 0.511733 0.511202 0.511903 0.513846 0.517055 0.521568 0.527442 0.534753 0.543598 0.554097 0.566401 0.580695 0.597205 0.616210 0.638051 0.663153 0.692048 0.725402 0.764068 0.809147 0.862085 0.924820 1.000000 0.949805 0.903821 14259.000000 1.426523 0.792098
0.657342 0.672537 0.661239 0.644657 0.630369 0.618157 0.607846 0.599293 0.592385 0.587032 0.583168 0.580744 0.579731 0.580117 0.581905 0.585119 0.589798 0.595999 0.603802 0.613309 0.624650 0.637983 0.653507 0.671463 0.692148 0.674310 0.650063 0.628961 0.610611 0.594693 0.580948 0.569165 0.559170 0.550824 0.544015 0.540447 0.546229 0.553484 0.562307 0.572818 0.585167 0.599535 0.616149 0.635284 0.657280 0.682556 0.711638 0.745183 0.784029 0.829256 0.882276 0.944970 1.000000 0.878514 0.785035 0.711085 0.651301 0.602128 0.561116 0.526522 0.497074 0.471822 0.450043 0.431179 0.414792 0.408757 0.408899 0.410029 0.412161 0.415321 0.419548 0.424896 0.431436 0.439254 0.448462 0.459194 0.471615 0.485931 0.502392 0.521306 0.543060 0.568137 0.597150 0.630888 0.670377 0.716983 0.772554 0.797734 0.771237 0.748188 0.728180 0.710882 0.696025 0.683389 0.672796 0.664101 0.657191 0.651978 0.648397 0.646404 0.645974 0.647103 0.649804 0.654110 0.660074 0.667771 0.677302 0.688791 0.702398 0.695000 0.676733 0.660952 0.647415 0.635923 0.626314 0.618459 0.612255 0.607623 0.604507 0.602867 0.602684 0.603956 0.606698 0.610943 0.616745 0.624176 0.633332 0.644337 4845.500000 1.173916 0.687047
0.657191 0.651978 0.648397 0.646404 0.645974 0.647103 0.649804 0.654110 0.660074 0.667771 0.677302 0.688791 0.702398 0.695000 0.676733 0.660952 0.647415 0.635923 0.626314 0.618459 0.612255 0.607623 0.604507 0.602867 0.602684 0.603956 0.606698 0.610943 0.616745 0.624176 0.633332 0.644337 0.657342 0.672537 0.661239 0.644657 0.630369 0.618157 0.607846 0.599293 0.592385 0.587032 0.583168 0.580744 0.579731 0.580117 0.581905 0.585119 0.589798 0.595999 0.603802 0.613309 0.624650 0.637983 0.653507 0.671463 0.692148 0.674310 0.650063 0.628961 0.610611 0.594693 0.580948 0.569165 0.559170 0.550824 0.544015 0.540447 0.546229 0.553484 0.562307 0.572818 0.585167 0.599535 0.616149 0.635284 0.657280 0.682556 0.711638 0.745183 0.784029 0.829256 0.882276 0.944970 1.000000 0.878514 0.785035 0.711085 0.651301 0.602128 0.561116 0.526522 0.497074 0.471822 0.450043 0.431179 0.414792 0.408757 0.408899 0.410029 0.412161 0.415321 0.419548 0.424896 0.431436 0.439254 0.448462 0.459194 0.471615 0.485931 0.502392 0.521306 0.543060 0.568137 0.597150 0.630888 0.670377 0.716983 0.772554 0.797734 0.771237 0.748188 0.728180 0.710882 0.696025 0.683389 0.672796 0.664101 4845.500000 1.173916 0.687047
0.414792 0.408757 0.408899 0.410029 0.412161 0.415321 0.419548 0.424896 0.431436 0.439254 0.448462 0.459194 0.471615 0.485931 0.502392 0.521306 0.543060 0.568137 0.597150 0.630888 0.670377 0.716983 0.772554 0.797734 0.771237 0.748188 0.728180 0.710882 0.696025 0.683389 0.672796 0.664101 0.657191 0.651978 0.648397 0.646404 0.645974 0.647103 0.649804 0.654110 0.660074 0.667771 0.677302 0.688791 0.702398 0.695000 0.676733 0.660952 0.647415 0.635923 0.626314 0.618459 0.612255 0.607623 0.604507 0.602867 0.602684 0.603956 0.606698 0.610943 0.616745 0.624176 0.633332 0.644337 0.657342 0.672537 0.661239 0.644657 0.630369 0.618157 0.607846 0.599293 0.592385 0.587032 0.583168 0.580744 0.579731 0.580117 0.581905 0.585119 0.589798 0.595999 0.603802 0.613309 0.624650 0.637983 0.653507 0.671463 0.692148 0.674310 0.650063 0.628961 0.610611 0.594693 0.580948 0.569165 0.559170 0.550824 0.544015 0.540447 0.546229 0.553484 0.562307 0.572818 0.585167 0.599535 0.616149 0.635284 0.657280 0.682556 0.711638 0.745183 0.784029 0.829256 0.882276 0.944970 1.000000 0.878514 0.785035 0.711085 0.651301 0.602128 0.561116 0.526522 0.497074 0.471822 0.450043 0.431179 4845.500000 1.173916 0.687047
0.559170 0.550824 0.544015 0.540447 0.546229 0.553484 0.562307 0.572818 0.585167 0.599535 0.616149 0.635284 0.657280 0.682556 0.711638 0.745183 0.784029 0.829256 0.882276 0.944970 1.000000 0.878514 0.785035 0.711085 0.651301 0.602128 0.561116 0.526522 0.497074 0.471822 0.450043 0.431179 0.414792 0.408757 0.408899 0.410029 0.412161 0.415321 0.419548 0.424896 0.431436 0.439254 0.448462 0.459194 0.471615 0.485931 0.502392 0.521306 0.543060 0.568137 0.597150 0.630888 0.670377 0.716983 0.772554 0.797734 0.771237 0.748188 0.728180 0.710882 0.696025 0.683389 0.672796 0.664101 0.657191 0.651978 0.648397 0.646404 0.645974 0.647103 0.649804 0.654110 0.660074 0.667771 0.677302 0.688791 0.702398 0.695000 0.676733 0.660952 0.647415 0.635923 0.626314 0.618459 0.612255 0.607623 0.604507 0.602867 0.602684 0.603956 0.606698 0.610943 0.616745 0.624176 0.633332 0.644337 0.657342 0.672537 0.661239 0.644657 0.630369 0.618157 0.607846 0.599293 0.592385 0.587032 0.583168 0.580744 0.579731 0.580117 0.581905 0.585119 0.589798 0.595999 0.603802 0.613309 0.624650 0.637983 0.653507 0.671463 0.692148 0.674310 0.650063 0.628961 0.610611 0.594693 0.580948 0.569165 4845.500000 1.173916 0.687047
0.771328 0.732622 0.699219 0.670274 0.645122 0.623236 0.604195 0.587656 0.573344 0.561031 0.550534 0.541704 0.534420 0.528585 0.524126 0.520986 0.519126 0.518525 0.519174 0.521082 0.524271 0.528781 0.534669 0.542010 0.550901 0.561464 0.573849 0.588242 0.604870 0.624013 0.646014 0.671300 0.700401 0.733989 0.772916 0.818285 0.871542 0.934624 0.961085 0.878587 0.810931 0.754638 0.707246 0.666967 0.632470 0.602747 0.577020 0.554681 0.535248 0.518338 0.503639 0.490901 0.479919 0.470527 0.462588 0.455992 0.450653 0.446500 0.443482 0.441561 0.440714 0.440930 0.442212 0.444576 0.448051 0.452679 0.458520 0.465651 0.474166 0.484188 0.495862 0.509371 0.524937 0.542832 0.563396 0.587050 0.614321 0.645882 0.682594 0.725585 0.776351 0.836923 0.910125 1.000000 0.991503 0.912722 0.847430 0.792637 0.746189 0.706490 0.672340 0.642817 0.617201 0.594927 0.575543 0.558686 0.544062 0.531431 0.520599 0.511407 0.503727 0.497455 0.492509 0.488826 0.486361 0.485083 0.484978 0.486043 0.488291 0.491751 0.496465 0.502492 0.509911 0.518821 0.529346 0.541638 0.555886 0.572320 0.591223 0.612944 0.637917 0.666686 0.699939 0.738555 0.783680 0.836824 0.869355 0.816428 6903.500000 1.213091 0.596170
0.544062 0.531431 0.520599 0.511407 0.503727 0.497455 0.492509 0.488826 0.486361 0.485083 0.484978 0.486043 0.488291 0.491751 0.496465 0.502492 0.509911 0.518821 0.529346 0.541638 0.555886 0.572320 0.591223 0.612944 0.637917 0.666686 0.699939 0.738555 0.783680 0.836824 0.869355 0.816428 0.771328 0.732622 0.699219 0.670274 0.645122 0.623236 0.604195 0.587656 0.573344 0.561031 0.550534 0.541704 0.534420 0.528585 0.524126 0.520986 0.519126 0.518525 0.519174 0.521082 0.524271 0.528781 0.534669 0.542010 0.550901 0.561464 0.573849 0.588242 0.604870 0.624013 0.646014 0.671300 0.700401 0.733989 0.772916 0.818285 0.871542 0.934624 0.961085 0.878587 0.810931 0.754638 0.707246 0.666967 0.632470 0.602747 0.577020 0.554681 0.535248 0.518338 0.503639 0.490901 0.479919 0.470527 0.462588 0.455992 0.450653 0.446500 0.443482 0.441561 0.440714 0.440930 0.442212 0.444576 0.448051 0.452679 0.458520 0.465651 0.474166 0.484188 0.495862 0.509371 0.524937 0.542832 0.563396 0.587050 0.614321 0.645882 0.682594 0.725585 0.776351 0.836923 0.910125 1.000000 0.991503 0.912722 0.847430 0.792637 0.746189 0.706490 0.672340 0.642817 0.617201 0.594927 0.575543 0.558686 6903.500000 1.213091 0.596170
0.448051 0.452679 0.458520 0.465651 0.474166 0.484188 0.495862 0.509371 0.524937 0.542832 0.563396 0.587050 0.614321 0.645882 0.682594 0.725585 0.776351 0.836923 0.910125 1.000000 0.991503 0.912722 0.847430 0.792637 0.746189 0.706490 0.672340 0.642817 0.617201 0.594927 0.575543 0.558686 0.544062 0.531431 0.520599 0.511407 0.503727 0.497455 0.492509 0.488826 0.486361 0.485083 0.484978 0.486043 0.488291 0.491751 0.496465 0.502492 0.509911 0.518821 0.529346 0.541638 0.555886 0.572320 0.591223 0.612944 0.637917 0.666686 0.699939 0.738555 0.783680 0.836824 0.869355 0.816428 0.771328 0.732622 0.699219 0.670274 0.645122 0.623236 0.604195 0.587656 0.573344 0.561031 0.550534 0.541704 0.534420 0.528585 0.524126 0.520986 0.519126 0.518525 0.519174 0.521082 0.524271 0.528781 0.534669 0.542010 0.550901 0.561464 0.573849 0.588242 0.604870 0.624013 0.646014 0.671300 0.700401 0.733989 0.772916 0.818285 0.871542 0.934624 0.961085 0.878587 0.810931 0.754638 0.707246 0.666967 0.632470 0.602747 0.577020 0.554681 0.535248 0.518338 0.503639 0.490901 0.479919 0.470527 0.462588 0.455992 0.450653 0.446500 0.443482 0.441561 0.440714 0.440930 0.442212 0.444576 6903.500000 1.213091 0.596170
0.700401 0.733989 0.772916 0.818285 0.871542 0.934624 0.961085 0.878587 0.810931 0.754638 0.707246 0.666967 0.632470 0.602747 0.577020 0.554681 0.535248 0.518338 0.503639 0.490901 0.479919 0.470527 0.462588 0.455992 0.450653 0.446500 0.443482 0.441561 0.440714 0.440930 0.442212 0.444576 0.448051 0.452679 0.458520 0.465651 0.474166 0.484188 0.495862 0.509371 0.524937 0.542832 0.563396 0.587050 0.614321 0.645882 0.682594 0.725585 0.776351 0.836923 0.910125 1.000000 0.991503 0.912722 0.847430 0.792637 0.746189 0.706490 0.672340 0.642817 0.617201 0.594927 0.575543 0.558686 0.544062 0.531431 0.520599 0.511407 0.503727 0.497455 0.492509 0.488826 0.486361 0.485083 0.484978 0.486043 0.488291 0.491751 0.496465 0.502492 0.509911 0.518821 0.529346 0.541638 0.555886 0.572320 0.591223 0.612944 0.637917 0.666686 0.699939 0.738555 0.783680 0.836824 0.869355 0.816428 0.771328 0.732622 0.699219 0.670274 0.645122 0.623236 0.604195 0.587656 0.573344 0.561031 0.550534 0.541704 0.534420 0.528585 0.524126 0.520986 0.519126 0.518525 0.519174 0.521082 0.524271 0.528781 0.534669 0.542010 0.550901 0.561464 0.573849 0.588242 0.604870 0.624013 0.646014 0.671300 6903.500000 1.213091 0.596170
0.865800 0.898369 0.935826 0.979003 1.000000 0.947158 0.901684 0.862358 0.828232 0.798554 0.772726 0.750268 0.730789 0.713973 0.699560 0.687341 0.677145 0.668834 0.653062 0.639447 0.627869 0.618165 0.610205 0.603884 0.599120 0.595856 0.594050 0.593681 0.594744 0.597252 0.601237 0.606746 0.613850 0.607717 0.600440 0.594751 0.590579 0.587871 0.586594 0.586733 0.588290 0.591284 0.595751 0.601746 0.609346 0.618650 0.629783 0.642902 0.658198 0.675907 0.696320 0.719793 0.746764 0.777783 0.813534 0.854890 0.902967 0.959223 0.997440 0.963170 0.933350 0.907442 0.885008 0.865692 0.849203 0.835304 0.823807 0.814557 0.807436 0.802355 0.790451 0.762016 0.737270 0.715752 0.697085 0.680966 0.667147 0.655425 0.645636 0.637649 0.631359 0.626688 0.623576 0.621986 0.621899 0.623312 0.626245 0.630732 0.636829 0.644613 0.654185 0.665673 0.679238 0.695076 0.713431 0.715743 0.700248 0.687029 0.675899 0.666703 0.659322 0.653660 0.649646 0.647230 0.646384 0.647097 0.649378 0.653254 0.658773 0.666005 0.675041 0.686001 0.699035 0.709303 0.706114 0.704643 0.704874 0.706808 0.710468 0.715901 0.723173 0.732376 0.743632 0.757091 0.772942 0.791420 0.812808 0.837458 2849.000000 1.388106 0.823042
0.700248 0.687029 0.675899 0.666703 0.659322 0.653660 0.649646 0.647230 0.646384 0.647097 0.649378 0.653254 0.658773 0.666005 0.675041 0.686001 0.699035 0.709303 0.706114 0.704643 0.704874 0.706808 0.710468 0.715901 0.723173 0.732376 0.743632 0.757091 0.772942 0.791420 0.812808 0.837458 0.865800 0.898369 0.935826 0.979003 1.000000 0.947158 0.901684 0.862358 0.828232 0.798554 0.772726 0.750268 0.730789 0.713973 0.699560 0.687341 0.677145 0.668834 0.653062 0.639447 0.627869 0.618165 0.610205 0.603884 0.599120 0.595856 0.594050 0.593681 0.594744 0.597252 0.601237 0.606746 0.613850 0.607717 0.600440 0.594751 0.590579 0.587871 0.586594 0.586733 0.588290 0.591284 0.595751 0.601746 0.609346 0.618650 0.629783 0.642902 0.658198 0.675907 0.696320 0.719793 0.746764 0.777783 0.813534 0.854890 0.902967 0.959223 0.997440 0.963170 0.933350 0.907442 0.885008 0.865692 0.849203 0.835304 0.823807 0.814557 0.807436 0.802355 0.790451 0.762016 0.737270 0.715752 0.697085 0.680966 0.667147 0.655425 0.645636 0.637649 0.631359 0.626688 0.623576 0.621986 0.621899 0.623312 0.626245 0.630732 0.636829 0.644613 0.654185 0.665673 0.679238 0.695076 0.713431 0.715743 2849.000000 1.388106 0.823042
0.849203 0.835304 0.823807 0.814557 0.807436 0.802355 0.790451 0.762016 0.737270 0.715752 0.697085 0.680966 0.667147 0.655425 0.645636 0.637649 0.631359 0.626688 0.623576 0.621986 0.621899 0.623312 0.626245 0.630732 0.636829 0.644613 0.654185 0.665673 0.679238 0.695076 0.713431 0.715743 0.700248 0.687029 0.675899 0.666703 0.659322 0.653660 0.649646 0.647230 0.646384 0.647097 0.649378 0.653254 0.658773 0.666005 0.675041 0.686001 0.699035 0.709303 0.706114 0.704643 0.704874 0.706808 0.710468 0.715901 0.723173 0.732376 0.743632 0.757091 0.772942 0.791420 0.812808 0.837458 0.865800 0.898369 0.935826 0.979003 1.000000 0.947158 0.901684 0.862358 0.828232 0.798554 0.772726 0.750268 0.730789 0.713973 0.699560 0.687341 0.677145 0.668834 0.653062 0.639447 0.627869 0.618165 0.610205 0.603884 0.599120 0.595856 0.594050 0.593681 0.594744 0.597252 0.601237 0.606746 0.613850 0.607717 0.600440 0.594751 0.590579 0.587871 0.586594 0.586733 0.588290 0.591284 0.595751 0.601746 0.609346 0.618650 0.629783 0.642902 0.658198 0.675907 0.696320 0.719793 0.746764 0.777783 0.813534 0.854890 0.902967 0.959223 0.997440 0.963170 0.933350 0.907442 0.885008 0.865692 2849.000000 1.388106 0.823042
0.613850 0.607717 0.600440 0.594751 0.590579 0.587871 0.586594 0.586733 0.588290 0.591284 0.595751 0.601746 0.609346 0.618650 0.629783 0.642902 0.658198 0.675907 0.696320 0.719793 0.746764 0.777783 0.813534 0.854890 0.902967 0.959223 0.997440 0.963170 0.933350 0.907442 0.885008 0.865692 0.849203 0.835304 0.823807 0.814557 0.807436 0.802355 0.790451 0.762016 0.737270 0.715752 0.697085 0.680966 0.667147 0.655425 0.645636 0.637649 0.631359 0.626688 0.623576 0.621986 0.621899 0.623312 0.626245 0.630732 0.636829 0.644613 0.654185 0.665673 0.679238 0.695076 0.713431 0.715743 0.700248 0.687029 0.675899 0.666703 0.659322 0.653660 0.649646 0.647230 0.646384 0.647097 0.649378 0.653254 0.658773 0.666005 0.675041 0.686001 0.699035 0.709303 0.706114 0.704643 0.704874 0.706808 0.710468 0.715901 0.723173 0.732376 0.743632 0.757091 0.772942 0.791420 0.812808 0.837458 0.865800 0.898369 0.935826 0.979003 1.000000 0.947158 0.901684 0.862358 0.828232 0.798554 0.772726 0.750268 0.730789 0.713973 0.699560 0.687341 0.677145 0.668834 0.653062 0.639447 0.627869 0.618165 0.610205 0.603884 0.599120 0.595856 0.594050 0.593681 0.594744 0.597252 0.601237 0.606746 2849.000000 1.388106 0.823042
0.760709 0.776186 0.785466 0.768396 0.753831 0.741560 0.731416 0.723265 0.717002 0.712548 0.709849 0.708872 0.709604 0.712055 0.716254 0.722254 0.727513 0.701825 0.679470 0.660036 0.643190 0.628659 0.616222 0.605698 0.596941 0.589835 0.584287 0.580227 0.577606 0.576390 0.576565 0.578133 0.582352 0.588990 0.597236 0.607200 0.619018 0.632861 0.648936 0.667499 0.688864 0.713417 0.741637 0.774124 0.811633 0.855126 0.905850 0.965445 1.000000 0.951881 0.910272 0.874166 0.842768 0.815444 0.791683 0.771073 0.753278 0.738023 0.725085 0.714285 0.705476 0.698545 0.693402 0.689985 0.670049 0.651406 0.635260 0.621356 0.609485 0.599476 0.591192 0.584522 0.579381 0.575705 0.573448 0.572583 0.573099 0.575002 0.578316 0.583081 0.589357 0.597181 0.604055 0.612581 0.622874 0.635074 0.649357 0.665940 0.685084 0.707116 0.732436 0.761538 0.795044 0.833735 0.878608 0.866074 0.836700 0.811143 0.788945 0.769735 0.753210 0.739122 0.727272 0.717497 0.709668 0.703685 0.699473 0.696981 0.696177 0.697052 0.699617 0.703903 0.709963 0.717873 0.727734 0.738082 0.728930 0.721720 0.716360 0.712783 0.710946 0.710827 0.712424 0.715756 0.720864 0.727811 0.736686 0.747603 18269.000000 1.101862 0.818282
0.836700 0.811143 0.788945 0.769735 0.753210 0.739122 0.727272 0.717497 0.709668 0.703685 0.699473 0.696981 0.696177 0.697052 0.699617 0.703903 0.709963 0.717873 0.727734 0.738082 0.728930 0.721720 0.716360 0.712783 0.710946 0.710827 0.712424 0.715756 0.720864 0.727811 0.736686 0.747603 0.760709 0.776186 0.785466 0.768396 0.753831 0.741560 0.731416 0.723265 0.717002 0.712548 0.709849 0.708872 0.709604 0.712055 0.716254 0.722254 0.727513 0.701825 0.679470 0.660036 0.643190 0.628659 0.616222 0.605698 0.596941 0.589835 0.584287 0.580227 0.577606 0.576390 0.576565 0.578133 0.582352 0.588990 0.597236 0.607200 0.619018 0.632861 0.648936 0.667499 0.688864 0.713417 0.741637 0.774124 0.811633 0.855126 0.905850 0.965445 1.000000 0.951881 0.910272 0.874166 0.842768 0.815444 0.791683 0.771073 0.753278 0.738023 0.725085 0.714285 0.705476 0.698545 0.693402 0.689985 0.670049 0.651406 0.635260 0.621356 0.609485 0.599476 0.591192 0.584522 0.579381 0.575705 0.573448 0.572583 0.573099 0.575002 0.578316 0.583081 0.589357 0.597181 0.604055 0.612581 0.622874 0.635074 0.649357 0.665940 0.685084 0.707116 0.732436 0.761538 0.795044 0.833735 0.878608 0.866074 18269.000000 1.101862 0.818282
0.670049 0.651406 0.635260 0.621356 0.609485 0.599476 0.591192 0.584522 0.579381 0.575705 0.573448 0.572583 0.573099 0.575002 0.578316 0.583081 0.589357 0.597181 0.604055 0.612581 0.622874 0.635074 0.649357 0.665940 0.685084 0.707116 0.732436 0.761538 0.795044 0.833735 0.878608 0.866074 0.836700 0.811143 0.788945 0.769735 0.753210 0.739122 0.727272 0.717497 0.709668 0.703685 0.699473 0.696981 0.696177 0.697052 0.699617 0.703903 0.709963 0.717873 0.727734 0.738082 0.728930 0.721720 0.716360 0.712783 0.710946 0.710827 0.712424 0.715756 0.720864 0.727811 0.736686 0.747603 0.760709 0.776186 0.785466 0.768396 0.753831 0.741560 0.731416 0.723265 0.717002 0.712548 0.709849 0.708872 0.709604 0.712055 0.716254 0.722254 0.727513 0.701825 0.679470 0.660036 0.643190 0.628659 0.616222 0.605698 0.596941 0.589835 0.584287 0.580227 0.577606 0.576390 0.576565 0.578133 0.582352 0.588990 0.597236 0.607200 0.619018 0.632861 0.648936 0.667499 0.688864 0.713417 0.741637 0.774124 0.811633 0.855126 0.905850 0.965445 1.000000 0.951881 0.910272 0.874166 0.842768 0.815444 0.791683 0.771073 0.753278 0.738023 0.725085 0.714285 0.705476 0.698545 0.693402 0.689985 18269.000000 1.101862 0.818282
0.582352 0.588990 0.597236 0.607200 0.619018 0.632861 0.648936 0.667499 0.688864 0.713417 0.741637 0.774124 0.811633 0.855126 0.905850 0.965445 1.000000 0.951881 0.910272 0.874166 0.842768 0.815444 0.791683 0.771073 0.753278 0.738023 0.725085 0.714285 0.705476 0.698545 0.693402 0.689985 0.670049 0.651406 0.635260 0.621356 0.609485 0.599476 0.591192 0.584522 0.579381 0.575705 0.573448 0.572583 0.573099 0.575002 0.578316 0.583081 0.589357 0.597181 0.604055 0.612581 0.622874 0.635074 0.649357 0.665940 0.685084 0.707116 0.732436 0.761538 0.795044 0.833735 0.878608 0.866074 0.836700 0.811143 0.788945 0.769735 0.753210 0.739122 0.727272 0.717497 0.709668 0.703685 0.699473 0.696981 0.696177 0.697052 0.699617 0.703903 0.709963 0.717873 0.727734 0.738082 0.728930 0.721720 0.716360 0.712783 0.710946 0.710827 0.712424 0.715756 0.720864 0.727811 0.736686 0.747603 0.760709 0.776186 0.785466 0.768396 0.753831 0.741560 0.731416 0.723265 0.717002 0.712548 0.709849 0.708872 0.709604 0.712055 0.716254 0.722254 0.727513 0.701825 0.679470 0.660036 0.643190 0.628659 0.616222 0.605698 0.596941 0.589835 0.584287 0.580227 0.577606 0.576390 0.576565 0.578133 18269.000000 1.101862 0.818282
0.822712 0.855214 0.892630 0.926493 0.905838 0.888176 0.873254 0.860864 0.850842 0.843058 0.837415 0.833842 0.832296 0.832758 0.835234 0.839753 0.846372 0.855173 0.866268 0.879801 0.895957 0.914963 0.937099 0.962709 0.992216 0.986875 0.939830 0.899134 0.863811 0.833089 0.806353 0.783108 0.762952 0.745559 0.730662 0.718044 0.707531 0.698980 0.692282 0.687351 0.679138 0.666397 0.655675 0.646827 0.639734 0.634307 0.630478 0.628199 0.627442 0.628199 0.630478 0.634307 0.639734 0.646827 0.655675 0.666397 0.679138 0.694081 0.711449 0.731516 0.754618 0.781170 0.811686 0.846806 0.887337 0.901080 0.885625 0.872758 0.862307 0.854138 0.848145 0.844256 0.842422 0.842622 0.844858 0.849157 0.855571 0.864181 0.875095 0.888457 0.904446 0.923285 0.945252 0.970685 1.000000 0.962010 0.923795 0.890564 0.861644 0.836495 0.814679 0.795841 0.779691 0.765991 0.754551 0.745217 0.737866 0.732406 0.728770 0.726911 0.726809 0.728462 0.731889 0.737133 0.744258 0.744167 0.726240 0.710828 0.697702 0.686677 0.677602 0.670358 0.664851 0.661014 0.658799 0.658179 0.659146 0.661713 0.665910 0.671790 0.679426 0.688916 0.700386 0.713994 0.729935 0.748447 0.769826 0.794433 760.000000 1.286752 0.850875
0.737866 0.732406 0.728770 0.726911 0.726809 0.728462 0.731889 0.737133 0.744258 0.744167 0.726240 0.710828 0.697702 0.686677 0.677602 0.670358 0.664851 0.661014 0.658799 0.658179 0.659146 0.661713 0.665910 0.671790 0.679426 0.688916 0.700386 0.713994 0.729935 0.748447 0.769826 0.794433 0.822712 0.855214 0.892630 0.926493 0.905838 0.888176 0.873254 0.860864 0.850842 0.843058 0.837415 0.833842 0.832296 0.832758 0.835234 0.839753 0.846372 0.855173 0.866268 0.879801 0.895957 0.914963 0.937099 0.962709 0.992216 0.986875 0.939830 0.899134 0.863811 0.833089 0.806353 0.783108 0.762952 0.745559 0.730662 0.718044 0.707531 0.698980 0.692282 0.687351 0.679138 0.666397 0.655675 0.646827 0.639734 0.634307 0.630478 0.628199 0.627442 0.628199 0.630478 0.634307 0.639734 0.646827 0.655675 0.666397 0.679138 0.694081 0.711449 0.731516 0.754618 0.781170 0.811686 0.846806 0.887337 0.901080 0.885625 0.872758 0.862307 0.854138 0.848145 0.844256 0.842422 0.842622 0.844858 0.849157 0.855571 0.864181 0.875095 0.888457 0.904446 0.923285 0.945252 0.970685 1.000000 0.962010 0.923795 0.890564 0.861644 0.836495 0.814679 0.795841 0.779691 0.765991 0.754551 0.745217 760.000000 1.286752 0.850875
0.887337 0.901080 0.885625 0.872758 0.862307 0.854138 0.848145 0.844256 0.842422 0.842622 0.844858 0.849157 0.855571 0.864181 0.875095 0.888457 0.904446 0.923285 0.945252 0.970685 1.000000 0.962010 0.923795 0.890564 0.861644 0.836495 0.814679 0.795841 0.779691 0.765991 0.754551 0.745217 0.737866 0.732406 0.728770 0.726911 0.726809 0.728462 0.731889 0.737133 0.744258 0.744167 0.726240 0.710828 0.697702 0.686677 0.677602 0.670358 0.664851 0.661014 0.658799 0.658179 0.659146 0.661713 0.665910 0.671790 0.679426 0.688916 0.700386 0.713994 0.729935 0.748447 0.769826 0.794433 0.822712 0.855214 0.892630 0.926493 0.905838 0.888176 0.873254 0.860864 0.850842 0.843058 0.837415 0.833842 0.832296 0.832758 0.835234 0.839753 0.846372 0.855173 0.866268 0.879801 0.895957 0.914963 0.937099 0.962709 0.992216 0.986875 0.939830 0.899134 0.863811 0.833089 0.806353 0.783108 0.762952 0.745559 0.730662 0.718044 0.707531 0.698980 0.692282 0.687351 0.679138 0.666397 0.655675 0.646827 0.639734 0.634307 0.630478 0.628199 0.627442 0.628199 0.630478 0.634307 0.639734 0.646827 0.655675 0.666397 0.679138 0.694081 0.711449 0.731516 0.754618 0.781170 0.811686 0.846806 760.000000 1.286752 0.850875
0.762952 0.745559 0.730662 0.718044 0.707531 0.698980 0.692282 0.687351 0.679138 0.666397 0.655675 0.646827 0.639734 0.634307 0.630478 0.628199 0.627442 0.628199 0.630478 0.634307 0.639734 0.646827 0.655675 0.666397 0.679138 0.694081 0.711449 0.731516 0.754618 0.781170 0.811686 0.846806 0.887337 0.901080 0.885625 0.872758 0.862307 0.854138 0.848145 0.844256 0.842422 0.842622 0.844858 0.849157 0.855571 0.864181 0.875095 0.888457 0.904446 0.923285 0.945252 0.970685 1.000000 0.962010 0.923795 0.890564 0.861644 0.836495 0.814679 0.795841 0.779691 0.765991 0.754551 0.745217 0.737866 0.732406 0.728770 0.726911 0.726809 0.728462 0.731889 0.737133 0.744258 0.744167 0.726240 0.710828 0.697702 0.686677 0.677602 0.670358 0.664851 0.661014 0.658799 0.658179 0.659146 0.661713 0.665910 0.671790 0.679426 0.688916 0.700386 0.713994 0.729935 0.748447 0.769826 0.794433 0.822712 0.855214 0.892630 0.926493 0.905838 0.888176 0.873254 0.860864 0.850842 0.843058 0.837415 0.833842 0.832296 0.832758 0.835234 0.839753 0.846372 0.855173 0.866268 0.879801 0.895957 0.914963 0.937099 0.962709 0.992216 0.986875 0.939830 0.899134 0.863811 0.833089 0.806353 0.783108 760.000000 1.286752 0.850875
0.873901 0.821167 0.776198 0.737583 0.704245 0.675346 0.650231 0.628376 0.609362 0.592852 0.578570 0.566292 0.555835 0.547052 0.539822 0.534051 0.529664 0.526607 0.524842 0.524348 0.525119 0.527164 0.530508 0.535192 0.541275 0.548836 0.557974 0.568815 0.581514 0.596262 0.613294 0.632897 0.648058 0.647567 0.648638 0.651285 0.655538 0.661452 0.669100 0.678581 0.690020 0.703576 0.719443 0.737861 0.759124 0.783592 0.811710 0.844030 0.881243 0.924217 0.974064 1.000000 0.948524 0.904160 0.865753 0.832399 0.803384 0.778135 0.756190 0.737177 0.720790 0.706782 0.694950 0.685131 0.677194 0.671037 0.666583 0.663776 0.662581 0.662986 0.664994 0.668630 0.652809 0.632408 0.614679 0.599322 0.586091 0.574787 0.565246 0.557338 0.550956 0.546020 0.542467 0.540253 0.539350 0.539749 0.541454 0.544486 0.548881 0.554696 0.562003 0.570899 0.581504 0.593969 0.608478 0.625258 0.644586 0.666805 0.692338 0.721712 0.755590 0.794814 0.840470 0.851978 0.829009 0.809145 0.792073 0.777541 0.765344 0.755315 0.747322 0.741264 0.737064 0.734672 0.734058 0.735215 0.738156 0.742918 0.749559 0.758164 0.768841 0.781734 0.797020 0.814917 0.835696 0.859688 0.887299 0.919030 5682.000000 1.462572 0.785967
0.644586 0.666805 0.692338 0.721712 0.755590 0.794814 0.840470 0.851978 0.829009 0.809145 0.792073 0.777541 0.765344 0.755315 0.747322 0.741264 0.737064 0.734672 0.734058 0.735215 0.738156 0.742918 0.749559 0.758164 0.768841 0.781734 0.797020 0.814917 0.835696 0.859688 0.887299 0.919030 0.873901 0.821167 0.776198 0.737583 0.704245 0.675346 0.650231 0.628376 0.609362 0.592852 0.578570 0.566292 0.555835 0.547052 0.539822 0.534051 0.529664 0.526607 0.524842 0.524348 0.525119 0.527164 0.530508 0.535192 0.541275 0.548836 0.557974 0.568815 0.581514 0.596262 0.613294 0.632897 0.648058 0.647567 0.648638 0.651285 0.655538 0.661452 0.669100 0.678581 0.690020 0.703576 0.719443 0.737861 0.759124 0.783592 0.811710 0.844030 0.881243 0.924217 0.974064 1.000000 0.948524 0.904160 0.865753 0.832399 0.803384 0.778135 0.756190 0.737177 0.720790 0.706782 0.694950 0.685131 0.677194 0.671037 0.666583 0.663776 0.662581 0.662986 0.664994 0.668630 0.652809 0.632408 0.614679 0.599322 0.586091 0.574787 0.565246 0.557338 0.550956 0.546020 0.542467 0.540253 0.539350 0.539749 0.541454 0.544486 0.548881 0.554696 0.562003 0.570899 0.581504 0.593969 0.608478 0.625258 5682.000000 1.462572 0.785967
0.677194 0.671037 0.666583 0.663776 0.662581 0.662986 0.664994 0.668630 0.652809 0.632408 0.614679 0.599322 0.586091 0.574787 0.565246 0.557338 0.550956 0.546020 0.542467 0.540253 0.539350 0.539749 0.541454 0.544486 0.548881 0.554696 0.562003 0.570899 0.581504 0.593969 0.608478 0.625258 0.644586 0.666805 0.692338 0.721712 0.755590 0.794814 0.840470 0.851978 0.829009 0.809145 0.792073 0.777541 0.765344 0.755315 0.747322 0.741264 0.737064 0.734672 0.734058 0.735215 0.738156 0.742918 0.749559 0.758164 0.768841 0.781734 0.797020 0.814917 0.835696 0.859688 0.887299 0.919030 0.873901 0.821167 0.776198 0.737583 0.704245 0.675346 0.650231 0.628376 0.609362 0.592852 0.578570 0.566292 0.555835 0.547052 0.539822 0.534051 0.529664 0.526607 0.524842 0.524348 0.525119 0.527164 0.530508 0.535192 0.541275 0.548836 0.557974 0.568815 0.581514 0.596262 0.613294 0.632897 0.648058 0.647567 0.648638 0.651285 0.655538 0.661452 0.669100 0.678581 0.690020 0.703576 0.719443 0.737861 0.759124 0.783592 0.811710 0.844030 0.881243 0.924217 0.974064 1.000000 0.948524 0.904160 0.865753 0.832399 0.803384 0.778135 0.756190 0.737177 0.720790 0.706782 0.694950 0.685131 5682.000000 1.462572 0.785967
0.648058 0.647567 0.648638 0.651285 0.655538 0.661452 0.669100 0.678581 0.690020 0.703576 0.719443 0.737861 0.759124 0.783592 0.811710 0.844030 0.881243 0.924217 0.974064 1.000000 0.948524 0.904160 0.865753 0.832399 0.803384 0.778135 0.756190 0.737177 0.720790 0.706782 0.694950 0.685131 0.677194 0.671037 0.666583 0.663776 0.662581 0.662986 0.664994 0.668630 0.652809 0.632408 0.614679 0.599322 0.586091 0.574787 0.565246 0.557338 0.550956 0.546020 0.542467 0.540253 0.539350 0.539749 0.541454 0.544486 0.548881 0.554696 0.562003 0.570899 0.581504 0.593969 0.608478 0.625258 0.644586 0.666805 0.692338 0.721712 0.755590 0.794814 0.840470 0.851978 0.829009 0.809145 0.792073 0.777541 0.765344 0.755315 0.747322 0.741264 0.737064 0.734672 0.734058 0.735215 0.738156 0.742918 0.749559 0.758164 0.768841 0.781734 0.797020 0.814917 0.835696 0.859688 0.887299 0.919030 0.873901 0.821167 0.776198 0.737583 0.704245 0.675346 0.650231 0.628376 0.609362 0.592852 0.578570 0.566292 0.555835 0.547052 0.539822 0.534051 0.529664 0.526607 0.524842 0.524348 0.525119 0.527164 0.530508 0.535192 0.541275 0.548836 0.557974 0.568815 0.581514 0.596262 0.613294 0.632897 5682.000000 1.462572 0.785967
0.821402 0.801761 0.784884 0.770521 0.758468 0.748562 0.740673 0.734700 0.730569 0.728228 0.727650 0.728826 0.731773 0.736525 0.743141 0.751704 0.762325 0.775145 0.790339 0.808127 0.828777 0.818064 0.805874 0.795931 0.788106 0.782300 0.778440 0.776480 0.776395 0.778185 0.781871 0.787498 0.795136 0.804882 0.816862 0.831237 0.848207 0.868019 0.890976 0.917451 0.911189 0.897000 0.885346 0.876074 0.869066 0.864235 0.861522 0.860893 0.862341 0.865883 0.871563 0.879450 0.889645 0.902277 0.917516 0.935571 0.956701 0.957693 0.934135 0.913857 0.896554 0.881980 0.869934 0.860258 0.852826 0.847546 0.844352 0.843206 0.844094 0.847027 0.852040 0.859194 0.868580 0.871220 0.841895 0.816383 0.794229 0.775063 0.758584 0.744548 0.732756 0.723045 0.715290 0.709390 0.705271 0.702884 0.702199 0.703207 0.705921 0.710375 0.716622 0.724742 0.734838 0.747045 0.761530 0.778500 0.798210 0.799945 0.801486 0.804975 0.810456 0.817996 0.827690 0.839664 0.854078 0.871130 0.891067 0.914192 0.940877 0.971577 1.000000 0.981408 0.965780 0.952900 0.942601 0.934750 0.929249 0.926030 0.925053 0.926309 0.929810 0.935601 0.943752 0.954366 0.934904 0.900347 0.870275 0.844115 4676.000000 1.274446 0.907932
0.798210 0.799945 0.801486 0.804975 0.810456 0.817996 0.827690 0.839664 0.854078 0.871130 0.891067 0.914192 0.940877 0.971577 1.000000 0.981408 0.965780 0.952900 0.942601 0.934750 0.929249 0.926030 0.925053 0.926309 0.929810 0.935601 0.943752 0.954366 0.934904 0.900347 0.870275 0.844115 0.821402 0.801761 0.784884 0.770521 0.758468 0.748562 0.740673 0.734700 0.730569 0.728228 0.727650 0.728826 0.731773 0.736525 0.743141 0.751704 0.762325 0.775145 0.790339 0.808127 0.828777 0.818064 0.805874 0.795931 0.788106 0.782300 0.778440 0.776480 0.776395 0.778185 0.781871 0.787498 0.795136 0.804882 0.816862 0.831237 0.848207 0.868019 0.890976 0.917451 0.911189 0.897000 0.885346 0.876074 0.869066 0.864235 0.861522 0.860893 0.862341 0.865883 0.871563 0.879450 0.889645 0.902277 0.917516 0.935571 0.956701 0.957693 0.934135 0.913857 0.896554 0.881980 0.869934 0.860258 0.852826 0.847546 0.844352 0.843206 0.844094 0.847027 0.852040 0.859194 0.868580 0.871220 0.841895 0.816383 0.794229 0.775063 0.758584 0.744548 0.732756 0.723045 0.715290 0.709390 0.705271 0.702884 0.702199 0.703207 0.705921 0.710375 0.716622 0.724742 0.734838 0.747045 0.761530 0.778500 4676.000000 1.274446 0.907932
0.852826 0.847546 0.844352 0.843206 0.844094 0.847027 0.852040 0.859194 0.868580 0.871220 0.841895 0.816383 0.794229 0.775063 0.758584 0.744548 0.732756 0.723045 0.715290 0.709390 0.705271 0.702884 0.702199 0.703207 0.705921 0.710375 0.716622 0.724742 0.734838 0.747045 0.761530 0.778500 0.798210 0.799945 0.801486 0.804975 0.810456 0.817996 0.827690 0.839664 0.854078 0.871130 0.891067 0.914192 0.940877 0.971577 1.000000 0.981408 0.965780 0.952900 0.942601 0.934750 0.929249 0.926030 0.925053 0.926309 0.929810 0.935601 0.943752 0.954366 0.934904 0.900347 0.870275 0.844115 0.821402 0.801761 0.784884 0.770521 0.758468 0.748562 0.740673 0.734700 0.730569 0.728228 0.727650 0.728826 0.731773 0.736525 0.743141 0.751704 0.762325 0.775145 0.790339 0.808127 0.828777 0.818064 0.805874 0.795931 0.788106 0.782300 0.778440 0.776480 0.776395 0.778185 0.781871 0.787498 0.795136 0.804882 0.816862 0.831237 0.848207 0.868019 0.890976 0.917451 0.911189 0.897000 0.885346 0.876074 0.869066 0.864235 0.861522 0.860893 0.862341 0.865883 0.871563 0.879450 0.889645 0.902277 0.917516 0.935571 0.956701 0.957693 0.934135 0.913857 0.896554 0.881980 0.869934 0.860258 4676.000000 1.274446 0.907932
0.795136 0.804882 0.816862 0.831237 0.848207 0.868019 0.890976 0.917451 0.911189 0.897000 0.885346 0.876074 0.869066 0.864235 0.861522 0.860893 0.862341 0.865883 0.871563 0.879450 0.889645 0.902277 0.917516 0.935571 0.956701 0.957693 0.934135 0.913857 0.896554 0.881980 0.869934 0.860258 0.852826 0.847546 0.844352 0.843206 0.844094 0.847027 0.852040 0.859194 0.868580 0.871220 0.841895 0.816383 0.794229 0.775063 0.758584 0.744548 0.732756 0.723045 0.715290 0.709390 0.705271 0.702884 0.702199 0.703207 0.705921 0.710375 0.716622 0.724742 0.734838 0.747045 0.761530 0.778500 0.798210 0.799945 0.801486 0.804975 0.810456 0.817996 0.827690 0.839664 0.854078 0.871130 0.891067 0.914192 0.940877 0.971577 1.000000 0.981408 0.965780 0.952900 0.942601 0.934750 0.929249 0.926030 0.925053 0.926309 0.929810 0.935601 0.943752 0.954366 0.934904 0.900347 0.870275 0.844115 0.821402 0.801761 0.784884 0.770521 0.758468 0.748562 0.740673 0.734700 0.730569 0.728228 0.727650 0.728826 0.731773 0.736525 0.743141 0.751704 0.762325 0.775145 0.790339 0.808127 0.828777 0.818064 0.805874 0.795931 0.788106 0.782300 0.778440 0.776480 0.776395 0.778185 0.781871 0.787498 4676.000000 1.274446 0.907932
0.979921 1.000000 0.962290 0.929478 0.900929 0.876130 0.854663 0.836189 0.820431 0.807165 0.796209 0.787417 0.780650 0.743449 0.711268 0.683336 0.659042 0.637900 0.619518 0.603580 0.589826 0.578047 0.568071 0.559759 0.553000 0.547705 0.543809 0.541263 0.540035 0.540111 0.541492 0.544194 0.544431 0.545087 0.547065 0.550388 0.555097 0.561251 0.568929 0.578232 0.589288 0.602254 0.617324 0.634736 0.654781 0.663953 0.659944 0.657559 0.656766 0.657559 0.659944 0.663953 0.669633 0.677057 0.686319 0.697542 0.710879 0.726520 0.744700 0.765704 0.789886 0.817680 0.849622 0.886383 0.928808 0.974459 0.934045 0.898929 0.868374 0.841789 0.818697 0.798711 0.781516 0.766854 0.754516 0.744333 0.736172 0.729927 0.718887 0.696470 0.676991 0.660118 0.645584 0.633168 0.622693 0.614014 0.607015 0.601608 0.597723 0.595313 0.594348 0.594818 0.596726 0.600097 0.604973 0.611413 0.619500 0.629341 0.637344 0.622934 0.610601 0.600163 0.591478 0.584428 0.578922 0.574892 0.572286 0.571073 0.571238 0.572784 0.574830 0.577276 0.581149 0.586497 0.593388 0.601909 0.612175 0.624327 0.638541 0.655032 0.674065 0.695963 0.721128 0.750055 0.783366 0.821846 0.866496 0.918617 1104.500000 1.393403 0.812873
0.619500 0.629341 0.637344 0.622934 0.610601 0.600163 0.591478 0.584428 0.578922 0.574892 0.572286 0.571073 0.571238 0.572784 0.574830 0.577276 0.581149 0.586497 0.593388 0.601909 0.612175 0.624327 0.638541 0.655032 0.674065 0.695963 0.721128 0.750055 0.783366 0.821846 0.866496 0.918617 0.979921 1.000000 0.962290 0.929478 0.900929 0.876130 0.854663 0.836189 0.820431 0.807165 0.796209 0.787417 0.780650 0.743449 0.711268 0.683336 0.659042 0.637900 0.619518 0.603580 0.589826 0.578047 0.568071 0.559759 0.553000 0.547705 0.543809 0.541263 0.540035 0.540111 0.541492 0.544194 0.544431 0.545087 0.547065 0.550388 0.555097 0.561251 0.568929 0.578232 0.589288 0.602254 0.617324 0.634736 0.654781 0.663953 0.659944 0.657559 0.656766 0.657559 0.659944 0.663953 0.669633 0.677057 0.686319 0.697542 0.710879 0.726520 0.744700 0.765704 0.789886 0.817680 0.849622 0.886383 0.928808 0.974459 0.934045 0.898929 0.868374 0.841789 0.818697 0.798711 0.781516 0.766854 0.754516 0.744333 0.736172 0.729927 0.718887 0.696470 0.676991 0.660118 0.645584 0.633168 0.622693 0.614014 0.607015 0.601608 0.597723 0.595313 0.594348 0.594818 0.596726 0.600097 0.604973 0.611413 1104.500000 1.393403 0.812873
0.928808 0.974459 0.934045 0.898929 0.868374 0.841789 0.818697 0.798711 0.781516 0.766854 0.754516 0.744333 0.736172 0.729927 0.718887 0.696470 0.676991 0.660118 0.645584 0.633168 0.622693 0.614014 0.607015 0.601608 0.597723 0.595313 0.594348 0.594818 0.596726 0.600097 0.604973 0.611413 0.619500 0.629341 0.637344 0.622934 0.610601 0.600163 0.591478 0.584428 0.578922 0.574892 0.572286 0.571073 0.571238 0.572784 0.574830 0.577276 0.581149 0.586497 0.593388 0.601909 0.612175 0.624327 0.638541 0.655032 0.674065 0.695963 0.721128 0.750055 0.783366 0.821846 0.866496 0.918617 0.979921 1.000000 0.962290 0.929478 0.900929 0.876130 0.854663 0.836189 0.820431 0.807165 0.796209 0.787417 0.780650 0.743449 0.711268 0.683336 0.659042 0.637900 0.619518 0.603580 0.589826 0.578047 0.568071 0.559759 0.553000 0.547705 0.543809 0.541263 0.540035 0.540111 0.541492 0.544194 0.544431 0.545087 0.547065 0.550388 0.555097 0.561251 0.568929 0.578232 0.589288 0.602254 0.617324 0.634736 0.654781 0.663953 0.659944 0.657559 0.656766 0.657559 0.659944 0.663953 0.669633 0.677057 0.686319 0.697542 0.710879 0.726520 0.744700 0.765704 0.789886 0.817680 0.849622 0.886383 1104.500000 1.393403 0.812873
0.544431 0.545087 0.547065 0.550388 0.555097 0.561251 0.568929 0.578232 0.589288 0.602254 0.617324 0.634736 0.654781 0.663953 0.659944 0.657559 0.656766 0.657559 0.659944 0.663953 0.669633 0.677057 0.686319 0.697542 0.710879 0.726520 0.744700 0.765704 0.789886 0.817680 0.849622 0.886383 0.928808 0.974459 0.934045 0.898929 0.868374 0.841789 0.818697 0.798711 0.781516 0.766854 0.754516 0.744333 0.736172 0.729927 0.718887 0.696470 0.676991 0.660118 0.645584 0.633168 0.622693 0.614014 0.607015 0.601608 0.597723 0.595313 0.594348 0.594818 0.596726 0.600097 0.604973 0.611413 0.619500 0.629341 0.637344 0.622934 0.610601 0.600163 0.591478 0.584428 0.578922 0.574892 0.572286 0.571073 0.571238 0.572784 0.574830 0.577276 0.581149 0.586497 0.593388 0.601909 0.612175 0.624327 0.638541 0.655032 0.674065 0.695963 0.721128 0.750055 0.783366 0.821846 0.866496 0.918617 0.979921 1.000000 0.962290 0.929478 0.900929 0.876130 0.854663 0.836189 0.820431 0.807165 0.796209 0.787417 0.780650 0.743449 0.711268 0.683336 0.659042 0.637900 0.619518 0.603580 0.589826 0.578047 0.568071 0.559759 0.553000 0.547705 0.543809 0.541263 0.540035 0.540111 0.541492 0.544194 1104.500000 1.393403 0.812873
0.751526 0.759898 0.770336 0.745407 0.715780 0.690017 0.667596 0.648099 0.631186 0.616581 0.604058 0.587545 0.570960 0.556590 0.544204 0.533615 0.524671 0.517246 0.511244 0.506585 0.503212 0.501083 0.500171 0.500467 0.501972 0.504707 0.508703 0.514012 0.520700 0.528855 0.536500 0.537839 0.540490 0.544486 0.549875 0.556727 0.565130 0.575198 0.587072 0.600923 0.616967 0.635463 0.656734 0.681177 0.709283 0.741673 0.779129 0.822656 0.873564 0.933586 1.000000 0.960724 0.926564 0.896837 0.870990 0.848579 0.829240 0.812677 0.798649 0.786960 0.777455 0.770010 0.764530 0.760948 0.759219 0.759324 0.761263 0.765059 0.770760 0.707361 0.638388 0.582951 0.537564 0.499852 0.468137 0.441207 0.418159 0.398311 0.381139 0.366232 0.366769 0.368505 0.371155 0.374753 0.379344 0.384989 0.391761 0.399757 0.409092 0.419909 0.432383 0.446731 0.463218 0.482174 0.504014 0.529262 0.558589 0.592870 0.633258 0.681313 0.739186 0.785112 0.782674 0.782130 0.783472 0.786718 0.791906 0.799101 0.808393 0.819902 0.833782 0.850222 0.869462 0.858628 0.835131 0.814797 0.797304 0.782392 0.769848 0.759500 0.751213 0.744880 0.740421 0.737783 0.736932 0.737859 0.740574 0.745111 4643.000000 1.374939 0.745883
0.558589 0.592870 0.633258 0.681313 0.739186 0.785112 0.782674 0.782130 0.783472 0.786718 0.791906 0.799101 0.808393 0.819902 0.833782 0.850222 0.869462 0.858628 0.835131 0.814797 0.797304 0.782392 0.769848 0.759500 0.751213 0.744880 0.740421 0.737783 0.736932 0.737859 0.740574 0.745111 0.751526 0.759898 0.770336 0.745407 0.715780 0.690017 0.667596 0.648099 0.631186 0.616581 0.604058 0.587545 0.570960 0.556590 0.544204 0.533615 0.524671 0.517246 0.511244 0.506585 0.503212 0.501083 0.500171 0.500467 0.501972 0.504707 0.508703 0.514012 0.520700 0.528855 0.536500 0.537839 0.540490 0.544486 0.549875 0.556727 0.565130 0.575198 0.587072 0.600923 0.616967 0.635463 0.656734 0.681177 0.709283 0.741673 0.779129 0.822656 0.873564 0.933586 1.000000 0.960724 0.926564 0.896837 0.870990 0.848579 0.829240 0.812677 0.798649 0.786960 0.777455 0.770010 0.764530 0.760948 0.759219 0.759324 0.761263 0.765059 0.770760 0.707361 0.638388 0.582951 0.537564 0.499852 0.468137 0.441207 0.418159 0.398311 0.381139 0.366232 0.366769 0.368505 0.371155 0.374753 0.379344 0.384989 0.391761 0.399757 0.409092 0.419909 0.432383 0.446731 0.463218 0.482174 0.504014 0.529262 4643.000000 1.374939 0.745883
0.759219 0.759324 0.761263 0.765059 0.770760 0.707361 0.638388 0.582951 0.537564 0.499852 0.468137 0.441207 0.418159 0.398311 0.381139 0.366232 0.366769 0.368505 0.371155 0.374753 0.379344 0.384989 0.391761 0.399757 0.409092 0.419909 0.432383 0.446731 0.463218 0.482174 0.504014 0.529262 0.558589 0.592870 0.633258 0.681313 0.739186 0.785112 0.782674 0.782130 0.783472 0.786718 0.791906 0.799101 0.808393 0.819902 0.833782 0.850222 0.869462 0.858628 0.835131 0.814797 0.797304 0.782392 0.769848 0.759500 0.751213 0.744880 0.740421 0.737783 0.736932 0.737859 0.740574 0.745111 0.751526 0.759898 0.770336 0.745407 0.715780 0.690017 0.667596 0.648099 0.631186 0.616581 0.604058 0.587545 0.570960 0.556590 0.544204 0.533615 0.524671 0.517246 0.511244 0.506585 0.503212 0.501083 0.500171 0.500467 0.501972 0.504707 0.508703 0.514012 0.520700 0.528855 0.536500 0.537839 0.540490 0.544486 0.549875 0.556727 0.565130 0.575198 0.587072 0.600923 0.616967 0.635463 0.656734 0.681177 0.709283 0.741673 0.779129 0.822656 0.873564 0.933586 1.000000 0.960724 0.926564 0.896837 0.870990 0.848579 0.829240 0.812677 0.798649 0.786960 0.777455 0.770010 0.764530 0.760948 4643.000000 1.374939 0.745883
0.540490 0.544486 0.549875 0.556727 0.565130 0.575198 0.587072 0.600923 0.616967 0.635463 0.656734 0.681177 0.709283 0.741673 0.779129 0.822656 0.873564 0.933586 1.000000 0.960724 0.926564 0.896837 0.870990 0.848579 0.829240 0.812677 0.798649 0.786960 0.777455 0.770010 0.764530 0.760948 0.759219 0.759324 0.761263 0.765059 0.770760 0.707361 0.638388 0.582951 0.537564 0.499852 0.468137 0.441207 0.418159 0.398311 0.381139 0.366232 0.366769 0.368505 0.371155 0.374753 0.379344 0.384989 0.391761 0.399757 0.409092 0.419909 0.432383 0.446731 0.463218 0.482174 0.504014 0.529262 0.558589 0.592870 0.633258 0.681313 0.739186 0.785112 0.782674 0.782130 0.783472 0.786718 0.791906 0.799101 0.808393 0.819902 0.833782 0.850222 0.869462 0.858628 0.835131 0.814797 0.797304 0.782392 0.769848 0.759500 0.751213 0.744880 0.740421 0.737783 0.736932 0.737859 0.740574 0.745111 0.751526 0.759898 0.770336 0.745407 0.715780 0.690017 0.667596 0.648099 0.631186 0.616581 0.604058 0.587545 0.570960 0.556590 0.544204 0.533615 0.524671 0.517246 0.511244 0.506585 0.503212 0.501083 0.500171 0.500467 0.501972 0.504707 0.508703 0.514012 0.520700 0.528855 0.536500 0.537839 4643.000000 1.374939 0.745883
0.613496 0.619607 0.627368 0.636880 0.648271 0.652336 0.653367 0.655984 0.660219 0.666124 0.673773 0.683265 0.694726 0.708314 0.724223 0.742694 0.764020 0.788563 0.816769 0.849188 0.886511 0.929609 0.931813 0.924676 0.919847 0.917266 0.916903 0.918753 0.922837 0.929207 0.937940 0.949148 0.962974 0.979604 0.995700 0.932791 0.879350 0.833601 0.794195 0.760096 0.730491 0.704740 0.682330 0.662850 0.645964 0.631400 0.618937 0.608393 0.599623 0.592509 0.586960 0.582905 0.580294 0.580874 0.582952 0.586462 0.591448 0.597973 0.606120 0.615996 0.627737 0.641509 0.657519 0.676019 0.697319 0.721799 0.749934 0.774612 0.768888 0.765077 0.763133 0.763033 0.764774 0.768379 0.773892 0.781380 0.777524 0.770266 0.764968 0.761564 0.760013 0.760297 0.762418 0.766402 0.772299 0.780181 0.790149 0.802333 0.816897 0.834047 0.854033 0.877166 0.903824 0.934476 0.969698 1.000000 0.960242 0.925670 0.895583 0.869419 0.846722 0.827122 0.810317 0.796060 0.784153 0.774436 0.766780 0.761090 0.757295 0.755349 0.755227 0.756928 0.737472 0.713814 0.693245 0.675410 0.660020 0.646839 0.635675 0.626374 0.618810 0.612886 0.608526 0.605676 0.604303 0.604388 0.605933 0.608956 4350.000000 1.281833 0.844923
0.960242 0.925670 0.895583 0.869419 0.846722 0.827122 0.810317 0.796060 0.784153 0.774436 0.766780 0.761090 0.757295 0.755349 0.755227 0.756928 0.737472 0.713814 0.693245 0.675410 0.660020 0.646839 0.635675 0.626374 0.618810 0.612886 0.608526 0.605676 0.604303 0.604388 0.605933 0.608956 0.613496 0.619607 0.627368 0.636880 0.648271 0.652336 0.653367 0.655984 0.660219 0.666124 0.673773 0.683265 0.694726 0.708314 0.724223 0.742694 0.764020 0.788563 0.816769 0.849188 0.886511 0.929609 0.931813 0.924676 0.919847 0.917266 0.916903 0.918753 0.922837 0.929207 0.937940 0.949148 0.962974 0.979604 0.995700 0.932791 0.879350 0.833601 0.794195 0.760096 0.730491 0.704740 0.682330 0.662850 0.645964 0.631400 0.618937 0.608393 0.599623 0.592509 0.586960 0.582905 0.580294 0.580874 0.582952 0.586462 0.591448 0.597973 0.606120 0.615996 0.627737 0.641509 0.657519 0.676019 0.697319 0.721799 0.749934 0.774612 0.768888 0.765077 0.763133 0.763033 0.764774 0.768379 0.773892 0.781380 0.777524 0.770266 0.764968 0.761564 0.760013 0.760297 0.762418 0.766402 0.772299 0.780181 0.790149 0.802333 0.816897 0.834047 0.854033 0.877166 0.903824 0.934476 0.969698 1.000000 4350.000000 1.281833 0.844923
0.697319 0.721799 0.749934 0.774612 0.768888 0.765077 0.763133 0.763033 0.764774 0.768379 0.773892 0.781380 0.777524 0.770266 0.764968 0.761564 0.760013 0.760297 0.762418 0.766402 0.772299 0.780181 0.790149 0.802333 0.816897 0.834047 0.854033 0.877166 0.903824 0.934476 0.969698 1.000000 0.960242 0.925670 0.895583 0.869419 0.846722 0.827122 0.810317 0.796060 0.784153 0.774436 0.766780 0.761090 0.757295 0.755349 0.755227 0.756928 0.737472 0.713814 0.693245 0.675410 0.660020 0.646839 0.635675 0.626374 0.618810 0.612886 0.608526 0.605676 0.604303 0.604388 0.605933 0.608956 0.613496 0.619607 0.627368 0.636880 0.648271 0.652336 0.653367 0.655984 0.660219 0.666124 0.673773 0.683265 0.694726 0.708314 0.724223 0.742694 0.764020 0.788563 0.816769 0.849188 0.886511 0.929609 0.931813 0.924676 0.919847 0.917266 0.916903 0.918753 0.922837 0.929207 0.937940 0.949148 0.962974 0.979604 0.995700 0.932791 0.879350 0.833601 0.794195 0.760096 0.730491 0.704740 0.682330 0.662850 0.645964 0.631400 0.618937 0.608393 0.599623 0.592509 0.586960 0.582905 0.580294 0.580874 0.582952 0.586462 0.591448 0.597973 0.606120 0.615996 0.627737 0.641509 0.657519 0.676019 4350.000000 1.281833 0.844923
0.962974 0.979604 0.995700 0.932791 0.879350 0.833601 0.794195 0.760096 0.730491 0.704740 0.682330 0.662850 0.645964 0.631400 0.618937 0.608393 0.599623 0.592509 0.586960 0.582905 0.580294 0.580874 0.582952 0.586462 0.591448 0.597973 0.606120 0.615996 0.627737 0.641509 0.657519 0.676019 0.697319 0.721799 0.749934 0.774612 0.768888 0.765077 0.763133 0.763033 0.764774 0.768379 0.773892 0.781380 0.777524 0.770266 0.764968 0.761564 0.760013 0.760297 0.762418 0.766402 0.772299 0.780181 0.790149 0.802333 0.816897 0.834047 0.854033 0.877166 0.903824 0.934476 0.969698 1.000000 0.960242 0.925670 0.895583 0.869419 0.846722 0.827122 0.810317 0.796060 0.784153 0.774436 0.766780 0.761090 0.757295 0.755349 0.755227 0.756928 0.737472 0.713814 0.693245 0.675410 0.660020 0.646839 0.635675 0.626374 0.618810 0.612886 0.608526 0.605676 0.604303 0.604388 0.605933 0.608956 0.613496 0.619607 0.627368 0.636880 0.648271 0.652336 0.653367 0.655984 0.660219 0.666124 0.673773 0.683265 0.694726 0.708314 0.724223 0.742694 0.764020 0.788563 0.816769 0.849188 0.886511 0.929609 0.931813 0.924676 0.919847 0.917266 0.916903 0.918753 0.922837 0.929207 0.937940 0.949148 4350.000000 1.281833 0.844923
0.863771 0.895414 0.931793 0.973699 1.000000 0.958271 0.922017 0.890473 0.863027 0.839183 0.818540 0.800771 0.785609 0.772839 0.762284 0.753804 0.747292 0.742666 0.739867 0.738863 0.739641 0.742211 0.746603 0.746121 0.735477 0.726860 0.720156 0.715283 0.712179 0.710807 0.711150 0.713213 0.717020 0.722618 0.730077 0.739491 0.750984 0.764712 0.754974 0.745282 0.737591 0.731802 0.727843 0.725665 0.725242 0.726569 0.729662 0.734559 0.741320 0.750030 0.760801 0.773778 0.789140 0.807107 0.827953 0.852011 0.879691 0.911501 0.918938 0.896447 0.877093 0.860587 0.846693 0.835220 0.826018 0.818967 0.813980 0.810996 0.809977 0.810913 0.810754 0.792335 0.776563 0.763209 0.752088 0.743051 0.735980 0.730787 0.727407 0.725798 0.725941 0.727838 0.731512 0.737008 0.744394 0.753763 0.765239 0.778975 0.795164 0.814042 0.835902 0.861099 0.865821 0.840557 0.818643 0.799719 0.783496 0.769735 0.758244 0.748869 0.741488 0.736006 0.732356 0.730493 0.730395 0.732061 0.735510 0.740784 0.747950 0.748209 0.736918 0.727691 0.720405 0.714970 0.711316 0.709401 0.709199 0.710709 0.713949 0.718959 0.725801 0.734560 0.745351 0.758319 0.773642 0.791543 0.812295 0.836234 1579.500000 1.103580 0.882462
0.783496 0.769735 0.758244 0.748869 0.741488 0.736006 0.732356 0.730493 0.730395 0.732061 0.735510 0.740784 0.747950 0.748209 0.736918 0.727691 0.720405 0.714970 0.711316 0.709401 0.709199 0.710709 0.713949 0.718959 0.725801 0.734560 0.745351 0.758319 0.773642 0.791543 0.812295 0.836234 0.863771 0.895414 0.931793 0.973699 1.000000 0.958271 0.922017 0.890473 0.863027 0.839183 0.818540 0.800771 0.785609 0.772839 0.762284 0.753804 0.747292 0.742666 0.739867 0.738863 0.739641 0.742211 0.746603 0.746121 0.735477 0.726860 0.720156 0.715283 0.712179 0.710807 0.711150 0.713213 0.717020 0.722618 0.730077 0.739491 0.750984 0.764712 0.754974 0.745282 0.737591 0.731802 0.727843 0.725665 0.725242 0.726569 0.729662 0.734559 0.741320 0.750030 0.760801 0.773778 0.789140 0.807107 0.827953 0.852011 0.879691 0.911501 0.918938 0.896447 0.877093 0.860587 0.846693 0.835220 0.826018 0.818967 0.813980 0.810996 0.809977 0.810913 0.810754 0.792335 0.776563 0.763209 0.752088 0.743051 0.735980 0.730787 0.727407 0.725798 0.725941 0.727838 0.731512 0.737008 0.744394 0.753763 0.765239 0.778975 0.795164 0.814042 0.835902 0.861099 0.865821 0.840557 0.818643 0.799719 1579.500000 1.103580 0.882462
0.826018 0.818967 0.813980 0.810996 0.809977 0.810913 0.810754 0.792335 0.776563 0.763209 0.752088 0.743051 0.735980 0.730787 0.727407 0.725798 0.725941 0.727838 0.731512 0.737008 0.744394 0.753763 0.765239 0.778975 0.795164 0.814042 0.835902 0.861099 0.865821 0.840557 0.818643 0.799719 0.783496 0.769735 0.758244 0.748869 0.741488 0.736006 0.732356 0.730493 0.730395 0.732061 0.735510 0.740784 0.747950 0.748209 0.736918 0.727691 0.720405 0.714970 0.711316 0.709401 0.709199 0.710709 0.713949 0.718959 0.725801 0.734560 0.745351 0.758319 0.773642 0.791543 0.812295 0.836234 0.863771 0.895414 0.931793 0.973699 1.000000 0.958271 0.922017 0.890473 0.863027 0.839183 0.818540 0.800771 0.785609 0.772839 0.762284 0.753804 0.747292 0.742666 0.739867 0.738863 0.739641 0.742211 0.746603 0.746121 0.735477 0.726860 0.720156 0.715283 0.712179 0.710807 0.711150 0.713213 0.717020 0.722618 0.730077 0.739491 0.750984 0.764712 0.754974 0.745282 0.737591 0.731802 0.727843 0.725665 0.725242 0.726569 0.729662 0.734559 0.741320 0.750030 0.760801 0.773778 0.789140 0.807107 0.827953 0.852011 0.879691 0.911501 0.918938 0.896447 0.877093 0.860587 0.846693 0.835220 1579.500000 1.103580 0.882462
0.717020 0.722618 0.730077 0.739491 0.750984 0.764712 0.754974 0.745282 0.737591 0.731802 0.727843 0.725665 0.725242 0.726569 0.729662 0.734559 0.741320 0.750030 0.760801 0.773778 0.789140 0.807107 0.827953 0.852011 0.879691 0.911501 0.918938 0.896447 0.877093 0.860587 0.846693 0.835220 0.826018 0.818967 0.813980 0.810996 0.809977 0.810913 0.810754 0.792335 0.776563 0.763209 0.752088 0.743051 0.735980 0.730787 0.727407 0.725798 0.725941 0.727838 0.731512 0.737008 0.744394 0.753763 0.765239 0.778975 0.795164 0.814042 0.835902 0.861099 0.865821 0.840557 0.818643 0.799719 0.783496 0.769735 0.758244 0.748869 0.741488 0.736006 0.732356 0.730493 0.730395 0.732061 0.735510 0.740784 0.747950 0.748209 0.736918 0.727691 0.720405 0.714970 0.711316 0.709401 0.709199 0.710709 0.713949 0.718959 0.725801 0.734560 0.745351 0.758319 0.773642 0.791543 0.812295 0.836234 0.863771 0.895414 0.931793 0.973699 1.000000 0.958271 0.922017 0.890473 0.863027 0.839183 0.818540 0.800771 0.785609 0.772839 0.762284 0.753804 0.747292 0.742666 0.739867 0.738863 0.739641 0.742211 0.746603 0.746121 0.735477 0.726860 0.720156 0.715283 0.712179 0.710807 0.711150 0.713213 1579.500000 1.103580 0.882462
0.661526 0.656564 0.653238 0.651507 0.651350 0.652765 0.655770 0.644818 0.634873 0.626717 0.620243 0.615369 0.612034 0.610197 0.609836 0.610946 0.613541 0.617653 0.623331 0.626979 0.631168 0.636957 0.644421 0.653655 0.664782 0.677956 0.693367 0.711248 0.731886 0.755632 0.782920 0.814287 0.850408 0.863314 0.849327 0.837773 0.828497 0.821382 0.816338 0.813303 0.812240 0.813136 0.816002 0.820873 0.827808 0.836895 0.848250 0.862023 0.878401 0.897618 0.919960 0.902924 0.863184 0.828707 0.798729 0.772640 0.749951 0.730266 0.713262 0.698677 0.686296 0.675947 0.667489 0.660813 0.655833 0.652488 0.650736 0.650557 0.651949 0.654927 0.659529 0.665811 0.673853 0.683759 0.695662 0.690950 0.680111 0.671199 0.664096 0.658713 0.654981 0.652855 0.652309 0.653337 0.655951 0.660183 0.666085 0.673731 0.683219 0.694676 0.708259 0.724164 0.742629 0.763949 0.784711 0.775162 0.767671 0.762141 0.758505 0.756718 0.756757 0.758625 0.762343 0.767956 0.775535 0.785176 0.797003 0.811177 0.827894 0.847399 0.869992 0.896040 0.925996 0.960418 1.000000 0.949332 0.903402 0.863696 0.829246 0.799291 0.773223 0.750552 0.730884 0.713896 0.699326 0.686961 0.676627 0.668185 1986.500000 1.209897 0.859021
0.767671 0.762141 0.758505 0.756718 0.756757 0.758625 0.762343 0.767956 0.775535 0.785176 0.797003 0.811177 0.827894 0.847399 0.869992 0.896040 0.925996 0.960418 1.000000 0.949332 0.903402 0.863696 0.829246 0.799291 0.773223 0.750552 0.730884 0.713896 0.699326 0.686961 0.676627 0.668185 0.661526 0.656564 0.653238 0.651507 0.651350 0.652765 0.655770 0.644818 0.634873 0.626717 0.620243 0.615369 0.612034 0.610197 0.609836 0.610946 0.613541 0.617653 0.623331 0.626979 0.631168 0.636957 0.644421 0.653655 0.664782 0.677956 0.693367 0.711248 0.731886 0.755632 0.782920 0.814287 0.850408 0.863314 0.849327 0.837773 0.828497 0.821382 0.816338 0.813303 0.812240 0.813136 0.816002 0.820873 0.827808 0.836895 0.848250 0.862023 0.878401 0.897618 0.919960 0.902924 0.863184 0.828707 0.798729 0.772640 0.749951 0.730266 0.713262 0.698677 0.686296 0.675947 0.667489 0.660813 0.655833 0.652488 0.650736 0.650557 0.651949 0.654927 0.659529 0.665811 0.673853 0.683759 0.695662 0.690950 0.680111 0.671199 0.664096 0.658713 0.654981 0.652855 0.652309 0.653337 0.655951 0.660183 0.666085 0.673731 0.683219 0.694676 0.708259 0.724164 0.742629 0.763949 0.784711 0.775162 1986.500000 1.209897 0.859021
0.655833 0.652488 0.650736 0.650557 0.651949 0.654927 0.659529 0.665811 0.673853 0.683759 0.695662 0.690950 0.680111 0.671199 0.664096 0.658713 0.654981 0.652855 0.652309 0.653337 0.655951 0.660183 0.666085 0.673731 0.683219 0.694676 0.708259 0.724164 0.742629 0.763949 0.784711 0.775162 0.767671 0.762141 0.758505 0.756718 0.756757 0.758625 0.762343 0.767956 0.775535 0.785176 0.797003 0.811177 0.827894 0.847399 0.869992 0.896040 0.925996 0.960418 1.000000 0.949332 0.903402 0.863696 0.829246 0.799291 0.773223 0.750552 0.730884 0.713896 0.699326 0.686961 0.676627 0.668185 0.661526 0.656564 0.653238 0.651507 0.651350 0.652765 0.655770 0.644818 0.634873 0.626717 0.620243 0.615369 0.612034 0.610197 0.609836 0.610946 0.613541 0.617653 0.623331 0.626979 0.631168 0.636957 0.644421 0.653655 0.664782 0.677956 0.693367 0.711248 0.731886 0.755632 0.782920 0.814287 0.850408 0.863314 0.849327 0.837773 0.828497 0.821382 0.816338 0.813303 0.812240 0.813136 0.816002 0.820873 0.827808 0.836895 0.848250 0.862023 0.878401 0.897618 0.919960 0.902924 0.863184 0.828707 0.798729 0.772640 0.749951 0.730266 0.713262 0.698677 0.686296 0.675947 0.667489 0.660813 1986.500000 1.209897 0.859021
0.850408 0.863314 0.849327 0.837773 0.828497 0.821382 0.816338 0.813303 0.812240 0.813136 0.816002 0.820873 0.827808 0.836895 0.848250 0.862023 0.878401 0.897618 0.919960 0.902924 0.863184 0.828707 0.798729 0.772640 0.749951 0.730266 0.713262 0.698677 0.686296 0.675947 0.667489 0.660813 0.655833 0.652488 0.650736 0.650557 0.651949 0.654927 0.659529 0.665811 0.673853 0.683759 0.695662 0.690950 0.680111 0.671199 0.664096 0.658713 0.654981 0.652855 0.652309 0.653337 0.655951 0.660183 0.666085 0.673731 0.683219 0.694676 0.708259 0.724164 0.742629 0.763949 0.784711 0.775162 0.767671 0.762141 0.758505 0.756718 0.756757 0.758625 0.762343 0.767956 0.775535 0.785176 0.797003 0.811177 0.827894 0.847399 0.869992 0.896040 0.925996 0.960418 1.000000 0.949332 0.903402 0.863696 0.829246 0.799291 0.773223 0.750552 0.730884 0.713896 0.699326 0.686961 0.676627 0.668185 0.661526 0.656564 0.653238 0.651507 0.651350 0.652765 0.655770 0.644818 0.634873 0.626717 0.620243 0.615369 0.612034 0.610197 0.609836 0.610946 0.613541 0.617653 0.623331 0.626979 0.631168 0.636957 0.644421 0.653655 0.664782 0.677956 0.693367 0.711248 0.731886 0.755632 0.782920 0.814287 1986.500000 1.209897 0.859021
0.643545 0.690156 0.745983 0.813771 0.832976 0.786875 0.747316 0.713179 0.683600 0.657898 0.635535 0.616078 0.599177 0.584549 0.571963 0.561232 0.552202 0.544749 0.538775 0.534204 0.530978 0.529058 0.528420 0.529057 0.530976 0.534201 0.538770 0.544743 0.552194 0.561223 0.571953 0.584537 0.599162 0.616061 0.635516 0.657877 0.683575 0.713151 0.747283 0.786837 0.749175 0.696393 0.652027 0.614366 0.582145 0.554403 0.530406 0.509576 0.491459 0.475694 0.461986 0.450101 0.439844 0.431060 0.423621 0.417422 0.412382 0.408434 0.405528 0.403629 0.402714 0.402770 0.403800 0.405815 0.408840 0.412913 0.418085 0.424424 0.432015 0.440963 0.451401 0.463489 0.477424 0.493448 0.511861 0.533035 0.557438 0.585661 0.618463 0.656834 0.702085 0.755988 0.820998 0.900615 1.000000 0.997096 0.892783 0.809995 0.742896 0.687593 0.641392 0.602368 0.569113 0.540572 0.515940 0.494595 0.476047 0.459908 0.445866 0.433670 0.423116 0.414037 0.406297 0.399787 0.394418 0.390118 0.386833 0.384522 0.383155 0.382717 0.383202 0.384616 0.386976 0.390311 0.394664 0.400089 0.406659 0.414463 0.423613 0.434247 0.446531 0.460672 0.476925 0.495605 0.517104 0.541917 0.570676 0.604195 2697.500000 1.455324 0.574629
0.476047 0.459908 0.445866 0.433670 0.423116 0.414037 0.406297 0.399787 0.394418 0.390118 0.386833 0.384522 0.383155 0.382717 0.383202 0.384616 0.386976 0.390311 0.394664 0.400089 0.406659 0.414463 0.423613 0.434247 0.446531 0.460672 0.476925 0.495605 0.517104 0.541917 0.570676 0.604195 0.643545 0.690156 0.745983 0.813771 0.832976 0.786875 0.747316 0.713179 0.683600 0.657898 0.635535 0.616078 0.599177 0.584549 0.571963 0.561232 0.552202 0.544749 0.538775 0.534204 0.530978 0.529058 0.528420 0.529057 0.530976 0.534201 0.538770 0.544743 0.552194 0.561223 0.571953 0.584537 0.599162 0.616061 0.635516 0.657877 0.683575 0.713151 0.747283 0.786837 0.749175 0.696393 0.652027 0.614366 0.582145 0.554403 0.530406 0.509576 0.491459 0.475694 0.461986 0.450101 0.439844 0.431060 0.423621 0.417422 0.412382 0.408434 0.405528 0.403629 0.402714 0.402770 0.403800 0.405815 0.408840 0.412913 0.418085 0.424424 0.432015 0.440963 0.451401 0.463489 0.477424 0.493448 0.511861 0.533035 0.557438 0.585661 0.618463 0.656834 0.702085 0.755988 0.820998 0.900615 1.000000 0.997096 0.892783 0.809995 0.742896 0.687593 0.641392 0.602368 0.569113 0.540572 0.515940 0.494595 2697.500000 1.455324 0.574629
0.408840 0.412913 0.418085 0.424424 0.432015 0.440963 0.451401 0.463489 0.477424 0.493448 0.511861 0.533035 0.557438 0.585661 0.618463 0.656834 0.702085 0.755988 0.820998 0.900615 1.000000 0.997096 0.892783 0.809995 0.742896 0.687593 0.641392 0.602368 0.569113 0.540572 0.515940 0.494595 0.476047 0.459908 0.445866 0.433670 0.423116 0.414037 0.406297 0.399787 0.394418 0.390118 0.386833 0.384522 0.383155 0.382717 0.383202 0.384616 0.386976 0.390311 0.394664 0.400089 0.406659 0.414463 0.423613 0.434247 0.446531 0.460672 0.476925 0.495605 0.517104 0.541917 0.570676 0.604195 0.643545 0.690156 0.745983 0.813771 0.832976 0.786875 0.747316 0.713179 0.683600 0.657898 0.635535 0.616078 0.599177 0.584549 0.571963 0.561232 0.552202 0.544749 0.538775 0.534204 0.530978 0.529058 0.528420 0.529057 0.530976 0.534201 0.538770 0.544743 0.552194 0.561223 0.571953 0.584537 0.599162 0.616061 0.635516 0.657877 0.683575 0.713151 0.747283 0.786837 0.749175 0.696393 0.652027 0.614366 0.582145 0.554403 0.530406 0.509576 0.491459 0.475694 0.461986 0.450101 0.439844 0.431060 0.423621 0.417422 0.412382 0.408434 0.405528 0.403629 0.402714 0.402770 0.403800 0.405815 2697.500000 1.455324 0.574629
0.599162 0.616061 0.635516 0.657877 0.683575 0.713151 0.747283 0.786837 0.749175 0.696393 0.652027 0.614366 0.582145 0.554403 0.530406 0.509576 0.491459 0.475694 0.461986 0.450101 0.439844 0.431060 0.423621 0.417422 0.412382 0.408434 0.405528 0.403629 0.402714 0.402770 0.403800 0.405815 0.408840 0.412913 0.418085 0.424424 0.432015 0.440963 0.451401 0.463489 0.477424 0.493448 0.511861 0.533035 0.557438 0.585661 0.618463 0.656834 0.702085 0.755988 0.820998 0.900615 1.000000 0.997096 0.892783 0.809995 0.742896 0.687593 0.641392 0.602368 0.569113 0.540572 0.515940 0.494595 0.476047 0.459908 0.445866 0.433670 0.423116 0.414037 0.406297 0.399787 0.394418 0.390118 0.386833 0.384522 0.383155 0.382717 0.383202 0.384616 0.386976 0.390311 0.394664 0.400089 0.406659 0.414463 0.423613 0.434247 0.446531 0.460672 0.476925 0.495605 0.517104 0.541917 0.570676 0.604195 0.643545 0.690156 0.745983 0.813771 0.832976 0.786875 0.747316 0.713179 0.683600 0.657898 0.635535 0.616078 0.599177 0.584549 0.571963 0.561232 0.552202 0.544749 0.538775 0.534204 0.530978 0.529058 0.528420 0.529057 0.530976 0.534201 0.538770 0.544743 0.552194 0.561223 0.571953 0.584537 2697.500000 1.455324 0.574629
