0.764751 0.740012 0.718499 0.699840 0.683732 0.669926 0.658220 0.648452 0.640490 0.634231 0.629595 0.626525 0.624982 0.624949 0.626426 0.629429 0.633995 0.640182 0.648068 0.657755 0.669372 0.683083 0.699086 0.717628 0.739009 0.763599 0.791855 0.824345 0.861780 0.905060 0.955341 1.000000 0.940382 0.889494 0.845764 0.807988 0.775230 0.746753 0.721972 0.700417 0.681705 0.665529 0.651636 0.639822 0.629918 0.621792 0.615336 0.610469 0.607128 0.605275 0.604886 0.605955 0.608498 0.612543 0.618142 0.625365 0.634304 0.645080 0.642043 0.638218 0.635962 0.635247 0.636064 0.638423 0.642353 0.647902 0.655140 0.664159 0.675079 0.688050 0.703256 0.720926 0.741339 0.764837 0.791844 0.819242 0.799577 0.782676 0.768287 0.756207 0.746270 0.738347 0.732336 0.728162 0.725775 0.725143 0.726262 0.729142 0.733821 0.740355 0.748827 0.759346 0.772050 0.787116 0.804758 0.825243 0.848897 0.845712 0.810638 0.780161 0.753643 0.730571 0.710530 0.693185 0.678261 0.665536 0.654828 0.645991 0.638908 0.633488 0.629664 0.627387 0.626632 0.627387 0.629664 0.633488 0.638908 0.645991 0.654828 0.665536 0.678261 0.693185 0.710530 0.730571 0.753643 0.780161 0.810638 0.793179 1583.000000 1.170939 0.809384
0.848897 0.845712 0.810638 0.780161 0.753643 0.730571 0.710530 0.693185 0.678261 0.665536 0.654828 0.645991 0.638908 0.633488 0.629664 0.627387 0.626632 0.627387 0.629664 0.633488 0.638908 0.645991 0.654828 0.665536 0.678261 0.693185 0.710530 0.730571 0.753643 0.780161 0.810638 0.793179 0.764751 0.740012 0.718499 0.699840 0.683732 0.669926 0.658220 0.648452 0.640490 0.634231 0.629595 0.626525 0.624982 0.624949 0.626426 0.629429 0.633995 0.640182 0.648068 0.657755 0.669372 0.683083 0.699086 0.717628 0.739009 0.763599 0.791855 0.824345 0.861780 0.905060 0.955341 1.000000 0.940382 0.889494 0.845764 0.807988 0.775230 0.746753 0.721972 0.700417 0.681705 0.665529 0.651636 0.639822 0.629918 0.621792 0.615336 0.610469 0.607128 0.605275 0.604886 0.605955 0.608498 0.612543 0.618142 0.625365 0.634304 0.645080 0.642043 0.638218 0.635962 0.635247 0.636064 0.638423 0.642353 0.647902 0.655140 0.664159 0.675079 0.688050 0.703256 0.720926 0.741339 0.764837 0.791844 0.819242 0.799577 0.782676 0.768287 0.756207 0.746270 0.738347 0.732336 0.728162 0.725775 0.725143 0.726262 0.729142 0.733821 0.740355 0.748827 0.759346 0.772050 0.787116 0.804758 0.825243 1583.000000 1.170939 0.809384
0.642353 0.647902 0.655140 0.664159 0.675079 0.688050 0.703256 0.720926 0.741339 0.764837 0.791844 0.819242 0.799577 0.782676 0.768287 0.756207 0.746270 0.738347 0.732336 0.728162 0.725775 0.725143 0.726262 0.729142 0.733821 0.740355 0.748827 0.759346 0.772050 0.787116 0.804758 0.825243 0.848897 0.845712 0.810638 0.780161 0.753643 0.730571 0.710530 0.693185 0.678261 0.665536 0.654828 0.645991 0.638908 0.633488 0.629664 0.627387 0.626632 0.627387 0.629664 0.633488 0.638908 0.645991 0.654828 0.665536 0.678261 0.693185 0.710530 0.730571 0.753643 0.780161 0.810638 0.793179 0.764751 0.740012 0.718499 0.699840 0.683732 0.669926 0.658220 0.648452 0.640490 0.634231 0.629595 0.626525 0.624982 0.624949 0.626426 0.629429 0.633995 0.640182 0.648068 0.657755 0.669372 0.683083 0.699086 0.717628 0.739009 0.763599 0.791855 0.824345 0.861780 0.905060 0.955341 1.000000 0.940382 0.889494 0.845764 0.807988 0.775230 0.746753 0.721972 0.700417 0.681705 0.665529 0.651636 0.639822 0.629918 0.621792 0.615336 0.610469 0.607128 0.605275 0.604886 0.605955 0.608498 0.612543 0.618142 0.625365 0.634304 0.645080 0.642043 0.638218 0.635962 0.635247 0.636064 0.638423 1583.000000 1.170939 0.809384
0.940382 0.889494 0.845764 0.807988 0.775230 0.746753 0.721972 0.700417 0.681705 0.665529 0.651636 0.639822 0.629918 0.621792 0.615336 0.610469 0.607128 0.605275 0.604886 0.605955 0.608498 0.612543 0.618142 0.625365 0.634304 0.645080 0.642043 0.638218 0.635962 0.635247 0.636064 0.638423 0.642353 0.647902 0.655140 0.664159 0.675079 0.688050 0.703256 0.720926 0.741339 0.764837 0.791844 0.819242 0.799577 0.782676 0.768287 0.756207 0.746270 0.738347 0.732336 0.728162 0.725775 0.725143 0.726262 0.729142 0.733821 0.740355 0.748827 0.759346 0.772050 0.787116 0.804758 0.825243 0.848897 0.845712 0.810638 0.780161 0.753643 0.730571 0.710530 0.693185 0.678261 0.665536 0.654828 0.645991 0.638908 0.633488 0.629664 0.627387 0.626632 0.627387 0.629664 0.633488 0.638908 0.645991 0.654828 0.665536 0.678261 0.693185 0.710530 0.730571 0.753643 0.780161 0.810638 0.793179 0.764751 0.740012 0.718499 0.699840 0.683732 0.669926 0.658220 0.648452 0.640490 0.634231 0.629595 0.626525 0.624982 0.624949 0.626426 0.629429 0.633995 0.640182 0.648068 0.657755 0.669372 0.683083 0.699086 0.717628 0.739009 0.763599 0.791855 0.824345 0.861780 0.905060 0.955341 1.000000 1583.000000 1.170939 0.809384
0.847405 0.871701 0.899662 0.906166 0.885716 0.868213 0.853405 0.841086 0.831092 0.823292 0.817588 0.813910 0.812213 0.812477 0.814704 0.818921 0.825181 0.833560 0.844167 0.811461 0.751328 0.701065 0.658592 0.622386 0.591303 0.564472 0.541218 0.521009 0.503425 0.488126 0.474840 0.463344 0.453459 0.445036 0.437957 0.432123 0.431383 0.438893 0.447766 0.458132 0.470148 0.484010 0.499954 0.518276 0.539341 0.563606 0.591649 0.624212 0.662256 0.707053 0.760314 0.824401 0.902661 1.000000 0.969337 0.938308 0.911331 0.887942 0.867761 0.850481 0.835850 0.823664 0.813761 0.806012 0.800318 0.796611 0.794843 0.794995 0.797067 0.801084 0.807097 0.815179 0.825434 0.837994 0.853029 0.870750 0.891415 0.870040 0.819427 0.776146 0.738899 0.706688 0.678734 0.654425 0.633269 0.614873 0.598918 0.585144 0.573340 0.563332 0.554982 0.548177 0.542830 0.539827 0.539217 0.539907 0.541905 0.545238 0.549944 0.556084 0.563735 0.573000 0.584005 0.596907 0.611900 0.629220 0.649158 0.672074 0.698410 0.728722 0.763708 0.788834 0.776436 0.766238 0.758108 0.751941 0.747660 0.745212 0.744569 0.745721 0.748684 0.753492 0.760206 0.768910 0.779716 0.792766 0.808242 0.826364 6853.000000 1.222472 0.747696
0.541905 0.545238 0.549944 0.556084 0.563735 0.573000 0.584005 0.596907 0.611900 0.629220 0.649158 0.672074 0.698410 0.728722 0.763708 0.788834 0.776436 0.766238 0.758108 0.751941 0.747660 0.745212 0.744569 0.745721 0.748684 0.753492 0.760206 0.768910 0.779716 0.792766 0.808242 0.826364 0.847405 0.871701 0.899662 0.906166 0.885716 0.868213 0.853405 0.841086 0.831092 0.823292 0.817588 0.813910 0.812213 0.812477 0.814704 0.818921 0.825181 0.833560 0.844167 0.811461 0.751328 0.701065 0.658592 0.622386 0.591303 0.564472 0.541218 0.521009 0.503425 0.488126 0.474840 0.463344 0.453459 0.445036 0.437957 0.432123 0.431383 0.438893 0.447766 0.458132 0.470148 0.484010 0.499954 0.518276 0.539341 0.563606 0.591649 0.624212 0.662256 0.707053 0.760314 0.824401 0.902661 1.000000 0.969337 0.938308 0.911331 0.887942 0.867761 0.850481 0.835850 0.823664 0.813761 0.806012 0.800318 0.796611 0.794843 0.794995 0.797067 0.801084 0.807097 0.815179 0.825434 0.837994 0.853029 0.870750 0.891415 0.870040 0.819427 0.776146 0.738899 0.706688 0.678734 0.654425 0.633269 0.614873 0.598918 0.585144 0.573340 0.563332 0.554982 0.548177 0.542830 0.539827 0.539217 0.539907 6853.000000 1.222472 0.747696
0.800318 0.796611 0.794843 0.794995 0.797067 0.801084 0.807097 0.815179 0.825434 0.837994 0.853029 0.870750 0.891415 0.870040 0.819427 0.776146 0.738899 0.706688 0.678734 0.654425 0.633269 0.614873 0.598918 0.585144 0.573340 0.563332 0.554982 0.548177 0.542830 0.539827 0.539217 0.539907 0.541905 0.545238 0.549944 0.556084 0.563735 0.573000 0.584005 0.596907 0.611900 0.629220 0.649158 0.672074 0.698410 0.728722 0.763708 0.788834 0.776436 0.766238 0.758108 0.751941 0.747660 0.745212 0.744569 0.745721 0.748684 0.753492 0.760206 0.768910 0.779716 0.792766 0.808242 0.826364 0.847405 0.871701 0.899662 0.906166 0.885716 0.868213 0.853405 0.841086 0.831092 0.823292 0.817588 0.813910 0.812213 0.812477 0.814704 0.818921 0.825181 0.833560 0.844167 0.811461 0.751328 0.701065 0.658592 0.622386 0.591303 0.564472 0.541218 0.521009 0.503425 0.488126 0.474840 0.463344 0.453459 0.445036 0.437957 0.432123 0.431383 0.438893 0.447766 0.458132 0.470148 0.484010 0.499954 0.518276 0.539341 0.563606 0.591649 0.624212 0.662256 0.707053 0.760314 0.824401 0.902661 1.000000 0.969337 0.938308 0.911331 0.887942 0.867761 0.850481 0.835850 0.823664 0.813761 0.806012 6853.000000 1.222472 0.747696
0.453459 0.445036 0.437957 0.432123 0.431383 0.438893 0.447766 0.458132 0.470148 0.484010 0.499954 0.518276 0.539341 0.563606 0.591649 0.624212 0.662256 0.707053 0.760314 0.824401 0.902661 1.000000 0.969337 0.938308 0.911331 0.887942 0.867761 0.850481 0.835850 0.823664 0.813761 0.806012 0.800318 0.796611 0.794843 0.794995 0.797067 0.801084 0.807097 0.815179 0.825434 0.837994 0.853029 0.870750 0.891415 0.870040 0.819427 0.776146 0.738899 0.706688 0.678734 0.654425 0.633269 0.614873 0.598918 0.585144 0.573340 0.563332 0.554982 0.548177 0.542830 0.539827 0.539217 0.539907 0.541905 0.545238 0.549944 0.556084 0.563735 0.573000 0.584005 0.596907 0.611900 0.629220 0.649158 0.672074 0.698410 0.728722 0.763708 0.788834 0.776436 0.766238 0.758108 0.751941 0.747660 0.745212 0.744569 0.745721 0.748684 0.753492 0.760206 0.768910 0.779716 0.792766 0.808242 0.826364 0.847405 0.871701 0.899662 0.906166 0.885716 0.868213 0.853405 0.841086 0.831092 0.823292 0.817588 0.813910 0.812213 0.812477 0.814704 0.818921 0.825181 0.833560 0.844167 0.811461 0.751328 0.701065 0.658592 0.622386 0.591303 0.564472 0.541218 0.521009 0.503425 0.488126 0.474840 0.463344 6853.000000 1.222472 0.747696
1.000000 0.873414 0.776937 0.701175 0.640281 0.590427 0.549003 0.514168 0.484588 0.459272 0.437471 0.418610 0.402236 0.387995 0.375601 0.364827 0.355485 0.347427 0.340528 0.334688 0.329826 0.325877 0.322790 0.320526 0.319057 0.318365 0.318441 0.319286 0.320911 0.323336 0.326591 0.330716 0.335766 0.341810 0.348930 0.357233 0.366845 0.377925 0.390666 0.405306 0.422142 0.441548 0.463995 0.490091 0.520626 0.556650 0.599580 0.651387 0.714877 0.751949 0.716304 0.685462 0.658687 0.635399 0.615132 0.597513 0.582239 0.569064 0.557785 0.548240 0.540296 0.533846 0.528808 0.525117 0.522727 0.521610 0.521753 0.523156 0.525837 0.529828 0.535180 0.541959 0.550256 0.560180 0.571873 0.585504 0.601286 0.619475 0.640390 0.664423 0.692062 0.668031 0.616458 0.573560 0.537455 0.506775 0.480503 0.457870 0.438281 0.421273 0.406478 0.393603 0.382412 0.372713 0.364349 0.357195 0.351145 0.346117 0.342043 0.338871 0.336561 0.335083 0.334421 0.334566 0.335519 0.337293 0.339909 0.343400 0.347809 0.353195 0.359631 0.367207 0.376034 0.386249 0.398020 0.411555 0.427107 0.444995 0.465617 0.489480 0.517235 0.549730 0.588094 0.633856 0.689140 0.756988 0.841905 0.950860 5890.000000 1.766272 0.539814
0.351145 0.346117 0.342043 0.338871 0.336561 0.335083 0.334421 0.334566 0.335519 0.337293 0.339909 0.343400 0.347809 0.353195 0.359631 0.367207 0.376034 0.386249 0.398020 0.411555 0.427107 0.444995 0.465617 0.489480 0.517235 0.549730 0.588094 0.633856 0.689140 0.756988 0.841905 0.950860 1.000000 0.873414 0.776937 0.701175 0.640281 0.590427 0.549003 0.514168 0.484588 0.459272 0.437471 0.418610 0.402236 0.387995 0.375601 0.364827 0.355485 0.347427 0.340528 0.334688 0.329826 0.325877 0.322790 0.320526 0.319057 0.318365 0.318441 0.319286 0.320911 0.323336 0.326591 0.330716 0.335766 0.341810 0.348930 0.357233 0.366845 0.377925 0.390666 0.405306 0.422142 0.441548 0.463995 0.490091 0.520626 0.556650 0.599580 0.651387 0.714877 0.751949 0.716304 0.685462 0.658687 0.635399 0.615132 0.597513 0.582239 0.569064 0.557785 0.548240 0.540296 0.533846 0.528808 0.525117 0.522727 0.521610 0.521753 0.523156 0.525837 0.529828 0.535180 0.541959 0.550256 0.560180 0.571873 0.585504 0.601286 0.619475 0.640390 0.664423 0.692062 0.668031 0.616458 0.573560 0.537455 0.506775 0.480503 0.457870 0.438281 0.421273 0.406478 0.393603 0.382412 0.372713 0.364349 0.357195 5890.000000 1.766272 0.539814
0.522727 0.521610 0.521753 0.523156 0.525837 0.529828 0.535180 0.541959 0.550256 0.560180 0.571873 0.585504 0.601286 0.619475 0.640390 0.664423 0.692062 0.668031 0.616458 0.573560 0.537455 0.506775 0.480503 0.457870 0.438281 0.421273 0.406478 0.393603 0.382412 0.372713 0.364349 0.357195 0.351145 0.346117 0.342043 0.338871 0.336561 0.335083 0.334421 0.334566 0.335519 0.337293 0.339909 0.343400 0.347809 0.353195 0.359631 0.367207 0.376034 0.386249 0.398020 0.411555 0.427107 0.444995 0.465617 0.489480 0.517235 0.549730 0.588094 0.633856 0.689140 0.756988 0.841905 0.950860 1.000000 0.873414 0.776937 0.701175 0.640281 0.590427 0.549003 0.514168 0.484588 0.459272 0.437471 0.418610 0.402236 0.387995 0.375601 0.364827 0.355485 0.347427 0.340528 0.334688 0.329826 0.325877 0.322790 0.320526 0.319057 0.318365 0.318441 0.319286 0.320911 0.323336 0.326591 0.330716 0.335766 0.341810 0.348930 0.357233 0.366845 0.377925 0.390666 0.405306 0.422142 0.441548 0.463995 0.490091 0.520626 0.556650 0.599580 0.651387 0.714877 0.751949 0.716304 0.685462 0.658687 0.635399 0.615132 0.597513 0.582239 0.569064 0.557785 0.548240 0.540296 0.533846 0.528808 0.525117 5890.000000 1.766272 0.539814
0.335766 0.341810 0.348930 0.357233 0.366845 0.377925 0.390666 0.405306 0.422142 0.441548 0.463995 0.490091 0.520626 0.556650 0.599580 0.651387 0.714877 0.751949 0.716304 0.685462 0.658687 0.635399 0.615132 0.597513 0.582239 0.569064 0.557785 0.548240 0.540296 0.533846 0.528808 0.525117 0.522727 0.521610 0.521753 0.523156 0.525837 0.529828 0.535180 0.541959 0.550256 0.560180 0.571873 0.585504 0.601286 0.619475 0.640390 0.664423 0.692062 0.668031 0.616458 0.573560 0.537455 0.506775 0.480503 0.457870 0.438281 0.421273 0.406478 0.393603 0.382412 0.372713 0.364349 0.357195 0.351145 0.346117 0.342043 0.338871 0.336561 0.335083 0.334421 0.334566 0.335519 0.337293 0.339909 0.343400 0.347809 0.353195 0.359631 0.367207 0.376034 0.386249 0.398020 0.411555 0.427107 0.444995 0.465617 0.489480 0.517235 0.549730 0.588094 0.633856 0.689140 0.756988 0.841905 0.950860 1.000000 0.873414 0.776937 0.701175 0.640281 0.590427 0.549003 0.514168 0.484588 0.459272 0.437471 0.418610 0.402236 0.387995 0.375601 0.364827 0.355485 0.347427 0.340528 0.334688 0.329826 0.325877 0.322790 0.320526 0.319057 0.318365 0.318441 0.319286 0.320911 0.323336 0.326591 0.330716 5890.000000 1.766272 0.539814
0.842731 0.805635 0.773451 0.745468 0.721115 0.699935 0.681560 0.665687 0.652072 0.640514 0.630853 0.622957 0.616724 0.612074 0.608950 0.607313 0.607144 0.608440 0.611218 0.615510 0.621371 0.628874 0.638116 0.649222 0.662344 0.677675 0.695447 0.715948 0.739529 0.766627 0.765118 0.739336 0.716906 0.697427 0.680575 0.666085 0.653741 0.643368 0.634825 0.627998 0.622802 0.619170 0.617058 0.616440 0.617309 0.619676 0.623569 0.629036 0.636146 0.644990 0.655685 0.668379 0.683252 0.700528 0.720481 0.743448 0.769842 0.800179 0.835099 0.875411 0.922146 0.976639 1.000000 0.940288 0.889326 0.845537 0.807712 0.774914 0.746403 0.721592 0.700010 0.681275 0.665077 0.651164 0.639329 0.629407 0.621261 0.614786 0.609898 0.606537 0.604662 0.604250 0.605295 0.607811 0.611827 0.617395 0.624583 0.633485 0.644218 0.656932 0.671808 0.689072 0.709000 0.731931 0.754755 0.731104 0.710551 0.692745 0.677402 0.664289 0.653218 0.644036 0.636621 0.630878 0.626733 0.624136 0.623056 0.623479 0.625410 0.628872 0.633909 0.640583 0.648979 0.659208 0.671407 0.685749 0.702447 0.721760 0.744008 0.769585 0.798976 0.832787 0.871779 0.916920 0.969453 0.993926 0.935538 0.885644 1296.000000 1.322808 0.755198
0.710551 0.692745 0.677402 0.664289 0.653218 0.644036 0.636621 0.630878 0.626733 0.624136 0.623056 0.623479 0.625410 0.628872 0.633909 0.640583 0.648979 0.659208 0.671407 0.685749 0.702447 0.721760 0.744008 0.769585 0.798976 0.832787 0.871779 0.916920 0.969453 0.993926 0.935538 0.885644 0.842731 0.805635 0.773451 0.745468 0.721115 0.699935 0.681560 0.665687 0.652072 0.640514 0.630853 0.622957 0.616724 0.612074 0.608950 0.607313 0.607144 0.608440 0.611218 0.615510 0.621371 0.628874 0.638116 0.649222 0.662344 0.677675 0.695447 0.715948 0.739529 0.766627 0.765118 0.739336 0.716906 0.697427 0.680575 0.666085 0.653741 0.643368 0.634825 0.627998 0.622802 0.619170 0.617058 0.616440 0.617309 0.619676 0.623569 0.629036 0.636146 0.644990 0.655685 0.668379 0.683252 0.700528 0.720481 0.743448 0.769842 0.800179 0.835099 0.875411 0.922146 0.976639 1.000000 0.940288 0.889326 0.845537 0.807712 0.774914 0.746403 0.721592 0.700010 0.681275 0.665077 0.651164 0.639329 0.629407 0.621261 0.614786 0.609898 0.606537 0.604662 0.604250 0.605295 0.607811 0.611827 0.617395 0.624583 0.633485 0.644218 0.656932 0.671808 0.689072 0.709000 0.731931 0.754755 0.731104 1296.000000 1.322808 0.755198
0.889326 0.845537 0.807712 0.774914 0.746403 0.721592 0.700010 0.681275 0.665077 0.651164 0.639329 0.629407 0.621261 0.614786 0.609898 0.606537 0.604662 0.604250 0.605295 0.607811 0.611827 0.617395 0.624583 0.633485 0.644218 0.656932 0.671808 0.689072 0.709000 0.731931 0.754755 0.731104 0.710551 0.692745 0.677402 0.664289 0.653218 0.644036 0.636621 0.630878 0.626733 0.624136 0.623056 0.623479 0.625410 0.628872 0.633909 0.640583 0.648979 0.659208 0.671407 0.685749 0.702447 0.721760 0.744008 0.769585 0.798976 0.832787 0.871779 0.916920 0.969453 0.993926 0.935538 0.885644 0.842731 0.805635 0.773451 0.745468 0.721115 0.699935 0.681560 0.665687 0.652072 0.640514 0.630853 0.622957 0.616724 0.612074 0.608950 0.607313 0.607144 0.608440 0.611218 0.615510 0.621371 0.628874 0.638116 0.649222 0.662344 0.677675 0.695447 0.715948 0.739529 0.766627 0.765118 0.739336 0.716906 0.697427 0.680575 0.666085 0.653741 0.643368 0.634825 0.627998 0.622802 0.619170 0.617058 0.616440 0.617309 0.619676 0.623569 0.629036 0.636146 0.644990 0.655685 0.668379 0.683252 0.700528 0.720481 0.743448 0.769842 0.800179 0.835099 0.875411 0.922146 0.976639 1.000000 0.940288 1296.000000 1.322808 0.755198
0.716906 0.697427 0.680575 0.666085 0.653741 0.643368 0.634825 0.627998 0.622802 0.619170 0.617058 0.616440 0.617309 0.619676 0.623569 0.629036 0.636146 0.644990 0.655685 0.668379 0.683252 0.700528 0.720481 0.743448 0.769842 0.800179 0.835099 0.875411 0.922146 0.976639 1.000000 0.940288 0.889326 0.845537 0.807712 0.774914 0.746403 0.721592 0.700010 0.681275 0.665077 0.651164 0.639329 0.629407 0.621261 0.614786 0.609898 0.606537 0.604662 0.604250 0.605295 0.607811 0.611827 0.617395 0.624583 0.633485 0.644218 0.656932 0.671808 0.689072 0.709000 0.731931 0.754755 0.731104 0.710551 0.692745 0.677402 0.664289 0.653218 0.644036 0.636621 0.630878 0.626733 0.624136 0.623056 0.623479 0.625410 0.628872 0.633909 0.640583 0.648979 0.659208 0.671407 0.685749 0.702447 0.721760 0.744008 0.769585 0.798976 0.832787 0.871779 0.916920 0.969453 0.993926 0.935538 0.885644 0.842731 0.805635 0.773451 0.745468 0.721115 0.699935 0.681560 0.665687 0.652072 0.640514 0.630853 0.622957 0.616724 0.612074 0.608950 0.607313 0.607144 0.608440 0.611218 0.615510 0.621371 0.628874 0.638116 0.649222 0.662344 0.677675 0.695447 0.715948 0.739529 0.766627 0.765118 0.739336 1296.000000 1.322808 0.755198
0.450560 0.449441 0.456087 0.464067 0.473492 0.484499 0.497257 0.511972 0.528897 0.548345 0.570706 0.596466 0.626242 0.660822 0.701232 0.748828 0.805437 0.873582 0.929239 0.905880 0.885748 0.868538 0.854003 0.841940 0.832191 0.824629 0.819158 0.815712 0.814248 0.814749 0.817220 0.821692 0.828219 0.836883 0.847795 0.830284 0.801329 0.776132 0.754233 0.735258 0.718904 0.704923 0.693114 0.683312 0.675389 0.669240 0.664790 0.661983 0.660785 0.661180 0.663175 0.666794 0.672080 0.673971 0.671677 0.671011 0.671963 0.674544 0.678788 0.684745 0.692491 0.702124 0.699280 0.686279 0.675350 0.666344 0.659142 0.653652 0.649805 0.647554 0.646871 0.647749 0.650198 0.654247 0.659947 0.667369 0.676609 0.679413 0.680252 0.682740 0.686907 0.692804 0.700506 0.710111 0.721746 0.735570 0.751780 0.770620 0.768590 0.759952 0.753300 0.748552 0.745649 0.744554 0.745256 0.747762 0.752102 0.758332 0.766527 0.776793 0.789265 0.804113 0.821547 0.841827 0.865271 0.892269 0.923302 0.958965 1.000000 0.975594 0.891212 0.822089 0.764625 0.716283 0.675220 0.640068 0.609792 0.583593 0.560847 0.541063 0.523846 0.508879 0.495906 0.484715 0.475138 0.467036 0.460296 0.454827 11401.000000 1.135786 0.777218
0.752102 0.758332 0.766527 0.776793 0.789265 0.804113 0.821547 0.841827 0.865271 0.892269 0.923302 0.958965 1.000000 0.975594 0.891212 0.822089 0.764625 0.716283 0.675220 0.640068 0.609792 0.583593 0.560847 0.541063 0.523846 0.508879 0.495906 0.484715 0.475138 0.467036 0.460296 0.454827 0.450560 0.449441 0.456087 0.464067 0.473492 0.484499 0.497257 0.511972 0.528897 0.548345 0.570706 0.596466 0.626242 0.660822 0.701232 0.748828 0.805437 0.873582 0.929239 0.905880 0.885748 0.868538 0.854003 0.841940 0.832191 0.824629 0.819158 0.815712 0.814248 0.814749 0.817220 0.821692 0.828219 0.836883 0.847795 0.830284 0.801329 0.776132 0.754233 0.735258 0.718904 0.704923 0.693114 0.683312 0.675389 0.669240 0.664790 0.661983 0.660785 0.661180 0.663175 0.666794 0.672080 0.673971 0.671677 0.671011 0.671963 0.674544 0.678788 0.684745 0.692491 0.702124 0.699280 0.686279 0.675350 0.666344 0.659142 0.653652 0.649805 0.647554 0.646871 0.647749 0.650198 0.654247 0.659947 0.667369 0.676609 0.679413 0.680252 0.682740 0.686907 0.692804 0.700506 0.710111 0.721746 0.735570 0.751780 0.770620 0.768590 0.759952 0.753300 0.748552 0.745649 0.744554 0.745256 0.747762 11401.000000 1.135786 0.777218
0.675350 0.666344 0.659142 0.653652 0.649805 0.647554 0.646871 0.647749 0.650198 0.654247 0.659947 0.667369 0.676609 0.679413 0.680252 0.682740 0.686907 0.692804 0.700506 0.710111 0.721746 0.735570 0.751780 0.770620 0.768590 0.759952 0.753300 0.748552 0.745649 0.744554 0.745256 0.747762 0.752102 0.758332 0.766527 0.776793 0.789265 0.804113 0.821547 0.841827 0.865271 0.892269 0.923302 0.958965 1.000000 0.975594 0.891212 0.822089 0.764625 0.716283 0.675220 0.640068 0.609792 0.583593 0.560847 0.541063 0.523846 0.508879 0.495906 0.484715 0.475138 0.467036 0.460296 0.454827 0.450560 0.449441 0.456087 0.464067 0.473492 0.484499 0.497257 0.511972 0.528897 0.548345 0.570706 0.596466 0.626242 0.660822 0.701232 0.748828 0.805437 0.873582 0.929239 0.905880 0.885748 0.868538 0.854003 0.841940 0.832191 0.824629 0.819158 0.815712 0.814248 0.814749 0.817220 0.821692 0.828219 0.836883 0.847795 0.830284 0.801329 0.776132 0.754233 0.735258 0.718904 0.704923 0.693114 0.683312 0.675389 0.669240 0.664790 0.661983 0.660785 0.661180 0.663175 0.666794 0.672080 0.673971 0.671677 0.671011 0.671963 0.674544 0.678788 0.684745 0.692491 0.702124 0.699280 0.686279 11401.000000 1.135786 0.777218
0.828219 0.836883 0.847795 0.830284 0.801329 0.776132 0.754233 0.735258 0.718904 0.704923 0.693114 0.683312 0.675389 0.669240 0.664790 0.661983 0.660785 0.661180 0.663175 0.666794 0.672080 0.673971 0.671677 0.671011 0.671963 0.674544 0.678788 0.684745 0.692491 0.702124 0.699280 0.686279 0.675350 0.666344 0.659142 0.653652 0.649805 0.647554 0.646871 0.647749 0.650198 0.654247 0.659947 0.667369 0.676609 0.679413 0.680252 0.682740 0.686907 0.692804 0.700506 0.710111 0.721746 0.735570 0.751780 0.770620 0.768590 0.759952 0.753300 0.748552 0.745649 0.744554 0.745256 0.747762 0.752102 0.758332 0.766527 0.776793 0.789265 0.804113 0.821547 0.841827 0.865271 0.892269 0.923302 0.958965 1.000000 0.975594 0.891212 0.822089 0.764625 0.716283 0.675220 0.640068 0.609792 0.583593 0.560847 0.541063 0.523846 0.508879 0.495906 0.484715 0.475138 0.467036 0.460296 0.454827 0.450560 0.449441 0.456087 0.464067 0.473492 0.484499 0.497257 0.511972 0.528897 0.548345 0.570706 0.596466 0.626242 0.660822 0.701232 0.748828 0.805437 0.873582 0.929239 0.905880 0.885748 0.868538 0.854003 0.841940 0.832191 0.824629 0.819158 0.815712 0.814248 0.814749 0.817220 0.821692 11401.000000 1.135786 0.777218
0.631814 0.598393 0.569634 0.544764 0.523183 0.504416 0.488083 0.473881 0.461562 0.450927 0.441810 0.434081 0.427629 0.422369 0.418232 0.415166 0.413133 0.412107 0.412077 0.413042 0.415013 0.418015 0.422086 0.427275 0.433652 0.441301 0.450329 0.460868 0.473078 0.487159 0.503354 0.521963 0.543360 0.568014 0.596516 0.629626 0.668334 0.713944 0.768222 0.833606 0.913561 1.000000 0.893306 0.808945 0.740774 0.684721 0.637982 0.598567 0.565020 0.536258 0.511454 0.489972 0.471311 0.455075 0.440948 0.428673 0.418043 0.408888 0.401072 0.394481 0.389025 0.384632 0.381245 0.378822 0.377333 0.376760 0.377096 0.378344 0.380521 0.383652 0.387777 0.392949 0.399236 0.406722 0.415515 0.425745 0.437572 0.451193 0.466850 0.484842 0.505544 0.529425 0.557083 0.589287 0.627047 0.671705 0.725094 0.789770 0.865206 0.809989 0.763125 0.723034 0.688521 0.658667 0.632756 0.610220 0.590609 0.573557 0.558771 0.546011 0.535080 0.525820 0.518103 0.511823 0.506901 0.503273 0.500895 0.499738 0.499787 0.501044 0.503523 0.507254 0.512285 0.518678 0.526518 0.535909 0.546983 0.559901 0.574863 0.592112 0.611948 0.634741 0.660952 0.691157 0.726089 0.766684 0.716984 0.670901 1714.000000 1.383458 0.581630
0.590609 0.573557 0.558771 0.546011 0.535080 0.525820 0.518103 0.511823 0.506901 0.503273 0.500895 0.499738 0.499787 0.501044 0.503523 0.507254 0.512285 0.518678 0.526518 0.535909 0.546983 0.559901 0.574863 0.592112 0.611948 0.634741 0.660952 0.691157 0.726089 0.766684 0.716984 0.670901 0.631814 0.598393 0.569634 0.544764 0.523183 0.504416 0.488083 0.473881 0.461562 0.450927 0.441810 0.434081 0.427629 0.422369 0.418232 0.415166 0.413133 0.412107 0.412077 0.413042 0.415013 0.418015 0.422086 0.427275 0.433652 0.441301 0.450329 0.460868 0.473078 0.487159 0.503354 0.521963 0.543360 0.568014 0.596516 0.629626 0.668334 0.713944 0.768222 0.833606 0.913561 1.000000 0.893306 0.808945 0.740774 0.684721 0.637982 0.598567 0.565020 0.536258 0.511454 0.489972 0.471311 0.455075 0.440948 0.428673 0.418043 0.408888 0.401072 0.394481 0.389025 0.384632 0.381245 0.378822 0.377333 0.376760 0.377096 0.378344 0.380521 0.383652 0.387777 0.392949 0.399236 0.406722 0.415515 0.425745 0.437572 0.451193 0.466850 0.484842 0.505544 0.529425 0.557083 0.589287 0.627047 0.671705 0.725094 0.789770 0.865206 0.809989 0.763125 0.723034 0.688521 0.658667 0.632756 0.610220 1714.000000 1.383458 0.581630
0.377333 0.376760 0.377096 0.378344 0.380521 0.383652 0.387777 0.392949 0.399236 0.406722 0.415515 0.425745 0.437572 0.451193 0.466850 0.484842 0.505544 0.529425 0.557083 0.589287 0.627047 0.671705 0.725094 0.789770 0.865206 0.809989 0.763125 0.723034 0.688521 0.658667 0.632756 0.610220 0.590609 0.573557 0.558771 0.546011 0.535080 0.525820 0.518103 0.511823 0.506901 0.503273 0.500895 0.499738 0.499787 0.501044 0.503523 0.507254 0.512285 0.518678 0.526518 0.535909 0.546983 0.559901 0.574863 0.592112 0.611948 0.634741 0.660952 0.691157 0.726089 0.766684 0.716984 0.670901 0.631814 0.598393 0.569634 0.544764 0.523183 0.504416 0.488083 0.473881 0.461562 0.450927 0.441810 0.434081 0.427629 0.422369 0.418232 0.415166 0.413133 0.412107 0.412077 0.413042 0.415013 0.418015 0.422086 0.427275 0.433652 0.441301 0.450329 0.460868 0.473078 0.487159 0.503354 0.521963 0.543360 0.568014 0.596516 0.629626 0.668334 0.713944 0.768222 0.833606 0.913561 1.000000 0.893306 0.808945 0.740774 0.684721 0.637982 0.598567 0.565020 0.536258 0.511454 0.489972 0.471311 0.455075 0.440948 0.428673 0.418043 0.408888 0.401072 0.394481 0.389025 0.384632 0.381245 0.378822 1714.000000 1.383458 0.581630
0.543360 0.568014 0.596516 0.629626 0.668334 0.713944 0.768222 0.833606 0.913561 1.000000 0.893306 0.808945 0.740774 0.684721 0.637982 0.598567 0.565020 0.536258 0.511454 0.489972 0.471311 0.455075 0.440948 0.428673 0.418043 0.408888 0.401072 0.394481 0.389025 0.384632 0.381245 0.378822 0.377333 0.376760 0.377096 0.378344 0.380521 0.383652 0.387777 0.392949 0.399236 0.406722 0.415515 0.425745 0.437572 0.451193 0.466850 0.484842 0.505544 0.529425 0.557083 0.589287 0.627047 0.671705 0.725094 0.789770 0.865206 0.809989 0.763125 0.723034 0.688521 0.658667 0.632756 0.610220 0.590609 0.573557 0.558771 0.546011 0.535080 0.525820 0.518103 0.511823 0.506901 0.503273 0.500895 0.499738 0.499787 0.501044 0.503523 0.507254 0.512285 0.518678 0.526518 0.535909 0.546983 0.559901 0.574863 0.592112 0.611948 0.634741 0.660952 0.691157 0.726089 0.766684 0.716984 0.670901 0.631814 0.598393 0.569634 0.544764 0.523183 0.504416 0.488083 0.473881 0.461562 0.450927 0.441810 0.434081 0.427629 0.422369 0.418232 0.415166 0.413133 0.412107 0.412077 0.413042 0.415013 0.418015 0.422086 0.427275 0.433652 0.441301 0.450329 0.460868 0.473078 0.487159 0.503354 0.521963 1714.000000 1.383458 0.581630
1.000000 0.911635 0.839476 0.779644 0.729413 0.686817 0.650402 0.619071 0.591980 0.568473 0.548031 0.530241 0.514771 0.501352 0.489765 0.479831 0.471405 0.464369 0.458628 0.454109 0.450753 0.448519 0.447379 0.447320 0.448342 0.450455 0.453686 0.458076 0.463680 0.470570 0.478839 0.488601 0.500000 0.513209 0.528443 0.545964 0.566097 0.589247 0.615917 0.646748 0.682559 0.724415 0.773727 0.832394 0.889932 0.832757 0.784260 0.742792 0.707107 0.676248 0.649469 0.626181 0.605914 0.588291 0.573006 0.559809 0.548498 0.538908 0.530904 0.524380 0.519249 0.515448 0.512929 0.511660 0.511628 0.512831 0.515284 0.519017 0.524076 0.530525 0.538448 0.547952 0.559168 0.572261 0.587431 0.604924 0.625042 0.648160 0.674742 0.705369 0.740779 0.781914 0.830004 0.886673 0.854397 0.791321 0.738574 0.693987 0.655968 0.623321 0.595136 0.570705 0.549472 0.530996 0.514922 0.500964 0.488889 0.478508 0.469667 0.462240 0.456127 0.451245 0.447534 0.444946 0.443451 0.443029 0.443675 0.445399 0.448219 0.452172 0.457307 0.463690 0.471405 0.480558 0.491281 0.503734 0.518116 0.534669 0.553693 0.575558 0.600728 0.629787 0.663479 0.702768 0.748922 0.803636 0.869234 0.948981 957.000000 1.195223 0.597555
0.488889 0.478508 0.469667 0.462240 0.456127 0.451245 0.447534 0.444946 0.443451 0.443029 0.443675 0.445399 0.448219 0.452172 0.457307 0.463690 0.471405 0.480558 0.491281 0.503734 0.518116 0.534669 0.553693 0.575558 0.600728 0.629787 0.663479 0.702768 0.748922 0.803636 0.869234 0.948981 1.000000 0.911635 0.839476 0.779644 0.729413 0.686817 0.650402 0.619071 0.591980 0.568473 0.548031 0.530241 0.514771 0.501352 0.489765 0.479831 0.471405 0.464369 0.458628 0.454109 0.450753 0.448519 0.447379 0.447320 0.448342 0.450455 0.453686 0.458076 0.463680 0.470570 0.478839 0.488601 0.500000 0.513209 0.528443 0.545964 0.566097 0.589247 0.615917 0.646748 0.682559 0.724415 0.773727 0.832394 0.889932 0.832757 0.784260 0.742792 0.707107 0.676248 0.649469 0.626181 0.605914 0.588291 0.573006 0.559809 0.548498 0.538908 0.530904 0.524380 0.519249 0.515448 0.512929 0.511660 0.511628 0.512831 0.515284 0.519017 0.524076 0.530525 0.538448 0.547952 0.559168 0.572261 0.587431 0.604924 0.625042 0.648160 0.674742 0.705369 0.740779 0.781914 0.830004 0.886673 0.854397 0.791321 0.738574 0.693987 0.655968 0.623321 0.595136 0.570705 0.549472 0.530996 0.514922 0.500964 957.000000 1.195223 0.597555
0.511628 0.512831 0.515284 0.519017 0.524076 0.530525 0.538448 0.547952 0.559168 0.572261 0.587431 0.604924 0.625042 0.648160 0.674742 0.705369 0.740779 0.781914 0.830004 0.886673 0.854397 0.791321 0.738574 0.693987 0.655968 0.623321 0.595136 0.570705 0.549472 0.530996 0.514922 0.500964 0.488889 0.478508 0.469667 0.462240 0.456127 0.451245 0.447534 0.444946 0.443451 0.443029 0.443675 0.445399 0.448219 0.452172 0.457307 0.463690 0.471405 0.480558 0.491281 0.503734 0.518116 0.534669 0.553693 0.575558 0.600728 0.629787 0.663479 0.702768 0.748922 0.803636 0.869234 0.948981 1.000000 0.911635 0.839476 0.779644 0.729413 0.686817 0.650402 0.619071 0.591980 0.568473 0.548031 0.530241 0.514771 0.501352 0.489765 0.479831 0.471405 0.464369 0.458628 0.454109 0.450753 0.448519 0.447379 0.447320 0.448342 0.450455 0.453686 0.458076 0.463680 0.470570 0.478839 0.488601 0.500000 0.513209 0.528443 0.545964 0.566097 0.589247 0.615917 0.646748 0.682559 0.724415 0.773727 0.832394 0.889932 0.832757 0.784260 0.742792 0.707107 0.676248 0.649469 0.626181 0.605914 0.588291 0.573006 0.559809 0.548498 0.538908 0.530904 0.524380 0.519249 0.515448 0.512929 0.511660 957.000000 1.195223 0.597555
0.500000 0.513209 0.528443 0.545964 0.566097 0.589247 0.615917 0.646748 0.682559 0.724415 0.773727 0.832394 0.889932 0.832757 0.784260 0.742792 0.707107 0.676248 0.649469 0.626181 0.605914 0.588291 0.573006 0.559809 0.548498 0.538908 0.530904 0.524380 0.519249 0.515448 0.512929 0.511660 0.511628 0.512831 0.515284 0.519017 0.524076 0.530525 0.538448 0.547952 0.559168 0.572261 0.587431 0.604924 0.625042 0.648160 0.674742 0.705369 0.740779 0.781914 0.830004 0.886673 0.854397 0.791321 0.738574 0.693987 0.655968 0.623321 0.595136 0.570705 0.549472 0.530996 0.514922 0.500964 0.488889 0.478508 0.469667 0.462240 0.456127 0.451245 0.447534 0.444946 0.443451 0.443029 0.443675 0.445399 0.448219 0.452172 0.457307 0.463690 0.471405 0.480558 0.491281 0.503734 0.518116 0.534669 0.553693 0.575558 0.600728 0.629787 0.663479 0.702768 0.748922 0.803636 0.869234 0.948981 1.000000 0.911635 0.839476 0.779644 0.729413 0.686817 0.650402 0.619071 0.591980 0.568473 0.548031 0.530241 0.514771 0.501352 0.489765 0.479831 0.471405 0.464369 0.458628 0.454109 0.450753 0.448519 0.447379 0.447320 0.448342 0.450455 0.453686 0.458076 0.463680 0.470570 0.478839 0.488601 957.000000 1.195223 0.597555
0.901623 0.947124 1.000000 0.998246 0.962124 0.930689 0.903350 0.879630 0.859140 0.841565 0.826646 0.814174 0.803981 0.795933 0.789929 0.785894 0.783779 0.783558 0.771284 0.744985 0.722103 0.702226 0.685020 0.670212 0.657583 0.646950 0.638168 0.631122 0.625720 0.621896 0.619602 0.618810 0.619510 0.621712 0.625441 0.630744 0.637958 0.647451 0.658840 0.672287 0.687986 0.706177 0.727156 0.751285 0.779011 0.810891 0.838981 0.820336 0.804397 0.790935 0.779764 0.770734 0.763731 0.758664 0.755473 0.754117 0.754581 0.756869 0.761011 0.767056 0.775080 0.785186 0.797505 0.812205 0.829492 0.849623 0.849649 0.837305 0.827279 0.819441 0.813692 0.809960 0.808201 0.808393 0.810538 0.814662 0.820816 0.829076 0.839547 0.817405 0.797013 0.779446 0.764439 0.751775 0.741281 0.732817 0.726274 0.721569 0.718646 0.717467 0.718019 0.720309 0.724364 0.730234 0.737992 0.747738 0.759599 0.771006 0.749907 0.731647 0.715939 0.702549 0.691285 0.681993 0.674552 0.668865 0.664862 0.662492 0.661728 0.661791 0.657032 0.653904 0.652370 0.652412 0.654029 0.657241 0.662088 0.668630 0.676950 0.687155 0.699383 0.713806 0.730633 0.750123 0.772594 0.798435 0.828129 0.862275 2032.500000 1.128948 0.868817
0.759599 0.771006 0.749907 0.731647 0.715939 0.702549 0.691285 0.681993 0.674552 0.668865 0.664862 0.662492 0.661728 0.661791 0.657032 0.653904 0.652370 0.652412 0.654029 0.657241 0.662088 0.668630 0.676950 0.687155 0.699383 0.713806 0.730633 0.750123 0.772594 0.798435 0.828129 0.862275 0.901623 0.947124 1.000000 0.998246 0.962124 0.930689 0.903350 0.879630 0.859140 0.841565 0.826646 0.814174 0.803981 0.795933 0.789929 0.785894 0.783779 0.783558 0.771284 0.744985 0.722103 0.702226 0.685020 0.670212 0.657583 0.646950 0.638168 0.631122 0.625720 0.621896 0.619602 0.618810 0.619510 0.621712 0.625441 0.630744 0.637958 0.647451 0.658840 0.672287 0.687986 0.706177 0.727156 0.751285 0.779011 0.810891 0.838981 0.820336 0.804397 0.790935 0.779764 0.770734 0.763731 0.758664 0.755473 0.754117 0.754581 0.756869 0.761011 0.767056 0.775080 0.785186 0.797505 0.812205 0.829492 0.849623 0.849649 0.837305 0.827279 0.819441 0.813692 0.809960 0.808201 0.808393 0.810538 0.814662 0.820816 0.829076 0.839547 0.817405 0.797013 0.779446 0.764439 0.751775 0.741281 0.732817 0.726274 0.721569 0.718646 0.717467 0.718019 0.720309 0.724364 0.730234 0.737992 0.747738 2032.500000 1.128948 0.868817
0.829492 0.849623 0.849649 0.837305 0.827279 0.819441 0.813692 0.809960 0.808201 0.808393 0.810538 0.814662 0.820816 0.829076 0.839547 0.817405 0.797013 0.779446 0.764439 0.751775 0.741281 0.732817 0.726274 0.721569 0.718646 0.717467 0.718019 0.720309 0.724364 0.730234 0.737992 0.747738 0.759599 0.771006 0.749907 0.731647 0.715939 0.702549 0.691285 0.681993 0.674552 0.668865 0.664862 0.662492 0.661728 0.661791 0.657032 0.653904 0.652370 0.652412 0.654029 0.657241 0.662088 0.668630 0.676950 0.687155 0.699383 0.713806 0.730633 0.750123 0.772594 0.798435 0.828129 0.862275 0.901623 0.947124 1.000000 0.998246 0.962124 0.930689 0.903350 0.879630 0.859140 0.841565 0.826646 0.814174 0.803981 0.795933 0.789929 0.785894 0.783779 0.783558 0.771284 0.744985 0.722103 0.702226 0.685020 0.670212 0.657583 0.646950 0.638168 0.631122 0.625720 0.621896 0.619602 0.618810 0.619510 0.621712 0.625441 0.630744 0.637958 0.647451 0.658840 0.672287 0.687986 0.706177 0.727156 0.751285 0.779011 0.810891 0.838981 0.820336 0.804397 0.790935 0.779764 0.770734 0.763731 0.758664 0.755473 0.754117 0.754581 0.756869 0.761011 0.767056 0.775080 0.785186 0.797505 0.812205 2032.500000 1.128948 0.868817
0.619510 0.621712 0.625441 0.630744 0.637958 0.647451 0.658840 0.672287 0.687986 0.706177 0.727156 0.751285 0.779011 0.810891 0.838981 0.820336 0.804397 0.790935 0.779764 0.770734 0.763731 0.758664 0.755473 0.754117 0.754581 0.756869 0.761011 0.767056 0.775080 0.785186 0.797505 0.812205 0.829492 0.849623 0.849649 0.837305 0.827279 0.819441 0.813692 0.809960 0.808201 0.808393 0.810538 0.814662 0.820816 0.829076 0.839547 0.817405 0.797013 0.779446 0.764439 0.751775 0.741281 0.732817 0.726274 0.721569 0.718646 0.717467 0.718019 0.720309 0.724364 0.730234 0.737992 0.747738 0.759599 0.771006 0.749907 0.731647 0.715939 0.702549 0.691285 0.681993 0.674552 0.668865 0.664862 0.662492 0.661728 0.661791 0.657032 0.653904 0.652370 0.652412 0.654029 0.657241 0.662088 0.668630 0.676950 0.687155 0.699383 0.713806 0.730633 0.750123 0.772594 0.798435 0.828129 0.862275 0.901623 0.947124 1.000000 0.998246 0.962124 0.930689 0.903350 0.879630 0.859140 0.841565 0.826646 0.814174 0.803981 0.795933 0.789929 0.785894 0.783779 0.783558 0.771284 0.744985 0.722103 0.702226 0.685020 0.670212 0.657583 0.646950 0.638168 0.631122 0.625720 0.621896 0.619602 0.618810 2032.500000 1.128948 0.868817
0.839887 0.812086 0.787905 0.766916 0.748773 0.733194 0.719950 0.708853 0.699753 0.692531 0.687094 0.683376 0.681331 0.680933 0.682178 0.685082 0.689678 0.696025 0.704202 0.714315 0.726498 0.740920 0.757788 0.760994 0.742584 0.726753 0.713266 0.701930 0.692591 0.685126 0.679440 0.675461 0.673141 0.672451 0.673384 0.675949 0.680179 0.686126 0.693863 0.703492 0.715138 0.728963 0.745162 0.763981 0.785716 0.810735 0.839489 0.872536 0.910576 0.954487 0.952903 0.913962 0.880116 0.850663 0.825041 0.802795 0.783555 0.767020 0.752945 0.741130 0.731416 0.723673 0.717804 0.713735 0.711416 0.710819 0.711937 0.714783 0.719391 0.725820 0.734149 0.744485 0.756967 0.771765 0.789092 0.809209 0.832437 0.859169 0.858737 0.827887 0.801039 0.777692 0.757441 0.739955 0.724965 0.712253 0.701640 0.692983 0.686170 0.681115 0.677754 0.676048 0.675974 0.677532 0.680741 0.685641 0.692291 0.700776 0.711207 0.723722 0.738497 0.755747 0.752100 0.741430 0.732798 0.726094 0.721234 0.718156 0.716825 0.717223 0.719355 0.723248 0.728948 0.736528 0.746083 0.757739 0.771654 0.788023 0.807087 0.829145 0.854558 0.883775 0.917348 0.955967 1.000000 0.950954 0.908580 0.871833 747.000000 1.153806 0.833830
0.692291 0.700776 0.711207 0.723722 0.738497 0.755747 0.752100 0.741430 0.732798 0.726094 0.721234 0.718156 0.716825 0.717223 0.719355 0.723248 0.728948 0.736528 0.746083 0.757739 0.771654 0.788023 0.807087 0.829145 0.854558 0.883775 0.917348 0.955967 1.000000 0.950954 0.908580 0.871833 0.839887 0.812086 0.787905 0.766916 0.748773 0.733194 0.719950 0.708853 0.699753 0.692531 0.687094 0.683376 0.681331 0.680933 0.682178 0.685082 0.689678 0.696025 0.704202 0.714315 0.726498 0.740920 0.757788 0.760994 0.742584 0.726753 0.713266 0.701930 0.692591 0.685126 0.679440 0.675461 0.673141 0.672451 0.673384 0.675949 0.680179 0.686126 0.693863 0.703492 0.715138 0.728963 0.745162 0.763981 0.785716 0.810735 0.839489 0.872536 0.910576 0.954487 0.952903 0.913962 0.880116 0.850663 0.825041 0.802795 0.783555 0.767020 0.752945 0.741130 0.731416 0.723673 0.717804 0.713735 0.711416 0.710819 0.711937 0.714783 0.719391 0.725820 0.734149 0.744485 0.756967 0.771765 0.789092 0.809209 0.832437 0.859169 0.858737 0.827887 0.801039 0.777692 0.757441 0.739955 0.724965 0.712253 0.701640 0.692983 0.686170 0.681115 0.677754 0.676048 0.675974 0.677532 0.680741 0.685641 747.000000 1.153806 0.833830
0.711416 0.710819 0.711937 0.714783 0.719391 0.725820 0.734149 0.744485 0.756967 0.771765 0.789092 0.809209 0.832437 0.859169 0.858737 0.827887 0.801039 0.777692 0.757441 0.739955 0.724965 0.712253 0.701640 0.692983 0.686170 0.681115 0.677754 0.676048 0.675974 0.677532 0.680741 0.685641 0.692291 0.700776 0.711207 0.723722 0.738497 0.755747 0.752100 0.741430 0.732798 0.726094 0.721234 0.718156 0.716825 0.717223 0.719355 0.723248 0.728948 0.736528 0.746083 0.757739 0.771654 0.788023 0.807087 0.829145 0.854558 0.883775 0.917348 0.955967 1.000000 0.950954 0.908580 0.871833 0.839887 0.812086 0.787905 0.766916 0.748773 0.733194 0.719950 0.708853 0.699753 0.692531 0.687094 0.683376 0.681331 0.680933 0.682178 0.685082 0.689678 0.696025 0.704202 0.714315 0.726498 0.740920 0.757788 0.760994 0.742584 0.726753 0.713266 0.701930 0.692591 0.685126 0.679440 0.675461 0.673141 0.672451 0.673384 0.675949 0.680179 0.686126 0.693863 0.703492 0.715138 0.728963 0.745162 0.763981 0.785716 0.810735 0.839489 0.872536 0.910576 0.954487 0.952903 0.913962 0.880116 0.850663 0.825041 0.802795 0.783555 0.767020 0.752945 0.741130 0.731416 0.723673 0.717804 0.713735 747.000000 1.153806 0.833830
0.673141 0.672451 0.673384 0.675949 0.680179 0.686126 0.693863 0.703492 0.715138 0.728963 0.745162 0.763981 0.785716 0.810735 0.839489 0.872536 0.910576 0.954487 0.952903 0.913962 0.880116 0.850663 0.825041 0.802795 0.783555 0.767020 0.752945 0.741130 0.731416 0.723673 0.717804 0.713735 0.711416 0.710819 0.711937 0.714783 0.719391 0.725820 0.734149 0.744485 0.756967 0.771765 0.789092 0.809209 0.832437 0.859169 0.858737 0.827887 0.801039 0.777692 0.757441 0.739955 0.724965 0.712253 0.701640 0.692983 0.686170 0.681115 0.677754 0.676048 0.675974 0.677532 0.680741 0.685641 0.692291 0.700776 0.711207 0.723722 0.738497 0.755747 0.752100 0.741430 0.732798 0.726094 0.721234 0.718156 0.716825 0.717223 0.719355 0.723248 0.728948 0.736528 0.746083 0.757739 0.771654 0.788023 0.807087 0.829145 0.854558 0.883775 0.917348 0.955967 1.000000 0.950954 0.908580 0.871833 0.839887 0.812086 0.787905 0.766916 0.748773 0.733194 0.719950 0.708853 0.699753 0.692531 0.687094 0.683376 0.681331 0.680933 0.682178 0.685082 0.689678 0.696025 0.704202 0.714315 0.726498 0.740920 0.757788 0.760994 0.742584 0.726753 0.713266 0.701930 0.692591 0.685126 0.679440 0.675461 747.000000 1.153806 0.833830
0.796819 0.816402 0.839043 0.865119 0.895094 0.929540 0.969172 0.974169 0.940026 0.910315 0.884490 0.862110 0.842814 0.826310 0.812360 0.800770 0.791386 0.784086 0.778778 0.775398 0.773903 0.774275 0.776520 0.762568 0.738303 0.717209 0.698923 0.683152 0.669655 0.658235 0.648735 0.641028 0.635014 0.630616 0.627781 0.626474 0.626679 0.628398 0.631652 0.636482 0.642947 0.648397 0.644516 0.642219 0.641479 0.642285 0.644649 0.648598 0.654182 0.661470 0.670556 0.681560 0.694633 0.705161 0.716472 0.729939 0.745754 0.764150 0.785417 0.809908 0.838060 0.870413 0.907637 0.950580 1.000000 0.971381 0.946570 0.925170 0.906851 0.891350 0.878450 0.867980 0.859803 0.853817 0.849947 0.848146 0.848392 0.850688 0.855062 0.831463 0.797082 0.767205 0.741209 0.718591 0.698946 0.681946 0.667323 0.654490 0.643557 0.634488 0.627160 0.621479 0.617374 0.614795 0.613710 0.614105 0.615985 0.619374 0.624313 0.630863 0.639107 0.649155 0.661142 0.675238 0.691650 0.710634 0.732504 0.757647 0.786539 0.819775 0.802201 0.784602 0.769572 0.756896 0.746400 0.737945 0.731421 0.726747 0.723865 0.722741 0.723359 0.725729 0.729878 0.735858 0.743744 0.753635 0.765663 0.779990 1495.500000 1.263977 0.852576
0.615985 0.619374 0.624313 0.630863 0.639107 0.649155 0.661142 0.675238 0.691650 0.710634 0.732504 0.757647 0.786539 0.819775 0.802201 0.784602 0.769572 0.756896 0.746400 0.737945 0.731421 0.726747 0.723865 0.722741 0.723359 0.725729 0.729878 0.735858 0.743744 0.753635 0.765663 0.779990 0.796819 0.816402 0.839043 0.865119 0.895094 0.929540 0.969172 0.974169 0.940026 0.910315 0.884490 0.862110 0.842814 0.826310 0.812360 0.800770 0.791386 0.784086 0.778778 0.775398 0.773903 0.774275 0.776520 0.762568 0.738303 0.717209 0.698923 0.683152 0.669655 0.658235 0.648735 0.641028 0.635014 0.630616 0.627781 0.626474 0.626679 0.628398 0.631652 0.636482 0.642947 0.648397 0.644516 0.642219 0.641479 0.642285 0.644649 0.648598 0.654182 0.661470 0.670556 0.681560 0.694633 0.705161 0.716472 0.729939 0.745754 0.764150 0.785417 0.809908 0.838060 0.870413 0.907637 0.950580 1.000000 0.971381 0.946570 0.925170 0.906851 0.891350 0.878450 0.867980 0.859803 0.853817 0.849947 0.848146 0.848392 0.850688 0.855062 0.831463 0.797082 0.767205 0.741209 0.718591 0.698946 0.681946 0.667323 0.654490 0.643557 0.634488 0.627160 0.621479 0.617374 0.614795 0.613710 0.614105 1495.500000 1.263977 0.852576
1.000000 0.971381 0.946570 0.925170 0.906851 0.891350 0.878450 0.867980 0.859803 0.853817 0.849947 0.848146 0.848392 0.850688 0.855062 0.831463 0.797082 0.767205 0.741209 0.718591 0.698946 0.681946 0.667323 0.654490 0.643557 0.634488 0.627160 0.621479 0.617374 0.614795 0.613710 0.614105 0.615985 0.619374 0.624313 0.630863 0.639107 0.649155 0.661142 0.675238 0.691650 0.710634 0.732504 0.757647 0.786539 0.819775 0.802201 0.784602 0.769572 0.756896 0.746400 0.737945 0.731421 0.726747 0.723865 0.722741 0.723359 0.725729 0.729878 0.735858 0.743744 0.753635 0.765663 0.779990 0.796819 0.816402 0.839043 0.865119 0.895094 0.929540 0.969172 0.974169 0.940026 0.910315 0.884490 0.862110 0.842814 0.826310 0.812360 0.800770 0.791386 0.784086 0.778778 0.775398 0.773903 0.774275 0.776520 0.762568 0.738303 0.717209 0.698923 0.683152 0.669655 0.658235 0.648735 0.641028 0.635014 0.630616 0.627781 0.626474 0.626679 0.628398 0.631652 0.636482 0.642947 0.648397 0.644516 0.642219 0.641479 0.642285 0.644649 0.648598 0.654182 0.661470 0.670556 0.681560 0.694633 0.705161 0.716472 0.729939 0.745754 0.764150 0.785417 0.809908 0.838060 0.870413 0.907637 0.950580 1495.500000 1.263977 0.852576
0.635014 0.630616 0.627781 0.626474 0.626679 0.628398 0.631652 0.636482 0.642947 0.648397 0.644516 0.642219 0.641479 0.642285 0.644649 0.648598 0.654182 0.661470 0.670556 0.681560 0.694633 0.705161 0.716472 0.729939 0.745754 0.764150 0.785417 0.809908 0.838060 0.870413 0.907637 0.950580 1.000000 0.971381 0.946570 0.925170 0.906851 0.891350 0.878450 0.867980 0.859803 0.853817 0.849947 0.848146 0.848392 0.850688 0.855062 0.831463 0.797082 0.767205 0.741209 0.718591 0.698946 0.681946 0.667323 0.654490 0.643557 0.634488 0.627160 0.621479 0.617374 0.614795 0.613710 0.614105 0.615985 0.619374 0.624313 0.630863 0.639107 0.649155 0.661142 0.675238 0.691650 0.710634 0.732504 0.757647 0.786539 0.819775 0.802201 0.784602 0.769572 0.756896 0.746400 0.737945 0.731421 0.726747 0.723865 0.722741 0.723359 0.725729 0.729878 0.735858 0.743744 0.753635 0.765663 0.779990 0.796819 0.816402 0.839043 0.865119 0.895094 0.929540 0.969172 0.974169 0.940026 0.910315 0.884490 0.862110 0.842814 0.826310 0.812360 0.800770 0.791386 0.784086 0.778778 0.775398 0.773903 0.774275 0.776520 0.762568 0.738303 0.717209 0.698923 0.683152 0.669655 0.658235 0.648735 0.641028 1495.500000 1.263977 0.852576
0.627034 0.644454 0.664515 0.687575 0.714076 0.744566 0.779739 0.801713 0.803543 0.807331 0.813123 0.820990 0.831033 0.843382 0.858202 0.875699 0.896128 0.919802 0.947105 0.978508 1.000000 0.939845 0.888536 0.844468 0.806415 0.773427 0.744756 0.719806 0.698101 0.679256 0.662956 0.648946 0.637020 0.627007 0.618772 0.620073 0.639124 0.661025 0.686192 0.715143 0.748526 0.787168 0.832131 0.884803 0.947028 0.945047 0.881861 0.828465 0.782945 0.743865 0.710130 0.680892 0.655483 0.633372 0.614136 0.597431 0.582978 0.570550 0.559961 0.551062 0.543730 0.540478 0.541433 0.543704 0.547317 0.552319 0.558771 0.566757 0.576384 0.587784 0.601121 0.616597 0.634460 0.655015 0.678635 0.705786 0.737050 0.773161 0.815058 0.863956 0.921457 0.970429 0.947305 0.927439 0.910537 0.896362 0.884719 0.875458 0.868458 0.863634 0.860926 0.860300 0.861751 0.865294 0.870973 0.878859 0.889050 0.901677 0.903817 0.852324 0.808224 0.770227 0.737339 0.708783 0.683942 0.662324 0.643535 0.627251 0.613212 0.601204 0.591054 0.582622 0.575794 0.570483 0.566477 0.561490 0.557922 0.555729 0.554885 0.555380 0.557219 0.560425 0.565037 0.571113 0.578731 0.587990 0.599017 0.611967 1634.500000 1.276915 0.717890
0.889050 0.901677 0.903817 0.852324 0.808224 0.770227 0.737339 0.708783 0.683942 0.662324 0.643535 0.627251 0.613212 0.601204 0.591054 0.582622 0.575794 0.570483 0.566477 0.561490 0.557922 0.555729 0.554885 0.555380 0.557219 0.560425 0.565037 0.571113 0.578731 0.587990 0.599017 0.611967 0.627034 0.644454 0.664515 0.687575 0.714076 0.744566 0.779739 0.801713 0.803543 0.807331 0.813123 0.820990 0.831033 0.843382 0.858202 0.875699 0.896128 0.919802 0.947105 0.978508 1.000000 0.939845 0.888536 0.844468 0.806415 0.773427 0.744756 0.719806 0.698101 0.679256 0.662956 0.648946 0.637020 0.627007 0.618772 0.620073 0.639124 0.661025 0.686192 0.715143 0.748526 0.787168 0.832131 0.884803 0.947028 0.945047 0.881861 0.828465 0.782945 0.743865 0.710130 0.680892 0.655483 0.633372 0.614136 0.597431 0.582978 0.570550 0.559961 0.551062 0.543730 0.540478 0.541433 0.543704 0.547317 0.552319 0.558771 0.566757 0.576384 0.587784 0.601121 0.616597 0.634460 0.655015 0.678635 0.705786 0.737050 0.773161 0.815058 0.863956 0.921457 0.970429 0.947305 0.927439 0.910537 0.896362 0.884719 0.875458 0.868458 0.863634 0.860926 0.860300 0.861751 0.865294 0.870973 0.878859 1634.500000 1.276915 0.717890
0.547317 0.552319 0.558771 0.566757 0.576384 0.587784 0.601121 0.616597 0.634460 0.655015 0.678635 0.705786 0.737050 0.773161 0.815058 0.863956 0.921457 0.970429 0.947305 0.927439 0.910537 0.896362 0.884719 0.875458 0.868458 0.863634 0.860926 0.860300 0.861751 0.865294 0.870973 0.878859 0.889050 0.901677 0.903817 0.852324 0.808224 0.770227 0.737339 0.708783 0.683942 0.662324 0.643535 0.627251 0.613212 0.601204 0.591054 0.582622 0.575794 0.570483 0.566477 0.561490 0.557922 0.555729 0.554885 0.555380 0.557219 0.560425 0.565037 0.571113 0.578731 0.587990 0.599017 0.611967 0.627034 0.644454 0.664515 0.687575 0.714076 0.744566 0.779739 0.801713 0.803543 0.807331 0.813123 0.820990 0.831033 0.843382 0.858202 0.875699 0.896128 0.919802 0.947105 0.978508 1.000000 0.939845 0.888536 0.844468 0.806415 0.773427 0.744756 0.719806 0.698101 0.679256 0.662956 0.648946 0.637020 0.627007 0.618772 0.620073 0.639124 0.661025 0.686192 0.715143 0.748526 0.787168 0.832131 0.884803 0.947028 0.945047 0.881861 0.828465 0.782945 0.743865 0.710130 0.680892 0.655483 0.633372 0.614136 0.597431 0.582978 0.570550 0.559961 0.551062 0.543730 0.540478 0.541433 0.543704 1634.500000 1.276915 0.717890
0.637020 0.627007 0.618772 0.620073 0.639124 0.661025 0.686192 0.715143 0.748526 0.787168 0.832131 0.884803 0.947028 0.945047 0.881861 0.828465 0.782945 0.743865 0.710130 0.680892 0.655483 0.633372 0.614136 0.597431 0.582978 0.570550 0.559961 0.551062 0.543730 0.540478 0.541433 0.543704 0.547317 0.552319 0.558771 0.566757 0.576384 0.587784 0.601121 0.616597 0.634460 0.655015 0.678635 0.705786 0.737050 0.773161 0.815058 0.863956 0.921457 0.970429 0.947305 0.927439 0.910537 0.896362 0.884719 0.875458 0.868458 0.863634 0.860926 0.860300 0.861751 0.865294 0.870973 0.878859 0.889050 0.901677 0.903817 0.852324 0.808224 0.770227 0.737339 0.708783 0.683942 0.662324 0.643535 0.627251 0.613212 0.601204 0.591054 0.582622 0.575794 0.570483 0.566477 0.561490 0.557922 0.555729 0.554885 0.555380 0.557219 0.560425 0.565037 0.571113 0.578731 0.587990 0.599017 0.611967 0.627034 0.644454 0.664515 0.687575 0.714076 0.744566 0.779739 0.801713 0.803543 0.807331 0.813123 0.820990 0.831033 0.843382 0.858202 0.875699 0.896128 0.919802 0.947105 0.978508 1.000000 0.939845 0.888536 0.844468 0.806415 0.773427 0.744756 0.719806 0.698101 0.679256 0.662956 0.648946 1634.500000 1.276915 0.717890
0.481804 0.476978 0.473376 0.470955 0.469683 0.469547 0.470544 0.472687 0.476001 0.480528 0.486324 0.493466 0.502048 0.516037 0.542703 0.573731 0.610082 0.653030 0.704308 0.766328 0.842552 0.887564 0.875565 0.865944 0.858578 0.853375 0.850271 0.849228 0.850233 0.853298 0.858462 0.865786 0.875364 0.887317 0.901804 0.888224 0.855442 0.826915 0.802099 0.780555 0.761925 0.745919 0.732300 0.720874 0.711487 0.704016 0.698365 0.694463 0.692264 0.691739 0.692884 0.695711 0.700255 0.706572 0.686526 0.665656 0.647531 0.631849 0.618362 0.606871 0.597212 0.589253 0.582889 0.578038 0.574641 0.572654 0.572055 0.570680 0.563132 0.557106 0.552524 0.549329 0.547483 0.546962 0.547760 0.549888 0.553370 0.558250 0.564590 0.572469 0.581994 0.593295 0.606533 0.621908 0.639664 0.660101 0.683588 0.710582 0.741657 0.777532 0.819129 0.867635 0.924616 0.992166 1.000000 0.961481 0.927973 0.898814 0.873471 0.851514 0.832590 0.816413 0.802750 0.791412 0.782247 0.775139 0.769997 0.766757 0.765381 0.765852 0.768175 0.772378 0.778514 0.786658 0.768903 0.723714 0.685100 0.651889 0.623181 0.598275 0.576619 0.557773 0.541382 0.527162 0.514878 0.504340 0.495395 0.487917 3540.000000 1.386213 0.774462
0.927973 0.898814 0.873471 0.851514 0.832590 0.816413 0.802750 0.791412 0.782247 0.775139 0.769997 0.766757 0.765381 0.765852 0.768175 0.772378 0.778514 0.786658 0.768903 0.723714 0.685100 0.651889 0.623181 0.598275 0.576619 0.557773 0.541382 0.527162 0.514878 0.504340 0.495395 0.487917 0.481804 0.476978 0.473376 0.470955 0.469683 0.469547 0.470544 0.472687 0.476001 0.480528 0.486324 0.493466 0.502048 0.516037 0.542703 0.573731 0.610082 0.653030 0.704308 0.766328 0.842552 0.887564 0.875565 0.865944 0.858578 0.853375 0.850271 0.849228 0.850233 0.853298 0.858462 0.865786 0.875364 0.887317 0.901804 0.888224 0.855442 0.826915 0.802099 0.780555 0.761925 0.745919 0.732300 0.720874 0.711487 0.704016 0.698365 0.694463 0.692264 0.691739 0.692884 0.695711 0.700255 0.706572 0.686526 0.665656 0.647531 0.631849 0.618362 0.606871 0.597212 0.589253 0.582889 0.578038 0.574641 0.572654 0.572055 0.570680 0.563132 0.557106 0.552524 0.549329 0.547483 0.546962 0.547760 0.549888 0.553370 0.558250 0.564590 0.572469 0.581994 0.593295 0.606533 0.621908 0.639664 0.660101 0.683588 0.710582 0.741657 0.777532 0.819129 0.867635 0.924616 0.992166 1.000000 0.961481 3540.000000 1.386213 0.774462
0.574641 0.572654 0.572055 0.570680 0.563132 0.557106 0.552524 0.549329 0.547483 0.546962 0.547760 0.549888 0.553370 0.558250 0.564590 0.572469 0.581994 0.593295 0.606533 0.621908 0.639664 0.660101 0.683588 0.710582 0.741657 0.777532 0.819129 0.867635 0.924616 0.992166 1.000000 0.961481 0.927973 0.898814 0.873471 0.851514 0.832590 0.816413 0.802750 0.791412 0.782247 0.775139 0.769997 0.766757 0.765381 0.765852 0.768175 0.772378 0.778514 0.786658 0.768903 0.723714 0.685100 0.651889 0.623181 0.598275 0.576619 0.557773 0.541382 0.527162 0.514878 0.504340 0.495395 0.487917 0.481804 0.476978 0.473376 0.470955 0.469683 0.469547 0.470544 0.472687 0.476001 0.480528 0.486324 0.493466 0.502048 0.516037 0.542703 0.573731 0.610082 0.653030 0.704308 0.766328 0.842552 0.887564 0.875565 0.865944 0.858578 0.853375 0.850271 0.849228 0.850233 0.853298 0.858462 0.865786 0.875364 0.887317 0.901804 0.888224 0.855442 0.826915 0.802099 0.780555 0.761925 0.745919 0.732300 0.720874 0.711487 0.704016 0.698365 0.694463 0.692264 0.691739 0.692884 0.695711 0.700255 0.706572 0.686526 0.665656 0.647531 0.631849 0.618362 0.606871 0.597212 0.589253 0.582889 0.578038 3540.000000 1.386213 0.774462
0.875364 0.887317 0.901804 0.888224 0.855442 0.826915 0.802099 0.780555 0.761925 0.745919 0.732300 0.720874 0.711487 0.704016 0.698365 0.694463 0.692264 0.691739 0.692884 0.695711 0.700255 0.706572 0.686526 0.665656 0.647531 0.631849 0.618362 0.606871 0.597212 0.589253 0.582889 0.578038 0.574641 0.572654 0.572055 0.570680 0.563132 0.557106 0.552524 0.549329 0.547483 0.546962 0.547760 0.549888 0.553370 0.558250 0.564590 0.572469 0.581994 0.593295 0.606533 0.621908 0.639664 0.660101 0.683588 0.710582 0.741657 0.777532 0.819129 0.867635 0.924616 0.992166 1.000000 0.961481 0.927973 0.898814 0.873471 0.851514 0.832590 0.816413 0.802750 0.791412 0.782247 0.775139 0.769997 0.766757 0.765381 0.765852 0.768175 0.772378 0.778514 0.786658 0.768903 0.723714 0.685100 0.651889 0.623181 0.598275 0.576619 0.557773 0.541382 0.527162 0.514878 0.504340 0.495395 0.487917 0.481804 0.476978 0.473376 0.470955 0.469683 0.469547 0.470544 0.472687 0.476001 0.480528 0.486324 0.493466 0.502048 0.516037 0.542703 0.573731 0.610082 0.653030 0.704308 0.766328 0.842552 0.887564 0.875565 0.865944 0.858578 0.853375 0.850271 0.849228 0.850233 0.853298 0.858462 0.865786 3540.000000 1.386213 0.774462
0.902024 0.879118 0.859366 0.842467 0.828176 0.816296 0.806668 0.799167 0.793699 0.790195 0.788614 0.788937 0.791166 0.795329 0.801477 0.809687 0.820063 0.832741 0.847891 0.865727 0.886512 0.905581 0.867187 0.833843 0.804836 0.779594 0.757657 0.738651 0.722273 0.708275 0.696455 0.686650 0.678730 0.672592 0.668160 0.665378 0.664212 0.664649 0.666694 0.670372 0.675727 0.682826 0.691761 0.702648 0.715634 0.730903 0.748682 0.769246 0.792935 0.820169 0.851465 0.887466 0.928982 0.977044 0.948581 0.916958 0.889449 0.865566 0.844915 0.827173 0.812077 0.799413 0.789009 0.780730 0.774469 0.770148 0.767714 0.767138 0.768413 0.771554 0.776599 0.783610 0.792677 0.803915 0.817474 0.833540 0.852346 0.874174 0.899373 0.928371 0.961696 1.000000 0.953717 0.910027 0.872173 0.839284 0.810667 0.785768 0.764139 0.745417 0.729304 0.715562 0.703991 0.694436 0.686769 0.680891 0.676730 0.674234 0.673373 0.674135 0.676531 0.680590 0.686361 0.693916 0.703354 0.714797 0.728402 0.735505 0.732017 0.730312 0.730371 0.732193 0.735802 0.741242 0.748579 0.757907 0.769347 0.783053 0.799216 0.818074 0.839915 0.865095 0.894053 0.927327 0.965590 0.993791 0.958854 0.928452 1662.500000 1.167460 0.826182
0.676730 0.674234 0.673373 0.674135 0.676531 0.680590 0.686361 0.693916 0.703354 0.714797 0.728402 0.735505 0.732017 0.730312 0.730371 0.732193 0.735802 0.741242 0.748579 0.757907 0.769347 0.783053 0.799216 0.818074 0.839915 0.865095 0.894053 0.927327 0.965590 0.993791 0.958854 0.928452 0.902024 0.879118 0.859366 0.842467 0.828176 0.816296 0.806668 0.799167 0.793699 0.790195 0.788614 0.788937 0.791166 0.795329 0.801477 0.809687 0.820063 0.832741 0.847891 0.865727 0.886512 0.905581 0.867187 0.833843 0.804836 0.779594 0.757657 0.738651 0.722273 0.708275 0.696455 0.686650 0.678730 0.672592 0.668160 0.665378 0.664212 0.664649 0.666694 0.670372 0.675727 0.682826 0.691761 0.702648 0.715634 0.730903 0.748682 0.769246 0.792935 0.820169 0.851465 0.887466 0.928982 0.977044 0.948581 0.916958 0.889449 0.865566 0.844915 0.827173 0.812077 0.799413 0.789009 0.780730 0.774469 0.770148 0.767714 0.767138 0.768413 0.771554 0.776599 0.783610 0.792677 0.803915 0.817474 0.833540 0.852346 0.874174 0.899373 0.928371 0.961696 1.000000 0.953717 0.910027 0.872173 0.839284 0.810667 0.785768 0.764139 0.745417 0.729304 0.715562 0.703991 0.694436 0.686769 0.680891 1662.500000 1.167460 0.826182
0.774469 0.770148 0.767714 0.767138 0.768413 0.771554 0.776599 0.783610 0.792677 0.803915 0.817474 0.833540 0.852346 0.874174 0.899373 0.928371 0.961696 1.000000 0.953717 0.910027 0.872173 0.839284 0.810667 0.785768 0.764139 0.745417 0.729304 0.715562 0.703991 0.694436 0.686769 0.680891 0.676730 0.674234 0.673373 0.674135 0.676531 0.680590 0.686361 0.693916 0.703354 0.714797 0.728402 0.735505 0.732017 0.730312 0.730371 0.732193 0.735802 0.741242 0.748579 0.757907 0.769347 0.783053 0.799216 0.818074 0.839915 0.865095 0.894053 0.927327 0.965590 0.993791 0.958854 0.928452 0.902024 0.879118 0.859366 0.842467 0.828176 0.816296 0.806668 0.799167 0.793699 0.790195 0.788614 0.788937 0.791166 0.795329 0.801477 0.809687 0.820063 0.832741 0.847891 0.865727 0.886512 0.905581 0.867187 0.833843 0.804836 0.779594 0.757657 0.738651 0.722273 0.708275 0.696455 0.686650 0.678730 0.672592 0.668160 0.665378 0.664212 0.664649 0.666694 0.670372 0.675727 0.682826 0.691761 0.702648 0.715634 0.730903 0.748682 0.769246 0.792935 0.820169 0.851465 0.887466 0.928982 0.977044 0.948581 0.916958 0.889449 0.865566 0.844915 0.827173 0.812077 0.799413 0.789009 0.780730 1662.500000 1.167460 0.826182
0.678730 0.672592 0.668160 0.665378 0.664212 0.664649 0.666694 0.670372 0.675727 0.682826 0.691761 0.702648 0.715634 0.730903 0.748682 0.769246 0.792935 0.820169 0.851465 0.887466 0.928982 0.977044 0.948581 0.916958 0.889449 0.865566 0.844915 0.827173 0.812077 0.799413 0.789009 0.780730 0.774469 0.770148 0.767714 0.767138 0.768413 0.771554 0.776599 0.783610 0.792677 0.803915 0.817474 0.833540 0.852346 0.874174 0.899373 0.928371 0.961696 1.000000 0.953717 0.910027 0.872173 0.839284 0.810667 0.785768 0.764139 0.745417 0.729304 0.715562 0.703991 0.694436 0.686769 0.680891 0.676730 0.674234 0.673373 0.674135 0.676531 0.680590 0.686361 0.693916 0.703354 0.714797 0.728402 0.735505 0.732017 0.730312 0.730371 0.732193 0.735802 0.741242 0.748579 0.757907 0.769347 0.783053 0.799216 0.818074 0.839915 0.865095 0.894053 0.927327 0.965590 0.993791 0.958854 0.928452 0.902024 0.879118 0.859366 0.842467 0.828176 0.816296 0.806668 0.799167 0.793699 0.790195 0.788614 0.788937 0.791166 0.795329 0.801477 0.809687 0.820063 0.832741 0.847891 0.865727 0.886512 0.905581 0.867187 0.833843 0.804836 0.779594 0.757657 0.738651 0.722273 0.708275 0.696455 0.686650 1662.500000 1.167460 0.826182
0.961450 0.991109 0.960411 0.933739 0.910643 0.890757 0.873780 0.859470 0.847630 0.838104 0.830769 0.825532 0.822330 0.821123 0.821897 0.824660 0.829448 0.836317 0.845355 0.856677 0.861991 0.860449 0.860984 0.863602 0.868333 0.875237 0.884399 0.895936 0.910000 0.926780 0.946514 0.969493 0.996075 0.938903 0.883127 0.835507 0.794575 0.759211 0.728540 0.701877 0.678673 0.658491 0.640973 0.625832 0.612832 0.601782 0.592525 0.584936 0.578917 0.574389 0.571298 0.569604 0.581446 0.603056 0.627906 0.656540 0.689653 0.728129 0.773126 0.826171 0.889332 0.965469 1.000000 0.973751 0.951077 0.931628 0.915120 0.901319 0.890042 0.881139 0.874498 0.870038 0.867702 0.867463 0.869318 0.873289 0.879425 0.887801 0.898525 0.911733 0.927604 0.946358 0.932717 0.910768 0.891927 0.875918 0.862514 0.851535 0.842836 0.836308 0.831869 0.829465 0.829066 0.830668 0.834289 0.836226 0.812838 0.792580 0.775129 0.760222 0.747645 0.737224 0.728821 0.722329 0.717664 0.714771 0.713613 0.714176 0.716467 0.714642 0.709102 0.705334 0.703291 0.702948 0.704302 0.707368 0.712184 0.718810 0.727329 0.737851 0.750517 0.765501 0.783021 0.803342 0.826791 0.853769 0.884770 0.920407 1201.500000 1.124743 0.809925
0.812838 0.792580 0.775129 0.760222 0.747645 0.737224 0.728821 0.722329 0.717664 0.714771 0.713613 0.714176 0.716467 0.714642 0.709102 0.705334 0.703291 0.702948 0.704302 0.707368 0.712184 0.718810 0.727329 0.737851 0.750517 0.765501 0.783021 0.803342 0.826791 0.853769 0.884770 0.920407 0.961450 0.991109 0.960411 0.933739 0.910643 0.890757 0.873780 0.859470 0.847630 0.838104 0.830769 0.825532 0.822330 0.821123 0.821897 0.824660 0.829448 0.836317 0.845355 0.856677 0.861991 0.860449 0.860984 0.863602 0.868333 0.875237 0.884399 0.895936 0.910000 0.926780 0.946514 0.969493 0.996075 0.938903 0.883127 0.835507 0.794575 0.759211 0.728540 0.701877 0.678673 0.658491 0.640973 0.625832 0.612832 0.601782 0.592525 0.584936 0.578917 0.574389 0.571298 0.569604 0.581446 0.603056 0.627906 0.656540 0.689653 0.728129 0.773126 0.826171 0.889332 0.965469 1.000000 0.973751 0.951077 0.931628 0.915120 0.901319 0.890042 0.881139 0.874498 0.870038 0.867702 0.867463 0.869318 0.873289 0.879425 0.887801 0.898525 0.911733 0.927604 0.946358 0.932717 0.910768 0.891927 0.875918 0.862514 0.851535 0.842836 0.836308 0.831869 0.829465 0.829066 0.830668 0.834289 0.836226 1201.500000 1.124743 0.809925
0.951077 0.931628 0.915120 0.901319 0.890042 0.881139 0.874498 0.870038 0.867702 0.867463 0.869318 0.873289 0.879425 0.887801 0.898525 0.911733 0.927604 0.946358 0.932717 0.910768 0.891927 0.875918 0.862514 0.851535 0.842836 0.836308 0.831869 0.829465 0.829066 0.830668 0.834289 0.836226 0.812838 0.792580 0.775129 0.760222 0.747645 0.737224 0.728821 0.722329 0.717664 0.714771 0.713613 0.714176 0.716467 0.714642 0.709102 0.705334 0.703291 0.702948 0.704302 0.707368 0.712184 0.718810 0.727329 0.737851 0.750517 0.765501 0.783021 0.803342 0.826791 0.853769 0.884770 0.920407 0.961450 0.991109 0.960411 0.933739 0.910643 0.890757 0.873780 0.859470 0.847630 0.838104 0.830769 0.825532 0.822330 0.821123 0.821897 0.824660 0.829448 0.836317 0.845355 0.856677 0.861991 0.860449 0.860984 0.863602 0.868333 0.875237 0.884399 0.895936 0.910000 0.926780 0.946514 0.969493 0.996075 0.938903 0.883127 0.835507 0.794575 0.759211 0.728540 0.701877 0.678673 0.658491 0.640973 0.625832 0.612832 0.601782 0.592525 0.584936 0.578917 0.574389 0.571298 0.569604 0.581446 0.603056 0.627906 0.656540 0.689653 0.728129 0.773126 0.826171 0.889332 0.965469 1.000000 0.973751 1201.500000 1.124743 0.809925
0.996075 0.938903 0.883127 0.835507 0.794575 0.759211 0.728540 0.701877 0.678673 0.658491 0.640973 0.625832 0.612832 0.601782 0.592525 0.584936 0.578917 0.574389 0.571298 0.569604 0.581446 0.603056 0.627906 0.656540 0.689653 0.728129 0.773126 0.826171 0.889332 0.965469 1.000000 0.973751 0.951077 0.931628 0.915120 0.901319 0.890042 0.881139 0.874498 0.870038 0.867702 0.867463 0.869318 0.873289 0.879425 0.887801 0.898525 0.911733 0.927604 0.946358 0.932717 0.910768 0.891927 0.875918 0.862514 0.851535 0.842836 0.836308 0.831869 0.829465 0.829066 0.830668 0.834289 0.836226 0.812838 0.792580 0.775129 0.760222 0.747645 0.737224 0.728821 0.722329 0.717664 0.714771 0.713613 0.714176 0.716467 0.714642 0.709102 0.705334 0.703291 0.702948 0.704302 0.707368 0.712184 0.718810 0.727329 0.737851 0.750517 0.765501 0.783021 0.803342 0.826791 0.853769 0.884770 0.920407 0.961450 0.991109 0.960411 0.933739 0.910643 0.890757 0.873780 0.859470 0.847630 0.838104 0.830769 0.825532 0.822330 0.821123 0.821897 0.824660 0.829448 0.836317 0.845355 0.856677 0.861991 0.860449 0.860984 0.863602 0.868333 0.875237 0.884399 0.895936 0.910000 0.926780 0.946514 0.969493 1201.500000 1.124743 0.809925
0.774441 0.850846 0.931562 0.876977 0.830325 0.790194 0.755498 0.725396 0.699220 0.676441 0.656631 0.639444 0.624601 0.611872 0.601071 0.592045 0.584675 0.578863 0.574536 0.571640 0.570140 0.570017 0.571271 0.573915 0.577983 0.583525 0.590611 0.599332 0.604940 0.576756 0.552352 0.531157 0.512719 0.496674 0.482730 0.470651 0.460243 0.451349 0.443842 0.437617 0.432592 0.428702 0.425899 0.424147 0.423425 0.423725 0.425050 0.427416 0.430853 0.435402 0.441123 0.448090 0.456398 0.466164 0.477532 0.489453 0.491965 0.495703 0.500715 0.507062 0.514829 0.524120 0.535064 0.547824 0.562596 0.579621 0.599197 0.621692 0.647563 0.677383 0.711880 0.751988 0.798925 0.854306 0.920319 1.000000 0.932542 0.848176 0.779531 0.722777 0.675242 0.635009 0.600666 0.571153 0.545657 0.523548 0.504328 0.487602 0.473054 0.460425 0.449508 0.440132 0.432159 0.425477 0.419995 0.415640 0.412359 0.410109 0.408702 0.400695 0.393927 0.388303 0.383749 0.380206 0.377629 0.375986 0.375258 0.375436 0.376521 0.378527 0.381478 0.385411 0.390377 0.396440 0.403682 0.412205 0.422135 0.433625 0.446865 0.462087 0.479579 0.499698 0.522894 0.549738 0.580962 0.617524 0.660695 0.712202 5319.500000 1.784162 0.642837
0.412359 0.410109 0.408702 0.400695 0.393927 0.388303 0.383749 0.380206 0.377629 0.375986 0.375258 0.375436 0.376521 0.378527 0.381478 0.385411 0.390377 0.396440 0.403682 0.412205 0.422135 0.433625 0.446865 0.462087 0.479579 0.499698 0.522894 0.549738 0.580962 0.617524 0.660695 0.712202 0.774441 0.850846 0.931562 0.876977 0.830325 0.790194 0.755498 0.725396 0.699220 0.676441 0.656631 0.639444 0.624601 0.611872 0.601071 0.592045 0.584675 0.578863 0.574536 0.571640 0.570140 0.570017 0.571271 0.573915 0.577983 0.583525 0.590611 0.599332 0.604940 0.576756 0.552352 0.531157 0.512719 0.496674 0.482730 0.470651 0.460243 0.451349 0.443842 0.437617 0.432592 0.428702 0.425899 0.424147 0.423425 0.423725 0.425050 0.427416 0.430853 0.435402 0.441123 0.448090 0.456398 0.466164 0.477532 0.489453 0.491965 0.495703 0.500715 0.507062 0.514829 0.524120 0.535064 0.547824 0.562596 0.579621 0.599197 0.621692 0.647563 0.677383 0.711880 0.751988 0.798925 0.854306 0.920319 1.000000 0.932542 0.848176 0.779531 0.722777 0.675242 0.635009 0.600666 0.571153 0.545657 0.523548 0.504328 0.487602 0.473054 0.460425 0.449508 0.440132 0.432159 0.425477 0.419995 0.415640 5319.500000 1.784162 0.642837
0.562596 0.579621 0.599197 0.621692 0.647563 0.677383 0.711880 0.751988 0.798925 0.854306 0.920319 1.000000 0.932542 0.848176 0.779531 0.722777 0.675242 0.635009 0.600666 0.571153 0.545657 0.523548 0.504328 0.487602 0.473054 0.460425 0.449508 0.440132 0.432159 0.425477 0.419995 0.415640 0.412359 0.410109 0.408702 0.400695 0.393927 0.388303 0.383749 0.380206 0.377629 0.375986 0.375258 0.375436 0.376521 0.378527 0.381478 0.385411 0.390377 0.396440 0.403682 0.412205 0.422135 0.433625 0.446865 0.462087 0.479579 0.499698 0.522894 0.549738 0.580962 0.617524 0.660695 0.712202 0.774441 0.850846 0.931562 0.876977 0.830325 0.790194 0.755498 0.725396 0.699220 0.676441 0.656631 0.639444 0.624601 0.611872 0.601071 0.592045 0.584675 0.578863 0.574536 0.571640 0.570140 0.570017 0.571271 0.573915 0.577983 0.583525 0.590611 0.599332 0.604940 0.576756 0.552352 0.531157 0.512719 0.496674 0.482730 0.470651 0.460243 0.451349 0.443842 0.437617 0.432592 0.428702 0.425899 0.424147 0.423425 0.423725 0.425050 0.427416 0.430853 0.435402 0.441123 0.448090 0.456398 0.466164 0.477532 0.489453 0.491965 0.495703 0.500715 0.507062 0.514829 0.524120 0.535064 0.547824 5319.500000 1.784162 0.642837
0.512719 0.496674 0.482730 0.470651 0.460243 0.451349 0.443842 0.437617 0.432592 0.428702 0.425899 0.424147 0.423425 0.423725 0.425050 0.427416 0.430853 0.435402 0.441123 0.448090 0.456398 0.466164 0.477532 0.489453 0.491965 0.495703 0.500715 0.507062 0.514829 0.524120 0.535064 0.547824 0.562596 0.579621 0.599197 0.621692 0.647563 0.677383 0.711880 0.751988 0.798925 0.854306 0.920319 1.000000 0.932542 0.848176 0.779531 0.722777 0.675242 0.635009 0.600666 0.571153 0.545657 0.523548 0.504328 0.487602 0.473054 0.460425 0.449508 0.440132 0.432159 0.425477 0.419995 0.415640 0.412359 0.410109 0.408702 0.400695 0.393927 0.388303 0.383749 0.380206 0.377629 0.375986 0.375258 0.375436 0.376521 0.378527 0.381478 0.385411 0.390377 0.396440 0.403682 0.412205 0.422135 0.433625 0.446865 0.462087 0.479579 0.499698 0.522894 0.549738 0.580962 0.617524 0.660695 0.712202 0.774441 0.850846 0.931562 0.876977 0.830325 0.790194 0.755498 0.725396 0.699220 0.676441 0.656631 0.639444 0.624601 0.611872 0.601071 0.592045 0.584675 0.578863 0.574536 0.571640 0.570140 0.570017 0.571271 0.573915 0.577983 0.583525 0.590611 0.599332 0.604940 0.576756 0.552352 0.531157 5319.500000 1.784162 0.642837
0.795841 0.778444 0.763592 0.751072 0.740711 0.732372 0.725949 0.721360 0.718548 0.717481 0.718144 0.720545 0.724715 0.730704 0.738586 0.748464 0.760466 0.774756 0.791536 0.771658 0.751094 0.733318 0.718054 0.705076 0.694202 0.685284 0.678205 0.672876 0.669229 0.667220 0.666825 0.668039 0.661871 0.656221 0.652225 0.649834 0.649018 0.649767 0.652091 0.656018 0.661595 0.668894 0.678007 0.689054 0.702188 0.717594 0.735502 0.749897 0.752148 0.756239 0.762222 0.770170 0.780185 0.792398 0.806974 0.824120 0.844087 0.867187 0.893801 0.924397 0.959556 1.000000 0.940935 0.883963 0.835393 0.793695 0.757701 0.726504 0.699392 0.675801 0.655277 0.637452 0.622031 0.608770 0.597472 0.587977 0.580154 0.573901 0.569138 0.565805 0.563862 0.569960 0.582567 0.597216 0.614138 0.633619 0.656007 0.681739 0.711355 0.745538 0.785160 0.831345 0.862853 0.834589 0.810008 0.788678 0.770252 0.754442 0.741018 0.729791 0.720608 0.713352 0.707928 0.704270 0.702333 0.702093 0.703548 0.706715 0.711633 0.718362 0.726988 0.737622 0.750407 0.765519 0.783178 0.792787 0.784010 0.777277 0.772503 0.769631 0.768625 0.769473 0.772185 0.776794 0.783357 0.791957 0.802702 0.815735 2467.000000 1.106038 0.828747
0.770252 0.754442 0.741018 0.729791 0.720608 0.713352 0.707928 0.704270 0.702333 0.702093 0.703548 0.706715 0.711633 0.718362 0.726988 0.737622 0.750407 0.765519 0.783178 0.792787 0.784010 0.777277 0.772503 0.769631 0.768625 0.769473 0.772185 0.776794 0.783357 0.791957 0.802702 0.815735 0.795841 0.778444 0.763592 0.751072 0.740711 0.732372 0.725949 0.721360 0.718548 0.717481 0.718144 0.720545 0.724715 0.730704 0.738586 0.748464 0.760466 0.774756 0.791536 0.771658 0.751094 0.733318 0.718054 0.705076 0.694202 0.685284 0.678205 0.672876 0.669229 0.667220 0.666825 0.668039 0.661871 0.656221 0.652225 0.649834 0.649018 0.649767 0.652091 0.656018 0.661595 0.668894 0.678007 0.689054 0.702188 0.717594 0.735502 0.749897 0.752148 0.756239 0.762222 0.770170 0.780185 0.792398 0.806974 0.824120 0.844087 0.867187 0.893801 0.924397 0.959556 1.000000 0.940935 0.883963 0.835393 0.793695 0.757701 0.726504 0.699392 0.675801 0.655277 0.637452 0.622031 0.608770 0.597472 0.587977 0.580154 0.573901 0.569138 0.565805 0.563862 0.569960 0.582567 0.597216 0.614138 0.633619 0.656007 0.681739 0.711355 0.745538 0.785160 0.831345 0.862853 0.834589 0.810008 0.788678 2467.000000 1.106038 0.828747
0.835393 0.793695 0.757701 0.726504 0.699392 0.675801 0.655277 0.637452 0.622031 0.608770 0.597472 0.587977 0.580154 0.573901 0.569138 0.565805 0.563862 0.569960 0.582567 0.597216 0.614138 0.633619 0.656007 0.681739 0.711355 0.745538 0.785160 0.831345 0.862853 0.834589 0.810008 0.788678 0.770252 0.754442 0.741018 0.729791 0.720608 0.713352 0.707928 0.704270 0.702333 0.702093 0.703548 0.706715 0.711633 0.718362 0.726988 0.737622 0.750407 0.765519 0.783178 0.792787 0.784010 0.777277 0.772503 0.769631 0.768625 0.769473 0.772185 0.776794 0.783357 0.791957 0.802702 0.815735 0.795841 0.778444 0.763592 0.751072 0.740711 0.732372 0.725949 0.721360 0.718548 0.717481 0.718144 0.720545 0.724715 0.730704 0.738586 0.748464 0.760466 0.774756 0.791536 0.771658 0.751094 0.733318 0.718054 0.705076 0.694202 0.685284 0.678205 0.672876 0.669229 0.667220 0.666825 0.668039 0.661871 0.656221 0.652225 0.649834 0.649018 0.649767 0.652091 0.656018 0.661595 0.668894 0.678007 0.689054 0.702188 0.717594 0.735502 0.749897 0.752148 0.756239 0.762222 0.770170 0.780185 0.792398 0.806974 0.824120 0.844087 0.867187 0.893801 0.924397 0.959556 1.000000 0.940935 0.883963 2467.000000 1.106038 0.828747
0.661871 0.656221 0.652225 0.649834 0.649018 0.649767 0.652091 0.656018 0.661595 0.668894 0.678007 0.689054 0.702188 0.717594 0.735502 0.749897 0.752148 0.756239 0.762222 0.770170 0.780185 0.792398 0.806974 0.824120 0.844087 0.867187 0.893801 0.924397 0.959556 1.000000 0.940935 0.883963 0.835393 0.793695 0.757701 0.726504 0.699392 0.675801 0.655277 0.637452 0.622031 0.608770 0.597472 0.587977 0.580154 0.573901 0.569138 0.565805 0.563862 0.569960 0.582567 0.597216 0.614138 0.633619 0.656007 0.681739 0.711355 0.745538 0.785160 0.831345 0.862853 0.834589 0.810008 0.788678 0.770252 0.754442 0.741018 0.729791 0.720608 0.713352 0.707928 0.704270 0.702333 0.702093 0.703548 0.706715 0.711633 0.718362 0.726988 0.737622 0.750407 0.765519 0.783178 0.792787 0.784010 0.777277 0.772503 0.769631 0.768625 0.769473 0.772185 0.776794 0.783357 0.791957 0.802702 0.815735 0.795841 0.778444 0.763592 0.751072 0.740711 0.732372 0.725949 0.721360 0.718548 0.717481 0.718144 0.720545 0.724715 0.730704 0.738586 0.748464 0.760466 0.774756 0.791536 0.771658 0.751094 0.733318 0.718054 0.705076 0.694202 0.685284 0.678205 0.672876 0.669229 0.667220 0.666825 0.668039 2467.000000 1.106038 0.828747
0.758488 0.756219 0.755778 0.757161 0.760384 0.765486 0.772532 0.781608 0.792833 0.806356 0.822364 0.841088 0.862811 0.887882 0.876158 0.850900 0.828999 0.810100 0.793914 0.780204 0.768780 0.759490 0.752212 0.746854 0.743350 0.741657 0.741754 0.743644 0.747348 0.752912 0.760405 0.769923 0.781588 0.795558 0.812029 0.831241 0.853490 0.879139 0.908634 0.942527 0.981502 0.971606 0.938645 0.909967 0.885059 0.863503 0.844959 0.829150 0.815851 0.804881 0.796094 0.789378 0.784649 0.781848 0.780942 0.781920 0.784793 0.789597 0.796390 0.797364 0.798308 0.801186 0.806034 0.812911 0.821904 0.833127 0.846730 0.862897 0.880444 0.871210 0.864229 0.859413 0.856702 0.856064 0.857492 0.861002 0.866637 0.845761 0.820395 0.798373 0.779330 0.762971 0.749051 0.737375 0.727784 0.720151 0.714381 0.710399 0.708159 0.707522 0.708355 0.710905 0.715202 0.721299 0.729274 0.739227 0.751291 0.765630 0.782449 0.801999 0.824589 0.850596 0.880487 0.914840 0.954376 1.000000 0.984969 0.957207 0.933152 0.912422 0.894701 0.879734 0.867315 0.857277 0.849493 0.843864 0.840319 0.838817 0.839339 0.841890 0.846503 0.831067 0.813777 0.799078 0.786762 0.776663 0.768647 0.762614 3463.500000 1.129164 0.875978
0.751291 0.765630 0.782449 0.801999 0.824589 0.850596 0.880487 0.914840 0.954376 1.000000 0.984969 0.957207 0.933152 0.912422 0.894701 0.879734 0.867315 0.857277 0.849493 0.843864 0.840319 0.838817 0.839339 0.841890 0.846503 0.831067 0.813777 0.799078 0.786762 0.776663 0.768647 0.762614 0.758488 0.756219 0.755778 0.757161 0.760384 0.765486 0.772532 0.781608 0.792833 0.806356 0.822364 0.841088 0.862811 0.887882 0.876158 0.850900 0.828999 0.810100 0.793914 0.780204 0.768780 0.759490 0.752212 0.746854 0.743350 0.741657 0.741754 0.743644 0.747348 0.752912 0.760405 0.769923 0.781588 0.795558 0.812029 0.831241 0.853490 0.879139 0.908634 0.942527 0.981502 0.971606 0.938645 0.909967 0.885059 0.863503 0.844959 0.829150 0.815851 0.804881 0.796094 0.789378 0.784649 0.781848 0.780942 0.781920 0.784793 0.789597 0.796390 0.797364 0.798308 0.801186 0.806034 0.812911 0.821904 0.833127 0.846730 0.862897 0.880444 0.871210 0.864229 0.859413 0.856702 0.856064 0.857492 0.861002 0.866637 0.845761 0.820395 0.798373 0.779330 0.762971 0.749051 0.737375 0.727784 0.720151 0.714381 0.710399 0.708159 0.707522 0.708355 0.710905 0.715202 0.721299 0.729274 0.739227 3463.500000 1.129164 0.875978
0.821904 0.833127 0.846730 0.862897 0.880444 0.871210 0.864229 0.859413 0.856702 0.856064 0.857492 0.861002 0.866637 0.845761 0.820395 0.798373 0.779330 0.762971 0.749051 0.737375 0.727784 0.720151 0.714381 0.710399 0.708159 0.707522 0.708355 0.710905 0.715202 0.721299 0.729274 0.739227 0.751291 0.765630 0.782449 0.801999 0.824589 0.850596 0.880487 0.914840 0.954376 1.000000 0.984969 0.957207 0.933152 0.912422 0.894701 0.879734 0.867315 0.857277 0.849493 0.843864 0.840319 0.838817 0.839339 0.841890 0.846503 0.831067 0.813777 0.799078 0.786762 0.776663 0.768647 0.762614 0.758488 0.756219 0.755778 0.757161 0.760384 0.765486 0.772532 0.781608 0.792833 0.806356 0.822364 0.841088 0.862811 0.887882 0.876158 0.850900 0.828999 0.810100 0.793914 0.780204 0.768780 0.759490 0.752212 0.746854 0.743350 0.741657 0.741754 0.743644 0.747348 0.752912 0.760405 0.769923 0.781588 0.795558 0.812029 0.831241 0.853490 0.879139 0.908634 0.942527 0.981502 0.971606 0.938645 0.909967 0.885059 0.863503 0.844959 0.829150 0.815851 0.804881 0.796094 0.789378 0.784649 0.781848 0.780942 0.781920 0.784793 0.789597 0.796390 0.797364 0.798308 0.801186 0.806034 0.812911 3463.500000 1.129164 0.875978
0.781588 0.795558 0.812029 0.831241 0.853490 0.879139 0.908634 0.942527 0.981502 0.971606 0.938645 0.909967 0.885059 0.863503 0.844959 0.829150 0.815851 0.804881 0.796094 0.789378 0.784649 0.781848 0.780942 0.781920 0.784793 0.789597 0.796390 0.797364 0.798308 0.801186 0.806034 0.812911 0.821904 0.833127 0.846730 0.862897 0.880444 0.871210 0.864229 0.859413 0.856702 0.856064 0.857492 0.861002 0.866637 0.845761 0.820395 0.798373 0.779330 0.762971 0.749051 0.737375 0.727784 0.720151 0.714381 0.710399 0.708159 0.707522 0.708355 0.710905 0.715202 0.721299 0.729274 0.739227 0.751291 0.765630 0.782449 0.801999 0.824589 0.850596 0.880487 0.914840 0.954376 1.000000 0.984969 0.957207 0.933152 0.912422 0.894701 0.879734 0.867315 0.857277 0.849493 0.843864 0.840319 0.838817 0.839339 0.841890 0.846503 0.831067 0.813777 0.799078 0.786762 0.776663 0.768647 0.762614 0.758488 0.756219 0.755778 0.757161 0.760384 0.765486 0.772532 0.781608 0.792833 0.806356 0.822364 0.841088 0.862811 0.887882 0.876158 0.850900 0.828999 0.810100 0.793914 0.780204 0.768780 0.759490 0.752212 0.746854 0.743350 0.741657 0.741754 0.743644 0.747348 0.752912 0.760405 0.769923 3463.500000 1.129164 0.875978
0.884099 0.838481 0.799170 0.765141 0.735592 0.709886 0.687517 0.668075 0.651228 0.636706 0.624288 0.613796 0.605085 0.598037 0.592564 0.588594 0.586080 0.584991 0.585313 0.587050 0.590225 0.594874 0.601057 0.608851 0.618360 0.629712 0.643066 0.634876 0.617798 0.603029 0.590340 0.579540 0.570478 0.563031 0.557100 0.552611 0.549506 0.547749 0.547317 0.548205 0.550424 0.554002 0.548414 0.543555 0.540071 0.537919 0.537072 0.537522 0.539272 0.542345 0.546777 0.552625 0.559963 0.568887 0.579519 0.592010 0.606544 0.623349 0.642704 0.664954 0.690522 0.719938 0.753870 0.793163 0.838910 0.892539 0.955953 0.942430 0.891840 0.848344 0.810756 0.778152 0.749806 0.725138 0.703682 0.685063 0.668974 0.655165 0.643433 0.633614 0.625575 0.619209 0.614438 0.611201 0.609458 0.609188 0.610389 0.612106 0.589754 0.570303 0.553385 0.538701 0.526012 0.515118 0.505861 0.498110 0.491759 0.486726 0.482946 0.480373 0.478975 0.478736 0.479651 0.480411 0.480120 0.480987 0.483023 0.486253 0.490717 0.496470 0.503587 0.512163 0.522316 0.534193 0.547974 0.563879 0.582179 0.603209 0.627382 0.655219 0.687374 0.724683 0.768232 0.819450 0.880257 0.953292 1.000000 0.937354 2130.500000 1.355709 0.730762
0.491759 0.486726 0.482946 0.480373 0.478975 0.478736 0.479651 0.480411 0.480120 0.480987 0.483023 0.486253 0.490717 0.496470 0.503587 0.512163 0.522316 0.534193 0.547974 0.563879 0.582179 0.603209 0.627382 0.655219 0.687374 0.724683 0.768232 0.819450 0.880257 0.953292 1.000000 0.937354 0.884099 0.838481 0.799170 0.765141 0.735592 0.709886 0.687517 0.668075 0.651228 0.636706 0.624288 0.613796 0.605085 0.598037 0.592564 0.588594 0.586080 0.584991 0.585313 0.587050 0.590225 0.594874 0.601057 0.608851 0.618360 0.629712 0.643066 0.634876 0.617798 0.603029 0.590340 0.579540 0.570478 0.563031 0.557100 0.552611 0.549506 0.547749 0.547317 0.548205 0.550424 0.554002 0.548414 0.543555 0.540071 0.537919 0.537072 0.537522 0.539272 0.542345 0.546777 0.552625 0.559963 0.568887 0.579519 0.592010 0.606544 0.623349 0.642704 0.664954 0.690522 0.719938 0.753870 0.793163 0.838910 0.892539 0.955953 0.942430 0.891840 0.848344 0.810756 0.778152 0.749806 0.725138 0.703682 0.685063 0.668974 0.655165 0.643433 0.633614 0.625575 0.619209 0.614438 0.611201 0.609458 0.609188 0.610389 0.612106 0.589754 0.570303 0.553385 0.538701 0.526012 0.515118 0.505861 0.498110 2130.500000 1.355709 0.730762
0.838910 0.892539 0.955953 0.942430 0.891840 0.848344 0.810756 0.778152 0.749806 0.725138 0.703682 0.685063 0.668974 0.655165 0.643433 0.633614 0.625575 0.619209 0.614438 0.611201 0.609458 0.609188 0.610389 0.612106 0.589754 0.570303 0.553385 0.538701 0.526012 0.515118 0.505861 0.498110 0.491759 0.486726 0.482946 0.480373 0.478975 0.478736 0.479651 0.480411 0.480120 0.480987 0.483023 0.486253 0.490717 0.496470 0.503587 0.512163 0.522316 0.534193 0.547974 0.563879 0.582179 0.603209 0.627382 0.655219 0.687374 0.724683 0.768232 0.819450 0.880257 0.953292 1.000000 0.937354 0.884099 0.838481 0.799170 0.765141 0.735592 0.709886 0.687517 0.668075 0.651228 0.636706 0.624288 0.613796 0.605085 0.598037 0.592564 0.588594 0.586080 0.584991 0.585313 0.587050 0.590225 0.594874 0.601057 0.608851 0.618360 0.629712 0.643066 0.634876 0.617798 0.603029 0.590340 0.579540 0.570478 0.563031 0.557100 0.552611 0.549506 0.547749 0.547317 0.548205 0.550424 0.554002 0.548414 0.543555 0.540071 0.537919 0.537072 0.537522 0.539272 0.542345 0.546777 0.552625 0.559963 0.568887 0.579519 0.592010 0.606544 0.623349 0.642704 0.664954 0.690522 0.719938 0.753870 0.793163 2130.500000 1.355709 0.730762
0.570478 0.563031 0.557100 0.552611 0.549506 0.547749 0.547317 0.548205 0.550424 0.554002 0.548414 0.543555 0.540071 0.537919 0.537072 0.537522 0.539272 0.542345 0.546777 0.552625 0.559963 0.568887 0.579519 0.592010 0.606544 0.623349 0.642704 0.664954 0.690522 0.719938 0.753870 0.793163 0.838910 0.892539 0.955953 0.942430 0.891840 0.848344 0.810756 0.778152 0.749806 0.725138 0.703682 0.685063 0.668974 0.655165 0.643433 0.633614 0.625575 0.619209 0.614438 0.611201 0.609458 0.609188 0.610389 0.612106 0.589754 0.570303 0.553385 0.538701 0.526012 0.515118 0.505861 0.498110 0.491759 0.486726 0.482946 0.480373 0.478975 0.478736 0.479651 0.480411 0.480120 0.480987 0.483023 0.486253 0.490717 0.496470 0.503587 0.512163 0.522316 0.534193 0.547974 0.563879 0.582179 0.603209 0.627382 0.655219 0.687374 0.724683 0.768232 0.819450 0.880257 0.953292 1.000000 0.937354 0.884099 0.838481 0.799170 0.765141 0.735592 0.709886 0.687517 0.668075 0.651228 0.636706 0.624288 0.613796 0.605085 0.598037 0.592564 0.588594 0.586080 0.584991 0.585313 0.587050 0.590225 0.594874 0.601057 0.608851 0.618360 0.629712 0.643066 0.634876 0.617798 0.603029 0.590340 0.579540 2130.500000 1.355709 0.730762
0.464424 0.446324 0.430579 0.416878 0.404967 0.394642 0.385737 0.378116 0.371668 0.366304 0.361952 0.358556 0.356073 0.354472 0.353734 0.353850 0.354820 0.356658 0.359385 0.363036 0.367656 0.373306 0.380063 0.388020 0.397296 0.408033 0.420407 0.434635 0.450984 0.469788 0.491463 0.516540 0.545698 0.579827 0.620102 0.668119 0.726093 0.797188 0.886082 1.000000 0.906406 0.792398 0.705375 0.636958 0.581917 0.536822 0.499330 0.467787 0.440991 0.418051 0.398292 0.381194 0.366349 0.353437 0.342200 0.332432 0.323965 0.316662 0.310413 0.305126 0.300729 0.297162 0.294380 0.292348 0.291039 0.290439 0.290540 0.291343 0.292857 0.295103 0.298107 0.301907 0.306553 0.312109 0.318651 0.326276 0.335103 0.345275 0.356970 0.370410 0.385867 0.403685 0.424300 0.448272 0.476331 0.509447 0.548932 0.596611 0.655087 0.728218 0.821957 0.804045 0.756209 0.715372 0.680274 0.649952 0.623655 0.600795 0.580902 0.563598 0.548578 0.535595 0.524447 0.514968 0.507026 0.500513 0.495343 0.491450 0.488787 0.487319 0.487031 0.487918 0.489990 0.493273 0.497809 0.503653 0.510881 0.519589 0.529899 0.541957 0.555948 0.572095 0.590674 0.608491 0.570020 0.537342 0.509368 0.485274 1382.500000 1.855720 0.526186
0.623655 0.600795 0.580902 0.563598 0.548578 0.535595 0.524447 0.514968 0.507026 0.500513 0.495343 0.491450 0.488787 0.487319 0.487031 0.487918 0.489990 0.493273 0.497809 0.503653 0.510881 0.519589 0.529899 0.541957 0.555948 0.572095 0.590674 0.608491 0.570020 0.537342 0.509368 0.485274 0.464424 0.446324 0.430579 0.416878 0.404967 0.394642 0.385737 0.378116 0.371668 0.366304 0.361952 0.358556 0.356073 0.354472 0.353734 0.353850 0.354820 0.356658 0.359385 0.363036 0.367656 0.373306 0.380063 0.388020 0.397296 0.408033 0.420407 0.434635 0.450984 0.469788 0.491463 0.516540 0.545698 0.579827 0.620102 0.668119 0.726093 0.797188 0.886082 1.000000 0.906406 0.792398 0.705375 0.636958 0.581917 0.536822 0.499330 0.467787 0.440991 0.418051 0.398292 0.381194 0.366349 0.353437 0.342200 0.332432 0.323965 0.316662 0.310413 0.305126 0.300729 0.297162 0.294380 0.292348 0.291039 0.290439 0.290540 0.291343 0.292857 0.295103 0.298107 0.301907 0.306553 0.312109 0.318651 0.326276 0.335103 0.345275 0.356970 0.370410 0.385867 0.403685 0.424300 0.448272 0.476331 0.509447 0.548932 0.596611 0.655087 0.728218 0.821957 0.804045 0.756209 0.715372 0.680274 0.649952 1382.500000 1.855720 0.526186
0.291039 0.290439 0.290540 0.291343 0.292857 0.295103 0.298107 0.301907 0.306553 0.312109 0.318651 0.326276 0.335103 0.345275 0.356970 0.370410 0.385867 0.403685 0.424300 0.448272 0.476331 0.509447 0.548932 0.596611 0.655087 0.728218 0.821957 0.804045 0.756209 0.715372 0.680274 0.649952 0.623655 0.600795 0.580902 0.563598 0.548578 0.535595 0.524447 0.514968 0.507026 0.500513 0.495343 0.491450 0.488787 0.487319 0.487031 0.487918 0.489990 0.493273 0.497809 0.503653 0.510881 0.519589 0.529899 0.541957 0.555948 0.572095 0.590674 0.608491 0.570020 0.537342 0.509368 0.485274 0.464424 0.446324 0.430579 0.416878 0.404967 0.394642 0.385737 0.378116 0.371668 0.366304 0.361952 0.358556 0.356073 0.354472 0.353734 0.353850 0.354820 0.356658 0.359385 0.363036 0.367656 0.373306 0.380063 0.388020 0.397296 0.408033 0.420407 0.434635 0.450984 0.469788 0.491463 0.516540 0.545698 0.579827 0.620102 0.668119 0.726093 0.797188 0.886082 1.000000 0.906406 0.792398 0.705375 0.636958 0.581917 0.536822 0.499330 0.467787 0.440991 0.418051 0.398292 0.381194 0.366349 0.353437 0.342200 0.332432 0.323965 0.316662 0.310413 0.305126 0.300729 0.297162 0.294380 0.292348 1382.500000 1.855720 0.526186
0.545698 0.579827 0.620102 0.668119 0.726093 0.797188 0.886082 1.000000 0.906406 0.792398 0.705375 0.636958 0.581917 0.536822 0.499330 0.467787 0.440991 0.418051 0.398292 0.381194 0.366349 0.353437 0.342200 0.332432 0.323965 0.316662 0.310413 0.305126 0.300729 0.297162 0.294380 0.292348 0.291039 0.290439 0.290540 0.291343 0.292857 0.295103 0.298107 0.301907 0.306553 0.312109 0.318651 0.326276 0.335103 0.345275 0.356970 0.370410 0.385867 0.403685 0.424300 0.448272 0.476331 0.509447 0.548932 0.596611 0.655087 0.728218 0.821957 0.804045 0.756209 0.715372 0.680274 0.649952 0.623655 0.600795 0.580902 0.563598 0.548578 0.535595 0.524447 0.514968 0.507026 0.500513 0.495343 0.491450 0.488787 0.487319 0.487031 0.487918 0.489990 0.493273 0.497809 0.503653 0.510881 0.519589 0.529899 0.541957 0.555948 0.572095 0.590674 0.608491 0.570020 0.537342 0.509368 0.485274 0.464424 0.446324 0.430579 0.416878 0.404967 0.394642 0.385737 0.378116 0.371668 0.366304 0.361952 0.358556 0.356073 0.354472 0.353734 0.353850 0.354820 0.356658 0.359385 0.363036 0.367656 0.373306 0.380063 0.388020 0.397296 0.408033 0.420407 0.434635 0.450984 0.469788 0.491463 0.516540 1382.500000 1.855720 0.526186
0.826136 0.790349 0.759286 0.732271 0.708760 0.688319 0.670594 0.655298 0.642197 0.631100 0.621853 0.614331 0.608438 0.604098 0.601257 0.599882 0.599955 0.601477 0.604467 0.608961 0.615015 0.622706 0.632134 0.643425 0.656739 0.672268 0.690253 0.710987 0.734830 0.762227 0.793733 0.830042 0.838053 0.797154 0.761811 0.731155 0.704503 0.681309 0.661136 0.643629 0.628500 0.615515 0.604482 0.595247 0.587684 0.581694 0.577202 0.574152 0.572505 0.572242 0.573361 0.575874 0.579812 0.585223 0.592177 0.600762 0.611094 0.623316 0.637604 0.654175 0.673296 0.695293 0.720571 0.749631 0.783099 0.821767 0.866648 0.919057 0.980727 1.000000 0.938963 0.886961 0.842341 0.803838 0.770477 0.741489 0.716267 0.694321 0.675259 0.658760 0.644564 0.632458 0.622271 0.613861 0.607119 0.601958 0.598313 0.596140 0.595411 0.596119 0.598271 0.601894 0.607032 0.613751 0.622135 0.632296 0.644372 0.658536 0.645872 0.633927 0.623892 0.615630 0.609032 0.604013 0.600511 0.598483 0.597905 0.598768 0.601084 0.604881 0.610206 0.617125 0.625728 0.636128 0.648468 0.662925 0.679716 0.699108 0.721428 0.747079 0.776561 0.810499 0.849679 0.895105 0.948076 0.971732 0.915563 0.867508 4719.500000 1.263668 0.731619
0.644372 0.658536 0.645872 0.633927 0.623892 0.615630 0.609032 0.604013 0.600511 0.598483 0.597905 0.598768 0.601084 0.604881 0.610206 0.617125 0.625728 0.636128 0.648468 0.662925 0.679716 0.699108 0.721428 0.747079 0.776561 0.810499 0.849679 0.895105 0.948076 0.971732 0.915563 0.867508 0.826136 0.790349 0.759286 0.732271 0.708760 0.688319 0.670594 0.655298 0.642197 0.631100 0.621853 0.614331 0.608438 0.604098 0.601257 0.599882 0.599955 0.601477 0.604467 0.608961 0.615015 0.622706 0.632134 0.643425 0.656739 0.672268 0.690253 0.710987 0.734830 0.762227 0.793733 0.830042 0.838053 0.797154 0.761811 0.731155 0.704503 0.681309 0.661136 0.643629 0.628500 0.615515 0.604482 0.595247 0.587684 0.581694 0.577202 0.574152 0.572505 0.572242 0.573361 0.575874 0.579812 0.585223 0.592177 0.600762 0.611094 0.623316 0.637604 0.654175 0.673296 0.695293 0.720571 0.749631 0.783099 0.821767 0.866648 0.919057 0.980727 1.000000 0.938963 0.886961 0.842341 0.803838 0.770477 0.741489 0.716267 0.694321 0.675259 0.658760 0.644564 0.632458 0.622271 0.613861 0.607119 0.601958 0.598313 0.596140 0.595411 0.596119 0.598271 0.601894 0.607032 0.613751 0.622135 0.632296 4719.500000 1.263668 0.731619
0.783099 0.821767 0.866648 0.919057 0.980727 1.000000 0.938963 0.886961 0.842341 0.803838 0.770477 0.741489 0.716267 0.694321 0.675259 0.658760 0.644564 0.632458 0.622271 0.613861 0.607119 0.601958 0.598313 0.596140 0.595411 0.596119 0.598271 0.601894 0.607032 0.613751 0.622135 0.632296 0.644372 0.658536 0.645872 0.633927 0.623892 0.615630 0.609032 0.604013 0.600511 0.598483 0.597905 0.598768 0.601084 0.604881 0.610206 0.617125 0.625728 0.636128 0.648468 0.662925 0.679716 0.699108 0.721428 0.747079 0.776561 0.810499 0.849679 0.895105 0.948076 0.971732 0.915563 0.867508 0.826136 0.790349 0.759286 0.732271 0.708760 0.688319 0.670594 0.655298 0.642197 0.631100 0.621853 0.614331 0.608438 0.604098 0.601257 0.599882 0.599955 0.601477 0.604467 0.608961 0.615015 0.622706 0.632134 0.643425 0.656739 0.672268 0.690253 0.710987 0.734830 0.762227 0.793733 0.830042 0.838053 0.797154 0.761811 0.731155 0.704503 0.681309 0.661136 0.643629 0.628500 0.615515 0.604482 0.595247 0.587684 0.581694 0.577202 0.574152 0.572505 0.572242 0.573361 0.575874 0.579812 0.585223 0.592177 0.600762 0.611094 0.623316 0.637604 0.654175 0.673296 0.695293 0.720571 0.749631 4719.500000 1.263668 0.731619
0.838053 0.797154 0.761811 0.731155 0.704503 0.681309 0.661136 0.643629 0.628500 0.615515 0.604482 0.595247 0.587684 0.581694 0.577202 0.574152 0.572505 0.572242 0.573361 0.575874 0.579812 0.585223 0.592177 0.600762 0.611094 0.623316 0.637604 0.654175 0.673296 0.695293 0.720571 0.749631 0.783099 0.821767 0.866648 0.919057 0.980727 1.000000 0.938963 0.886961 0.842341 0.803838 0.770477 0.741489 0.716267 0.694321 0.675259 0.658760 0.644564 0.632458 0.622271 0.613861 0.607119 0.601958 0.598313 0.596140 0.595411 0.596119 0.598271 0.601894 0.607032 0.613751 0.622135 0.632296 0.644372 0.658536 0.645872 0.633927 0.623892 0.615630 0.609032 0.604013 0.600511 0.598483 0.597905 0.598768 0.601084 0.604881 0.610206 0.617125 0.625728 0.636128 0.648468 0.662925 0.679716 0.699108 0.721428 0.747079 0.776561 0.810499 0.849679 0.895105 0.948076 0.971732 0.915563 0.867508 0.826136 0.790349 0.759286 0.732271 0.708760 0.688319 0.670594 0.655298 0.642197 0.631100 0.621853 0.614331 0.608438 0.604098 0.601257 0.599882 0.599955 0.601477 0.604467 0.608961 0.615015 0.622706 0.632134 0.643425 0.656739 0.672268 0.690253 0.710987 0.734830 0.762227 0.793733 0.830042 4719.500000 1.263668 0.731619
0.863751 0.827063 0.795203 0.767487 0.743369 0.722407 0.704246 0.688593 0.675212 0.663910 0.654532 0.646951 0.641071 0.636817 0.634136 0.632997 0.633385 0.635305 0.638780 0.643852 0.650586 0.659067 0.669406 0.681743 0.678290 0.673568 0.670514 0.669093 0.669288 0.671099 0.674549 0.679682 0.686559 0.695269 0.705926 0.718673 0.728199 0.709887 0.694104 0.680612 0.669216 0.659758 0.652113 0.646182 0.641890 0.639185 0.638033 0.638421 0.640352 0.643851 0.648960 0.655744 0.664288 0.674705 0.687135 0.701754 0.718778 0.738472 0.761161 0.787244 0.817218 0.827946 0.811451 0.797485 0.785852 0.776398 0.768998 0.763561 0.760018 0.758326 0.758465 0.760436 0.764264 0.769994 0.757881 0.740947 0.726464 0.714224 0.704058 0.695829 0.689433 0.684788 0.681837 0.680543 0.680892 0.682887 0.686552 0.691933 0.699097 0.708134 0.719163 0.732333 0.744513 0.715838 0.690894 0.669187 0.650321 0.633975 0.619888 0.607846 0.597675 0.589235 0.582413 0.577123 0.573296 0.570885 0.569862 0.570485 0.573503 0.577952 0.583888 0.591387 0.600547 0.611491 0.624374 0.639385 0.656756 0.676773 0.699788 0.726235 0.756653 0.791722 0.832302 0.879500 0.934760 1.000000 0.955298 0.906128 13000.000000 1.135261 0.831683
0.650321 0.633975 0.619888 0.607846 0.597675 0.589235 0.582413 0.577123 0.573296 0.570885 0.569862 0.570485 0.573503 0.577952 0.583888 0.591387 0.600547 0.611491 0.624374 0.639385 0.656756 0.676773 0.699788 0.726235 0.756653 0.791722 0.832302 0.879500 0.934760 1.000000 0.955298 0.906128 0.863751 0.827063 0.795203 0.767487 0.743369 0.722407 0.704246 0.688593 0.675212 0.663910 0.654532 0.646951 0.641071 0.636817 0.634136 0.632997 0.633385 0.635305 0.638780 0.643852 0.650586 0.659067 0.669406 0.681743 0.678290 0.673568 0.670514 0.669093 0.669288 0.671099 0.674549 0.679682 0.686559 0.695269 0.705926 0.718673 0.728199 0.709887 0.694104 0.680612 0.669216 0.659758 0.652113 0.646182 0.641890 0.639185 0.638033 0.638421 0.640352 0.643851 0.648960 0.655744 0.664288 0.674705 0.687135 0.701754 0.718778 0.738472 0.761161 0.787244 0.817218 0.827946 0.811451 0.797485 0.785852 0.776398 0.768998 0.763561 0.760018 0.758326 0.758465 0.760436 0.764264 0.769994 0.757881 0.740947 0.726464 0.714224 0.704058 0.695829 0.689433 0.684788 0.681837 0.680543 0.680892 0.682887 0.686552 0.691933 0.699097 0.708134 0.719163 0.732333 0.744513 0.715838 0.690894 0.669187 13000.000000 1.135261 0.831683
0.785852 0.776398 0.768998 0.763561 0.760018 0.758326 0.758465 0.760436 0.764264 0.769994 0.757881 0.740947 0.726464 0.714224 0.704058 0.695829 0.689433 0.684788 0.681837 0.680543 0.680892 0.682887 0.686552 0.691933 0.699097 0.708134 0.719163 0.732333 0.744513 0.715838 0.690894 0.669187 0.650321 0.633975 0.619888 0.607846 0.597675 0.589235 0.582413 0.577123 0.573296 0.570885 0.569862 0.570485 0.573503 0.577952 0.583888 0.591387 0.600547 0.611491 0.624374 0.639385 0.656756 0.676773 0.699788 0.726235 0.756653 0.791722 0.832302 0.879500 0.934760 1.000000 0.955298 0.906128 0.863751 0.827063 0.795203 0.767487 0.743369 0.722407 0.704246 0.688593 0.675212 0.663910 0.654532 0.646951 0.641071 0.636817 0.634136 0.632997 0.633385 0.635305 0.638780 0.643852 0.650586 0.659067 0.669406 0.681743 0.678290 0.673568 0.670514 0.669093 0.669288 0.671099 0.674549 0.679682 0.686559 0.695269 0.705926 0.718673 0.728199 0.709887 0.694104 0.680612 0.669216 0.659758 0.652113 0.646182 0.641890 0.639185 0.638033 0.638421 0.640352 0.643851 0.648960 0.655744 0.664288 0.674705 0.687135 0.701754 0.718778 0.738472 0.761161 0.787244 0.817218 0.827946 0.811451 0.797485 13000.000000 1.135261 0.831683
0.686559 0.695269 0.705926 0.718673 0.728199 0.709887 0.694104 0.680612 0.669216 0.659758 0.652113 0.646182 0.641890 0.639185 0.638033 0.638421 0.640352 0.643851 0.648960 0.655744 0.664288 0.674705 0.687135 0.701754 0.718778 0.738472 0.761161 0.787244 0.817218 0.827946 0.811451 0.797485 0.785852 0.776398 0.768998 0.763561 0.760018 0.758326 0.758465 0.760436 0.764264 0.769994 0.757881 0.740947 0.726464 0.714224 0.704058 0.695829 0.689433 0.684788 0.681837 0.680543 0.680892 0.682887 0.686552 0.691933 0.699097 0.708134 0.719163 0.732333 0.744513 0.715838 0.690894 0.669187 0.650321 0.633975 0.619888 0.607846 0.597675 0.589235 0.582413 0.577123 0.573296 0.570885 0.569862 0.570485 0.573503 0.577952 0.583888 0.591387 0.600547 0.611491 0.624374 0.639385 0.656756 0.676773 0.699788 0.726235 0.756653 0.791722 0.832302 0.879500 0.934760 1.000000 0.955298 0.906128 0.863751 0.827063 0.795203 0.767487 0.743369 0.722407 0.704246 0.688593 0.675212 0.663910 0.654532 0.646951 0.641071 0.636817 0.634136 0.632997 0.633385 0.635305 0.638780 0.643852 0.650586 0.659067 0.669406 0.681743 0.678290 0.673568 0.670514 0.669093 0.669288 0.671099 0.674549 0.679682 13000.000000 1.135261 0.831683
0.547064 0.560140 0.575277 0.592722 0.612781 0.635830 0.662338 0.673838 0.665961 0.659837 0.655389 0.652562 0.651322 0.651653 0.653560 0.657066 0.662214 0.669067 0.677714 0.688267 0.700868 0.715697 0.732970 0.752956 0.775985 0.802461 0.832884 0.867879 0.908228 0.870922 0.824666 0.784871 0.750464 0.720611 0.694651 0.672059 0.652413 0.635370 0.620652 0.608032 0.597325 0.588382 0.581081 0.575329 0.571052 0.568197 0.566728 0.566629 0.567897 0.570549 0.574617 0.580150 0.587220 0.595917 0.606359 0.618690 0.633090 0.649779 0.669027 0.691166 0.716606 0.745856 0.747646 0.716575 0.689579 0.666090 0.645652 0.627899 0.612532 0.599309 0.588031 0.578538 0.570699 0.564412 0.559595 0.556188 0.554149 0.553454 0.554093 0.556075 0.559424 0.564181 0.570406 0.578177 0.587599 0.598799 0.611937 0.627210 0.644858 0.665177 0.688530 0.715369 0.746256 0.781899 0.823200 0.871324 0.927798 0.994662 1.000000 0.922433 0.857951 0.803705 0.757628 0.718183 0.684210 0.654811 0.629289 0.607089 0.587770 0.570975 0.556417 0.543860 0.533114 0.524022 0.516458 0.510321 0.505533 0.502031 0.499773 0.498732 0.498894 0.500262 0.502852 0.506696 0.511842 0.518355 0.526321 0.535846 5818.000000 1.394975 0.724740
0.927798 0.994662 1.000000 0.922433 0.857951 0.803705 0.757628 0.718183 0.684210 0.654811 0.629289 0.607089 0.587770 0.570975 0.556417 0.543860 0.533114 0.524022 0.516458 0.510321 0.505533 0.502031 0.499773 0.498732 0.498894 0.500262 0.502852 0.506696 0.511842 0.518355 0.526321 0.535846 0.547064 0.560140 0.575277 0.592722 0.612781 0.635830 0.662338 0.673838 0.665961 0.659837 0.655389 0.652562 0.651322 0.651653 0.653560 0.657066 0.662214 0.669067 0.677714 0.688267 0.700868 0.715697 0.732970 0.752956 0.775985 0.802461 0.832884 0.867879 0.908228 0.870922 0.824666 0.784871 0.750464 0.720611 0.694651 0.672059 0.652413 0.635370 0.620652 0.608032 0.597325 0.588382 0.581081 0.575329 0.571052 0.568197 0.566728 0.566629 0.567897 0.570549 0.574617 0.580150 0.587220 0.595917 0.606359 0.618690 0.633090 0.649779 0.669027 0.691166 0.716606 0.745856 0.747646 0.716575 0.689579 0.666090 0.645652 0.627899 0.612532 0.599309 0.588031 0.578538 0.570699 0.564412 0.559595 0.556188 0.554149 0.553454 0.554093 0.556075 0.559424 0.564181 0.570406 0.578177 0.587599 0.598799 0.611937 0.627210 0.644858 0.665177 0.688530 0.715369 0.746256 0.781899 0.823200 0.871324 5818.000000 1.394975 0.724740
0.689579 0.666090 0.645652 0.627899 0.612532 0.599309 0.588031 0.578538 0.570699 0.564412 0.559595 0.556188 0.554149 0.553454 0.554093 0.556075 0.559424 0.564181 0.570406 0.578177 0.587599 0.598799 0.611937 0.627210 0.644858 0.665177 0.688530 0.715369 0.746256 0.781899 0.823200 0.871324 0.927798 0.994662 1.000000 0.922433 0.857951 0.803705 0.757628 0.718183 0.684210 0.654811 0.629289 0.607089 0.587770 0.570975 0.556417 0.543860 0.533114 0.524022 0.516458 0.510321 0.505533 0.502031 0.499773 0.498732 0.498894 0.500262 0.502852 0.506696 0.511842 0.518355 0.526321 0.535846 0.547064 0.560140 0.575277 0.592722 0.612781 0.635830 0.662338 0.673838 0.665961 0.659837 0.655389 0.652562 0.651322 0.651653 0.653560 0.657066 0.662214 0.669067 0.677714 0.688267 0.700868 0.715697 0.732970 0.752956 0.775985 0.802461 0.832884 0.867879 0.908228 0.870922 0.824666 0.784871 0.750464 0.720611 0.694651 0.672059 0.652413 0.635370 0.620652 0.608032 0.597325 0.588382 0.581081 0.575329 0.571052 0.568197 0.566728 0.566629 0.567897 0.570549 0.574617 0.580150 0.587220 0.595917 0.606359 0.618690 0.633090 0.649779 0.669027 0.691166 0.716606 0.745856 0.747646 0.716575 5818.000000 1.394975 0.724740
0.750464 0.720611 0.694651 0.672059 0.652413 0.635370 0.620652 0.608032 0.597325 0.588382 0.581081 0.575329 0.571052 0.568197 0.566728 0.566629 0.567897 0.570549 0.574617 0.580150 0.587220 0.595917 0.606359 0.618690 0.633090 0.649779 0.669027 0.691166 0.716606 0.745856 0.747646 0.716575 0.689579 0.666090 0.645652 0.627899 0.612532 0.599309 0.588031 0.578538 0.570699 0.564412 0.559595 0.556188 0.554149 0.553454 0.554093 0.556075 0.559424 0.564181 0.570406 0.578177 0.587599 0.598799 0.611937 0.627210 0.644858 0.665177 0.688530 0.715369 0.746256 0.781899 0.823200 0.871324 0.927798 0.994662 1.000000 0.922433 0.857951 0.803705 0.757628 0.718183 0.684210 0.654811 0.629289 0.607089 0.587770 0.570975 0.556417 0.543860 0.533114 0.524022 0.516458 0.510321 0.505533 0.502031 0.499773 0.498732 0.498894 0.500262 0.502852 0.506696 0.511842 0.518355 0.526321 0.535846 0.547064 0.560140 0.575277 0.592722 0.612781 0.635830 0.662338 0.673838 0.665961 0.659837 0.655389 0.652562 0.651322 0.651653 0.653560 0.657066 0.662214 0.669067 0.677714 0.688267 0.700868 0.715697 0.732970 0.752956 0.775985 0.802461 0.832884 0.867879 0.908228 0.870922 0.824666 0.784871 5818.000000 1.394975 0.724740
0.937420 1.000000 0.915363 0.845813 0.787849 0.738987 0.697414 0.661778 0.631054 0.604447 0.581337 0.561232 0.543736 0.528534 0.515366 0.504023 0.494333 0.486159 0.479386 0.473926 0.469707 0.466678 0.464799 0.464049 0.464419 0.465912 0.468548 0.472358 0.477390 0.483708 0.491395 0.500556 0.511320 0.523847 0.538333 0.555018 0.574197 0.596238 0.621595 0.650842 0.684709 0.724134 0.770346 0.824980 0.890265 0.870560 0.815686 0.769062 0.729142 0.694752 0.664991 0.639151 0.616674 0.597114 0.580111 0.565374 0.552665 0.541792 0.532597 0.524952 0.518756 0.513928 0.510407 0.508150 0.507129 0.507332 0.508761 0.511434 0.515384 0.520658 0.527326 0.535473 0.545210 0.556674 0.570033 0.585493 0.603310 0.623796 0.647335 0.674409 0.705621 0.741736 0.783737 0.832906 0.890949 0.907994 0.837929 0.779647 0.730591 0.688903 0.653205 0.622451 0.595832 0.572721 0.552616 0.535121 0.519914 0.506734 0.495370 0.485648 0.477429 0.470598 0.465065 0.460757 0.457621 0.455617 0.454721 0.454923 0.456224 0.458641 0.462204 0.466955 0.472957 0.480287 0.489044 0.499353 0.511363 0.525262 0.541278 0.559693 0.580853 0.605191 0.633250 0.665719 0.703484 0.747701 0.799906 0.862181 7325.000000 1.139426 0.600790
0.519914 0.506734 0.495370 0.485648 0.477429 0.470598 0.465065 0.460757 0.457621 0.455617 0.454721 0.454923 0.456224 0.458641 0.462204 0.466955 0.472957 0.480287 0.489044 0.499353 0.511363 0.525262 0.541278 0.559693 0.580853 0.605191 0.633250 0.665719 0.703484 0.747701 0.799906 0.862181 0.937420 1.000000 0.915363 0.845813 0.787849 0.738987 0.697414 0.661778 0.631054 0.604447 0.581337 0.561232 0.543736 0.528534 0.515366 0.504023 0.494333 0.486159 0.479386 0.473926 0.469707 0.466678 0.464799 0.464049 0.464419 0.465912 0.468548 0.472358 0.477390 0.483708 0.491395 0.500556 0.511320 0.523847 0.538333 0.555018 0.574197 0.596238 0.621595 0.650842 0.684709 0.724134 0.770346 0.824980 0.890265 0.870560 0.815686 0.769062 0.729142 0.694752 0.664991 0.639151 0.616674 0.597114 0.580111 0.565374 0.552665 0.541792 0.532597 0.524952 0.518756 0.513928 0.510407 0.508150 0.507129 0.507332 0.508761 0.511434 0.515384 0.520658 0.527326 0.535473 0.545210 0.556674 0.570033 0.585493 0.603310 0.623796 0.647335 0.674409 0.705621 0.741736 0.783737 0.832906 0.890949 0.907994 0.837929 0.779647 0.730591 0.688903 0.653205 0.622451 0.595832 0.572721 0.552616 0.535121 7325.000000 1.139426 0.600790
0.507129 0.507332 0.508761 0.511434 0.515384 0.520658 0.527326 0.535473 0.545210 0.556674 0.570033 0.585493 0.603310 0.623796 0.647335 0.674409 0.705621 0.741736 0.783737 0.832906 0.890949 0.907994 0.837929 0.779647 0.730591 0.688903 0.653205 0.622451 0.595832 0.572721 0.552616 0.535121 0.519914 0.506734 0.495370 0.485648 0.477429 0.470598 0.465065 0.460757 0.457621 0.455617 0.454721 0.454923 0.456224 0.458641 0.462204 0.466955 0.472957 0.480287 0.489044 0.499353 0.511363 0.525262 0.541278 0.559693 0.580853 0.605191 0.633250 0.665719 0.703484 0.747701 0.799906 0.862181 0.937420 1.000000 0.915363 0.845813 0.787849 0.738987 0.697414 0.661778 0.631054 0.604447 0.581337 0.561232 0.543736 0.528534 0.515366 0.504023 0.494333 0.486159 0.479386 0.473926 0.469707 0.466678 0.464799 0.464049 0.464419 0.465912 0.468548 0.472358 0.477390 0.483708 0.491395 0.500556 0.511320 0.523847 0.538333 0.555018 0.574197 0.596238 0.621595 0.650842 0.684709 0.724134 0.770346 0.824980 0.890265 0.870560 0.815686 0.769062 0.729142 0.694752 0.664991 0.639151 0.616674 0.597114 0.580111 0.565374 0.552665 0.541792 0.532597 0.524952 0.518756 0.513928 0.510407 0.508150 7325.000000 1.139426 0.600790
0.511320 0.523847 0.538333 0.555018 0.574197 0.596238 0.621595 0.650842 0.684709 0.724134 0.770346 0.824980 0.890265 0.870560 0.815686 0.769062 0.729142 0.694752 0.664991 0.639151 0.616674 0.597114 0.580111 0.565374 0.552665 0.541792 0.532597 0.524952 0.518756 0.513928 0.510407 0.508150 0.507129 0.507332 0.508761 0.511434 0.515384 0.520658 0.527326 0.535473 0.545210 0.556674 0.570033 0.585493 0.603310 0.623796 0.647335 0.674409 0.705621 0.741736 0.783737 0.832906 0.890949 0.907994 0.837929 0.779647 0.730591 0.688903 0.653205 0.622451 0.595832 0.572721 0.552616 0.535121 0.519914 0.506734 0.495370 0.485648 0.477429 0.470598 0.465065 0.460757 0.457621 0.455617 0.454721 0.454923 0.456224 0.458641 0.462204 0.466955 0.472957 0.480287 0.489044 0.499353 0.511363 0.525262 0.541278 0.559693 0.580853 0.605191 0.633250 0.665719 0.703484 0.747701 0.799906 0.862181 0.937420 1.000000 0.915363 0.845813 0.787849 0.738987 0.697414 0.661778 0.631054 0.604447 0.581337 0.561232 0.543736 0.528534 0.515366 0.504023 0.494333 0.486159 0.479386 0.473926 0.469707 0.466678 0.464799 0.464049 0.464419 0.465912 0.468548 0.472358 0.477390 0.483708 0.491395 0.500556 7325.000000 1.139426 0.600790
0.591651 0.638752 0.695823 0.766119 0.842271 0.789790 0.745155 0.706908 0.673939 0.645394 0.620603 0.599036 0.580269 0.563959 0.549829 0.537654 0.527249 0.518464 0.511178 0.505295 0.500739 0.497451 0.495392 0.494537 0.494874 0.496409 0.499159 0.503159 0.508459 0.515125 0.523246 0.532932 0.544319 0.557576 0.572909 0.590572 0.610878 0.634212 0.661055 0.677128 0.632414 0.594584 0.562302 0.534566 0.510610 0.489839 0.471784 0.456072 0.442404 0.430539 0.420279 0.411466 0.403967 0.397678 0.392513 0.388404 0.385299 0.383158 0.381957 0.381679 0.382323 0.383895 0.386414 0.389913 0.394434 0.400036 0.406794 0.414801 0.424172 0.435048 0.447603 0.462051 0.478653 0.497738 0.519711 0.545088 0.574526 0.608875 0.649256 0.697173 0.754689 0.824714 0.911484 1.000000 0.878395 0.784845 0.710852 0.651041 0.601851 0.560829 0.526229 0.496777 0.471523 0.449743 0.430879 0.414492 0.400234 0.387828 0.377050 0.367715 0.359678 0.352816 0.347031 0.342245 0.338392 0.335425 0.333304 0.332006 0.331513 0.331820 0.332930 0.334857 0.337624 0.341267 0.345831 0.351377 0.357980 0.365734 0.374755 0.385183 0.397192 0.410996 0.426859 0.445112 0.466168 0.490556 0.518956 0.552258 1932.000000 1.590861 0.558782
0.400234 0.387828 0.377050 0.367715 0.359678 0.352816 0.347031 0.342245 0.338392 0.335425 0.333304 0.332006 0.331513 0.331820 0.332930 0.334857 0.337624 0.341267 0.345831 0.351377 0.357980 0.365734 0.374755 0.385183 0.397192 0.410996 0.426859 0.445112 0.466168 0.490556 0.518956 0.552258 0.591651 0.638752 0.695823 0.766119 0.842271 0.789790 0.745155 0.706908 0.673939 0.645394 0.620603 0.599036 0.580269 0.563959 0.549829 0.537654 0.527249 0.518464 0.511178 0.505295 0.500739 0.497451 0.495392 0.494537 0.494874 0.496409 0.499159 0.503159 0.508459 0.515125 0.523246 0.532932 0.544319 0.557576 0.572909 0.590572 0.610878 0.634212 0.661055 0.677128 0.632414 0.594584 0.562302 0.534566 0.510610 0.489839 0.471784 0.456072 0.442404 0.430539 0.420279 0.411466 0.403967 0.397678 0.392513 0.388404 0.385299 0.383158 0.381957 0.381679 0.382323 0.383895 0.386414 0.389913 0.394434 0.400036 0.406794 0.414801 0.424172 0.435048 0.447603 0.462051 0.478653 0.497738 0.519711 0.545088 0.574526 0.608875 0.649256 0.697173 0.754689 0.824714 0.911484 1.000000 0.878395 0.784845 0.710852 0.651041 0.601851 0.560829 0.526229 0.496777 0.471523 0.449743 0.430879 0.414492 1932.000000 1.590861 0.558782
0.394434 0.400036 0.406794 0.414801 0.424172 0.435048 0.447603 0.462051 0.478653 0.497738 0.519711 0.545088 0.574526 0.608875 0.649256 0.697173 0.754689 0.824714 0.911484 1.000000 0.878395 0.784845 0.710852 0.651041 0.601851 0.560829 0.526229 0.496777 0.471523 0.449743 0.430879 0.414492 0.400234 0.387828 0.377050 0.367715 0.359678 0.352816 0.347031 0.342245 0.338392 0.335425 0.333304 0.332006 0.331513 0.331820 0.332930 0.334857 0.337624 0.341267 0.345831 0.351377 0.357980 0.365734 0.374755 0.385183 0.397192 0.410996 0.426859 0.445112 0.466168 0.490556 0.518956 0.552258 0.591651 0.638752 0.695823 0.766119 0.842271 0.789790 0.745155 0.706908 0.673939 0.645394 0.620603 0.599036 0.580269 0.563959 0.549829 0.537654 0.527249 0.518464 0.511178 0.505295 0.500739 0.497451 0.495392 0.494537 0.494874 0.496409 0.499159 0.503159 0.508459 0.515125 0.523246 0.532932 0.544319 0.557576 0.572909 0.590572 0.610878 0.634212 0.661055 0.677128 0.632414 0.594584 0.562302 0.534566 0.510610 0.489839 0.471784 0.456072 0.442404 0.430539 0.420279 0.411466 0.403967 0.397678 0.392513 0.388404 0.385299 0.383158 0.381957 0.381679 0.382323 0.383895 0.386414 0.389913 1932.000000 1.590861 0.558782
0.544319 0.557576 0.572909 0.590572 0.610878 0.634212 0.661055 0.677128 0.632414 0.594584 0.562302 0.534566 0.510610 0.489839 0.471784 0.456072 0.442404 0.430539 0.420279 0.411466 0.403967 0.397678 0.392513 0.388404 0.385299 0.383158 0.381957 0.381679 0.382323 0.383895 0.386414 0.389913 0.394434 0.400036 0.406794 0.414801 0.424172 0.435048 0.447603 0.462051 0.478653 0.497738 0.519711 0.545088 0.574526 0.608875 0.649256 0.697173 0.754689 0.824714 0.911484 1.000000 0.878395 0.784845 0.710852 0.651041 0.601851 0.560829 0.526229 0.496777 0.471523 0.449743 0.430879 0.414492 0.400234 0.387828 0.377050 0.367715 0.359678 0.352816 0.347031 0.342245 0.338392 0.335425 0.333304 0.332006 0.331513 0.331820 0.332930 0.334857 0.337624 0.341267 0.345831 0.351377 0.357980 0.365734 0.374755 0.385183 0.397192 0.410996 0.426859 0.445112 0.466168 0.490556 0.518956 0.552258 0.591651 0.638752 0.695823 0.766119 0.842271 0.789790 0.745155 0.706908 0.673939 0.645394 0.620603 0.599036 0.580269 0.563959 0.549829 0.537654 0.527249 0.518464 0.511178 0.505295 0.500739 0.497451 0.495392 0.494537 0.494874 0.496409 0.499159 0.503159 0.508459 0.515125 0.523246 0.532932 1932.000000 1.590861 0.558782
0.611483 0.599348 0.583383 0.569583 0.557733 0.547659 0.539218 0.532296 0.526803 0.522668 0.519841 0.518285 0.517983 0.518931 0.521140 0.524637 0.529466 0.535687 0.543380 0.552648 0.563620 0.576453 0.586431 0.584716 0.584415 0.585524 0.588057 0.592044 0.597534 0.604598 0.613326 0.623834 0.636269 0.650809 0.667675 0.687138 0.709531 0.735263 0.764843 0.798909 0.838265 0.883938 0.937264 1.000000 0.960378 0.883667 0.820133 0.766846 0.721694 0.683117 0.649942 0.621267 0.596391 0.574762 0.555940 0.539569 0.525365 0.513094 0.502566 0.493626 0.486150 0.481684 0.479787 0.479055 0.479478 0.481062 0.483826 0.487803 0.493045 0.499617 0.507605 0.517120 0.528295 0.541296 0.556328 0.573640 0.593539 0.616407 0.642719 0.673070 0.708221 0.699562 0.681576 0.666055 0.652764 0.641507 0.632130 0.624505 0.618534 0.614142 0.611275 0.609896 0.609990 0.611557 0.614617 0.619207 0.625384 0.633226 0.642835 0.654342 0.667906 0.683727 0.702047 0.723167 0.747453 0.775360 0.807452 0.844438 0.887215 0.851384 0.812807 0.779371 0.750313 0.725028 0.703030 0.683927 0.667400 0.653189 0.641083 0.630909 0.622530 0.615835 0.610738 0.607175 0.605103 0.604496 0.605347 0.607667 8025.500000 1.366155 0.742960
0.625384 0.633226 0.642835 0.654342 0.667906 0.683727 0.702047 0.723167 0.747453 0.775360 0.807452 0.844438 0.887215 0.851384 0.812807 0.779371 0.750313 0.725028 0.703030 0.683927 0.667400 0.653189 0.641083 0.630909 0.622530 0.615835 0.610738 0.607175 0.605103 0.604496 0.605347 0.607667 0.611483 0.599348 0.583383 0.569583 0.557733 0.547659 0.539218 0.532296 0.526803 0.522668 0.519841 0.518285 0.517983 0.518931 0.521140 0.524637 0.529466 0.535687 0.543380 0.552648 0.563620 0.576453 0.586431 0.584716 0.584415 0.585524 0.588057 0.592044 0.597534 0.604598 0.613326 0.623834 0.636269 0.650809 0.667675 0.687138 0.709531 0.735263 0.764843 0.798909 0.838265 0.883938 0.937264 1.000000 0.960378 0.883667 0.820133 0.766846 0.721694 0.683117 0.649942 0.621267 0.596391 0.574762 0.555940 0.539569 0.525365 0.513094 0.502566 0.493626 0.486150 0.481684 0.479787 0.479055 0.479478 0.481062 0.483826 0.487803 0.493045 0.499617 0.507605 0.517120 0.528295 0.541296 0.556328 0.573640 0.593539 0.616407 0.642719 0.673070 0.708221 0.699562 0.681576 0.666055 0.652764 0.641507 0.632130 0.624505 0.618534 0.614142 0.611275 0.609896 0.609990 0.611557 0.614617 0.619207 8025.500000 1.366155 0.742960
0.479478 0.481062 0.483826 0.487803 0.493045 0.499617 0.507605 0.517120 0.528295 0.541296 0.556328 0.573640 0.593539 0.616407 0.642719 0.673070 0.708221 0.699562 0.681576 0.666055 0.652764 0.641507 0.632130 0.624505 0.618534 0.614142 0.611275 0.609896 0.609990 0.611557 0.614617 0.619207 0.625384 0.633226 0.642835 0.654342 0.667906 0.683727 0.702047 0.723167 0.747453 0.775360 0.807452 0.844438 0.887215 0.851384 0.812807 0.779371 0.750313 0.725028 0.703030 0.683927 0.667400 0.653189 0.641083 0.630909 0.622530 0.615835 0.610738 0.607175 0.605103 0.604496 0.605347 0.607667 0.611483 0.599348 0.583383 0.569583 0.557733 0.547659 0.539218 0.532296 0.526803 0.522668 0.519841 0.518285 0.517983 0.518931 0.521140 0.524637 0.529466 0.535687 0.543380 0.552648 0.563620 0.576453 0.586431 0.584716 0.584415 0.585524 0.588057 0.592044 0.597534 0.604598 0.613326 0.623834 0.636269 0.650809 0.667675 0.687138 0.709531 0.735263 0.764843 0.798909 0.838265 0.883938 0.937264 1.000000 0.960378 0.883667 0.820133 0.766846 0.721694 0.683117 0.649942 0.621267 0.596391 0.574762 0.555940 0.539569 0.525365 0.513094 0.502566 0.493626 0.486150 0.481684 0.479787 0.479055 8025.500000 1.366155 0.742960
0.636269 0.650809 0.667675 0.687138 0.709531 0.735263 0.764843 0.798909 0.838265 0.883938 0.937264 1.000000 0.960378 0.883667 0.820133 0.766846 0.721694 0.683117 0.649942 0.621267 0.596391 0.574762 0.555940 0.539569 0.525365 0.513094 0.502566 0.493626 0.486150 0.481684 0.479787 0.479055 0.479478 0.481062 0.483826 0.487803 0.493045 0.499617 0.507605 0.517120 0.528295 0.541296 0.556328 0.573640 0.593539 0.616407 0.642719 0.673070 0.708221 0.699562 0.681576 0.666055 0.652764 0.641507 0.632130 0.624505 0.618534 0.614142 0.611275 0.609896 0.609990 0.611557 0.614617 0.619207 0.625384 0.633226 0.642835 0.654342 0.667906 0.683727 0.702047 0.723167 0.747453 0.775360 0.807452 0.844438 0.887215 0.851384 0.812807 0.779371 0.750313 0.725028 0.703030 0.683927 0.667400 0.653189 0.641083 0.630909 0.622530 0.615835 0.610738 0.607175 0.605103 0.604496 0.605347 0.607667 0.611483 0.599348 0.583383 0.569583 0.557733 0.547659 0.539218 0.532296 0.526803 0.522668 0.519841 0.518285 0.517983 0.518931 0.521140 0.524637 0.529466 0.535687 0.543380 0.552648 0.563620 0.576453 0.586431 0.584716 0.584415 0.585524 0.588057 0.592044 0.597534 0.604598 0.613326 0.623834 8025.500000 1.366155 0.742960
0.620770 0.668963 0.727168 0.798575 0.887904 0.842760 0.792516 0.749630 0.712776 0.680939 0.653332 0.629333 0.608448 0.590282 0.574512 0.560880 0.549172 0.539215 0.530868 0.524020 0.518579 0.514477 0.511662 0.510100 0.509771 0.510673 0.512815 0.516225 0.520943 0.527030 0.534564 0.543645 0.554398 0.566979 0.581578 0.598428 0.617817 0.640097 0.665709 0.695200 0.717466 0.671000 0.631615 0.597959 0.569009 0.543982 0.522270 0.503391 0.486961 0.472672 0.460275 0.449568 0.440384 0.432588 0.426073 0.420750 0.416549 0.413417 0.411316 0.410219 0.410113 0.410997 0.412882 0.415790 0.419759 0.424837 0.431090 0.438603 0.447479 0.457848 0.469868 0.483733 0.499681 0.518007 0.539076 0.563347 0.591398 0.623971 0.662030 0.706846 0.760134 0.824260 0.902576 1.000000 0.962746 0.857219 0.774221 0.707430 0.652695 0.607180 0.568880 0.536341 0.508481 0.484482 0.463713 0.445681 0.429997 0.416347 0.404482 0.394198 0.385329 0.377740 0.371322 0.365985 0.361658 0.358286 0.355825 0.354245 0.353527 0.353663 0.354653 0.356510 0.359256 0.362927 0.367567 0.373239 0.380018 0.388001 0.397303 0.408070 0.420477 0.434743 0.451136 0.469991 0.491726 0.516875 0.546121 0.580358 18259.000000 1.535379 0.564959
0.429997 0.416347 0.404482 0.394198 0.385329 0.377740 0.371322 0.365985 0.361658 0.358286 0.355825 0.354245 0.353527 0.353663 0.354653 0.356510 0.359256 0.362927 0.367567 0.373239 0.380018 0.388001 0.397303 0.408070 0.420477 0.434743 0.451136 0.469991 0.491726 0.516875 0.546121 0.580358 0.620770 0.668963 0.727168 0.798575 0.887904 0.842760 0.792516 0.749630 0.712776 0.680939 0.653332 0.629333 0.608448 0.590282 0.574512 0.560880 0.549172 0.539215 0.530868 0.524020 0.518579 0.514477 0.511662 0.510100 0.509771 0.510673 0.512815 0.516225 0.520943 0.527030 0.534564 0.543645 0.554398 0.566979 0.581578 0.598428 0.617817 0.640097 0.665709 0.695200 0.717466 0.671000 0.631615 0.597959 0.569009 0.543982 0.522270 0.503391 0.486961 0.472672 0.460275 0.449568 0.440384 0.432588 0.426073 0.420750 0.416549 0.413417 0.411316 0.410219 0.410113 0.410997 0.412882 0.415790 0.419759 0.424837 0.431090 0.438603 0.447479 0.457848 0.469868 0.483733 0.499681 0.518007 0.539076 0.563347 0.591398 0.623971 0.662030 0.706846 0.760134 0.824260 0.902576 1.000000 0.962746 0.857219 0.774221 0.707430 0.652695 0.607180 0.568880 0.536341 0.508481 0.484482 0.463713 0.445681 18259.000000 1.535379 0.564959
0.419759 0.424837 0.431090 0.438603 0.447479 0.457848 0.469868 0.483733 0.499681 0.518007 0.539076 0.563347 0.591398 0.623971 0.662030 0.706846 0.760134 0.824260 0.902576 1.000000 0.962746 0.857219 0.774221 0.707430 0.652695 0.607180 0.568880 0.536341 0.508481 0.484482 0.463713 0.445681 0.429997 0.416347 0.404482 0.394198 0.385329 0.377740 0.371322 0.365985 0.361658 0.358286 0.355825 0.354245 0.353527 0.353663 0.354653 0.356510 0.359256 0.362927 0.367567 0.373239 0.380018 0.388001 0.397303 0.408070 0.420477 0.434743 0.451136 0.469991 0.491726 0.516875 0.546121 0.580358 0.620770 0.668963 0.727168 0.798575 0.887904 0.842760 0.792516 0.749630 0.712776 0.680939 0.653332 0.629333 0.608448 0.590282 0.574512 0.560880 0.549172 0.539215 0.530868 0.524020 0.518579 0.514477 0.511662 0.510100 0.509771 0.510673 0.512815 0.516225 0.520943 0.527030 0.534564 0.543645 0.554398 0.566979 0.581578 0.598428 0.617817 0.640097 0.665709 0.695200 0.717466 0.671000 0.631615 0.597959 0.569009 0.543982 0.522270 0.503391 0.486961 0.472672 0.460275 0.449568 0.440384 0.432588 0.426073 0.420750 0.416549 0.413417 0.411316 0.410219 0.410113 0.410997 0.412882 0.415790 18259.000000 1.535379 0.564959
0.554398 0.566979 0.581578 0.598428 0.617817 0.640097 0.665709 0.695200 0.717466 0.671000 0.631615 0.597959 0.569009 0.543982 0.522270 0.503391 0.486961 0.472672 0.460275 0.449568 0.440384 0.432588 0.426073 0.420750 0.416549 0.413417 0.411316 0.410219 0.410113 0.410997 0.412882 0.415790 0.419759 0.424837 0.431090 0.438603 0.447479 0.457848 0.469868 0.483733 0.499681 0.518007 0.539076 0.563347 0.591398 0.623971 0.662030 0.706846 0.760134 0.824260 0.902576 1.000000 0.962746 0.857219 0.774221 0.707430 0.652695 0.607180 0.568880 0.536341 0.508481 0.484482 0.463713 0.445681 0.429997 0.416347 0.404482 0.394198 0.385329 0.377740 0.371322 0.365985 0.361658 0.358286 0.355825 0.354245 0.353527 0.353663 0.354653 0.356510 0.359256 0.362927 0.367567 0.373239 0.380018 0.388001 0.397303 0.408070 0.420477 0.434743 0.451136 0.469991 0.491726 0.516875 0.546121 0.580358 0.620770 0.668963 0.727168 0.798575 0.887904 0.842760 0.792516 0.749630 0.712776 0.680939 0.653332 0.629333 0.608448 0.590282 0.574512 0.560880 0.549172 0.539215 0.530868 0.524020 0.518579 0.514477 0.511662 0.510100 0.509771 0.510673 0.512815 0.516225 0.520943 0.527030 0.534564 0.543645 18259.000000 1.535379 0.564959
0.972765 1.000000 0.946532 0.900551 0.860808 0.826331 0.796354 0.770267 0.747578 0.727891 0.710883 0.696291 0.683900 0.673537 0.665062 0.658363 0.653356 0.649979 0.648191 0.647968 0.649310 0.652232 0.643131 0.631118 0.621014 0.612682 0.606011 0.600915 0.597332 0.595216 0.594543 0.595304 0.597508 0.601182 0.606371 0.613141 0.621578 0.631793 0.643927 0.643556 0.638767 0.635568 0.633920 0.633804 0.635218 0.638179 0.642724 0.648908 0.656810 0.666533 0.678206 0.691992 0.708091 0.726750 0.748270 0.773023 0.801466 0.834168 0.871843 0.915391 0.943982 0.906923 0.874690 0.846640 0.822253 0.801107 0.782860 0.767233 0.753998 0.742972 0.734006 0.726985 0.721820 0.718445 0.716821 0.716928 0.718766 0.722359 0.727750 0.735005 0.744218 0.755508 0.769027 0.784964 0.768178 0.735174 0.706521 0.681598 0.659909 0.641055 0.624711 0.610614 0.598550 0.588343 0.579852 0.572963 0.567587 0.563657 0.561123 0.559954 0.560137 0.561674 0.564583 0.568900 0.574679 0.581992 0.590937 0.601632 0.614229 0.628912 0.645908 0.665497 0.687849 0.688678 0.691177 0.695375 0.701325 0.709100 0.718800 0.730554 0.744522 0.760904 0.779944 0.801942 0.827269 0.856378 0.889831 0.928332 570.000000 1.342036 0.822435
0.567587 0.563657 0.561123 0.559954 0.560137 0.561674 0.564583 0.568900 0.574679 0.581992 0.590937 0.601632 0.614229 0.628912 0.645908 0.665497 0.687849 0.688678 0.691177 0.695375 0.701325 0.709100 0.718800 0.730554 0.744522 0.760904 0.779944 0.801942 0.827269 0.856378 0.889831 0.928332 0.972765 1.000000 0.946532 0.900551 0.860808 0.826331 0.796354 0.770267 0.747578 0.727891 0.710883 0.696291 0.683900 0.673537 0.665062 0.658363 0.653356 0.649979 0.648191 0.647968 0.649310 0.652232 0.643131 0.631118 0.621014 0.612682 0.606011 0.600915 0.597332 0.595216 0.594543 0.595304 0.597508 0.601182 0.606371 0.613141 0.621578 0.631793 0.643927 0.643556 0.638767 0.635568 0.633920 0.633804 0.635218 0.638179 0.642724 0.648908 0.656810 0.666533 0.678206 0.691992 0.708091 0.726750 0.748270 0.773023 0.801466 0.834168 0.871843 0.915391 0.943982 0.906923 0.874690 0.846640 0.822253 0.801107 0.782860 0.767233 0.753998 0.742972 0.734006 0.726985 0.721820 0.718445 0.716821 0.716928 0.718766 0.722359 0.727750 0.735005 0.744218 0.755508 0.769027 0.784964 0.768178 0.735174 0.706521 0.681598 0.659909 0.641055 0.624711 0.610614 0.598550 0.588343 0.579852 0.572963 570.000000 1.342036 0.822435
0.822253 0.801107 0.782860 0.767233 0.753998 0.742972 0.734006 0.726985 0.721820 0.718445 0.716821 0.716928 0.718766 0.722359 0.727750 0.735005 0.744218 0.755508 0.769027 0.784964 0.768178 0.735174 0.706521 0.681598 0.659909 0.641055 0.624711 0.610614 0.598550 0.588343 0.579852 0.572963 0.567587 0.563657 0.561123 0.559954 0.560137 0.561674 0.564583 0.568900 0.574679 0.581992 0.590937 0.601632 0.614229 0.628912 0.645908 0.665497 0.687849 0.688678 0.691177 0.695375 0.701325 0.709100 0.718800 0.730554 0.744522 0.760904 0.779944 0.801942 0.827269 0.856378 0.889831 0.928332 0.972765 1.000000 0.946532 0.900551 0.860808 0.826331 0.796354 0.770267 0.747578 0.727891 0.710883 0.696291 0.683900 0.673537 0.665062 0.658363 0.653356 0.649979 0.648191 0.647968 0.649310 0.652232 0.643131 0.631118 0.621014 0.612682 0.606011 0.600915 0.597332 0.595216 0.594543 0.595304 0.597508 0.601182 0.606371 0.613141 0.621578 0.631793 0.643927 0.643556 0.638767 0.635568 0.633920 0.633804 0.635218 0.638179 0.642724 0.648908 0.656810 0.666533 0.678206 0.691992 0.708091 0.726750 0.748270 0.773023 0.801466 0.834168 0.871843 0.915391 0.943982 0.906923 0.874690 0.846640 570.000000 1.342036 0.822435
0.597508 0.601182 0.606371 0.613141 0.621578 0.631793 0.643927 0.643556 0.638767 0.635568 0.633920 0.633804 0.635218 0.638179 0.642724 0.648908 0.656810 0.666533 0.678206 0.691992 0.708091 0.726750 0.748270 0.773023 0.801466 0.834168 0.871843 0.915391 0.943982 0.906923 0.874690 0.846640 0.822253 0.801107 0.782860 0.767233 0.753998 0.742972 0.734006 0.726985 0.721820 0.718445 0.716821 0.716928 0.718766 0.722359 0.727750 0.735005 0.744218 0.755508 0.769027 0.784964 0.768178 0.735174 0.706521 0.681598 0.659909 0.641055 0.624711 0.610614 0.598550 0.588343 0.579852 0.572963 0.567587 0.563657 0.561123 0.559954 0.560137 0.561674 0.564583 0.568900 0.574679 0.581992 0.590937 0.601632 0.614229 0.628912 0.645908 0.665497 0.687849 0.688678 0.691177 0.695375 0.701325 0.709100 0.718800 0.730554 0.744522 0.760904 0.779944 0.801942 0.827269 0.856378 0.889831 0.928332 0.972765 1.000000 0.946532 0.900551 0.860808 0.826331 0.796354 0.770267 0.747578 0.727891 0.710883 0.696291 0.683900 0.673537 0.665062 0.658363 0.653356 0.649979 0.648191 0.647968 0.649310 0.652232 0.643131 0.631118 0.621014 0.612682 0.606011 0.600915 0.597332 0.595216 0.594543 0.595304 570.000000 1.342036 0.822435
0.713736 0.729191 0.747171 0.767956 0.759566 0.753043 0.748418 0.745636 0.744661 0.745482 0.748110 0.752575 0.758934 0.767265 0.777675 0.790302 0.805317 0.822935 0.843419 0.867090 0.894346 0.925673 0.961675 1.000000 0.947754 0.902763 0.863837 0.830046 0.800656 0.775079 0.752843 0.733565 0.716934 0.702695 0.690643 0.680609 0.672459 0.666088 0.661415 0.658382 0.656952 0.657108 0.658851 0.662204 0.667206 0.673920 0.682432 0.692852 0.705320 0.720012 0.737142 0.756976 0.757675 0.741911 0.728509 0.717280 0.708072 0.700763 0.695263 0.691500 0.689431 0.689028 0.690288 0.693226 0.697877 0.704299 0.712574 0.722807 0.735134 0.749728 0.766797 0.786600 0.809455 0.835752 0.865971 0.900709 0.940711 0.976139 0.933088 0.895740 0.863267 0.835007 0.810429 0.789104 0.770681 0.754875 0.741456 0.730233 0.721057 0.713806 0.708389 0.704739 0.702811 0.702582 0.704048 0.707227 0.712159 0.718904 0.727548 0.738201 0.751008 0.766146 0.783833 0.804340 0.827996 0.855210 0.859201 0.826516 0.798079 0.773336 0.751837 0.733219 0.717188 0.703501 0.691962 0.682413 0.674728 0.668807 0.664576 0.661983 0.660997 0.661605 0.663814 0.667653 0.673167 0.680426 0.689522 0.700575 1649.000000 1.195554 0.830278
0.712159 0.718904 0.727548 0.738201 0.751008 0.766146 0.783833 0.804340 0.827996 0.855210 0.859201 0.826516 0.798079 0.773336 0.751837 0.733219 0.717188 0.703501 0.691962 0.682413 0.674728 0.668807 0.664576 0.661983 0.660997 0.661605 0.663814 0.667653 0.673167 0.680426 0.689522 0.700575 0.713736 0.729191 0.747171 0.767956 0.759566 0.753043 0.748418 0.745636 0.744661 0.745482 0.748110 0.752575 0.758934 0.767265 0.777675 0.790302 0.805317 0.822935 0.843419 0.867090 0.894346 0.925673 0.961675 1.000000 0.947754 0.902763 0.863837 0.830046 0.800656 0.775079 0.752843 0.733565 0.716934 0.702695 0.690643 0.680609 0.672459 0.666088 0.661415 0.658382 0.656952 0.657108 0.658851 0.662204 0.667206 0.673920 0.682432 0.692852 0.705320 0.720012 0.737142 0.756976 0.757675 0.741911 0.728509 0.717280 0.708072 0.700763 0.695263 0.691500 0.689431 0.689028 0.690288 0.693226 0.697877 0.704299 0.712574 0.722807 0.735134 0.749728 0.766797 0.786600 0.809455 0.835752 0.865971 0.900709 0.940711 0.976139 0.933088 0.895740 0.863267 0.835007 0.810429 0.789104 0.770681 0.754875 0.741456 0.730233 0.721057 0.713806 0.708389 0.704739 0.702811 0.702582 0.704048 0.707227 1649.000000 1.195554 0.830278
0.697877 0.704299 0.712574 0.722807 0.735134 0.749728 0.766797 0.786600 0.809455 0.835752 0.865971 0.900709 0.940711 0.976139 0.933088 0.895740 0.863267 0.835007 0.810429 0.789104 0.770681 0.754875 0.741456 0.730233 0.721057 0.713806 0.708389 0.704739 0.702811 0.702582 0.704048 0.707227 0.712159 0.718904 0.727548 0.738201 0.751008 0.766146 0.783833 0.804340 0.827996 0.855210 0.859201 0.826516 0.798079 0.773336 0.751837 0.733219 0.717188 0.703501 0.691962 0.682413 0.674728 0.668807 0.664576 0.661983 0.660997 0.661605 0.663814 0.667653 0.673167 0.680426 0.689522 0.700575 0.713736 0.729191 0.747171 0.767956 0.759566 0.753043 0.748418 0.745636 0.744661 0.745482 0.748110 0.752575 0.758934 0.767265 0.777675 0.790302 0.805317 0.822935 0.843419 0.867090 0.894346 0.925673 0.961675 1.000000 0.947754 0.902763 0.863837 0.830046 0.800656 0.775079 0.752843 0.733565 0.716934 0.702695 0.690643 0.680609 0.672459 0.666088 0.661415 0.658382 0.656952 0.657108 0.658851 0.662204 0.667206 0.673920 0.682432 0.692852 0.705320 0.720012 0.737142 0.756976 0.757675 0.741911 0.728509 0.717280 0.708072 0.700763 0.695263 0.691500 0.689431 0.689028 0.690288 0.693226 1649.000000 1.195554 0.830278
0.716934 0.702695 0.690643 0.680609 0.672459 0.666088 0.661415 0.658382 0.656952 0.657108 0.658851 0.662204 0.667206 0.673920 0.682432 0.692852 0.705320 0.720012 0.737142 0.756976 0.757675 0.741911 0.728509 0.717280 0.708072 0.700763 0.695263 0.691500 0.689431 0.689028 0.690288 0.693226 0.697877 0.704299 0.712574 0.722807 0.735134 0.749728 0.766797 0.786600 0.809455 0.835752 0.865971 0.900709 0.940711 0.976139 0.933088 0.895740 0.863267 0.835007 0.810429 0.789104 0.770681 0.754875 0.741456 0.730233 0.721057 0.713806 0.708389 0.704739 0.702811 0.702582 0.704048 0.707227 0.712159 0.718904 0.727548 0.738201 0.751008 0.766146 0.783833 0.804340 0.827996 0.855210 0.859201 0.826516 0.798079 0.773336 0.751837 0.733219 0.717188 0.703501 0.691962 0.682413 0.674728 0.668807 0.664576 0.661983 0.660997 0.661605 0.663814 0.667653 0.673167 0.680426 0.689522 0.700575 0.713736 0.729191 0.747171 0.767956 0.759566 0.753043 0.748418 0.745636 0.744661 0.745482 0.748110 0.752575 0.758934 0.767265 0.777675 0.790302 0.805317 0.822935 0.843419 0.867090 0.894346 0.925673 0.961675 1.000000 0.947754 0.902763 0.863837 0.830046 0.800656 0.775079 0.752843 0.733565 1649.000000 1.195554 0.830278
0.479161 0.473463 0.469015 0.465761 0.463662 0.462691 0.462837 0.464101 0.466499 0.470060 0.474829 0.480866 0.488250 0.497080 0.507481 0.519605 0.533639 0.549813 0.568411 0.589782 0.614361 0.642692 0.675469 0.713581 0.758186 0.810822 0.873574 0.902277 0.877700 0.856435 0.838148 0.822565 0.809466 0.798671 0.790039 0.783459 0.778848 0.776150 0.775331 0.776383 0.779318 0.784172 0.791004 0.799900 0.810974 0.824373 0.814546 0.767217 0.726742 0.691906 0.661778 0.635632 0.612894 0.593106 0.575900 0.560977 0.548096 0.537057 0.527700 0.519895 0.513537 0.508542 0.504848 0.502409 0.501195 0.501192 0.502399 0.504830 0.508517 0.513504 0.519854 0.527651 0.536998 0.548026 0.560897 0.575807 0.592999 0.612771 0.635491 0.661615 0.691718 0.726524 0.747425 0.731167 0.717293 0.705603 0.695938 0.688170 0.682199 0.677949 0.675369 0.674427 0.675112 0.677432 0.681416 0.687111 0.694590 0.703948 0.715308 0.728826 0.744693 0.763146 0.784474 0.809034 0.837264 0.869705 0.907036 0.950106 1.000000 0.928042 0.861408 0.805512 0.758143 0.717669 0.682859 0.652770 0.626666 0.603969 0.584216 0.567038 0.552133 0.539257 0.528212 0.518835 0.510995 0.504586 0.494626 0.486184 6059.000000 1.522760 0.744935
0.694590 0.703948 0.715308 0.728826 0.744693 0.763146 0.784474 0.809034 0.837264 0.869705 0.907036 0.950106 1.000000 0.928042 0.861408 0.805512 0.758143 0.717669 0.682859 0.652770 0.626666 0.603969 0.584216 0.567038 0.552133 0.539257 0.528212 0.518835 0.510995 0.504586 0.494626 0.486184 0.479161 0.473463 0.469015 0.465761 0.463662 0.462691 0.462837 0.464101 0.466499 0.470060 0.474829 0.480866 0.488250 0.497080 0.507481 0.519605 0.533639 0.549813 0.568411 0.589782 0.614361 0.642692 0.675469 0.713581 0.758186 0.810822 0.873574 0.902277 0.877700 0.856435 0.838148 0.822565 0.809466 0.798671 0.790039 0.783459 0.778848 0.776150 0.775331 0.776383 0.779318 0.784172 0.791004 0.799900 0.810974 0.824373 0.814546 0.767217 0.726742 0.691906 0.661778 0.635632 0.612894 0.593106 0.575900 0.560977 0.548096 0.537057 0.527700 0.519895 0.513537 0.508542 0.504848 0.502409 0.501195 0.501192 0.502399 0.504830 0.508517 0.513504 0.519854 0.527651 0.536998 0.548026 0.560897 0.575807 0.592999 0.612771 0.635491 0.661615 0.691718 0.726524 0.747425 0.731167 0.717293 0.705603 0.695938 0.688170 0.682199 0.677949 0.675369 0.674427 0.675112 0.677432 0.681416 0.687111 6059.000000 1.522760 0.744935
0.501195 0.501192 0.502399 0.504830 0.508517 0.513504 0.519854 0.527651 0.536998 0.548026 0.560897 0.575807 0.592999 0.612771 0.635491 0.661615 0.691718 0.726524 0.747425 0.731167 0.717293 0.705603 0.695938 0.688170 0.682199 0.677949 0.675369 0.674427 0.675112 0.677432 0.681416 0.687111 0.694590 0.703948 0.715308 0.728826 0.744693 0.763146 0.784474 0.809034 0.837264 0.869705 0.907036 0.950106 1.000000 0.928042 0.861408 0.805512 0.758143 0.717669 0.682859 0.652770 0.626666 0.603969 0.584216 0.567038 0.552133 0.539257 0.528212 0.518835 0.510995 0.504586 0.494626 0.486184 0.479161 0.473463 0.469015 0.465761 0.463662 0.462691 0.462837 0.464101 0.466499 0.470060 0.474829 0.480866 0.488250 0.497080 0.507481 0.519605 0.533639 0.549813 0.568411 0.589782 0.614361 0.642692 0.675469 0.713581 0.758186 0.810822 0.873574 0.902277 0.877700 0.856435 0.838148 0.822565 0.809466 0.798671 0.790039 0.783459 0.778848 0.776150 0.775331 0.776383 0.779318 0.784172 0.791004 0.799900 0.810974 0.824373 0.814546 0.767217 0.726742 0.691906 0.661778 0.635632 0.612894 0.593106 0.575900 0.560977 0.548096 0.537057 0.527700 0.519895 0.513537 0.508542 0.504848 0.502409 6059.000000 1.522760 0.744935
0.809466 0.798671 0.790039 0.783459 0.778848 0.776150 0.775331 0.776383 0.779318 0.784172 0.791004 0.799900 0.810974 0.824373 0.814546 0.767217 0.726742 0.691906 0.661778 0.635632 0.612894 0.593106 0.575900 0.560977 0.548096 0.537057 0.527700 0.519895 0.513537 0.508542 0.504848 0.502409 0.501195 0.501192 0.502399 0.504830 0.508517 0.513504 0.519854 0.527651 0.536998 0.548026 0.560897 0.575807 0.592999 0.612771 0.635491 0.661615 0.691718 0.726524 0.747425 0.731167 0.717293 0.705603 0.695938 0.688170 0.682199 0.677949 0.675369 0.674427 0.675112 0.677432 0.681416 0.687111 0.694590 0.703948 0.715308 0.728826 0.744693 0.763146 0.784474 0.809034 0.837264 0.869705 0.907036 0.950106 1.000000 0.928042 0.861408 0.805512 0.758143 0.717669 0.682859 0.652770 0.626666 0.603969 0.584216 0.567038 0.552133 0.539257 0.528212 0.518835 0.510995 0.504586 0.494626 0.486184 0.479161 0.473463 0.469015 0.465761 0.463662 0.462691 0.462837 0.464101 0.466499 0.470060 0.474829 0.480866 0.488250 0.497080 0.507481 0.519605 0.533639 0.549813 0.568411 0.589782 0.614361 0.642692 0.675469 0.713581 0.758186 0.810822 0.873574 0.902277 0.877700 0.856435 0.838148 0.822565 6059.000000 1.522760 0.744935
0.867437 0.891111 0.852751 0.819450 0.790485 0.765279 0.743366 0.724369 0.707982 0.693955 0.682085 0.672205 0.664185 0.657921 0.653333 0.650364 0.648978 0.649159 0.650909 0.654248 0.659218 0.665881 0.674321 0.684648 0.697002 0.711555 0.728522 0.748163 0.770802 0.796833 0.826745 0.861146 0.900798 0.946669 1.000000 0.970306 0.923547 0.883117 0.848036 0.817530 0.790982 0.767895 0.747869 0.730576 0.715750 0.703174 0.692672 0.684103 0.677355 0.672343 0.669005 0.667299 0.667205 0.668722 0.671868 0.676682 0.683223 0.691574 0.701843 0.714169 0.728722 0.745714 0.765406 0.788116 0.814236 0.844251 0.878761 0.881184 0.845946 0.815307 0.788643 0.765454 0.745333 0.727952 0.713042 0.700384 0.689800 0.681148 0.674315 0.669213 0.665780 0.663973 0.663771 0.665171 0.668191 0.672866 0.679254 0.687438 0.697521 0.709640 0.723963 0.740696 0.760096 0.782476 0.808219 0.837801 0.871810 0.910985 0.956259 0.946891 0.905539 0.869656 0.838450 0.811294 0.787679 0.767197 0.749512 0.734354 0.721500 0.710772 0.702024 0.695143 0.690042 0.686658 0.684948 0.684893 0.686492 0.689763 0.694748 0.701508 0.710128 0.720720 0.733427 0.748426 0.765934 0.786220 0.809614 0.836520 5136.000000 1.112830 0.780546
0.871810 0.910985 0.956259 0.946891 0.905539 0.869656 0.838450 0.811294 0.787679 0.767197 0.749512 0.734354 0.721500 0.710772 0.702024 0.695143 0.690042 0.686658 0.684948 0.684893 0.686492 0.689763 0.694748 0.701508 0.710128 0.720720 0.733427 0.748426 0.765934 0.786220 0.809614 0.836520 0.867437 0.891111 0.852751 0.819450 0.790485 0.765279 0.743366 0.724369 0.707982 0.693955 0.682085 0.672205 0.664185 0.657921 0.653333 0.650364 0.648978 0.649159 0.650909 0.654248 0.659218 0.665881 0.674321 0.684648 0.697002 0.711555 0.728522 0.748163 0.770802 0.796833 0.826745 0.861146 0.900798 0.946669 1.000000 0.970306 0.923547 0.883117 0.848036 0.817530 0.790982 0.767895 0.747869 0.730576 0.715750 0.703174 0.692672 0.684103 0.677355 0.672343 0.669005 0.667299 0.667205 0.668722 0.671868 0.676682 0.683223 0.691574 0.701843 0.714169 0.728722 0.745714 0.765406 0.788116 0.814236 0.844251 0.878761 0.881184 0.845946 0.815307 0.788643 0.765454 0.745333 0.727952 0.713042 0.700384 0.689800 0.681148 0.674315 0.669213 0.665780 0.663973 0.663771 0.665171 0.668191 0.672866 0.679254 0.687438 0.697521 0.709640 0.723963 0.740696 0.760096 0.782476 0.808219 0.837801 5136.000000 1.112830 0.780546
0.814236 0.844251 0.878761 0.881184 0.845946 0.815307 0.788643 0.765454 0.745333 0.727952 0.713042 0.700384 0.689800 0.681148 0.674315 0.669213 0.665780 0.663973 0.663771 0.665171 0.668191 0.672866 0.679254 0.687438 0.697521 0.709640 0.723963 0.740696 0.760096 0.782476 0.808219 0.837801 0.871810 0.910985 0.956259 0.946891 0.905539 0.869656 0.838450 0.811294 0.787679 0.767197 0.749512 0.734354 0.721500 0.710772 0.702024 0.695143 0.690042 0.686658 0.684948 0.684893 0.686492 0.689763 0.694748 0.701508 0.710128 0.720720 0.733427 0.748426 0.765934 0.786220 0.809614 0.836520 0.867437 0.891111 0.852751 0.819450 0.790485 0.765279 0.743366 0.724369 0.707982 0.693955 0.682085 0.672205 0.664185 0.657921 0.653333 0.650364 0.648978 0.649159 0.650909 0.654248 0.659218 0.665881 0.674321 0.684648 0.697002 0.711555 0.728522 0.748163 0.770802 0.796833 0.826745 0.861146 0.900798 0.946669 1.000000 0.970306 0.923547 0.883117 0.848036 0.817530 0.790982 0.767895 0.747869 0.730576 0.715750 0.703174 0.692672 0.684103 0.677355 0.672343 0.669005 0.667299 0.667205 0.668722 0.671868 0.676682 0.683223 0.691574 0.701843 0.714169 0.728722 0.745714 0.765406 0.788116 5136.000000 1.112830 0.780546
0.900798 0.946669 1.000000 0.970306 0.923547 0.883117 0.848036 0.817530 0.790982 0.767895 0.747869 0.730576 0.715750 0.703174 0.692672 0.684103 0.677355 0.672343 0.669005 0.667299 0.667205 0.668722 0.671868 0.676682 0.683223 0.691574 0.701843 0.714169 0.728722 0.745714 0.765406 0.788116 0.814236 0.844251 0.878761 0.881184 0.845946 0.815307 0.788643 0.765454 0.745333 0.727952 0.713042 0.700384 0.689800 0.681148 0.674315 0.669213 0.665780 0.663973 0.663771 0.665171 0.668191 0.672866 0.679254 0.687438 0.697521 0.709640 0.723963 0.740696 0.760096 0.782476 0.808219 0.837801 0.871810 0.910985 0.956259 0.946891 0.905539 0.869656 0.838450 0.811294 0.787679 0.767197 0.749512 0.734354 0.721500 0.710772 0.702024 0.695143 0.690042 0.686658 0.684948 0.684893 0.686492 0.689763 0.694748 0.701508 0.710128 0.720720 0.733427 0.748426 0.765934 0.786220 0.809614 0.836520 0.867437 0.891111 0.852751 0.819450 0.790485 0.765279 0.743366 0.724369 0.707982 0.693955 0.682085 0.672205 0.664185 0.657921 0.653333 0.650364 0.648978 0.649159 0.650909 0.654248 0.659218 0.665881 0.674321 0.684648 0.697002 0.711555 0.728522 0.748163 0.770802 0.796833 0.826745 0.861146 5136.000000 1.112830 0.780546
0.596303 0.599125 0.603433 0.609283 0.616748 0.625925 0.636936 0.658188 0.684354 0.714480 0.749268 0.789617 0.836690 0.892016 0.957647 1.000000 0.926362 0.864766 0.812686 0.768269 0.730123 0.697186 0.668634 0.643818 0.622224 0.603437 0.587125 0.573016 0.560889 0.550563 0.541892 0.534759 0.529068 0.524749 0.528815 0.534588 0.541809 0.550572 0.560997 0.573233 0.587460 0.603904 0.622838 0.644601 0.669612 0.698392 0.731599 0.770069 0.814882 0.867452 0.854968 0.818264 0.786399 0.758681 0.734561 0.713593 0.695417 0.679741 0.666327 0.654979 0.645957 0.641876 0.639378 0.638431 0.639024 0.641164 0.644877 0.650209 0.657227 0.666020 0.676703 0.689423 0.704359 0.721735 0.741821 0.764953 0.791543 0.822099 0.857257 0.847753 0.808601 0.774689 0.745231 0.719601 0.697299 0.677922 0.661143 0.646694 0.634359 0.623961 0.615357 0.608433 0.603099 0.599290 0.596957 0.596073 0.596626 0.598625 0.603997 0.611292 0.620279 0.631076 0.643835 0.658740 0.676018 0.695949 0.718875 0.745220 0.775509 0.810399 0.850722 0.823073 0.787080 0.755848 0.728688 0.705052 0.684498 0.666670 0.651276 0.638079 0.626886 0.617542 0.609920 0.603920 0.599468 0.596507 0.595002 0.594935 1617.500000 1.092150 0.698388
0.596626 0.598625 0.603997 0.611292 0.620279 0.631076 0.643835 0.658740 0.676018 0.695949 0.718875 0.745220 0.775509 0.810399 0.850722 0.823073 0.787080 0.755848 0.728688 0.705052 0.684498 0.666670 0.651276 0.638079 0.626886 0.617542 0.609920 0.603920 0.599468 0.596507 0.595002 0.594935 0.596303 0.599125 0.603433 0.609283 0.616748 0.625925 0.636936 0.658188 0.684354 0.714480 0.749268 0.789617 0.836690 0.892016 0.957647 1.000000 0.926362 0.864766 0.812686 0.768269 0.730123 0.697186 0.668634 0.643818 0.622224 0.603437 0.587125 0.573016 0.560889 0.550563 0.541892 0.534759 0.529068 0.524749 0.528815 0.534588 0.541809 0.550572 0.560997 0.573233 0.587460 0.603904 0.622838 0.644601 0.669612 0.698392 0.731599 0.770069 0.814882 0.867452 0.854968 0.818264 0.786399 0.758681 0.734561 0.713593 0.695417 0.679741 0.666327 0.654979 0.645957 0.641876 0.639378 0.638431 0.639024 0.641164 0.644877 0.650209 0.657227 0.666020 0.676703 0.689423 0.704359 0.721735 0.741821 0.764953 0.791543 0.822099 0.857257 0.847753 0.808601 0.774689 0.745231 0.719601 0.697299 0.677922 0.661143 0.646694 0.634359 0.623961 0.615357 0.608433 0.603099 0.599290 0.596957 0.596073 1617.500000 1.092150 0.698388
0.639024 0.641164 0.644877 0.650209 0.657227 0.666020 0.676703 0.689423 0.704359 0.721735 0.741821 0.764953 0.791543 0.822099 0.857257 0.847753 0.808601 0.774689 0.745231 0.719601 0.697299 0.677922 0.661143 0.646694 0.634359 0.623961 0.615357 0.608433 0.603099 0.599290 0.596957 0.596073 0.596626 0.598625 0.603997 0.611292 0.620279 0.631076 0.643835 0.658740 0.676018 0.695949 0.718875 0.745220 0.775509 0.810399 0.850722 0.823073 0.787080 0.755848 0.728688 0.705052 0.684498 0.666670 0.651276 0.638079 0.626886 0.617542 0.609920 0.603920 0.599468 0.596507 0.595002 0.594935 0.596303 0.599125 0.603433 0.609283 0.616748 0.625925 0.636936 0.658188 0.684354 0.714480 0.749268 0.789617 0.836690 0.892016 0.957647 1.000000 0.926362 0.864766 0.812686 0.768269 0.730123 0.697186 0.668634 0.643818 0.622224 0.603437 0.587125 0.573016 0.560889 0.550563 0.541892 0.534759 0.529068 0.524749 0.528815 0.534588 0.541809 0.550572 0.560997 0.573233 0.587460 0.603904 0.622838 0.644601 0.669612 0.698392 0.731599 0.770069 0.814882 0.867452 0.854968 0.818264 0.786399 0.758681 0.734561 0.713593 0.695417 0.679741 0.666327 0.654979 0.645957 0.641876 0.639378 0.638431 1617.500000 1.092150 0.698388
0.529068 0.524749 0.528815 0.534588 0.541809 0.550572 0.560997 0.573233 0.587460 0.603904 0.622838 0.644601 0.669612 0.698392 0.731599 0.770069 0.814882 0.867452 0.854968 0.818264 0.786399 0.758681 0.734561 0.713593 0.695417 0.679741 0.666327 0.654979 0.645957 0.641876 0.639378 0.638431 0.639024 0.641164 0.644877 0.650209 0.657227 0.666020 0.676703 0.689423 0.704359 0.721735 0.741821 0.764953 0.791543 0.822099 0.857257 0.847753 0.808601 0.774689 0.745231 0.719601 0.697299 0.677922 0.661143 0.646694 0.634359 0.623961 0.615357 0.608433 0.603099 0.599290 0.596957 0.596073 0.596626 0.598625 0.603997 0.611292 0.620279 0.631076 0.643835 0.658740 0.676018 0.695949 0.718875 0.745220 0.775509 0.810399 0.850722 0.823073 0.787080 0.755848 0.728688 0.705052 0.684498 0.666670 0.651276 0.638079 0.626886 0.617542 0.609920 0.603920 0.599468 0.596507 0.595002 0.594935 0.596303 0.599125 0.603433 0.609283 0.616748 0.625925 0.636936 0.658188 0.684354 0.714480 0.749268 0.789617 0.836690 0.892016 0.957647 1.000000 0.926362 0.864766 0.812686 0.768269 0.730123 0.697186 0.668634 0.643818 0.622224 0.603437 0.587125 0.573016 0.560889 0.550563 0.541892 0.534759 1617.500000 1.092150 0.698388
0.823536 0.797715 0.775275 0.755835 0.739082 0.724764 0.712675 0.702647 0.694547 0.688272 0.683741 0.680899 0.679711 0.680163 0.682260 0.686029 0.691514 0.698785 0.707933 0.719080 0.732376 0.748009 0.766210 0.787263 0.811516 0.839397 0.871435 0.908292 0.950796 1.000000 0.961493 0.926624 0.896278 0.869887 0.846987 0.827204 0.810231 0.795820 0.783767 0.773911 0.766122 0.760301 0.756377 0.754301 0.754048 0.755615 0.759021 0.764307 0.771539 0.780809 0.792235 0.805972 0.822209 0.841181 0.818187 0.798214 0.781029 0.766376 0.754046 0.743870 0.735713 0.729472 0.725068 0.722447 0.721577 0.722447 0.725068 0.729472 0.735713 0.743870 0.754046 0.766376 0.781029 0.798214 0.818187 0.841265 0.867833 0.898369 0.933463 0.933769 0.902099 0.874545 0.850612 0.829901 0.812084 0.796895 0.784118 0.773579 0.765138 0.758688 0.754147 0.751459 0.750592 0.751536 0.754302 0.758923 0.765457 0.773984 0.784616 0.797492 0.812788 0.830722 0.817801 0.802117 0.788888 0.777932 0.769103 0.762289 0.757403 0.754385 0.753198 0.753828 0.756282 0.760591 0.766807 0.775008 0.785299 0.797815 0.812725 0.830242 0.850625 0.874193 0.901337 0.932540 0.968397 0.926589 0.887315 0.853208 514.000000 1.064608 0.842049
0.765457 0.773984 0.784616 0.797492 0.812788 0.830722 0.817801 0.802117 0.788888 0.777932 0.769103 0.762289 0.757403 0.754385 0.753198 0.753828 0.756282 0.760591 0.766807 0.775008 0.785299 0.797815 0.812725 0.830242 0.850625 0.874193 0.901337 0.932540 0.968397 0.926589 0.887315 0.853208 0.823536 0.797715 0.775275 0.755835 0.739082 0.724764 0.712675 0.702647 0.694547 0.688272 0.683741 0.680899 0.679711 0.680163 0.682260 0.686029 0.691514 0.698785 0.707933 0.719080 0.732376 0.748009 0.766210 0.787263 0.811516 0.839397 0.871435 0.908292 0.950796 1.000000 0.961493 0.926624 0.896278 0.869887 0.846987 0.827204 0.810231 0.795820 0.783767 0.773911 0.766122 0.760301 0.756377 0.754301 0.754048 0.755615 0.759021 0.764307 0.771539 0.780809 0.792235 0.805972 0.822209 0.841181 0.818187 0.798214 0.781029 0.766376 0.754046 0.743870 0.735713 0.729472 0.725068 0.722447 0.721577 0.722447 0.725068 0.729472 0.735713 0.743870 0.754046 0.766376 0.781029 0.798214 0.818187 0.841265 0.867833 0.898369 0.933463 0.933769 0.902099 0.874545 0.850612 0.829901 0.812084 0.796895 0.784118 0.773579 0.765138 0.758688 0.754147 0.751459 0.750592 0.751536 0.754302 0.758923 514.000000 1.064608 0.842049
0.721577 0.722447 0.725068 0.729472 0.735713 0.743870 0.754046 0.766376 0.781029 0.798214 0.818187 0.841265 0.867833 0.898369 0.933463 0.933769 0.902099 0.874545 0.850612 0.829901 0.812084 0.796895 0.784118 0.773579 0.765138 0.758688 0.754147 0.751459 0.750592 0.751536 0.754302 0.758923 0.765457 0.773984 0.784616 0.797492 0.812788 0.830722 0.817801 0.802117 0.788888 0.777932 0.769103 0.762289 0.757403 0.754385 0.753198 0.753828 0.756282 0.760591 0.766807 0.775008 0.785299 0.797815 0.812725 0.830242 0.850625 0.874193 0.901337 0.932540 0.968397 0.926589 0.887315 0.853208 0.823536 0.797715 0.775275 0.755835 0.739082 0.724764 0.712675 0.702647 0.694547 0.688272 0.683741 0.680899 0.679711 0.680163 0.682260 0.686029 0.691514 0.698785 0.707933 0.719080 0.732376 0.748009 0.766210 0.787263 0.811516 0.839397 0.871435 0.908292 0.950796 1.000000 0.961493 0.926624 0.896278 0.869887 0.846987 0.827204 0.810231 0.795820 0.783767 0.773911 0.766122 0.760301 0.756377 0.754301 0.754048 0.755615 0.759021 0.764307 0.771539 0.780809 0.792235 0.805972 0.822209 0.841181 0.818187 0.798214 0.781029 0.766376 0.754046 0.743870 0.735713 0.729472 0.725068 0.722447 514.000000 1.064608 0.842049
0.896278 0.869887 0.846987 0.827204 0.810231 0.795820 0.783767 0.773911 0.766122 0.760301 0.756377 0.754301 0.754048 0.755615 0.759021 0.764307 0.771539 0.780809 0.792235 0.805972 0.822209 0.841181 0.818187 0.798214 0.781029 0.766376 0.754046 0.743870 0.735713 0.729472 0.725068 0.722447 0.721577 0.722447 0.725068 0.729472 0.735713 0.743870 0.754046 0.766376 0.781029 0.798214 0.818187 0.841265 0.867833 0.898369 0.933463 0.933769 0.902099 0.874545 0.850612 0.829901 0.812084 0.796895 0.784118 0.773579 0.765138 0.758688 0.754147 0.751459 0.750592 0.751536 0.754302 0.758923 0.765457 0.773984 0.784616 0.797492 0.812788 0.830722 0.817801 0.802117 0.788888 0.777932 0.769103 0.762289 0.757403 0.754385 0.753198 0.753828 0.756282 0.760591 0.766807 0.775008 0.785299 0.797815 0.812725 0.830242 0.850625 0.874193 0.901337 0.932540 0.968397 0.926589 0.887315 0.853208 0.823536 0.797715 0.775275 0.755835 0.739082 0.724764 0.712675 0.702647 0.694547 0.688272 0.683741 0.680899 0.679711 0.680163 0.682260 0.686029 0.691514 0.698785 0.707933 0.719080 0.732376 0.748009 0.766210 0.787263 0.811516 0.839397 0.871435 0.908292 0.950796 1.000000 0.961493 0.926624 514.000000 1.064608 0.842049
0.715150 0.676151 0.642655 0.613729 0.588652 0.566856 0.547889 0.531389 0.517063 0.504673 0.494025 0.484962 0.477354 0.471099 0.466113 0.462335 0.459716 0.458223 0.457841 0.458562 0.460397 0.463367 0.467509 0.472875 0.479535 0.487577 0.497110 0.508273 0.521234 0.536198 0.553419 0.573210 0.595958 0.622147 0.652387 0.687458 0.728368 0.776444 0.833465 0.901870 0.985092 1.000000 0.892156 0.807063 0.738413 0.682041 0.635087 0.595523 0.561875 0.533040 0.508186 0.486666 0.467976 0.451716 0.437568 0.425272 0.414619 0.405441 0.397596 0.390974 0.385482 0.381048 0.377614 0.375136 0.373586 0.372942 0.373199 0.374358 0.376434 0.379453 0.383451 0.388481 0.394608 0.401915 0.410505 0.420505 0.432072 0.445396 0.460714 0.478316 0.498565 0.521917 0.548952 0.580415 0.617282 0.660850 0.712883 0.775839 0.853246 0.950354 0.924491 0.860565 0.806726 0.760952 0.721739 0.687945 0.658690 0.633286 0.611186 0.591954 0.575239 0.560756 0.548273 0.537601 0.528585 0.521101 0.515050 0.510353 0.506951 0.504802 0.503880 0.504174 0.505687 0.508438 0.512460 0.517804 0.524537 0.532748 0.542548 0.554076 0.567500 0.583031 0.600924 0.621495 0.645133 0.672324 0.703678 0.739970 1337.000000 1.471207 0.571432
0.658690 0.633286 0.611186 0.591954 0.575239 0.560756 0.548273 0.537601 0.528585 0.521101 0.515050 0.510353 0.506951 0.504802 0.503880 0.504174 0.505687 0.508438 0.512460 0.517804 0.524537 0.532748 0.542548 0.554076 0.567500 0.583031 0.600924 0.621495 0.645133 0.672324 0.703678 0.739970 0.715150 0.676151 0.642655 0.613729 0.588652 0.566856 0.547889 0.531389 0.517063 0.504673 0.494025 0.484962 0.477354 0.471099 0.466113 0.462335 0.459716 0.458223 0.457841 0.458562 0.460397 0.463367 0.467509 0.472875 0.479535 0.487577 0.497110 0.508273 0.521234 0.536198 0.553419 0.573210 0.595958 0.622147 0.652387 0.687458 0.728368 0.776444 0.833465 0.901870 0.985092 1.000000 0.892156 0.807063 0.738413 0.682041 0.635087 0.595523 0.561875 0.533040 0.508186 0.486666 0.467976 0.451716 0.437568 0.425272 0.414619 0.405441 0.397596 0.390974 0.385482 0.381048 0.377614 0.375136 0.373586 0.372942 0.373199 0.374358 0.376434 0.379453 0.383451 0.388481 0.394608 0.401915 0.410505 0.420505 0.432072 0.445396 0.460714 0.478316 0.498565 0.521917 0.548952 0.580415 0.617282 0.660850 0.712883 0.775839 0.853246 0.950354 0.924491 0.860565 0.806726 0.760952 0.721739 0.687945 1337.000000 1.471207 0.571432
0.373586 0.372942 0.373199 0.374358 0.376434 0.379453 0.383451 0.388481 0.394608 0.401915 0.410505 0.420505 0.432072 0.445396 0.460714 0.478316 0.498565 0.521917 0.548952 0.580415 0.617282 0.660850 0.712883 0.775839 0.853246 0.950354 0.924491 0.860565 0.806726 0.760952 0.721739 0.687945 0.658690 0.633286 0.611186 0.591954 0.575239 0.560756 0.548273 0.537601 0.528585 0.521101 0.515050 0.510353 0.506951 0.504802 0.503880 0.504174 0.505687 0.508438 0.512460 0.517804 0.524537 0.532748 0.542548 0.554076 0.567500 0.583031 0.600924 0.621495 0.645133 0.672324 0.703678 0.739970 0.715150 0.676151 0.642655 0.613729 0.588652 0.566856 0.547889 0.531389 0.517063 0.504673 0.494025 0.484962 0.477354 0.471099 0.466113 0.462335 0.459716 0.458223 0.457841 0.458562 0.460397 0.463367 0.467509 0.472875 0.479535 0.487577 0.497110 0.508273 0.521234 0.536198 0.553419 0.573210 0.595958 0.622147 0.652387 0.687458 0.728368 0.776444 0.833465 0.901870 0.985092 1.000000 0.892156 0.807063 0.738413 0.682041 0.635087 0.595523 0.561875 0.533040 0.508186 0.486666 0.467976 0.451716 0.437568 0.425272 0.414619 0.405441 0.397596 0.390974 0.385482 0.381048 0.377614 0.375136 1337.000000 1.471207 0.571432
0.595958 0.622147 0.652387 0.687458 0.728368 0.776444 0.833465 0.901870 0.985092 1.000000 0.892156 0.807063 0.738413 0.682041 0.635087 0.595523 0.561875 0.533040 0.508186 0.486666 0.467976 0.451716 0.437568 0.425272 0.414619 0.405441 0.397596 0.390974 0.385482 0.381048 0.377614 0.375136 0.373586 0.372942 0.373199 0.374358 0.376434 0.379453 0.383451 0.388481 0.394608 0.401915 0.410505 0.420505 0.432072 0.445396 0.460714 0.478316 0.498565 0.521917 0.548952 0.580415 0.617282 0.660850 0.712883 0.775839 0.853246 0.950354 0.924491 0.860565 0.806726 0.760952 0.721739 0.687945 0.658690 0.633286 0.611186 0.591954 0.575239 0.560756 0.548273 0.537601 0.528585 0.521101 0.515050 0.510353 0.506951 0.504802 0.503880 0.504174 0.505687 0.508438 0.512460 0.517804 0.524537 0.532748 0.542548 0.554076 0.567500 0.583031 0.600924 0.621495 0.645133 0.672324 0.703678 0.739970 0.715150 0.676151 0.642655 0.613729 0.588652 0.566856 0.547889 0.531389 0.517063 0.504673 0.494025 0.484962 0.477354 0.471099 0.466113 0.462335 0.459716 0.458223 0.457841 0.458562 0.460397 0.463367 0.467509 0.472875 0.479535 0.487577 0.497110 0.508273 0.521234 0.536198 0.553419 0.573210 1337.000000 1.471207 0.571432
0.730656 0.716785 0.705099 0.695436 0.687668 0.681696 0.677445 0.674862 0.673917 0.674597 0.676910 0.680886 0.686572 0.694040 0.703386 0.714732 0.728233 0.744081 0.762512 0.783816 0.808347 0.836544 0.868949 0.906236 0.949256 0.999091 1.000000 0.972306 0.948327 0.927684 0.910066 0.895221 0.882946 0.873078 0.865490 0.860087 0.856802 0.855595 0.856452 0.859384 0.864425 0.871638 0.881112 0.873147 0.849983 0.829964 0.812780 0.798176 0.785948 0.775930 0.767991 0.762031 0.757974 0.755771 0.755395 0.756842 0.760129 0.765297 0.772409 0.781555 0.792853 0.806454 0.822546 0.812757 0.794054 0.778024 0.764434 0.753093 0.743850 0.736584 0.731203 0.727640 0.725852 0.725817 0.727535 0.731026 0.736333 0.743522 0.752684 0.763938 0.777435 0.793363 0.811955 0.833494 0.858332 0.865208 0.851487 0.840187 0.831159 0.824287 0.819486 0.816697 0.815886 0.817043 0.820181 0.825340 0.832583 0.842000 0.853713 0.867877 0.884685 0.904380 0.927256 0.953677 0.984087 0.993501 0.956628 0.924541 0.896628 0.872390 0.851425 0.833405 0.818062 0.805179 0.794579 0.786124 0.779706 0.775244 0.772684 0.771994 0.773167 0.776216 0.781178 0.788115 0.797114 0.787592 0.765787 0.746908 9240.500000 1.243716 0.878463
0.832583 0.842000 0.853713 0.867877 0.884685 0.904380 0.927256 0.953677 0.984087 0.993501 0.956628 0.924541 0.896628 0.872390 0.851425 0.833405 0.818062 0.805179 0.794579 0.786124 0.779706 0.775244 0.772684 0.771994 0.773167 0.776216 0.781178 0.788115 0.797114 0.787592 0.765787 0.746908 0.730656 0.716785 0.705099 0.695436 0.687668 0.681696 0.677445 0.674862 0.673917 0.674597 0.676910 0.680886 0.686572 0.694040 0.703386 0.714732 0.728233 0.744081 0.762512 0.783816 0.808347 0.836544 0.868949 0.906236 0.949256 0.999091 1.000000 0.972306 0.948327 0.927684 0.910066 0.895221 0.882946 0.873078 0.865490 0.860087 0.856802 0.855595 0.856452 0.859384 0.864425 0.871638 0.881112 0.873147 0.849983 0.829964 0.812780 0.798176 0.785948 0.775930 0.767991 0.762031 0.757974 0.755771 0.755395 0.756842 0.760129 0.765297 0.772409 0.781555 0.792853 0.806454 0.822546 0.812757 0.794054 0.778024 0.764434 0.753093 0.743850 0.736584 0.731203 0.727640 0.725852 0.725817 0.727535 0.731026 0.736333 0.743522 0.752684 0.763938 0.777435 0.793363 0.811955 0.833494 0.858332 0.865208 0.851487 0.840187 0.831159 0.824287 0.819486 0.816697 0.815886 0.817043 0.820181 0.825340 9240.500000 1.243716 0.878463
0.794054 0.778024 0.764434 0.753093 0.743850 0.736584 0.731203 0.727640 0.725852 0.725817 0.727535 0.731026 0.736333 0.743522 0.752684 0.763938 0.777435 0.793363 0.811955 0.833494 0.858332 0.865208 0.851487 0.840187 0.831159 0.824287 0.819486 0.816697 0.815886 0.817043 0.820181 0.825340 0.832583 0.842000 0.853713 0.867877 0.884685 0.904380 0.927256 0.953677 0.984087 0.993501 0.956628 0.924541 0.896628 0.872390 0.851425 0.833405 0.818062 0.805179 0.794579 0.786124 0.779706 0.775244 0.772684 0.771994 0.773167 0.776216 0.781178 0.788115 0.797114 0.787592 0.765787 0.746908 0.730656 0.716785 0.705099 0.695436 0.687668 0.681696 0.677445 0.674862 0.673917 0.674597 0.676910 0.680886 0.686572 0.694040 0.703386 0.714732 0.728233 0.744081 0.762512 0.783816 0.808347 0.836544 0.868949 0.906236 0.949256 0.999091 1.000000 0.972306 0.948327 0.927684 0.910066 0.895221 0.882946 0.873078 0.865490 0.860087 0.856802 0.855595 0.856452 0.859384 0.864425 0.871638 0.881112 0.873147 0.849983 0.829964 0.812780 0.798176 0.785948 0.775930 0.767991 0.762031 0.757974 0.755771 0.755395 0.756842 0.760129 0.765297 0.772409 0.781555 0.792853 0.806454 0.822546 0.812757 9240.500000 1.243716 0.878463
0.882946 0.873078 0.865490 0.860087 0.856802 0.855595 0.856452 0.859384 0.864425 0.871638 0.881112 0.873147 0.849983 0.829964 0.812780 0.798176 0.785948 0.775930 0.767991 0.762031 0.757974 0.755771 0.755395 0.756842 0.760129 0.765297 0.772409 0.781555 0.792853 0.806454 0.822546 0.812757 0.794054 0.778024 0.764434 0.753093 0.743850 0.736584 0.731203 0.727640 0.725852 0.725817 0.727535 0.731026 0.736333 0.743522 0.752684 0.763938 0.777435 0.793363 0.811955 0.833494 0.858332 0.865208 0.851487 0.840187 0.831159 0.824287 0.819486 0.816697 0.815886 0.817043 0.820181 0.825340 0.832583 0.842000 0.853713 0.867877 0.884685 0.904380 0.927256 0.953677 0.984087 0.993501 0.956628 0.924541 0.896628 0.872390 0.851425 0.833405 0.818062 0.805179 0.794579 0.786124 0.779706 0.775244 0.772684 0.771994 0.773167 0.776216 0.781178 0.788115 0.797114 0.787592 0.765787 0.746908 0.730656 0.716785 0.705099 0.695436 0.687668 0.681696 0.677445 0.674862 0.673917 0.674597 0.676910 0.680886 0.686572 0.694040 0.703386 0.714732 0.728233 0.744081 0.762512 0.783816 0.808347 0.836544 0.868949 0.906236 0.949256 0.999091 1.000000 0.972306 0.948327 0.927684 0.910066 0.895221 9240.500000 1.243716 0.878463
0.840559 0.785447 0.738787 0.698950 0.664708 0.635124 0.609466 0.587161 0.567750 0.550866 0.536211 0.523545 0.512670 0.503425 0.500158 0.504826 0.510823 0.518228 0.527140 0.537681 0.550005 0.564298 0.580790 0.599764 0.621567 0.646632 0.675499 0.708852 0.747563 0.792767 0.845959 0.861704 0.834929 0.811665 0.791517 0.774164 0.759347 0.746851 0.736506 0.728173 0.721747 0.717145 0.714312 0.713212 0.713833 0.716181 0.720286 0.726198 0.733991 0.743764 0.755646 0.769798 0.760670 0.752161 0.745618 0.740957 0.738121 0.737075 0.737807 0.740327 0.744663 0.750870 0.759026 0.769234 0.781629 0.796380 0.795634 0.791395 0.789092 0.788697 0.790205 0.793635 0.799028 0.806450 0.815996 0.827789 0.841986 0.858783 0.872634 0.806187 0.750824 0.704163 0.664470 0.630451 0.601123 0.575728 0.553671 0.534482 0.517785 0.503274 0.490705 0.479876 0.479346 0.480882 0.483596 0.487522 0.492709 0.499223 0.507150 0.516597 0.527698 0.540618 0.555558 0.572767 0.592549 0.615281 0.641434 0.671599 0.706528 0.747187 0.794844 0.851184 0.918503 1.000000 0.980699 0.955779 0.934290 0.915903 0.900353 0.887425 0.876945 0.868779 0.862823 0.859003 0.857273 0.857612 0.860023 0.864537 1819.500000 1.217560 0.744742
0.492709 0.499223 0.507150 0.516597 0.527698 0.540618 0.555558 0.572767 0.592549 0.615281 0.641434 0.671599 0.706528 0.747187 0.794844 0.851184 0.918503 1.000000 0.980699 0.955779 0.934290 0.915903 0.900353 0.887425 0.876945 0.868779 0.862823 0.859003 0.857273 0.857612 0.860023 0.864537 0.840559 0.785447 0.738787 0.698950 0.664708 0.635124 0.609466 0.587161 0.567750 0.550866 0.536211 0.523545 0.512670 0.503425 0.500158 0.504826 0.510823 0.518228 0.527140 0.537681 0.550005 0.564298 0.580790 0.599764 0.621567 0.646632 0.675499 0.708852 0.747563 0.792767 0.845959 0.861704 0.834929 0.811665 0.791517 0.774164 0.759347 0.746851 0.736506 0.728173 0.721747 0.717145 0.714312 0.713212 0.713833 0.716181 0.720286 0.726198 0.733991 0.743764 0.755646 0.769798 0.760670 0.752161 0.745618 0.740957 0.738121 0.737075 0.737807 0.740327 0.744663 0.750870 0.759026 0.769234 0.781629 0.796380 0.795634 0.791395 0.789092 0.788697 0.790205 0.793635 0.799028 0.806450 0.815996 0.827789 0.841986 0.858783 0.872634 0.806187 0.750824 0.704163 0.664470 0.630451 0.601123 0.575728 0.553671 0.534482 0.517785 0.503274 0.490705 0.479876 0.479346 0.480882 0.483596 0.487522 1819.500000 1.217560 0.744742
0.781629 0.796380 0.795634 0.791395 0.789092 0.788697 0.790205 0.793635 0.799028 0.806450 0.815996 0.827789 0.841986 0.858783 0.872634 0.806187 0.750824 0.704163 0.664470 0.630451 0.601123 0.575728 0.553671 0.534482 0.517785 0.503274 0.490705 0.479876 0.479346 0.480882 0.483596 0.487522 0.492709 0.499223 0.507150 0.516597 0.527698 0.540618 0.555558 0.572767 0.592549 0.615281 0.641434 0.671599 0.706528 0.747187 0.794844 0.851184 0.918503 1.000000 0.980699 0.955779 0.934290 0.915903 0.900353 0.887425 0.876945 0.868779 0.862823 0.859003 0.857273 0.857612 0.860023 0.864537 0.840559 0.785447 0.738787 0.698950 0.664708 0.635124 0.609466 0.587161 0.567750 0.550866 0.536211 0.523545 0.512670 0.503425 0.500158 0.504826 0.510823 0.518228 0.527140 0.537681 0.550005 0.564298 0.580790 0.599764 0.621567 0.646632 0.675499 0.708852 0.747563 0.792767 0.845959 0.861704 0.834929 0.811665 0.791517 0.774164 0.759347 0.746851 0.736506 0.728173 0.721747 0.717145 0.714312 0.713212 0.713833 0.716181 0.720286 0.726198 0.733991 0.743764 0.755646 0.769798 0.760670 0.752161 0.745618 0.740957 0.738121 0.737075 0.737807 0.740327 0.744663 0.750870 0.759026 0.769234 1819.500000 1.217560 0.744742
0.834929 0.811665 0.791517 0.774164 0.759347 0.746851 0.736506 0.728173 0.721747 0.717145 0.714312 0.713212 0.713833 0.716181 0.720286 0.726198 0.733991 0.743764 0.755646 0.769798 0.760670 0.752161 0.745618 0.740957 0.738121 0.737075 0.737807 0.740327 0.744663 0.750870 0.759026 0.769234 0.781629 0.796380 0.795634 0.791395 0.789092 0.788697 0.790205 0.793635 0.799028 0.806450 0.815996 0.827789 0.841986 0.858783 0.872634 0.806187 0.750824 0.704163 0.664470 0.630451 0.601123 0.575728 0.553671 0.534482 0.517785 0.503274 0.490705 0.479876 0.479346 0.480882 0.483596 0.487522 0.492709 0.499223 0.507150 0.516597 0.527698 0.540618 0.555558 0.572767 0.592549 0.615281 0.641434 0.671599 0.706528 0.747187 0.794844 0.851184 0.918503 1.000000 0.980699 0.955779 0.934290 0.915903 0.900353 0.887425 0.876945 0.868779 0.862823 0.859003 0.857273 0.857612 0.860023 0.864537 0.840559 0.785447 0.738787 0.698950 0.664708 0.635124 0.609466 0.587161 0.567750 0.550866 0.536211 0.523545 0.512670 0.503425 0.500158 0.504826 0.510823 0.518228 0.527140 0.537681 0.550005 0.564298 0.580790 0.599764 0.621567 0.646632 0.675499 0.708852 0.747563 0.792767 0.845959 0.861704 1819.500000 1.217560 0.744742
0.973896 1.000000 0.960955 0.926993 0.897438 0.871745 0.849471 0.830258 0.813812 0.799894 0.788311 0.778909 0.771565 0.766187 0.762709 0.761087 0.761301 0.763356 0.767275 0.773107 0.780923 0.790824 0.802939 0.817430 0.813690 0.808025 0.804362 0.802657 0.802890 0.805063 0.809203 0.815359 0.823610 0.834059 0.846843 0.862134 0.880146 0.879952 0.866626 0.855727 0.847115 0.840679 0.836340 0.834045 0.833765 0.835497 0.839263 0.845108 0.853105 0.863354 0.875989 0.891178 0.909131 0.896800 0.872199 0.850908 0.832588 0.816968 0.803824 0.792976 0.784281 0.777628 0.772933 0.770139 0.769211 0.770139 0.776250 0.784552 0.794969 0.807639 0.822733 0.840466 0.861099 0.884958 0.912436 0.944023 0.924233 0.898914 0.877002 0.858150 0.842078 0.828556 0.817400 0.808462 0.801628 0.796811 0.793954 0.793020 0.794000 0.796904 0.801768 0.808651 0.817641 0.828852 0.842432 0.858568 0.856007 0.843231 0.832807 0.824601 0.818507 0.814450 0.812381 0.812274 0.814128 0.817965 0.823833 0.831805 0.841980 0.828288 0.816562 0.807080 0.799721 0.794391 0.791025 0.789581 0.790042 0.792414 0.796725 0.803029 0.811403 0.821955 0.834823 0.850181 0.868245 0.889282 0.913620 0.941660 1275.500000 1.043533 0.902698
0.856007 0.843231 0.832807 0.824601 0.818507 0.814450 0.812381 0.812274 0.814128 0.817965 0.823833 0.831805 0.841980 0.828288 0.816562 0.807080 0.799721 0.794391 0.791025 0.789581 0.790042 0.792414 0.796725 0.803029 0.811403 0.821955 0.834823 0.850181 0.868245 0.889282 0.913620 0.941660 0.973896 1.000000 0.960955 0.926993 0.897438 0.871745 0.849471 0.830258 0.813812 0.799894 0.788311 0.778909 0.771565 0.766187 0.762709 0.761087 0.761301 0.763356 0.767275 0.773107 0.780923 0.790824 0.802939 0.817430 0.813690 0.808025 0.804362 0.802657 0.802890 0.805063 0.809203 0.815359 0.823610 0.834059 0.846843 0.862134 0.880146 0.879952 0.866626 0.855727 0.847115 0.840679 0.836340 0.834045 0.833765 0.835497 0.839263 0.845108 0.853105 0.863354 0.875989 0.891178 0.909131 0.896800 0.872199 0.850908 0.832588 0.816968 0.803824 0.792976 0.784281 0.777628 0.772933 0.770139 0.769211 0.770139 0.776250 0.784552 0.794969 0.807639 0.822733 0.840466 0.861099 0.884958 0.912436 0.944023 0.924233 0.898914 0.877002 0.858150 0.842078 0.828556 0.817400 0.808462 0.801628 0.796811 0.793954 0.793020 0.794000 0.796904 0.801768 0.808651 0.817641 0.828852 0.842432 0.858568 1275.500000 1.043533 0.902698
0.769211 0.770139 0.776250 0.784552 0.794969 0.807639 0.822733 0.840466 0.861099 0.884958 0.912436 0.944023 0.924233 0.898914 0.877002 0.858150 0.842078 0.828556 0.817400 0.808462 0.801628 0.796811 0.793954 0.793020 0.794000 0.796904 0.801768 0.808651 0.817641 0.828852 0.842432 0.858568 0.856007 0.843231 0.832807 0.824601 0.818507 0.814450 0.812381 0.812274 0.814128 0.817965 0.823833 0.831805 0.841980 0.828288 0.816562 0.807080 0.799721 0.794391 0.791025 0.789581 0.790042 0.792414 0.796725 0.803029 0.811403 0.821955 0.834823 0.850181 0.868245 0.889282 0.913620 0.941660 0.973896 1.000000 0.960955 0.926993 0.897438 0.871745 0.849471 0.830258 0.813812 0.799894 0.788311 0.778909 0.771565 0.766187 0.762709 0.761087 0.761301 0.763356 0.767275 0.773107 0.780923 0.790824 0.802939 0.817430 0.813690 0.808025 0.804362 0.802657 0.802890 0.805063 0.809203 0.815359 0.823610 0.834059 0.846843 0.862134 0.880146 0.879952 0.866626 0.855727 0.847115 0.840679 0.836340 0.834045 0.833765 0.835497 0.839263 0.845108 0.853105 0.863354 0.875989 0.891178 0.909131 0.896800 0.872199 0.850908 0.832588 0.816968 0.803824 0.792976 0.784281 0.777628 0.772933 0.770139 1275.500000 1.043533 0.902698
0.823610 0.834059 0.846843 0.862134 0.880146 0.879952 0.866626 0.855727 0.847115 0.840679 0.836340 0.834045 0.833765 0.835497 0.839263 0.845108 0.853105 0.863354 0.875989 0.891178 0.909131 0.896800 0.872199 0.850908 0.832588 0.816968 0.803824 0.792976 0.784281 0.777628 0.772933 0.770139 0.769211 0.770139 0.776250 0.784552 0.794969 0.807639 0.822733 0.840466 0.861099 0.884958 0.912436 0.944023 0.924233 0.898914 0.877002 0.858150 0.842078 0.828556 0.817400 0.808462 0.801628 0.796811 0.793954 0.793020 0.794000 0.796904 0.801768 0.808651 0.817641 0.828852 0.842432 0.858568 0.856007 0.843231 0.832807 0.824601 0.818507 0.814450 0.812381 0.812274 0.814128 0.817965 0.823833 0.831805 0.841980 0.828288 0.816562 0.807080 0.799721 0.794391 0.791025 0.789581 0.790042 0.792414 0.796725 0.803029 0.811403 0.821955 0.834823 0.850181 0.868245 0.889282 0.913620 0.941660 0.973896 1.000000 0.960955 0.926993 0.897438 0.871745 0.849471 0.830258 0.813812 0.799894 0.788311 0.778909 0.771565 0.766187 0.762709 0.761087 0.761301 0.763356 0.767275 0.773107 0.780923 0.790824 0.802939 0.817430 0.813690 0.808025 0.804362 0.802657 0.802890 0.805063 0.809203 0.815359 1275.500000 1.043533 0.902698
0.865432 0.880186 0.869474 0.842188 0.818474 0.797928 0.780222 0.765089 0.752308 0.741706 0.733140 0.726499 0.721701 0.718686 0.717417 0.717879 0.720077 0.718006 0.709131 0.702143 0.696954 0.693499 0.691737 0.691646 0.693225 0.696493 0.701489 0.708277 0.716941 0.727594 0.740379 0.755474 0.773099 0.793523 0.817077 0.844169 0.875299 0.911092 0.952330 1.000000 0.987197 0.949057 0.915878 0.887006 0.861911 0.840166 0.821421 0.805392 0.791847 0.780601 0.771501 0.764432 0.759304 0.756054 0.754641 0.755049 0.757283 0.761370 0.767360 0.775328 0.785374 0.797632 0.812265 0.829482 0.849535 0.872736 0.899468 0.913076 0.882040 0.855037 0.831582 0.811282 0.793815 0.778922 0.766390 0.756048 0.747758 0.741414 0.736938 0.734274 0.733390 0.734274 0.736938 0.741414 0.747758 0.756048 0.766390 0.778922 0.793815 0.800026 0.784535 0.771455 0.760607 0.751845 0.745058 0.740159 0.737088 0.735809 0.736304 0.738580 0.742665 0.748610 0.756487 0.766397 0.778472 0.792873 0.809805 0.829518 0.852319 0.878585 0.908781 0.943480 0.929261 0.907271 0.888388 0.872334 0.858882 0.847850 0.839094 0.832502 0.827991 0.825508 0.825021 0.826524 0.830036 0.835600 0.843284 0.853185 5821.000000 1.076998 0.866415
0.737088 0.735809 0.736304 0.738580 0.742665 0.748610 0.756487 0.766397 0.778472 0.792873 0.809805 0.829518 0.852319 0.878585 0.908781 0.943480 0.929261 0.907271 0.888388 0.872334 0.858882 0.847850 0.839094 0.832502 0.827991 0.825508 0.825021 0.826524 0.830036 0.835600 0.843284 0.853185 0.865432 0.880186 0.869474 0.842188 0.818474 0.797928 0.780222 0.765089 0.752308 0.741706 0.733140 0.726499 0.721701 0.718686 0.717417 0.717879 0.720077 0.718006 0.709131 0.702143 0.696954 0.693499 0.691737 0.691646 0.693225 0.696493 0.701489 0.708277 0.716941 0.727594 0.740379 0.755474 0.773099 0.793523 0.817077 0.844169 0.875299 0.911092 0.952330 1.000000 0.987197 0.949057 0.915878 0.887006 0.861911 0.840166 0.821421 0.805392 0.791847 0.780601 0.771501 0.764432 0.759304 0.756054 0.754641 0.755049 0.757283 0.761370 0.767360 0.775328 0.785374 0.797632 0.812265 0.829482 0.849535 0.872736 0.899468 0.913076 0.882040 0.855037 0.831582 0.811282 0.793815 0.778922 0.766390 0.756048 0.747758 0.741414 0.736938 0.734274 0.733390 0.734274 0.736938 0.741414 0.747758 0.756048 0.766390 0.778922 0.793815 0.800026 0.784535 0.771455 0.760607 0.751845 0.745058 0.740159 5821.000000 1.076998 0.866415
0.849535 0.872736 0.899468 0.913076 0.882040 0.855037 0.831582 0.811282 0.793815 0.778922 0.766390 0.756048 0.747758 0.741414 0.736938 0.734274 0.733390 0.734274 0.736938 0.741414 0.747758 0.756048 0.766390 0.778922 0.793815 0.800026 0.784535 0.771455 0.760607 0.751845 0.745058 0.740159 0.737088 0.735809 0.736304 0.738580 0.742665 0.748610 0.756487 0.766397 0.778472 0.792873 0.809805 0.829518 0.852319 0.878585 0.908781 0.943480 0.929261 0.907271 0.888388 0.872334 0.858882 0.847850 0.839094 0.832502 0.827991 0.825508 0.825021 0.826524 0.830036 0.835600 0.843284 0.853185 0.865432 0.880186 0.869474 0.842188 0.818474 0.797928 0.780222 0.765089 0.752308 0.741706 0.733140 0.726499 0.721701 0.718686 0.717417 0.717879 0.720077 0.718006 0.709131 0.702143 0.696954 0.693499 0.691737 0.691646 0.693225 0.696493 0.701489 0.708277 0.716941 0.727594 0.740379 0.755474 0.773099 0.793523 0.817077 0.844169 0.875299 0.911092 0.952330 1.000000 0.987197 0.949057 0.915878 0.887006 0.861911 0.840166 0.821421 0.805392 0.791847 0.780601 0.771501 0.764432 0.759304 0.756054 0.754641 0.755049 0.757283 0.761370 0.767360 0.775328 0.785374 0.797632 0.812265 0.829482 5821.000000 1.076998 0.866415
0.773099 0.793523 0.817077 0.844169 0.875299 0.911092 0.952330 1.000000 0.987197 0.949057 0.915878 0.887006 0.861911 0.840166 0.821421 0.805392 0.791847 0.780601 0.771501 0.764432 0.759304 0.756054 0.754641 0.755049 0.757283 0.761370 0.767360 0.775328 0.785374 0.797632 0.812265 0.829482 0.849535 0.872736 0.899468 0.913076 0.882040 0.855037 0.831582 0.811282 0.793815 0.778922 0.766390 0.756048 0.747758 0.741414 0.736938 0.734274 0.733390 0.734274 0.736938 0.741414 0.747758 0.756048 0.766390 0.778922 0.793815 0.800026 0.784535 0.771455 0.760607 0.751845 0.745058 0.740159 0.737088 0.735809 0.736304 0.738580 0.742665 0.748610 0.756487 0.766397 0.778472 0.792873 0.809805 0.829518 0.852319 0.878585 0.908781 0.943480 0.929261 0.907271 0.888388 0.872334 0.858882 0.847850 0.839094 0.832502 0.827991 0.825508 0.825021 0.826524 0.830036 0.835600 0.843284 0.853185 0.865432 0.880186 0.869474 0.842188 0.818474 0.797928 0.780222 0.765089 0.752308 0.741706 0.733140 0.726499 0.721701 0.718686 0.717417 0.717879 0.720077 0.718006 0.709131 0.702143 0.696954 0.693499 0.691737 0.691646 0.693225 0.696493 0.701489 0.708277 0.716941 0.727594 0.740379 0.755474 5821.000000 1.076998 0.866415
0.857262 0.936270 1.000000 0.921287 0.855973 0.801108 0.754562 0.714755 0.680494 0.650864 0.625150 0.602788 0.583327 0.566405 0.551728 0.539059 0.528203 0.519001 0.511325 0.505071 0.500160 0.496527 0.494128 0.492935 0.492932 0.494119 0.496511 0.500137 0.505042 0.511288 0.518956 0.528150 0.538997 0.551656 0.566321 0.583230 0.602677 0.625023 0.650718 0.680326 0.714559 0.754334 0.800841 0.855656 0.828896 0.779562 0.737448 0.701253 0.669984 0.642867 0.619293 0.598779 0.580935 0.565446 0.552057 0.540560 0.530784 0.522593 0.515874 0.510540 0.506523 0.503773 0.502257 0.501954 0.502863 0.504994 0.508373 0.513042 0.519060 0.526504 0.535473 0.546091 0.558512 0.572923 0.589556 0.608693 0.630685 0.655965 0.685076 0.718702 0.757720 0.803263 0.856827 0.920422 0.996807 0.912028 0.837440 0.775858 0.724337 0.680771 0.643611 0.611695 0.584135 0.560244 0.539478 0.521408 0.505688 0.492039 0.480234 0.470088 0.461451 0.454199 0.448235 0.443481 0.439874 0.437371 0.435941 0.435566 0.436242 0.437976 0.440790 0.444719 0.449813 0.456135 0.463771 0.472826 0.483429 0.495741 0.509956 0.526316 0.545117 0.566728 0.591606 0.620332 0.653645 0.692502 0.738162 0.792311 15353.500000 1.205539 0.596639
0.505688 0.492039 0.480234 0.470088 0.461451 0.454199 0.448235 0.443481 0.439874 0.437371 0.435941 0.435566 0.436242 0.437976 0.440790 0.444719 0.449813 0.456135 0.463771 0.472826 0.483429 0.495741 0.509956 0.526316 0.545117 0.566728 0.591606 0.620332 0.653645 0.692502 0.738162 0.792311 0.857262 0.936270 1.000000 0.921287 0.855973 0.801108 0.754562 0.714755 0.680494 0.650864 0.625150 0.602788 0.583327 0.566405 0.551728 0.539059 0.528203 0.519001 0.511325 0.505071 0.500160 0.496527 0.494128 0.492935 0.492932 0.494119 0.496511 0.500137 0.505042 0.511288 0.518956 0.528150 0.538997 0.551656 0.566321 0.583230 0.602677 0.625023 0.650718 0.680326 0.714559 0.754334 0.800841 0.855656 0.828896 0.779562 0.737448 0.701253 0.669984 0.642867 0.619293 0.598779 0.580935 0.565446 0.552057 0.540560 0.530784 0.522593 0.515874 0.510540 0.506523 0.503773 0.502257 0.501954 0.502863 0.504994 0.508373 0.513042 0.519060 0.526504 0.535473 0.546091 0.558512 0.572923 0.589556 0.608693 0.630685 0.655965 0.685076 0.718702 0.757720 0.803263 0.856827 0.920422 0.996807 0.912028 0.837440 0.775858 0.724337 0.680771 0.643611 0.611695 0.584135 0.560244 0.539478 0.521408 15353.500000 1.205539 0.596639
0.502863 0.504994 0.508373 0.513042 0.519060 0.526504 0.535473 0.546091 0.558512 0.572923 0.589556 0.608693 0.630685 0.655965 0.685076 0.718702 0.757720 0.803263 0.856827 0.920422 0.996807 0.912028 0.837440 0.775858 0.724337 0.680771 0.643611 0.611695 0.584135 0.560244 0.539478 0.521408 0.505688 0.492039 0.480234 0.470088 0.461451 0.454199 0.448235 0.443481 0.439874 0.437371 0.435941 0.435566 0.436242 0.437976 0.440790 0.444719 0.449813 0.456135 0.463771 0.472826 0.483429 0.495741 0.509956 0.526316 0.545117 0.566728 0.591606 0.620332 0.653645 0.692502 0.738162 0.792311 0.857262 0.936270 1.000000 0.921287 0.855973 0.801108 0.754562 0.714755 0.680494 0.650864 0.625150 0.602788 0.583327 0.566405 0.551728 0.539059 0.528203 0.519001 0.511325 0.505071 0.500160 0.496527 0.494128 0.492935 0.492932 0.494119 0.496511 0.500137 0.505042 0.511288 0.518956 0.528150 0.538997 0.551656 0.566321 0.583230 0.602677 0.625023 0.650718 0.680326 0.714559 0.754334 0.800841 0.855656 0.828896 0.779562 0.737448 0.701253 0.669984 0.642867 0.619293 0.598779 0.580935 0.565446 0.552057 0.540560 0.530784 0.522593 0.515874 0.510540 0.506523 0.503773 0.502257 0.501954 15353.500000 1.205539 0.596639
0.538997 0.551656 0.566321 0.583230 0.602677 0.625023 0.650718 0.680326 0.714559 0.754334 0.800841 0.855656 0.828896 0.779562 0.737448 0.701253 0.669984 0.642867 0.619293 0.598779 0.580935 0.565446 0.552057 0.540560 0.530784 0.522593 0.515874 0.510540 0.506523 0.503773 0.502257 0.501954 0.502863 0.504994 0.508373 0.513042 0.519060 0.526504 0.535473 0.546091 0.558512 0.572923 0.589556 0.608693 0.630685 0.655965 0.685076 0.718702 0.757720 0.803263 0.856827 0.920422 0.996807 0.912028 0.837440 0.775858 0.724337 0.680771 0.643611 0.611695 0.584135 0.560244 0.539478 0.521408 0.505688 0.492039 0.480234 0.470088 0.461451 0.454199 0.448235 0.443481 0.439874 0.437371 0.435941 0.435566 0.436242 0.437976 0.440790 0.444719 0.449813 0.456135 0.463771 0.472826 0.483429 0.495741 0.509956 0.526316 0.545117 0.566728 0.591606 0.620332 0.653645 0.692502 0.738162 0.792311 0.857262 0.936270 1.000000 0.921287 0.855973 0.801108 0.754562 0.714755 0.680494 0.650864 0.625150 0.602788 0.583327 0.566405 0.551728 0.539059 0.528203 0.519001 0.511325 0.505071 0.500160 0.496527 0.494128 0.492935 0.492932 0.494119 0.496511 0.500137 0.505042 0.511288 0.518956 0.528150 15353.500000 1.205539 0.596639
0.899070 0.847321 0.803034 0.764898 0.731903 0.703261 0.678350 0.656670 0.637822 0.621482 0.607384 0.595315 0.585097 0.576590 0.569680 0.564277 0.560312 0.557737 0.556520 0.556646 0.558118 0.560952 0.565183 0.570865 0.578069 0.586888 0.597443 0.609881 0.624383 0.641174 0.660529 0.682785 0.708358 0.737769 0.771666 0.774534 0.752547 0.733491 0.717062 0.703009 0.691129 0.681258 0.673265 0.667045 0.662520 0.659634 0.658353 0.658661 0.660561 0.664076 0.669250 0.676146 0.684854 0.695486 0.708186 0.723133 0.740548 0.760699 0.783920 0.810616 0.841294 0.876580 0.917261 0.964339 0.908899 0.859003 0.816165 0.779184 0.747131 0.719275 0.695036 0.673948 0.655635 0.639791 0.626168 0.614563 0.604810 0.596778 0.590359 0.585473 0.582058 0.580071 0.579490 0.580306 0.582529 0.586188 0.591326 0.598009 0.606322 0.616375 0.628306 0.642286 0.658524 0.677279 0.698867 0.723677 0.752192 0.738214 0.718013 0.700530 0.685490 0.672669 0.661884 0.652988 0.645863 0.640418 0.636585 0.634316 0.633585 0.634381 0.636716 0.640617 0.646132 0.653330 0.662304 0.673173 0.686084 0.701223 0.718816 0.739141 0.762539 0.789431 0.820337 0.855908 0.896962 0.944544 1.000000 0.960014 1351.000000 1.328859 0.756868
0.752192 0.738214 0.718013 0.700530 0.685490 0.672669 0.661884 0.652988 0.645863 0.640418 0.636585 0.634316 0.633585 0.634381 0.636716 0.640617 0.646132 0.653330 0.662304 0.673173 0.686084 0.701223 0.718816 0.739141 0.762539 0.789431 0.820337 0.855908 0.896962 0.944544 1.000000 0.960014 0.899070 0.847321 0.803034 0.764898 0.731903 0.703261 0.678350 0.656670 0.637822 0.621482 0.607384 0.595315 0.585097 0.576590 0.569680 0.564277 0.560312 0.557737 0.556520 0.556646 0.558118 0.560952 0.565183 0.570865 0.578069 0.586888 0.597443 0.609881 0.624383 0.641174 0.660529 0.682785 0.708358 0.737769 0.771666 0.774534 0.752547 0.733491 0.717062 0.703009 0.691129 0.681258 0.673265 0.667045 0.662520 0.659634 0.658353 0.658661 0.660561 0.664076 0.669250 0.676146 0.684854 0.695486 0.708186 0.723133 0.740548 0.760699 0.783920 0.810616 0.841294 0.876580 0.917261 0.964339 0.908899 0.859003 0.816165 0.779184 0.747131 0.719275 0.695036 0.673948 0.655635 0.639791 0.626168 0.614563 0.604810 0.596778 0.590359 0.585473 0.582058 0.580071 0.579490 0.580306 0.582529 0.586188 0.591326 0.598009 0.606322 0.616375 0.628306 0.642286 0.658524 0.677279 0.698867 0.723677 1351.000000 1.328859 0.756868
0.908899 0.859003 0.816165 0.779184 0.747131 0.719275 0.695036 0.673948 0.655635 0.639791 0.626168 0.614563 0.604810 0.596778 0.590359 0.585473 0.582058 0.580071 0.579490 0.580306 0.582529 0.586188 0.591326 0.598009 0.606322 0.616375 0.628306 0.642286 0.658524 0.677279 0.698867 0.723677 0.752192 0.738214 0.718013 0.700530 0.685490 0.672669 0.661884 0.652988 0.645863 0.640418 0.636585 0.634316 0.633585 0.634381 0.636716 0.640617 0.646132 0.653330 0.662304 0.673173 0.686084 0.701223 0.718816 0.739141 0.762539 0.789431 0.820337 0.855908 0.896962 0.944544 1.000000 0.960014 0.899070 0.847321 0.803034 0.764898 0.731903 0.703261 0.678350 0.656670 0.637822 0.621482 0.607384 0.595315 0.585097 0.576590 0.569680 0.564277 0.560312 0.557737 0.556520 0.556646 0.558118 0.560952 0.565183 0.570865 0.578069 0.586888 0.597443 0.609881 0.624383 0.641174 0.660529 0.682785 0.708358 0.737769 0.771666 0.774534 0.752547 0.733491 0.717062 0.703009 0.691129 0.681258 0.673265 0.667045 0.662520 0.659634 0.658353 0.658661 0.660561 0.664076 0.669250 0.676146 0.684854 0.695486 0.708186 0.723133 0.740548 0.760699 0.783920 0.810616 0.841294 0.876580 0.917261 0.964339 1351.000000 1.328859 0.756868
0.708358 0.737769 0.771666 0.774534 0.752547 0.733491 0.717062 0.703009 0.691129 0.681258 0.673265 0.667045 0.662520 0.659634 0.658353 0.658661 0.660561 0.664076 0.669250 0.676146 0.684854 0.695486 0.708186 0.723133 0.740548 0.760699 0.783920 0.810616 0.841294 0.876580 0.917261 0.964339 0.908899 0.859003 0.816165 0.779184 0.747131 0.719275 0.695036 0.673948 0.655635 0.639791 0.626168 0.614563 0.604810 0.596778 0.590359 0.585473 0.582058 0.580071 0.579490 0.580306 0.582529 0.586188 0.591326 0.598009 0.606322 0.616375 0.628306 0.642286 0.658524 0.677279 0.698867 0.723677 0.752192 0.738214 0.718013 0.700530 0.685490 0.672669 0.661884 0.652988 0.645863 0.640418 0.636585 0.634316 0.633585 0.634381 0.636716 0.640617 0.646132 0.653330 0.662304 0.673173 0.686084 0.701223 0.718816 0.739141 0.762539 0.789431 0.820337 0.855908 0.896962 0.944544 1.000000 0.960014 0.899070 0.847321 0.803034 0.764898 0.731903 0.703261 0.678350 0.656670 0.637822 0.621482 0.607384 0.595315 0.585097 0.576590 0.569680 0.564277 0.560312 0.557737 0.556520 0.556646 0.558118 0.560952 0.565183 0.570865 0.578069 0.586888 0.597443 0.609881 0.624383 0.641174 0.660529 0.682785 1351.000000 1.328859 0.756868
0.728996 0.684129 0.645931 0.613172 0.584917 0.560441 0.539178 0.520679 0.504581 0.490596 0.478487 0.468061 0.459163 0.451665 0.445463 0.440476 0.436640 0.433907 0.432242 0.431626 0.432051 0.433522 0.436057 0.439688 0.444459 0.450432 0.457686 0.466319 0.476453 0.488240 0.501865 0.517555 0.535589 0.556314 0.580162 0.607675 0.639545 0.676663 0.720197 0.771705 0.833310 0.907982 1.000000 0.960258 0.878647 0.811623 0.755792 0.708745 0.668728 0.634436 0.604875 0.579280 0.557050 0.537711 0.520882 0.506258 0.493589 0.482672 0.473344 0.465470 0.458941 0.453670 0.449590 0.446649 0.444811 0.444054 0.444367 0.445756 0.448236 0.451839 0.456610 0.462608 0.469913 0.478625 0.488865 0.500786 0.514573 0.530456 0.548713 0.569694 0.593831 0.621667 0.653894 0.691401 0.735353 0.787297 0.849340 0.838522 0.789650 0.747863 0.711906 0.680812 0.653830 0.630366 0.609946 0.592190 0.576788 0.563490 0.552092 0.542427 0.534359 0.527780 0.522606 0.518769 0.516223 0.514936 0.514893 0.516093 0.518551 0.522297 0.527377 0.533855 0.541816 0.551367 0.562640 0.575800 0.591048 0.608632 0.628855 0.652094 0.678814 0.709600 0.745192 0.786537 0.834870 0.891820 0.845926 0.782177 5530.000000 1.233240 0.594900
0.576788 0.563490 0.552092 0.542427 0.534359 0.527780 0.522606 0.518769 0.516223 0.514936 0.514893 0.516093 0.518551 0.522297 0.527377 0.533855 0.541816 0.551367 0.562640 0.575800 0.591048 0.608632 0.628855 0.652094 0.678814 0.709600 0.745192 0.786537 0.834870 0.891820 0.845926 0.782177 0.728996 0.684129 0.645931 0.613172 0.584917 0.560441 0.539178 0.520679 0.504581 0.490596 0.478487 0.468061 0.459163 0.451665 0.445463 0.440476 0.436640 0.433907 0.432242 0.431626 0.432051 0.433522 0.436057 0.439688 0.444459 0.450432 0.457686 0.466319 0.476453 0.488240 0.501865 0.517555 0.535589 0.556314 0.580162 0.607675 0.639545 0.676663 0.720197 0.771705 0.833310 0.907982 1.000000 0.960258 0.878647 0.811623 0.755792 0.708745 0.668728 0.634436 0.604875 0.579280 0.557050 0.537711 0.520882 0.506258 0.493589 0.482672 0.473344 0.465470 0.458941 0.453670 0.449590 0.446649 0.444811 0.444054 0.444367 0.445756 0.448236 0.451839 0.456610 0.462608 0.469913 0.478625 0.488865 0.500786 0.514573 0.530456 0.548713 0.569694 0.593831 0.621667 0.653894 0.691401 0.735353 0.787297 0.849340 0.838522 0.789650 0.747863 0.711906 0.680812 0.653830 0.630366 0.609946 0.592190 5530.000000 1.233240 0.594900
0.444811 0.444054 0.444367 0.445756 0.448236 0.451839 0.456610 0.462608 0.469913 0.478625 0.488865 0.500786 0.514573 0.530456 0.548713 0.569694 0.593831 0.621667 0.653894 0.691401 0.735353 0.787297 0.849340 0.838522 0.789650 0.747863 0.711906 0.680812 0.653830 0.630366 0.609946 0.592190 0.576788 0.563490 0.552092 0.542427 0.534359 0.527780 0.522606 0.518769 0.516223 0.514936 0.514893 0.516093 0.518551 0.522297 0.527377 0.533855 0.541816 0.551367 0.562640 0.575800 0.591048 0.608632 0.628855 0.652094 0.678814 0.709600 0.745192 0.786537 0.834870 0.891820 0.845926 0.782177 0.728996 0.684129 0.645931 0.613172 0.584917 0.560441 0.539178 0.520679 0.504581 0.490596 0.478487 0.468061 0.459163 0.451665 0.445463 0.440476 0.436640 0.433907 0.432242 0.431626 0.432051 0.433522 0.436057 0.439688 0.444459 0.450432 0.457686 0.466319 0.476453 0.488240 0.501865 0.517555 0.535589 0.556314 0.580162 0.607675 0.639545 0.676663 0.720197 0.771705 0.833310 0.907982 1.000000 0.960258 0.878647 0.811623 0.755792 0.708745 0.668728 0.634436 0.604875 0.579280 0.557050 0.537711 0.520882 0.506258 0.493589 0.482672 0.473344 0.465470 0.458941 0.453670 0.449590 0.446649 5530.000000 1.233240 0.594900
0.535589 0.556314 0.580162 0.607675 0.639545 0.676663 0.720197 0.771705 0.833310 0.907982 1.000000 0.960258 0.878647 0.811623 0.755792 0.708745 0.668728 0.634436 0.604875 0.579280 0.557050 0.537711 0.520882 0.506258 0.493589 0.482672 0.473344 0.465470 0.458941 0.453670 0.449590 0.446649 0.444811 0.444054 0.444367 0.445756 0.448236 0.451839 0.456610 0.462608 0.469913 0.478625 0.488865 0.500786 0.514573 0.530456 0.548713 0.569694 0.593831 0.621667 0.653894 0.691401 0.735353 0.787297 0.849340 0.838522 0.789650 0.747863 0.711906 0.680812 0.653830 0.630366 0.609946 0.592190 0.576788 0.563490 0.552092 0.542427 0.534359 0.527780 0.522606 0.518769 0.516223 0.514936 0.514893 0.516093 0.518551 0.522297 0.527377 0.533855 0.541816 0.551367 0.562640 0.575800 0.591048 0.608632 0.628855 0.652094 0.678814 0.709600 0.745192 0.786537 0.834870 0.891820 0.845926 0.782177 0.728996 0.684129 0.645931 0.613172 0.584917 0.560441 0.539178 0.520679 0.504581 0.490596 0.478487 0.468061 0.459163 0.451665 0.445463 0.440476 0.436640 0.433907 0.432242 0.431626 0.432051 0.433522 0.436057 0.439688 0.444459 0.450432 0.457686 0.466319 0.476453 0.488240 0.501865 0.517555 5530.000000 1.233240 0.594900
0.510230 0.504199 0.499499 0.496070 0.493869 0.488742 0.484058 0.480610 0.478355 0.477266 0.477329 0.478544 0.480928 0.484509 0.489331 0.495455 0.502962 0.511952 0.522551 0.534914 0.549232 0.565737 0.584718 0.601383 0.609852 0.620079 0.632204 0.646400 0.662883 0.681913 0.703815 0.728984 0.757914 0.791220 0.829678 0.874279 0.926307 0.987448 1.000000 0.926345 0.864737 0.812648 0.768223 0.730071 0.697129 0.668573 0.643754 0.622157 0.603369 0.587054 0.572943 0.561530 0.552134 0.544337 0.538035 0.533148 0.529612 0.527386 0.526441 0.526766 0.528365 0.531258 0.535479 0.541083 0.548139 0.556740 0.567004 0.579075 0.593130 0.609389 0.628121 0.640950 0.631239 0.623296 0.617019 0.612328 0.609164 0.607488 0.607280 0.608538 0.611278 0.615531 0.621351 0.628812 0.638010 0.649068 0.662139 0.677413 0.695122 0.686119 0.675080 0.665969 0.658667 0.653080 0.649137 0.646790 0.646011 0.646790 0.649137 0.653080 0.658667 0.665969 0.675080 0.686119 0.699237 0.714622 0.732504 0.753165 0.776951 0.804289 0.835708 0.871867 0.913598 0.909862 0.846422 0.793038 0.747683 0.708851 0.675399 0.646450 0.621316 0.599453 0.580427 0.563888 0.549553 0.537191 0.526614 0.517668 3966.500000 1.346650 0.740970
0.646011 0.646790 0.649137 0.653080 0.658667 0.665969 0.675080 0.686119 0.699237 0.714622 0.732504 0.753165 0.776951 0.804289 0.835708 0.871867 0.913598 0.909862 0.846422 0.793038 0.747683 0.708851 0.675399 0.646450 0.621316 0.599453 0.580427 0.563888 0.549553 0.537191 0.526614 0.517668 0.510230 0.504199 0.499499 0.496070 0.493869 0.488742 0.484058 0.480610 0.478355 0.477266 0.477329 0.478544 0.480928 0.484509 0.489331 0.495455 0.502962 0.511952 0.522551 0.534914 0.549232 0.565737 0.584718 0.601383 0.609852 0.620079 0.632204 0.646400 0.662883 0.681913 0.703815 0.728984 0.757914 0.791220 0.829678 0.874279 0.926307 0.987448 1.000000 0.926345 0.864737 0.812648 0.768223 0.730071 0.697129 0.668573 0.643754 0.622157 0.603369 0.587054 0.572943 0.561530 0.552134 0.544337 0.538035 0.533148 0.529612 0.527386 0.526441 0.526766 0.528365 0.531258 0.535479 0.541083 0.548139 0.556740 0.567004 0.579075 0.593130 0.609389 0.628121 0.640950 0.631239 0.623296 0.617019 0.612328 0.609164 0.607488 0.607280 0.608538 0.611278 0.615531 0.621351 0.628812 0.638010 0.649068 0.662139 0.677413 0.695122 0.686119 0.675080 0.665969 0.658667 0.653080 0.649137 0.646790 3966.500000 1.346650 0.740970
0.548139 0.556740 0.567004 0.579075 0.593130 0.609389 0.628121 0.640950 0.631239 0.623296 0.617019 0.612328 0.609164 0.607488 0.607280 0.608538 0.611278 0.615531 0.621351 0.628812 0.638010 0.649068 0.662139 0.677413 0.695122 0.686119 0.675080 0.665969 0.658667 0.653080 0.649137 0.646790 0.646011 0.646790 0.649137 0.653080 0.658667 0.665969 0.675080 0.686119 0.699237 0.714622 0.732504 0.753165 0.776951 0.804289 0.835708 0.871867 0.913598 0.909862 0.846422 0.793038 0.747683 0.708851 0.675399 0.646450 0.621316 0.599453 0.580427 0.563888 0.549553 0.537191 0.526614 0.517668 0.510230 0.504199 0.499499 0.496070 0.493869 0.488742 0.484058 0.480610 0.478355 0.477266 0.477329 0.478544 0.480928 0.484509 0.489331 0.495455 0.502962 0.511952 0.522551 0.534914 0.549232 0.565737 0.584718 0.601383 0.609852 0.620079 0.632204 0.646400 0.662883 0.681913 0.703815 0.728984 0.757914 0.791220 0.829678 0.874279 0.926307 0.987448 1.000000 0.926345 0.864737 0.812648 0.768223 0.730071 0.697129 0.668573 0.643754 0.622157 0.603369 0.587054 0.572943 0.561530 0.552134 0.544337 0.538035 0.533148 0.529612 0.527386 0.526441 0.526766 0.528365 0.531258 0.535479 0.541083 3966.500000 1.346650 0.740970
0.757914 0.791220 0.829678 0.874279 0.926307 0.987448 1.000000 0.926345 0.864737 0.812648 0.768223 0.730071 0.697129 0.668573 0.643754 0.622157 0.603369 0.587054 0.572943 0.561530 0.552134 0.544337 0.538035 0.533148 0.529612 0.527386 0.526441 0.526766 0.528365 0.531258 0.535479 0.541083 0.548139 0.556740 0.567004 0.579075 0.593130 0.609389 0.628121 0.640950 0.631239 0.623296 0.617019 0.612328 0.609164 0.607488 0.607280 0.608538 0.611278 0.615531 0.621351 0.628812 0.638010 0.649068 0.662139 0.677413 0.695122 0.686119 0.675080 0.665969 0.658667 0.653080 0.649137 0.646790 0.646011 0.646790 0.649137 0.653080 0.658667 0.665969 0.675080 0.686119 0.699237 0.714622 0.732504 0.753165 0.776951 0.804289 0.835708 0.871867 0.913598 0.909862 0.846422 0.793038 0.747683 0.708851 0.675399 0.646450 0.621316 0.599453 0.580427 0.563888 0.549553 0.537191 0.526614 0.517668 0.510230 0.504199 0.499499 0.496070 0.493869 0.488742 0.484058 0.480610 0.478355 0.477266 0.477329 0.478544 0.480928 0.484509 0.489331 0.495455 0.502962 0.511952 0.522551 0.534914 0.549232 0.565737 0.584718 0.601383 0.609852 0.620079 0.632204 0.646400 0.662883 0.681913 0.703815 0.728984 3966.500000 1.346650 0.740970
0.798742 0.818759 0.841884 0.868507 0.856243 0.832351 0.811658 0.793835 0.778614 0.765776 0.755143 0.746576 0.739964 0.735223 0.732296 0.731147 0.731761 0.734146 0.738331 0.744368 0.752332 0.762324 0.774477 0.788954 0.803354 0.778703 0.757290 0.738756 0.722807 0.709204 0.697754 0.688300 0.680716 0.674906 0.670796 0.668337 0.667497 0.668268 0.670658 0.674696 0.680433 0.687939 0.697311 0.708674 0.722181 0.738025 0.756444 0.777727 0.772715 0.759402 0.748313 0.739298 0.732241 0.727052 0.723667 0.722045 0.722167 0.724032 0.727666 0.733110 0.740434 0.749731 0.761120 0.774756 0.790830 0.809577 0.831285 0.856309 0.885085 0.918151 0.956176 1.000000 0.950197 0.898770 0.854577 0.816401 0.783297 0.754519 0.729476 0.707692 0.688783 0.672435 0.658395 0.646455 0.636446 0.628233 0.621708 0.616787 0.613410 0.611535 0.611139 0.612217 0.614784 0.618868 0.624522 0.631817 0.640846 0.651730 0.664618 0.679697 0.697195 0.717391 0.740630 0.767335 0.798033 0.833380 0.874208 0.867826 0.841291 0.818245 0.798299 0.781139 0.766509 0.754201 0.744046 0.735910 0.729689 0.725305 0.722704 0.721854 0.722745 0.725389 0.729816 0.736082 0.744265 0.754470 0.766832 0.781519 3018.000000 1.174546 0.835027
0.640846 0.651730 0.664618 0.679697 0.697195 0.717391 0.740630 0.767335 0.798033 0.833380 0.874208 0.867826 0.841291 0.818245 0.798299 0.781139 0.766509 0.754201 0.744046 0.735910 0.729689 0.725305 0.722704 0.721854 0.722745 0.725389 0.729816 0.736082 0.744265 0.754470 0.766832 0.781519 0.798742 0.818759 0.841884 0.868507 0.856243 0.832351 0.811658 0.793835 0.778614 0.765776 0.755143 0.746576 0.739964 0.735223 0.732296 0.731147 0.731761 0.734146 0.738331 0.744368 0.752332 0.762324 0.774477 0.788954 0.803354 0.778703 0.757290 0.738756 0.722807 0.709204 0.697754 0.688300 0.680716 0.674906 0.670796 0.668337 0.667497 0.668268 0.670658 0.674696 0.680433 0.687939 0.697311 0.708674 0.722181 0.738025 0.756444 0.777727 0.772715 0.759402 0.748313 0.739298 0.732241 0.727052 0.723667 0.722045 0.722167 0.724032 0.727666 0.733110 0.740434 0.749731 0.761120 0.774756 0.790830 0.809577 0.831285 0.856309 0.885085 0.918151 0.956176 1.000000 0.950197 0.898770 0.854577 0.816401 0.783297 0.754519 0.729476 0.707692 0.688783 0.672435 0.658395 0.646455 0.636446 0.628233 0.621708 0.616787 0.613410 0.611535 0.611139 0.612217 0.614784 0.618868 0.624522 0.631817 3018.000000 1.174546 0.835027
0.790830 0.809577 0.831285 0.856309 0.885085 0.918151 0.956176 1.000000 0.950197 0.898770 0.854577 0.816401 0.783297 0.754519 0.729476 0.707692 0.688783 0.672435 0.658395 0.646455 0.636446 0.628233 0.621708 0.616787 0.613410 0.611535 0.611139 0.612217 0.614784 0.618868 0.624522 0.631817 0.640846 0.651730 0.664618 0.679697 0.697195 0.717391 0.740630 0.767335 0.798033 0.833380 0.874208 0.867826 0.841291 0.818245 0.798299 0.781139 0.766509 0.754201 0.744046 0.735910 0.729689 0.725305 0.722704 0.721854 0.722745 0.725389 0.729816 0.736082 0.744265 0.754470 0.766832 0.781519 0.798742 0.818759 0.841884 0.868507 0.856243 0.832351 0.811658 0.793835 0.778614 0.765776 0.755143 0.746576 0.739964 0.735223 0.732296 0.731147 0.731761 0.734146 0.738331 0.744368 0.752332 0.762324 0.774477 0.788954 0.803354 0.778703 0.757290 0.738756 0.722807 0.709204 0.697754 0.688300 0.680716 0.674906 0.670796 0.668337 0.667497 0.668268 0.670658 0.674696 0.680433 0.687939 0.697311 0.708674 0.722181 0.738025 0.756444 0.777727 0.772715 0.759402 0.748313 0.739298 0.732241 0.727052 0.723667 0.722045 0.722167 0.724032 0.727666 0.733110 0.740434 0.749731 0.761120 0.774756 3018.000000 1.174546 0.835027
0.680716 0.674906 0.670796 0.668337 0.667497 0.668268 0.670658 0.674696 0.680433 0.687939 0.697311 0.708674 0.722181 0.738025 0.756444 0.777727 0.772715 0.759402 0.748313 0.739298 0.732241 0.727052 0.723667 0.722045 0.722167 0.724032 0.727666 0.733110 0.740434 0.749731 0.761120 0.774756 0.790830 0.809577 0.831285 0.856309 0.885085 0.918151 0.956176 1.000000 0.950197 0.898770 0.854577 0.816401 0.783297 0.754519 0.729476 0.707692 0.688783 0.672435 0.658395 0.646455 0.636446 0.628233 0.621708 0.616787 0.613410 0.611535 0.611139 0.612217 0.614784 0.618868 0.624522 0.631817 0.640846 0.651730 0.664618 0.679697 0.697195 0.717391 0.740630 0.767335 0.798033 0.833380 0.874208 0.867826 0.841291 0.818245 0.798299 0.781139 0.766509 0.754201 0.744046 0.735910 0.729689 0.725305 0.722704 0.721854 0.722745 0.725389 0.729816 0.736082 0.744265 0.754470 0.766832 0.781519 0.798742 0.818759 0.841884 0.868507 0.856243 0.832351 0.811658 0.793835 0.778614 0.765776 0.755143 0.746576 0.739964 0.735223 0.732296 0.731147 0.731761 0.734146 0.738331 0.744368 0.752332 0.762324 0.774477 0.788954 0.803354 0.778703 0.757290 0.738756 0.722807 0.709204 0.697754 0.688300 3018.000000 1.174546 0.835027
0.577691 0.579157 0.582035 0.579710 0.576370 0.574443 0.573908 0.574757 0.577000 0.580665 0.585798 0.592462 0.600743 0.610752 0.622624 0.636532 0.652683 0.671335 0.692802 0.717473 0.745828 0.750712 0.746102 0.743328 0.742356 0.743175 0.745794 0.750246 0.756585 0.764890 0.775268 0.787856 0.802825 0.820388 0.840809 0.864407 0.891578 0.922808 0.958698 1.000000 0.990583 0.912072 0.846982 0.792346 0.746019 0.706419 0.672348 0.642891 0.617331 0.595105 0.575762 0.558941 0.544350 0.531749 0.520945 0.511780 0.504125 0.505499 0.510042 0.515923 0.523215 0.532017 0.542449 0.554662 0.568839 0.585206 0.604042 0.625688 0.650568 0.663728 0.653403 0.644924 0.638180 0.633085 0.629576 0.627608 0.627160 0.628224 0.630814 0.634961 0.640718 0.648155 0.657369 0.668483 0.681649 0.697057 0.714940 0.735584 0.759339 0.786638 0.818017 0.854147 0.895874 0.944278 0.930983 0.897143 0.867693 0.842080 0.819854 0.800650 0.784171 0.770175 0.758465 0.748882 0.741303 0.735629 0.731792 0.729743 0.729458 0.730933 0.734187 0.739259 0.746212 0.755132 0.731110 0.705097 0.682459 0.662776 0.645709 0.630980 0.618366 0.607680 0.598776 0.591534 0.585859 0.581680 0.578945 0.577621 6484.000000 1.279510 0.786581
0.867693 0.842080 0.819854 0.800650 0.784171 0.770175 0.758465 0.748882 0.741303 0.735629 0.731792 0.729743 0.729458 0.730933 0.734187 0.739259 0.746212 0.755132 0.731110 0.705097 0.682459 0.662776 0.645709 0.630980 0.618366 0.607680 0.598776 0.591534 0.585859 0.581680 0.578945 0.577621 0.577691 0.579157 0.582035 0.579710 0.576370 0.574443 0.573908 0.574757 0.577000 0.580665 0.585798 0.592462 0.600743 0.610752 0.622624 0.636532 0.652683 0.671335 0.692802 0.717473 0.745828 0.750712 0.746102 0.743328 0.742356 0.743175 0.745794 0.750246 0.756585 0.764890 0.775268 0.787856 0.802825 0.820388 0.840809 0.864407 0.891578 0.922808 0.958698 1.000000 0.990583 0.912072 0.846982 0.792346 0.746019 0.706419 0.672348 0.642891 0.617331 0.595105 0.575762 0.558941 0.544350 0.531749 0.520945 0.511780 0.504125 0.505499 0.510042 0.515923 0.523215 0.532017 0.542449 0.554662 0.568839 0.585206 0.604042 0.625688 0.650568 0.663728 0.653403 0.644924 0.638180 0.633085 0.629576 0.627608 0.627160 0.628224 0.630814 0.634961 0.640718 0.648155 0.657369 0.668483 0.681649 0.697057 0.714940 0.735584 0.759339 0.786638 0.818017 0.854147 0.895874 0.944278 0.930983 0.897143 6484.000000 1.279510 0.786581
0.568839 0.585206 0.604042 0.625688 0.650568 0.663728 0.653403 0.644924 0.638180 0.633085 0.629576 0.627608 0.627160 0.628224 0.630814 0.634961 0.640718 0.648155 0.657369 0.668483 0.681649 0.697057 0.714940 0.735584 0.759339 0.786638 0.818017 0.854147 0.895874 0.944278 0.930983 0.897143 0.867693 0.842080 0.819854 0.800650 0.784171 0.770175 0.758465 0.748882 0.741303 0.735629 0.731792 0.729743 0.729458 0.730933 0.734187 0.739259 0.746212 0.755132 0.731110 0.705097 0.682459 0.662776 0.645709 0.630980 0.618366 0.607680 0.598776 0.591534 0.585859 0.581680 0.578945 0.577621 0.577691 0.579157 0.582035 0.579710 0.576370 0.574443 0.573908 0.574757 0.577000 0.580665 0.585798 0.592462 0.600743 0.610752 0.622624 0.636532 0.652683 0.671335 0.692802 0.717473 0.745828 0.750712 0.746102 0.743328 0.742356 0.743175 0.745794 0.750246 0.756585 0.764890 0.775268 0.787856 0.802825 0.820388 0.840809 0.864407 0.891578 0.922808 0.958698 1.000000 0.990583 0.912072 0.846982 0.792346 0.746019 0.706419 0.672348 0.642891 0.617331 0.595105 0.575762 0.558941 0.544350 0.531749 0.520945 0.511780 0.504125 0.505499 0.510042 0.515923 0.523215 0.532017 0.542449 0.554662 6484.000000 1.279510 0.786581
0.802825 0.820388 0.840809 0.864407 0.891578 0.922808 0.958698 1.000000 0.990583 0.912072 0.846982 0.792346 0.746019 0.706419 0.672348 0.642891 0.617331 0.595105 0.575762 0.558941 0.544350 0.531749 0.520945 0.511780 0.504125 0.505499 0.510042 0.515923 0.523215 0.532017 0.542449 0.554662 0.568839 0.585206 0.604042 0.625688 0.650568 0.663728 0.653403 0.644924 0.638180 0.633085 0.629576 0.627608 0.627160 0.628224 0.630814 0.634961 0.640718 0.648155 0.657369 0.668483 0.681649 0.697057 0.714940 0.735584 0.759339 0.786638 0.818017 0.854147 0.895874 0.944278 0.930983 0.897143 0.867693 0.842080 0.819854 0.800650 0.784171 0.770175 0.758465 0.748882 0.741303 0.735629 0.731792 0.729743 0.729458 0.730933 0.734187 0.739259 0.746212 0.755132 0.731110 0.705097 0.682459 0.662776 0.645709 0.630980 0.618366 0.607680 0.598776 0.591534 0.585859 0.581680 0.578945 0.577621 0.577691 0.579157 0.582035 0.579710 0.576370 0.574443 0.573908 0.574757 0.577000 0.580665 0.585798 0.592462 0.600743 0.610752 0.622624 0.636532 0.652683 0.671335 0.692802 0.717473 0.745828 0.750712 0.746102 0.743328 0.742356 0.743175 0.745794 0.750246 0.756585 0.764890 0.775268 0.787856 6484.000000 1.279510 0.786581
0.732969 0.737145 0.743170 0.751118 0.761092 0.773221 0.787672 0.804649 0.824404 0.847245 0.873552 0.903793 0.926550 0.866387 0.815405 0.771846 0.734385 0.702004 0.673913 0.649488 0.628232 0.609746 0.593706 0.579850 0.567962 0.557869 0.549429 0.542529 0.537077 0.533005 0.530262 0.528814 0.528645 0.529751 0.532147 0.535861 0.540940 0.547448 0.555468 0.565109 0.576504 0.589817 0.589734 0.590661 0.593021 0.596844 0.602177 0.609087 0.617662 0.628017 0.640293 0.654668 0.671357 0.690627 0.712804 0.738290 0.767584 0.801309 0.840250 0.885412 0.938093 1.000000 0.944244 0.883864 0.832627 0.788801 0.751077 0.718449 0.690130 0.665502 0.644069 0.625434 0.609273 0.595324 0.583373 0.573247 0.564804 0.558069 0.562646 0.568680 0.576248 0.585450 0.596411 0.609285 0.624265 0.641585 0.661532 0.684461 0.710811 0.741127 0.776098 0.774498 0.752543 0.733516 0.717113 0.703084 0.691227 0.681378 0.673404 0.667204 0.662699 0.659834 0.658572 0.658628 0.643755 0.631025 0.620254 0.611293 0.604021 0.598345 0.594193 0.591513 0.590273 0.590457 0.592068 0.595126 0.599668 0.605750 0.613450 0.622868 0.634131 0.647397 0.662861 0.680762 0.701394 0.725116 0.729980 0.730590 16666.000000 1.277868 0.759502
0.691227 0.681378 0.673404 0.667204 0.662699 0.659834 0.658572 0.658628 0.643755 0.631025 0.620254 0.611293 0.604021 0.598345 0.594193 0.591513 0.590273 0.590457 0.592068 0.595126 0.599668 0.605750 0.613450 0.622868 0.634131 0.647397 0.662861 0.680762 0.701394 0.725116 0.729980 0.730590 0.732969 0.737145 0.743170 0.751118 0.761092 0.773221 0.787672 0.804649 0.824404 0.847245 0.873552 0.903793 0.926550 0.866387 0.815405 0.771846 0.734385 0.702004 0.673913 0.649488 0.628232 0.609746 0.593706 0.579850 0.567962 0.557869 0.549429 0.542529 0.537077 0.533005 0.530262 0.528814 0.528645 0.529751 0.532147 0.535861 0.540940 0.547448 0.555468 0.565109 0.576504 0.589817 0.589734 0.590661 0.593021 0.596844 0.602177 0.609087 0.617662 0.628017 0.640293 0.654668 0.671357 0.690627 0.712804 0.738290 0.767584 0.801309 0.840250 0.885412 0.938093 1.000000 0.944244 0.883864 0.832627 0.788801 0.751077 0.718449 0.690130 0.665502 0.644069 0.625434 0.609273 0.595324 0.583373 0.573247 0.564804 0.558069 0.562646 0.568680 0.576248 0.585450 0.596411 0.609285 0.624265 0.641585 0.661532 0.684461 0.710811 0.741127 0.776098 0.774498 0.752543 0.733516 0.717113 0.703084 16666.000000 1.277868 0.759502
0.832627 0.788801 0.751077 0.718449 0.690130 0.665502 0.644069 0.625434 0.609273 0.595324 0.583373 0.573247 0.564804 0.558069 0.562646 0.568680 0.576248 0.585450 0.596411 0.609285 0.624265 0.641585 0.661532 0.684461 0.710811 0.741127 0.776098 0.774498 0.752543 0.733516 0.717113 0.703084 0.691227 0.681378 0.673404 0.667204 0.662699 0.659834 0.658572 0.658628 0.643755 0.631025 0.620254 0.611293 0.604021 0.598345 0.594193 0.591513 0.590273 0.590457 0.592068 0.595126 0.599668 0.605750 0.613450 0.622868 0.634131 0.647397 0.662861 0.680762 0.701394 0.725116 0.729980 0.730590 0.732969 0.737145 0.743170 0.751118 0.761092 0.773221 0.787672 0.804649 0.824404 0.847245 0.873552 0.903793 0.926550 0.866387 0.815405 0.771846 0.734385 0.702004 0.673913 0.649488 0.628232 0.609746 0.593706 0.579850 0.567962 0.557869 0.549429 0.542529 0.537077 0.533005 0.530262 0.528814 0.528645 0.529751 0.532147 0.535861 0.540940 0.547448 0.555468 0.565109 0.576504 0.589817 0.589734 0.590661 0.593021 0.596844 0.602177 0.609087 0.617662 0.628017 0.640293 0.654668 0.671357 0.690627 0.712804 0.738290 0.767584 0.801309 0.840250 0.885412 0.938093 1.000000 0.944244 0.883864 16666.000000 1.277868 0.759502
0.528645 0.529751 0.532147 0.535861 0.540940 0.547448 0.555468 0.565109 0.576504 0.589817 0.589734 0.590661 0.593021 0.596844 0.602177 0.609087 0.617662 0.628017 0.640293 0.654668 0.671357 0.690627 0.712804 0.738290 0.767584 0.801309 0.840250 0.885412 0.938093 1.000000 0.944244 0.883864 0.832627 0.788801 0.751077 0.718449 0.690130 0.665502 0.644069 0.625434 0.609273 0.595324 0.583373 0.573247 0.564804 0.558069 0.562646 0.568680 0.576248 0.585450 0.596411 0.609285 0.624265 0.641585 0.661532 0.684461 0.710811 0.741127 0.776098 0.774498 0.752543 0.733516 0.717113 0.703084 0.691227 0.681378 0.673404 0.667204 0.662699 0.659834 0.658572 0.658628 0.643755 0.631025 0.620254 0.611293 0.604021 0.598345 0.594193 0.591513 0.590273 0.590457 0.592068 0.595126 0.599668 0.605750 0.613450 0.622868 0.634131 0.647397 0.662861 0.680762 0.701394 0.725116 0.729980 0.730590 0.732969 0.737145 0.743170 0.751118 0.761092 0.773221 0.787672 0.804649 0.824404 0.847245 0.873552 0.903793 0.926550 0.866387 0.815405 0.771846 0.734385 0.702004 0.673913 0.649488 0.628232 0.609746 0.593706 0.579850 0.567962 0.557869 0.549429 0.542529 0.537077 0.533005 0.530262 0.528814 16666.000000 1.277868 0.759502
0.875010 0.902672 0.934466 0.971005 0.997062 0.947771 0.905201 0.868294 0.836213 0.808297 0.784012 0.762928 0.744695 0.729029 0.715697 0.704510 0.695318 0.687998 0.682457 0.678627 0.676461 0.671021 0.656131 0.643404 0.632657 0.623741 0.616537 0.610953 0.606918 0.604382 0.603315 0.603703 0.605552 0.608883 0.613738 0.620177 0.628282 0.638160 0.649944 0.663801 0.679935 0.698597 0.720097 0.744814 0.773217 0.782542 0.775524 0.770470 0.767318 0.766030 0.766589 0.769004 0.773302 0.779538 0.787788 0.798158 0.810784 0.825837 0.843530 0.864126 0.887945 0.915382 0.946923 0.983168 1.000000 0.951702 0.909945 0.873715 0.842211 0.814794 0.790951 0.770267 0.752404 0.737086 0.724088 0.713230 0.704364 0.697375 0.692175 0.688699 0.686904 0.686768 0.688290 0.691489 0.696403 0.685324 0.671591 0.659955 0.650256 0.642362 0.636173 0.631608 0.628612 0.627148 0.627199 0.628764 0.631863 0.636534 0.642835 0.650845 0.660669 0.672439 0.686319 0.702513 0.721269 0.742892 0.767759 0.796333 0.829191 0.811981 0.796768 0.783968 0.773407 0.764945 0.758473 0.753911 0.751203 0.750315 0.751236 0.753979 0.758576 0.765084 0.773584 0.784186 0.797029 0.812289 0.830184 0.850981 1433.500000 1.299322 0.840874
0.631863 0.636534 0.642835 0.650845 0.660669 0.672439 0.686319 0.702513 0.721269 0.742892 0.767759 0.796333 0.829191 0.811981 0.796768 0.783968 0.773407 0.764945 0.758473 0.753911 0.751203 0.750315 0.751236 0.753979 0.758576 0.765084 0.773584 0.784186 0.797029 0.812289 0.830184 0.850981 0.875010 0.902672 0.934466 0.971005 0.997062 0.947771 0.905201 0.868294 0.836213 0.808297 0.784012 0.762928 0.744695 0.729029 0.715697 0.704510 0.695318 0.687998 0.682457 0.678627 0.676461 0.671021 0.656131 0.643404 0.632657 0.623741 0.616537 0.610953 0.606918 0.604382 0.603315 0.603703 0.605552 0.608883 0.613738 0.620177 0.628282 0.638160 0.649944 0.663801 0.679935 0.698597 0.720097 0.744814 0.773217 0.782542 0.775524 0.770470 0.767318 0.766030 0.766589 0.769004 0.773302 0.779538 0.787788 0.798158 0.810784 0.825837 0.843530 0.864126 0.887945 0.915382 0.946923 0.983168 1.000000 0.951702 0.909945 0.873715 0.842211 0.814794 0.790951 0.770267 0.752404 0.737086 0.724088 0.713230 0.704364 0.697375 0.692175 0.688699 0.686904 0.686768 0.688290 0.691489 0.696403 0.685324 0.671591 0.659955 0.650256 0.642362 0.636173 0.631608 0.628612 0.627148 0.627199 0.628764 1433.500000 1.299322 0.840874
1.000000 0.951702 0.909945 0.873715 0.842211 0.814794 0.790951 0.770267 0.752404 0.737086 0.724088 0.713230 0.704364 0.697375 0.692175 0.688699 0.686904 0.686768 0.688290 0.691489 0.696403 0.685324 0.671591 0.659955 0.650256 0.642362 0.636173 0.631608 0.628612 0.627148 0.627199 0.628764 0.631863 0.636534 0.642835 0.650845 0.660669 0.672439 0.686319 0.702513 0.721269 0.742892 0.767759 0.796333 0.829191 0.811981 0.796768 0.783968 0.773407 0.764945 0.758473 0.753911 0.751203 0.750315 0.751236 0.753979 0.758576 0.765084 0.773584 0.784186 0.797029 0.812289 0.830184 0.850981 0.875010 0.902672 0.934466 0.971005 0.997062 0.947771 0.905201 0.868294 0.836213 0.808297 0.784012 0.762928 0.744695 0.729029 0.715697 0.704510 0.695318 0.687998 0.682457 0.678627 0.676461 0.671021 0.656131 0.643404 0.632657 0.623741 0.616537 0.610953 0.606918 0.604382 0.603315 0.603703 0.605552 0.608883 0.613738 0.620177 0.628282 0.638160 0.649944 0.663801 0.679935 0.698597 0.720097 0.744814 0.773217 0.782542 0.775524 0.770470 0.767318 0.766030 0.766589 0.769004 0.773302 0.779538 0.787788 0.798158 0.810784 0.825837 0.843530 0.864126 0.887945 0.915382 0.946923 0.983168 1433.500000 1.299322 0.840874
0.605552 0.608883 0.613738 0.620177 0.628282 0.638160 0.649944 0.663801 0.679935 0.698597 0.720097 0.744814 0.773217 0.782542 0.775524 0.770470 0.767318 0.766030 0.766589 0.769004 0.773302 0.779538 0.787788 0.798158 0.810784 0.825837 0.843530 0.864126 0.887945 0.915382 0.946923 0.983168 1.000000 0.951702 0.909945 0.873715 0.842211 0.814794 0.790951 0.770267 0.752404 0.737086 0.724088 0.713230 0.704364 0.697375 0.692175 0.688699 0.686904 0.686768 0.688290 0.691489 0.696403 0.685324 0.671591 0.659955 0.650256 0.642362 0.636173 0.631608 0.628612 0.627148 0.627199 0.628764 0.631863 0.636534 0.642835 0.650845 0.660669 0.672439 0.686319 0.702513 0.721269 0.742892 0.767759 0.796333 0.829191 0.811981 0.796768 0.783968 0.773407 0.764945 0.758473 0.753911 0.751203 0.750315 0.751236 0.753979 0.758576 0.765084 0.773584 0.784186 0.797029 0.812289 0.830184 0.850981 0.875010 0.902672 0.934466 0.971005 0.997062 0.947771 0.905201 0.868294 0.836213 0.808297 0.784012 0.762928 0.744695 0.729029 0.715697 0.704510 0.695318 0.687998 0.682457 0.678627 0.676461 0.671021 0.656131 0.643404 0.632657 0.623741 0.616537 0.610953 0.606918 0.604382 0.603315 0.603703 1433.500000 1.299322 0.840874
0.608068 0.638236 0.673260 0.714172 0.762334 0.792962 0.764277 0.739313 0.717603 0.698766 0.682496 0.668540 0.656693 0.646791 0.638698 0.632309 0.627544 0.624343 0.622667 0.622496 0.623827 0.626677 0.631081 0.637092 0.644787 0.654266 0.665655 0.679113 0.694835 0.713060 0.734084 0.758267 0.786055 0.818004 0.789587 0.748235 0.712630 0.681827 0.655090 0.631836 0.611598 0.594004 0.578748 0.565585 0.554314 0.544769 0.536819 0.530357 0.525299 0.521581 0.519158 0.517999 0.518090 0.519434 0.522045 0.525956 0.531215 0.537889 0.546066 0.555855 0.567393 0.577154 0.566508 0.557566 0.550206 0.544333 0.539871 0.536764 0.534974 0.534479 0.535273 0.537366 0.540784 0.545568 0.551778 0.559495 0.568821 0.579883 0.592841 0.607889 0.625266 0.645267 0.668252 0.694671 0.725083 0.760195 0.800909 0.848390 0.904170 0.970304 1.000000 0.910742 0.837966 0.777695 0.727147 0.684316 0.647724 0.616256 0.589057 0.565463 0.544948 0.527094 0.511567 0.498094 0.486454 0.476468 0.467988 0.460896 0.455095 0.450510 0.447083 0.444772 0.443547 0.443394 0.444311 0.446309 0.449413 0.453661 0.459107 0.465821 0.473893 0.483434 0.494584 0.507512 0.522426 0.539582 0.559296 0.581961 2144.000000 1.453993 0.703117
0.647724 0.616256 0.589057 0.565463 0.544948 0.527094 0.511567 0.498094 0.486454 0.476468 0.467988 0.460896 0.455095 0.450510 0.447083 0.444772 0.443547 0.443394 0.444311 0.446309 0.449413 0.453661 0.459107 0.465821 0.473893 0.483434 0.494584 0.507512 0.522426 0.539582 0.559296 0.581961 0.608068 0.638236 0.673260 0.714172 0.762334 0.792962 0.764277 0.739313 0.717603 0.698766 0.682496 0.668540 0.656693 0.646791 0.638698 0.632309 0.627544 0.624343 0.622667 0.622496 0.623827 0.626677 0.631081 0.637092 0.644787 0.654266 0.665655 0.679113 0.694835 0.713060 0.734084 0.758267 0.786055 0.818004 0.789587 0.748235 0.712630 0.681827 0.655090 0.631836 0.611598 0.594004 0.578748 0.565585 0.554314 0.544769 0.536819 0.530357 0.525299 0.521581 0.519158 0.517999 0.518090 0.519434 0.522045 0.525956 0.531215 0.537889 0.546066 0.555855 0.567393 0.577154 0.566508 0.557566 0.550206 0.544333 0.539871 0.536764 0.534974 0.534479 0.535273 0.537366 0.540784 0.545568 0.551778 0.559495 0.568821 0.579883 0.592841 0.607889 0.625266 0.645267 0.668252 0.694671 0.725083 0.760195 0.800909 0.848390 0.904170 0.970304 1.000000 0.910742 0.837966 0.777695 0.727147 0.684316 2144.000000 1.453993 0.703117
0.550206 0.544333 0.539871 0.536764 0.534974 0.534479 0.535273 0.537366 0.540784 0.545568 0.551778 0.559495 0.568821 0.579883 0.592841 0.607889 0.625266 0.645267 0.668252 0.694671 0.725083 0.760195 0.800909 0.848390 0.904170 0.970304 1.000000 0.910742 0.837966 0.777695 0.727147 0.684316 0.647724 0.616256 0.589057 0.565463 0.544948 0.527094 0.511567 0.498094 0.486454 0.476468 0.467988 0.460896 0.455095 0.450510 0.447083 0.444772 0.443547 0.443394 0.444311 0.446309 0.449413 0.453661 0.459107 0.465821 0.473893 0.483434 0.494584 0.507512 0.522426 0.539582 0.559296 0.581961 0.608068 0.638236 0.673260 0.714172 0.762334 0.792962 0.764277 0.739313 0.717603 0.698766 0.682496 0.668540 0.656693 0.646791 0.638698 0.632309 0.627544 0.624343 0.622667 0.622496 0.623827 0.626677 0.631081 0.637092 0.644787 0.654266 0.665655 0.679113 0.694835 0.713060 0.734084 0.758267 0.786055 0.818004 0.789587 0.748235 0.712630 0.681827 0.655090 0.631836 0.611598 0.594004 0.578748 0.565585 0.554314 0.544769 0.536819 0.530357 0.525299 0.521581 0.519158 0.517999 0.518090 0.519434 0.522045 0.525956 0.531215 0.537889 0.546066 0.555855 0.567393 0.577154 0.566508 0.557566 2144.000000 1.453993 0.703117
0.786055 0.818004 0.789587 0.748235 0.712630 0.681827 0.655090 0.631836 0.611598 0.594004 0.578748 0.565585 0.554314 0.544769 0.536819 0.530357 0.525299 0.521581 0.519158 0.517999 0.518090 0.519434 0.522045 0.525956 0.531215 0.537889 0.546066 0.555855 0.567393 0.577154 0.566508 0.557566 0.550206 0.544333 0.539871 0.536764 0.534974 0.534479 0.535273 0.537366 0.540784 0.545568 0.551778 0.559495 0.568821 0.579883 0.592841 0.607889 0.625266 0.645267 0.668252 0.694671 0.725083 0.760195 0.800909 0.848390 0.904170 0.970304 1.000000 0.910742 0.837966 0.777695 0.727147 0.684316 0.647724 0.616256 0.589057 0.565463 0.544948 0.527094 0.511567 0.498094 0.486454 0.476468 0.467988 0.460896 0.455095 0.450510 0.447083 0.444772 0.443547 0.443394 0.444311 0.446309 0.449413 0.453661 0.459107 0.465821 0.473893 0.483434 0.494584 0.507512 0.522426 0.539582 0.559296 0.581961 0.608068 0.638236 0.673260 0.714172 0.762334 0.792962 0.764277 0.739313 0.717603 0.698766 0.682496 0.668540 0.656693 0.646791 0.638698 0.632309 0.627544 0.624343 0.622667 0.622496 0.623827 0.626677 0.631081 0.637092 0.644787 0.654266 0.665655 0.679113 0.694835 0.713060 0.734084 0.758267 2144.000000 1.453993 0.703117
0.959164 1.000000 0.972446 0.935886 0.904075 0.876397 0.852356 0.831548 0.813646 0.798381 0.785536 0.774935 0.766438 0.759936 0.755348 0.752617 0.751711 0.752617 0.755348 0.759936 0.766438 0.774935 0.785536 0.798381 0.813646 0.831548 0.852356 0.876397 0.904075 0.899786 0.878298 0.859836 0.844125 0.830944 0.820114 0.811493 0.804969 0.800463 0.797919 0.797305 0.798615 0.801864 0.807092 0.814363 0.823769 0.835431 0.849503 0.866181 0.885703 0.908364 0.887931 0.862502 0.840457 0.821440 0.805162 0.791386 0.779920 0.770612 0.763341 0.758015 0.754568 0.752958 0.753165 0.755192 0.759064 0.764827 0.772554 0.782343 0.794322 0.808651 0.825532 0.845212 0.867996 0.894257 0.924452 0.959149 0.966818 0.933157 0.903865 0.878407 0.856351 0.837343 0.821096 0.807375 0.795991 0.786793 0.779662 0.774509 0.771268 0.769902 0.770393 0.772748 0.776995 0.783186 0.791398 0.801736 0.814335 0.829367 0.847043 0.867625 0.891433 0.918860 0.902150 0.874059 0.849649 0.828508 0.810298 0.794744 0.781624 0.770757 0.761998 0.755236 0.750384 0.747382 0.746196 0.746809 0.749230 0.753488 0.759635 0.767747 0.777930 0.790315 0.805072 0.822410 0.842585 0.865914 0.892783 0.923670 1581.500000 1.010321 0.857556
0.814335 0.829367 0.847043 0.867625 0.891433 0.918860 0.902150 0.874059 0.849649 0.828508 0.810298 0.794744 0.781624 0.770757 0.761998 0.755236 0.750384 0.747382 0.746196 0.746809 0.749230 0.753488 0.759635 0.767747 0.777930 0.790315 0.805072 0.822410 0.842585 0.865914 0.892783 0.923670 0.959164 1.000000 0.972446 0.935886 0.904075 0.876397 0.852356 0.831548 0.813646 0.798381 0.785536 0.774935 0.766438 0.759936 0.755348 0.752617 0.751711 0.752617 0.755348 0.759936 0.766438 0.774935 0.785536 0.798381 0.813646 0.831548 0.852356 0.876397 0.904075 0.899786 0.878298 0.859836 0.844125 0.830944 0.820114 0.811493 0.804969 0.800463 0.797919 0.797305 0.798615 0.801864 0.807092 0.814363 0.823769 0.835431 0.849503 0.866181 0.885703 0.908364 0.887931 0.862502 0.840457 0.821440 0.805162 0.791386 0.779920 0.770612 0.763341 0.758015 0.754568 0.752958 0.753165 0.755192 0.759064 0.764827 0.772554 0.782343 0.794322 0.808651 0.825532 0.845212 0.867996 0.894257 0.924452 0.959149 0.966818 0.933157 0.903865 0.878407 0.856351 0.837343 0.821096 0.807375 0.795991 0.786793 0.779662 0.774509 0.771268 0.769902 0.770393 0.772748 0.776995 0.783186 0.791398 0.801736 1581.500000 1.010321 0.857556
0.759064 0.764827 0.772554 0.782343 0.794322 0.808651 0.825532 0.845212 0.867996 0.894257 0.924452 0.959149 0.966818 0.933157 0.903865 0.878407 0.856351 0.837343 0.821096 0.807375 0.795991 0.786793 0.779662 0.774509 0.771268 0.769902 0.770393 0.772748 0.776995 0.783186 0.791398 0.801736 0.814335 0.829367 0.847043 0.867625 0.891433 0.918860 0.902150 0.874059 0.849649 0.828508 0.810298 0.794744 0.781624 0.770757 0.761998 0.755236 0.750384 0.747382 0.746196 0.746809 0.749230 0.753488 0.759635 0.767747 0.777930 0.790315 0.805072 0.822410 0.842585 0.865914 0.892783 0.923670 0.959164 1.000000 0.972446 0.935886 0.904075 0.876397 0.852356 0.831548 0.813646 0.798381 0.785536 0.774935 0.766438 0.759936 0.755348 0.752617 0.751711 0.752617 0.755348 0.759936 0.766438 0.774935 0.785536 0.798381 0.813646 0.831548 0.852356 0.876397 0.904075 0.899786 0.878298 0.859836 0.844125 0.830944 0.820114 0.811493 0.804969 0.800463 0.797919 0.797305 0.798615 0.801864 0.807092 0.814363 0.823769 0.835431 0.849503 0.866181 0.885703 0.908364 0.887931 0.862502 0.840457 0.821440 0.805162 0.791386 0.779920 0.770612 0.763341 0.758015 0.754568 0.752958 0.753165 0.755192 1581.500000 1.010321 0.857556
0.844125 0.830944 0.820114 0.811493 0.804969 0.800463 0.797919 0.797305 0.798615 0.801864 0.807092 0.814363 0.823769 0.835431 0.849503 0.866181 0.885703 0.908364 0.887931 0.862502 0.840457 0.821440 0.805162 0.791386 0.779920 0.770612 0.763341 0.758015 0.754568 0.752958 0.753165 0.755192 0.759064 0.764827 0.772554 0.782343 0.794322 0.808651 0.825532 0.845212 0.867996 0.894257 0.924452 0.959149 0.966818 0.933157 0.903865 0.878407 0.856351 0.837343 0.821096 0.807375 0.795991 0.786793 0.779662 0.774509 0.771268 0.769902 0.770393 0.772748 0.776995 0.783186 0.791398 0.801736 0.814335 0.829367 0.847043 0.867625 0.891433 0.918860 0.902150 0.874059 0.849649 0.828508 0.810298 0.794744 0.781624 0.770757 0.761998 0.755236 0.750384 0.747382 0.746196 0.746809 0.749230 0.753488 0.759635 0.767747 0.777930 0.790315 0.805072 0.822410 0.842585 0.865914 0.892783 0.923670 0.959164 1.000000 0.972446 0.935886 0.904075 0.876397 0.852356 0.831548 0.813646 0.798381 0.785536 0.774935 0.766438 0.759936 0.755348 0.752617 0.751711 0.752617 0.755348 0.759936 0.766438 0.774935 0.785536 0.798381 0.813646 0.831548 0.852356 0.876397 0.904075 0.899786 0.878298 0.859836 1581.500000 1.010321 0.857556
0.935007 1.000000 0.943946 0.895619 0.853956 0.817879 0.786545 0.759286 0.735565 0.714951 0.697095 0.681712 0.668568 0.657476 0.648282 0.640865 0.635128 0.630999 0.628428 0.627383 0.623345 0.601647 0.582765 0.566356 0.552139 0.539887 0.529414 0.520571 0.513234 0.507306 0.502711 0.499391 0.497304 0.496426 0.496745 0.498266 0.501007 0.505001 0.510300 0.516969 0.525096 0.534792 0.546193 0.559469 0.565486 0.571397 0.578841 0.587918 0.598749 0.611487 0.626321 0.643481 0.663250 0.685978 0.712095 0.742139 0.776782 0.816883 0.863543 0.918203 0.982777 0.947076 0.897831 0.855413 0.818705 0.786836 0.759115 0.734991 0.714021 0.695844 0.680167 0.666752 0.655404 0.645966 0.638313 0.632343 0.627984 0.625180 0.623897 0.624119 0.625851 0.629111 0.633941 0.640401 0.648572 0.658561 0.670504 0.656022 0.637670 0.621774 0.608081 0.596383 0.586514 0.578336 0.571742 0.566646 0.562985 0.560712 0.559801 0.560241 0.562036 0.565209 0.569798 0.575861 0.583475 0.583380 0.577916 0.573924 0.571353 0.570172 0.570368 0.571942 0.574913 0.579319 0.585213 0.592671 0.601790 0.612693 0.625533 0.640499 0.657822 0.677787 0.700742 0.727120 0.757457 0.792429 0.832889 0.879938 3571.500000 1.401966 0.767589
0.562985 0.560712 0.559801 0.560241 0.562036 0.565209 0.569798 0.575861 0.583475 0.583380 0.577916 0.573924 0.571353 0.570172 0.570368 0.571942 0.574913 0.579319 0.585213 0.592671 0.601790 0.612693 0.625533 0.640499 0.657822 0.677787 0.700742 0.727120 0.757457 0.792429 0.832889 0.879938 0.935007 1.000000 0.943946 0.895619 0.853956 0.817879 0.786545 0.759286 0.735565 0.714951 0.697095 0.681712 0.668568 0.657476 0.648282 0.640865 0.635128 0.630999 0.628428 0.627383 0.623345 0.601647 0.582765 0.566356 0.552139 0.539887 0.529414 0.520571 0.513234 0.507306 0.502711 0.499391 0.497304 0.496426 0.496745 0.498266 0.501007 0.505001 0.510300 0.516969 0.525096 0.534792 0.546193 0.559469 0.565486 0.571397 0.578841 0.587918 0.598749 0.611487 0.626321 0.643481 0.663250 0.685978 0.712095 0.742139 0.776782 0.816883 0.863543 0.918203 0.982777 0.947076 0.897831 0.855413 0.818705 0.786836 0.759115 0.734991 0.714021 0.695844 0.680167 0.666752 0.655404 0.645966 0.638313 0.632343 0.627984 0.625180 0.623897 0.624119 0.625851 0.629111 0.633941 0.640401 0.648572 0.658561 0.670504 0.656022 0.637670 0.621774 0.608081 0.596383 0.586514 0.578336 0.571742 0.566646 3571.500000 1.401966 0.767589
0.818705 0.786836 0.759115 0.734991 0.714021 0.695844 0.680167 0.666752 0.655404 0.645966 0.638313 0.632343 0.627984 0.625180 0.623897 0.624119 0.625851 0.629111 0.633941 0.640401 0.648572 0.658561 0.670504 0.656022 0.637670 0.621774 0.608081 0.596383 0.586514 0.578336 0.571742 0.566646 0.562985 0.560712 0.559801 0.560241 0.562036 0.565209 0.569798 0.575861 0.583475 0.583380 0.577916 0.573924 0.571353 0.570172 0.570368 0.571942 0.574913 0.579319 0.585213 0.592671 0.601790 0.612693 0.625533 0.640499 0.657822 0.677787 0.700742 0.727120 0.757457 0.792429 0.832889 0.879938 0.935007 1.000000 0.943946 0.895619 0.853956 0.817879 0.786545 0.759286 0.735565 0.714951 0.697095 0.681712 0.668568 0.657476 0.648282 0.640865 0.635128 0.630999 0.628428 0.627383 0.623345 0.601647 0.582765 0.566356 0.552139 0.539887 0.529414 0.520571 0.513234 0.507306 0.502711 0.499391 0.497304 0.496426 0.496745 0.498266 0.501007 0.505001 0.510300 0.516969 0.525096 0.534792 0.546193 0.559469 0.565486 0.571397 0.578841 0.587918 0.598749 0.611487 0.626321 0.643481 0.663250 0.685978 0.712095 0.742139 0.776782 0.816883 0.863543 0.918203 0.982777 0.947076 0.897831 0.855413 3571.500000 1.401966 0.767589
0.497304 0.496426 0.496745 0.498266 0.501007 0.505001 0.510300 0.516969 0.525096 0.534792 0.546193 0.559469 0.565486 0.571397 0.578841 0.587918 0.598749 0.611487 0.626321 0.643481 0.663250 0.685978 0.712095 0.742139 0.776782 0.816883 0.863543 0.918203 0.982777 0.947076 0.897831 0.855413 0.818705 0.786836 0.759115 0.734991 0.714021 0.695844 0.680167 0.666752 0.655404 0.645966 0.638313 0.632343 0.627984 0.625180 0.623897 0.624119 0.625851 0.629111 0.633941 0.640401 0.648572 0.658561 0.670504 0.656022 0.637670 0.621774 0.608081 0.596383 0.586514 0.578336 0.571742 0.566646 0.562985 0.560712 0.559801 0.560241 0.562036 0.565209 0.569798 0.575861 0.583475 0.583380 0.577916 0.573924 0.571353 0.570172 0.570368 0.571942 0.574913 0.579319 0.585213 0.592671 0.601790 0.612693 0.625533 0.640499 0.657822 0.677787 0.700742 0.727120 0.757457 0.792429 0.832889 0.879938 0.935007 1.000000 0.943946 0.895619 0.853956 0.817879 0.786545 0.759286 0.735565 0.714951 0.697095 0.681712 0.668568 0.657476 0.648282 0.640865 0.635128 0.630999 0.628428 0.627383 0.623345 0.601647 0.582765 0.566356 0.552139 0.539887 0.529414 0.520571 0.513234 0.507306 0.502711 0.499391 3571.500000 1.401966 0.767589
0.820214 0.777235 0.740230 0.708217 0.680430 0.656262 0.635230 0.616945 0.601090 0.587409 0.575693 0.565772 0.557507 0.550788 0.545528 0.541660 0.539135 0.537925 0.538012 0.539400 0.542104 0.546158 0.551611 0.538262 0.526674 0.516793 0.508478 0.501616 0.496116 0.491908 0.488938 0.487170 0.486583 0.487170 0.488938 0.491908 0.496116 0.501616 0.508478 0.516793 0.526674 0.538262 0.551731 0.566484 0.569306 0.573544 0.579253 0.586503 0.595389 0.606031 0.618578 0.633213 0.650162 0.669700 0.692169 0.717987 0.747677 0.781893 0.821465 0.867457 0.921256 0.984698 0.953905 0.890969 0.837716 0.792272 0.753225 0.719498 0.690254 0.664833 0.642712 0.623469 0.606763 0.592320 0.579913 0.569358 0.560507 0.553239 0.547459 0.543094 0.540088 0.538406 0.538026 0.538944 0.541171 0.544735 0.539853 0.527946 0.517774 0.509190 0.502076 0.496337 0.491900 0.488708 0.486722 0.485918 0.486287 0.487832 0.490573 0.494542 0.499790 0.506384 0.514410 0.523977 0.535221 0.542400 0.544122 0.547177 0.551602 0.557454 0.564807 0.573757 0.584426 0.596965 0.611558 0.628436 0.647876 0.670224 0.695904 0.725449 0.759524 0.798978 0.844902 0.898725 0.962348 1.000000 0.929614 0.870445 3186.000000 1.589834 0.722933
0.486287 0.487832 0.490573 0.494542 0.499790 0.506384 0.514410 0.523977 0.535221 0.542400 0.544122 0.547177 0.551602 0.557454 0.564807 0.573757 0.584426 0.596965 0.611558 0.628436 0.647876 0.670224 0.695904 0.725449 0.759524 0.798978 0.844902 0.898725 0.962348 1.000000 0.929614 0.870445 0.820214 0.777235 0.740230 0.708217 0.680430 0.656262 0.635230 0.616945 0.601090 0.587409 0.575693 0.565772 0.557507 0.550788 0.545528 0.541660 0.539135 0.537925 0.538012 0.539400 0.542104 0.546158 0.551611 0.538262 0.526674 0.516793 0.508478 0.501616 0.496116 0.491908 0.488938 0.487170 0.486583 0.487170 0.488938 0.491908 0.496116 0.501616 0.508478 0.516793 0.526674 0.538262 0.551731 0.566484 0.569306 0.573544 0.579253 0.586503 0.595389 0.606031 0.618578 0.633213 0.650162 0.669700 0.692169 0.717987 0.747677 0.781893 0.821465 0.867457 0.921256 0.984698 0.953905 0.890969 0.837716 0.792272 0.753225 0.719498 0.690254 0.664833 0.642712 0.623469 0.606763 0.592320 0.579913 0.569358 0.560507 0.553239 0.547459 0.543094 0.540088 0.538406 0.538026 0.538944 0.541171 0.544735 0.539853 0.527946 0.517774 0.509190 0.502076 0.496337 0.491900 0.488708 0.486722 0.485918 3186.000000 1.589834 0.722933
0.837716 0.792272 0.753225 0.719498 0.690254 0.664833 0.642712 0.623469 0.606763 0.592320 0.579913 0.569358 0.560507 0.553239 0.547459 0.543094 0.540088 0.538406 0.538026 0.538944 0.541171 0.544735 0.539853 0.527946 0.517774 0.509190 0.502076 0.496337 0.491900 0.488708 0.486722 0.485918 0.486287 0.487832 0.490573 0.494542 0.499790 0.506384 0.514410 0.523977 0.535221 0.542400 0.544122 0.547177 0.551602 0.557454 0.564807 0.573757 0.584426 0.596965 0.611558 0.628436 0.647876 0.670224 0.695904 0.725449 0.759524 0.798978 0.844902 0.898725 0.962348 1.000000 0.929614 0.870445 0.820214 0.777235 0.740230 0.708217 0.680430 0.656262 0.635230 0.616945 0.601090 0.587409 0.575693 0.565772 0.557507 0.550788 0.545528 0.541660 0.539135 0.537925 0.538012 0.539400 0.542104 0.546158 0.551611 0.538262 0.526674 0.516793 0.508478 0.501616 0.496116 0.491908 0.488938 0.487170 0.486583 0.487170 0.488938 0.491908 0.496116 0.501616 0.508478 0.516793 0.526674 0.538262 0.551731 0.566484 0.569306 0.573544 0.579253 0.586503 0.595389 0.606031 0.618578 0.633213 0.650162 0.669700 0.692169 0.717987 0.747677 0.781893 0.821465 0.867457 0.921256 0.984698 0.953905 0.890969 3186.000000 1.589834 0.722933
0.486583 0.487170 0.488938 0.491908 0.496116 0.501616 0.508478 0.516793 0.526674 0.538262 0.551731 0.566484 0.569306 0.573544 0.579253 0.586503 0.595389 0.606031 0.618578 0.633213 0.650162 0.669700 0.692169 0.717987 0.747677 0.781893 0.821465 0.867457 0.921256 0.984698 0.953905 0.890969 0.837716 0.792272 0.753225 0.719498 0.690254 0.664833 0.642712 0.623469 0.606763 0.592320 0.579913 0.569358 0.560507 0.553239 0.547459 0.543094 0.540088 0.538406 0.538026 0.538944 0.541171 0.544735 0.539853 0.527946 0.517774 0.509190 0.502076 0.496337 0.491900 0.488708 0.486722 0.485918 0.486287 0.487832 0.490573 0.494542 0.499790 0.506384 0.514410 0.523977 0.535221 0.542400 0.544122 0.547177 0.551602 0.557454 0.564807 0.573757 0.584426 0.596965 0.611558 0.628436 0.647876 0.670224 0.695904 0.725449 0.759524 0.798978 0.844902 0.898725 0.962348 1.000000 0.929614 0.870445 0.820214 0.777235 0.740230 0.708217 0.680430 0.656262 0.635230 0.616945 0.601090 0.587409 0.575693 0.565772 0.557507 0.550788 0.545528 0.541660 0.539135 0.537925 0.538012 0.539400 0.542104 0.546158 0.551611 0.538262 0.526674 0.516793 0.508478 0.501616 0.496116 0.491908 0.488938 0.487170 3186.000000 1.589834 0.722933
0.980528 1.000000 0.893700 0.809592 0.741585 0.685642 0.638979 0.599616 0.566105 0.537368 0.512582 0.491113 0.472463 0.456236 0.442117 0.429850 0.419228 0.410082 0.402275 0.395695 0.390252 0.385874 0.382504 0.380101 0.378634 0.378085 0.378448 0.379728 0.381940 0.385111 0.389281 0.394502 0.400845 0.408394 0.417258 0.427569 0.439487 0.453212 0.468988 0.487118 0.507978 0.532045 0.559921 0.592386 0.630460 0.675503 0.729370 0.794653 0.804767 0.762271 0.725699 0.694071 0.666623 0.642754 0.621981 0.603918 0.588252 0.574727 0.563137 0.553312 0.545114 0.538434 0.533184 0.529299 0.526730 0.525445 0.525429 0.526682 0.529219 0.533071 0.538286 0.544929 0.553088 0.562871 0.574416 0.587889 0.603499 0.621499 0.642199 0.665986 0.693338 0.724853 0.761291 0.779523 0.719281 0.669178 0.627014 0.591187 0.560511 0.534084 0.511214 0.491356 0.474083 0.459052 0.445986 0.434661 0.424895 0.416540 0.409475 0.403601 0.398841 0.395133 0.392430 0.390698 0.389916 0.390076 0.391178 0.393237 0.396278 0.400337 0.405468 0.411736 0.419228 0.428047 0.438324 0.450217 0.463924 0.479682 0.497790 0.518618 0.542629 0.570412 0.602724 0.640552 0.685208 0.738469 0.802804 0.881747 9367.500000 1.475018 0.572662
0.424895 0.416540 0.409475 0.403601 0.398841 0.395133 0.392430 0.390698 0.389916 0.390076 0.391178 0.393237 0.396278 0.400337 0.405468 0.411736 0.419228 0.428047 0.438324 0.450217 0.463924 0.479682 0.497790 0.518618 0.542629 0.570412 0.602724 0.640552 0.685208 0.738469 0.802804 0.881747 0.980528 1.000000 0.893700 0.809592 0.741585 0.685642 0.638979 0.599616 0.566105 0.537368 0.512582 0.491113 0.472463 0.456236 0.442117 0.429850 0.419228 0.410082 0.402275 0.395695 0.390252 0.385874 0.382504 0.380101 0.378634 0.378085 0.378448 0.379728 0.381940 0.385111 0.389281 0.394502 0.400845 0.408394 0.417258 0.427569 0.439487 0.453212 0.468988 0.487118 0.507978 0.532045 0.559921 0.592386 0.630460 0.675503 0.729370 0.794653 0.804767 0.762271 0.725699 0.694071 0.666623 0.642754 0.621981 0.603918 0.588252 0.574727 0.563137 0.553312 0.545114 0.538434 0.533184 0.529299 0.526730 0.525445 0.525429 0.526682 0.529219 0.533071 0.538286 0.544929 0.553088 0.562871 0.574416 0.587889 0.603499 0.621499 0.642199 0.665986 0.693338 0.724853 0.761291 0.779523 0.719281 0.669178 0.627014 0.591187 0.560511 0.534084 0.511214 0.491356 0.474083 0.459052 0.445986 0.434661 9367.500000 1.475018 0.572662
0.526730 0.525445 0.525429 0.526682 0.529219 0.533071 0.538286 0.544929 0.553088 0.562871 0.574416 0.587889 0.603499 0.621499 0.642199 0.665986 0.693338 0.724853 0.761291 0.779523 0.719281 0.669178 0.627014 0.591187 0.560511 0.534084 0.511214 0.491356 0.474083 0.459052 0.445986 0.434661 0.424895 0.416540 0.409475 0.403601 0.398841 0.395133 0.392430 0.390698 0.389916 0.390076 0.391178 0.393237 0.396278 0.400337 0.405468 0.411736 0.419228 0.428047 0.438324 0.450217 0.463924 0.479682 0.497790 0.518618 0.542629 0.570412 0.602724 0.640552 0.685208 0.738469 0.802804 0.881747 0.980528 1.000000 0.893700 0.809592 0.741585 0.685642 0.638979 0.599616 0.566105 0.537368 0.512582 0.491113 0.472463 0.456236 0.442117 0.429850 0.419228 0.410082 0.402275 0.395695 0.390252 0.385874 0.382504 0.380101 0.378634 0.378085 0.378448 0.379728 0.381940 0.385111 0.389281 0.394502 0.400845 0.408394 0.417258 0.427569 0.439487 0.453212 0.468988 0.487118 0.507978 0.532045 0.559921 0.592386 0.630460 0.675503 0.729370 0.794653 0.804767 0.762271 0.725699 0.694071 0.666623 0.642754 0.621981 0.603918 0.588252 0.574727 0.563137 0.553312 0.545114 0.538434 0.533184 0.529299 9367.500000 1.475018 0.572662
0.400845 0.408394 0.417258 0.427569 0.439487 0.453212 0.468988 0.487118 0.507978 0.532045 0.559921 0.592386 0.630460 0.675503 0.729370 0.794653 0.804767 0.762271 0.725699 0.694071 0.666623 0.642754 0.621981 0.603918 0.588252 0.574727 0.563137 0.553312 0.545114 0.538434 0.533184 0.529299 0.526730 0.525445 0.525429 0.526682 0.529219 0.533071 0.538286 0.544929 0.553088 0.562871 0.574416 0.587889 0.603499 0.621499 0.642199 0.665986 0.693338 0.724853 0.761291 0.779523 0.719281 0.669178 0.627014 0.591187 0.560511 0.534084 0.511214 0.491356 0.474083 0.459052 0.445986 0.434661 0.424895 0.416540 0.409475 0.403601 0.398841 0.395133 0.392430 0.390698 0.389916 0.390076 0.391178 0.393237 0.396278 0.400337 0.405468 0.411736 0.419228 0.428047 0.438324 0.450217 0.463924 0.479682 0.497790 0.518618 0.542629 0.570412 0.602724 0.640552 0.685208 0.738469 0.802804 0.881747 0.980528 1.000000 0.893700 0.809592 0.741585 0.685642 0.638979 0.599616 0.566105 0.537368 0.512582 0.491113 0.472463 0.456236 0.442117 0.429850 0.419228 0.410082 0.402275 0.395695 0.390252 0.385874 0.382504 0.380101 0.378634 0.378085 0.378448 0.379728 0.381940 0.385111 0.389281 0.394502 9367.500000 1.475018 0.572662
0.863141 0.907628 0.959386 1.000000 0.966009 0.936436 0.910747 0.888514 0.869386 0.853075 0.839350 0.828022 0.818943 0.811996 0.807094 0.804176 0.803208 0.804176 0.807094 0.811996 0.814169 0.779694 0.749753 0.723705 0.701039 0.681341 0.664276 0.649572 0.637006 0.626398 0.617600 0.610496 0.604995 0.601028 0.598544 0.597515 0.597927 0.599785 0.603113 0.607950 0.614358 0.622417 0.632235 0.643943 0.643303 0.643093 0.644435 0.647345 0.651859 0.658033 0.665945 0.675697 0.687419 0.701275 0.717464 0.736235 0.757888 0.782798 0.811421 0.844328 0.882232 0.926036 0.962735 0.927305 0.896473 0.869653 0.846372 0.826242 0.808952 0.794244 0.781912 0.771788 0.763739 0.757663 0.753483 0.751149 0.750632 0.751926 0.755047 0.760032 0.766944 0.775868 0.786921 0.800249 0.816036 0.834509 0.855948 0.854601 0.818878 0.787843 0.760841 0.737346 0.716934 0.699261 0.684047 0.671062 0.660122 0.651077 0.643806 0.638216 0.634237 0.631820 0.630936 0.631574 0.633741 0.637464 0.642789 0.639440 0.632004 0.626231 0.622046 0.619400 0.618259 0.618610 0.620457 0.623822 0.628747 0.635293 0.643544 0.653607 0.665618 0.679748 0.696204 0.715242 0.737177 0.762395 0.791373 0.824706 5327.500000 1.263852 0.831375
0.660122 0.651077 0.643806 0.638216 0.634237 0.631820 0.630936 0.631574 0.633741 0.637464 0.642789 0.639440 0.632004 0.626231 0.622046 0.619400 0.618259 0.618610 0.620457 0.623822 0.628747 0.635293 0.643544 0.653607 0.665618 0.679748 0.696204 0.715242 0.737177 0.762395 0.791373 0.824706 0.863141 0.907628 0.959386 1.000000 0.966009 0.936436 0.910747 0.888514 0.869386 0.853075 0.839350 0.828022 0.818943 0.811996 0.807094 0.804176 0.803208 0.804176 0.807094 0.811996 0.814169 0.779694 0.749753 0.723705 0.701039 0.681341 0.664276 0.649572 0.637006 0.626398 0.617600 0.610496 0.604995 0.601028 0.598544 0.597515 0.597927 0.599785 0.603113 0.607950 0.614358 0.622417 0.632235 0.643943 0.643303 0.643093 0.644435 0.647345 0.651859 0.658033 0.665945 0.675697 0.687419 0.701275 0.717464 0.736235 0.757888 0.782798 0.811421 0.844328 0.882232 0.926036 0.962735 0.927305 0.896473 0.869653 0.846372 0.826242 0.808952 0.794244 0.781912 0.771788 0.763739 0.757663 0.753483 0.751149 0.750632 0.751926 0.755047 0.760032 0.766944 0.775868 0.786921 0.800249 0.816036 0.834509 0.855948 0.854601 0.818878 0.787843 0.760841 0.737346 0.716934 0.699261 0.684047 0.671062 5327.500000 1.263852 0.831375
0.896473 0.869653 0.846372 0.826242 0.808952 0.794244 0.781912 0.771788 0.763739 0.757663 0.753483 0.751149 0.750632 0.751926 0.755047 0.760032 0.766944 0.775868 0.786921 0.800249 0.816036 0.834509 0.855948 0.854601 0.818878 0.787843 0.760841 0.737346 0.716934 0.699261 0.684047 0.671062 0.660122 0.651077 0.643806 0.638216 0.634237 0.631820 0.630936 0.631574 0.633741 0.637464 0.642789 0.639440 0.632004 0.626231 0.622046 0.619400 0.618259 0.618610 0.620457 0.623822 0.628747 0.635293 0.643544 0.653607 0.665618 0.679748 0.696204 0.715242 0.737177 0.762395 0.791373 0.824706 0.863141 0.907628 0.959386 1.000000 0.966009 0.936436 0.910747 0.888514 0.869386 0.853075 0.839350 0.828022 0.818943 0.811996 0.807094 0.804176 0.803208 0.804176 0.807094 0.811996 0.814169 0.779694 0.749753 0.723705 0.701039 0.681341 0.664276 0.649572 0.637006 0.626398 0.617600 0.610496 0.604995 0.601028 0.598544 0.597515 0.597927 0.599785 0.603113 0.607950 0.614358 0.622417 0.632235 0.643943 0.643303 0.643093 0.644435 0.647345 0.651859 0.658033 0.665945 0.675697 0.687419 0.701275 0.717464 0.736235 0.757888 0.782798 0.811421 0.844328 0.882232 0.926036 0.962735 0.927305 5327.500000 1.263852 0.831375
0.604995 0.601028 0.598544 0.597515 0.597927 0.599785 0.603113 0.607950 0.614358 0.622417 0.632235 0.643943 0.643303 0.643093 0.644435 0.647345 0.651859 0.658033 0.665945 0.675697 0.687419 0.701275 0.717464 0.736235 0.757888 0.782798 0.811421 0.844328 0.882232 0.926036 0.962735 0.927305 0.896473 0.869653 0.846372 0.826242 0.808952 0.794244 0.781912 0.771788 0.763739 0.757663 0.753483 0.751149 0.750632 0.751926 0.755047 0.760032 0.766944 0.775868 0.786921 0.800249 0.816036 0.834509 0.855948 0.854601 0.818878 0.787843 0.760841 0.737346 0.716934 0.699261 0.684047 0.671062 0.660122 0.651077 0.643806 0.638216 0.634237 0.631820 0.630936 0.631574 0.633741 0.637464 0.642789 0.639440 0.632004 0.626231 0.622046 0.619400 0.618259 0.618610 0.620457 0.623822 0.628747 0.635293 0.643544 0.653607 0.665618 0.679748 0.696204 0.715242 0.737177 0.762395 0.791373 0.824706 0.863141 0.907628 0.959386 1.000000 0.966009 0.936436 0.910747 0.888514 0.869386 0.853075 0.839350 0.828022 0.818943 0.811996 0.807094 0.804176 0.803208 0.804176 0.807094 0.811996 0.814169 0.779694 0.749753 0.723705 0.701039 0.681341 0.664276 0.649572 0.637006 0.626398 0.617600 0.610496 5327.500000 1.263852 0.831375
0.802956 0.767277 0.736333 0.709431 0.686019 0.665656 0.647983 0.632709 0.619597 0.608453 0.599121 0.591474 0.585412 0.580859 0.577757 0.576068 0.575772 0.576866 0.579362 0.583291 0.588702 0.595662 0.604262 0.614617 0.626869 0.641195 0.657814 0.676991 0.699054 0.724408 0.753554 0.787120 0.825897 0.870900 0.841657 0.798441 0.761190 0.728938 0.700928 0.676561 0.655356 0.636929 0.620964 0.607207 0.595449 0.585523 0.577289 0.570640 0.565489 0.561771 0.559441 0.558470 0.558846 0.560574 0.563675 0.568187 0.574166 0.581689 0.590853 0.601784 0.614636 0.629598 0.646905 0.666841 0.689760 0.716097 0.746395 0.781335 0.821784 0.868857 0.924012 0.949180 0.902160 0.861556 0.826354 0.795759 0.769134 0.745973 0.725863 0.708471 0.693524 0.680801 0.670122 0.661342 0.654345 0.649041 0.645365 0.643271 0.642734 0.643748 0.646324 0.650495 0.644233 0.625222 0.608726 0.594473 0.582242 0.571855 0.563165 0.556054 0.550430 0.546222 0.543377 0.541859 0.541652 0.542751 0.545171 0.548941 0.554108 0.560737 0.568913 0.578747 0.590373 0.603961 0.619717 0.637896 0.658808 0.682838 0.710464 0.742284 0.779052 0.821736 0.871589 0.930267 1.000000 0.948535 0.892282 0.844247 1626.000000 1.213616 0.717955
0.582242 0.571855 0.563165 0.556054 0.550430 0.546222 0.543377 0.541859 0.541652 0.542751 0.545171 0.548941 0.554108 0.560737 0.568913 0.578747 0.590373 0.603961 0.619717 0.637896 0.658808 0.682838 0.710464 0.742284 0.779052 0.821736 0.871589 0.930267 1.000000 0.948535 0.892282 0.844247 0.802956 0.767277 0.736333 0.709431 0.686019 0.665656 0.647983 0.632709 0.619597 0.608453 0.599121 0.591474 0.585412 0.580859 0.577757 0.576068 0.575772 0.576866 0.579362 0.583291 0.588702 0.595662 0.604262 0.614617 0.626869 0.641195 0.657814 0.676991 0.699054 0.724408 0.753554 0.787120 0.825897 0.870900 0.841657 0.798441 0.761190 0.728938 0.700928 0.676561 0.655356 0.636929 0.620964 0.607207 0.595449 0.585523 0.577289 0.570640 0.565489 0.561771 0.559441 0.558470 0.558846 0.560574 0.563675 0.568187 0.574166 0.581689 0.590853 0.601784 0.614636 0.629598 0.646905 0.666841 0.689760 0.716097 0.746395 0.781335 0.821784 0.868857 0.924012 0.949180 0.902160 0.861556 0.826354 0.795759 0.769134 0.745973 0.725863 0.708471 0.693524 0.680801 0.670122 0.661342 0.654345 0.649041 0.645365 0.643271 0.642734 0.643748 0.646324 0.650495 0.644233 0.625222 0.608726 0.594473 1626.000000 1.213616 0.717955
0.689760 0.716097 0.746395 0.781335 0.821784 0.868857 0.924012 0.949180 0.902160 0.861556 0.826354 0.795759 0.769134 0.745973 0.725863 0.708471 0.693524 0.680801 0.670122 0.661342 0.654345 0.649041 0.645365 0.643271 0.642734 0.643748 0.646324 0.650495 0.644233 0.625222 0.608726 0.594473 0.582242 0.571855 0.563165 0.556054 0.550430 0.546222 0.543377 0.541859 0.541652 0.542751 0.545171 0.548941 0.554108 0.560737 0.568913 0.578747 0.590373 0.603961 0.619717 0.637896 0.658808 0.682838 0.710464 0.742284 0.779052 0.821736 0.871589 0.930267 1.000000 0.948535 0.892282 0.844247 0.802956 0.767277 0.736333 0.709431 0.686019 0.665656 0.647983 0.632709 0.619597 0.608453 0.599121 0.591474 0.585412 0.580859 0.577757 0.576068 0.575772 0.576866 0.579362 0.583291 0.588702 0.595662 0.604262 0.614617 0.626869 0.641195 0.657814 0.676991 0.699054 0.724408 0.753554 0.787120 0.825897 0.870900 0.841657 0.798441 0.761190 0.728938 0.700928 0.676561 0.655356 0.636929 0.620964 0.607207 0.595449 0.585523 0.577289 0.570640 0.565489 0.561771 0.559441 0.558470 0.558846 0.560574 0.563675 0.568187 0.574166 0.581689 0.590853 0.601784 0.614636 0.629598 0.646905 0.666841 1626.000000 1.213616 0.717955
0.825897 0.870900 0.841657 0.798441 0.761190 0.728938 0.700928 0.676561 0.655356 0.636929 0.620964 0.607207 0.595449 0.585523 0.577289 0.570640 0.565489 0.561771 0.559441 0.558470 0.558846 0.560574 0.563675 0.568187 0.574166 0.581689 0.590853 0.601784 0.614636 0.629598 0.646905 0.666841 0.689760 0.716097 0.746395 0.781335 0.821784 0.868857 0.924012 0.949180 0.902160 0.861556 0.826354 0.795759 0.769134 0.745973 0.725863 0.708471 0.693524 0.680801 0.670122 0.661342 0.654345 0.649041 0.645365 0.643271 0.642734 0.643748 0.646324 0.650495 0.644233 0.625222 0.608726 0.594473 0.582242 0.571855 0.563165 0.556054 0.550430 0.546222 0.543377 0.541859 0.541652 0.542751 0.545171 0.548941 0.554108 0.560737 0.568913 0.578747 0.590373 0.603961 0.619717 0.637896 0.658808 0.682838 0.710464 0.742284 0.779052 0.821736 0.871589 0.930267 1.000000 0.948535 0.892282 0.844247 0.802956 0.767277 0.736333 0.709431 0.686019 0.665656 0.647983 0.632709 0.619597 0.608453 0.599121 0.591474 0.585412 0.580859 0.577757 0.576068 0.575772 0.576866 0.579362 0.583291 0.588702 0.595662 0.604262 0.614617 0.626869 0.641195 0.657814 0.676991 0.699054 0.724408 0.753554 0.787120 1626.000000 1.213616 0.717955
0.783224 0.723605 0.673929 0.632060 0.596442 0.565915 0.539597 0.516808 0.497014 0.479794 0.464810 0.451789 0.440509 0.430792 0.422490 0.415484 0.409677 0.404993 0.401371 0.398765 0.397143 0.396485 0.396784 0.398044 0.400278 0.403515 0.407796 0.413175 0.419721 0.427526 0.436697 0.447373 0.459719 0.473939 0.490287 0.509072 0.530684 0.555610 0.584470 0.618064 0.657435 0.703975 0.759574 0.826873 0.909660 0.935307 0.869337 0.813892 0.766832 0.726571 0.691911 0.661929 0.635906 0.613273 0.593577 0.576452 0.561602 0.548787 0.537811 0.528513 0.520765 0.514462 0.509522 0.505884 0.503501 0.502346 0.502403 0.503674 0.506174 0.509933 0.514999 0.521435 0.529325 0.538776 0.549919 0.562917 0.577971 0.595326 0.615283 0.638216 0.664588 0.694979 0.730127 0.770975 0.771238 0.724940 0.685443 0.651516 0.622218 0.596817 0.574739 0.555527 0.538814 0.524303 0.511754 0.500970 0.491792 0.484089 0.477757 0.472713 0.468891 0.466246 0.464743 0.464365 0.465107 0.466978 0.470002 0.474214 0.479669 0.486437 0.494606 0.504290 0.515629 0.528791 0.543989 0.561478 0.581577 0.604679 0.631277 0.661989 0.697610 0.739164 0.788001 0.845929 0.915431 1.000000 0.945703 0.855797 925.500000 1.342366 0.585100
0.491792 0.484089 0.477757 0.472713 0.468891 0.466246 0.464743 0.464365 0.465107 0.466978 0.470002 0.474214 0.479669 0.486437 0.494606 0.504290 0.515629 0.528791 0.543989 0.561478 0.581577 0.604679 0.631277 0.661989 0.697610 0.739164 0.788001 0.845929 0.915431 1.000000 0.945703 0.855797 0.783224 0.723605 0.673929 0.632060 0.596442 0.565915 0.539597 0.516808 0.497014 0.479794 0.464810 0.451789 0.440509 0.430792 0.422490 0.415484 0.409677 0.404993 0.401371 0.398765 0.397143 0.396485 0.396784 0.398044 0.400278 0.403515 0.407796 0.413175 0.419721 0.427526 0.436697 0.447373 0.459719 0.473939 0.490287 0.509072 0.530684 0.555610 0.584470 0.618064 0.657435 0.703975 0.759574 0.826873 0.909660 0.935307 0.869337 0.813892 0.766832 0.726571 0.691911 0.661929 0.635906 0.613273 0.593577 0.576452 0.561602 0.548787 0.537811 0.528513 0.520765 0.514462 0.509522 0.505884 0.503501 0.502346 0.502403 0.503674 0.506174 0.509933 0.514999 0.521435 0.529325 0.538776 0.549919 0.562917 0.577971 0.595326 0.615283 0.638216 0.664588 0.694979 0.730127 0.770975 0.771238 0.724940 0.685443 0.651516 0.622218 0.596817 0.574739 0.555527 0.538814 0.524303 0.511754 0.500970 925.500000 1.342366 0.585100
0.503501 0.502346 0.502403 0.503674 0.506174 0.509933 0.514999 0.521435 0.529325 0.538776 0.549919 0.562917 0.577971 0.595326 0.615283 0.638216 0.664588 0.694979 0.730127 0.770975 0.771238 0.724940 0.685443 0.651516 0.622218 0.596817 0.574739 0.555527 0.538814 0.524303 0.511754 0.500970 0.491792 0.484089 0.477757 0.472713 0.468891 0.466246 0.464743 0.464365 0.465107 0.466978 0.470002 0.474214 0.479669 0.486437 0.494606 0.504290 0.515629 0.528791 0.543989 0.561478 0.581577 0.604679 0.631277 0.661989 0.697610 0.739164 0.788001 0.845929 0.915431 1.000000 0.945703 0.855797 0.783224 0.723605 0.673929 0.632060 0.596442 0.565915 0.539597 0.516808 0.497014 0.479794 0.464810 0.451789 0.440509 0.430792 0.422490 0.415484 0.409677 0.404993 0.401371 0.398765 0.397143 0.396485 0.396784 0.398044 0.400278 0.403515 0.407796 0.413175 0.419721 0.427526 0.436697 0.447373 0.459719 0.473939 0.490287 0.509072 0.530684 0.555610 0.584470 0.618064 0.657435 0.703975 0.759574 0.826873 0.909660 0.935307 0.869337 0.813892 0.766832 0.726571 0.691911 0.661929 0.635906 0.613273 0.593577 0.576452 0.561602 0.548787 0.537811 0.528513 0.520765 0.514462 0.509522 0.505884 925.500000 1.342366 0.585100
0.459719 0.473939 0.490287 0.509072 0.530684 0.555610 0.584470 0.618064 0.657435 0.703975 0.759574 0.826873 0.909660 0.935307 0.869337 0.813892 0.766832 0.726571 0.691911 0.661929 0.635906 0.613273 0.593577 0.576452 0.561602 0.548787 0.537811 0.528513 0.520765 0.514462 0.509522 0.505884 0.503501 0.502346 0.502403 0.503674 0.506174 0.509933 0.514999 0.521435 0.529325 0.538776 0.549919 0.562917 0.577971 0.595326 0.615283 0.638216 0.664588 0.694979 0.730127 0.770975 0.771238 0.724940 0.685443 0.651516 0.622218 0.596817 0.574739 0.555527 0.538814 0.524303 0.511754 0.500970 0.491792 0.484089 0.477757 0.472713 0.468891 0.466246 0.464743 0.464365 0.465107 0.466978 0.470002 0.474214 0.479669 0.486437 0.494606 0.504290 0.515629 0.528791 0.543989 0.561478 0.581577 0.604679 0.631277 0.661989 0.697610 0.739164 0.788001 0.845929 0.915431 1.000000 0.945703 0.855797 0.783224 0.723605 0.673929 0.632060 0.596442 0.565915 0.539597 0.516808 0.497014 0.479794 0.464810 0.451789 0.440509 0.430792 0.422490 0.415484 0.409677 0.404993 0.401371 0.398765 0.397143 0.396485 0.396784 0.398044 0.400278 0.403515 0.407796 0.413175 0.419721 0.427526 0.436697 0.447373 925.500000 1.342366 0.585100
0.855981 0.888030 0.859964 0.835569 0.814428 0.796201 0.780612 0.767434 0.756487 0.747623 0.740728 0.735715 0.732523 0.731112 0.731465 0.733586 0.737502 0.743260 0.750932 0.760615 0.772437 0.786556 0.781580 0.755310 0.732456 0.712611 0.695443 0.680685 0.668116 0.657559 0.648869 0.641931 0.636658 0.632984 0.630862 0.630269 0.631195 0.630378 0.620271 0.611934 0.605257 0.600154 0.596562 0.594436 0.593751 0.594497 0.596685 0.600341 0.605509 0.612255 0.620665 0.632132 0.646839 0.663884 0.683542 0.706154 0.732136 0.762010 0.796426 0.836207 0.882408 0.936402 1.000000 0.999936 0.945579 0.898880 0.858548 0.823578 0.793182 0.766731 0.743721 0.723745 0.706471 0.691630 0.679002 0.668408 0.659704 0.652039 0.644179 0.638026 0.633500 0.630547 0.629130 0.629232 0.630853 0.634015 0.638755 0.645132 0.653227 0.663146 0.675022 0.689021 0.705349 0.724256 0.746052 0.771115 0.799915 0.783081 0.759593 0.739201 0.721568 0.706420 0.693530 0.682718 0.673836 0.666768 0.661424 0.657737 0.655661 0.655172 0.656263 0.655091 0.651829 0.650158 0.650058 0.651527 0.654584 0.659264 0.665628 0.673754 0.683749 0.695746 0.709913 0.726454 0.745625 0.767734 0.793163 0.822384 1090.500000 1.150508 0.810602
0.799915 0.783081 0.759593 0.739201 0.721568 0.706420 0.693530 0.682718 0.673836 0.666768 0.661424 0.657737 0.655661 0.655172 0.656263 0.655091 0.651829 0.650158 0.650058 0.651527 0.654584 0.659264 0.665628 0.673754 0.683749 0.695746 0.709913 0.726454 0.745625 0.767734 0.793163 0.822384 0.855981 0.888030 0.859964 0.835569 0.814428 0.796201 0.780612 0.767434 0.756487 0.747623 0.740728 0.735715 0.732523 0.731112 0.731465 0.733586 0.737502 0.743260 0.750932 0.760615 0.772437 0.786556 0.781580 0.755310 0.732456 0.712611 0.695443 0.680685 0.668116 0.657559 0.648869 0.641931 0.636658 0.632984 0.630862 0.630269 0.631195 0.630378 0.620271 0.611934 0.605257 0.600154 0.596562 0.594436 0.593751 0.594497 0.596685 0.600341 0.605509 0.612255 0.620665 0.632132 0.646839 0.663884 0.683542 0.706154 0.732136 0.762010 0.796426 0.836207 0.882408 0.936402 1.000000 0.999936 0.945579 0.898880 0.858548 0.823578 0.793182 0.766731 0.743721 0.723745 0.706471 0.691630 0.679002 0.668408 0.659704 0.652039 0.644179 0.638026 0.633500 0.630547 0.629130 0.629232 0.630853 0.634015 0.638755 0.645132 0.653227 0.663146 0.675022 0.689021 0.705349 0.724256 0.746052 0.771115 1090.500000 1.150508 0.810602
0.945579 0.898880 0.858548 0.823578 0.793182 0.766731 0.743721 0.723745 0.706471 0.691630 0.679002 0.668408 0.659704 0.652039 0.644179 0.638026 0.633500 0.630547 0.629130 0.629232 0.630853 0.634015 0.638755 0.645132 0.653227 0.663146 0.675022 0.689021 0.705349 0.724256 0.746052 0.771115 0.799915 0.783081 0.759593 0.739201 0.721568 0.706420 0.693530 0.682718 0.673836 0.666768 0.661424 0.657737 0.655661 0.655172 0.656263 0.655091 0.651829 0.650158 0.650058 0.651527 0.654584 0.659264 0.665628 0.673754 0.683749 0.695746 0.709913 0.726454 0.745625 0.767734 0.793163 0.822384 0.855981 0.888030 0.859964 0.835569 0.814428 0.796201 0.780612 0.767434 0.756487 0.747623 0.740728 0.735715 0.732523 0.731112 0.731465 0.733586 0.737502 0.743260 0.750932 0.760615 0.772437 0.786556 0.781580 0.755310 0.732456 0.712611 0.695443 0.680685 0.668116 0.657559 0.648869 0.641931 0.636658 0.632984 0.630862 0.630269 0.631195 0.630378 0.620271 0.611934 0.605257 0.600154 0.596562 0.594436 0.593751 0.594497 0.596685 0.600341 0.605509 0.612255 0.620665 0.632132 0.646839 0.663884 0.683542 0.706154 0.732136 0.762010 0.796426 0.836207 0.882408 0.936402 1.000000 0.999936 1090.500000 1.150508 0.810602
0.636658 0.632984 0.630862 0.630269 0.631195 0.630378 0.620271 0.611934 0.605257 0.600154 0.596562 0.594436 0.593751 0.594497 0.596685 0.600341 0.605509 0.612255 0.620665 0.632132 0.646839 0.663884 0.683542 0.706154 0.732136 0.762010 0.796426 0.836207 0.882408 0.936402 1.000000 0.999936 0.945579 0.898880 0.858548 0.823578 0.793182 0.766731 0.743721 0.723745 0.706471 0.691630 0.679002 0.668408 0.659704 0.652039 0.644179 0.638026 0.633500 0.630547 0.629130 0.629232 0.630853 0.634015 0.638755 0.645132 0.653227 0.663146 0.675022 0.689021 0.705349 0.724256 0.746052 0.771115 0.799915 0.783081 0.759593 0.739201 0.721568 0.706420 0.693530 0.682718 0.673836 0.666768 0.661424 0.657737 0.655661 0.655172 0.656263 0.655091 0.651829 0.650158 0.650058 0.651527 0.654584 0.659264 0.665628 0.673754 0.683749 0.695746 0.709913 0.726454 0.745625 0.767734 0.793163 0.822384 0.855981 0.888030 0.859964 0.835569 0.814428 0.796201 0.780612 0.767434 0.756487 0.747623 0.740728 0.735715 0.732523 0.731112 0.731465 0.733586 0.737502 0.743260 0.750932 0.760615 0.772437 0.786556 0.781580 0.755310 0.732456 0.712611 0.695443 0.680685 0.668116 0.657559 0.648869 0.641931 1090.500000 1.150508 0.810602
0.926033 0.886700 0.852543 0.822828 0.796971 0.774498 0.755026 0.738245 0.723899 0.711783 0.701728 0.693600 0.685120 0.677925 0.672484 0.668727 0.666609 0.666104 0.667206 0.669928 0.674303 0.680386 0.688253 0.698005 0.709772 0.723716 0.740038 0.758983 0.780854 0.806022 0.834945 0.868191 0.906469 0.922922 0.882215 0.846901 0.816196 0.789474 0.766235 0.746070 0.728650 0.713705 0.701016 0.690404 0.681727 0.674870 0.669748 0.666296 0.664471 0.664253 0.665638 0.670396 0.678911 0.689328 0.701786 0.716461 0.733568 0.753370 0.776194 0.802437 0.832593 0.867274 0.907251 0.953500 0.938183 0.919139 0.902985 0.889495 0.878487 0.869818 0.863378 0.859087 0.856893 0.856769 0.858713 0.862749 0.868927 0.877322 0.888042 0.901224 0.917047 0.935729 0.888947 0.824442 0.770395 0.724636 0.685568 0.651987 0.622973 0.597810 0.575934 0.556897 0.540339 0.525967 0.521105 0.524925 0.530088 0.536659 0.544724 0.554391 0.565795 0.579103 0.594518 0.612292 0.632732 0.656220 0.683229 0.714351 0.750337 0.792151 0.841046 0.870791 0.863638 0.858654 0.855776 0.854970 0.856227 0.859561 0.865014 0.872652 0.882571 0.894898 0.909798 0.927474 0.948181 0.972229 1.000000 0.971466 7383.500000 1.175184 0.772758
0.530088 0.536659 0.544724 0.554391 0.565795 0.579103 0.594518 0.612292 0.632732 0.656220 0.683229 0.714351 0.750337 0.792151 0.841046 0.870791 0.863638 0.858654 0.855776 0.854970 0.856227 0.859561 0.865014 0.872652 0.882571 0.894898 0.909798 0.927474 0.948181 0.972229 1.000000 0.971466 0.926033 0.886700 0.852543 0.822828 0.796971 0.774498 0.755026 0.738245 0.723899 0.711783 0.701728 0.693600 0.685120 0.677925 0.672484 0.668727 0.666609 0.666104 0.667206 0.669928 0.674303 0.680386 0.688253 0.698005 0.709772 0.723716 0.740038 0.758983 0.780854 0.806022 0.834945 0.868191 0.906469 0.922922 0.882215 0.846901 0.816196 0.789474 0.766235 0.746070 0.728650 0.713705 0.701016 0.690404 0.681727 0.674870 0.669748 0.666296 0.664471 0.664253 0.665638 0.670396 0.678911 0.689328 0.701786 0.716461 0.733568 0.753370 0.776194 0.802437 0.832593 0.867274 0.907251 0.953500 0.938183 0.919139 0.902985 0.889495 0.878487 0.869818 0.863378 0.859087 0.856893 0.856769 0.858713 0.862749 0.868927 0.877322 0.888042 0.901224 0.917047 0.935729 0.888947 0.824442 0.770395 0.724636 0.685568 0.651987 0.622973 0.597810 0.575934 0.556897 0.540339 0.525967 0.521105 0.524925 7383.500000 1.175184 0.772758
0.938183 0.919139 0.902985 0.889495 0.878487 0.869818 0.863378 0.859087 0.856893 0.856769 0.858713 0.862749 0.868927 0.877322 0.888042 0.901224 0.917047 0.935729 0.888947 0.824442 0.770395 0.724636 0.685568 0.651987 0.622973 0.597810 0.575934 0.556897 0.540339 0.525967 0.521105 0.524925 0.530088 0.536659 0.544724 0.554391 0.565795 0.579103 0.594518 0.612292 0.632732 0.656220 0.683229 0.714351 0.750337 0.792151 0.841046 0.870791 0.863638 0.858654 0.855776 0.854970 0.856227 0.859561 0.865014 0.872652 0.882571 0.894898 0.909798 0.927474 0.948181 0.972229 1.000000 0.971466 0.926033 0.886700 0.852543 0.822828 0.796971 0.774498 0.755026 0.738245 0.723899 0.711783 0.701728 0.693600 0.685120 0.677925 0.672484 0.668727 0.666609 0.666104 0.667206 0.669928 0.674303 0.680386 0.688253 0.698005 0.709772 0.723716 0.740038 0.758983 0.780854 0.806022 0.834945 0.868191 0.906469 0.922922 0.882215 0.846901 0.816196 0.789474 0.766235 0.746070 0.728650 0.713705 0.701016 0.690404 0.681727 0.674870 0.669748 0.666296 0.664471 0.664253 0.665638 0.670396 0.678911 0.689328 0.701786 0.716461 0.733568 0.753370 0.776194 0.802437 0.832593 0.867274 0.907251 0.953500 7383.500000 1.175184 0.772758
0.906469 0.922922 0.882215 0.846901 0.816196 0.789474 0.766235 0.746070 0.728650 0.713705 0.701016 0.690404 0.681727 0.674870 0.669748 0.666296 0.664471 0.664253 0.665638 0.670396 0.678911 0.689328 0.701786 0.716461 0.733568 0.753370 0.776194 0.802437 0.832593 0.867274 0.907251 0.953500 0.938183 0.919139 0.902985 0.889495 0.878487 0.869818 0.863378 0.859087 0.856893 0.856769 0.858713 0.862749 0.868927 0.877322 0.888042 0.901224 0.917047 0.935729 0.888947 0.824442 0.770395 0.724636 0.685568 0.651987 0.622973 0.597810 0.575934 0.556897 0.540339 0.525967 0.521105 0.524925 0.530088 0.536659 0.544724 0.554391 0.565795 0.579103 0.594518 0.612292 0.632732 0.656220 0.683229 0.714351 0.750337 0.792151 0.841046 0.870791 0.863638 0.858654 0.855776 0.854970 0.856227 0.859561 0.865014 0.872652 0.882571 0.894898 0.909798 0.927474 0.948181 0.972229 1.000000 0.971466 0.926033 0.886700 0.852543 0.822828 0.796971 0.774498 0.755026 0.738245 0.723899 0.711783 0.701728 0.693600 0.685120 0.677925 0.672484 0.668727 0.666609 0.666104 0.667206 0.669928 0.674303 0.680386 0.688253 0.698005 0.709772 0.723716 0.740038 0.758983 0.780854 0.806022 0.834945 0.868191 7383.500000 1.175184 0.772758
