0.642941 0.644529 0.647688 0.652458 0.658898 0.667089 0.677139 0.689181 0.703385 0.719958 0.739154 0.761286 0.786738 0.815985 0.849615 0.888370 0.933184 0.899010 0.868189 0.841371 0.818071 0.797898 0.780531 0.765710 0.753221 0.742894 0.734593 0.728209 0.723665 0.720902 0.719888 0.720611 0.723078 0.727321 0.733392 0.741365 0.751344 0.763459 0.777876 0.794800 0.779889 0.757252 0.737619 0.720670 0.706146 0.693834 0.683563 0.675194 0.668619 0.663754 0.660540 0.658936 0.658924 0.660502 0.663691 0.668530 0.663847 0.648883 0.636077 0.625244 0.616234 0.608925 0.603225 0.599059 0.596378 0.595148 0.595355 0.597000 0.600104 0.604705 0.610860 0.618647 0.628169 0.637824 0.646870 0.657784 0.670717 0.685854 0.703423 0.723706 0.747046 0.773868 0.804698 0.840195 0.881190 0.928742 0.984225 1.000000 0.952725 0.911816 0.876299 0.845406 0.818522 0.795151 0.774893 0.757421 0.742468 0.729819 0.719297 0.710763 0.704105 0.699239 0.696105 0.694666 0.694903 0.696820 0.700439 0.687641 0.668113 0.651190 0.636599 0.624118 0.613566 0.604798 0.597697 0.592171 0.588150 0.585584 0.584443 0.584711 0.586394 0.589510 0.594099 0.600217 0.607942 0.617375 0.628643 0.641906 5124.000000 1.231511 0.831894
0.742468 0.729819 0.719297 0.710763 0.704105 0.699239 0.696105 0.694666 0.694903 0.696820 0.700439 0.687641 0.668113 0.651190 0.636599 0.624118 0.613566 0.604798 0.597697 0.592171 0.588150 0.585584 0.584443 0.584711 0.586394 0.589510 0.594099 0.600217 0.607942 0.617375 0.628643 0.641906 0.642941 0.644529 0.647688 0.652458 0.658898 0.667089 0.677139 0.689181 0.703385 0.719958 0.739154 0.761286 0.786738 0.815985 0.849615 0.888370 0.933184 0.899010 0.868189 0.841371 0.818071 0.797898 0.780531 0.765710 0.753221 0.742894 0.734593 0.728209 0.723665 0.720902 0.719888 0.720611 0.723078 0.727321 0.733392 0.741365 0.751344 0.763459 0.777876 0.794800 0.779889 0.757252 0.737619 0.720670 0.706146 0.693834 0.683563 0.675194 0.668619 0.663754 0.660540 0.658936 0.658924 0.660502 0.663691 0.668530 0.663847 0.648883 0.636077 0.625244 0.616234 0.608925 0.603225 0.599059 0.596378 0.595148 0.595355 0.597000 0.600104 0.604705 0.610860 0.618647 0.628169 0.637824 0.646870 0.657784 0.670717 0.685854 0.703423 0.723706 0.747046 0.773868 0.804698 0.840195 0.881190 0.928742 0.984225 1.000000 0.952725 0.911816 0.876299 0.845406 0.818522 0.795151 0.774893 0.757421 5124.000000 1.231511 0.831894
0.596378 0.595148 0.595355 0.597000 0.600104 0.604705 0.610860 0.618647 0.628169 0.637824 0.646870 0.657784 0.670717 0.685854 0.703423 0.723706 0.747046 0.773868 0.804698 0.840195 0.881190 0.928742 0.984225 1.000000 0.952725 0.911816 0.876299 0.845406 0.818522 0.795151 0.774893 0.757421 0.742468 0.729819 0.719297 0.710763 0.704105 0.699239 0.696105 0.694666 0.694903 0.696820 0.700439 0.687641 0.668113 0.651190 0.636599 0.624118 0.613566 0.604798 0.597697 0.592171 0.588150 0.585584 0.584443 0.584711 0.586394 0.589510 0.594099 0.600217 0.607942 0.617375 0.628643 0.641906 0.642941 0.644529 0.647688 0.652458 0.658898 0.667089 0.677139 0.689181 0.703385 0.719958 0.739154 0.761286 0.786738 0.815985 0.849615 0.888370 0.933184 0.899010 0.868189 0.841371 0.818071 0.797898 0.780531 0.765710 0.753221 0.742894 0.734593 0.728209 0.723665 0.720902 0.719888 0.720611 0.723078 0.727321 0.733392 0.741365 0.751344 0.763459 0.777876 0.794800 0.779889 0.757252 0.737619 0.720670 0.706146 0.693834 0.683563 0.675194 0.668619 0.663754 0.660540 0.658936 0.658924 0.660502 0.663691 0.668530 0.663847 0.648883 0.636077 0.625244 0.616234 0.608925 0.603225 0.599059 5124.000000 1.231511 0.831894
0.723078 0.727321 0.733392 0.741365 0.751344 0.763459 0.777876 0.794800 0.779889 0.757252 0.737619 0.720670 0.706146 0.693834 0.683563 0.675194 0.668619 0.663754 0.660540 0.658936 0.658924 0.660502 0.663691 0.668530 0.663847 0.648883 0.636077 0.625244 0.616234 0.608925 0.603225 0.599059 0.596378 0.595148 0.595355 0.597000 0.600104 0.604705 0.610860 0.618647 0.628169 0.637824 0.646870 0.657784 0.670717 0.685854 0.703423 0.723706 0.747046 0.773868 0.804698 0.840195 0.881190 0.928742 0.984225 1.000000 0.952725 0.911816 0.876299 0.845406 0.818522 0.795151 0.774893 0.757421 0.742468 0.729819 0.719297 0.710763 0.704105 0.699239 0.696105 0.694666 0.694903 0.696820 0.700439 0.687641 0.668113 0.651190 0.636599 0.624118 0.613566 0.604798 0.597697 0.592171 0.588150 0.585584 0.584443 0.584711 0.586394 0.589510 0.594099 0.600217 0.607942 0.617375 0.628643 0.641906 0.642941 0.644529 0.647688 0.652458 0.658898 0.667089 0.677139 0.689181 0.703385 0.719958 0.739154 0.761286 0.786738 0.815985 0.849615 0.888370 0.933184 0.899010 0.868189 0.841371 0.818071 0.797898 0.780531 0.765710 0.753221 0.742894 0.734593 0.728209 0.723665 0.720902 0.719888 0.720611 5124.000000 1.231511 0.831894
0.879224 0.869906 0.862840 0.857938 0.855140 0.854412 0.855744 0.859154 0.864683 0.872399 0.882398 0.894810 0.909799 0.927572 0.948383 0.972546 1.000000 0.955167 0.916294 0.882505 0.853101 0.827522 0.805316 0.786116 0.769620 0.755585 0.743813 0.734144 0.726450 0.720634 0.716623 0.714368 0.713841 0.715037 0.717969 0.722673 0.729208 0.737655 0.748123 0.760752 0.775716 0.793230 0.813557 0.837024 0.854838 0.838573 0.824867 0.813529 0.804410 0.797394 0.792391 0.789340 0.788204 0.788970 0.791646 0.796264 0.802883 0.811584 0.822479 0.835712 0.851461 0.869952 0.891459 0.916320 0.917445 0.895204 0.876078 0.859779 0.846077 0.834784 0.825751 0.818864 0.814036 0.811207 0.810342 0.811433 0.814491 0.819555 0.826685 0.835973 0.847536 0.861528 0.878142 0.897613 0.920235 0.946365 0.976444 0.967810 0.927419 0.892327 0.861795 0.835229 0.812149 0.792168 0.774969 0.760293 0.747931 0.737713 0.729505 0.723200 0.718720 0.716010 0.715036 0.715786 0.718271 0.722519 0.728584 0.736541 0.746491 0.758567 0.772932 0.789792 0.788050 0.782511 0.778911 0.777209 0.777383 0.779435 0.783390 0.789296 0.797228 0.807285 0.819599 0.834335 0.851700 0.871949 0.895394 0.890914 16860.000000 1.172450 0.881187
0.747931 0.737713 0.729505 0.723200 0.718720 0.716010 0.715036 0.715786 0.718271 0.722519 0.728584 0.736541 0.746491 0.758567 0.772932 0.789792 0.788050 0.782511 0.778911 0.777209 0.777383 0.779435 0.783390 0.789296 0.797228 0.807285 0.819599 0.834335 0.851700 0.871949 0.895394 0.890914 0.879224 0.869906 0.862840 0.857938 0.855140 0.854412 0.855744 0.859154 0.864683 0.872399 0.882398 0.894810 0.909799 0.927572 0.948383 0.972546 1.000000 0.955167 0.916294 0.882505 0.853101 0.827522 0.805316 0.786116 0.769620 0.755585 0.743813 0.734144 0.726450 0.720634 0.716623 0.714368 0.713841 0.715037 0.717969 0.722673 0.729208 0.737655 0.748123 0.760752 0.775716 0.793230 0.813557 0.837024 0.854838 0.838573 0.824867 0.813529 0.804410 0.797394 0.792391 0.789340 0.788204 0.788970 0.791646 0.796264 0.802883 0.811584 0.822479 0.835712 0.851461 0.869952 0.891459 0.916320 0.917445 0.895204 0.876078 0.859779 0.846077 0.834784 0.825751 0.818864 0.814036 0.811207 0.810342 0.811433 0.814491 0.819555 0.826685 0.835973 0.847536 0.861528 0.878142 0.897613 0.920235 0.946365 0.976444 0.967810 0.927419 0.892327 0.861795 0.835229 0.812149 0.792168 0.774969 0.760293 16860.000000 1.172450 0.881187
0.917445 0.895204 0.876078 0.859779 0.846077 0.834784 0.825751 0.818864 0.814036 0.811207 0.810342 0.811433 0.814491 0.819555 0.826685 0.835973 0.847536 0.861528 0.878142 0.897613 0.920235 0.946365 0.976444 0.967810 0.927419 0.892327 0.861795 0.835229 0.812149 0.792168 0.774969 0.760293 0.747931 0.737713 0.729505 0.723200 0.718720 0.716010 0.715036 0.715786 0.718271 0.722519 0.728584 0.736541 0.746491 0.758567 0.772932 0.789792 0.788050 0.782511 0.778911 0.777209 0.777383 0.779435 0.783390 0.789296 0.797228 0.807285 0.819599 0.834335 0.851700 0.871949 0.895394 0.890914 0.879224 0.869906 0.862840 0.857938 0.855140 0.854412 0.855744 0.859154 0.864683 0.872399 0.882398 0.894810 0.909799 0.927572 0.948383 0.972546 1.000000 0.955167 0.916294 0.882505 0.853101 0.827522 0.805316 0.786116 0.769620 0.755585 0.743813 0.734144 0.726450 0.720634 0.716623 0.714368 0.713841 0.715037 0.717969 0.722673 0.729208 0.737655 0.748123 0.760752 0.775716 0.793230 0.813557 0.837024 0.854838 0.838573 0.824867 0.813529 0.804410 0.797394 0.792391 0.789340 0.788204 0.788970 0.791646 0.796264 0.802883 0.811584 0.822479 0.835712 0.851461 0.869952 0.891459 0.916320 16860.000000 1.172450 0.881187
0.713841 0.715037 0.717969 0.722673 0.729208 0.737655 0.748123 0.760752 0.775716 0.793230 0.813557 0.837024 0.854838 0.838573 0.824867 0.813529 0.804410 0.797394 0.792391 0.789340 0.788204 0.788970 0.791646 0.796264 0.802883 0.811584 0.822479 0.835712 0.851461 0.869952 0.891459 0.916320 0.917445 0.895204 0.876078 0.859779 0.846077 0.834784 0.825751 0.818864 0.814036 0.811207 0.810342 0.811433 0.814491 0.819555 0.826685 0.835973 0.847536 0.861528 0.878142 0.897613 0.920235 0.946365 0.976444 0.967810 0.927419 0.892327 0.861795 0.835229 0.812149 0.792168 0.774969 0.760293 0.747931 0.737713 0.729505 0.723200 0.718720 0.716010 0.715036 0.715786 0.718271 0.722519 0.728584 0.736541 0.746491 0.758567 0.772932 0.789792 0.788050 0.782511 0.778911 0.777209 0.777383 0.779435 0.783390 0.789296 0.797228 0.807285 0.819599 0.834335 0.851700 0.871949 0.895394 0.890914 0.879224 0.869906 0.862840 0.857938 0.855140 0.854412 0.855744 0.859154 0.864683 0.872399 0.882398 0.894810 0.909799 0.927572 0.948383 0.972546 1.000000 0.955167 0.916294 0.882505 0.853101 0.827522 0.805316 0.786116 0.769620 0.755585 0.743813 0.734144 0.726450 0.720634 0.716623 0.714368 16860.000000 1.172450 0.881187
0.804167 0.838483 0.878068 0.887831 0.873282 0.861243 0.851556 0.844095 0.838767 0.835506 0.834272 0.835050 0.837851 0.842707 0.849678 0.858853 0.870347 0.884312 0.900939 0.920462 0.943173 0.969428 0.999664 1.000000 0.929300 0.869895 0.819483 0.776363 0.739245 0.707140 0.679276 0.655043 0.633954 0.615618 0.599716 0.585992 0.574234 0.564271 0.555965 0.549203 0.545005 0.542599 0.541514 0.541735 0.543265 0.546124 0.550346 0.555984 0.563108 0.571814 0.582217 0.594464 0.607724 0.621134 0.636718 0.654721 0.675447 0.699267 0.726644 0.758152 0.794517 0.836664 0.885787 0.894098 0.879669 0.867756 0.858200 0.850881 0.845705 0.842610 0.841557 0.842534 0.845553 0.850649 0.857888 0.867357 0.879180 0.893512 0.910549 0.930533 0.953764 0.951191 0.911741 0.877464 0.847639 0.821688 0.799148 0.779639 0.762855 0.748542 0.736499 0.726560 0.718593 0.712497 0.702860 0.691569 0.682252 0.674788 0.669079 0.665055 0.662665 0.661882 0.662695 0.665115 0.669170 0.674911 0.678432 0.665451 0.654505 0.645443 0.638145 0.632517 0.628488 0.626009 0.625049 0.625597 0.627659 0.631261 0.636446 0.643280 0.651849 0.662267 0.674675 0.689249 0.706206 0.725810 0.748388 0.774342 1563.500000 1.221567 0.818701
0.682252 0.674788 0.669079 0.665055 0.662665 0.661882 0.662695 0.665115 0.669170 0.674911 0.678432 0.665451 0.654505 0.645443 0.638145 0.632517 0.628488 0.626009 0.625049 0.625597 0.627659 0.631261 0.636446 0.643280 0.651849 0.662267 0.674675 0.689249 0.706206 0.725810 0.748388 0.774342 0.804167 0.838483 0.878068 0.887831 0.873282 0.861243 0.851556 0.844095 0.838767 0.835506 0.834272 0.835050 0.837851 0.842707 0.849678 0.858853 0.870347 0.884312 0.900939 0.920462 0.943173 0.969428 0.999664 1.000000 0.929300 0.869895 0.819483 0.776363 0.739245 0.707140 0.679276 0.655043 0.633954 0.615618 0.599716 0.585992 0.574234 0.564271 0.555965 0.549203 0.545005 0.542599 0.541514 0.541735 0.543265 0.546124 0.550346 0.555984 0.563108 0.571814 0.582217 0.594464 0.607724 0.621134 0.636718 0.654721 0.675447 0.699267 0.726644 0.758152 0.794517 0.836664 0.885787 0.894098 0.879669 0.867756 0.858200 0.850881 0.845705 0.842610 0.841557 0.842534 0.845553 0.850649 0.857888 0.867357 0.879180 0.893512 0.910549 0.930533 0.953764 0.951191 0.911741 0.877464 0.847639 0.821688 0.799148 0.779639 0.762855 0.748542 0.736499 0.726560 0.718593 0.712497 0.702860 0.691569 1563.500000 1.221567 0.818701
0.879669 0.867756 0.858200 0.850881 0.845705 0.842610 0.841557 0.842534 0.845553 0.850649 0.857888 0.867357 0.879180 0.893512 0.910549 0.930533 0.953764 0.951191 0.911741 0.877464 0.847639 0.821688 0.799148 0.779639 0.762855 0.748542 0.736499 0.726560 0.718593 0.712497 0.702860 0.691569 0.682252 0.674788 0.669079 0.665055 0.662665 0.661882 0.662695 0.665115 0.669170 0.674911 0.678432 0.665451 0.654505 0.645443 0.638145 0.632517 0.628488 0.626009 0.625049 0.625597 0.627659 0.631261 0.636446 0.643280 0.651849 0.662267 0.674675 0.689249 0.706206 0.725810 0.748388 0.774342 0.804167 0.838483 0.878068 0.887831 0.873282 0.861243 0.851556 0.844095 0.838767 0.835506 0.834272 0.835050 0.837851 0.842707 0.849678 0.858853 0.870347 0.884312 0.900939 0.920462 0.943173 0.969428 0.999664 1.000000 0.929300 0.869895 0.819483 0.776363 0.739245 0.707140 0.679276 0.655043 0.633954 0.615618 0.599716 0.585992 0.574234 0.564271 0.555965 0.549203 0.545005 0.542599 0.541514 0.541735 0.543265 0.546124 0.550346 0.555984 0.563108 0.571814 0.582217 0.594464 0.607724 0.621134 0.636718 0.654721 0.675447 0.699267 0.726644 0.758152 0.794517 0.836664 0.885787 0.894098 1563.500000 1.221567 0.818701
0.633954 0.615618 0.599716 0.585992 0.574234 0.564271 0.555965 0.549203 0.545005 0.542599 0.541514 0.541735 0.543265 0.546124 0.550346 0.555984 0.563108 0.571814 0.582217 0.594464 0.607724 0.621134 0.636718 0.654721 0.675447 0.699267 0.726644 0.758152 0.794517 0.836664 0.885787 0.894098 0.879669 0.867756 0.858200 0.850881 0.845705 0.842610 0.841557 0.842534 0.845553 0.850649 0.857888 0.867357 0.879180 0.893512 0.910549 0.930533 0.953764 0.951191 0.911741 0.877464 0.847639 0.821688 0.799148 0.779639 0.762855 0.748542 0.736499 0.726560 0.718593 0.712497 0.702860 0.691569 0.682252 0.674788 0.669079 0.665055 0.662665 0.661882 0.662695 0.665115 0.669170 0.674911 0.678432 0.665451 0.654505 0.645443 0.638145 0.632517 0.628488 0.626009 0.625049 0.625597 0.627659 0.631261 0.636446 0.643280 0.651849 0.662267 0.674675 0.689249 0.706206 0.725810 0.748388 0.774342 0.804167 0.838483 0.878068 0.887831 0.873282 0.861243 0.851556 0.844095 0.838767 0.835506 0.834272 0.835050 0.837851 0.842707 0.849678 0.858853 0.870347 0.884312 0.900939 0.920462 0.943173 0.969428 0.999664 1.000000 0.929300 0.869895 0.819483 0.776363 0.739245 0.707140 0.679276 0.655043 1563.500000 1.221567 0.818701
0.793969 0.742584 0.699028 0.661804 0.629785 0.602105 0.578089 0.557207 0.539034 0.523230 0.509518 0.497675 0.487518 0.478898 0.471694 0.465809 0.461167 0.457708 0.455389 0.454182 0.454073 0.455060 0.457155 0.460383 0.464785 0.470416 0.477349 0.485678 0.495517 0.507009 0.520331 0.535697 0.553372 0.573682 0.597033 0.623933 0.655023 0.691126 0.733312 0.782990 0.842065 0.913161 1.000000 0.934755 0.864985 0.806716 0.757511 0.715589 0.679614 0.648572 0.621673 0.598301 0.577965 0.560270 0.544901 0.531599 0.520154 0.510396 0.502184 0.495407 0.489975 0.485818 0.482885 0.481139 0.480560 0.481139 0.482885 0.485818 0.489975 0.495407 0.502184 0.510396 0.520154 0.531599 0.544901 0.560270 0.577965 0.598301 0.621673 0.648572 0.679614 0.715589 0.757511 0.806716 0.864985 0.886750 0.828835 0.779786 0.737896 0.701882 0.670760 0.643766 0.620297 0.599874 0.582110 0.566694 0.553372 0.541938 0.532223 0.524090 0.517430 0.512155 0.508199 0.505512 0.504061 0.503829 0.504813 0.507024 0.510490 0.515254 0.521375 0.528933 0.538028 0.548787 0.561365 0.575953 0.592786 0.612151 0.634404 0.659987 0.689450 0.723490 0.763001 0.809138 0.863427 0.927922 0.929106 0.855207 627.000000 1.129005 0.601267
0.553372 0.541938 0.532223 0.524090 0.517430 0.512155 0.508199 0.505512 0.504061 0.503829 0.504813 0.507024 0.510490 0.515254 0.521375 0.528933 0.538028 0.548787 0.561365 0.575953 0.592786 0.612151 0.634404 0.659987 0.689450 0.723490 0.763001 0.809138 0.863427 0.927922 0.929106 0.855207 0.793969 0.742584 0.699028 0.661804 0.629785 0.602105 0.578089 0.557207 0.539034 0.523230 0.509518 0.497675 0.487518 0.478898 0.471694 0.465809 0.461167 0.457708 0.455389 0.454182 0.454073 0.455060 0.457155 0.460383 0.464785 0.470416 0.477349 0.485678 0.495517 0.507009 0.520331 0.535697 0.553372 0.573682 0.597033 0.623933 0.655023 0.691126 0.733312 0.782990 0.842065 0.913161 1.000000 0.934755 0.864985 0.806716 0.757511 0.715589 0.679614 0.648572 0.621673 0.598301 0.577965 0.560270 0.544901 0.531599 0.520154 0.510396 0.502184 0.495407 0.489975 0.485818 0.482885 0.481139 0.480560 0.481139 0.482885 0.485818 0.489975 0.495407 0.502184 0.510396 0.520154 0.531599 0.544901 0.560270 0.577965 0.598301 0.621673 0.648572 0.679614 0.715589 0.757511 0.806716 0.864985 0.886750 0.828835 0.779786 0.737896 0.701882 0.670760 0.643766 0.620297 0.599874 0.582110 0.566694 627.000000 1.129005 0.601267
0.480560 0.481139 0.482885 0.485818 0.489975 0.495407 0.502184 0.510396 0.520154 0.531599 0.544901 0.560270 0.577965 0.598301 0.621673 0.648572 0.679614 0.715589 0.757511 0.806716 0.864985 0.886750 0.828835 0.779786 0.737896 0.701882 0.670760 0.643766 0.620297 0.599874 0.582110 0.566694 0.553372 0.541938 0.532223 0.524090 0.517430 0.512155 0.508199 0.505512 0.504061 0.503829 0.504813 0.507024 0.510490 0.515254 0.521375 0.528933 0.538028 0.548787 0.561365 0.575953 0.592786 0.612151 0.634404 0.659987 0.689450 0.723490 0.763001 0.809138 0.863427 0.927922 0.929106 0.855207 0.793969 0.742584 0.699028 0.661804 0.629785 0.602105 0.578089 0.557207 0.539034 0.523230 0.509518 0.497675 0.487518 0.478898 0.471694 0.465809 0.461167 0.457708 0.455389 0.454182 0.454073 0.455060 0.457155 0.460383 0.464785 0.470416 0.477349 0.485678 0.495517 0.507009 0.520331 0.535697 0.553372 0.573682 0.597033 0.623933 0.655023 0.691126 0.733312 0.782990 0.842065 0.913161 1.000000 0.934755 0.864985 0.806716 0.757511 0.715589 0.679614 0.648572 0.621673 0.598301 0.577965 0.560270 0.544901 0.531599 0.520154 0.510396 0.502184 0.495407 0.489975 0.485818 0.482885 0.481139 627.000000 1.129005 0.601267
0.553372 0.573682 0.597033 0.623933 0.655023 0.691126 0.733312 0.782990 0.842065 0.913161 1.000000 0.934755 0.864985 0.806716 0.757511 0.715589 0.679614 0.648572 0.621673 0.598301 0.577965 0.560270 0.544901 0.531599 0.520154 0.510396 0.502184 0.495407 0.489975 0.485818 0.482885 0.481139 0.480560 0.481139 0.482885 0.485818 0.489975 0.495407 0.502184 0.510396 0.520154 0.531599 0.544901 0.560270 0.577965 0.598301 0.621673 0.648572 0.679614 0.715589 0.757511 0.806716 0.864985 0.886750 0.828835 0.779786 0.737896 0.701882 0.670760 0.643766 0.620297 0.599874 0.582110 0.566694 0.553372 0.541938 0.532223 0.524090 0.517430 0.512155 0.508199 0.505512 0.504061 0.503829 0.504813 0.507024 0.510490 0.515254 0.521375 0.528933 0.538028 0.548787 0.561365 0.575953 0.592786 0.612151 0.634404 0.659987 0.689450 0.723490 0.763001 0.809138 0.863427 0.927922 0.929106 0.855207 0.793969 0.742584 0.699028 0.661804 0.629785 0.602105 0.578089 0.557207 0.539034 0.523230 0.509518 0.497675 0.487518 0.478898 0.471694 0.465809 0.461167 0.457708 0.455389 0.454182 0.454073 0.455060 0.457155 0.460383 0.464785 0.470416 0.477349 0.485678 0.495517 0.507009 0.520331 0.535697 627.000000 1.129005 0.601267
0.777740 0.769231 0.762723 0.758135 0.755412 0.754519 0.755446 0.758204 0.762827 0.769371 0.777919 0.788580 0.801495 0.816840 0.834836 0.836060 0.823143 0.812547 0.804132 0.797793 0.793449 0.791047 0.790559 0.791978 0.795322 0.800631 0.807971 0.817434 0.829142 0.843252 0.859958 0.879502 0.902177 0.928349 0.958463 0.993068 1.000000 0.958393 0.922243 0.890788 0.863421 0.839647 0.819067 0.801357 0.786250 0.773531 0.763027 0.754597 0.748134 0.743557 0.740810 0.739858 0.740691 0.743319 0.747773 0.754108 0.762405 0.772768 0.785335 0.800277 0.817807 0.838187 0.861737 0.870672 0.848262 0.828924 0.812361 0.798333 0.786644 0.777137 0.769690 0.764208 0.760622 0.758890 0.758990 0.760923 0.764714 0.770407 0.778074 0.781612 0.776069 0.772451 0.770715 0.770839 0.772826 0.776699 0.782505 0.790317 0.800235 0.812386 0.826934 0.844084 0.864086 0.887249 0.913949 0.944653 0.959409 0.937537 0.918804 0.902937 0.889717 0.878965 0.870541 0.864341 0.860285 0.858326 0.858439 0.860626 0.861727 0.840643 0.822500 0.807027 0.794003 0.783250 0.774625 0.768019 0.763347 0.760553 0.759603 0.760485 0.763209 0.767810 0.774343 0.782891 0.793562 0.806498 0.801232 0.788361 1239.500000 1.108245 0.896765
0.959409 0.937537 0.918804 0.902937 0.889717 0.878965 0.870541 0.864341 0.860285 0.858326 0.858439 0.860626 0.861727 0.840643 0.822500 0.807027 0.794003 0.783250 0.774625 0.768019 0.763347 0.760553 0.759603 0.760485 0.763209 0.767810 0.774343 0.782891 0.793562 0.806498 0.801232 0.788361 0.777740 0.769231 0.762723 0.758135 0.755412 0.754519 0.755446 0.758204 0.762827 0.769371 0.777919 0.788580 0.801495 0.816840 0.834836 0.836060 0.823143 0.812547 0.804132 0.797793 0.793449 0.791047 0.790559 0.791978 0.795322 0.800631 0.807971 0.817434 0.829142 0.843252 0.859958 0.879502 0.902177 0.928349 0.958463 0.993068 1.000000 0.958393 0.922243 0.890788 0.863421 0.839647 0.819067 0.801357 0.786250 0.773531 0.763027 0.754597 0.748134 0.743557 0.740810 0.739858 0.740691 0.743319 0.747773 0.754108 0.762405 0.772768 0.785335 0.800277 0.817807 0.838187 0.861737 0.870672 0.848262 0.828924 0.812361 0.798333 0.786644 0.777137 0.769690 0.764208 0.760622 0.758890 0.758990 0.760923 0.764714 0.770407 0.778074 0.781612 0.776069 0.772451 0.770715 0.770839 0.772826 0.776699 0.782505 0.790317 0.800235 0.812386 0.826934 0.844084 0.864086 0.887249 0.913949 0.944653 1239.500000 1.108245 0.896765
0.848262 0.828924 0.812361 0.798333 0.786644 0.777137 0.769690 0.764208 0.760622 0.758890 0.758990 0.760923 0.764714 0.770407 0.778074 0.781612 0.776069 0.772451 0.770715 0.770839 0.772826 0.776699 0.782505 0.790317 0.800235 0.812386 0.826934 0.844084 0.864086 0.887249 0.913949 0.944653 0.959409 0.937537 0.918804 0.902937 0.889717 0.878965 0.870541 0.864341 0.860285 0.858326 0.858439 0.860626 0.861727 0.840643 0.822500 0.807027 0.794003 0.783250 0.774625 0.768019 0.763347 0.760553 0.759603 0.760485 0.763209 0.767810 0.774343 0.782891 0.793562 0.806498 0.801232 0.788361 0.777740 0.769231 0.762723 0.758135 0.755412 0.754519 0.755446 0.758204 0.762827 0.769371 0.777919 0.788580 0.801495 0.816840 0.834836 0.836060 0.823143 0.812547 0.804132 0.797793 0.793449 0.791047 0.790559 0.791978 0.795322 0.800631 0.807971 0.817434 0.829142 0.843252 0.859958 0.879502 0.902177 0.928349 0.958463 0.993068 1.000000 0.958393 0.922243 0.890788 0.863421 0.839647 0.819067 0.801357 0.786250 0.773531 0.763027 0.754597 0.748134 0.743557 0.740810 0.739858 0.740691 0.743319 0.747773 0.754108 0.762405 0.772768 0.785335 0.800277 0.817807 0.838187 0.861737 0.870672 1239.500000 1.108245 0.896765
0.902177 0.928349 0.958463 0.993068 1.000000 0.958393 0.922243 0.890788 0.863421 0.839647 0.819067 0.801357 0.786250 0.773531 0.763027 0.754597 0.748134 0.743557 0.740810 0.739858 0.740691 0.743319 0.747773 0.754108 0.762405 0.772768 0.785335 0.800277 0.817807 0.838187 0.861737 0.870672 0.848262 0.828924 0.812361 0.798333 0.786644 0.777137 0.769690 0.764208 0.760622 0.758890 0.758990 0.760923 0.764714 0.770407 0.778074 0.781612 0.776069 0.772451 0.770715 0.770839 0.772826 0.776699 0.782505 0.790317 0.800235 0.812386 0.826934 0.844084 0.864086 0.887249 0.913949 0.944653 0.959409 0.937537 0.918804 0.902937 0.889717 0.878965 0.870541 0.864341 0.860285 0.858326 0.858439 0.860626 0.861727 0.840643 0.822500 0.807027 0.794003 0.783250 0.774625 0.768019 0.763347 0.760553 0.759603 0.760485 0.763209 0.767810 0.774343 0.782891 0.793562 0.806498 0.801232 0.788361 0.777740 0.769231 0.762723 0.758135 0.755412 0.754519 0.755446 0.758204 0.762827 0.769371 0.777919 0.788580 0.801495 0.816840 0.834836 0.836060 0.823143 0.812547 0.804132 0.797793 0.793449 0.791047 0.790559 0.791978 0.795322 0.800631 0.807971 0.817434 0.829142 0.843252 0.859958 0.879502 1239.500000 1.108245 0.896765
0.987611 0.912186 0.849366 0.796436 0.751419 0.712845 0.679595 0.650807 0.625805 0.604054 0.585127 0.568678 0.554428 0.542148 0.531654 0.522794 0.515446 0.509512 0.504915 0.501599 0.499521 0.498657 0.498995 0.500541 0.503313 0.507345 0.512686 0.519407 0.527593 0.537357 0.548837 0.562201 0.577659 0.595466 0.615937 0.639461 0.666523 0.697731 0.733860 0.775907 0.825173 0.883392 0.952920 0.981601 0.910914 0.851638 0.801418 0.758516 0.721624 0.689739 0.662080 0.638032 0.617104 0.598902 0.583108 0.569462 0.557753 0.547809 0.539490 0.532684 0.527302 0.523276 0.520556 0.519108 0.518914 0.519973 0.522297 0.525914 0.530870 0.537226 0.545066 0.554494 0.565640 0.578665 0.593770 0.611195 0.631241 0.654277 0.680759 0.711261 0.746508 0.787426 0.835218 0.891474 0.958330 0.959071 0.889361 0.830964 0.781530 0.739328 0.703058 0.671722 0.644547 0.620924 0.600365 0.582483 0.566962 0.553545 0.542024 0.532229 0.524022 0.517291 0.511948 0.507926 0.505175 0.503659 0.503362 0.504279 0.506422 0.509817 0.514505 0.520546 0.528018 0.537020 0.547676 0.560141 0.574602 0.591293 0.610497 0.632565 0.657933 0.687145 0.720889 0.760044 0.805749 0.859506 0.923332 1.000000 6316.000000 1.048694 0.604089
0.566962 0.553545 0.542024 0.532229 0.524022 0.517291 0.511948 0.507926 0.505175 0.503659 0.503362 0.504279 0.506422 0.509817 0.514505 0.520546 0.528018 0.537020 0.547676 0.560141 0.574602 0.591293 0.610497 0.632565 0.657933 0.687145 0.720889 0.760044 0.805749 0.859506 0.923332 1.000000 0.987611 0.912186 0.849366 0.796436 0.751419 0.712845 0.679595 0.650807 0.625805 0.604054 0.585127 0.568678 0.554428 0.542148 0.531654 0.522794 0.515446 0.509512 0.504915 0.501599 0.499521 0.498657 0.498995 0.500541 0.503313 0.507345 0.512686 0.519407 0.527593 0.537357 0.548837 0.562201 0.577659 0.595466 0.615937 0.639461 0.666523 0.697731 0.733860 0.775907 0.825173 0.883392 0.952920 0.981601 0.910914 0.851638 0.801418 0.758516 0.721624 0.689739 0.662080 0.638032 0.617104 0.598902 0.583108 0.569462 0.557753 0.547809 0.539490 0.532684 0.527302 0.523276 0.520556 0.519108 0.518914 0.519973 0.522297 0.525914 0.530870 0.537226 0.545066 0.554494 0.565640 0.578665 0.593770 0.611195 0.631241 0.654277 0.680759 0.711261 0.746508 0.787426 0.835218 0.891474 0.958330 0.959071 0.889361 0.830964 0.781530 0.739328 0.703058 0.671722 0.644547 0.620924 0.600365 0.582483 6316.000000 1.048694 0.604089
0.518914 0.519973 0.522297 0.525914 0.530870 0.537226 0.545066 0.554494 0.565640 0.578665 0.593770 0.611195 0.631241 0.654277 0.680759 0.711261 0.746508 0.787426 0.835218 0.891474 0.958330 0.959071 0.889361 0.830964 0.781530 0.739328 0.703058 0.671722 0.644547 0.620924 0.600365 0.582483 0.566962 0.553545 0.542024 0.532229 0.524022 0.517291 0.511948 0.507926 0.505175 0.503659 0.503362 0.504279 0.506422 0.509817 0.514505 0.520546 0.528018 0.537020 0.547676 0.560141 0.574602 0.591293 0.610497 0.632565 0.657933 0.687145 0.720889 0.760044 0.805749 0.859506 0.923332 1.000000 0.987611 0.912186 0.849366 0.796436 0.751419 0.712845 0.679595 0.650807 0.625805 0.604054 0.585127 0.568678 0.554428 0.542148 0.531654 0.522794 0.515446 0.509512 0.504915 0.501599 0.499521 0.498657 0.498995 0.500541 0.503313 0.507345 0.512686 0.519407 0.527593 0.537357 0.548837 0.562201 0.577659 0.595466 0.615937 0.639461 0.666523 0.697731 0.733860 0.775907 0.825173 0.883392 0.952920 0.981601 0.910914 0.851638 0.801418 0.758516 0.721624 0.689739 0.662080 0.638032 0.617104 0.598902 0.583108 0.569462 0.557753 0.547809 0.539490 0.532684 0.527302 0.523276 0.520556 0.519108 6316.000000 1.048694 0.604089
0.577659 0.595466 0.615937 0.639461 0.666523 0.697731 0.733860 0.775907 0.825173 0.883392 0.952920 0.981601 0.910914 0.851638 0.801418 0.758516 0.721624 0.689739 0.662080 0.638032 0.617104 0.598902 0.583108 0.569462 0.557753 0.547809 0.539490 0.532684 0.527302 0.523276 0.520556 0.519108 0.518914 0.519973 0.522297 0.525914 0.530870 0.537226 0.545066 0.554494 0.565640 0.578665 0.593770 0.611195 0.631241 0.654277 0.680759 0.711261 0.746508 0.787426 0.835218 0.891474 0.958330 0.959071 0.889361 0.830964 0.781530 0.739328 0.703058 0.671722 0.644547 0.620924 0.600365 0.582483 0.566962 0.553545 0.542024 0.532229 0.524022 0.517291 0.511948 0.507926 0.505175 0.503659 0.503362 0.504279 0.506422 0.509817 0.514505 0.520546 0.528018 0.537020 0.547676 0.560141 0.574602 0.591293 0.610497 0.632565 0.657933 0.687145 0.720889 0.760044 0.805749 0.859506 0.923332 1.000000 0.987611 0.912186 0.849366 0.796436 0.751419 0.712845 0.679595 0.650807 0.625805 0.604054 0.585127 0.568678 0.554428 0.542148 0.531654 0.522794 0.515446 0.509512 0.504915 0.501599 0.499521 0.498657 0.498995 0.500541 0.503313 0.507345 0.512686 0.519407 0.527593 0.537357 0.548837 0.562201 6316.000000 1.048694 0.604089
0.780074 0.731596 0.690357 0.655012 0.624542 0.598157 0.575242 0.555305 0.537957 0.522881 0.509822 0.498571 0.488959 0.480847 0.474123 0.468698 0.464502 0.461482 0.459602 0.458838 0.459180 0.460634 0.463217 0.464584 0.463023 0.462582 0.463257 0.465057 0.468002 0.472129 0.477490 0.484155 0.492210 0.501767 0.512964 0.525967 0.540983 0.558267 0.578131 0.599015 0.599864 0.602169 0.605957 0.611275 0.618190 0.626790 0.637189 0.649531 0.663991 0.680787 0.700186 0.722514 0.748175 0.777668 0.811617 0.850809 0.895192 0.860757 0.830800 0.804732 0.782077 0.762449 0.745534 0.731077 0.718868 0.708740 0.700557 0.694215 0.689632 0.686754 0.685544 0.685988 0.688092 0.691880 0.697400 0.698041 0.654161 0.616870 0.584935 0.557420 0.533605 0.512927 0.494939 0.479286 0.465680 0.453889 0.443722 0.435026 0.427675 0.423706 0.420917 0.419167 0.418436 0.418714 0.420005 0.422325 0.425702 0.430178 0.435810 0.442672 0.450857 0.460481 0.471686 0.484646 0.499576 0.516740 0.536463 0.559152 0.585318 0.615609 0.650859 0.667543 0.675910 0.686164 0.698442 0.712916 0.729798 0.749349 0.771886 0.797802 0.827583 0.861829 0.901297 0.946945 1.000000 0.990669 0.906630 0.837594 894.000000 1.551458 0.736113
0.425702 0.430178 0.435810 0.442672 0.450857 0.460481 0.471686 0.484646 0.499576 0.516740 0.536463 0.559152 0.585318 0.615609 0.650859 0.667543 0.675910 0.686164 0.698442 0.712916 0.729798 0.749349 0.771886 0.797802 0.827583 0.861829 0.901297 0.946945 1.000000 0.990669 0.906630 0.837594 0.780074 0.731596 0.690357 0.655012 0.624542 0.598157 0.575242 0.555305 0.537957 0.522881 0.509822 0.498571 0.488959 0.480847 0.474123 0.468698 0.464502 0.461482 0.459602 0.458838 0.459180 0.460634 0.463217 0.464584 0.463023 0.462582 0.463257 0.465057 0.468002 0.472129 0.477490 0.484155 0.492210 0.501767 0.512964 0.525967 0.540983 0.558267 0.578131 0.599015 0.599864 0.602169 0.605957 0.611275 0.618190 0.626790 0.637189 0.649531 0.663991 0.680787 0.700186 0.722514 0.748175 0.777668 0.811617 0.850809 0.895192 0.860757 0.830800 0.804732 0.782077 0.762449 0.745534 0.731077 0.718868 0.708740 0.700557 0.694215 0.689632 0.686754 0.685544 0.685988 0.688092 0.691880 0.697400 0.698041 0.654161 0.616870 0.584935 0.557420 0.533605 0.512927 0.494939 0.479286 0.465680 0.453889 0.443722 0.435026 0.427675 0.423706 0.420917 0.419167 0.418436 0.418714 0.420005 0.422325 894.000000 1.551458 0.736113
0.718868 0.708740 0.700557 0.694215 0.689632 0.686754 0.685544 0.685988 0.688092 0.691880 0.697400 0.698041 0.654161 0.616870 0.584935 0.557420 0.533605 0.512927 0.494939 0.479286 0.465680 0.453889 0.443722 0.435026 0.427675 0.423706 0.420917 0.419167 0.418436 0.418714 0.420005 0.422325 0.425702 0.430178 0.435810 0.442672 0.450857 0.460481 0.471686 0.484646 0.499576 0.516740 0.536463 0.559152 0.585318 0.615609 0.650859 0.667543 0.675910 0.686164 0.698442 0.712916 0.729798 0.749349 0.771886 0.797802 0.827583 0.861829 0.901297 0.946945 1.000000 0.990669 0.906630 0.837594 0.780074 0.731596 0.690357 0.655012 0.624542 0.598157 0.575242 0.555305 0.537957 0.522881 0.509822 0.498571 0.488959 0.480847 0.474123 0.468698 0.464502 0.461482 0.459602 0.458838 0.459180 0.460634 0.463217 0.464584 0.463023 0.462582 0.463257 0.465057 0.468002 0.472129 0.477490 0.484155 0.492210 0.501767 0.512964 0.525967 0.540983 0.558267 0.578131 0.599015 0.599864 0.602169 0.605957 0.611275 0.618190 0.626790 0.637189 0.649531 0.663991 0.680787 0.700186 0.722514 0.748175 0.777668 0.811617 0.850809 0.895192 0.860757 0.830800 0.804732 0.782077 0.762449 0.745534 0.731077 894.000000 1.551458 0.736113
0.492210 0.501767 0.512964 0.525967 0.540983 0.558267 0.578131 0.599015 0.599864 0.602169 0.605957 0.611275 0.618190 0.626790 0.637189 0.649531 0.663991 0.680787 0.700186 0.722514 0.748175 0.777668 0.811617 0.850809 0.895192 0.860757 0.830800 0.804732 0.782077 0.762449 0.745534 0.731077 0.718868 0.708740 0.700557 0.694215 0.689632 0.686754 0.685544 0.685988 0.688092 0.691880 0.697400 0.698041 0.654161 0.616870 0.584935 0.557420 0.533605 0.512927 0.494939 0.479286 0.465680 0.453889 0.443722 0.435026 0.427675 0.423706 0.420917 0.419167 0.418436 0.418714 0.420005 0.422325 0.425702 0.430178 0.435810 0.442672 0.450857 0.460481 0.471686 0.484646 0.499576 0.516740 0.536463 0.559152 0.585318 0.615609 0.650859 0.667543 0.675910 0.686164 0.698442 0.712916 0.729798 0.749349 0.771886 0.797802 0.827583 0.861829 0.901297 0.946945 1.000000 0.990669 0.906630 0.837594 0.780074 0.731596 0.690357 0.655012 0.624542 0.598157 0.575242 0.555305 0.537957 0.522881 0.509822 0.498571 0.488959 0.480847 0.474123 0.468698 0.464502 0.461482 0.459602 0.458838 0.459180 0.460634 0.463217 0.464584 0.463023 0.462582 0.463257 0.465057 0.468002 0.472129 0.477490 0.484155 894.000000 1.551458 0.736113
0.604059 0.600251 0.597922 0.597043 0.597605 0.599614 0.603094 0.608089 0.614659 0.622891 0.632891 0.644796 0.658776 0.675037 0.693835 0.715482 0.740366 0.768962 0.801864 0.839823 0.853486 0.835982 0.821120 0.808692 0.798530 0.790500 0.784501 0.780459 0.778324 0.778070 0.779693 0.783214 0.788676 0.796146 0.805718 0.817517 0.831699 0.842695 0.812762 0.786712 0.764064 0.744427 0.727482 0.712971 0.700683 0.690446 0.682124 0.675608 0.670816 0.667689 0.666188 0.666296 0.668013 0.671360 0.676379 0.683132 0.691704 0.702207 0.714783 0.729607 0.746896 0.766917 0.789997 0.816536 0.832705 0.805992 0.782767 0.762628 0.745251 0.730367 0.717762 0.707260 0.698720 0.692030 0.687107 0.683890 0.682339 0.682435 0.684179 0.687593 0.692719 0.699620 0.708383 0.713551 0.701746 0.691965 0.684078 0.677984 0.673606 0.670890 0.669803 0.670332 0.672483 0.676282 0.681776 0.689034 0.698148 0.709237 0.722454 0.737984 0.756057 0.776957 0.801030 0.828702 0.860502 0.897088 0.939286 0.988147 1.000000 0.941644 0.891754 0.848826 0.811707 0.779498 0.751488 0.727113 0.705916 0.687530 0.671654 0.658044 0.646501 0.636864 0.629003 0.622817 0.618225 0.615172 0.613620 0.609393 499.500000 1.109884 0.827668
0.698148 0.709237 0.722454 0.737984 0.756057 0.776957 0.801030 0.828702 0.860502 0.897088 0.939286 0.988147 1.000000 0.941644 0.891754 0.848826 0.811707 0.779498 0.751488 0.727113 0.705916 0.687530 0.671654 0.658044 0.646501 0.636864 0.629003 0.622817 0.618225 0.615172 0.613620 0.609393 0.604059 0.600251 0.597922 0.597043 0.597605 0.599614 0.603094 0.608089 0.614659 0.622891 0.632891 0.644796 0.658776 0.675037 0.693835 0.715482 0.740366 0.768962 0.801864 0.839823 0.853486 0.835982 0.821120 0.808692 0.798530 0.790500 0.784501 0.780459 0.778324 0.778070 0.779693 0.783214 0.788676 0.796146 0.805718 0.817517 0.831699 0.842695 0.812762 0.786712 0.764064 0.744427 0.727482 0.712971 0.700683 0.690446 0.682124 0.675608 0.670816 0.667689 0.666188 0.666296 0.668013 0.671360 0.676379 0.683132 0.691704 0.702207 0.714783 0.729607 0.746896 0.766917 0.789997 0.816536 0.832705 0.805992 0.782767 0.762628 0.745251 0.730367 0.717762 0.707260 0.698720 0.692030 0.687107 0.683890 0.682339 0.682435 0.684179 0.687593 0.692719 0.699620 0.708383 0.713551 0.701746 0.691965 0.684078 0.677984 0.673606 0.670890 0.669803 0.670332 0.672483 0.676282 0.681776 0.689034 499.500000 1.109884 0.827668
0.832705 0.805992 0.782767 0.762628 0.745251 0.730367 0.717762 0.707260 0.698720 0.692030 0.687107 0.683890 0.682339 0.682435 0.684179 0.687593 0.692719 0.699620 0.708383 0.713551 0.701746 0.691965 0.684078 0.677984 0.673606 0.670890 0.669803 0.670332 0.672483 0.676282 0.681776 0.689034 0.698148 0.709237 0.722454 0.737984 0.756057 0.776957 0.801030 0.828702 0.860502 0.897088 0.939286 0.988147 1.000000 0.941644 0.891754 0.848826 0.811707 0.779498 0.751488 0.727113 0.705916 0.687530 0.671654 0.658044 0.646501 0.636864 0.629003 0.622817 0.618225 0.615172 0.613620 0.609393 0.604059 0.600251 0.597922 0.597043 0.597605 0.599614 0.603094 0.608089 0.614659 0.622891 0.632891 0.644796 0.658776 0.675037 0.693835 0.715482 0.740366 0.768962 0.801864 0.839823 0.853486 0.835982 0.821120 0.808692 0.798530 0.790500 0.784501 0.780459 0.778324 0.778070 0.779693 0.783214 0.788676 0.796146 0.805718 0.817517 0.831699 0.842695 0.812762 0.786712 0.764064 0.744427 0.727482 0.712971 0.700683 0.690446 0.682124 0.675608 0.670816 0.667689 0.666188 0.666296 0.668013 0.671360 0.676379 0.683132 0.691704 0.702207 0.714783 0.729607 0.746896 0.766917 0.789997 0.816536 499.500000 1.109884 0.827668
0.788676 0.796146 0.805718 0.817517 0.831699 0.842695 0.812762 0.786712 0.764064 0.744427 0.727482 0.712971 0.700683 0.690446 0.682124 0.675608 0.670816 0.667689 0.666188 0.666296 0.668013 0.671360 0.676379 0.683132 0.691704 0.702207 0.714783 0.729607 0.746896 0.766917 0.789997 0.816536 0.832705 0.805992 0.782767 0.762628 0.745251 0.730367 0.717762 0.707260 0.698720 0.692030 0.687107 0.683890 0.682339 0.682435 0.684179 0.687593 0.692719 0.699620 0.708383 0.713551 0.701746 0.691965 0.684078 0.677984 0.673606 0.670890 0.669803 0.670332 0.672483 0.676282 0.681776 0.689034 0.698148 0.709237 0.722454 0.737984 0.756057 0.776957 0.801030 0.828702 0.860502 0.897088 0.939286 0.988147 1.000000 0.941644 0.891754 0.848826 0.811707 0.779498 0.751488 0.727113 0.705916 0.687530 0.671654 0.658044 0.646501 0.636864 0.629003 0.622817 0.618225 0.615172 0.613620 0.609393 0.604059 0.600251 0.597922 0.597043 0.597605 0.599614 0.603094 0.608089 0.614659 0.622891 0.632891 0.644796 0.658776 0.675037 0.693835 0.715482 0.740366 0.768962 0.801864 0.839823 0.853486 0.835982 0.821120 0.808692 0.798530 0.790500 0.784501 0.780459 0.778324 0.778070 0.779693 0.783214 499.500000 1.109884 0.827668
0.944563 1.000000 0.992558 0.937515 0.890288 0.849539 0.814232 0.783556 0.756864 0.733640 0.713467 0.696005 0.680979 0.668163 0.657376 0.648468 0.641324 0.635850 0.631978 0.629661 0.628870 0.629596 0.631848 0.635652 0.641057 0.648129 0.656959 0.667663 0.680389 0.695317 0.712670 0.732721 0.755324 0.739147 0.725359 0.713764 0.704204 0.696553 0.690712 0.686608 0.684192 0.683433 0.684322 0.686871 0.691110 0.697092 0.704890 0.714607 0.726369 0.740338 0.756714 0.775742 0.797723 0.823027 0.852108 0.885531 0.891536 0.863357 0.838865 0.817638 0.799338 0.783686 0.770455 0.759463 0.750563 0.743639 0.738606 0.735400 0.733982 0.734335 0.736464 0.740394 0.746173 0.750450 0.733369 0.718740 0.706352 0.696033 0.687643 0.681074 0.676244 0.673091 0.671578 0.671687 0.673418 0.676793 0.681852 0.688660 0.697301 0.707889 0.720567 0.735511 0.752940 0.773123 0.796389 0.823143 0.853887 0.819222 0.788477 0.761725 0.738450 0.718233 0.700737 0.685686 0.672855 0.662061 0.653156 0.646023 0.640571 0.636732 0.634457 0.633720 0.634511 0.636841 0.640737 0.646247 0.653441 0.662411 0.673274 0.686181 0.701315 0.718902 0.739221 0.762612 0.789497 0.820394 0.855955 0.896997 708.500000 1.183261 0.815782
0.853887 0.819222 0.788477 0.761725 0.738450 0.718233 0.700737 0.685686 0.672855 0.662061 0.653156 0.646023 0.640571 0.636732 0.634457 0.633720 0.634511 0.636841 0.640737 0.646247 0.653441 0.662411 0.673274 0.686181 0.701315 0.718902 0.739221 0.762612 0.789497 0.820394 0.855955 0.896997 0.944563 1.000000 0.992558 0.937515 0.890288 0.849539 0.814232 0.783556 0.756864 0.733640 0.713467 0.696005 0.680979 0.668163 0.657376 0.648468 0.641324 0.635850 0.631978 0.629661 0.628870 0.629596 0.631848 0.635652 0.641057 0.648129 0.656959 0.667663 0.680389 0.695317 0.712670 0.732721 0.755324 0.739147 0.725359 0.713764 0.704204 0.696553 0.690712 0.686608 0.684192 0.683433 0.684322 0.686871 0.691110 0.697092 0.704890 0.714607 0.726369 0.740338 0.756714 0.775742 0.797723 0.823027 0.852108 0.885531 0.891536 0.863357 0.838865 0.817638 0.799338 0.783686 0.770455 0.759463 0.750563 0.743639 0.738606 0.735400 0.733982 0.734335 0.736464 0.740394 0.746173 0.750450 0.733369 0.718740 0.706352 0.696033 0.687643 0.681074 0.676244 0.673091 0.671578 0.671687 0.673418 0.676793 0.681852 0.688660 0.697301 0.707889 0.720567 0.735511 0.752940 0.773123 0.796389 0.823143 708.500000 1.183261 0.815782
0.750563 0.743639 0.738606 0.735400 0.733982 0.734335 0.736464 0.740394 0.746173 0.750450 0.733369 0.718740 0.706352 0.696033 0.687643 0.681074 0.676244 0.673091 0.671578 0.671687 0.673418 0.676793 0.681852 0.688660 0.697301 0.707889 0.720567 0.735511 0.752940 0.773123 0.796389 0.823143 0.853887 0.819222 0.788477 0.761725 0.738450 0.718233 0.700737 0.685686 0.672855 0.662061 0.653156 0.646023 0.640571 0.636732 0.634457 0.633720 0.634511 0.636841 0.640737 0.646247 0.653441 0.662411 0.673274 0.686181 0.701315 0.718902 0.739221 0.762612 0.789497 0.820394 0.855955 0.896997 0.944563 1.000000 0.992558 0.937515 0.890288 0.849539 0.814232 0.783556 0.756864 0.733640 0.713467 0.696005 0.680979 0.668163 0.657376 0.648468 0.641324 0.635850 0.631978 0.629661 0.628870 0.629596 0.631848 0.635652 0.641057 0.648129 0.656959 0.667663 0.680389 0.695317 0.712670 0.732721 0.755324 0.739147 0.725359 0.713764 0.704204 0.696553 0.690712 0.686608 0.684192 0.683433 0.684322 0.686871 0.691110 0.697092 0.704890 0.714607 0.726369 0.740338 0.756714 0.775742 0.797723 0.823027 0.852108 0.885531 0.891536 0.863357 0.838865 0.817638 0.799338 0.783686 0.770455 0.759463 708.500000 1.183261 0.815782
0.755324 0.739147 0.725359 0.713764 0.704204 0.696553 0.690712 0.686608 0.684192 0.683433 0.684322 0.686871 0.691110 0.697092 0.704890 0.714607 0.726369 0.740338 0.756714 0.775742 0.797723 0.823027 0.852108 0.885531 0.891536 0.863357 0.838865 0.817638 0.799338 0.783686 0.770455 0.759463 0.750563 0.743639 0.738606 0.735400 0.733982 0.734335 0.736464 0.740394 0.746173 0.750450 0.733369 0.718740 0.706352 0.696033 0.687643 0.681074 0.676244 0.673091 0.671578 0.671687 0.673418 0.676793 0.681852 0.688660 0.697301 0.707889 0.720567 0.735511 0.752940 0.773123 0.796389 0.823143 0.853887 0.819222 0.788477 0.761725 0.738450 0.718233 0.700737 0.685686 0.672855 0.662061 0.653156 0.646023 0.640571 0.636732 0.634457 0.633720 0.634511 0.636841 0.640737 0.646247 0.653441 0.662411 0.673274 0.686181 0.701315 0.718902 0.739221 0.762612 0.789497 0.820394 0.855955 0.896997 0.944563 1.000000 0.992558 0.937515 0.890288 0.849539 0.814232 0.783556 0.756864 0.733640 0.713467 0.696005 0.680979 0.668163 0.657376 0.648468 0.641324 0.635850 0.631978 0.629661 0.628870 0.629596 0.631848 0.635652 0.641057 0.648129 0.656959 0.667663 0.680389 0.695317 0.712670 0.732721 708.500000 1.183261 0.815782
0.841435 0.873087 0.909490 0.951452 1.000000 0.959152 0.916912 0.880267 0.848404 0.820674 0.796559 0.775635 0.757561 0.742057 0.728896 0.717892 0.708899 0.701798 0.696498 0.692935 0.691065 0.690865 0.692332 0.695484 0.687813 0.676692 0.667506 0.660136 0.654486 0.650486 0.648086 0.647258 0.647991 0.650293 0.654194 0.659741 0.667003 0.676074 0.687073 0.700151 0.715493 0.733328 0.753939 0.777669 0.804943 0.836289 0.872361 0.913986 0.894111 0.865241 0.840138 0.818367 0.799573 0.783468 0.769817 0.758429 0.749152 0.741864 0.736474 0.732915 0.731143 0.731137 0.732896 0.736442 0.741819 0.749092 0.758354 0.769726 0.783360 0.799447 0.818220 0.839969 0.865046 0.893887 0.889956 0.854351 0.823393 0.796452 0.773021 0.752691 0.735128 0.720062 0.707270 0.696574 0.687828 0.680920 0.675761 0.672286 0.670455 0.670243 0.671649 0.674690 0.679403 0.685846 0.694100 0.704273 0.716501 0.730952 0.747837 0.767413 0.789996 0.815974 0.845825 0.833582 0.807056 0.783998 0.764010 0.746770 0.732015 0.719533 0.709148 0.700723 0.694148 0.689341 0.686242 0.684813 0.685037 0.686917 0.690474 0.695754 0.702821 0.711766 0.722704 0.735785 0.751190 0.769148 0.789934 0.813890 8540.000000 1.130432 0.823768
0.716501 0.730952 0.747837 0.767413 0.789996 0.815974 0.845825 0.833582 0.807056 0.783998 0.764010 0.746770 0.732015 0.719533 0.709148 0.700723 0.694148 0.689341 0.686242 0.684813 0.685037 0.686917 0.690474 0.695754 0.702821 0.711766 0.722704 0.735785 0.751190 0.769148 0.789934 0.813890 0.841435 0.873087 0.909490 0.951452 1.000000 0.959152 0.916912 0.880267 0.848404 0.820674 0.796559 0.775635 0.757561 0.742057 0.728896 0.717892 0.708899 0.701798 0.696498 0.692935 0.691065 0.690865 0.692332 0.695484 0.687813 0.676692 0.667506 0.660136 0.654486 0.650486 0.648086 0.647258 0.647991 0.650293 0.654194 0.659741 0.667003 0.676074 0.687073 0.700151 0.715493 0.733328 0.753939 0.777669 0.804943 0.836289 0.872361 0.913986 0.894111 0.865241 0.840138 0.818367 0.799573 0.783468 0.769817 0.758429 0.749152 0.741864 0.736474 0.732915 0.731143 0.731137 0.732896 0.736442 0.741819 0.749092 0.758354 0.769726 0.783360 0.799447 0.818220 0.839969 0.865046 0.893887 0.889956 0.854351 0.823393 0.796452 0.773021 0.752691 0.735128 0.720062 0.707270 0.696574 0.687828 0.680920 0.675761 0.672286 0.670455 0.670243 0.671649 0.674690 0.679403 0.685846 0.694100 0.704273 8540.000000 1.130432 0.823768
0.741819 0.749092 0.758354 0.769726 0.783360 0.799447 0.818220 0.839969 0.865046 0.893887 0.889956 0.854351 0.823393 0.796452 0.773021 0.752691 0.735128 0.720062 0.707270 0.696574 0.687828 0.680920 0.675761 0.672286 0.670455 0.670243 0.671649 0.674690 0.679403 0.685846 0.694100 0.704273 0.716501 0.730952 0.747837 0.767413 0.789996 0.815974 0.845825 0.833582 0.807056 0.783998 0.764010 0.746770 0.732015 0.719533 0.709148 0.700723 0.694148 0.689341 0.686242 0.684813 0.685037 0.686917 0.690474 0.695754 0.702821 0.711766 0.722704 0.735785 0.751190 0.769148 0.789934 0.813890 0.841435 0.873087 0.909490 0.951452 1.000000 0.959152 0.916912 0.880267 0.848404 0.820674 0.796559 0.775635 0.757561 0.742057 0.728896 0.717892 0.708899 0.701798 0.696498 0.692935 0.691065 0.690865 0.692332 0.695484 0.687813 0.676692 0.667506 0.660136 0.654486 0.650486 0.648086 0.647258 0.647991 0.650293 0.654194 0.659741 0.667003 0.676074 0.687073 0.700151 0.715493 0.733328 0.753939 0.777669 0.804943 0.836289 0.872361 0.913986 0.894111 0.865241 0.840138 0.818367 0.799573 0.783468 0.769817 0.758429 0.749152 0.741864 0.736474 0.732915 0.731143 0.731137 0.732896 0.736442 8540.000000 1.130432 0.823768
0.647991 0.650293 0.654194 0.659741 0.667003 0.676074 0.687073 0.700151 0.715493 0.733328 0.753939 0.777669 0.804943 0.836289 0.872361 0.913986 0.894111 0.865241 0.840138 0.818367 0.799573 0.783468 0.769817 0.758429 0.749152 0.741864 0.736474 0.732915 0.731143 0.731137 0.732896 0.736442 0.741819 0.749092 0.758354 0.769726 0.783360 0.799447 0.818220 0.839969 0.865046 0.893887 0.889956 0.854351 0.823393 0.796452 0.773021 0.752691 0.735128 0.720062 0.707270 0.696574 0.687828 0.680920 0.675761 0.672286 0.670455 0.670243 0.671649 0.674690 0.679403 0.685846 0.694100 0.704273 0.716501 0.730952 0.747837 0.767413 0.789996 0.815974 0.845825 0.833582 0.807056 0.783998 0.764010 0.746770 0.732015 0.719533 0.709148 0.700723 0.694148 0.689341 0.686242 0.684813 0.685037 0.686917 0.690474 0.695754 0.702821 0.711766 0.722704 0.735785 0.751190 0.769148 0.789934 0.813890 0.841435 0.873087 0.909490 0.951452 1.000000 0.959152 0.916912 0.880267 0.848404 0.820674 0.796559 0.775635 0.757561 0.742057 0.728896 0.717892 0.708899 0.701798 0.696498 0.692935 0.691065 0.690865 0.692332 0.695484 0.687813 0.676692 0.667506 0.660136 0.654486 0.650486 0.648086 0.647258 8540.000000 1.130432 0.823768
0.603331 0.598343 0.594858 0.592833 0.592244 0.593084 0.595362 0.599107 0.604364 0.611200 0.619702 0.629983 0.642185 0.656481 0.673086 0.692265 0.714339 0.739709 0.768867 0.802431 0.841178 0.886100 0.938479 1.000000 0.947632 0.865785 0.798723 0.742964 0.696049 0.656195 0.622075 0.592685 0.567251 0.545170 0.525964 0.509249 0.494720 0.482125 0.471263 0.461969 0.454106 0.447567 0.442482 0.438562 0.435751 0.434014 0.433332 0.433694 0.435106 0.437585 0.441162 0.445880 0.451800 0.459001 0.467579 0.477657 0.489384 0.502943 0.518560 0.536511 0.557140 0.580875 0.608252 0.639956 0.676866 0.720136 0.771301 0.832452 0.906505 0.931080 0.888028 0.850740 0.818349 0.790169 0.765647 0.744341 0.725890 0.710001 0.696434 0.684995 0.675527 0.667904 0.662029 0.657827 0.655246 0.654256 0.654844 0.657017 0.660563 0.648170 0.637741 0.629135 0.622237 0.616958 0.613233 0.611016 0.610281 0.611016 0.613233 0.616958 0.622237 0.629135 0.637741 0.639986 0.626207 0.614459 0.604573 0.596414 0.589874 0.584871 0.581339 0.579238 0.578540 0.579238 0.581339 0.584871 0.589874 0.596414 0.604573 0.614459 0.626207 0.639986 0.656000 0.653815 0.639900 0.628047 0.618087 0.609884 1365.000000 1.296651 0.718440
0.610281 0.611016 0.613233 0.616958 0.622237 0.629135 0.637741 0.639986 0.626207 0.614459 0.604573 0.596414 0.589874 0.584871 0.581339 0.579238 0.578540 0.579238 0.581339 0.584871 0.589874 0.596414 0.604573 0.614459 0.626207 0.639986 0.656000 0.653815 0.639900 0.628047 0.618087 0.609884 0.603331 0.598343 0.594858 0.592833 0.592244 0.593084 0.595362 0.599107 0.604364 0.611200 0.619702 0.629983 0.642185 0.656481 0.673086 0.692265 0.714339 0.739709 0.768867 0.802431 0.841178 0.886100 0.938479 1.000000 0.947632 0.865785 0.798723 0.742964 0.696049 0.656195 0.622075 0.592685 0.567251 0.545170 0.525964 0.509249 0.494720 0.482125 0.471263 0.461969 0.454106 0.447567 0.442482 0.438562 0.435751 0.434014 0.433332 0.433694 0.435106 0.437585 0.441162 0.445880 0.451800 0.459001 0.467579 0.477657 0.489384 0.502943 0.518560 0.536511 0.557140 0.580875 0.608252 0.639956 0.676866 0.720136 0.771301 0.832452 0.906505 0.931080 0.888028 0.850740 0.818349 0.790169 0.765647 0.744341 0.725890 0.710001 0.696434 0.684995 0.675527 0.667904 0.662029 0.657827 0.655246 0.654256 0.654844 0.657017 0.660563 0.648170 0.637741 0.629135 0.622237 0.616958 0.613233 0.611016 1365.000000 1.296651 0.718440
0.676866 0.720136 0.771301 0.832452 0.906505 0.931080 0.888028 0.850740 0.818349 0.790169 0.765647 0.744341 0.725890 0.710001 0.696434 0.684995 0.675527 0.667904 0.662029 0.657827 0.655246 0.654256 0.654844 0.657017 0.660563 0.648170 0.637741 0.629135 0.622237 0.616958 0.613233 0.611016 0.610281 0.611016 0.613233 0.616958 0.622237 0.629135 0.637741 0.639986 0.626207 0.614459 0.604573 0.596414 0.589874 0.584871 0.581339 0.579238 0.578540 0.579238 0.581339 0.584871 0.589874 0.596414 0.604573 0.614459 0.626207 0.639986 0.656000 0.653815 0.639900 0.628047 0.618087 0.609884 0.603331 0.598343 0.594858 0.592833 0.592244 0.593084 0.595362 0.599107 0.604364 0.611200 0.619702 0.629983 0.642185 0.656481 0.673086 0.692265 0.714339 0.739709 0.768867 0.802431 0.841178 0.886100 0.938479 1.000000 0.947632 0.865785 0.798723 0.742964 0.696049 0.656195 0.622075 0.592685 0.567251 0.545170 0.525964 0.509249 0.494720 0.482125 0.471263 0.461969 0.454106 0.447567 0.442482 0.438562 0.435751 0.434014 0.433332 0.433694 0.435106 0.437585 0.441162 0.445880 0.451800 0.459001 0.467579 0.477657 0.489384 0.502943 0.518560 0.536511 0.557140 0.580875 0.608252 0.639956 1365.000000 1.296651 0.718440
0.567251 0.545170 0.525964 0.509249 0.494720 0.482125 0.471263 0.461969 0.454106 0.447567 0.442482 0.438562 0.435751 0.434014 0.433332 0.433694 0.435106 0.437585 0.441162 0.445880 0.451800 0.459001 0.467579 0.477657 0.489384 0.502943 0.518560 0.536511 0.557140 0.580875 0.608252 0.639956 0.676866 0.720136 0.771301 0.832452 0.906505 0.931080 0.888028 0.850740 0.818349 0.790169 0.765647 0.744341 0.725890 0.710001 0.696434 0.684995 0.675527 0.667904 0.662029 0.657827 0.655246 0.654256 0.654844 0.657017 0.660563 0.648170 0.637741 0.629135 0.622237 0.616958 0.613233 0.611016 0.610281 0.611016 0.613233 0.616958 0.622237 0.629135 0.637741 0.639986 0.626207 0.614459 0.604573 0.596414 0.589874 0.584871 0.581339 0.579238 0.578540 0.579238 0.581339 0.584871 0.589874 0.596414 0.604573 0.614459 0.626207 0.639986 0.656000 0.653815 0.639900 0.628047 0.618087 0.609884 0.603331 0.598343 0.594858 0.592833 0.592244 0.593084 0.595362 0.599107 0.604364 0.611200 0.619702 0.629983 0.642185 0.656481 0.673086 0.692265 0.714339 0.739709 0.768867 0.802431 0.841178 0.886100 0.938479 1.000000 0.947632 0.865785 0.798723 0.742964 0.696049 0.656195 0.622075 0.592685 1365.000000 1.296651 0.718440
0.715269 0.707125 0.700834 0.696317 0.693518 0.692402 0.692957 0.695188 0.699124 0.704812 0.712324 0.721755 0.733229 0.746902 0.762968 0.781665 0.803285 0.828186 0.856812 0.879939 0.831491 0.789903 0.754007 0.722898 0.695864 0.672340 0.651874 0.634099 0.618719 0.605492 0.594220 0.584743 0.576931 0.570682 0.565916 0.562573 0.560612 0.560008 0.560756 0.562863 0.566356 0.571277 0.577688 0.585672 0.595334 0.606807 0.620254 0.635877 0.646861 0.648703 0.652131 0.657188 0.663936 0.672460 0.682872 0.695314 0.709959 0.727024 0.746773 0.769530 0.795695 0.825761 0.860343 0.900211 0.946344 1.000000 0.947980 0.890212 0.840990 0.798749 0.762297 0.730711 0.703265 0.679383 0.658605 0.640558 0.624938 0.611500 0.600043 0.590404 0.582450 0.576077 0.571204 0.567768 0.565728 0.565060 0.563586 0.563040 0.563852 0.566033 0.569608 0.574621 0.581136 0.589236 0.599029 0.610649 0.624262 0.640073 0.658332 0.679349 0.703503 0.731264 0.763221 0.800113 0.842888 0.849921 0.818167 0.790535 0.766496 0.745618 0.727554 0.712020 0.698783 0.687655 0.678486 0.671153 0.665563 0.661647 0.659355 0.658661 0.659555 0.662049 0.666172 0.671977 0.679535 0.688943 0.700327 0.713841 18660.000000 1.187786 0.780376
0.624262 0.640073 0.658332 0.679349 0.703503 0.731264 0.763221 0.800113 0.842888 0.849921 0.818167 0.790535 0.766496 0.745618 0.727554 0.712020 0.698783 0.687655 0.678486 0.671153 0.665563 0.661647 0.659355 0.658661 0.659555 0.662049 0.666172 0.671977 0.679535 0.688943 0.700327 0.713841 0.715269 0.707125 0.700834 0.696317 0.693518 0.692402 0.692957 0.695188 0.699124 0.704812 0.712324 0.721755 0.733229 0.746902 0.762968 0.781665 0.803285 0.828186 0.856812 0.879939 0.831491 0.789903 0.754007 0.722898 0.695864 0.672340 0.651874 0.634099 0.618719 0.605492 0.594220 0.584743 0.576931 0.570682 0.565916 0.562573 0.560612 0.560008 0.560756 0.562863 0.566356 0.571277 0.577688 0.585672 0.595334 0.606807 0.620254 0.635877 0.646861 0.648703 0.652131 0.657188 0.663936 0.672460 0.682872 0.695314 0.709959 0.727024 0.746773 0.769530 0.795695 0.825761 0.860343 0.900211 0.946344 1.000000 0.947980 0.890212 0.840990 0.798749 0.762297 0.730711 0.703265 0.679383 0.658605 0.640558 0.624938 0.611500 0.600043 0.590404 0.582450 0.576077 0.571204 0.567768 0.565728 0.565060 0.563586 0.563040 0.563852 0.566033 0.569608 0.574621 0.581136 0.589236 0.599029 0.610649 18660.000000 1.187786 0.780376
0.946344 1.000000 0.947980 0.890212 0.840990 0.798749 0.762297 0.730711 0.703265 0.679383 0.658605 0.640558 0.624938 0.611500 0.600043 0.590404 0.582450 0.576077 0.571204 0.567768 0.565728 0.565060 0.563586 0.563040 0.563852 0.566033 0.569608 0.574621 0.581136 0.589236 0.599029 0.610649 0.624262 0.640073 0.658332 0.679349 0.703503 0.731264 0.763221 0.800113 0.842888 0.849921 0.818167 0.790535 0.766496 0.745618 0.727554 0.712020 0.698783 0.687655 0.678486 0.671153 0.665563 0.661647 0.659355 0.658661 0.659555 0.662049 0.666172 0.671977 0.679535 0.688943 0.700327 0.713841 0.715269 0.707125 0.700834 0.696317 0.693518 0.692402 0.692957 0.695188 0.699124 0.704812 0.712324 0.721755 0.733229 0.746902 0.762968 0.781665 0.803285 0.828186 0.856812 0.879939 0.831491 0.789903 0.754007 0.722898 0.695864 0.672340 0.651874 0.634099 0.618719 0.605492 0.594220 0.584743 0.576931 0.570682 0.565916 0.562573 0.560612 0.560008 0.560756 0.562863 0.566356 0.571277 0.577688 0.585672 0.595334 0.606807 0.620254 0.635877 0.646861 0.648703 0.652131 0.657188 0.663936 0.672460 0.682872 0.695314 0.709959 0.727024 0.746773 0.769530 0.795695 0.825761 0.860343 0.900211 18660.000000 1.187786 0.780376
0.576931 0.570682 0.565916 0.562573 0.560612 0.560008 0.560756 0.562863 0.566356 0.571277 0.577688 0.585672 0.595334 0.606807 0.620254 0.635877 0.646861 0.648703 0.652131 0.657188 0.663936 0.672460 0.682872 0.695314 0.709959 0.727024 0.746773 0.769530 0.795695 0.825761 0.860343 0.900211 0.946344 1.000000 0.947980 0.890212 0.840990 0.798749 0.762297 0.730711 0.703265 0.679383 0.658605 0.640558 0.624938 0.611500 0.600043 0.590404 0.582450 0.576077 0.571204 0.567768 0.565728 0.565060 0.563586 0.563040 0.563852 0.566033 0.569608 0.574621 0.581136 0.589236 0.599029 0.610649 0.624262 0.640073 0.658332 0.679349 0.703503 0.731264 0.763221 0.800113 0.842888 0.849921 0.818167 0.790535 0.766496 0.745618 0.727554 0.712020 0.698783 0.687655 0.678486 0.671153 0.665563 0.661647 0.659355 0.658661 0.659555 0.662049 0.666172 0.671977 0.679535 0.688943 0.700327 0.713841 0.715269 0.707125 0.700834 0.696317 0.693518 0.692402 0.692957 0.695188 0.699124 0.704812 0.712324 0.721755 0.733229 0.746902 0.762968 0.781665 0.803285 0.828186 0.856812 0.879939 0.831491 0.789903 0.754007 0.722898 0.695864 0.672340 0.651874 0.634099 0.618719 0.605492 0.594220 0.584743 18660.000000 1.187786 0.780376
0.732596 0.789881 0.859130 0.944182 0.993304 0.917266 0.853952 0.800619 0.755268 0.716413 0.682925 0.653933 0.628755 0.606852 0.587792 0.571227 0.556875 0.544506 0.533933 0.525004 0.517594 0.511606 0.506963 0.503605 0.501492 0.500597 0.500910 0.502435 0.505189 0.509208 0.514540 0.521255 0.529439 0.539204 0.550688 0.564060 0.579528 0.597348 0.617835 0.641377 0.668458 0.699686 0.735836 0.777900 0.827178 0.782911 0.739423 0.702114 0.669925 0.642038 0.617808 0.596726 0.578382 0.562448 0.548654 0.536783 0.526656 0.518130 0.511087 0.505434 0.501098 0.498027 0.496180 0.495537 0.496089 0.497842 0.500819 0.505056 0.510606 0.517540 0.525949 0.535948 0.547680 0.561320 0.577082 0.595230 0.616089 0.640061 0.667648 0.699481 0.736364 0.779335 0.829756 0.889442 0.960875 1.000000 0.903920 0.826501 0.762990 0.710132 0.665623 0.627787 0.595379 0.567452 0.543278 0.522287 0.504026 0.488135 0.474324 0.462355 0.452038 0.443216 0.435761 0.429571 0.424562 0.420671 0.417848 0.416058 0.415280 0.415503 0.416732 0.418980 0.422275 0.426659 0.432186 0.438930 0.446982 0.456454 0.467488 0.480254 0.494962 0.511872 0.531303 0.553655 0.579426 0.609254 0.643955 0.684596 7679.500000 1.298261 0.589121
0.504026 0.488135 0.474324 0.462355 0.452038 0.443216 0.435761 0.429571 0.424562 0.420671 0.417848 0.416058 0.415280 0.415503 0.416732 0.418980 0.422275 0.426659 0.432186 0.438930 0.446982 0.456454 0.467488 0.480254 0.494962 0.511872 0.531303 0.553655 0.579426 0.609254 0.643955 0.684596 0.732596 0.789881 0.859130 0.944182 0.993304 0.917266 0.853952 0.800619 0.755268 0.716413 0.682925 0.653933 0.628755 0.606852 0.587792 0.571227 0.556875 0.544506 0.533933 0.525004 0.517594 0.511606 0.506963 0.503605 0.501492 0.500597 0.500910 0.502435 0.505189 0.509208 0.514540 0.521255 0.529439 0.539204 0.550688 0.564060 0.579528 0.597348 0.617835 0.641377 0.668458 0.699686 0.735836 0.777900 0.827178 0.782911 0.739423 0.702114 0.669925 0.642038 0.617808 0.596726 0.578382 0.562448 0.548654 0.536783 0.526656 0.518130 0.511087 0.505434 0.501098 0.498027 0.496180 0.495537 0.496089 0.497842 0.500819 0.505056 0.510606 0.517540 0.525949 0.535948 0.547680 0.561320 0.577082 0.595230 0.616089 0.640061 0.667648 0.699481 0.736364 0.779335 0.829756 0.889442 0.960875 1.000000 0.903920 0.826501 0.762990 0.710132 0.665623 0.627787 0.595379 0.567452 0.543278 0.522287 7679.500000 1.298261 0.589121
0.496089 0.497842 0.500819 0.505056 0.510606 0.517540 0.525949 0.535948 0.547680 0.561320 0.577082 0.595230 0.616089 0.640061 0.667648 0.699481 0.736364 0.779335 0.829756 0.889442 0.960875 1.000000 0.903920 0.826501 0.762990 0.710132 0.665623 0.627787 0.595379 0.567452 0.543278 0.522287 0.504026 0.488135 0.474324 0.462355 0.452038 0.443216 0.435761 0.429571 0.424562 0.420671 0.417848 0.416058 0.415280 0.415503 0.416732 0.418980 0.422275 0.426659 0.432186 0.438930 0.446982 0.456454 0.467488 0.480254 0.494962 0.511872 0.531303 0.553655 0.579426 0.609254 0.643955 0.684596 0.732596 0.789881 0.859130 0.944182 0.993304 0.917266 0.853952 0.800619 0.755268 0.716413 0.682925 0.653933 0.628755 0.606852 0.587792 0.571227 0.556875 0.544506 0.533933 0.525004 0.517594 0.511606 0.506963 0.503605 0.501492 0.500597 0.500910 0.502435 0.505189 0.509208 0.514540 0.521255 0.529439 0.539204 0.550688 0.564060 0.579528 0.597348 0.617835 0.641377 0.668458 0.699686 0.735836 0.777900 0.827178 0.782911 0.739423 0.702114 0.669925 0.642038 0.617808 0.596726 0.578382 0.562448 0.548654 0.536783 0.526656 0.518130 0.511087 0.505434 0.501098 0.498027 0.496180 0.495537 7679.500000 1.298261 0.589121
0.529439 0.539204 0.550688 0.564060 0.579528 0.597348 0.617835 0.641377 0.668458 0.699686 0.735836 0.777900 0.827178 0.782911 0.739423 0.702114 0.669925 0.642038 0.617808 0.596726 0.578382 0.562448 0.548654 0.536783 0.526656 0.518130 0.511087 0.505434 0.501098 0.498027 0.496180 0.495537 0.496089 0.497842 0.500819 0.505056 0.510606 0.517540 0.525949 0.535948 0.547680 0.561320 0.577082 0.595230 0.616089 0.640061 0.667648 0.699481 0.736364 0.779335 0.829756 0.889442 0.960875 1.000000 0.903920 0.826501 0.762990 0.710132 0.665623 0.627787 0.595379 0.567452 0.543278 0.522287 0.504026 0.488135 0.474324 0.462355 0.452038 0.443216 0.435761 0.429571 0.424562 0.420671 0.417848 0.416058 0.415280 0.415503 0.416732 0.418980 0.422275 0.426659 0.432186 0.438930 0.446982 0.456454 0.467488 0.480254 0.494962 0.511872 0.531303 0.553655 0.579426 0.609254 0.643955 0.684596 0.732596 0.789881 0.859130 0.944182 0.993304 0.917266 0.853952 0.800619 0.755268 0.716413 0.682925 0.653933 0.628755 0.606852 0.587792 0.571227 0.556875 0.544506 0.533933 0.525004 0.517594 0.511606 0.506963 0.503605 0.501492 0.500597 0.500910 0.502435 0.505189 0.509208 0.514540 0.521255 7679.500000 1.298261 0.589121
0.826862 0.841641 0.859066 0.879391 0.902929 0.930064 0.895917 0.863495 0.835279 0.810741 0.789451 0.771060 0.755285 0.741893 0.730698 0.721549 0.714325 0.708935 0.705313 0.703413 0.703213 0.704796 0.708307 0.713581 0.720684 0.729705 0.740762 0.754003 0.769615 0.787824 0.808912 0.833223 0.861179 0.893303 0.930244 0.972817 1.000000 0.964215 0.933074 0.905995 0.882510 0.862236 0.844862 0.830136 0.817850 0.807840 0.799977 0.794159 0.790316 0.788400 0.788388 0.790280 0.794099 0.799891 0.807729 0.817710 0.827298 0.815808 0.806550 0.799404 0.794279 0.791114 0.789870 0.790531 0.793105 0.797623 0.804142 0.812743 0.823534 0.825699 0.809709 0.796209 0.785012 0.775968 0.768963 0.763906 0.760736 0.759414 0.759925 0.762274 0.766489 0.772623 0.780752 0.790980 0.803441 0.818303 0.835777 0.856121 0.879653 0.906760 0.889313 0.867283 0.848313 0.832117 0.818462 0.807161 0.798065 0.791056 0.786046 0.782973 0.781800 0.782514 0.785121 0.789655 0.796171 0.804750 0.815502 0.828568 0.844127 0.862398 0.883653 0.900189 0.877019 0.857026 0.839902 0.825398 0.813312 0.803484 0.795784 0.790115 0.786409 0.784618 0.784721 0.786720 0.790639 0.796525 0.804452 0.814521 3866.000000 1.007789 0.878730
0.798065 0.791056 0.786046 0.782973 0.781800 0.782514 0.785121 0.789655 0.796171 0.804750 0.815502 0.828568 0.844127 0.862398 0.883653 0.900189 0.877019 0.857026 0.839902 0.825398 0.813312 0.803484 0.795784 0.790115 0.786409 0.784618 0.784721 0.786720 0.790639 0.796525 0.804452 0.814521 0.826862 0.841641 0.859066 0.879391 0.902929 0.930064 0.895917 0.863495 0.835279 0.810741 0.789451 0.771060 0.755285 0.741893 0.730698 0.721549 0.714325 0.708935 0.705313 0.703413 0.703213 0.704796 0.708307 0.713581 0.720684 0.729705 0.740762 0.754003 0.769615 0.787824 0.808912 0.833223 0.861179 0.893303 0.930244 0.972817 1.000000 0.964215 0.933074 0.905995 0.882510 0.862236 0.844862 0.830136 0.817850 0.807840 0.799977 0.794159 0.790316 0.788400 0.788388 0.790280 0.794099 0.799891 0.807729 0.817710 0.827298 0.815808 0.806550 0.799404 0.794279 0.791114 0.789870 0.790531 0.793105 0.797623 0.804142 0.812743 0.823534 0.825699 0.809709 0.796209 0.785012 0.775968 0.768963 0.763906 0.760736 0.759414 0.759925 0.762274 0.766489 0.772623 0.780752 0.790980 0.803441 0.818303 0.835777 0.856121 0.879653 0.906760 0.889313 0.867283 0.848313 0.832117 0.818462 0.807161 3866.000000 1.007789 0.878730
0.793105 0.797623 0.804142 0.812743 0.823534 0.825699 0.809709 0.796209 0.785012 0.775968 0.768963 0.763906 0.760736 0.759414 0.759925 0.762274 0.766489 0.772623 0.780752 0.790980 0.803441 0.818303 0.835777 0.856121 0.879653 0.906760 0.889313 0.867283 0.848313 0.832117 0.818462 0.807161 0.798065 0.791056 0.786046 0.782973 0.781800 0.782514 0.785121 0.789655 0.796171 0.804750 0.815502 0.828568 0.844127 0.862398 0.883653 0.900189 0.877019 0.857026 0.839902 0.825398 0.813312 0.803484 0.795784 0.790115 0.786409 0.784618 0.784721 0.786720 0.790639 0.796525 0.804452 0.814521 0.826862 0.841641 0.859066 0.879391 0.902929 0.930064 0.895917 0.863495 0.835279 0.810741 0.789451 0.771060 0.755285 0.741893 0.730698 0.721549 0.714325 0.708935 0.705313 0.703413 0.703213 0.704796 0.708307 0.713581 0.720684 0.729705 0.740762 0.754003 0.769615 0.787824 0.808912 0.833223 0.861179 0.893303 0.930244 0.972817 1.000000 0.964215 0.933074 0.905995 0.882510 0.862236 0.844862 0.830136 0.817850 0.807840 0.799977 0.794159 0.790316 0.788400 0.788388 0.790280 0.794099 0.799891 0.807729 0.817710 0.827298 0.815808 0.806550 0.799404 0.794279 0.791114 0.789870 0.790531 3866.000000 1.007789 0.878730
0.861179 0.893303 0.930244 0.972817 1.000000 0.964215 0.933074 0.905995 0.882510 0.862236 0.844862 0.830136 0.817850 0.807840 0.799977 0.794159 0.790316 0.788400 0.788388 0.790280 0.794099 0.799891 0.807729 0.817710 0.827298 0.815808 0.806550 0.799404 0.794279 0.791114 0.789870 0.790531 0.793105 0.797623 0.804142 0.812743 0.823534 0.825699 0.809709 0.796209 0.785012 0.775968 0.768963 0.763906 0.760736 0.759414 0.759925 0.762274 0.766489 0.772623 0.780752 0.790980 0.803441 0.818303 0.835777 0.856121 0.879653 0.906760 0.889313 0.867283 0.848313 0.832117 0.818462 0.807161 0.798065 0.791056 0.786046 0.782973 0.781800 0.782514 0.785121 0.789655 0.796171 0.804750 0.815502 0.828568 0.844127 0.862398 0.883653 0.900189 0.877019 0.857026 0.839902 0.825398 0.813312 0.803484 0.795784 0.790115 0.786409 0.784618 0.784721 0.786720 0.790639 0.796525 0.804452 0.814521 0.826862 0.841641 0.859066 0.879391 0.902929 0.930064 0.895917 0.863495 0.835279 0.810741 0.789451 0.771060 0.755285 0.741893 0.730698 0.721549 0.714325 0.708935 0.705313 0.703413 0.703213 0.704796 0.708307 0.713581 0.720684 0.729705 0.740762 0.754003 0.769615 0.787824 0.808912 0.833223 3866.000000 1.007789 0.878730
0.910411 0.934462 0.938187 0.923063 0.910578 0.900566 0.892900 0.887483 0.884249 0.883159 0.884198 0.887381 0.892744 0.900356 0.910310 0.922734 0.937793 0.955691 0.976686 1.000000 0.973751 0.951077 0.931629 0.915120 0.901320 0.890042 0.881139 0.874499 0.870038 0.867703 0.867464 0.869319 0.873290 0.879426 0.867700 0.846028 0.827356 0.811403 0.797940 0.786781 0.777777 0.770813 0.765801 0.762680 0.761410 0.761978 0.764389 0.768673 0.774883 0.783096 0.793417 0.805980 0.820958 0.838562 0.859051 0.882748 0.910043 0.941420 0.950193 0.934412 0.921330 0.910772 0.902604 0.896722 0.893053 0.891554 0.892205 0.895015 0.900018 0.907276 0.916878 0.928947 0.940561 0.924818 0.911753 0.901193 0.893002 0.887076 0.883343 0.881756 0.882296 0.884970 0.889811 0.896877 0.906258 0.918071 0.932473 0.949658 0.969869 0.941940 0.915561 0.892711 0.873026 0.856208 0.842017 0.830255 0.820768 0.813433 0.808157 0.804875 0.803549 0.804160 0.806718 0.811252 0.817820 0.826501 0.837408 0.850684 0.866508 0.885105 0.891774 0.873686 0.858344 0.845533 0.835081 0.826851 0.820741 0.816673 0.814598 0.814491 0.816350 0.820198 0.826082 0.834075 0.844278 0.856824 0.871880 0.889656 1599.000000 1.175377 0.920102
0.820768 0.813433 0.808157 0.804875 0.803549 0.804160 0.806718 0.811252 0.817820 0.826501 0.837408 0.850684 0.866508 0.885105 0.891774 0.873686 0.858344 0.845533 0.835081 0.826851 0.820741 0.816673 0.814598 0.814491 0.816350 0.820198 0.826082 0.834075 0.844278 0.856824 0.871880 0.889656 0.910411 0.934462 0.938187 0.923063 0.910578 0.900566 0.892900 0.887483 0.884249 0.883159 0.884198 0.887381 0.892744 0.900356 0.910310 0.922734 0.937793 0.955691 0.976686 1.000000 0.973751 0.951077 0.931629 0.915120 0.901320 0.890042 0.881139 0.874499 0.870038 0.867703 0.867464 0.869319 0.873290 0.879426 0.867700 0.846028 0.827356 0.811403 0.797940 0.786781 0.777777 0.770813 0.765801 0.762680 0.761410 0.761978 0.764389 0.768673 0.774883 0.783096 0.793417 0.805980 0.820958 0.838562 0.859051 0.882748 0.910043 0.941420 0.950193 0.934412 0.921330 0.910772 0.902604 0.896722 0.893053 0.891554 0.892205 0.895015 0.900018 0.907276 0.916878 0.928947 0.940561 0.924818 0.911753 0.901193 0.893002 0.887076 0.883343 0.881756 0.882296 0.884970 0.889811 0.896877 0.906258 0.918071 0.932473 0.949658 0.969869 0.941940 0.915561 0.892711 0.873026 0.856208 0.842017 0.830255 1599.000000 1.175377 0.920102
0.893053 0.891554 0.892205 0.895015 0.900018 0.907276 0.916878 0.928947 0.940561 0.924818 0.911753 0.901193 0.893002 0.887076 0.883343 0.881756 0.882296 0.884970 0.889811 0.896877 0.906258 0.918071 0.932473 0.949658 0.969869 0.941940 0.915561 0.892711 0.873026 0.856208 0.842017 0.830255 0.820768 0.813433 0.808157 0.804875 0.803549 0.804160 0.806718 0.811252 0.817820 0.826501 0.837408 0.850684 0.866508 0.885105 0.891774 0.873686 0.858344 0.845533 0.835081 0.826851 0.820741 0.816673 0.814598 0.814491 0.816350 0.820198 0.826082 0.834075 0.844278 0.856824 0.871880 0.889656 0.910411 0.934462 0.938187 0.923063 0.910578 0.900566 0.892900 0.887483 0.884249 0.883159 0.884198 0.887381 0.892744 0.900356 0.910310 0.922734 0.937793 0.955691 0.976686 1.000000 0.973751 0.951077 0.931629 0.915120 0.901320 0.890042 0.881139 0.874499 0.870038 0.867703 0.867464 0.869319 0.873290 0.879426 0.867700 0.846028 0.827356 0.811403 0.797940 0.786781 0.777777 0.770813 0.765801 0.762680 0.761410 0.761978 0.764389 0.768673 0.774883 0.783096 0.793417 0.805980 0.820958 0.838562 0.859051 0.882748 0.910043 0.941420 0.950193 0.934412 0.921330 0.910772 0.902604 0.896722 1599.000000 1.175377 0.920102
0.873290 0.879426 0.867700 0.846028 0.827356 0.811403 0.797940 0.786781 0.777777 0.770813 0.765801 0.762680 0.761410 0.761978 0.764389 0.768673 0.774883 0.783096 0.793417 0.805980 0.820958 0.838562 0.859051 0.882748 0.910043 0.941420 0.950193 0.934412 0.921330 0.910772 0.902604 0.896722 0.893053 0.891554 0.892205 0.895015 0.900018 0.907276 0.916878 0.928947 0.940561 0.924818 0.911753 0.901193 0.893002 0.887076 0.883343 0.881756 0.882296 0.884970 0.889811 0.896877 0.906258 0.918071 0.932473 0.949658 0.969869 0.941940 0.915561 0.892711 0.873026 0.856208 0.842017 0.830255 0.820768 0.813433 0.808157 0.804875 0.803549 0.804160 0.806718 0.811252 0.817820 0.826501 0.837408 0.850684 0.866508 0.885105 0.891774 0.873686 0.858344 0.845533 0.835081 0.826851 0.820741 0.816673 0.814598 0.814491 0.816350 0.820198 0.826082 0.834075 0.844278 0.856824 0.871880 0.889656 0.910411 0.934462 0.938187 0.923063 0.910578 0.900566 0.892900 0.887483 0.884249 0.883159 0.884198 0.887381 0.892744 0.900356 0.910310 0.922734 0.937793 0.955691 0.976686 1.000000 0.973751 0.951077 0.931629 0.915120 0.901320 0.890042 0.881139 0.874499 0.870038 0.867703 0.867464 0.869319 1599.000000 1.175377 0.920102
0.543064 0.530357 0.519454 0.510195 0.502450 0.496113 0.491103 0.487355 0.484823 0.483476 0.483298 0.484285 0.486452 0.489823 0.494440 0.500363 0.507666 0.516449 0.526833 0.538967 0.553038 0.569271 0.587945 0.609404 0.634074 0.662489 0.695323 0.733442 0.777965 0.830372 0.892656 0.967561 1.000000 0.934867 0.879689 0.832556 0.792027 0.757001 0.726617 0.700200 0.677211 0.657216 0.639866 0.624874 0.612010 0.601084 0.591941 0.584460 0.578542 0.574112 0.571114 0.569512 0.569287 0.570436 0.572973 0.576928 0.582351 0.589311 0.597896 0.608222 0.620432 0.634703 0.651251 0.670344 0.692308 0.717547 0.713327 0.686509 0.663174 0.642871 0.625236 0.609973 0.596841 0.585643 0.576221 0.568445 0.562212 0.557443 0.554077 0.552074 0.551409 0.552074 0.554077 0.557443 0.562212 0.568445 0.576221 0.585643 0.596841 0.609973 0.625236 0.642871 0.663174 0.686509 0.713327 0.744191 0.779810 0.821088 0.869191 0.861621 0.830603 0.803610 0.780136 0.759773 0.742188 0.727111 0.714321 0.703639 0.694921 0.688054 0.682951 0.679548 0.677803 0.677696 0.679224 0.682407 0.687284 0.693915 0.702384 0.712800 0.725303 0.706397 0.672045 0.642355 0.616600 0.594207 0.574719 0.557771 4855.000000 1.425721 0.733731
0.779810 0.821088 0.869191 0.861621 0.830603 0.803610 0.780136 0.759773 0.742188 0.727111 0.714321 0.703639 0.694921 0.688054 0.682951 0.679548 0.677803 0.677696 0.679224 0.682407 0.687284 0.693915 0.702384 0.712800 0.725303 0.706397 0.672045 0.642355 0.616600 0.594207 0.574719 0.557771 0.543064 0.530357 0.519454 0.510195 0.502450 0.496113 0.491103 0.487355 0.484823 0.483476 0.483298 0.484285 0.486452 0.489823 0.494440 0.500363 0.507666 0.516449 0.526833 0.538967 0.553038 0.569271 0.587945 0.609404 0.634074 0.662489 0.695323 0.733442 0.777965 0.830372 0.892656 0.967561 1.000000 0.934867 0.879689 0.832556 0.792027 0.757001 0.726617 0.700200 0.677211 0.657216 0.639866 0.624874 0.612010 0.601084 0.591941 0.584460 0.578542 0.574112 0.571114 0.569512 0.569287 0.570436 0.572973 0.576928 0.582351 0.589311 0.597896 0.608222 0.620432 0.634703 0.651251 0.670344 0.692308 0.717547 0.713327 0.686509 0.663174 0.642871 0.625236 0.609973 0.596841 0.585643 0.576221 0.568445 0.562212 0.557443 0.554077 0.552074 0.551409 0.552074 0.554077 0.557443 0.562212 0.568445 0.576221 0.585643 0.596841 0.609973 0.625236 0.642871 0.663174 0.686509 0.713327 0.744191 4855.000000 1.425721 0.733731
0.692308 0.717547 0.713327 0.686509 0.663174 0.642871 0.625236 0.609973 0.596841 0.585643 0.576221 0.568445 0.562212 0.557443 0.554077 0.552074 0.551409 0.552074 0.554077 0.557443 0.562212 0.568445 0.576221 0.585643 0.596841 0.609973 0.625236 0.642871 0.663174 0.686509 0.713327 0.744191 0.779810 0.821088 0.869191 0.861621 0.830603 0.803610 0.780136 0.759773 0.742188 0.727111 0.714321 0.703639 0.694921 0.688054 0.682951 0.679548 0.677803 0.677696 0.679224 0.682407 0.687284 0.693915 0.702384 0.712800 0.725303 0.706397 0.672045 0.642355 0.616600 0.594207 0.574719 0.557771 0.543064 0.530357 0.519454 0.510195 0.502450 0.496113 0.491103 0.487355 0.484823 0.483476 0.483298 0.484285 0.486452 0.489823 0.494440 0.500363 0.507666 0.516449 0.526833 0.538967 0.553038 0.569271 0.587945 0.609404 0.634074 0.662489 0.695323 0.733442 0.777965 0.830372 0.892656 0.967561 1.000000 0.934867 0.879689 0.832556 0.792027 0.757001 0.726617 0.700200 0.677211 0.657216 0.639866 0.624874 0.612010 0.601084 0.591941 0.584460 0.578542 0.574112 0.571114 0.569512 0.569287 0.570436 0.572973 0.576928 0.582351 0.589311 0.597896 0.608222 0.620432 0.634703 0.651251 0.670344 4855.000000 1.425721 0.733731
1.000000 0.934867 0.879689 0.832556 0.792027 0.757001 0.726617 0.700200 0.677211 0.657216 0.639866 0.624874 0.612010 0.601084 0.591941 0.584460 0.578542 0.574112 0.571114 0.569512 0.569287 0.570436 0.572973 0.576928 0.582351 0.589311 0.597896 0.608222 0.620432 0.634703 0.651251 0.670344 0.692308 0.717547 0.713327 0.686509 0.663174 0.642871 0.625236 0.609973 0.596841 0.585643 0.576221 0.568445 0.562212 0.557443 0.554077 0.552074 0.551409 0.552074 0.554077 0.557443 0.562212 0.568445 0.576221 0.585643 0.596841 0.609973 0.625236 0.642871 0.663174 0.686509 0.713327 0.744191 0.779810 0.821088 0.869191 0.861621 0.830603 0.803610 0.780136 0.759773 0.742188 0.727111 0.714321 0.703639 0.694921 0.688054 0.682951 0.679548 0.677803 0.677696 0.679224 0.682407 0.687284 0.693915 0.702384 0.712800 0.725303 0.706397 0.672045 0.642355 0.616600 0.594207 0.574719 0.557771 0.543064 0.530357 0.519454 0.510195 0.502450 0.496113 0.491103 0.487355 0.484823 0.483476 0.483298 0.484285 0.486452 0.489823 0.494440 0.500363 0.507666 0.516449 0.526833 0.538967 0.553038 0.569271 0.587945 0.609404 0.634074 0.662489 0.695323 0.733442 0.777965 0.830372 0.892656 0.967561 4855.000000 1.425721 0.733731
0.844623 0.825368 0.808876 0.794908 0.783269 0.773804 0.766388 0.760929 0.757359 0.755634 0.755734 0.757659 0.761433 0.767102 0.774736 0.784433 0.796318 0.810552 0.827333 0.846907 0.869576 0.895708 0.925759 0.960290 1.000000 0.981334 0.930215 0.886187 0.848089 0.815015 0.786247 0.761211 0.739447 0.720581 0.704308 0.690380 0.678596 0.668791 0.660835 0.654624 0.650081 0.647148 0.645791 0.645992 0.647754 0.651099 0.656067 0.662721 0.671144 0.681447 0.693769 0.708282 0.725200 0.744784 0.767354 0.778881 0.769476 0.762109 0.756687 0.753144 0.751436 0.751541 0.753463 0.757223 0.762867 0.770467 0.780118 0.791945 0.806109 0.822807 0.842283 0.864838 0.890839 0.920739 0.955096 0.979381 0.937682 0.901472 0.869972 0.842561 0.818736 0.798092 0.780297 0.765081 0.752224 0.741549 0.732914 0.726207 0.721344 0.718264 0.716931 0.717327 0.719458 0.723349 0.729049 0.736627 0.746182 0.757837 0.771751 0.788119 0.807184 0.829241 0.854654 0.852089 0.824299 0.800131 0.779163 0.761053 0.745520 0.732338 0.721322 0.712323 0.705223 0.699933 0.696388 0.694542 0.694375 0.695884 0.699087 0.704024 0.710756 0.719367 0.729970 0.742706 0.757752 0.775326 0.795698 0.819196 3033.000000 1.172602 0.837570
0.746182 0.757837 0.771751 0.788119 0.807184 0.829241 0.854654 0.852089 0.824299 0.800131 0.779163 0.761053 0.745520 0.732338 0.721322 0.712323 0.705223 0.699933 0.696388 0.694542 0.694375 0.695884 0.699087 0.704024 0.710756 0.719367 0.729970 0.742706 0.757752 0.775326 0.795698 0.819196 0.844623 0.825368 0.808876 0.794908 0.783269 0.773804 0.766388 0.760929 0.757359 0.755634 0.755734 0.757659 0.761433 0.767102 0.774736 0.784433 0.796318 0.810552 0.827333 0.846907 0.869576 0.895708 0.925759 0.960290 1.000000 0.981334 0.930215 0.886187 0.848089 0.815015 0.786247 0.761211 0.739447 0.720581 0.704308 0.690380 0.678596 0.668791 0.660835 0.654624 0.650081 0.647148 0.645791 0.645992 0.647754 0.651099 0.656067 0.662721 0.671144 0.681447 0.693769 0.708282 0.725200 0.744784 0.767354 0.778881 0.769476 0.762109 0.756687 0.753144 0.751436 0.751541 0.753463 0.757223 0.762867 0.770467 0.780118 0.791945 0.806109 0.822807 0.842283 0.864838 0.890839 0.920739 0.955096 0.979381 0.937682 0.901472 0.869972 0.842561 0.818736 0.798092 0.780297 0.765081 0.752224 0.741549 0.732914 0.726207 0.721344 0.718264 0.716931 0.717327 0.719458 0.723349 0.729049 0.736627 3033.000000 1.172602 0.837570
0.762867 0.770467 0.780118 0.791945 0.806109 0.822807 0.842283 0.864838 0.890839 0.920739 0.955096 0.979381 0.937682 0.901472 0.869972 0.842561 0.818736 0.798092 0.780297 0.765081 0.752224 0.741549 0.732914 0.726207 0.721344 0.718264 0.716931 0.717327 0.719458 0.723349 0.729049 0.736627 0.746182 0.757837 0.771751 0.788119 0.807184 0.829241 0.854654 0.852089 0.824299 0.800131 0.779163 0.761053 0.745520 0.732338 0.721322 0.712323 0.705223 0.699933 0.696388 0.694542 0.694375 0.695884 0.699087 0.704024 0.710756 0.719367 0.729970 0.742706 0.757752 0.775326 0.795698 0.819196 0.844623 0.825368 0.808876 0.794908 0.783269 0.773804 0.766388 0.760929 0.757359 0.755634 0.755734 0.757659 0.761433 0.767102 0.774736 0.784433 0.796318 0.810552 0.827333 0.846907 0.869576 0.895708 0.925759 0.960290 1.000000 0.981334 0.930215 0.886187 0.848089 0.815015 0.786247 0.761211 0.739447 0.720581 0.704308 0.690380 0.678596 0.668791 0.660835 0.654624 0.650081 0.647148 0.645791 0.645992 0.647754 0.651099 0.656067 0.662721 0.671144 0.681447 0.693769 0.708282 0.725200 0.744784 0.767354 0.778881 0.769476 0.762109 0.756687 0.753144 0.751436 0.751541 0.753463 0.757223 3033.000000 1.172602 0.837570
0.739447 0.720581 0.704308 0.690380 0.678596 0.668791 0.660835 0.654624 0.650081 0.647148 0.645791 0.645992 0.647754 0.651099 0.656067 0.662721 0.671144 0.681447 0.693769 0.708282 0.725200 0.744784 0.767354 0.778881 0.769476 0.762109 0.756687 0.753144 0.751436 0.751541 0.753463 0.757223 0.762867 0.770467 0.780118 0.791945 0.806109 0.822807 0.842283 0.864838 0.890839 0.920739 0.955096 0.979381 0.937682 0.901472 0.869972 0.842561 0.818736 0.798092 0.780297 0.765081 0.752224 0.741549 0.732914 0.726207 0.721344 0.718264 0.716931 0.717327 0.719458 0.723349 0.729049 0.736627 0.746182 0.757837 0.771751 0.788119 0.807184 0.829241 0.854654 0.852089 0.824299 0.800131 0.779163 0.761053 0.745520 0.732338 0.721322 0.712323 0.705223 0.699933 0.696388 0.694542 0.694375 0.695884 0.699087 0.704024 0.710756 0.719367 0.729970 0.742706 0.757752 0.775326 0.795698 0.819196 0.844623 0.825368 0.808876 0.794908 0.783269 0.773804 0.766388 0.760929 0.757359 0.755634 0.755734 0.757659 0.761433 0.767102 0.774736 0.784433 0.796318 0.810552 0.827333 0.846907 0.869576 0.895708 0.925759 0.960290 1.000000 0.981334 0.930215 0.886187 0.848089 0.815015 0.786247 0.761211 3033.000000 1.172602 0.837570
0.485582 0.513543 0.546318 0.585068 0.631370 0.687431 0.756416 0.843049 0.812671 0.768192 0.729996 0.697019 0.668433 0.643589 0.621970 0.603162 0.586830 0.572703 0.560559 0.550217 0.541531 0.534382 0.528676 0.524341 0.521322 0.519582 0.519100 0.519870 0.521902 0.525220 0.529865 0.535896 0.543389 0.552445 0.563187 0.575770 0.590383 0.607259 0.626681 0.649002 0.674657 0.675433 0.630084 0.591778 0.559132 0.531112 0.506930 0.485974 0.467763 0.451918 0.438131 0.426158 0.415796 0.406883 0.399286 0.392897 0.387628 0.383410 0.380189 0.377924 0.376588 0.376164 0.376648 0.378045 0.380372 0.383658 0.387944 0.393285 0.399752 0.407432 0.416437 0.426900 0.438987 0.452902 0.468894 0.487274 0.508428 0.532844 0.561144 0.594130 0.632856 0.678732 0.733684 0.800416 0.882842 0.986843 1.000000 0.877500 0.783418 0.709100 0.649089 0.599775 0.558675 0.524029 0.494551 0.469283 0.447497 0.428631 0.412244 0.397988 0.385582 0.374802 0.365465 0.357422 0.350552 0.344756 0.339954 0.336082 0.333091 0.330943 0.329612 0.329081 0.329343 0.330403 0.332273 0.334975 0.338544 0.343026 0.348478 0.354975 0.362609 0.371494 0.381768 0.393601 0.407204 0.422835 0.440819 0.461562 1318.500000 1.690825 0.547312
0.447497 0.428631 0.412244 0.397988 0.385582 0.374802 0.365465 0.357422 0.350552 0.344756 0.339954 0.336082 0.333091 0.330943 0.329612 0.329081 0.329343 0.330403 0.332273 0.334975 0.338544 0.343026 0.348478 0.354975 0.362609 0.371494 0.381768 0.393601 0.407204 0.422835 0.440819 0.461562 0.485582 0.513543 0.546318 0.585068 0.631370 0.687431 0.756416 0.843049 0.812671 0.768192 0.729996 0.697019 0.668433 0.643589 0.621970 0.603162 0.586830 0.572703 0.560559 0.550217 0.541531 0.534382 0.528676 0.524341 0.521322 0.519582 0.519100 0.519870 0.521902 0.525220 0.529865 0.535896 0.543389 0.552445 0.563187 0.575770 0.590383 0.607259 0.626681 0.649002 0.674657 0.675433 0.630084 0.591778 0.559132 0.531112 0.506930 0.485974 0.467763 0.451918 0.438131 0.426158 0.415796 0.406883 0.399286 0.392897 0.387628 0.383410 0.380189 0.377924 0.376588 0.376164 0.376648 0.378045 0.380372 0.383658 0.387944 0.393285 0.399752 0.407432 0.416437 0.426900 0.438987 0.452902 0.468894 0.487274 0.508428 0.532844 0.561144 0.594130 0.632856 0.678732 0.733684 0.800416 0.882842 0.986843 1.000000 0.877500 0.783418 0.709100 0.649089 0.599775 0.558675 0.524029 0.494551 0.469283 1318.500000 1.690825 0.547312
0.380372 0.383658 0.387944 0.393285 0.399752 0.407432 0.416437 0.426900 0.438987 0.452902 0.468894 0.487274 0.508428 0.532844 0.561144 0.594130 0.632856 0.678732 0.733684 0.800416 0.882842 0.986843 1.000000 0.877500 0.783418 0.709100 0.649089 0.599775 0.558675 0.524029 0.494551 0.469283 0.447497 0.428631 0.412244 0.397988 0.385582 0.374802 0.365465 0.357422 0.350552 0.344756 0.339954 0.336082 0.333091 0.330943 0.329612 0.329081 0.329343 0.330403 0.332273 0.334975 0.338544 0.343026 0.348478 0.354975 0.362609 0.371494 0.381768 0.393601 0.407204 0.422835 0.440819 0.461562 0.485582 0.513543 0.546318 0.585068 0.631370 0.687431 0.756416 0.843049 0.812671 0.768192 0.729996 0.697019 0.668433 0.643589 0.621970 0.603162 0.586830 0.572703 0.560559 0.550217 0.541531 0.534382 0.528676 0.524341 0.521322 0.519582 0.519100 0.519870 0.521902 0.525220 0.529865 0.535896 0.543389 0.552445 0.563187 0.575770 0.590383 0.607259 0.626681 0.649002 0.674657 0.675433 0.630084 0.591778 0.559132 0.531112 0.506930 0.485974 0.467763 0.451918 0.438131 0.426158 0.415796 0.406883 0.399286 0.392897 0.387628 0.383410 0.380189 0.377924 0.376588 0.376164 0.376648 0.378045 1318.500000 1.690825 0.547312
0.543389 0.552445 0.563187 0.575770 0.590383 0.607259 0.626681 0.649002 0.674657 0.675433 0.630084 0.591778 0.559132 0.531112 0.506930 0.485974 0.467763 0.451918 0.438131 0.426158 0.415796 0.406883 0.399286 0.392897 0.387628 0.383410 0.380189 0.377924 0.376588 0.376164 0.376648 0.378045 0.380372 0.383658 0.387944 0.393285 0.399752 0.407432 0.416437 0.426900 0.438987 0.452902 0.468894 0.487274 0.508428 0.532844 0.561144 0.594130 0.632856 0.678732 0.733684 0.800416 0.882842 0.986843 1.000000 0.877500 0.783418 0.709100 0.649089 0.599775 0.558675 0.524029 0.494551 0.469283 0.447497 0.428631 0.412244 0.397988 0.385582 0.374802 0.365465 0.357422 0.350552 0.344756 0.339954 0.336082 0.333091 0.330943 0.329612 0.329081 0.329343 0.330403 0.332273 0.334975 0.338544 0.343026 0.348478 0.354975 0.362609 0.371494 0.381768 0.393601 0.407204 0.422835 0.440819 0.461562 0.485582 0.513543 0.546318 0.585068 0.631370 0.687431 0.756416 0.843049 0.812671 0.768192 0.729996 0.697019 0.668433 0.643589 0.621970 0.603162 0.586830 0.572703 0.560559 0.550217 0.541531 0.534382 0.528676 0.524341 0.521322 0.519582 0.519100 0.519870 0.521902 0.525220 0.529865 0.535896 1318.500000 1.690825 0.547312
0.767340 0.748352 0.732001 0.718043 0.706276 0.696540 0.688705 0.682671 0.678362 0.675724 0.674726 0.675356 0.677621 0.681548 0.687187 0.694606 0.703902 0.715197 0.728644 0.744434 0.762802 0.784036 0.808489 0.836597 0.868899 0.906065 0.948942 0.929260 0.880524 0.838564 0.802266 0.770759 0.743357 0.719511 0.698778 0.680800 0.665287 0.652001 0.640748 0.631373 0.623749 0.617777 0.613382 0.610510 0.609125 0.609211 0.610768 0.613816 0.618392 0.624552 0.632375 0.641963 0.653444 0.666980 0.682768 0.701051 0.711826 0.698471 0.687233 0.677959 0.670525 0.664837 0.660823 0.658434 0.657641 0.658434 0.660823 0.664837 0.670525 0.677959 0.687233 0.698471 0.711826 0.727488 0.745692 0.766724 0.790938 0.818769 0.850753 0.887564 0.930045 0.979276 1.000000 0.945840 0.899301 0.859099 0.824239 0.793935 0.767564 0.744625 0.724713 0.707497 0.692711 0.680135 0.669592 0.660939 0.654062 0.648874 0.645309 0.637967 0.626288 0.616487 0.608432 0.602015 0.597157 0.593795 0.591889 0.591415 0.592368 0.594759 0.598618 0.603992 0.610947 0.619576 0.629990 0.642335 0.656787 0.673564 0.692935 0.715226 0.740843 0.770288 0.804188 0.843334 0.876849 0.843511 0.814507 0.789268 765.000000 1.237652 0.784332
0.654062 0.648874 0.645309 0.637967 0.626288 0.616487 0.608432 0.602015 0.597157 0.593795 0.591889 0.591415 0.592368 0.594759 0.598618 0.603992 0.610947 0.619576 0.629990 0.642335 0.656787 0.673564 0.692935 0.715226 0.740843 0.770288 0.804188 0.843334 0.876849 0.843511 0.814507 0.789268 0.767340 0.748352 0.732001 0.718043 0.706276 0.696540 0.688705 0.682671 0.678362 0.675724 0.674726 0.675356 0.677621 0.681548 0.687187 0.694606 0.703902 0.715197 0.728644 0.744434 0.762802 0.784036 0.808489 0.836597 0.868899 0.906065 0.948942 0.929260 0.880524 0.838564 0.802266 0.770759 0.743357 0.719511 0.698778 0.680800 0.665287 0.652001 0.640748 0.631373 0.623749 0.617777 0.613382 0.610510 0.609125 0.609211 0.610768 0.613816 0.618392 0.624552 0.632375 0.641963 0.653444 0.666980 0.682768 0.701051 0.711826 0.698471 0.687233 0.677959 0.670525 0.664837 0.660823 0.658434 0.657641 0.658434 0.660823 0.664837 0.670525 0.677959 0.687233 0.698471 0.711826 0.727488 0.745692 0.766724 0.790938 0.818769 0.850753 0.887564 0.930045 0.979276 1.000000 0.945840 0.899301 0.859099 0.824239 0.793935 0.767564 0.744625 0.724713 0.707497 0.692711 0.680135 0.669592 0.660939 765.000000 1.237652 0.784332
0.657641 0.658434 0.660823 0.664837 0.670525 0.677959 0.687233 0.698471 0.711826 0.727488 0.745692 0.766724 0.790938 0.818769 0.850753 0.887564 0.930045 0.979276 1.000000 0.945840 0.899301 0.859099 0.824239 0.793935 0.767564 0.744625 0.724713 0.707497 0.692711 0.680135 0.669592 0.660939 0.654062 0.648874 0.645309 0.637967 0.626288 0.616487 0.608432 0.602015 0.597157 0.593795 0.591889 0.591415 0.592368 0.594759 0.598618 0.603992 0.610947 0.619576 0.629990 0.642335 0.656787 0.673564 0.692935 0.715226 0.740843 0.770288 0.804188 0.843334 0.876849 0.843511 0.814507 0.789268 0.767340 0.748352 0.732001 0.718043 0.706276 0.696540 0.688705 0.682671 0.678362 0.675724 0.674726 0.675356 0.677621 0.681548 0.687187 0.694606 0.703902 0.715197 0.728644 0.744434 0.762802 0.784036 0.808489 0.836597 0.868899 0.906065 0.948942 0.929260 0.880524 0.838564 0.802266 0.770759 0.743357 0.719511 0.698778 0.680800 0.665287 0.652001 0.640748 0.631373 0.623749 0.617777 0.613382 0.610510 0.609125 0.609211 0.610768 0.613816 0.618392 0.624552 0.632375 0.641963 0.653444 0.666980 0.682768 0.701051 0.711826 0.698471 0.687233 0.677959 0.670525 0.664837 0.660823 0.658434 765.000000 1.237652 0.784332
0.743357 0.719511 0.698778 0.680800 0.665287 0.652001 0.640748 0.631373 0.623749 0.617777 0.613382 0.610510 0.609125 0.609211 0.610768 0.613816 0.618392 0.624552 0.632375 0.641963 0.653444 0.666980 0.682768 0.701051 0.711826 0.698471 0.687233 0.677959 0.670525 0.664837 0.660823 0.658434 0.657641 0.658434 0.660823 0.664837 0.670525 0.677959 0.687233 0.698471 0.711826 0.727488 0.745692 0.766724 0.790938 0.818769 0.850753 0.887564 0.930045 0.979276 1.000000 0.945840 0.899301 0.859099 0.824239 0.793935 0.767564 0.744625 0.724713 0.707497 0.692711 0.680135 0.669592 0.660939 0.654062 0.648874 0.645309 0.637967 0.626288 0.616487 0.608432 0.602015 0.597157 0.593795 0.591889 0.591415 0.592368 0.594759 0.598618 0.603992 0.610947 0.619576 0.629990 0.642335 0.656787 0.673564 0.692935 0.715226 0.740843 0.770288 0.804188 0.843334 0.876849 0.843511 0.814507 0.789268 0.767340 0.748352 0.732001 0.718043 0.706276 0.696540 0.688705 0.682671 0.678362 0.675724 0.674726 0.675356 0.677621 0.681548 0.687187 0.694606 0.703902 0.715197 0.728644 0.744434 0.762802 0.784036 0.808489 0.836597 0.868899 0.906065 0.948942 0.929260 0.880524 0.838564 0.802266 0.770759 765.000000 1.237652 0.784332
0.878137 0.906605 0.896932 0.884793 0.875057 0.867601 0.862331 0.859182 0.858115 0.859118 0.862203 0.867408 0.874796 0.884460 0.896523 0.911146 0.928528 0.948916 0.972616 1.000000 0.957273 0.920160 0.887876 0.859782 0.835362 0.814198 0.795951 0.780341 0.767145 0.756180 0.747298 0.740385 0.735355 0.732144 0.730714 0.731047 0.733147 0.737041 0.742775 0.750420 0.760075 0.771865 0.785951 0.802529 0.821844 0.844195 0.849796 0.836654 0.825872 0.817308 0.810853 0.806427 0.803976 0.803469 0.804900 0.808287 0.813671 0.821119 0.830725 0.842611 0.856938 0.873901 0.893746 0.916774 0.943352 0.973934 0.963959 0.935918 0.911596 0.890597 0.872599 0.857339 0.844602 0.834219 0.826054 0.820004 0.815993 0.813972 0.813918 0.815828 0.819727 0.825662 0.833707 0.843964 0.856565 0.845822 0.831954 0.820478 0.811243 0.804129 0.799046 0.795933 0.794751 0.795487 0.798148 0.802767 0.809402 0.818134 0.829077 0.842372 0.858203 0.876792 0.898417 0.923416 0.923165 0.892547 0.865913 0.842794 0.822809 0.805645 0.791049 0.778816 0.768779 0.760807 0.754799 0.750678 0.748396 0.747924 0.749257 0.752410 0.757422 0.764355 0.773296 0.784361 0.797697 0.813488 0.831961 0.853397 10798.000000 1.136165 0.888751
0.809402 0.818134 0.829077 0.842372 0.858203 0.876792 0.898417 0.923416 0.923165 0.892547 0.865913 0.842794 0.822809 0.805645 0.791049 0.778816 0.768779 0.760807 0.754799 0.750678 0.748396 0.747924 0.749257 0.752410 0.757422 0.764355 0.773296 0.784361 0.797697 0.813488 0.831961 0.853397 0.878137 0.906605 0.896932 0.884793 0.875057 0.867601 0.862331 0.859182 0.858115 0.859118 0.862203 0.867408 0.874796 0.884460 0.896523 0.911146 0.928528 0.948916 0.972616 1.000000 0.957273 0.920160 0.887876 0.859782 0.835362 0.814198 0.795951 0.780341 0.767145 0.756180 0.747298 0.740385 0.735355 0.732144 0.730714 0.731047 0.733147 0.737041 0.742775 0.750420 0.760075 0.771865 0.785951 0.802529 0.821844 0.844195 0.849796 0.836654 0.825872 0.817308 0.810853 0.806427 0.803976 0.803469 0.804900 0.808287 0.813671 0.821119 0.830725 0.842611 0.856938 0.873901 0.893746 0.916774 0.943352 0.973934 0.963959 0.935918 0.911596 0.890597 0.872599 0.857339 0.844602 0.834219 0.826054 0.820004 0.815993 0.813972 0.813918 0.815828 0.819727 0.825662 0.833707 0.843964 0.856565 0.845822 0.831954 0.820478 0.811243 0.804129 0.799046 0.795933 0.794751 0.795487 0.798148 0.802767 10798.000000 1.136165 0.888751
0.943352 0.973934 0.963959 0.935918 0.911596 0.890597 0.872599 0.857339 0.844602 0.834219 0.826054 0.820004 0.815993 0.813972 0.813918 0.815828 0.819727 0.825662 0.833707 0.843964 0.856565 0.845822 0.831954 0.820478 0.811243 0.804129 0.799046 0.795933 0.794751 0.795487 0.798148 0.802767 0.809402 0.818134 0.829077 0.842372 0.858203 0.876792 0.898417 0.923416 0.923165 0.892547 0.865913 0.842794 0.822809 0.805645 0.791049 0.778816 0.768779 0.760807 0.754799 0.750678 0.748396 0.747924 0.749257 0.752410 0.757422 0.764355 0.773296 0.784361 0.797697 0.813488 0.831961 0.853397 0.878137 0.906605 0.896932 0.884793 0.875057 0.867601 0.862331 0.859182 0.858115 0.859118 0.862203 0.867408 0.874796 0.884460 0.896523 0.911146 0.928528 0.948916 0.972616 1.000000 0.957273 0.920160 0.887876 0.859782 0.835362 0.814198 0.795951 0.780341 0.767145 0.756180 0.747298 0.740385 0.735355 0.732144 0.730714 0.731047 0.733147 0.737041 0.742775 0.750420 0.760075 0.771865 0.785951 0.802529 0.821844 0.844195 0.849796 0.836654 0.825872 0.817308 0.810853 0.806427 0.803976 0.803469 0.804900 0.808287 0.813671 0.821119 0.830725 0.842611 0.856938 0.873901 0.893746 0.916774 10798.000000 1.136165 0.888751
0.735355 0.732144 0.730714 0.731047 0.733147 0.737041 0.742775 0.750420 0.760075 0.771865 0.785951 0.802529 0.821844 0.844195 0.849796 0.836654 0.825872 0.817308 0.810853 0.806427 0.803976 0.803469 0.804900 0.808287 0.813671 0.821119 0.830725 0.842611 0.856938 0.873901 0.893746 0.916774 0.943352 0.973934 0.963959 0.935918 0.911596 0.890597 0.872599 0.857339 0.844602 0.834219 0.826054 0.820004 0.815993 0.813972 0.813918 0.815828 0.819727 0.825662 0.833707 0.843964 0.856565 0.845822 0.831954 0.820478 0.811243 0.804129 0.799046 0.795933 0.794751 0.795487 0.798148 0.802767 0.809402 0.818134 0.829077 0.842372 0.858203 0.876792 0.898417 0.923416 0.923165 0.892547 0.865913 0.842794 0.822809 0.805645 0.791049 0.778816 0.768779 0.760807 0.754799 0.750678 0.748396 0.747924 0.749257 0.752410 0.757422 0.764355 0.773296 0.784361 0.797697 0.813488 0.831961 0.853397 0.878137 0.906605 0.896932 0.884793 0.875057 0.867601 0.862331 0.859182 0.858115 0.859118 0.862203 0.867408 0.874796 0.884460 0.896523 0.911146 0.928528 0.948916 0.972616 1.000000 0.957273 0.920160 0.887876 0.859782 0.835362 0.814198 0.795951 0.780341 0.767145 0.756180 0.747298 0.740385 10798.000000 1.136165 0.888751
0.838940 0.819814 0.803433 0.789559 0.777999 0.768597 0.761231 0.755809 0.752263 0.750550 0.750649 0.752561 0.756309 0.761940 0.769523 0.779155 0.790960 0.805098 0.821766 0.841208 0.863724 0.889681 0.919530 0.953828 0.987976 0.960772 0.937224 0.916959 0.899673 0.885119 0.873099 0.863454 0.856058 0.850821 0.847677 0.846588 0.847541 0.850548 0.855645 0.862895 0.872388 0.884246 0.898625 0.904386 0.908891 0.915658 0.924771 0.936345 0.950532 0.967522 0.984813 0.943182 0.907024 0.875567 0.848194 0.824406 0.803800 0.786047 0.770877 0.758074 0.747461 0.738895 0.732269 0.727497 0.724521 0.723304 0.724532 0.733037 0.743558 0.756232 0.771237 0.788788 0.809151 0.832652 0.859692 0.868827 0.852784 0.839308 0.828216 0.819361 0.812631 0.807940 0.805233 0.804475 0.805657 0.808795 0.813925 0.821112 0.830445 0.842044 0.856064 0.872697 0.892180 0.914808 0.929126 0.925767 0.924652 0.925767 0.929126 0.934769 0.942767 0.953218 0.966258 0.982059 1.000000 0.964511 0.933627 0.906776 0.883495 0.863408 0.846207 0.831642 0.819511 0.809652 0.801936 0.796265 0.792570 0.790806 0.790951 0.793007 0.796998 0.802974 0.811009 0.821204 0.833693 0.848644 0.866266 0.861103 1351.000000 1.223156 0.887962
0.924652 0.925767 0.929126 0.934769 0.942767 0.953218 0.966258 0.982059 1.000000 0.964511 0.933627 0.906776 0.883495 0.863408 0.846207 0.831642 0.819511 0.809652 0.801936 0.796265 0.792570 0.790806 0.790951 0.793007 0.796998 0.802974 0.811009 0.821204 0.833693 0.848644 0.866266 0.861103 0.838940 0.819814 0.803433 0.789559 0.777999 0.768597 0.761231 0.755809 0.752263 0.750550 0.750649 0.752561 0.756309 0.761940 0.769523 0.779155 0.790960 0.805098 0.821766 0.841208 0.863724 0.889681 0.919530 0.953828 0.987976 0.960772 0.937224 0.916959 0.899673 0.885119 0.873099 0.863454 0.856058 0.850821 0.847677 0.846588 0.847541 0.850548 0.855645 0.862895 0.872388 0.884246 0.898625 0.904386 0.908891 0.915658 0.924771 0.936345 0.950532 0.967522 0.984813 0.943182 0.907024 0.875567 0.848194 0.824406 0.803800 0.786047 0.770877 0.758074 0.747461 0.738895 0.732269 0.727497 0.724521 0.723304 0.724532 0.733037 0.743558 0.756232 0.771237 0.788788 0.809151 0.832652 0.859692 0.868827 0.852784 0.839308 0.828216 0.819361 0.812631 0.807940 0.805233 0.804475 0.805657 0.808795 0.813925 0.821112 0.830445 0.842044 0.856064 0.872697 0.892180 0.914808 0.929126 0.925767 1351.000000 1.223156 0.887962
0.724521 0.723304 0.724532 0.733037 0.743558 0.756232 0.771237 0.788788 0.809151 0.832652 0.859692 0.868827 0.852784 0.839308 0.828216 0.819361 0.812631 0.807940 0.805233 0.804475 0.805657 0.808795 0.813925 0.821112 0.830445 0.842044 0.856064 0.872697 0.892180 0.914808 0.929126 0.925767 0.924652 0.925767 0.929126 0.934769 0.942767 0.953218 0.966258 0.982059 1.000000 0.964511 0.933627 0.906776 0.883495 0.863408 0.846207 0.831642 0.819511 0.809652 0.801936 0.796265 0.792570 0.790806 0.790951 0.793007 0.796998 0.802974 0.811009 0.821204 0.833693 0.848644 0.866266 0.861103 0.838940 0.819814 0.803433 0.789559 0.777999 0.768597 0.761231 0.755809 0.752263 0.750550 0.750649 0.752561 0.756309 0.761940 0.769523 0.779155 0.790960 0.805098 0.821766 0.841208 0.863724 0.889681 0.919530 0.953828 0.987976 0.960772 0.937224 0.916959 0.899673 0.885119 0.873099 0.863454 0.856058 0.850821 0.847677 0.846588 0.847541 0.850548 0.855645 0.862895 0.872388 0.884246 0.898625 0.904386 0.908891 0.915658 0.924771 0.936345 0.950532 0.967522 0.984813 0.943182 0.907024 0.875567 0.848194 0.824406 0.803800 0.786047 0.770877 0.758074 0.747461 0.738895 0.732269 0.727497 1351.000000 1.223156 0.887962
0.856058 0.850821 0.847677 0.846588 0.847541 0.850548 0.855645 0.862895 0.872388 0.884246 0.898625 0.904386 0.908891 0.915658 0.924771 0.936345 0.950532 0.967522 0.984813 0.943182 0.907024 0.875567 0.848194 0.824406 0.803800 0.786047 0.770877 0.758074 0.747461 0.738895 0.732269 0.727497 0.724521 0.723304 0.724532 0.733037 0.743558 0.756232 0.771237 0.788788 0.809151 0.832652 0.859692 0.868827 0.852784 0.839308 0.828216 0.819361 0.812631 0.807940 0.805233 0.804475 0.805657 0.808795 0.813925 0.821112 0.830445 0.842044 0.856064 0.872697 0.892180 0.914808 0.929126 0.925767 0.924652 0.925767 0.929126 0.934769 0.942767 0.953218 0.966258 0.982059 1.000000 0.964511 0.933627 0.906776 0.883495 0.863408 0.846207 0.831642 0.819511 0.809652 0.801936 0.796265 0.792570 0.790806 0.790951 0.793007 0.796998 0.802974 0.811009 0.821204 0.833693 0.848644 0.866266 0.861103 0.838940 0.819814 0.803433 0.789559 0.777999 0.768597 0.761231 0.755809 0.752263 0.750550 0.750649 0.752561 0.756309 0.761940 0.769523 0.779155 0.790960 0.805098 0.821766 0.841208 0.863724 0.889681 0.919530 0.953828 0.987976 0.960772 0.937224 0.916959 0.899673 0.885119 0.873099 0.863454 1351.000000 1.223156 0.887962
0.859928 0.907400 0.948543 0.929710 0.913769 0.900498 0.889720 0.881294 0.875116 0.871107 0.869219 0.869429 0.871741 0.876180 0.882803 0.891692 0.902958 0.916750 0.933253 0.952698 0.975370 0.968401 0.907873 0.856408 0.812317 0.774318 0.741421 0.712853 0.688001 0.666375 0.647579 0.631293 0.617258 0.605259 0.595124 0.586713 0.579914 0.574639 0.570822 0.568416 0.567391 0.567736 0.569453 0.572564 0.577107 0.576455 0.576417 0.577770 0.580531 0.584735 0.590432 0.597696 0.606620 0.617324 0.629958 0.644705 0.661792 0.681496 0.704158 0.730198 0.760139 0.794637 0.834522 0.880856 0.935022 0.998851 1.000000 0.970910 0.945679 0.923895 0.905224 0.889393 0.876181 0.865409 0.856939 0.850662 0.846501 0.844405 0.844348 0.846331 0.850376 0.856533 0.864878 0.875518 0.888590 0.885298 0.849765 0.818871 0.791986 0.768602 0.748311 0.730779 0.715734 0.702956 0.692264 0.683515 0.676594 0.671413 0.667907 0.666034 0.665771 0.667115 0.668114 0.652615 0.639324 0.628047 0.618625 0.610931 0.604866 0.600352 0.597333 0.595773 0.595652 0.596969 0.599739 0.603998 0.609797 0.617209 0.626332 0.637286 0.650225 0.665337 0.682851 0.703052 0.726288 0.752988 0.783687 0.819051 1968.000000 1.407592 0.811749
0.676594 0.671413 0.667907 0.666034 0.665771 0.667115 0.668114 0.652615 0.639324 0.628047 0.618625 0.610931 0.604866 0.600352 0.597333 0.595773 0.595652 0.596969 0.599739 0.603998 0.609797 0.617209 0.626332 0.637286 0.650225 0.665337 0.682851 0.703052 0.726288 0.752988 0.783687 0.819051 0.859928 0.907400 0.948543 0.929710 0.913769 0.900498 0.889720 0.881294 0.875116 0.871107 0.869219 0.869429 0.871741 0.876180 0.882803 0.891692 0.902958 0.916750 0.933253 0.952698 0.975370 0.968401 0.907873 0.856408 0.812317 0.774318 0.741421 0.712853 0.688001 0.666375 0.647579 0.631293 0.617258 0.605259 0.595124 0.586713 0.579914 0.574639 0.570822 0.568416 0.567391 0.567736 0.569453 0.572564 0.577107 0.576455 0.576417 0.577770 0.580531 0.584735 0.590432 0.597696 0.606620 0.617324 0.629958 0.644705 0.661792 0.681496 0.704158 0.730198 0.760139 0.794637 0.834522 0.880856 0.935022 0.998851 1.000000 0.970910 0.945679 0.923895 0.905224 0.889393 0.876181 0.865409 0.856939 0.850662 0.846501 0.844405 0.844348 0.846331 0.850376 0.856533 0.864878 0.875518 0.888590 0.885298 0.849765 0.818871 0.791986 0.768602 0.748311 0.730779 0.715734 0.702956 0.692264 0.683515 1968.000000 1.407592 0.811749
0.935022 0.998851 1.000000 0.970910 0.945679 0.923895 0.905224 0.889393 0.876181 0.865409 0.856939 0.850662 0.846501 0.844405 0.844348 0.846331 0.850376 0.856533 0.864878 0.875518 0.888590 0.885298 0.849765 0.818871 0.791986 0.768602 0.748311 0.730779 0.715734 0.702956 0.692264 0.683515 0.676594 0.671413 0.667907 0.666034 0.665771 0.667115 0.668114 0.652615 0.639324 0.628047 0.618625 0.610931 0.604866 0.600352 0.597333 0.595773 0.595652 0.596969 0.599739 0.603998 0.609797 0.617209 0.626332 0.637286 0.650225 0.665337 0.682851 0.703052 0.726288 0.752988 0.783687 0.819051 0.859928 0.907400 0.948543 0.929710 0.913769 0.900498 0.889720 0.881294 0.875116 0.871107 0.869219 0.869429 0.871741 0.876180 0.882803 0.891692 0.902958 0.916750 0.933253 0.952698 0.975370 0.968401 0.907873 0.856408 0.812317 0.774318 0.741421 0.712853 0.688001 0.666375 0.647579 0.631293 0.617258 0.605259 0.595124 0.586713 0.579914 0.574639 0.570822 0.568416 0.567391 0.567736 0.569453 0.572564 0.577107 0.576455 0.576417 0.577770 0.580531 0.584735 0.590432 0.597696 0.606620 0.617324 0.629958 0.644705 0.661792 0.681496 0.704158 0.730198 0.760139 0.794637 0.834522 0.880856 1968.000000 1.407592 0.811749
0.617258 0.605259 0.595124 0.586713 0.579914 0.574639 0.570822 0.568416 0.567391 0.567736 0.569453 0.572564 0.577107 0.576455 0.576417 0.577770 0.580531 0.584735 0.590432 0.597696 0.606620 0.617324 0.629958 0.644705 0.661792 0.681496 0.704158 0.730198 0.760139 0.794637 0.834522 0.880856 0.935022 0.998851 1.000000 0.970910 0.945679 0.923895 0.905224 0.889393 0.876181 0.865409 0.856939 0.850662 0.846501 0.844405 0.844348 0.846331 0.850376 0.856533 0.864878 0.875518 0.888590 0.885298 0.849765 0.818871 0.791986 0.768602 0.748311 0.730779 0.715734 0.702956 0.692264 0.683515 0.676594 0.671413 0.667907 0.666034 0.665771 0.667115 0.668114 0.652615 0.639324 0.628047 0.618625 0.610931 0.604866 0.600352 0.597333 0.595773 0.595652 0.596969 0.599739 0.603998 0.609797 0.617209 0.626332 0.637286 0.650225 0.665337 0.682851 0.703052 0.726288 0.752988 0.783687 0.819051 0.859928 0.907400 0.948543 0.929710 0.913769 0.900498 0.889720 0.881294 0.875116 0.871107 0.869219 0.869429 0.871741 0.876180 0.882803 0.891692 0.902958 0.916750 0.933253 0.952698 0.975370 0.968401 0.907873 0.856408 0.812317 0.774318 0.741421 0.712853 0.688001 0.666375 0.647579 0.631293 1968.000000 1.407592 0.811749
0.774049 0.765984 0.759897 0.755712 0.753378 0.752867 0.754172 0.757309 0.762316 0.769256 0.778215 0.789309 0.802686 0.818530 0.837069 0.858584 0.883418 0.911995 0.944834 0.982582 1.000000 0.977520 0.958286 0.942020 0.928496 0.917534 0.908993 0.902763 0.898769 0.896962 0.897319 0.899845 0.904571 0.911554 0.920882 0.932673 0.911164 0.883269 0.859040 0.838069 0.820026 0.804641 0.791695 0.781011 0.772448 0.765895 0.761271 0.758519 0.757605 0.758519 0.751056 0.743655 0.738159 0.734501 0.732635 0.732538 0.734210 0.737671 0.742963 0.750152 0.753124 0.749469 0.747642 0.747620 0.749404 0.753014 0.758496 0.765917 0.775371 0.786980 0.800902 0.817329 0.836502 0.858714 0.884327 0.913783 0.947631 0.986551 0.989743 0.961676 0.937353 0.916383 0.898448 0.883289 0.870695 0.860500 0.852570 0.846807 0.843139 0.841521 0.841933 0.844381 0.848895 0.855529 0.864366 0.875519 0.881005 0.872180 0.865594 0.861166 0.858842 0.858593 0.860416 0.864334 0.870394 0.878672 0.889271 0.902329 0.888774 0.861909 0.838581 0.818402 0.801056 0.786285 0.773879 0.763670 0.755523 0.749334 0.745026 0.742546 0.741864 0.742971 0.745882 0.750630 0.757275 0.765901 0.776618 0.784195 6014.500000 1.157352 0.903613
0.881005 0.872180 0.865594 0.861166 0.858842 0.858593 0.860416 0.864334 0.870394 0.878672 0.889271 0.902329 0.888774 0.861909 0.838581 0.818402 0.801056 0.786285 0.773879 0.763670 0.755523 0.749334 0.745026 0.742546 0.741864 0.742971 0.745882 0.750630 0.757275 0.765901 0.776618 0.784195 0.774049 0.765984 0.759897 0.755712 0.753378 0.752867 0.754172 0.757309 0.762316 0.769256 0.778215 0.789309 0.802686 0.818530 0.837069 0.858584 0.883418 0.911995 0.944834 0.982582 1.000000 0.977520 0.958286 0.942020 0.928496 0.917534 0.908993 0.902763 0.898769 0.896962 0.897319 0.899845 0.904571 0.911554 0.920882 0.932673 0.911164 0.883269 0.859040 0.838069 0.820026 0.804641 0.791695 0.781011 0.772448 0.765895 0.761271 0.758519 0.757605 0.758519 0.751056 0.743655 0.738159 0.734501 0.732635 0.732538 0.734210 0.737671 0.742963 0.750152 0.753124 0.749469 0.747642 0.747620 0.749404 0.753014 0.758496 0.765917 0.775371 0.786980 0.800902 0.817329 0.836502 0.858714 0.884327 0.913783 0.947631 0.986551 0.989743 0.961676 0.937353 0.916383 0.898448 0.883289 0.870695 0.860500 0.852570 0.846807 0.843139 0.841521 0.841933 0.844381 0.848895 0.855529 0.864366 0.875519 6014.500000 1.157352 0.903613
0.749404 0.753014 0.758496 0.765917 0.775371 0.786980 0.800902 0.817329 0.836502 0.858714 0.884327 0.913783 0.947631 0.986551 0.989743 0.961676 0.937353 0.916383 0.898448 0.883289 0.870695 0.860500 0.852570 0.846807 0.843139 0.841521 0.841933 0.844381 0.848895 0.855529 0.864366 0.875519 0.881005 0.872180 0.865594 0.861166 0.858842 0.858593 0.860416 0.864334 0.870394 0.878672 0.889271 0.902329 0.888774 0.861909 0.838581 0.818402 0.801056 0.786285 0.773879 0.763670 0.755523 0.749334 0.745026 0.742546 0.741864 0.742971 0.745882 0.750630 0.757275 0.765901 0.776618 0.784195 0.774049 0.765984 0.759897 0.755712 0.753378 0.752867 0.754172 0.757309 0.762316 0.769256 0.778215 0.789309 0.802686 0.818530 0.837069 0.858584 0.883418 0.911995 0.944834 0.982582 1.000000 0.977520 0.958286 0.942020 0.928496 0.917534 0.908993 0.902763 0.898769 0.896962 0.897319 0.899845 0.904571 0.911554 0.920882 0.932673 0.911164 0.883269 0.859040 0.838069 0.820026 0.804641 0.791695 0.781011 0.772448 0.765895 0.761271 0.758519 0.757605 0.758519 0.751056 0.743655 0.738159 0.734501 0.732635 0.732538 0.734210 0.737671 0.742963 0.750152 0.753124 0.749469 0.747642 0.747620 6014.500000 1.157352 0.903613
0.904571 0.911554 0.920882 0.932673 0.911164 0.883269 0.859040 0.838069 0.820026 0.804641 0.791695 0.781011 0.772448 0.765895 0.761271 0.758519 0.757605 0.758519 0.751056 0.743655 0.738159 0.734501 0.732635 0.732538 0.734210 0.737671 0.742963 0.750152 0.753124 0.749469 0.747642 0.747620 0.749404 0.753014 0.758496 0.765917 0.775371 0.786980 0.800902 0.817329 0.836502 0.858714 0.884327 0.913783 0.947631 0.986551 0.989743 0.961676 0.937353 0.916383 0.898448 0.883289 0.870695 0.860500 0.852570 0.846807 0.843139 0.841521 0.841933 0.844381 0.848895 0.855529 0.864366 0.875519 0.881005 0.872180 0.865594 0.861166 0.858842 0.858593 0.860416 0.864334 0.870394 0.878672 0.889271 0.902329 0.888774 0.861909 0.838581 0.818402 0.801056 0.786285 0.773879 0.763670 0.755523 0.749334 0.745026 0.742546 0.741864 0.742971 0.745882 0.750630 0.757275 0.765901 0.776618 0.784195 0.774049 0.765984 0.759897 0.755712 0.753378 0.752867 0.754172 0.757309 0.762316 0.769256 0.778215 0.789309 0.802686 0.818530 0.837069 0.858584 0.883418 0.911995 0.944834 0.982582 1.000000 0.977520 0.958286 0.942020 0.928496 0.917534 0.908993 0.902763 0.898769 0.896962 0.897319 0.899845 6014.500000 1.157352 0.903613
0.566436 0.584428 0.595884 0.609295 0.624864 0.642839 0.663525 0.687296 0.714620 0.746078 0.782405 0.824539 0.873693 0.931466 1.000000 0.944696 0.883960 0.832446 0.788400 0.750499 0.717724 0.689283 0.664550 0.643026 0.624309 0.608074 0.594058 0.582043 0.571856 0.563352 0.556419 0.550965 0.546922 0.544240 0.539385 0.527505 0.517357 0.508795 0.501700 0.495979 0.491558 0.488381 0.486409 0.485618 0.485998 0.487555 0.490307 0.494287 0.499546 0.506151 0.514187 0.523766 0.535021 0.548120 0.563268 0.570637 0.572947 0.576671 0.581854 0.588562 0.596882 0.606923 0.618824 0.632756 0.648929 0.667601 0.689088 0.713782 0.742165 0.774844 0.812580 0.856348 0.845341 0.811772 0.782582 0.757178 0.735088 0.715925 0.699378 0.685192 0.673160 0.663113 0.654916 0.648462 0.643670 0.640480 0.638853 0.638768 0.640227 0.643244 0.647859 0.654128 0.662129 0.671968 0.683776 0.697717 0.713994 0.725675 0.690686 0.660434 0.634184 0.611358 0.591494 0.574219 0.559234 0.546294 0.535199 0.525787 0.517927 0.511512 0.506460 0.502705 0.496658 0.491463 0.487537 0.484832 0.483315 0.482968 0.483785 0.485778 0.488970 0.493401 0.499126 0.506219 0.514775 0.524911 0.536774 0.550542 7583.500000 1.345380 0.759918
0.713994 0.725675 0.690686 0.660434 0.634184 0.611358 0.591494 0.574219 0.559234 0.546294 0.535199 0.525787 0.517927 0.511512 0.506460 0.502705 0.496658 0.491463 0.487537 0.484832 0.483315 0.482968 0.483785 0.485778 0.488970 0.493401 0.499126 0.506219 0.514775 0.524911 0.536774 0.550542 0.566436 0.584428 0.595884 0.609295 0.624864 0.642839 0.663525 0.687296 0.714620 0.746078 0.782405 0.824539 0.873693 0.931466 1.000000 0.944696 0.883960 0.832446 0.788400 0.750499 0.717724 0.689283 0.664550 0.643026 0.624309 0.608074 0.594058 0.582043 0.571856 0.563352 0.556419 0.550965 0.546922 0.544240 0.539385 0.527505 0.517357 0.508795 0.501700 0.495979 0.491558 0.488381 0.486409 0.485618 0.485998 0.487555 0.490307 0.494287 0.499546 0.506151 0.514187 0.523766 0.535021 0.548120 0.563268 0.570637 0.572947 0.576671 0.581854 0.588562 0.596882 0.606923 0.618824 0.632756 0.648929 0.667601 0.689088 0.713782 0.742165 0.774844 0.812580 0.856348 0.845341 0.811772 0.782582 0.757178 0.735088 0.715925 0.699378 0.685192 0.673160 0.663113 0.654916 0.648462 0.643670 0.640480 0.638853 0.638768 0.640227 0.643244 0.647859 0.654128 0.662129 0.671968 0.683776 0.697717 7583.500000 1.345380 0.759918
0.648929 0.667601 0.689088 0.713782 0.742165 0.774844 0.812580 0.856348 0.845341 0.811772 0.782582 0.757178 0.735088 0.715925 0.699378 0.685192 0.673160 0.663113 0.654916 0.648462 0.643670 0.640480 0.638853 0.638768 0.640227 0.643244 0.647859 0.654128 0.662129 0.671968 0.683776 0.697717 0.713994 0.725675 0.690686 0.660434 0.634184 0.611358 0.591494 0.574219 0.559234 0.546294 0.535199 0.525787 0.517927 0.511512 0.506460 0.502705 0.496658 0.491463 0.487537 0.484832 0.483315 0.482968 0.483785 0.485778 0.488970 0.493401 0.499126 0.506219 0.514775 0.524911 0.536774 0.550542 0.566436 0.584428 0.595884 0.609295 0.624864 0.642839 0.663525 0.687296 0.714620 0.746078 0.782405 0.824539 0.873693 0.931466 1.000000 0.944696 0.883960 0.832446 0.788400 0.750499 0.717724 0.689283 0.664550 0.643026 0.624309 0.608074 0.594058 0.582043 0.571856 0.563352 0.556419 0.550965 0.546922 0.544240 0.539385 0.527505 0.517357 0.508795 0.501700 0.495979 0.491558 0.488381 0.486409 0.485618 0.485998 0.487555 0.490307 0.494287 0.499546 0.506151 0.514187 0.523766 0.535021 0.548120 0.563268 0.570637 0.572947 0.576671 0.581854 0.588562 0.596882 0.606923 0.618824 0.632756 7583.500000 1.345380 0.759918
0.546922 0.544240 0.539385 0.527505 0.517357 0.508795 0.501700 0.495979 0.491558 0.488381 0.486409 0.485618 0.485998 0.487555 0.490307 0.494287 0.499546 0.506151 0.514187 0.523766 0.535021 0.548120 0.563268 0.570637 0.572947 0.576671 0.581854 0.588562 0.596882 0.606923 0.618824 0.632756 0.648929 0.667601 0.689088 0.713782 0.742165 0.774844 0.812580 0.856348 0.845341 0.811772 0.782582 0.757178 0.735088 0.715925 0.699378 0.685192 0.673160 0.663113 0.654916 0.648462 0.643670 0.640480 0.638853 0.638768 0.640227 0.643244 0.647859 0.654128 0.662129 0.671968 0.683776 0.697717 0.713994 0.725675 0.690686 0.660434 0.634184 0.611358 0.591494 0.574219 0.559234 0.546294 0.535199 0.525787 0.517927 0.511512 0.506460 0.502705 0.496658 0.491463 0.487537 0.484832 0.483315 0.482968 0.483785 0.485778 0.488970 0.493401 0.499126 0.506219 0.514775 0.524911 0.536774 0.550542 0.566436 0.584428 0.595884 0.609295 0.624864 0.642839 0.663525 0.687296 0.714620 0.746078 0.782405 0.824539 0.873693 0.931466 1.000000 0.944696 0.883960 0.832446 0.788400 0.750499 0.717724 0.689283 0.664550 0.643026 0.624309 0.608074 0.594058 0.582043 0.571856 0.563352 0.556419 0.550965 7583.500000 1.345380 0.759918
1.000000 0.944121 0.896201 0.854870 0.819070 0.787970 0.760911 0.737366 0.716910 0.699198 0.683947 0.670929 0.659958 0.650882 0.643583 0.637965 0.633958 0.631513 0.630600 0.631209 0.633345 0.637037 0.642327 0.649284 0.657996 0.668577 0.681172 0.673032 0.663648 0.656082 0.650235 0.646034 0.643427 0.642383 0.642887 0.644948 0.648590 0.653857 0.660815 0.669553 0.680186 0.692859 0.707749 0.725080 0.745120 0.768203 0.794737 0.825229 0.860310 0.900772 0.908614 0.873395 0.842759 0.816099 0.792925 0.772842 0.755526 0.740714 0.728193 0.717788 0.709361 0.702803 0.698032 0.694988 0.693634 0.693954 0.695952 0.699651 0.705098 0.712360 0.721530 0.732726 0.746102 0.761844 0.780185 0.801409 0.825866 0.853984 0.851926 0.818469 0.789371 0.764048 0.742032 0.722941 0.706468 0.692359 0.680410 0.670455 0.662358 0.656017 0.651350 0.648300 0.646830 0.646921 0.648575 0.651811 0.656670 0.663212 0.671519 0.681700 0.693892 0.708266 0.711622 0.698464 0.687410 0.678309 0.671041 0.665514 0.661658 0.659425 0.658790 0.659743 0.662297 0.666483 0.672352 0.679978 0.689460 0.700921 0.714521 0.730453 0.748958 0.770329 0.794926 0.823194 0.855685 0.893085 0.936263 0.986325 5578.500000 1.165294 0.813371
0.656670 0.663212 0.671519 0.681700 0.693892 0.708266 0.711622 0.698464 0.687410 0.678309 0.671041 0.665514 0.661658 0.659425 0.658790 0.659743 0.662297 0.666483 0.672352 0.679978 0.689460 0.700921 0.714521 0.730453 0.748958 0.770329 0.794926 0.823194 0.855685 0.893085 0.936263 0.986325 1.000000 0.944121 0.896201 0.854870 0.819070 0.787970 0.760911 0.737366 0.716910 0.699198 0.683947 0.670929 0.659958 0.650882 0.643583 0.637965 0.633958 0.631513 0.630600 0.631209 0.633345 0.637037 0.642327 0.649284 0.657996 0.668577 0.681172 0.673032 0.663648 0.656082 0.650235 0.646034 0.643427 0.642383 0.642887 0.644948 0.648590 0.653857 0.660815 0.669553 0.680186 0.692859 0.707749 0.725080 0.745120 0.768203 0.794737 0.825229 0.860310 0.900772 0.908614 0.873395 0.842759 0.816099 0.792925 0.772842 0.755526 0.740714 0.728193 0.717788 0.709361 0.702803 0.698032 0.694988 0.693634 0.693954 0.695952 0.699651 0.705098 0.712360 0.721530 0.732726 0.746102 0.761844 0.780185 0.801409 0.825866 0.853984 0.851926 0.818469 0.789371 0.764048 0.742032 0.722941 0.706468 0.692359 0.680410 0.670455 0.662358 0.656017 0.651350 0.648300 0.646830 0.646921 0.648575 0.651811 5578.500000 1.165294 0.813371
0.693634 0.693954 0.695952 0.699651 0.705098 0.712360 0.721530 0.732726 0.746102 0.761844 0.780185 0.801409 0.825866 0.853984 0.851926 0.818469 0.789371 0.764048 0.742032 0.722941 0.706468 0.692359 0.680410 0.670455 0.662358 0.656017 0.651350 0.648300 0.646830 0.646921 0.648575 0.651811 0.656670 0.663212 0.671519 0.681700 0.693892 0.708266 0.711622 0.698464 0.687410 0.678309 0.671041 0.665514 0.661658 0.659425 0.658790 0.659743 0.662297 0.666483 0.672352 0.679978 0.689460 0.700921 0.714521 0.730453 0.748958 0.770329 0.794926 0.823194 0.855685 0.893085 0.936263 0.986325 1.000000 0.944121 0.896201 0.854870 0.819070 0.787970 0.760911 0.737366 0.716910 0.699198 0.683947 0.670929 0.659958 0.650882 0.643583 0.637965 0.633958 0.631513 0.630600 0.631209 0.633345 0.637037 0.642327 0.649284 0.657996 0.668577 0.681172 0.673032 0.663648 0.656082 0.650235 0.646034 0.643427 0.642383 0.642887 0.644948 0.648590 0.653857 0.660815 0.669553 0.680186 0.692859 0.707749 0.725080 0.745120 0.768203 0.794737 0.825229 0.860310 0.900772 0.908614 0.873395 0.842759 0.816099 0.792925 0.772842 0.755526 0.740714 0.728193 0.717788 0.709361 0.702803 0.698032 0.694988 5578.500000 1.165294 0.813371
0.643427 0.642383 0.642887 0.644948 0.648590 0.653857 0.660815 0.669553 0.680186 0.692859 0.707749 0.725080 0.745120 0.768203 0.794737 0.825229 0.860310 0.900772 0.908614 0.873395 0.842759 0.816099 0.792925 0.772842 0.755526 0.740714 0.728193 0.717788 0.709361 0.702803 0.698032 0.694988 0.693634 0.693954 0.695952 0.699651 0.705098 0.712360 0.721530 0.732726 0.746102 0.761844 0.780185 0.801409 0.825866 0.853984 0.851926 0.818469 0.789371 0.764048 0.742032 0.722941 0.706468 0.692359 0.680410 0.670455 0.662358 0.656017 0.651350 0.648300 0.646830 0.646921 0.648575 0.651811 0.656670 0.663212 0.671519 0.681700 0.693892 0.708266 0.711622 0.698464 0.687410 0.678309 0.671041 0.665514 0.661658 0.659425 0.658790 0.659743 0.662297 0.666483 0.672352 0.679978 0.689460 0.700921 0.714521 0.730453 0.748958 0.770329 0.794926 0.823194 0.855685 0.893085 0.936263 0.986325 1.000000 0.944121 0.896201 0.854870 0.819070 0.787970 0.760911 0.737366 0.716910 0.699198 0.683947 0.670929 0.659958 0.650882 0.643583 0.637965 0.633958 0.631513 0.630600 0.631209 0.633345 0.637037 0.642327 0.649284 0.657996 0.668577 0.681172 0.673032 0.663648 0.656082 0.650235 0.646034 5578.500000 1.165294 0.813371
0.927698 0.898427 0.872986 0.850939 0.831934 0.815681 0.801946 0.790538 0.781307 0.774132 0.768923 0.765616 0.764170 0.764568 0.766815 0.770938 0.776987 0.785039 0.795194 0.807587 0.810743 0.779672 0.752641 0.729118 0.708677 0.690971 0.675715 0.662681 0.651680 0.642561 0.635203 0.629511 0.625414 0.622705 0.620992 0.620779 0.622064 0.624863 0.629210 0.635159 0.642785 0.652186 0.663489 0.676850 0.692462 0.710564 0.731447 0.755469 0.783074 0.814810 0.827866 0.823717 0.821578 0.821424 0.823253 0.827087 0.832973 0.840984 0.851221 0.863817 0.878941 0.896803 0.917662 0.941838 0.969722 0.956963 0.915319 0.879178 0.847747 0.820394 0.796610 0.775983 0.758178 0.742921 0.729990 0.719204 0.710419 0.703521 0.698421 0.695058 0.693388 0.693394 0.695074 0.695359 0.695261 0.696841 0.700120 0.705136 0.711952 0.720654 0.731355 0.744199 0.759364 0.777071 0.797591 0.821256 0.796893 0.771194 0.748848 0.729468 0.712740 0.698406 0.686258 0.676127 0.667876 0.661398 0.656612 0.654392 0.654203 0.655593 0.658579 0.663198 0.669506 0.677583 0.687534 0.699492 0.713622 0.730131 0.749269 0.771346 0.796741 0.825923 0.859473 0.898119 0.942782 0.994642 1.000000 0.961333 10599.000000 1.089300 0.836441
0.796893 0.771194 0.748848 0.729468 0.712740 0.698406 0.686258 0.676127 0.667876 0.661398 0.656612 0.654392 0.654203 0.655593 0.658579 0.663198 0.669506 0.677583 0.687534 0.699492 0.713622 0.730131 0.749269 0.771346 0.796741 0.825923 0.859473 0.898119 0.942782 0.994642 1.000000 0.961333 0.927698 0.898427 0.872986 0.850939 0.831934 0.815681 0.801946 0.790538 0.781307 0.774132 0.768923 0.765616 0.764170 0.764568 0.766815 0.770938 0.776987 0.785039 0.795194 0.807587 0.810743 0.779672 0.752641 0.729118 0.708677 0.690971 0.675715 0.662681 0.651680 0.642561 0.635203 0.629511 0.625414 0.622705 0.620992 0.620779 0.622064 0.624863 0.629210 0.635159 0.642785 0.652186 0.663489 0.676850 0.692462 0.710564 0.731447 0.755469 0.783074 0.814810 0.827866 0.823717 0.821578 0.821424 0.823253 0.827087 0.832973 0.840984 0.851221 0.863817 0.878941 0.896803 0.917662 0.941838 0.969722 0.956963 0.915319 0.879178 0.847747 0.820394 0.796610 0.775983 0.758178 0.742921 0.729990 0.719204 0.710419 0.703521 0.698421 0.695058 0.693388 0.693394 0.695074 0.695359 0.695261 0.696841 0.700120 0.705136 0.711952 0.720654 0.731355 0.744199 0.759364 0.777071 0.797591 0.821256 10599.000000 1.089300 0.836441
0.969722 0.956963 0.915319 0.879178 0.847747 0.820394 0.796610 0.775983 0.758178 0.742921 0.729990 0.719204 0.710419 0.703521 0.698421 0.695058 0.693388 0.693394 0.695074 0.695359 0.695261 0.696841 0.700120 0.705136 0.711952 0.720654 0.731355 0.744199 0.759364 0.777071 0.797591 0.821256 0.796893 0.771194 0.748848 0.729468 0.712740 0.698406 0.686258 0.676127 0.667876 0.661398 0.656612 0.654392 0.654203 0.655593 0.658579 0.663198 0.669506 0.677583 0.687534 0.699492 0.713622 0.730131 0.749269 0.771346 0.796741 0.825923 0.859473 0.898119 0.942782 0.994642 1.000000 0.961333 0.927698 0.898427 0.872986 0.850939 0.831934 0.815681 0.801946 0.790538 0.781307 0.774132 0.768923 0.765616 0.764170 0.764568 0.766815 0.770938 0.776987 0.785039 0.795194 0.807587 0.810743 0.779672 0.752641 0.729118 0.708677 0.690971 0.675715 0.662681 0.651680 0.642561 0.635203 0.629511 0.625414 0.622705 0.620992 0.620779 0.622064 0.624863 0.629210 0.635159 0.642785 0.652186 0.663489 0.676850 0.692462 0.710564 0.731447 0.755469 0.783074 0.814810 0.827866 0.823717 0.821578 0.821424 0.823253 0.827087 0.832973 0.840984 0.851221 0.863817 0.878941 0.896803 0.917662 0.941838 10599.000000 1.089300 0.836441
0.625414 0.622705 0.620992 0.620779 0.622064 0.624863 0.629210 0.635159 0.642785 0.652186 0.663489 0.676850 0.692462 0.710564 0.731447 0.755469 0.783074 0.814810 0.827866 0.823717 0.821578 0.821424 0.823253 0.827087 0.832973 0.840984 0.851221 0.863817 0.878941 0.896803 0.917662 0.941838 0.969722 0.956963 0.915319 0.879178 0.847747 0.820394 0.796610 0.775983 0.758178 0.742921 0.729990 0.719204 0.710419 0.703521 0.698421 0.695058 0.693388 0.693394 0.695074 0.695359 0.695261 0.696841 0.700120 0.705136 0.711952 0.720654 0.731355 0.744199 0.759364 0.777071 0.797591 0.821256 0.796893 0.771194 0.748848 0.729468 0.712740 0.698406 0.686258 0.676127 0.667876 0.661398 0.656612 0.654392 0.654203 0.655593 0.658579 0.663198 0.669506 0.677583 0.687534 0.699492 0.713622 0.730131 0.749269 0.771346 0.796741 0.825923 0.859473 0.898119 0.942782 0.994642 1.000000 0.961333 0.927698 0.898427 0.872986 0.850939 0.831934 0.815681 0.801946 0.790538 0.781307 0.774132 0.768923 0.765616 0.764170 0.764568 0.766815 0.770938 0.776987 0.785039 0.795194 0.807587 0.810743 0.779672 0.752641 0.729118 0.708677 0.690971 0.675715 0.662681 0.651680 0.642561 0.635203 0.629511 10599.000000 1.089300 0.836441
0.853492 0.864317 0.839620 0.818211 0.799745 0.783942 0.770571 0.759448 0.750423 0.743381 0.738231 0.734910 0.733378 0.733616 0.735626 0.739434 0.745086 0.752653 0.762229 0.773941 0.787947 0.804442 0.823669 0.845926 0.871578 0.901072 0.934963 0.934360 0.873274 0.821543 0.777366 0.739388 0.706571 0.678108 0.653362 0.631827 0.613096 0.596840 0.582792 0.570733 0.560486 0.551906 0.544878 0.539310 0.535131 0.532288 0.530747 0.530490 0.531512 0.533827 0.537463 0.542464 0.548894 0.556836 0.566396 0.577705 0.590928 0.606265 0.623963 0.644325 0.667722 0.694620 0.725597 0.761385 0.802922 0.851422 0.908487 0.976271 1.000000 0.954230 0.914572 0.880116 0.850135 0.824049 0.801389 0.781776 0.764898 0.750503 0.738386 0.728381 0.720356 0.714207 0.709858 0.707255 0.706367 0.707183 0.709712 0.713985 0.720056 0.727999 0.737918 0.749941 0.764235 0.781002 0.800494 0.823016 0.806076 0.771263 0.741044 0.714761 0.691888 0.672003 0.654761 0.639886 0.627148 0.616364 0.607383 0.600085 0.594374 0.590180 0.587450 0.586151 0.586267 0.587799 0.590766 0.595204 0.601169 0.608736 0.618003 0.629097 0.642170 0.657417 0.675070 0.695420 0.718820 0.745708 0.776631 0.812270 2581.000000 1.327620 0.758233
0.806076 0.771263 0.741044 0.714761 0.691888 0.672003 0.654761 0.639886 0.627148 0.616364 0.607383 0.600085 0.594374 0.590180 0.587450 0.586151 0.586267 0.587799 0.590766 0.595204 0.601169 0.608736 0.618003 0.629097 0.642170 0.657417 0.675070 0.695420 0.718820 0.745708 0.776631 0.812270 0.853492 0.864317 0.839620 0.818211 0.799745 0.783942 0.770571 0.759448 0.750423 0.743381 0.738231 0.734910 0.733378 0.733616 0.735626 0.739434 0.745086 0.752653 0.762229 0.773941 0.787947 0.804442 0.823669 0.845926 0.871578 0.901072 0.934963 0.934360 0.873274 0.821543 0.777366 0.739388 0.706571 0.678108 0.653362 0.631827 0.613096 0.596840 0.582792 0.570733 0.560486 0.551906 0.544878 0.539310 0.535131 0.532288 0.530747 0.530490 0.531512 0.533827 0.537463 0.542464 0.548894 0.556836 0.566396 0.577705 0.590928 0.606265 0.623963 0.644325 0.667722 0.694620 0.725597 0.761385 0.802922 0.851422 0.908487 0.976271 1.000000 0.954230 0.914572 0.880116 0.850135 0.824049 0.801389 0.781776 0.764898 0.750503 0.738386 0.728381 0.720356 0.714207 0.709858 0.707255 0.706367 0.707183 0.709712 0.713985 0.720056 0.727999 0.737918 0.749941 0.764235 0.781002 0.800494 0.823016 2581.000000 1.327620 0.758233
0.802922 0.851422 0.908487 0.976271 1.000000 0.954230 0.914572 0.880116 0.850135 0.824049 0.801389 0.781776 0.764898 0.750503 0.738386 0.728381 0.720356 0.714207 0.709858 0.707255 0.706367 0.707183 0.709712 0.713985 0.720056 0.727999 0.737918 0.749941 0.764235 0.781002 0.800494 0.823016 0.806076 0.771263 0.741044 0.714761 0.691888 0.672003 0.654761 0.639886 0.627148 0.616364 0.607383 0.600085 0.594374 0.590180 0.587450 0.586151 0.586267 0.587799 0.590766 0.595204 0.601169 0.608736 0.618003 0.629097 0.642170 0.657417 0.675070 0.695420 0.718820 0.745708 0.776631 0.812270 0.853492 0.864317 0.839620 0.818211 0.799745 0.783942 0.770571 0.759448 0.750423 0.743381 0.738231 0.734910 0.733378 0.733616 0.735626 0.739434 0.745086 0.752653 0.762229 0.773941 0.787947 0.804442 0.823669 0.845926 0.871578 0.901072 0.934963 0.934360 0.873274 0.821543 0.777366 0.739388 0.706571 0.678108 0.653362 0.631827 0.613096 0.596840 0.582792 0.570733 0.560486 0.551906 0.544878 0.539310 0.535131 0.532288 0.530747 0.530490 0.531512 0.533827 0.537463 0.542464 0.548894 0.556836 0.566396 0.577705 0.590928 0.606265 0.623963 0.644325 0.667722 0.694620 0.725597 0.761385 2581.000000 1.327620 0.758233
0.706571 0.678108 0.653362 0.631827 0.613096 0.596840 0.582792 0.570733 0.560486 0.551906 0.544878 0.539310 0.535131 0.532288 0.530747 0.530490 0.531512 0.533827 0.537463 0.542464 0.548894 0.556836 0.566396 0.577705 0.590928 0.606265 0.623963 0.644325 0.667722 0.694620 0.725597 0.761385 0.802922 0.851422 0.908487 0.976271 1.000000 0.954230 0.914572 0.880116 0.850135 0.824049 0.801389 0.781776 0.764898 0.750503 0.738386 0.728381 0.720356 0.714207 0.709858 0.707255 0.706367 0.707183 0.709712 0.713985 0.720056 0.727999 0.737918 0.749941 0.764235 0.781002 0.800494 0.823016 0.806076 0.771263 0.741044 0.714761 0.691888 0.672003 0.654761 0.639886 0.627148 0.616364 0.607383 0.600085 0.594374 0.590180 0.587450 0.586151 0.586267 0.587799 0.590766 0.595204 0.601169 0.608736 0.618003 0.629097 0.642170 0.657417 0.675070 0.695420 0.718820 0.745708 0.776631 0.812270 0.853492 0.864317 0.839620 0.818211 0.799745 0.783942 0.770571 0.759448 0.750423 0.743381 0.738231 0.734910 0.733378 0.733616 0.735626 0.739434 0.745086 0.752653 0.762229 0.773941 0.787947 0.804442 0.823669 0.845926 0.871578 0.901072 0.934963 0.934360 0.873274 0.821543 0.777366 0.739388 2581.000000 1.327620 0.758233
0.616882 0.604890 0.594761 0.586355 0.579561 0.574289 0.570475 0.568070 0.567046 0.567390 0.569106 0.572215 0.576756 0.582785 0.580950 0.579665 0.579779 0.581294 0.584229 0.588618 0.594517 0.602000 0.611165 0.622135 0.635064 0.650142 0.667600 0.687725 0.710866 0.737457 0.768037 0.803281 0.844047 0.891435 0.946876 0.989901 0.967345 0.948026 0.931665 0.918032 0.906947 0.898264 0.891874 0.887698 0.885684 0.885809 0.888073 0.892505 0.899158 0.908115 0.919490 0.933431 0.950125 0.969806 0.915413 0.847810 0.791280 0.743497 0.702753 0.667768 0.637564 0.611383 0.588629 0.568830 0.551605 0.536647 0.523708 0.512583 0.503108 0.495148 0.488595 0.483363 0.479383 0.476608 0.475002 0.474547 0.475236 0.477078 0.480096 0.484326 0.489822 0.496655 0.504914 0.514713 0.526193 0.539527 0.563296 0.591492 0.624244 0.662525 0.707623 0.761278 0.825890 0.904868 1.000000 0.977290 0.957845 0.941382 0.927673 0.916533 0.907819 0.901420 0.897258 0.895280 0.895464 0.897811 0.902349 0.909136 0.918254 0.929820 0.943983 0.959274 0.916587 0.879566 0.847381 0.819373 0.795011 0.773866 0.755590 0.739899 0.726561 0.715388 0.706230 0.698965 0.687582 0.665969 0.647184 0.630909 1371.500000 1.464459 0.764939
0.957845 0.941382 0.927673 0.916533 0.907819 0.901420 0.897258 0.895280 0.895464 0.897811 0.902349 0.909136 0.918254 0.929820 0.943983 0.959274 0.916587 0.879566 0.847381 0.819373 0.795011 0.773866 0.755590 0.739899 0.726561 0.715388 0.706230 0.698965 0.687582 0.665969 0.647184 0.630909 0.616882 0.604890 0.594761 0.586355 0.579561 0.574289 0.570475 0.568070 0.567046 0.567390 0.569106 0.572215 0.576756 0.582785 0.580950 0.579665 0.579779 0.581294 0.584229 0.588618 0.594517 0.602000 0.611165 0.622135 0.635064 0.650142 0.667600 0.687725 0.710866 0.737457 0.768037 0.803281 0.844047 0.891435 0.946876 0.989901 0.967345 0.948026 0.931665 0.918032 0.906947 0.898264 0.891874 0.887698 0.885684 0.885809 0.888073 0.892505 0.899158 0.908115 0.919490 0.933431 0.950125 0.969806 0.915413 0.847810 0.791280 0.743497 0.702753 0.667768 0.637564 0.611383 0.588629 0.568830 0.551605 0.536647 0.523708 0.512583 0.503108 0.495148 0.488595 0.483363 0.479383 0.476608 0.475002 0.474547 0.475236 0.477078 0.480096 0.484326 0.489822 0.496655 0.504914 0.514713 0.526193 0.539527 0.563296 0.591492 0.624244 0.662525 0.707623 0.761278 0.825890 0.904868 1.000000 0.977290 1371.500000 1.464459 0.764939
0.551605 0.536647 0.523708 0.512583 0.503108 0.495148 0.488595 0.483363 0.479383 0.476608 0.475002 0.474547 0.475236 0.477078 0.480096 0.484326 0.489822 0.496655 0.504914 0.514713 0.526193 0.539527 0.563296 0.591492 0.624244 0.662525 0.707623 0.761278 0.825890 0.904868 1.000000 0.977290 0.957845 0.941382 0.927673 0.916533 0.907819 0.901420 0.897258 0.895280 0.895464 0.897811 0.902349 0.909136 0.918254 0.929820 0.943983 0.959274 0.916587 0.879566 0.847381 0.819373 0.795011 0.773866 0.755590 0.739899 0.726561 0.715388 0.706230 0.698965 0.687582 0.665969 0.647184 0.630909 0.616882 0.604890 0.594761 0.586355 0.579561 0.574289 0.570475 0.568070 0.567046 0.567390 0.569106 0.572215 0.576756 0.582785 0.580950 0.579665 0.579779 0.581294 0.584229 0.588618 0.594517 0.602000 0.611165 0.622135 0.635064 0.650142 0.667600 0.687725 0.710866 0.737457 0.768037 0.803281 0.844047 0.891435 0.946876 0.989901 0.967345 0.948026 0.931665 0.918032 0.906947 0.898264 0.891874 0.887698 0.885684 0.885809 0.888073 0.892505 0.899158 0.908115 0.919490 0.933431 0.950125 0.969806 0.915413 0.847810 0.791280 0.743497 0.702753 0.667768 0.637564 0.611383 0.588629 0.568830 1371.500000 1.464459 0.764939
0.844047 0.891435 0.946876 0.989901 0.967345 0.948026 0.931665 0.918032 0.906947 0.898264 0.891874 0.887698 0.885684 0.885809 0.888073 0.892505 0.899158 0.908115 0.919490 0.933431 0.950125 0.969806 0.915413 0.847810 0.791280 0.743497 0.702753 0.667768 0.637564 0.611383 0.588629 0.568830 0.551605 0.536647 0.523708 0.512583 0.503108 0.495148 0.488595 0.483363 0.479383 0.476608 0.475002 0.474547 0.475236 0.477078 0.480096 0.484326 0.489822 0.496655 0.504914 0.514713 0.526193 0.539527 0.563296 0.591492 0.624244 0.662525 0.707623 0.761278 0.825890 0.904868 1.000000 0.977290 0.957845 0.941382 0.927673 0.916533 0.907819 0.901420 0.897258 0.895280 0.895464 0.897811 0.902349 0.909136 0.918254 0.929820 0.943983 0.959274 0.916587 0.879566 0.847381 0.819373 0.795011 0.773866 0.755590 0.739899 0.726561 0.715388 0.706230 0.698965 0.687582 0.665969 0.647184 0.630909 0.616882 0.604890 0.594761 0.586355 0.579561 0.574289 0.570475 0.568070 0.567046 0.567390 0.569106 0.572215 0.576756 0.582785 0.580950 0.579665 0.579779 0.581294 0.584229 0.588618 0.594517 0.602000 0.611165 0.622135 0.635064 0.650142 0.667600 0.687725 0.710866 0.737457 0.768037 0.803281 1371.500000 1.464459 0.764939
0.816848 0.809313 0.803835 0.800346 0.798803 0.799187 0.801504 0.805781 0.812071 0.820451 0.831030 0.843944 0.859369 0.877522 0.898670 0.923142 0.951339 0.974516 0.943172 0.915919 0.892286 0.871889 0.854417 0.839614 0.827274 0.817232 0.809357 0.803550 0.799739 0.797876 0.797940 0.799932 0.803875 0.809817 0.817833 0.828024 0.840522 0.855496 0.873155 0.893757 0.917619 0.912210 0.884030 0.859548 0.838350 0.820101 0.804526 0.791403 0.780551 0.771827 0.765119 0.760342 0.757438 0.756372 0.757130 0.759721 0.764178 0.770554 0.778930 0.789413 0.802140 0.817286 0.835065 0.855743 0.879643 0.907165 0.938800 0.975154 1.000000 0.967553 0.939338 0.914863 0.893729 0.875611 0.860245 0.847415 0.836949 0.828710 0.822594 0.818526 0.816454 0.816355 0.818227 0.822092 0.827998 0.836018 0.846254 0.852086 0.837687 0.825723 0.816034 0.808495 0.803011 0.799513 0.797960 0.798333 0.800636 0.804897 0.811168 0.819527 0.830081 0.842967 0.858361 0.876478 0.897585 0.922009 0.906617 0.885653 0.867680 0.852434 0.839703 0.829315 0.821135 0.815059 0.811012 0.808944 0.808830 0.810669 0.814483 0.820319 0.828248 0.838372 0.850821 0.865763 0.869931 0.852896 0.838497 0.826534 2115.000000 1.059173 0.890406
0.800636 0.804897 0.811168 0.819527 0.830081 0.842967 0.858361 0.876478 0.897585 0.922009 0.906617 0.885653 0.867680 0.852434 0.839703 0.829315 0.821135 0.815059 0.811012 0.808944 0.808830 0.810669 0.814483 0.820319 0.828248 0.838372 0.850821 0.865763 0.869931 0.852896 0.838497 0.826534 0.816848 0.809313 0.803835 0.800346 0.798803 0.799187 0.801504 0.805781 0.812071 0.820451 0.831030 0.843944 0.859369 0.877522 0.898670 0.923142 0.951339 0.974516 0.943172 0.915919 0.892286 0.871889 0.854417 0.839614 0.827274 0.817232 0.809357 0.803550 0.799739 0.797876 0.797940 0.799932 0.803875 0.809817 0.817833 0.828024 0.840522 0.855496 0.873155 0.893757 0.917619 0.912210 0.884030 0.859548 0.838350 0.820101 0.804526 0.791403 0.780551 0.771827 0.765119 0.760342 0.757438 0.756372 0.757130 0.759721 0.764178 0.770554 0.778930 0.789413 0.802140 0.817286 0.835065 0.855743 0.879643 0.907165 0.938800 0.975154 1.000000 0.967553 0.939338 0.914863 0.893729 0.875611 0.860245 0.847415 0.836949 0.828710 0.822594 0.818526 0.816454 0.816355 0.818227 0.822092 0.827998 0.836018 0.846254 0.852086 0.837687 0.825723 0.816034 0.808495 0.803011 0.799513 0.797960 0.798333 2115.000000 1.059173 0.890406
0.879643 0.907165 0.938800 0.975154 1.000000 0.967553 0.939338 0.914863 0.893729 0.875611 0.860245 0.847415 0.836949 0.828710 0.822594 0.818526 0.816454 0.816355 0.818227 0.822092 0.827998 0.836018 0.846254 0.852086 0.837687 0.825723 0.816034 0.808495 0.803011 0.799513 0.797960 0.798333 0.800636 0.804897 0.811168 0.819527 0.830081 0.842967 0.858361 0.876478 0.897585 0.922009 0.906617 0.885653 0.867680 0.852434 0.839703 0.829315 0.821135 0.815059 0.811012 0.808944 0.808830 0.810669 0.814483 0.820319 0.828248 0.838372 0.850821 0.865763 0.869931 0.852896 0.838497 0.826534 0.816848 0.809313 0.803835 0.800346 0.798803 0.799187 0.801504 0.805781 0.812071 0.820451 0.831030 0.843944 0.859369 0.877522 0.898670 0.923142 0.951339 0.974516 0.943172 0.915919 0.892286 0.871889 0.854417 0.839614 0.827274 0.817232 0.809357 0.803550 0.799739 0.797876 0.797940 0.799932 0.803875 0.809817 0.817833 0.828024 0.840522 0.855496 0.873155 0.893757 0.917619 0.912210 0.884030 0.859548 0.838350 0.820101 0.804526 0.791403 0.780551 0.771827 0.765119 0.760342 0.757438 0.756372 0.757130 0.759721 0.764178 0.770554 0.778930 0.789413 0.802140 0.817286 0.835065 0.855743 2115.000000 1.059173 0.890406
0.803875 0.809817 0.817833 0.828024 0.840522 0.855496 0.873155 0.893757 0.917619 0.912210 0.884030 0.859548 0.838350 0.820101 0.804526 0.791403 0.780551 0.771827 0.765119 0.760342 0.757438 0.756372 0.757130 0.759721 0.764178 0.770554 0.778930 0.789413 0.802140 0.817286 0.835065 0.855743 0.879643 0.907165 0.938800 0.975154 1.000000 0.967553 0.939338 0.914863 0.893729 0.875611 0.860245 0.847415 0.836949 0.828710 0.822594 0.818526 0.816454 0.816355 0.818227 0.822092 0.827998 0.836018 0.846254 0.852086 0.837687 0.825723 0.816034 0.808495 0.803011 0.799513 0.797960 0.798333 0.800636 0.804897 0.811168 0.819527 0.830081 0.842967 0.858361 0.876478 0.897585 0.922009 0.906617 0.885653 0.867680 0.852434 0.839703 0.829315 0.821135 0.815059 0.811012 0.808944 0.808830 0.810669 0.814483 0.820319 0.828248 0.838372 0.850821 0.865763 0.869931 0.852896 0.838497 0.826534 0.816848 0.809313 0.803835 0.800346 0.798803 0.799187 0.801504 0.805781 0.812071 0.820451 0.831030 0.843944 0.859369 0.877522 0.898670 0.923142 0.951339 0.974516 0.943172 0.915919 0.892286 0.871889 0.854417 0.839614 0.827274 0.817232 0.809357 0.803550 0.799739 0.797876 0.797940 0.799932 2115.000000 1.059173 0.890406
0.745244 0.742201 0.740960 0.741507 0.743849 0.748012 0.754050 0.762036 0.772073 0.784293 0.798861 0.815984 0.835915 0.858965 0.885515 0.916037 0.951111 0.991462 0.999182 0.931321 0.874062 0.825310 0.783497 0.747430 0.716187 0.689044 0.665428 0.644879 0.627027 0.611570 0.598264 0.586908 0.577340 0.569429 0.563070 0.558181 0.554701 0.552587 0.551814 0.552371 0.554267 0.557122 0.561119 0.566548 0.573479 0.582000 0.592227 0.604302 0.618400 0.634737 0.653578 0.675248 0.700149 0.728780 0.739913 0.750854 0.763992 0.779508 0.797630 0.818633 0.842858 0.870721 0.902739 0.939552 0.981961 1.000000 0.956483 0.918716 0.885872 0.857289 0.832435 0.810881 0.792275 0.776332 0.762819 0.751549 0.742368 0.735160 0.729831 0.726015 0.714454 0.704926 0.697307 0.691499 0.687429 0.685048 0.684326 0.685254 0.687845 0.686025 0.676162 0.668165 0.661931 0.657382 0.654460 0.653131 0.653378 0.655204 0.658632 0.663703 0.670481 0.679051 0.689526 0.702046 0.716789 0.733970 0.753856 0.776773 0.803122 0.792727 0.773704 0.757355 0.743436 0.731751 0.722140 0.714477 0.708664 0.704629 0.702322 0.701715 0.702801 0.705593 0.710124 0.716451 0.724654 0.734837 0.747136 0.750127 3327.500000 1.219330 0.815063
0.653378 0.655204 0.658632 0.663703 0.670481 0.679051 0.689526 0.702046 0.716789 0.733970 0.753856 0.776773 0.803122 0.792727 0.773704 0.757355 0.743436 0.731751 0.722140 0.714477 0.708664 0.704629 0.702322 0.701715 0.702801 0.705593 0.710124 0.716451 0.724654 0.734837 0.747136 0.750127 0.745244 0.742201 0.740960 0.741507 0.743849 0.748012 0.754050 0.762036 0.772073 0.784293 0.798861 0.815984 0.835915 0.858965 0.885515 0.916037 0.951111 0.991462 0.999182 0.931321 0.874062 0.825310 0.783497 0.747430 0.716187 0.689044 0.665428 0.644879 0.627027 0.611570 0.598264 0.586908 0.577340 0.569429 0.563070 0.558181 0.554701 0.552587 0.551814 0.552371 0.554267 0.557122 0.561119 0.566548 0.573479 0.582000 0.592227 0.604302 0.618400 0.634737 0.653578 0.675248 0.700149 0.728780 0.739913 0.750854 0.763992 0.779508 0.797630 0.818633 0.842858 0.870721 0.902739 0.939552 0.981961 1.000000 0.956483 0.918716 0.885872 0.857289 0.832435 0.810881 0.792275 0.776332 0.762819 0.751549 0.742368 0.735160 0.729831 0.726015 0.714454 0.704926 0.697307 0.691499 0.687429 0.685048 0.684326 0.685254 0.687845 0.686025 0.676162 0.668165 0.661931 0.657382 0.654460 0.653131 3327.500000 1.219330 0.815063
0.981961 1.000000 0.956483 0.918716 0.885872 0.857289 0.832435 0.810881 0.792275 0.776332 0.762819 0.751549 0.742368 0.735160 0.729831 0.726015 0.714454 0.704926 0.697307 0.691499 0.687429 0.685048 0.684326 0.685254 0.687845 0.686025 0.676162 0.668165 0.661931 0.657382 0.654460 0.653131 0.653378 0.655204 0.658632 0.663703 0.670481 0.679051 0.689526 0.702046 0.716789 0.733970 0.753856 0.776773 0.803122 0.792727 0.773704 0.757355 0.743436 0.731751 0.722140 0.714477 0.708664 0.704629 0.702322 0.701715 0.702801 0.705593 0.710124 0.716451 0.724654 0.734837 0.747136 0.750127 0.745244 0.742201 0.740960 0.741507 0.743849 0.748012 0.754050 0.762036 0.772073 0.784293 0.798861 0.815984 0.835915 0.858965 0.885515 0.916037 0.951111 0.991462 0.999182 0.931321 0.874062 0.825310 0.783497 0.747430 0.716187 0.689044 0.665428 0.644879 0.627027 0.611570 0.598264 0.586908 0.577340 0.569429 0.563070 0.558181 0.554701 0.552587 0.551814 0.552371 0.554267 0.557122 0.561119 0.566548 0.573479 0.582000 0.592227 0.604302 0.618400 0.634737 0.653578 0.675248 0.700149 0.728780 0.739913 0.750854 0.763992 0.779508 0.797630 0.818633 0.842858 0.870721 0.902739 0.939552 3327.500000 1.219330 0.815063
0.577340 0.569429 0.563070 0.558181 0.554701 0.552587 0.551814 0.552371 0.554267 0.557122 0.561119 0.566548 0.573479 0.582000 0.592227 0.604302 0.618400 0.634737 0.653578 0.675248 0.700149 0.728780 0.739913 0.750854 0.763992 0.779508 0.797630 0.818633 0.842858 0.870721 0.902739 0.939552 0.981961 1.000000 0.956483 0.918716 0.885872 0.857289 0.832435 0.810881 0.792275 0.776332 0.762819 0.751549 0.742368 0.735160 0.729831 0.726015 0.714454 0.704926 0.697307 0.691499 0.687429 0.685048 0.684326 0.685254 0.687845 0.686025 0.676162 0.668165 0.661931 0.657382 0.654460 0.653131 0.653378 0.655204 0.658632 0.663703 0.670481 0.679051 0.689526 0.702046 0.716789 0.733970 0.753856 0.776773 0.803122 0.792727 0.773704 0.757355 0.743436 0.731751 0.722140 0.714477 0.708664 0.704629 0.702322 0.701715 0.702801 0.705593 0.710124 0.716451 0.724654 0.734837 0.747136 0.750127 0.745244 0.742201 0.740960 0.741507 0.743849 0.748012 0.754050 0.762036 0.772073 0.784293 0.798861 0.815984 0.835915 0.858965 0.885515 0.916037 0.951111 0.991462 0.999182 0.931321 0.874062 0.825310 0.783497 0.747430 0.716187 0.689044 0.665428 0.644879 0.627027 0.611570 0.598264 0.586908 3327.500000 1.219330 0.815063
0.900204 0.883365 0.869200 0.857515 0.848156 0.841004 0.835968 0.832987 0.832025 0.833069 0.836133 0.841253 0.848494 0.857944 0.869727 0.883997 0.864027 0.834695 0.809174 0.787006 0.767822 0.751317 0.737246 0.725408 0.715640 0.707815 0.701831 0.697615 0.695113 0.694296 0.695153 0.697695 0.701954 0.707980 0.715851 0.725666 0.737556 0.751683 0.751497 0.741709 0.733918 0.728025 0.723955 0.721660 0.721111 0.722302 0.725246 0.729981 0.736564 0.745078 0.755633 0.768368 0.783461 0.801126 0.820544 0.814050 0.809593 0.807118 0.806595 0.808019 0.811406 0.816797 0.824259 0.833887 0.845803 0.860168 0.877178 0.897080 0.920174 0.946829 0.977500 0.966873 0.943596 0.923586 0.906546 0.892234 0.880455 0.860568 0.839855 0.822050 0.806888 0.794153 0.783673 0.775309 0.768955 0.764530 0.761982 0.761279 0.762412 0.757630 0.743379 0.731384 0.721480 0.713538 0.707453 0.703152 0.700580 0.699706 0.700520 0.697245 0.686449 0.677591 0.670553 0.665246 0.661603 0.659581 0.659154 0.660317 0.663085 0.667491 0.673589 0.681456 0.691195 0.702934 0.716835 0.733098 0.751971 0.773754 0.798818 0.827622 0.860731 0.898856 0.942891 0.993981 1.000000 0.969452 0.942919 0.919957 6024.000000 1.250310 0.886625
0.700580 0.699706 0.700520 0.697245 0.686449 0.677591 0.670553 0.665246 0.661603 0.659581 0.659154 0.660317 0.663085 0.667491 0.673589 0.681456 0.691195 0.702934 0.716835 0.733098 0.751971 0.773754 0.798818 0.827622 0.860731 0.898856 0.942891 0.993981 1.000000 0.969452 0.942919 0.919957 0.900204 0.883365 0.869200 0.857515 0.848156 0.841004 0.835968 0.832987 0.832025 0.833069 0.836133 0.841253 0.848494 0.857944 0.869727 0.883997 0.864027 0.834695 0.809174 0.787006 0.767822 0.751317 0.737246 0.725408 0.715640 0.707815 0.701831 0.697615 0.695113 0.694296 0.695153 0.697695 0.701954 0.707980 0.715851 0.725666 0.737556 0.751683 0.751497 0.741709 0.733918 0.728025 0.723955 0.721660 0.721111 0.722302 0.725246 0.729981 0.736564 0.745078 0.755633 0.768368 0.783461 0.801126 0.820544 0.814050 0.809593 0.807118 0.806595 0.808019 0.811406 0.816797 0.824259 0.833887 0.845803 0.860168 0.877178 0.897080 0.920174 0.946829 0.977500 0.966873 0.943596 0.923586 0.906546 0.892234 0.880455 0.860568 0.839855 0.822050 0.806888 0.794153 0.783673 0.775309 0.768955 0.764530 0.761982 0.761279 0.762412 0.757630 0.743379 0.731384 0.721480 0.713538 0.707453 0.703152 6024.000000 1.250310 0.886625
0.845803 0.860168 0.877178 0.897080 0.920174 0.946829 0.977500 0.966873 0.943596 0.923586 0.906546 0.892234 0.880455 0.860568 0.839855 0.822050 0.806888 0.794153 0.783673 0.775309 0.768955 0.764530 0.761982 0.761279 0.762412 0.757630 0.743379 0.731384 0.721480 0.713538 0.707453 0.703152 0.700580 0.699706 0.700520 0.697245 0.686449 0.677591 0.670553 0.665246 0.661603 0.659581 0.659154 0.660317 0.663085 0.667491 0.673589 0.681456 0.691195 0.702934 0.716835 0.733098 0.751971 0.773754 0.798818 0.827622 0.860731 0.898856 0.942891 0.993981 1.000000 0.969452 0.942919 0.919957 0.900204 0.883365 0.869200 0.857515 0.848156 0.841004 0.835968 0.832987 0.832025 0.833069 0.836133 0.841253 0.848494 0.857944 0.869727 0.883997 0.864027 0.834695 0.809174 0.787006 0.767822 0.751317 0.737246 0.725408 0.715640 0.707815 0.701831 0.697615 0.695113 0.694296 0.695153 0.697695 0.701954 0.707980 0.715851 0.725666 0.737556 0.751683 0.751497 0.741709 0.733918 0.728025 0.723955 0.721660 0.721111 0.722302 0.725246 0.729981 0.736564 0.745078 0.755633 0.768368 0.783461 0.801126 0.820544 0.814050 0.809593 0.807118 0.806595 0.808019 0.811406 0.816797 0.824259 0.833887 6024.000000 1.250310 0.886625
0.701954 0.707980 0.715851 0.725666 0.737556 0.751683 0.751497 0.741709 0.733918 0.728025 0.723955 0.721660 0.721111 0.722302 0.725246 0.729981 0.736564 0.745078 0.755633 0.768368 0.783461 0.801126 0.820544 0.814050 0.809593 0.807118 0.806595 0.808019 0.811406 0.816797 0.824259 0.833887 0.845803 0.860168 0.877178 0.897080 0.920174 0.946829 0.977500 0.966873 0.943596 0.923586 0.906546 0.892234 0.880455 0.860568 0.839855 0.822050 0.806888 0.794153 0.783673 0.775309 0.768955 0.764530 0.761982 0.761279 0.762412 0.757630 0.743379 0.731384 0.721480 0.713538 0.707453 0.703152 0.700580 0.699706 0.700520 0.697245 0.686449 0.677591 0.670553 0.665246 0.661603 0.659581 0.659154 0.660317 0.663085 0.667491 0.673589 0.681456 0.691195 0.702934 0.716835 0.733098 0.751971 0.773754 0.798818 0.827622 0.860731 0.898856 0.942891 0.993981 1.000000 0.969452 0.942919 0.919957 0.900204 0.883365 0.869200 0.857515 0.848156 0.841004 0.835968 0.832987 0.832025 0.833069 0.836133 0.841253 0.848494 0.857944 0.869727 0.883997 0.864027 0.834695 0.809174 0.787006 0.767822 0.751317 0.737246 0.725408 0.715640 0.707815 0.701831 0.697615 0.695113 0.694296 0.695153 0.697695 6024.000000 1.250310 0.886625
0.878007 0.904607 0.935191 0.970336 0.943791 0.912756 0.885763 0.862339 0.842098 0.824727 0.809970 0.797619 0.787508 0.779505 0.773507 0.769441 0.767255 0.766925 0.768445 0.771834 0.777134 0.784410 0.793754 0.805286 0.819161 0.835571 0.854753 0.876998 0.902666 0.882982 0.859557 0.839312 0.821933 0.807165 0.794799 0.784668 0.776639 0.770611 0.766507 0.764279 0.763899 0.765362 0.768686 0.773911 0.781103 0.790351 0.801776 0.815529 0.831801 0.850828 0.872897 0.898364 0.927663 0.961331 0.935366 0.911736 0.891364 0.873943 0.859219 0.846991 0.837093 0.829400 0.823813 0.820264 0.818709 0.819129 0.821530 0.825941 0.832416 0.841035 0.851909 0.865178 0.881024 0.899669 0.898404 0.868392 0.842284 0.819617 0.800015 0.783171 0.768836 0.756807 0.746920 0.739045 0.733083 0.728958 0.726620 0.726040 0.727211 0.730149 0.734887 0.741486 0.750027 0.760622 0.773409 0.788567 0.806311 0.826911 0.850694 0.878063 0.909516 0.945669 0.987291 1.000000 0.960990 0.927059 0.897530 0.871860 0.849608 0.830414 0.813985 0.800085 0.788518 0.779132 0.771804 0.766441 0.762978 0.761373 0.761604 0.763677 0.767615 0.773466 0.781305 0.791229 0.803369 0.817889 0.834991 0.854928 13126.000000 1.067691 0.855767
0.806311 0.826911 0.850694 0.878063 0.909516 0.945669 0.987291 1.000000 0.960990 0.927059 0.897530 0.871860 0.849608 0.830414 0.813985 0.800085 0.788518 0.779132 0.771804 0.766441 0.762978 0.761373 0.761604 0.763677 0.767615 0.773466 0.781305 0.791229 0.803369 0.817889 0.834991 0.854928 0.878007 0.904607 0.935191 0.970336 0.943791 0.912756 0.885763 0.862339 0.842098 0.824727 0.809970 0.797619 0.787508 0.779505 0.773507 0.769441 0.767255 0.766925 0.768445 0.771834 0.777134 0.784410 0.793754 0.805286 0.819161 0.835571 0.854753 0.876998 0.902666 0.882982 0.859557 0.839312 0.821933 0.807165 0.794799 0.784668 0.776639 0.770611 0.766507 0.764279 0.763899 0.765362 0.768686 0.773911 0.781103 0.790351 0.801776 0.815529 0.831801 0.850828 0.872897 0.898364 0.927663 0.961331 0.935366 0.911736 0.891364 0.873943 0.859219 0.846991 0.837093 0.829400 0.823813 0.820264 0.818709 0.819129 0.821530 0.825941 0.832416 0.841035 0.851909 0.865178 0.881024 0.899669 0.898404 0.868392 0.842284 0.819617 0.800015 0.783171 0.768836 0.756807 0.746920 0.739045 0.733083 0.728958 0.726620 0.726040 0.727211 0.730149 0.734887 0.741486 0.750027 0.760622 0.773409 0.788567 13126.000000 1.067691 0.855767
0.818709 0.819129 0.821530 0.825941 0.832416 0.841035 0.851909 0.865178 0.881024 0.899669 0.898404 0.868392 0.842284 0.819617 0.800015 0.783171 0.768836 0.756807 0.746920 0.739045 0.733083 0.728958 0.726620 0.726040 0.727211 0.730149 0.734887 0.741486 0.750027 0.760622 0.773409 0.788567 0.806311 0.826911 0.850694 0.878063 0.909516 0.945669 0.987291 1.000000 0.960990 0.927059 0.897530 0.871860 0.849608 0.830414 0.813985 0.800085 0.788518 0.779132 0.771804 0.766441 0.762978 0.761373 0.761604 0.763677 0.767615 0.773466 0.781305 0.791229 0.803369 0.817889 0.834991 0.854928 0.878007 0.904607 0.935191 0.970336 0.943791 0.912756 0.885763 0.862339 0.842098 0.824727 0.809970 0.797619 0.787508 0.779505 0.773507 0.769441 0.767255 0.766925 0.768445 0.771834 0.777134 0.784410 0.793754 0.805286 0.819161 0.835571 0.854753 0.876998 0.902666 0.882982 0.859557 0.839312 0.821933 0.807165 0.794799 0.784668 0.776639 0.770611 0.766507 0.764279 0.763899 0.765362 0.768686 0.773911 0.781103 0.790351 0.801776 0.815529 0.831801 0.850828 0.872897 0.898364 0.927663 0.961331 0.935366 0.911736 0.891364 0.873943 0.859219 0.846991 0.837093 0.829400 0.823813 0.820264 13126.000000 1.067691 0.855767
0.821933 0.807165 0.794799 0.784668 0.776639 0.770611 0.766507 0.764279 0.763899 0.765362 0.768686 0.773911 0.781103 0.790351 0.801776 0.815529 0.831801 0.850828 0.872897 0.898364 0.927663 0.961331 0.935366 0.911736 0.891364 0.873943 0.859219 0.846991 0.837093 0.829400 0.823813 0.820264 0.818709 0.819129 0.821530 0.825941 0.832416 0.841035 0.851909 0.865178 0.881024 0.899669 0.898404 0.868392 0.842284 0.819617 0.800015 0.783171 0.768836 0.756807 0.746920 0.739045 0.733083 0.728958 0.726620 0.726040 0.727211 0.730149 0.734887 0.741486 0.750027 0.760622 0.773409 0.788567 0.806311 0.826911 0.850694 0.878063 0.909516 0.945669 0.987291 1.000000 0.960990 0.927059 0.897530 0.871860 0.849608 0.830414 0.813985 0.800085 0.788518 0.779132 0.771804 0.766441 0.762978 0.761373 0.761604 0.763677 0.767615 0.773466 0.781305 0.791229 0.803369 0.817889 0.834991 0.854928 0.878007 0.904607 0.935191 0.970336 0.943791 0.912756 0.885763 0.862339 0.842098 0.824727 0.809970 0.797619 0.787508 0.779505 0.773507 0.769441 0.767255 0.766925 0.768445 0.771834 0.777134 0.784410 0.793754 0.805286 0.819161 0.835571 0.854753 0.876998 0.902666 0.882982 0.859557 0.839312 13126.000000 1.067691 0.855767
0.713133 0.655703 0.608190 0.568374 0.534660 0.505872 0.481126 0.459743 0.441198 0.425076 0.411045 0.398842 0.388250 0.379096 0.371238 0.364559 0.358965 0.354382 0.350748 0.348019 0.346158 0.345145 0.344966 0.345620 0.347113 0.349466 0.352706 0.356874 0.362025 0.368226 0.375565 0.384146 0.394100 0.405586 0.418802 0.433988 0.451446 0.471551 0.494777 0.521732 0.553203 0.590227 0.634200 0.687041 0.751462 0.831425 0.932946 1.000000 0.907670 0.832785 0.771030 0.719416 0.675804 0.638628 0.606715 0.579168 0.555293 0.534546 0.516493 0.500786 0.487145 0.475343 0.465193 0.456544 0.449274 0.443282 0.438491 0.434839 0.432280 0.430782 0.430328 0.430912 0.432541 0.435235 0.439027 0.443964 0.450110 0.457547 0.466376 0.476724 0.488745 0.502631 0.518614 0.536984 0.558096 0.582397 0.610448 0.642966 0.680875 0.674334 0.645115 0.619753 0.597696 0.578500 0.561810 0.547338 0.534850 0.524152 0.515091 0.507540 0.501397 0.496584 0.493038 0.490716 0.489591 0.489647 0.490886 0.493322 0.496987 0.501924 0.508197 0.515887 0.525098 0.535959 0.548628 0.563300 0.580215 0.599666 0.622018 0.647721 0.677342 0.711598 0.751410 0.797978 0.852890 0.918293 0.871992 0.783657 4755.000000 1.563615 0.560728
0.534850 0.524152 0.515091 0.507540 0.501397 0.496584 0.493038 0.490716 0.489591 0.489647 0.490886 0.493322 0.496987 0.501924 0.508197 0.515887 0.525098 0.535959 0.548628 0.563300 0.580215 0.599666 0.622018 0.647721 0.677342 0.711598 0.751410 0.797978 0.852890 0.918293 0.871992 0.783657 0.713133 0.655703 0.608190 0.568374 0.534660 0.505872 0.481126 0.459743 0.441198 0.425076 0.411045 0.398842 0.388250 0.379096 0.371238 0.364559 0.358965 0.354382 0.350748 0.348019 0.346158 0.345145 0.344966 0.345620 0.347113 0.349466 0.352706 0.356874 0.362025 0.368226 0.375565 0.384146 0.394100 0.405586 0.418802 0.433988 0.451446 0.471551 0.494777 0.521732 0.553203 0.590227 0.634200 0.687041 0.751462 0.831425 0.932946 1.000000 0.907670 0.832785 0.771030 0.719416 0.675804 0.638628 0.606715 0.579168 0.555293 0.534546 0.516493 0.500786 0.487145 0.475343 0.465193 0.456544 0.449274 0.443282 0.438491 0.434839 0.432280 0.430782 0.430328 0.430912 0.432541 0.435235 0.439027 0.443964 0.450110 0.457547 0.466376 0.476724 0.488745 0.502631 0.518614 0.536984 0.558096 0.582397 0.610448 0.642966 0.680875 0.674334 0.645115 0.619753 0.597696 0.578500 0.561810 0.547338 4755.000000 1.563615 0.560728
0.449274 0.443282 0.438491 0.434839 0.432280 0.430782 0.430328 0.430912 0.432541 0.435235 0.439027 0.443964 0.450110 0.457547 0.466376 0.476724 0.488745 0.502631 0.518614 0.536984 0.558096 0.582397 0.610448 0.642966 0.680875 0.674334 0.645115 0.619753 0.597696 0.578500 0.561810 0.547338 0.534850 0.524152 0.515091 0.507540 0.501397 0.496584 0.493038 0.490716 0.489591 0.489647 0.490886 0.493322 0.496987 0.501924 0.508197 0.515887 0.525098 0.535959 0.548628 0.563300 0.580215 0.599666 0.622018 0.647721 0.677342 0.711598 0.751410 0.797978 0.852890 0.918293 0.871992 0.783657 0.713133 0.655703 0.608190 0.568374 0.534660 0.505872 0.481126 0.459743 0.441198 0.425076 0.411045 0.398842 0.388250 0.379096 0.371238 0.364559 0.358965 0.354382 0.350748 0.348019 0.346158 0.345145 0.344966 0.345620 0.347113 0.349466 0.352706 0.356874 0.362025 0.368226 0.375565 0.384146 0.394100 0.405586 0.418802 0.433988 0.451446 0.471551 0.494777 0.521732 0.553203 0.590227 0.634200 0.687041 0.751462 0.831425 0.932946 1.000000 0.907670 0.832785 0.771030 0.719416 0.675804 0.638628 0.606715 0.579168 0.555293 0.534546 0.516493 0.500786 0.487145 0.475343 0.465193 0.456544 4755.000000 1.563615 0.560728
0.394100 0.405586 0.418802 0.433988 0.451446 0.471551 0.494777 0.521732 0.553203 0.590227 0.634200 0.687041 0.751462 0.831425 0.932946 1.000000 0.907670 0.832785 0.771030 0.719416 0.675804 0.638628 0.606715 0.579168 0.555293 0.534546 0.516493 0.500786 0.487145 0.475343 0.465193 0.456544 0.449274 0.443282 0.438491 0.434839 0.432280 0.430782 0.430328 0.430912 0.432541 0.435235 0.439027 0.443964 0.450110 0.457547 0.466376 0.476724 0.488745 0.502631 0.518614 0.536984 0.558096 0.582397 0.610448 0.642966 0.680875 0.674334 0.645115 0.619753 0.597696 0.578500 0.561810 0.547338 0.534850 0.524152 0.515091 0.507540 0.501397 0.496584 0.493038 0.490716 0.489591 0.489647 0.490886 0.493322 0.496987 0.501924 0.508197 0.515887 0.525098 0.535959 0.548628 0.563300 0.580215 0.599666 0.622018 0.647721 0.677342 0.711598 0.751410 0.797978 0.852890 0.918293 0.871992 0.783657 0.713133 0.655703 0.608190 0.568374 0.534660 0.505872 0.481126 0.459743 0.441198 0.425076 0.411045 0.398842 0.388250 0.379096 0.371238 0.364559 0.358965 0.354382 0.350748 0.348019 0.346158 0.345145 0.344966 0.345620 0.347113 0.349466 0.352706 0.356874 0.362025 0.368226 0.375565 0.384146 4755.000000 1.563615 0.560728
0.867510 0.822383 0.783514 0.749878 0.720675 0.695274 0.673170 0.653954 0.637298 0.622932 0.610638 0.600239 0.591589 0.584573 0.579100 0.575101 0.572527 0.571347 0.571545 0.573124 0.576104 0.580521 0.586430 0.593906 0.603046 0.613975 0.626845 0.641845 0.640098 0.619859 0.602266 0.587020 0.573875 0.562631 0.553127 0.545230 0.538835 0.533860 0.530241 0.527934 0.526912 0.527160 0.528684 0.531500 0.535643 0.541166 0.548138 0.556651 0.566819 0.578786 0.592728 0.608861 0.627450 0.648823 0.673383 0.701632 0.734201 0.771892 0.815732 0.867067 0.927683 1.000000 0.977397 0.912560 0.857728 0.810955 0.770780 0.736088 0.706011 0.679869 0.657121 0.637331 0.620149 0.605289 0.592519 0.581648 0.572523 0.565021 0.559042 0.554510 0.551369 0.549579 0.549120 0.549985 0.552185 0.555748 0.560716 0.567152 0.575140 0.584784 0.596219 0.609607 0.625151 0.643099 0.657727 0.637916 0.620714 0.605837 0.593052 0.582169 0.573034 0.565522 0.559535 0.554996 0.551850 0.550056 0.549594 0.550458 0.552658 0.556221 0.561191 0.567630 0.575621 0.585271 0.596712 0.610109 0.625662 0.643621 0.664288 0.688039 0.715339 0.746768 0.783060 0.825147 0.874242 0.931936 0.982274 0.920222 1898.000000 1.545812 0.716217
0.620714 0.605837 0.593052 0.582169 0.573034 0.565522 0.559535 0.554996 0.551850 0.550056 0.549594 0.550458 0.552658 0.556221 0.561191 0.567630 0.575621 0.585271 0.596712 0.610109 0.625662 0.643621 0.664288 0.688039 0.715339 0.746768 0.783060 0.825147 0.874242 0.931936 0.982274 0.920222 0.867510 0.822383 0.783514 0.749878 0.720675 0.695274 0.673170 0.653954 0.637298 0.622932 0.610638 0.600239 0.591589 0.584573 0.579100 0.575101 0.572527 0.571347 0.571545 0.573124 0.576104 0.580521 0.586430 0.593906 0.603046 0.613975 0.626845 0.641845 0.640098 0.619859 0.602266 0.587020 0.573875 0.562631 0.553127 0.545230 0.538835 0.533860 0.530241 0.527934 0.526912 0.527160 0.528684 0.531500 0.535643 0.541166 0.548138 0.556651 0.566819 0.578786 0.592728 0.608861 0.627450 0.648823 0.673383 0.701632 0.734201 0.771892 0.815732 0.867067 0.927683 1.000000 0.977397 0.912560 0.857728 0.810955 0.770780 0.736088 0.706011 0.679869 0.657121 0.637331 0.620149 0.605289 0.592519 0.581648 0.572523 0.565021 0.559042 0.554510 0.551369 0.549579 0.549120 0.549985 0.552185 0.555748 0.560716 0.567152 0.575140 0.584784 0.596219 0.609607 0.625151 0.643099 0.657727 0.637916 1898.000000 1.545812 0.716217
0.857728 0.810955 0.770780 0.736088 0.706011 0.679869 0.657121 0.637331 0.620149 0.605289 0.592519 0.581648 0.572523 0.565021 0.559042 0.554510 0.551369 0.549579 0.549120 0.549985 0.552185 0.555748 0.560716 0.567152 0.575140 0.584784 0.596219 0.609607 0.625151 0.643099 0.657727 0.637916 0.620714 0.605837 0.593052 0.582169 0.573034 0.565522 0.559535 0.554996 0.551850 0.550056 0.549594 0.550458 0.552658 0.556221 0.561191 0.567630 0.575621 0.585271 0.596712 0.610109 0.625662 0.643621 0.664288 0.688039 0.715339 0.746768 0.783060 0.825147 0.874242 0.931936 0.982274 0.920222 0.867510 0.822383 0.783514 0.749878 0.720675 0.695274 0.673170 0.653954 0.637298 0.622932 0.610638 0.600239 0.591589 0.584573 0.579100 0.575101 0.572527 0.571347 0.571545 0.573124 0.576104 0.580521 0.586430 0.593906 0.603046 0.613975 0.626845 0.641845 0.640098 0.619859 0.602266 0.587020 0.573875 0.562631 0.553127 0.545230 0.538835 0.533860 0.530241 0.527934 0.526912 0.527160 0.528684 0.531500 0.535643 0.541166 0.548138 0.556651 0.566819 0.578786 0.592728 0.608861 0.627450 0.648823 0.673383 0.701632 0.734201 0.771892 0.815732 0.867067 0.927683 1.000000 0.977397 0.912560 1898.000000 1.545812 0.716217
0.573875 0.562631 0.553127 0.545230 0.538835 0.533860 0.530241 0.527934 0.526912 0.527160 0.528684 0.531500 0.535643 0.541166 0.548138 0.556651 0.566819 0.578786 0.592728 0.608861 0.627450 0.648823 0.673383 0.701632 0.734201 0.771892 0.815732 0.867067 0.927683 1.000000 0.977397 0.912560 0.857728 0.810955 0.770780 0.736088 0.706011 0.679869 0.657121 0.637331 0.620149 0.605289 0.592519 0.581648 0.572523 0.565021 0.559042 0.554510 0.551369 0.549579 0.549120 0.549985 0.552185 0.555748 0.560716 0.567152 0.575140 0.584784 0.596219 0.609607 0.625151 0.643099 0.657727 0.637916 0.620714 0.605837 0.593052 0.582169 0.573034 0.565522 0.559535 0.554996 0.551850 0.550056 0.549594 0.550458 0.552658 0.556221 0.561191 0.567630 0.575621 0.585271 0.596712 0.610109 0.625662 0.643621 0.664288 0.688039 0.715339 0.746768 0.783060 0.825147 0.874242 0.931936 0.982274 0.920222 0.867510 0.822383 0.783514 0.749878 0.720675 0.695274 0.673170 0.653954 0.637298 0.622932 0.610638 0.600239 0.591589 0.584573 0.579100 0.575101 0.572527 0.571347 0.571545 0.573124 0.576104 0.580521 0.586430 0.593906 0.603046 0.613975 0.626845 0.641845 0.640098 0.619859 0.602266 0.587020 1898.000000 1.545812 0.716217
0.929655 0.870515 0.820308 0.777347 0.740356 0.708356 0.680578 0.656419 0.635394 0.617115 0.601266 0.587591 0.575881 0.565965 0.557705 0.550992 0.545737 0.541875 0.539357 0.532478 0.517362 0.504262 0.492967 0.483306 0.475139 0.468353 0.462858 0.458581 0.455471 0.453487 0.452606 0.452818 0.454124 0.456540 0.460097 0.464839 0.470825 0.478134 0.486865 0.497141 0.509113 0.518054 0.513901 0.511036 0.509423 0.509043 0.509891 0.511977 0.515327 0.519982 0.526001 0.533460 0.542460 0.553124 0.565606 0.580094 0.596819 0.616066 0.638184 0.663607 0.692879 0.726683 0.765895 0.811647 0.865430 0.929243 0.936130 0.877419 0.827513 0.784768 0.747935 0.716052 0.688367 0.664284 0.643326 0.625111 0.609326 0.595718 0.584081 0.574247 0.566080 0.559470 0.554334 0.550605 0.548238 0.547204 0.543739 0.521706 0.502552 0.485884 0.471385 0.458800 0.447920 0.438576 0.430631 0.423971 0.418507 0.414168 0.410897 0.408654 0.407411 0.407155 0.407880 0.409596 0.412325 0.416099 0.420966 0.426441 0.431103 0.436933 0.444007 0.452422 0.462297 0.473780 0.487051 0.502332 0.519895 0.540080 0.563307 0.590108 0.621156 0.657326 0.699758 0.749977 0.810065 0.882932 0.972778 1.000000 2127.500000 1.709342 0.677762
0.418507 0.414168 0.410897 0.408654 0.407411 0.407155 0.407880 0.409596 0.412325 0.416099 0.420966 0.426441 0.431103 0.436933 0.444007 0.452422 0.462297 0.473780 0.487051 0.502332 0.519895 0.540080 0.563307 0.590108 0.621156 0.657326 0.699758 0.749977 0.810065 0.882932 0.972778 1.000000 0.929655 0.870515 0.820308 0.777347 0.740356 0.708356 0.680578 0.656419 0.635394 0.617115 0.601266 0.587591 0.575881 0.565965 0.557705 0.550992 0.545737 0.541875 0.539357 0.532478 0.517362 0.504262 0.492967 0.483306 0.475139 0.468353 0.462858 0.458581 0.455471 0.453487 0.452606 0.452818 0.454124 0.456540 0.460097 0.464839 0.470825 0.478134 0.486865 0.497141 0.509113 0.518054 0.513901 0.511036 0.509423 0.509043 0.509891 0.511977 0.515327 0.519982 0.526001 0.533460 0.542460 0.553124 0.565606 0.580094 0.596819 0.616066 0.638184 0.663607 0.692879 0.726683 0.765895 0.811647 0.865430 0.929243 0.936130 0.877419 0.827513 0.784768 0.747935 0.716052 0.688367 0.664284 0.643326 0.625111 0.609326 0.595718 0.584081 0.574247 0.566080 0.559470 0.554334 0.550605 0.548238 0.547204 0.543739 0.521706 0.502552 0.485884 0.471385 0.458800 0.447920 0.438576 0.430631 0.423971 2127.500000 1.709342 0.677762
0.865430 0.929243 0.936130 0.877419 0.827513 0.784768 0.747935 0.716052 0.688367 0.664284 0.643326 0.625111 0.609326 0.595718 0.584081 0.574247 0.566080 0.559470 0.554334 0.550605 0.548238 0.547204 0.543739 0.521706 0.502552 0.485884 0.471385 0.458800 0.447920 0.438576 0.430631 0.423971 0.418507 0.414168 0.410897 0.408654 0.407411 0.407155 0.407880 0.409596 0.412325 0.416099 0.420966 0.426441 0.431103 0.436933 0.444007 0.452422 0.462297 0.473780 0.487051 0.502332 0.519895 0.540080 0.563307 0.590108 0.621156 0.657326 0.699758 0.749977 0.810065 0.882932 0.972778 1.000000 0.929655 0.870515 0.820308 0.777347 0.740356 0.708356 0.680578 0.656419 0.635394 0.617115 0.601266 0.587591 0.575881 0.565965 0.557705 0.550992 0.545737 0.541875 0.539357 0.532478 0.517362 0.504262 0.492967 0.483306 0.475139 0.468353 0.462858 0.458581 0.455471 0.453487 0.452606 0.452818 0.454124 0.456540 0.460097 0.464839 0.470825 0.478134 0.486865 0.497141 0.509113 0.518054 0.513901 0.511036 0.509423 0.509043 0.509891 0.511977 0.515327 0.519982 0.526001 0.533460 0.542460 0.553124 0.565606 0.580094 0.596819 0.616066 0.638184 0.663607 0.692879 0.726683 0.765895 0.811647 2127.500000 1.709342 0.677762
0.454124 0.456540 0.460097 0.464839 0.470825 0.478134 0.486865 0.497141 0.509113 0.518054 0.513901 0.511036 0.509423 0.509043 0.509891 0.511977 0.515327 0.519982 0.526001 0.533460 0.542460 0.553124 0.565606 0.580094 0.596819 0.616066 0.638184 0.663607 0.692879 0.726683 0.765895 0.811647 0.865430 0.929243 0.936130 0.877419 0.827513 0.784768 0.747935 0.716052 0.688367 0.664284 0.643326 0.625111 0.609326 0.595718 0.584081 0.574247 0.566080 0.559470 0.554334 0.550605 0.548238 0.547204 0.543739 0.521706 0.502552 0.485884 0.471385 0.458800 0.447920 0.438576 0.430631 0.423971 0.418507 0.414168 0.410897 0.408654 0.407411 0.407155 0.407880 0.409596 0.412325 0.416099 0.420966 0.426441 0.431103 0.436933 0.444007 0.452422 0.462297 0.473780 0.487051 0.502332 0.519895 0.540080 0.563307 0.590108 0.621156 0.657326 0.699758 0.749977 0.810065 0.882932 0.972778 1.000000 0.929655 0.870515 0.820308 0.777347 0.740356 0.708356 0.680578 0.656419 0.635394 0.617115 0.601266 0.587591 0.575881 0.565965 0.557705 0.550992 0.545737 0.541875 0.539357 0.532478 0.517362 0.504262 0.492967 0.483306 0.475139 0.468353 0.462858 0.458581 0.455471 0.453487 0.452606 0.452818 2127.500000 1.709342 0.677762
0.586854 0.591714 0.598109 0.606119 0.615851 0.627436 0.641040 0.656864 0.675157 0.696223 0.720438 0.748265 0.780284 0.817222 0.860006 0.909830 0.968259 1.000000 0.964468 0.933546 0.906662 0.883352 0.863237 0.846011 0.831423 0.819270 0.809388 0.801650 0.795959 0.792242 0.790456 0.790578 0.792610 0.768583 0.741273 0.717508 0.696845 0.678929 0.663469 0.650229 0.639017 0.629676 0.622082 0.616135 0.611760 0.608904 0.607490 0.605294 0.604565 0.605294 0.607490 0.611180 0.616409 0.623242 0.631768 0.642099 0.654376 0.668774 0.685509 0.704844 0.727104 0.752688 0.782091 0.815931 0.813010 0.810926 0.810801 0.812633 0.816445 0.822283 0.830220 0.840356 0.852822 0.867786 0.885455 0.906088 0.929998 0.957574 0.989292 0.980803 0.923475 0.874469 0.832306 0.795851 0.764219 0.736712 0.712775 0.691958 0.673900 0.658307 0.644937 0.633596 0.624124 0.616394 0.610456 0.608249 0.607516 0.608249 0.610456 0.614164 0.619418 0.626285 0.634853 0.645234 0.657571 0.672039 0.688856 0.708285 0.730654 0.756363 0.785910 0.819914 0.859158 0.904636 0.957634 0.987586 0.920348 0.863630 0.815347 0.773943 0.738233 0.707302 0.680432 0.657053 0.636711 0.619037 0.603733 0.590556 607.500000 1.146253 0.741079
0.607516 0.608249 0.610456 0.614164 0.619418 0.626285 0.634853 0.645234 0.657571 0.672039 0.688856 0.708285 0.730654 0.756363 0.785910 0.819914 0.859158 0.904636 0.957634 0.987586 0.920348 0.863630 0.815347 0.773943 0.738233 0.707302 0.680432 0.657053 0.636711 0.619037 0.603733 0.590556 0.586854 0.591714 0.598109 0.606119 0.615851 0.627436 0.641040 0.656864 0.675157 0.696223 0.720438 0.748265 0.780284 0.817222 0.860006 0.909830 0.968259 1.000000 0.964468 0.933546 0.906662 0.883352 0.863237 0.846011 0.831423 0.819270 0.809388 0.801650 0.795959 0.792242 0.790456 0.790578 0.792610 0.768583 0.741273 0.717508 0.696845 0.678929 0.663469 0.650229 0.639017 0.629676 0.622082 0.616135 0.611760 0.608904 0.607490 0.605294 0.604565 0.605294 0.607490 0.611180 0.616409 0.623242 0.631768 0.642099 0.654376 0.668774 0.685509 0.704844 0.727104 0.752688 0.782091 0.815931 0.813010 0.810926 0.810801 0.812633 0.816445 0.822283 0.830220 0.840356 0.852822 0.867786 0.885455 0.906088 0.929998 0.957574 0.989292 0.980803 0.923475 0.874469 0.832306 0.795851 0.764219 0.736712 0.712775 0.691958 0.673900 0.658307 0.644937 0.633596 0.624124 0.616394 0.610456 0.608249 607.500000 1.146253 0.741079
0.813010 0.810926 0.810801 0.812633 0.816445 0.822283 0.830220 0.840356 0.852822 0.867786 0.885455 0.906088 0.929998 0.957574 0.989292 0.980803 0.923475 0.874469 0.832306 0.795851 0.764219 0.736712 0.712775 0.691958 0.673900 0.658307 0.644937 0.633596 0.624124 0.616394 0.610456 0.608249 0.607516 0.608249 0.610456 0.614164 0.619418 0.626285 0.634853 0.645234 0.657571 0.672039 0.688856 0.708285 0.730654 0.756363 0.785910 0.819914 0.859158 0.904636 0.957634 0.987586 0.920348 0.863630 0.815347 0.773943 0.738233 0.707302 0.680432 0.657053 0.636711 0.619037 0.603733 0.590556 0.586854 0.591714 0.598109 0.606119 0.615851 0.627436 0.641040 0.656864 0.675157 0.696223 0.720438 0.748265 0.780284 0.817222 0.860006 0.909830 0.968259 1.000000 0.964468 0.933546 0.906662 0.883352 0.863237 0.846011 0.831423 0.819270 0.809388 0.801650 0.795959 0.792242 0.790456 0.790578 0.792610 0.768583 0.741273 0.717508 0.696845 0.678929 0.663469 0.650229 0.639017 0.629676 0.622082 0.616135 0.611760 0.608904 0.607490 0.605294 0.604565 0.605294 0.607490 0.611180 0.616409 0.623242 0.631768 0.642099 0.654376 0.668774 0.685509 0.704844 0.727104 0.752688 0.782091 0.815931 607.500000 1.146253 0.741079
0.792610 0.768583 0.741273 0.717508 0.696845 0.678929 0.663469 0.650229 0.639017 0.629676 0.622082 0.616135 0.611760 0.608904 0.607490 0.605294 0.604565 0.605294 0.607490 0.611180 0.616409 0.623242 0.631768 0.642099 0.654376 0.668774 0.685509 0.704844 0.727104 0.752688 0.782091 0.815931 0.813010 0.810926 0.810801 0.812633 0.816445 0.822283 0.830220 0.840356 0.852822 0.867786 0.885455 0.906088 0.929998 0.957574 0.989292 0.980803 0.923475 0.874469 0.832306 0.795851 0.764219 0.736712 0.712775 0.691958 0.673900 0.658307 0.644937 0.633596 0.624124 0.616394 0.610456 0.608249 0.607516 0.608249 0.610456 0.614164 0.619418 0.626285 0.634853 0.645234 0.657571 0.672039 0.688856 0.708285 0.730654 0.756363 0.785910 0.819914 0.859158 0.904636 0.957634 0.987586 0.920348 0.863630 0.815347 0.773943 0.738233 0.707302 0.680432 0.657053 0.636711 0.619037 0.603733 0.590556 0.586854 0.591714 0.598109 0.606119 0.615851 0.627436 0.641040 0.656864 0.675157 0.696223 0.720438 0.748265 0.780284 0.817222 0.860006 0.909830 0.968259 1.000000 0.964468 0.933546 0.906662 0.883352 0.863237 0.846011 0.831423 0.819270 0.809388 0.801650 0.795959 0.792242 0.790456 0.790578 607.500000 1.146253 0.741079
0.607020 0.620556 0.627338 0.618648 0.611649 0.606251 0.602386 0.600007 0.599083 0.599605 0.601578 0.605027 0.609993 0.616539 0.624749 0.634729 0.646617 0.660581 0.676827 0.695611 0.717245 0.742112 0.770689 0.803568 0.841496 0.885419 0.936562 0.996522 0.990537 0.935535 0.888347 0.847635 0.812362 0.781716 0.755050 0.731849 0.711694 0.694248 0.679233 0.666426 0.655643 0.646737 0.639590 0.634109 0.630228 0.627897 0.627088 0.627792 0.630017 0.633789 0.635525 0.625566 0.617379 0.610856 0.605914 0.602491 0.600545 0.600052 0.601007 0.603421 0.607323 0.612762 0.619807 0.628546 0.639098 0.651606 0.666251 0.683253 0.702883 0.725474 0.751435 0.734852 0.715762 0.699280 0.685154 0.673176 0.663181 0.655033 0.648626 0.643880 0.640734 0.639152 0.639114 0.640618 0.643684 0.648349 0.654671 0.662730 0.672630 0.684504 0.698519 0.714877 0.733830 0.755686 0.780822 0.809705 0.842917 0.881182 0.925423 0.976819 1.000000 0.933312 0.876944 0.828879 0.787609 0.751979 0.721095 0.694254 0.670898 0.650579 0.632934 0.617670 0.604547 0.593369 0.583979 0.576248 0.570074 0.565379 0.562104 0.560208 0.559668 0.560479 0.562650 0.566206 0.571193 0.577672 0.585728 0.595466 3383.000000 1.340993 0.764559
0.842917 0.881182 0.925423 0.976819 1.000000 0.933312 0.876944 0.828879 0.787609 0.751979 0.721095 0.694254 0.670898 0.650579 0.632934 0.617670 0.604547 0.593369 0.583979 0.576248 0.570074 0.565379 0.562104 0.560208 0.559668 0.560479 0.562650 0.566206 0.571193 0.577672 0.585728 0.595466 0.607020 0.620556 0.627338 0.618648 0.611649 0.606251 0.602386 0.600007 0.599083 0.599605 0.601578 0.605027 0.609993 0.616539 0.624749 0.634729 0.646617 0.660581 0.676827 0.695611 0.717245 0.742112 0.770689 0.803568 0.841496 0.885419 0.936562 0.996522 0.990537 0.935535 0.888347 0.847635 0.812362 0.781716 0.755050 0.731849 0.711694 0.694248 0.679233 0.666426 0.655643 0.646737 0.639590 0.634109 0.630228 0.627897 0.627088 0.627792 0.630017 0.633789 0.635525 0.625566 0.617379 0.610856 0.605914 0.602491 0.600545 0.600052 0.601007 0.603421 0.607323 0.612762 0.619807 0.628546 0.639098 0.651606 0.666251 0.683253 0.702883 0.725474 0.751435 0.734852 0.715762 0.699280 0.685154 0.673176 0.663181 0.655033 0.648626 0.643880 0.640734 0.639152 0.639114 0.640618 0.643684 0.648349 0.654671 0.662730 0.672630 0.684504 0.698519 0.714877 0.733830 0.755686 0.780822 0.809705 3383.000000 1.340993 0.764559
0.639098 0.651606 0.666251 0.683253 0.702883 0.725474 0.751435 0.734852 0.715762 0.699280 0.685154 0.673176 0.663181 0.655033 0.648626 0.643880 0.640734 0.639152 0.639114 0.640618 0.643684 0.648349 0.654671 0.662730 0.672630 0.684504 0.698519 0.714877 0.733830 0.755686 0.780822 0.809705 0.842917 0.881182 0.925423 0.976819 1.000000 0.933312 0.876944 0.828879 0.787609 0.751979 0.721095 0.694254 0.670898 0.650579 0.632934 0.617670 0.604547 0.593369 0.583979 0.576248 0.570074 0.565379 0.562104 0.560208 0.559668 0.560479 0.562650 0.566206 0.571193 0.577672 0.585728 0.595466 0.607020 0.620556 0.627338 0.618648 0.611649 0.606251 0.602386 0.600007 0.599083 0.599605 0.601578 0.605027 0.609993 0.616539 0.624749 0.634729 0.646617 0.660581 0.676827 0.695611 0.717245 0.742112 0.770689 0.803568 0.841496 0.885419 0.936562 0.996522 0.990537 0.935535 0.888347 0.847635 0.812362 0.781716 0.755050 0.731849 0.711694 0.694248 0.679233 0.666426 0.655643 0.646737 0.639590 0.634109 0.630228 0.627897 0.627088 0.627792 0.630017 0.633789 0.635525 0.625566 0.617379 0.610856 0.605914 0.602491 0.600545 0.600052 0.601007 0.603421 0.607323 0.612762 0.619807 0.628546 3383.000000 1.340993 0.764559
0.812362 0.781716 0.755050 0.731849 0.711694 0.694248 0.679233 0.666426 0.655643 0.646737 0.639590 0.634109 0.630228 0.627897 0.627088 0.627792 0.630017 0.633789 0.635525 0.625566 0.617379 0.610856 0.605914 0.602491 0.600545 0.600052 0.601007 0.603421 0.607323 0.612762 0.619807 0.628546 0.639098 0.651606 0.666251 0.683253 0.702883 0.725474 0.751435 0.734852 0.715762 0.699280 0.685154 0.673176 0.663181 0.655033 0.648626 0.643880 0.640734 0.639152 0.639114 0.640618 0.643684 0.648349 0.654671 0.662730 0.672630 0.684504 0.698519 0.714877 0.733830 0.755686 0.780822 0.809705 0.842917 0.881182 0.925423 0.976819 1.000000 0.933312 0.876944 0.828879 0.787609 0.751979 0.721095 0.694254 0.670898 0.650579 0.632934 0.617670 0.604547 0.593369 0.583979 0.576248 0.570074 0.565379 0.562104 0.560208 0.559668 0.560479 0.562650 0.566206 0.571193 0.577672 0.585728 0.595466 0.607020 0.620556 0.627338 0.618648 0.611649 0.606251 0.602386 0.600007 0.599083 0.599605 0.601578 0.605027 0.609993 0.616539 0.624749 0.634729 0.646617 0.660581 0.676827 0.695611 0.717245 0.742112 0.770689 0.803568 0.841496 0.885419 0.936562 0.996522 0.990537 0.935535 0.888347 0.847635 3383.000000 1.340993 0.764559
0.814361 0.778052 0.746565 0.719192 0.695371 0.674651 0.656666 0.641120 0.627770 0.616419 0.606908 0.599107 0.592914 0.588251 0.585945 0.590843 0.597274 0.605321 0.615090 0.626713 0.640357 0.656225 0.674565 0.695684 0.719958 0.747855 0.779955 0.816991 0.859894 0.909867 0.890669 0.863780 0.840432 0.820237 0.802879 0.788100 0.775689 0.765480 0.757336 0.751154 0.746857 0.744392 0.743729 0.744860 0.747798 0.752581 0.759265 0.767936 0.778705 0.791715 0.807145 0.825215 0.846198 0.870428 0.898314 0.913528 0.895506 0.880261 0.867582 0.857298 0.849278 0.843419 0.839650 0.837923 0.838219 0.840541 0.844917 0.851400 0.860072 0.871042 0.884454 0.900489 0.919371 0.913963 0.863336 0.819895 0.782412 0.749933 0.721713 0.697158 0.675793 0.657235 0.641173 0.627352 0.615566 0.605648 0.597460 0.590895 0.585868 0.582318 0.580200 0.579488 0.580174 0.582266 0.585789 0.590787 0.597322 0.605479 0.615516 0.627964 0.642506 0.659363 0.678808 0.701176 0.726879 0.756429 0.790469 0.829810 0.875492 0.928864 0.991711 1.000000 0.981555 0.966064 0.953315 0.943141 0.935411 0.930029 0.926929 0.926074 0.927452 0.931080 0.937004 0.945295 0.956057 0.962574 0.905290 0.856389 12038.000000 1.220538 0.796319
0.597322 0.605479 0.615516 0.627964 0.642506 0.659363 0.678808 0.701176 0.726879 0.756429 0.790469 0.829810 0.875492 0.928864 0.991711 1.000000 0.981555 0.966064 0.953315 0.943141 0.935411 0.930029 0.926929 0.926074 0.927452 0.931080 0.937004 0.945295 0.956057 0.962574 0.905290 0.856389 0.814361 0.778052 0.746565 0.719192 0.695371 0.674651 0.656666 0.641120 0.627770 0.616419 0.606908 0.599107 0.592914 0.588251 0.585945 0.590843 0.597274 0.605321 0.615090 0.626713 0.640357 0.656225 0.674565 0.695684 0.719958 0.747855 0.779955 0.816991 0.859894 0.909867 0.890669 0.863780 0.840432 0.820237 0.802879 0.788100 0.775689 0.765480 0.757336 0.751154 0.746857 0.744392 0.743729 0.744860 0.747798 0.752581 0.759265 0.767936 0.778705 0.791715 0.807145 0.825215 0.846198 0.870428 0.898314 0.913528 0.895506 0.880261 0.867582 0.857298 0.849278 0.843419 0.839650 0.837923 0.838219 0.840541 0.844917 0.851400 0.860072 0.871042 0.884454 0.900489 0.919371 0.913963 0.863336 0.819895 0.782412 0.749933 0.721713 0.697158 0.675793 0.657235 0.641173 0.627352 0.615566 0.605648 0.597460 0.590895 0.585868 0.582318 0.580200 0.579488 0.580174 0.582266 0.585789 0.590787 12038.000000 1.220538 0.796319
0.838219 0.840541 0.844917 0.851400 0.860072 0.871042 0.884454 0.900489 0.919371 0.913963 0.863336 0.819895 0.782412 0.749933 0.721713 0.697158 0.675793 0.657235 0.641173 0.627352 0.615566 0.605648 0.597460 0.590895 0.585868 0.582318 0.580200 0.579488 0.580174 0.582266 0.585789 0.590787 0.597322 0.605479 0.615516 0.627964 0.642506 0.659363 0.678808 0.701176 0.726879 0.756429 0.790469 0.829810 0.875492 0.928864 0.991711 1.000000 0.981555 0.966064 0.953315 0.943141 0.935411 0.930029 0.926929 0.926074 0.927452 0.931080 0.937004 0.945295 0.956057 0.962574 0.905290 0.856389 0.814361 0.778052 0.746565 0.719192 0.695371 0.674651 0.656666 0.641120 0.627770 0.616419 0.606908 0.599107 0.592914 0.588251 0.585945 0.590843 0.597274 0.605321 0.615090 0.626713 0.640357 0.656225 0.674565 0.695684 0.719958 0.747855 0.779955 0.816991 0.859894 0.909867 0.890669 0.863780 0.840432 0.820237 0.802879 0.788100 0.775689 0.765480 0.757336 0.751154 0.746857 0.744392 0.743729 0.744860 0.747798 0.752581 0.759265 0.767936 0.778705 0.791715 0.807145 0.825215 0.846198 0.870428 0.898314 0.913528 0.895506 0.880261 0.867582 0.857298 0.849278 0.843419 0.839650 0.837923 12038.000000 1.220538 0.796319
0.840432 0.820237 0.802879 0.788100 0.775689 0.765480 0.757336 0.751154 0.746857 0.744392 0.743729 0.744860 0.747798 0.752581 0.759265 0.767936 0.778705 0.791715 0.807145 0.825215 0.846198 0.870428 0.898314 0.913528 0.895506 0.880261 0.867582 0.857298 0.849278 0.843419 0.839650 0.837923 0.838219 0.840541 0.844917 0.851400 0.860072 0.871042 0.884454 0.900489 0.919371 0.913963 0.863336 0.819895 0.782412 0.749933 0.721713 0.697158 0.675793 0.657235 0.641173 0.627352 0.615566 0.605648 0.597460 0.590895 0.585868 0.582318 0.580200 0.579488 0.580174 0.582266 0.585789 0.590787 0.597322 0.605479 0.615516 0.627964 0.642506 0.659363 0.678808 0.701176 0.726879 0.756429 0.790469 0.829810 0.875492 0.928864 0.991711 1.000000 0.981555 0.966064 0.953315 0.943141 0.935411 0.930029 0.926929 0.926074 0.927452 0.931080 0.937004 0.945295 0.956057 0.962574 0.905290 0.856389 0.814361 0.778052 0.746565 0.719192 0.695371 0.674651 0.656666 0.641120 0.627770 0.616419 0.606908 0.599107 0.592914 0.588251 0.585945 0.590843 0.597274 0.605321 0.615090 0.626713 0.640357 0.656225 0.674565 0.695684 0.719958 0.747855 0.779955 0.816991 0.859894 0.909867 0.890669 0.863780 12038.000000 1.220538 0.796319
0.675888 0.621215 0.576009 0.538145 0.506095 0.478737 0.455226 0.434914 0.417300 0.401988 0.388663 0.377073 0.367012 0.358315 0.350846 0.344495 0.339173 0.334806 0.331339 0.328727 0.326937 0.325948 0.325746 0.326331 0.327709 0.329896 0.332921 0.336820 0.341645 0.347459 0.354342 0.362395 0.371738 0.382522 0.394931 0.409190 0.425580 0.444455 0.466256 0.491552 0.521077 0.555801 0.597023 0.646533 0.706853 0.781664 0.876547 0.865365 0.808796 0.760890 0.719979 0.684808 0.654417 0.628057 0.605140 0.585197 0.567850 0.552796 0.539786 0.528619 0.519130 0.511185 0.504677 0.499521 0.495651 0.493019 0.491594 0.491356 0.492305 0.494450 0.497819 0.502453 0.508410 0.515768 0.524624 0.535101 0.547351 0.561559 0.577954 0.596816 0.618491 0.643408 0.653513 0.615719 0.583386 0.555550 0.531473 0.510574 0.492398 0.476581 0.462828 0.450902 0.440611 0.431796 0.424328 0.418105 0.413043 0.409075 0.406152 0.404237 0.403307 0.403351 0.404370 0.406375 0.409391 0.413455 0.418620 0.424952 0.432537 0.441480 0.451913 0.463996 0.477925 0.493943 0.512350 0.533516 0.557908 0.586118 0.618902 0.657249 0.702465 0.756320 0.821259 0.900772 1.000000 0.935623 0.827309 0.743076 556.000000 1.662042 0.549172
0.413043 0.409075 0.406152 0.404237 0.403307 0.403351 0.404370 0.406375 0.409391 0.413455 0.418620 0.424952 0.432537 0.441480 0.451913 0.463996 0.477925 0.493943 0.512350 0.533516 0.557908 0.586118 0.618902 0.657249 0.702465 0.756320 0.821259 0.900772 1.000000 0.935623 0.827309 0.743076 0.675888 0.621215 0.576009 0.538145 0.506095 0.478737 0.455226 0.434914 0.417300 0.401988 0.388663 0.377073 0.367012 0.358315 0.350846 0.344495 0.339173 0.334806 0.331339 0.328727 0.326937 0.325948 0.325746 0.326331 0.327709 0.329896 0.332921 0.336820 0.341645 0.347459 0.354342 0.362395 0.371738 0.382522 0.394931 0.409190 0.425580 0.444455 0.466256 0.491552 0.521077 0.555801 0.597023 0.646533 0.706853 0.781664 0.876547 0.865365 0.808796 0.760890 0.719979 0.684808 0.654417 0.628057 0.605140 0.585197 0.567850 0.552796 0.539786 0.528619 0.519130 0.511185 0.504677 0.499521 0.495651 0.493019 0.491594 0.491356 0.492305 0.494450 0.497819 0.502453 0.508410 0.515768 0.524624 0.535101 0.547351 0.561559 0.577954 0.596816 0.618491 0.643408 0.653513 0.615719 0.583386 0.555550 0.531473 0.510574 0.492398 0.476581 0.462828 0.450902 0.440611 0.431796 0.424328 0.418105 556.000000 1.662042 0.549172
0.495651 0.493019 0.491594 0.491356 0.492305 0.494450 0.497819 0.502453 0.508410 0.515768 0.524624 0.535101 0.547351 0.561559 0.577954 0.596816 0.618491 0.643408 0.653513 0.615719 0.583386 0.555550 0.531473 0.510574 0.492398 0.476581 0.462828 0.450902 0.440611 0.431796 0.424328 0.418105 0.413043 0.409075 0.406152 0.404237 0.403307 0.403351 0.404370 0.406375 0.409391 0.413455 0.418620 0.424952 0.432537 0.441480 0.451913 0.463996 0.477925 0.493943 0.512350 0.533516 0.557908 0.586118 0.618902 0.657249 0.702465 0.756320 0.821259 0.900772 1.000000 0.935623 0.827309 0.743076 0.675888 0.621215 0.576009 0.538145 0.506095 0.478737 0.455226 0.434914 0.417300 0.401988 0.388663 0.377073 0.367012 0.358315 0.350846 0.344495 0.339173 0.334806 0.331339 0.328727 0.326937 0.325948 0.325746 0.326331 0.327709 0.329896 0.332921 0.336820 0.341645 0.347459 0.354342 0.362395 0.371738 0.382522 0.394931 0.409190 0.425580 0.444455 0.466256 0.491552 0.521077 0.555801 0.597023 0.646533 0.706853 0.781664 0.876547 0.865365 0.808796 0.760890 0.719979 0.684808 0.654417 0.628057 0.605140 0.585197 0.567850 0.552796 0.539786 0.528619 0.519130 0.511185 0.504677 0.499521 556.000000 1.662042 0.549172
0.371738 0.382522 0.394931 0.409190 0.425580 0.444455 0.466256 0.491552 0.521077 0.555801 0.597023 0.646533 0.706853 0.781664 0.876547 0.865365 0.808796 0.760890 0.719979 0.684808 0.654417 0.628057 0.605140 0.585197 0.567850 0.552796 0.539786 0.528619 0.519130 0.511185 0.504677 0.499521 0.495651 0.493019 0.491594 0.491356 0.492305 0.494450 0.497819 0.502453 0.508410 0.515768 0.524624 0.535101 0.547351 0.561559 0.577954 0.596816 0.618491 0.643408 0.653513 0.615719 0.583386 0.555550 0.531473 0.510574 0.492398 0.476581 0.462828 0.450902 0.440611 0.431796 0.424328 0.418105 0.413043 0.409075 0.406152 0.404237 0.403307 0.403351 0.404370 0.406375 0.409391 0.413455 0.418620 0.424952 0.432537 0.441480 0.451913 0.463996 0.477925 0.493943 0.512350 0.533516 0.557908 0.586118 0.618902 0.657249 0.702465 0.756320 0.821259 0.900772 1.000000 0.935623 0.827309 0.743076 0.675888 0.621215 0.576009 0.538145 0.506095 0.478737 0.455226 0.434914 0.417300 0.401988 0.388663 0.377073 0.367012 0.358315 0.350846 0.344495 0.339173 0.334806 0.331339 0.328727 0.326937 0.325948 0.325746 0.326331 0.327709 0.329896 0.332921 0.336820 0.341645 0.347459 0.354342 0.362395 556.000000 1.662042 0.549172
0.975561 0.988848 0.907186 0.839852 0.783581 0.736038 0.695514 0.660728 0.630703 0.604682 0.582070 0.562393 0.545274 0.530407 0.517543 0.506479 0.497050 0.489123 0.482589 0.477363 0.473376 0.470580 0.468940 0.468435 0.469061 0.470824 0.473746 0.477863 0.483226 0.489905 0.497987 0.507584 0.518833 0.531902 0.546998 0.564375 0.584347 0.581815 0.572931 0.565657 0.559897 0.555579 0.552647 0.551067 0.550819 0.551901 0.554325 0.558120 0.563334 0.570033 0.578303 0.588255 0.600026 0.613786 0.629746 0.648160 0.669345 0.693689 0.721675 0.753906 0.791147 0.834372 0.884848 0.944246 1.000000 0.919110 0.852226 0.796204 0.748786 0.708309 0.673523 0.643471 0.617411 0.594756 0.575041 0.557892 0.543007 0.530139 0.519089 0.509692 0.501818 0.495358 0.490228 0.486363 0.483715 0.482251 0.481953 0.482818 0.484857 0.488093 0.492568 0.498337 0.505475 0.514077 0.524262 0.536176 0.550000 0.565955 0.584314 0.598322 0.585477 0.574526 0.565315 0.557717 0.551631 0.546981 0.543707 0.541769 0.541144 0.541825 0.543819 0.547150 0.551861 0.558009 0.565674 0.574957 0.585984 0.598914 0.613940 0.631300 0.651284 0.674252 0.700649 0.731030 0.766095 0.806734 0.854099 0.909702 6422.000000 1.750298 0.679375
0.550000 0.565955 0.584314 0.598322 0.585477 0.574526 0.565315 0.557717 0.551631 0.546981 0.543707 0.541769 0.541144 0.541825 0.543819 0.547150 0.551861 0.558009 0.565674 0.574957 0.585984 0.598914 0.613940 0.631300 0.651284 0.674252 0.700649 0.731030 0.766095 0.806734 0.854099 0.909702 0.975561 0.988848 0.907186 0.839852 0.783581 0.736038 0.695514 0.660728 0.630703 0.604682 0.582070 0.562393 0.545274 0.530407 0.517543 0.506479 0.497050 0.489123 0.482589 0.477363 0.473376 0.470580 0.468940 0.468435 0.469061 0.470824 0.473746 0.477863 0.483226 0.489905 0.497987 0.507584 0.518833 0.531902 0.546998 0.564375 0.584347 0.581815 0.572931 0.565657 0.559897 0.555579 0.552647 0.551067 0.550819 0.551901 0.554325 0.558120 0.563334 0.570033 0.578303 0.588255 0.600026 0.613786 0.629746 0.648160 0.669345 0.693689 0.721675 0.753906 0.791147 0.834372 0.884848 0.944246 1.000000 0.919110 0.852226 0.796204 0.748786 0.708309 0.673523 0.643471 0.617411 0.594756 0.575041 0.557892 0.543007 0.530139 0.519089 0.509692 0.501818 0.495358 0.490228 0.486363 0.483715 0.482251 0.481953 0.482818 0.484857 0.488093 0.492568 0.498337 0.505475 0.514077 0.524262 0.536176 6422.000000 1.750298 0.679375
1.000000 0.919110 0.852226 0.796204 0.748786 0.708309 0.673523 0.643471 0.617411 0.594756 0.575041 0.557892 0.543007 0.530139 0.519089 0.509692 0.501818 0.495358 0.490228 0.486363 0.483715 0.482251 0.481953 0.482818 0.484857 0.488093 0.492568 0.498337 0.505475 0.514077 0.524262 0.536176 0.550000 0.565955 0.584314 0.598322 0.585477 0.574526 0.565315 0.557717 0.551631 0.546981 0.543707 0.541769 0.541144 0.541825 0.543819 0.547150 0.551861 0.558009 0.565674 0.574957 0.585984 0.598914 0.613940 0.631300 0.651284 0.674252 0.700649 0.731030 0.766095 0.806734 0.854099 0.909702 0.975561 0.988848 0.907186 0.839852 0.783581 0.736038 0.695514 0.660728 0.630703 0.604682 0.582070 0.562393 0.545274 0.530407 0.517543 0.506479 0.497050 0.489123 0.482589 0.477363 0.473376 0.470580 0.468940 0.468435 0.469061 0.470824 0.473746 0.477863 0.483226 0.489905 0.497987 0.507584 0.518833 0.531902 0.546998 0.564375 0.584347 0.581815 0.572931 0.565657 0.559897 0.555579 0.552647 0.551067 0.550819 0.551901 0.554325 0.558120 0.563334 0.570033 0.578303 0.588255 0.600026 0.613786 0.629746 0.648160 0.669345 0.693689 0.721675 0.753906 0.791147 0.834372 0.884848 0.944246 6422.000000 1.750298 0.679375
0.518833 0.531902 0.546998 0.564375 0.584347 0.581815 0.572931 0.565657 0.559897 0.555579 0.552647 0.551067 0.550819 0.551901 0.554325 0.558120 0.563334 0.570033 0.578303 0.588255 0.600026 0.613786 0.629746 0.648160 0.669345 0.693689 0.721675 0.753906 0.791147 0.834372 0.884848 0.944246 1.000000 0.919110 0.852226 0.796204 0.748786 0.708309 0.673523 0.643471 0.617411 0.594756 0.575041 0.557892 0.543007 0.530139 0.519089 0.509692 0.501818 0.495358 0.490228 0.486363 0.483715 0.482251 0.481953 0.482818 0.484857 0.488093 0.492568 0.498337 0.505475 0.514077 0.524262 0.536176 0.550000 0.565955 0.584314 0.598322 0.585477 0.574526 0.565315 0.557717 0.551631 0.546981 0.543707 0.541769 0.541144 0.541825 0.543819 0.547150 0.551861 0.558009 0.565674 0.574957 0.585984 0.598914 0.613940 0.631300 0.651284 0.674252 0.700649 0.731030 0.766095 0.806734 0.854099 0.909702 0.975561 0.988848 0.907186 0.839852 0.783581 0.736038 0.695514 0.660728 0.630703 0.604682 0.582070 0.562393 0.545274 0.530407 0.517543 0.506479 0.497050 0.489123 0.482589 0.477363 0.473376 0.470580 0.468940 0.468435 0.469061 0.470824 0.473746 0.477863 0.483226 0.489905 0.497987 0.507584 6422.000000 1.750298 0.679375
0.799598 0.793839 0.790051 0.788189 0.788231 0.790176 0.794048 0.799896 0.807790 0.817831 0.830151 0.844914 0.862326 0.882642 0.906175 0.933306 0.903273 0.825918 0.762459 0.709643 0.665169 0.627363 0.594980 0.567075 0.542919 0.521944 0.503697 0.490964 0.496225 0.502824 0.510849 0.520408 0.531637 0.544702 0.559808 0.577206 0.597205 0.620188 0.646630 0.677131 0.712454 0.753580 0.801795 0.858811 0.926961 1.000000 0.956887 0.919462 0.886910 0.858582 0.833954 0.812603 0.794183 0.778414 0.765066 0.753953 0.744928 0.737873 0.732698 0.729341 0.727760 0.727935 0.727937 0.727948 0.729717 0.733266 0.738637 0.745897 0.755139 0.766483 0.780081 0.796122 0.814841 0.836526 0.861528 0.890282 0.923323 0.961316 0.947063 0.891518 0.844049 0.803216 0.767916 0.737289 0.710659 0.687483 0.667328 0.649842 0.634740 0.621787 0.610794 0.601607 0.594103 0.588183 0.583773 0.580816 0.579279 0.579140 0.580400 0.583073 0.591611 0.605026 0.620593 0.638562 0.659238 0.682998 0.710309 0.741758 0.778081 0.820223 0.869406 0.884015 0.863973 0.846814 0.832290 0.820198 0.810377 0.802699 0.797067 0.793412 0.791689 0.791877 0.793978 0.798018 0.804046 0.812137 0.817347 0.807401 2689.000000 1.103407 0.717389
0.579279 0.579140 0.580400 0.583073 0.591611 0.605026 0.620593 0.638562 0.659238 0.682998 0.710309 0.741758 0.778081 0.820223 0.869406 0.884015 0.863973 0.846814 0.832290 0.820198 0.810377 0.802699 0.797067 0.793412 0.791689 0.791877 0.793978 0.798018 0.804046 0.812137 0.817347 0.807401 0.799598 0.793839 0.790051 0.788189 0.788231 0.790176 0.794048 0.799896 0.807790 0.817831 0.830151 0.844914 0.862326 0.882642 0.906175 0.933306 0.903273 0.825918 0.762459 0.709643 0.665169 0.627363 0.594980 0.567075 0.542919 0.521944 0.503697 0.490964 0.496225 0.502824 0.510849 0.520408 0.531637 0.544702 0.559808 0.577206 0.597205 0.620188 0.646630 0.677131 0.712454 0.753580 0.801795 0.858811 0.926961 1.000000 0.956887 0.919462 0.886910 0.858582 0.833954 0.812603 0.794183 0.778414 0.765066 0.753953 0.744928 0.737873 0.732698 0.729341 0.727760 0.727935 0.727937 0.727948 0.729717 0.733266 0.738637 0.745897 0.755139 0.766483 0.780081 0.796122 0.814841 0.836526 0.861528 0.890282 0.923323 0.961316 0.947063 0.891518 0.844049 0.803216 0.767916 0.737289 0.710659 0.687483 0.667328 0.649842 0.634740 0.621787 0.610794 0.601607 0.594103 0.588183 0.583773 0.580816 2689.000000 1.103407 0.717389
0.729717 0.733266 0.738637 0.745897 0.755139 0.766483 0.780081 0.796122 0.814841 0.836526 0.861528 0.890282 0.923323 0.961316 0.947063 0.891518 0.844049 0.803216 0.767916 0.737289 0.710659 0.687483 0.667328 0.649842 0.634740 0.621787 0.610794 0.601607 0.594103 0.588183 0.583773 0.580816 0.579279 0.579140 0.580400 0.583073 0.591611 0.605026 0.620593 0.638562 0.659238 0.682998 0.710309 0.741758 0.778081 0.820223 0.869406 0.884015 0.863973 0.846814 0.832290 0.820198 0.810377 0.802699 0.797067 0.793412 0.791689 0.791877 0.793978 0.798018 0.804046 0.812137 0.817347 0.807401 0.799598 0.793839 0.790051 0.788189 0.788231 0.790176 0.794048 0.799896 0.807790 0.817831 0.830151 0.844914 0.862326 0.882642 0.906175 0.933306 0.903273 0.825918 0.762459 0.709643 0.665169 0.627363 0.594980 0.567075 0.542919 0.521944 0.503697 0.490964 0.496225 0.502824 0.510849 0.520408 0.531637 0.544702 0.559808 0.577206 0.597205 0.620188 0.646630 0.677131 0.712454 0.753580 0.801795 0.858811 0.926961 1.000000 0.956887 0.919462 0.886910 0.858582 0.833954 0.812603 0.794183 0.778414 0.765066 0.753953 0.744928 0.737873 0.732698 0.729341 0.727760 0.727935 0.727937 0.727948 2689.000000 1.103407 0.717389
0.531637 0.544702 0.559808 0.577206 0.597205 0.620188 0.646630 0.677131 0.712454 0.753580 0.801795 0.858811 0.926961 1.000000 0.956887 0.919462 0.886910 0.858582 0.833954 0.812603 0.794183 0.778414 0.765066 0.753953 0.744928 0.737873 0.732698 0.729341 0.727760 0.727935 0.727937 0.727948 0.729717 0.733266 0.738637 0.745897 0.755139 0.766483 0.780081 0.796122 0.814841 0.836526 0.861528 0.890282 0.923323 0.961316 0.947063 0.891518 0.844049 0.803216 0.767916 0.737289 0.710659 0.687483 0.667328 0.649842 0.634740 0.621787 0.610794 0.601607 0.594103 0.588183 0.583773 0.580816 0.579279 0.579140 0.580400 0.583073 0.591611 0.605026 0.620593 0.638562 0.659238 0.682998 0.710309 0.741758 0.778081 0.820223 0.869406 0.884015 0.863973 0.846814 0.832290 0.820198 0.810377 0.802699 0.797067 0.793412 0.791689 0.791877 0.793978 0.798018 0.804046 0.812137 0.817347 0.807401 0.799598 0.793839 0.790051 0.788189 0.788231 0.790176 0.794048 0.799896 0.807790 0.817831 0.830151 0.844914 0.862326 0.882642 0.906175 0.933306 0.903273 0.825918 0.762459 0.709643 0.665169 0.627363 0.594980 0.567075 0.542919 0.521944 0.503697 0.490964 0.496225 0.502824 0.510849 0.520408 2689.000000 1.103407 0.717389
0.690376 0.680699 0.672888 0.666842 0.662486 0.659766 0.658648 0.659119 0.661184 0.664870 0.670220 0.677302 0.686206 0.697049 0.709978 0.725176 0.742867 0.763328 0.752953 0.736446 0.722350 0.710463 0.700622 0.692696 0.686582 0.682205 0.679509 0.678463 0.679053 0.681288 0.685193 0.690817 0.698230 0.707527 0.718829 0.732292 0.748105 0.766504 0.787776 0.812275 0.840436 0.832926 0.822208 0.813697 0.807286 0.802894 0.800467 0.799977 0.801416 0.804804 0.810180 0.817611 0.827191 0.839043 0.853326 0.870236 0.890018 0.912970 0.939461 0.923025 0.878199 0.839454 0.805842 0.776618 0.751185 0.729066 0.709873 0.693293 0.679068 0.666989 0.656887 0.648627 0.642099 0.637220 0.633932 0.632192 0.631980 0.633110 0.626120 0.620762 0.616968 0.614692 0.613907 0.614602 0.616786 0.620486 0.625748 0.632636 0.636174 0.637559 0.640496 0.645022 0.651191 0.659083 0.668800 0.680471 0.694259 0.710364 0.729033 0.750565 0.775333 0.803795 0.836517 0.874212 0.917779 0.968373 1.000000 0.963623 0.931965 0.904432 0.880538 0.859893 0.842177 0.827128 0.814535 0.804228 0.796073 0.789965 0.785829 0.783615 0.783294 0.784864 0.788343 0.772522 0.750841 0.732059 0.715876 0.702049 3430.500000 1.221907 0.854546
0.694259 0.710364 0.729033 0.750565 0.775333 0.803795 0.836517 0.874212 0.917779 0.968373 1.000000 0.963623 0.931965 0.904432 0.880538 0.859893 0.842177 0.827128 0.814535 0.804228 0.796073 0.789965 0.785829 0.783615 0.783294 0.784864 0.788343 0.772522 0.750841 0.732059 0.715876 0.702049 0.690376 0.680699 0.672888 0.666842 0.662486 0.659766 0.658648 0.659119 0.661184 0.664870 0.670220 0.677302 0.686206 0.697049 0.709978 0.725176 0.742867 0.763328 0.752953 0.736446 0.722350 0.710463 0.700622 0.692696 0.686582 0.682205 0.679509 0.678463 0.679053 0.681288 0.685193 0.690817 0.698230 0.707527 0.718829 0.732292 0.748105 0.766504 0.787776 0.812275 0.840436 0.832926 0.822208 0.813697 0.807286 0.802894 0.800467 0.799977 0.801416 0.804804 0.810180 0.817611 0.827191 0.839043 0.853326 0.870236 0.890018 0.912970 0.939461 0.923025 0.878199 0.839454 0.805842 0.776618 0.751185 0.729066 0.709873 0.693293 0.679068 0.666989 0.656887 0.648627 0.642099 0.637220 0.633932 0.632192 0.631980 0.633110 0.626120 0.620762 0.616968 0.614692 0.613907 0.614602 0.616786 0.620486 0.625748 0.632636 0.636174 0.637559 0.640496 0.645022 0.651191 0.659083 0.668800 0.680471 3430.500000 1.221907 0.854546
0.751185 0.729066 0.709873 0.693293 0.679068 0.666989 0.656887 0.648627 0.642099 0.637220 0.633932 0.632192 0.631980 0.633110 0.626120 0.620762 0.616968 0.614692 0.613907 0.614602 0.616786 0.620486 0.625748 0.632636 0.636174 0.637559 0.640496 0.645022 0.651191 0.659083 0.668800 0.680471 0.694259 0.710364 0.729033 0.750565 0.775333 0.803795 0.836517 0.874212 0.917779 0.968373 1.000000 0.963623 0.931965 0.904432 0.880538 0.859893 0.842177 0.827128 0.814535 0.804228 0.796073 0.789965 0.785829 0.783615 0.783294 0.784864 0.788343 0.772522 0.750841 0.732059 0.715876 0.702049 0.690376 0.680699 0.672888 0.666842 0.662486 0.659766 0.658648 0.659119 0.661184 0.664870 0.670220 0.677302 0.686206 0.697049 0.709978 0.725176 0.742867 0.763328 0.752953 0.736446 0.722350 0.710463 0.700622 0.692696 0.686582 0.682205 0.679509 0.678463 0.679053 0.681288 0.685193 0.690817 0.698230 0.707527 0.718829 0.732292 0.748105 0.766504 0.787776 0.812275 0.840436 0.832926 0.822208 0.813697 0.807286 0.802894 0.800467 0.799977 0.801416 0.804804 0.810180 0.817611 0.827191 0.839043 0.853326 0.870236 0.890018 0.912970 0.939461 0.923025 0.878199 0.839454 0.805842 0.776618 3430.500000 1.221907 0.854546
0.698230 0.707527 0.718829 0.732292 0.748105 0.766504 0.787776 0.812275 0.840436 0.832926 0.822208 0.813697 0.807286 0.802894 0.800467 0.799977 0.801416 0.804804 0.810180 0.817611 0.827191 0.839043 0.853326 0.870236 0.890018 0.912970 0.939461 0.923025 0.878199 0.839454 0.805842 0.776618 0.751185 0.729066 0.709873 0.693293 0.679068 0.666989 0.656887 0.648627 0.642099 0.637220 0.633932 0.632192 0.631980 0.633110 0.626120 0.620762 0.616968 0.614692 0.613907 0.614602 0.616786 0.620486 0.625748 0.632636 0.636174 0.637559 0.640496 0.645022 0.651191 0.659083 0.668800 0.680471 0.694259 0.710364 0.729033 0.750565 0.775333 0.803795 0.836517 0.874212 0.917779 0.968373 1.000000 0.963623 0.931965 0.904432 0.880538 0.859893 0.842177 0.827128 0.814535 0.804228 0.796073 0.789965 0.785829 0.783615 0.783294 0.784864 0.788343 0.772522 0.750841 0.732059 0.715876 0.702049 0.690376 0.680699 0.672888 0.666842 0.662486 0.659766 0.658648 0.659119 0.661184 0.664870 0.670220 0.677302 0.686206 0.697049 0.709978 0.725176 0.742867 0.763328 0.752953 0.736446 0.722350 0.710463 0.700622 0.692696 0.686582 0.682205 0.679509 0.678463 0.679053 0.681288 0.685193 0.690817 3430.500000 1.221907 0.854546
0.919742 1.000000 0.964362 0.885759 0.820833 0.766495 0.720532 0.681319 0.647633 0.618541 0.593318 0.571395 0.552317 0.535720 0.521312 0.508851 0.498145 0.489034 0.481388 0.475106 0.470102 0.466315 0.463697 0.462215 0.461852 0.462603 0.464477 0.467497 0.471700 0.477140 0.483886 0.492028 0.501677 0.512974 0.526087 0.541226 0.558649 0.578670 0.601684 0.628180 0.658777 0.694265 0.735668 0.784331 0.842061 0.911334 0.962043 0.893624 0.836172 0.787443 0.745778 0.709926 0.678923 0.652019 0.628623 0.608263 0.590558 0.575201 0.561942 0.550577 0.540940 0.532897 0.526338 0.521179 0.517355 0.514817 0.513536 0.513494 0.514693 0.517146 0.520883 0.525951 0.532414 0.540356 0.549883 0.561128 0.574254 0.589464 0.607003 0.627176 0.650356 0.677008 0.707717 0.743219 0.784461 0.832672 0.889481 0.893932 0.831752 0.779414 0.734940 0.696854 0.664043 0.635645 0.610988 0.589539 0.570874 0.554650 0.540589 0.528465 0.518093 0.509324 0.502037 0.496133 0.491537 0.488190 0.486052 0.485096 0.485311 0.486699 0.489277 0.493076 0.498145 0.504547 0.512366 0.521708 0.532704 0.545515 0.560342 0.577427 0.597070 0.619642 0.645605 0.675536 0.710172 0.750457 0.797625 0.853312 500.000000 1.129985 0.601229
0.570874 0.554650 0.540589 0.528465 0.518093 0.509324 0.502037 0.496133 0.491537 0.488190 0.486052 0.485096 0.485311 0.486699 0.489277 0.493076 0.498145 0.504547 0.512366 0.521708 0.532704 0.545515 0.560342 0.577427 0.597070 0.619642 0.645605 0.675536 0.710172 0.750457 0.797625 0.853312 0.919742 1.000000 0.964362 0.885759 0.820833 0.766495 0.720532 0.681319 0.647633 0.618541 0.593318 0.571395 0.552317 0.535720 0.521312 0.508851 0.498145 0.489034 0.481388 0.475106 0.470102 0.466315 0.463697 0.462215 0.461852 0.462603 0.464477 0.467497 0.471700 0.477140 0.483886 0.492028 0.501677 0.512974 0.526087 0.541226 0.558649 0.578670 0.601684 0.628180 0.658777 0.694265 0.735668 0.784331 0.842061 0.911334 0.962043 0.893624 0.836172 0.787443 0.745778 0.709926 0.678923 0.652019 0.628623 0.608263 0.590558 0.575201 0.561942 0.550577 0.540940 0.532897 0.526338 0.521179 0.517355 0.514817 0.513536 0.513494 0.514693 0.517146 0.520883 0.525951 0.532414 0.540356 0.549883 0.561128 0.574254 0.589464 0.607003 0.627176 0.650356 0.677008 0.707717 0.743219 0.784461 0.832672 0.889481 0.893932 0.831752 0.779414 0.734940 0.696854 0.664043 0.635645 0.610988 0.589539 500.000000 1.129985 0.601229
0.517355 0.514817 0.513536 0.513494 0.514693 0.517146 0.520883 0.525951 0.532414 0.540356 0.549883 0.561128 0.574254 0.589464 0.607003 0.627176 0.650356 0.677008 0.707717 0.743219 0.784461 0.832672 0.889481 0.893932 0.831752 0.779414 0.734940 0.696854 0.664043 0.635645 0.610988 0.589539 0.570874 0.554650 0.540589 0.528465 0.518093 0.509324 0.502037 0.496133 0.491537 0.488190 0.486052 0.485096 0.485311 0.486699 0.489277 0.493076 0.498145 0.504547 0.512366 0.521708 0.532704 0.545515 0.560342 0.577427 0.597070 0.619642 0.645605 0.675536 0.710172 0.750457 0.797625 0.853312 0.919742 1.000000 0.964362 0.885759 0.820833 0.766495 0.720532 0.681319 0.647633 0.618541 0.593318 0.571395 0.552317 0.535720 0.521312 0.508851 0.498145 0.489034 0.481388 0.475106 0.470102 0.466315 0.463697 0.462215 0.461852 0.462603 0.464477 0.467497 0.471700 0.477140 0.483886 0.492028 0.501677 0.512974 0.526087 0.541226 0.558649 0.578670 0.601684 0.628180 0.658777 0.694265 0.735668 0.784331 0.842061 0.911334 0.962043 0.893624 0.836172 0.787443 0.745778 0.709926 0.678923 0.652019 0.628623 0.608263 0.590558 0.575201 0.561942 0.550577 0.540940 0.532897 0.526338 0.521179 500.000000 1.129985 0.601229
0.501677 0.512974 0.526087 0.541226 0.558649 0.578670 0.601684 0.628180 0.658777 0.694265 0.735668 0.784331 0.842061 0.911334 0.962043 0.893624 0.836172 0.787443 0.745778 0.709926 0.678923 0.652019 0.628623 0.608263 0.590558 0.575201 0.561942 0.550577 0.540940 0.532897 0.526338 0.521179 0.517355 0.514817 0.513536 0.513494 0.514693 0.517146 0.520883 0.525951 0.532414 0.540356 0.549883 0.561128 0.574254 0.589464 0.607003 0.627176 0.650356 0.677008 0.707717 0.743219 0.784461 0.832672 0.889481 0.893932 0.831752 0.779414 0.734940 0.696854 0.664043 0.635645 0.610988 0.589539 0.570874 0.554650 0.540589 0.528465 0.518093 0.509324 0.502037 0.496133 0.491537 0.488190 0.486052 0.485096 0.485311 0.486699 0.489277 0.493076 0.498145 0.504547 0.512366 0.521708 0.532704 0.545515 0.560342 0.577427 0.597070 0.619642 0.645605 0.675536 0.710172 0.750457 0.797625 0.853312 0.919742 1.000000 0.964362 0.885759 0.820833 0.766495 0.720532 0.681319 0.647633 0.618541 0.593318 0.571395 0.552317 0.535720 0.521312 0.508851 0.498145 0.489034 0.481388 0.475106 0.470102 0.466315 0.463697 0.462215 0.461852 0.462603 0.464477 0.467497 0.471700 0.477140 0.483886 0.492028 500.000000 1.129985 0.601229
0.644554 0.648873 0.654839 0.662526 0.672034 0.671959 0.659552 0.649130 0.640552 0.633705 0.628500 0.624873 0.622780 0.622194 0.623110 0.625537 0.629505 0.635064 0.642283 0.651256 0.662100 0.674964 0.690247 0.708730 0.730038 0.754540 0.782696 0.815074 0.852389 0.895545 0.872367 0.824088 0.782659 0.746910 0.715933 0.689017 0.665597 0.645220 0.627520 0.612201 0.599021 0.587783 0.578326 0.570521 0.564266 0.560413 0.567070 0.575290 0.585183 0.596885 0.610565 0.626432 0.644740 0.665803 0.690006 0.717831 0.749876 0.786900 0.829873 0.880054 0.939101 1.000000 0.932150 0.874895 0.826143 0.784326 0.748255 0.717007 0.689859 0.666239 0.645687 0.627832 0.612373 0.599066 0.587711 0.578145 0.570237 0.563883 0.559001 0.555529 0.553430 0.553011 0.553925 0.556185 0.559818 0.564868 0.571399 0.579496 0.589265 0.600841 0.614392 0.630120 0.648278 0.669173 0.693186 0.720787 0.751981 0.747093 0.744049 0.742811 0.743366 0.745719 0.749900 0.755959 0.763973 0.774043 0.786301 0.800915 0.818090 0.838081 0.861200 0.854974 0.820383 0.790312 0.764143 0.741381 0.721623 0.704545 0.689880 0.677411 0.666964 0.658396 0.651595 0.646474 0.642971 0.641041 0.640662 0.641828 1669.000000 1.107809 0.750341
0.751981 0.747093 0.744049 0.742811 0.743366 0.745719 0.749900 0.755959 0.763973 0.774043 0.786301 0.800915 0.818090 0.838081 0.861200 0.854974 0.820383 0.790312 0.764143 0.741381 0.721623 0.704545 0.689880 0.677411 0.666964 0.658396 0.651595 0.646474 0.642971 0.641041 0.640662 0.641828 0.644554 0.648873 0.654839 0.662526 0.672034 0.671959 0.659552 0.649130 0.640552 0.633705 0.628500 0.624873 0.622780 0.622194 0.623110 0.625537 0.629505 0.635064 0.642283 0.651256 0.662100 0.674964 0.690247 0.708730 0.730038 0.754540 0.782696 0.815074 0.852389 0.895545 0.872367 0.824088 0.782659 0.746910 0.715933 0.689017 0.665597 0.645220 0.627520 0.612201 0.599021 0.587783 0.578326 0.570521 0.564266 0.560413 0.567070 0.575290 0.585183 0.596885 0.610565 0.626432 0.644740 0.665803 0.690006 0.717831 0.749876 0.786900 0.829873 0.880054 0.939101 1.000000 0.932150 0.874895 0.826143 0.784326 0.748255 0.717007 0.689859 0.666239 0.645687 0.627832 0.612373 0.599066 0.587711 0.578145 0.570237 0.563883 0.559001 0.555529 0.553430 0.553011 0.553925 0.556185 0.559818 0.564868 0.571399 0.579496 0.589265 0.600841 0.614392 0.630120 0.648278 0.669173 0.693186 0.720787 1669.000000 1.107809 0.750341
0.826143 0.784326 0.748255 0.717007 0.689859 0.666239 0.645687 0.627832 0.612373 0.599066 0.587711 0.578145 0.570237 0.563883 0.559001 0.555529 0.553430 0.553011 0.553925 0.556185 0.559818 0.564868 0.571399 0.579496 0.589265 0.600841 0.614392 0.630120 0.648278 0.669173 0.693186 0.720787 0.751981 0.747093 0.744049 0.742811 0.743366 0.745719 0.749900 0.755959 0.763973 0.774043 0.786301 0.800915 0.818090 0.838081 0.861200 0.854974 0.820383 0.790312 0.764143 0.741381 0.721623 0.704545 0.689880 0.677411 0.666964 0.658396 0.651595 0.646474 0.642971 0.641041 0.640662 0.641828 0.644554 0.648873 0.654839 0.662526 0.672034 0.671959 0.659552 0.649130 0.640552 0.633705 0.628500 0.624873 0.622780 0.622194 0.623110 0.625537 0.629505 0.635064 0.642283 0.651256 0.662100 0.674964 0.690247 0.708730 0.730038 0.754540 0.782696 0.815074 0.852389 0.895545 0.872367 0.824088 0.782659 0.746910 0.715933 0.689017 0.665597 0.645220 0.627520 0.612201 0.599021 0.587783 0.578326 0.570521 0.564266 0.560413 0.567070 0.575290 0.585183 0.596885 0.610565 0.626432 0.644740 0.665803 0.690006 0.717831 0.749876 0.786900 0.829873 0.880054 0.939101 1.000000 0.932150 0.874895 1669.000000 1.107809 0.750341
0.782659 0.746910 0.715933 0.689017 0.665597 0.645220 0.627520 0.612201 0.599021 0.587783 0.578326 0.570521 0.564266 0.560413 0.567070 0.575290 0.585183 0.596885 0.610565 0.626432 0.644740 0.665803 0.690006 0.717831 0.749876 0.786900 0.829873 0.880054 0.939101 1.000000 0.932150 0.874895 0.826143 0.784326 0.748255 0.717007 0.689859 0.666239 0.645687 0.627832 0.612373 0.599066 0.587711 0.578145 0.570237 0.563883 0.559001 0.555529 0.553430 0.553011 0.553925 0.556185 0.559818 0.564868 0.571399 0.579496 0.589265 0.600841 0.614392 0.630120 0.648278 0.669173 0.693186 0.720787 0.751981 0.747093 0.744049 0.742811 0.743366 0.745719 0.749900 0.755959 0.763973 0.774043 0.786301 0.800915 0.818090 0.838081 0.861200 0.854974 0.820383 0.790312 0.764143 0.741381 0.721623 0.704545 0.689880 0.677411 0.666964 0.658396 0.651595 0.646474 0.642971 0.641041 0.640662 0.641828 0.644554 0.648873 0.654839 0.662526 0.672034 0.671959 0.659552 0.649130 0.640552 0.633705 0.628500 0.624873 0.622780 0.622194 0.623110 0.625537 0.629505 0.635064 0.642283 0.651256 0.662100 0.674964 0.690247 0.708730 0.730038 0.754540 0.782696 0.815074 0.852389 0.895545 0.872367 0.824088 1669.000000 1.107809 0.750341
0.786871 0.781049 0.777171 0.775189 0.775080 0.776842 0.780497 0.786089 0.793688 0.803389 0.815319 0.829637 0.846543 0.866283 0.889158 0.880198 0.858240 0.839323 0.823163 0.809526 0.798226 0.789112 0.782066 0.777000 0.773852 0.772583 0.773178 0.775643 0.780010 0.786331 0.794685 0.805179 0.817951 0.833175 0.851065 0.871886 0.895965 0.923700 0.955582 0.992220 0.978643 0.946657 0.918840 0.894704 0.873856 0.855972 0.840790 0.828097 0.817723 0.809532 0.803419 0.799309 0.797152 0.796920 0.798613 0.802249 0.807874 0.815557 0.825395 0.824634 0.809696 0.797176 0.786905 0.778746 0.772598 0.768382 0.766048 0.765566 0.766931 0.770160 0.775292 0.782390 0.791544 0.802872 0.816525 0.832690 0.851602 0.873545 0.898873 0.928015 0.961504 1.000000 0.996019 0.953914 0.917344 0.885530 0.857845 0.833787 0.812947 0.794991 0.779649 0.766700 0.755966 0.747303 0.740601 0.735775 0.732765 0.731534 0.732069 0.734911 0.741199 0.749416 0.759668 0.772090 0.786852 0.804165 0.824287 0.847537 0.874303 0.905067 0.940423 0.981113 0.980089 0.953175 0.929880 0.909836 0.892743 0.878358 0.866483 0.856962 0.849673 0.844524 0.841452 0.840419 0.831474 0.816864 0.804664 0.794710 1071.000000 1.102098 0.860185
0.732765 0.731534 0.732069 0.734911 0.741199 0.749416 0.759668 0.772090 0.786852 0.804165 0.824287 0.847537 0.874303 0.905067 0.940423 0.981113 0.980089 0.953175 0.929880 0.909836 0.892743 0.878358 0.866483 0.856962 0.849673 0.844524 0.841452 0.840419 0.831474 0.816864 0.804664 0.794710 0.786871 0.781049 0.777171 0.775189 0.775080 0.776842 0.780497 0.786089 0.793688 0.803389 0.815319 0.829637 0.846543 0.866283 0.889158 0.880198 0.858240 0.839323 0.823163 0.809526 0.798226 0.789112 0.782066 0.777000 0.773852 0.772583 0.773178 0.775643 0.780010 0.786331 0.794685 0.805179 0.817951 0.833175 0.851065 0.871886 0.895965 0.923700 0.955582 0.992220 0.978643 0.946657 0.918840 0.894704 0.873856 0.855972 0.840790 0.828097 0.817723 0.809532 0.803419 0.799309 0.797152 0.796920 0.798613 0.802249 0.807874 0.815557 0.825395 0.824634 0.809696 0.797176 0.786905 0.778746 0.772598 0.768382 0.766048 0.765566 0.766931 0.770160 0.775292 0.782390 0.791544 0.802872 0.816525 0.832690 0.851602 0.873545 0.898873 0.928015 0.961504 1.000000 0.996019 0.953914 0.917344 0.885530 0.857845 0.833787 0.812947 0.794991 0.779649 0.766700 0.755966 0.747303 0.740601 0.735775 1071.000000 1.102098 0.860185
0.772598 0.768382 0.766048 0.765566 0.766931 0.770160 0.775292 0.782390 0.791544 0.802872 0.816525 0.832690 0.851602 0.873545 0.898873 0.928015 0.961504 1.000000 0.996019 0.953914 0.917344 0.885530 0.857845 0.833787 0.812947 0.794991 0.779649 0.766700 0.755966 0.747303 0.740601 0.735775 0.732765 0.731534 0.732069 0.734911 0.741199 0.749416 0.759668 0.772090 0.786852 0.804165 0.824287 0.847537 0.874303 0.905067 0.940423 0.981113 0.980089 0.953175 0.929880 0.909836 0.892743 0.878358 0.866483 0.856962 0.849673 0.844524 0.841452 0.840419 0.831474 0.816864 0.804664 0.794710 0.786871 0.781049 0.777171 0.775189 0.775080 0.776842 0.780497 0.786089 0.793688 0.803389 0.815319 0.829637 0.846543 0.866283 0.889158 0.880198 0.858240 0.839323 0.823163 0.809526 0.798226 0.789112 0.782066 0.777000 0.773852 0.772583 0.773178 0.775643 0.780010 0.786331 0.794685 0.805179 0.817951 0.833175 0.851065 0.871886 0.895965 0.923700 0.955582 0.992220 0.978643 0.946657 0.918840 0.894704 0.873856 0.855972 0.840790 0.828097 0.817723 0.809532 0.803419 0.799309 0.797152 0.796920 0.798613 0.802249 0.807874 0.815557 0.825395 0.824634 0.809696 0.797176 0.786905 0.778746 1071.000000 1.102098 0.860185
0.817951 0.833175 0.851065 0.871886 0.895965 0.923700 0.955582 0.992220 0.978643 0.946657 0.918840 0.894704 0.873856 0.855972 0.840790 0.828097 0.817723 0.809532 0.803419 0.799309 0.797152 0.796920 0.798613 0.802249 0.807874 0.815557 0.825395 0.824634 0.809696 0.797176 0.786905 0.778746 0.772598 0.768382 0.766048 0.765566 0.766931 0.770160 0.775292 0.782390 0.791544 0.802872 0.816525 0.832690 0.851602 0.873545 0.898873 0.928015 0.961504 1.000000 0.996019 0.953914 0.917344 0.885530 0.857845 0.833787 0.812947 0.794991 0.779649 0.766700 0.755966 0.747303 0.740601 0.735775 0.732765 0.731534 0.732069 0.734911 0.741199 0.749416 0.759668 0.772090 0.786852 0.804165 0.824287 0.847537 0.874303 0.905067 0.940423 0.981113 0.980089 0.953175 0.929880 0.909836 0.892743 0.878358 0.866483 0.856962 0.849673 0.844524 0.841452 0.840419 0.831474 0.816864 0.804664 0.794710 0.786871 0.781049 0.777171 0.775189 0.775080 0.776842 0.780497 0.786089 0.793688 0.803389 0.815319 0.829637 0.846543 0.866283 0.889158 0.880198 0.858240 0.839323 0.823163 0.809526 0.798226 0.789112 0.782066 0.777000 0.773852 0.772583 0.773178 0.775643 0.780010 0.786331 0.794685 0.805179 1071.000000 1.102098 0.860185
0.887350 0.921675 0.865341 0.817352 0.776178 0.740652 0.709871 0.683127 0.659856 0.639609 0.622021 0.606797 0.593697 0.582524 0.573119 0.565354 0.559124 0.554352 0.550976 0.546288 0.532192 0.520027 0.509606 0.500776 0.493417 0.487427 0.482730 0.479267 0.476994 0.475883 0.475921 0.477109 0.479460 0.483005 0.487786 0.493864 0.501318 0.508684 0.506465 0.505478 0.505711 0.507167 0.509863 0.513832 0.519124 0.525805 0.533965 0.541915 0.550647 0.561039 0.573238 0.587426 0.603826 0.622711 0.644418 0.669364 0.698069 0.731186 0.769548 0.814229 0.866634 0.928640 1.000000 0.934969 0.879870 0.832799 0.792320 0.757334 0.726983 0.700595 0.677630 0.657658 0.640327 0.625354 0.612507 0.601598 0.592473 0.585009 0.579108 0.571129 0.554872 0.540782 0.528632 0.518236 0.509445 0.502137 0.496215 0.491601 0.488237 0.486082 0.485109 0.485308 0.486679 0.489240 0.493022 0.493032 0.488809 0.485819 0.484023 0.483402 0.483946 0.485663 0.488573 0.492713 0.498133 0.504904 0.513115 0.522878 0.534331 0.547647 0.563034 0.580751 0.601113 0.624515 0.651446 0.669979 0.673463 0.678626 0.685534 0.694273 0.704958 0.717733 0.732778 0.750314 0.770611 0.794003 0.820898 0.851804 1505.500000 1.493668 0.760767
0.488809 0.485819 0.484023 0.483402 0.483946 0.485663 0.488573 0.492713 0.498133 0.504904 0.513115 0.522878 0.534331 0.547647 0.563034 0.580751 0.601113 0.624515 0.651446 0.669979 0.673463 0.678626 0.685534 0.694273 0.704958 0.717733 0.732778 0.750314 0.770611 0.794003 0.820898 0.851804 0.887350 0.921675 0.865341 0.817352 0.776178 0.740652 0.709871 0.683127 0.659856 0.639609 0.622021 0.606797 0.593697 0.582524 0.573119 0.565354 0.559124 0.554352 0.550976 0.546288 0.532192 0.520027 0.509606 0.500776 0.493417 0.487427 0.482730 0.479267 0.476994 0.475883 0.475921 0.477109 0.479460 0.483005 0.487786 0.493864 0.501318 0.508684 0.506465 0.505478 0.505711 0.507167 0.509863 0.513832 0.519124 0.525805 0.533965 0.541915 0.550647 0.561039 0.573238 0.587426 0.603826 0.622711 0.644418 0.669364 0.698069 0.731186 0.769548 0.814229 0.866634 0.928640 1.000000 0.934969 0.879870 0.832799 0.792320 0.757334 0.726983 0.700595 0.677630 0.657658 0.640327 0.625354 0.612507 0.601598 0.592473 0.585009 0.579108 0.571129 0.554872 0.540782 0.528632 0.518236 0.509445 0.502137 0.496215 0.491601 0.488237 0.486082 0.485109 0.485308 0.486679 0.489240 0.493022 0.493032 1505.500000 1.493668 0.760767
0.879870 0.832799 0.792320 0.757334 0.726983 0.700595 0.677630 0.657658 0.640327 0.625354 0.612507 0.601598 0.592473 0.585009 0.579108 0.571129 0.554872 0.540782 0.528632 0.518236 0.509445 0.502137 0.496215 0.491601 0.488237 0.486082 0.485109 0.485308 0.486679 0.489240 0.493022 0.493032 0.488809 0.485819 0.484023 0.483402 0.483946 0.485663 0.488573 0.492713 0.498133 0.504904 0.513115 0.522878 0.534331 0.547647 0.563034 0.580751 0.601113 0.624515 0.651446 0.669979 0.673463 0.678626 0.685534 0.694273 0.704958 0.717733 0.732778 0.750314 0.770611 0.794003 0.820898 0.851804 0.887350 0.921675 0.865341 0.817352 0.776178 0.740652 0.709871 0.683127 0.659856 0.639609 0.622021 0.606797 0.593697 0.582524 0.573119 0.565354 0.559124 0.554352 0.550976 0.546288 0.532192 0.520027 0.509606 0.500776 0.493417 0.487427 0.482730 0.479267 0.476994 0.475883 0.475921 0.477109 0.479460 0.483005 0.487786 0.493864 0.501318 0.508684 0.506465 0.505478 0.505711 0.507167 0.509863 0.513832 0.519124 0.525805 0.533965 0.541915 0.550647 0.561039 0.573238 0.587426 0.603826 0.622711 0.644418 0.669364 0.698069 0.731186 0.769548 0.814229 0.866634 0.928640 1.000000 0.934969 1505.500000 1.493668 0.760767
0.479460 0.483005 0.487786 0.493864 0.501318 0.508684 0.506465 0.505478 0.505711 0.507167 0.509863 0.513832 0.519124 0.525805 0.533965 0.541915 0.550647 0.561039 0.573238 0.587426 0.603826 0.622711 0.644418 0.669364 0.698069 0.731186 0.769548 0.814229 0.866634 0.928640 1.000000 0.934969 0.879870 0.832799 0.792320 0.757334 0.726983 0.700595 0.677630 0.657658 0.640327 0.625354 0.612507 0.601598 0.592473 0.585009 0.579108 0.571129 0.554872 0.540782 0.528632 0.518236 0.509445 0.502137 0.496215 0.491601 0.488237 0.486082 0.485109 0.485308 0.486679 0.489240 0.493022 0.493032 0.488809 0.485819 0.484023 0.483402 0.483946 0.485663 0.488573 0.492713 0.498133 0.504904 0.513115 0.522878 0.534331 0.547647 0.563034 0.580751 0.601113 0.624515 0.651446 0.669979 0.673463 0.678626 0.685534 0.694273 0.704958 0.717733 0.732778 0.750314 0.770611 0.794003 0.820898 0.851804 0.887350 0.921675 0.865341 0.817352 0.776178 0.740652 0.709871 0.683127 0.659856 0.639609 0.622021 0.606797 0.593697 0.582524 0.573119 0.565354 0.559124 0.554352 0.550976 0.546288 0.532192 0.520027 0.509606 0.500776 0.493417 0.487427 0.482730 0.479267 0.476994 0.475883 0.475921 0.477109 1505.500000 1.493668 0.760767
0.848571 0.820793 0.796633 0.775671 0.757561 0.742025 0.728834 0.717802 0.708782 0.701655 0.696330 0.692743 0.690847 0.690621 0.692062 0.695188 0.700036 0.706666 0.715162 0.725635 0.738224 0.753103 0.770490 0.790647 0.796998 0.793007 0.790951 0.790806 0.792570 0.796265 0.801936 0.809652 0.819511 0.831642 0.846207 0.863408 0.883495 0.906776 0.933627 0.964511 1.000000 0.970687 0.945060 0.922919 0.903918 0.887780 0.874278 0.863228 0.854487 0.847944 0.843516 0.841151 0.840818 0.842515 0.846262 0.852104 0.860114 0.870392 0.883072 0.898324 0.916357 0.937434 0.961876 0.937626 0.904646 0.875945 0.850996 0.829373 0.810725 0.794770 0.781277 0.770058 0.760965 0.753878 0.748710 0.745395 0.743894 0.744188 0.746281 0.750198 0.755987 0.763720 0.773496 0.785442 0.799720 0.816530 0.836119 0.833721 0.815771 0.800467 0.787588 0.776959 0.768440 0.761921 0.757321 0.754584 0.753675 0.754584 0.757321 0.761921 0.768440 0.776959 0.787588 0.800467 0.815771 0.833721 0.854583 0.878687 0.906437 0.938331 0.974986 0.986162 0.971149 0.958862 0.949139 0.941858 0.936928 0.934288 0.933906 0.935778 0.939927 0.946403 0.955286 0.966688 0.980757 0.959522 0.917203 0.880492 524.000000 1.247979 0.879549
0.753675 0.754584 0.757321 0.761921 0.768440 0.776959 0.787588 0.800467 0.815771 0.833721 0.854583 0.878687 0.906437 0.938331 0.974986 0.986162 0.971149 0.958862 0.949139 0.941858 0.936928 0.934288 0.933906 0.935778 0.939927 0.946403 0.955286 0.966688 0.980757 0.959522 0.917203 0.880492 0.848571 0.820793 0.796633 0.775671 0.757561 0.742025 0.728834 0.717802 0.708782 0.701655 0.696330 0.692743 0.690847 0.690621 0.692062 0.695188 0.700036 0.706666 0.715162 0.725635 0.738224 0.753103 0.770490 0.790647 0.796998 0.793007 0.790951 0.790806 0.792570 0.796265 0.801936 0.809652 0.819511 0.831642 0.846207 0.863408 0.883495 0.906776 0.933627 0.964511 1.000000 0.970687 0.945060 0.922919 0.903918 0.887780 0.874278 0.863228 0.854487 0.847944 0.843516 0.841151 0.840818 0.842515 0.846262 0.852104 0.860114 0.870392 0.883072 0.898324 0.916357 0.937434 0.961876 0.937626 0.904646 0.875945 0.850996 0.829373 0.810725 0.794770 0.781277 0.770058 0.760965 0.753878 0.748710 0.745395 0.743894 0.744188 0.746281 0.750198 0.755987 0.763720 0.773496 0.785442 0.799720 0.816530 0.836119 0.833721 0.815771 0.800467 0.787588 0.776959 0.768440 0.761921 0.757321 0.754584 524.000000 1.247979 0.879549
0.904646 0.875945 0.850996 0.829373 0.810725 0.794770 0.781277 0.770058 0.760965 0.753878 0.748710 0.745395 0.743894 0.744188 0.746281 0.750198 0.755987 0.763720 0.773496 0.785442 0.799720 0.816530 0.836119 0.833721 0.815771 0.800467 0.787588 0.776959 0.768440 0.761921 0.757321 0.754584 0.753675 0.754584 0.757321 0.761921 0.768440 0.776959 0.787588 0.800467 0.815771 0.833721 0.854583 0.878687 0.906437 0.938331 0.974986 0.986162 0.971149 0.958862 0.949139 0.941858 0.936928 0.934288 0.933906 0.935778 0.939927 0.946403 0.955286 0.966688 0.980757 0.959522 0.917203 0.880492 0.848571 0.820793 0.796633 0.775671 0.757561 0.742025 0.728834 0.717802 0.708782 0.701655 0.696330 0.692743 0.690847 0.690621 0.692062 0.695188 0.700036 0.706666 0.715162 0.725635 0.738224 0.753103 0.770490 0.790647 0.796998 0.793007 0.790951 0.790806 0.792570 0.796265 0.801936 0.809652 0.819511 0.831642 0.846207 0.863408 0.883495 0.906776 0.933627 0.964511 1.000000 0.970687 0.945060 0.922919 0.903918 0.887780 0.874278 0.863228 0.854487 0.847944 0.843516 0.841151 0.840818 0.842515 0.846262 0.852104 0.860114 0.870392 0.883072 0.898324 0.916357 0.937434 0.961876 0.937626 524.000000 1.247979 0.879549
0.819511 0.831642 0.846207 0.863408 0.883495 0.906776 0.933627 0.964511 1.000000 0.970687 0.945060 0.922919 0.903918 0.887780 0.874278 0.863228 0.854487 0.847944 0.843516 0.841151 0.840818 0.842515 0.846262 0.852104 0.860114 0.870392 0.883072 0.898324 0.916357 0.937434 0.961876 0.937626 0.904646 0.875945 0.850996 0.829373 0.810725 0.794770 0.781277 0.770058 0.760965 0.753878 0.748710 0.745395 0.743894 0.744188 0.746281 0.750198 0.755987 0.763720 0.773496 0.785442 0.799720 0.816530 0.836119 0.833721 0.815771 0.800467 0.787588 0.776959 0.768440 0.761921 0.757321 0.754584 0.753675 0.754584 0.757321 0.761921 0.768440 0.776959 0.787588 0.800467 0.815771 0.833721 0.854583 0.878687 0.906437 0.938331 0.974986 0.986162 0.971149 0.958862 0.949139 0.941858 0.936928 0.934288 0.933906 0.935778 0.939927 0.946403 0.955286 0.966688 0.980757 0.959522 0.917203 0.880492 0.848571 0.820793 0.796633 0.775671 0.757561 0.742025 0.728834 0.717802 0.708782 0.701655 0.696330 0.692743 0.690847 0.690621 0.692062 0.695188 0.700036 0.706666 0.715162 0.725635 0.738224 0.753103 0.770490 0.790647 0.796998 0.793007 0.790951 0.790806 0.792570 0.796265 0.801936 0.809652 524.000000 1.247979 0.879549
0.811968 0.791731 0.774299 0.759408 0.746844 0.736435 0.728041 0.721555 0.716896 0.714005 0.712848 0.713411 0.715700 0.719744 0.720463 0.705849 0.693454 0.683104 0.674660 0.668012 0.663075 0.659789 0.658112 0.658025 0.659527 0.662636 0.667390 0.673848 0.682091 0.692226 0.704390 0.718751 0.735519 0.754950 0.777359 0.803134 0.832751 0.810593 0.786080 0.764796 0.746384 0.730556 0.717077 0.705756 0.696439 0.689003 0.683353 0.679418 0.677150 0.676522 0.686427 0.698822 0.713422 0.730443 0.750148 0.772858 0.798972 0.828979 0.863489 0.903267 0.949285 1.000000 0.955151 0.916265 0.882463 0.853049 0.827462 0.805248 0.786040 0.769538 0.755497 0.743719 0.734044 0.726344 0.720522 0.716505 0.714244 0.713711 0.714900 0.717825 0.722521 0.714467 0.698959 0.685727 0.674581 0.665370 0.657970 0.652287 0.648250 0.645809 0.644933 0.645614 0.647858 0.651694 0.657167 0.664348 0.673327 0.684223 0.697185 0.712397 0.712932 0.713755 0.716307 0.720621 0.726747 0.734765 0.744775 0.756911 0.763514 0.760690 0.759710 0.760563 0.763258 0.767829 0.774332 0.782848 0.793486 0.806386 0.821725 0.839722 0.860644 0.884821 0.912658 0.944654 0.928629 0.893115 0.862217 0.835331 1897.000000 1.267419 0.851251
0.673327 0.684223 0.697185 0.712397 0.712932 0.713755 0.716307 0.720621 0.726747 0.734765 0.744775 0.756911 0.763514 0.760690 0.759710 0.760563 0.763258 0.767829 0.774332 0.782848 0.793486 0.806386 0.821725 0.839722 0.860644 0.884821 0.912658 0.944654 0.928629 0.893115 0.862217 0.835331 0.811968 0.791731 0.774299 0.759408 0.746844 0.736435 0.728041 0.721555 0.716896 0.714005 0.712848 0.713411 0.715700 0.719744 0.720463 0.705849 0.693454 0.683104 0.674660 0.668012 0.663075 0.659789 0.658112 0.658025 0.659527 0.662636 0.667390 0.673848 0.682091 0.692226 0.704390 0.718751 0.735519 0.754950 0.777359 0.803134 0.832751 0.810593 0.786080 0.764796 0.746384 0.730556 0.717077 0.705756 0.696439 0.689003 0.683353 0.679418 0.677150 0.676522 0.686427 0.698822 0.713422 0.730443 0.750148 0.772858 0.798972 0.828979 0.863489 0.903267 0.949285 1.000000 0.955151 0.916265 0.882463 0.853049 0.827462 0.805248 0.786040 0.769538 0.755497 0.743719 0.734044 0.726344 0.720522 0.716505 0.714244 0.713711 0.714900 0.717825 0.722521 0.714467 0.698959 0.685727 0.674581 0.665370 0.657970 0.652287 0.648250 0.645809 0.644933 0.645614 0.647858 0.651694 0.657167 0.664348 1897.000000 1.267419 0.851251
0.882463 0.853049 0.827462 0.805248 0.786040 0.769538 0.755497 0.743719 0.734044 0.726344 0.720522 0.716505 0.714244 0.713711 0.714900 0.717825 0.722521 0.714467 0.698959 0.685727 0.674581 0.665370 0.657970 0.652287 0.648250 0.645809 0.644933 0.645614 0.647858 0.651694 0.657167 0.664348 0.673327 0.684223 0.697185 0.712397 0.712932 0.713755 0.716307 0.720621 0.726747 0.734765 0.744775 0.756911 0.763514 0.760690 0.759710 0.760563 0.763258 0.767829 0.774332 0.782848 0.793486 0.806386 0.821725 0.839722 0.860644 0.884821 0.912658 0.944654 0.928629 0.893115 0.862217 0.835331 0.811968 0.791731 0.774299 0.759408 0.746844 0.736435 0.728041 0.721555 0.716896 0.714005 0.712848 0.713411 0.715700 0.719744 0.720463 0.705849 0.693454 0.683104 0.674660 0.668012 0.663075 0.659789 0.658112 0.658025 0.659527 0.662636 0.667390 0.673848 0.682091 0.692226 0.704390 0.718751 0.735519 0.754950 0.777359 0.803134 0.832751 0.810593 0.786080 0.764796 0.746384 0.730556 0.717077 0.705756 0.696439 0.689003 0.683353 0.679418 0.677150 0.676522 0.686427 0.698822 0.713422 0.730443 0.750148 0.772858 0.798972 0.828979 0.863489 0.903267 0.949285 1.000000 0.955151 0.916265 1897.000000 1.267419 0.851251
0.735519 0.754950 0.777359 0.803134 0.832751 0.810593 0.786080 0.764796 0.746384 0.730556 0.717077 0.705756 0.696439 0.689003 0.683353 0.679418 0.677150 0.676522 0.686427 0.698822 0.713422 0.730443 0.750148 0.772858 0.798972 0.828979 0.863489 0.903267 0.949285 1.000000 0.955151 0.916265 0.882463 0.853049 0.827462 0.805248 0.786040 0.769538 0.755497 0.743719 0.734044 0.726344 0.720522 0.716505 0.714244 0.713711 0.714900 0.717825 0.722521 0.714467 0.698959 0.685727 0.674581 0.665370 0.657970 0.652287 0.648250 0.645809 0.644933 0.645614 0.647858 0.651694 0.657167 0.664348 0.673327 0.684223 0.697185 0.712397 0.712932 0.713755 0.716307 0.720621 0.726747 0.734765 0.744775 0.756911 0.763514 0.760690 0.759710 0.760563 0.763258 0.767829 0.774332 0.782848 0.793486 0.806386 0.821725 0.839722 0.860644 0.884821 0.912658 0.944654 0.928629 0.893115 0.862217 0.835331 0.811968 0.791731 0.774299 0.759408 0.746844 0.736435 0.728041 0.721555 0.716896 0.714005 0.712848 0.713411 0.715700 0.719744 0.720463 0.705849 0.693454 0.683104 0.674660 0.668012 0.663075 0.659789 0.658112 0.658025 0.659527 0.662636 0.667390 0.673848 0.682091 0.692226 0.704390 0.718751 1897.000000 1.267419 0.851251
0.876868 0.848428 0.823698 0.802246 0.783723 0.767844 0.754378 0.743135 0.733964 0.726746 0.721390 0.717829 0.716020 0.715940 0.717588 0.720985 0.726172 0.733214 0.742198 0.753243 0.766496 0.782142 0.800408 0.821575 0.845985 0.874059 0.906320 0.943413 0.969360 0.932206 0.899882 0.871755 0.847313 0.826139 0.807897 0.792311 0.779156 0.768251 0.759452 0.752645 0.747744 0.744688 0.743442 0.743989 0.746336 0.750511 0.756567 0.764578 0.774646 0.786905 0.801519 0.818696 0.838691 0.861814 0.888450 0.919070 0.954256 0.967565 0.934404 0.905549 0.880481 0.858776 0.840091 0.824144 0.810709 0.799600 0.790670 0.783805 0.778919 0.775951 0.774865 0.775648 0.778309 0.782882 0.789421 0.798010 0.808756 0.821804 0.837329 0.844622 0.827979 0.813901 0.802194 0.792702 0.785302 0.779900 0.776430 0.774849 0.775137 0.777300 0.781362 0.787373 0.795409 0.805571 0.817993 0.832841 0.850324 0.870700 0.894284 0.876487 0.853513 0.833671 0.816653 0.802209 0.790138 0.780277 0.772497 0.766699 0.762812 0.760788 0.760602 0.762251 0.765757 0.771162 0.778532 0.787961 0.799571 0.813517 0.829994 0.849240 0.871549 0.897282 0.926882 0.960895 1.000000 0.990435 0.947127 0.909547 6860.000000 1.037174 0.845552
0.850324 0.870700 0.894284 0.876487 0.853513 0.833671 0.816653 0.802209 0.790138 0.780277 0.772497 0.766699 0.762812 0.760788 0.760602 0.762251 0.765757 0.771162 0.778532 0.787961 0.799571 0.813517 0.829994 0.849240 0.871549 0.897282 0.926882 0.960895 1.000000 0.990435 0.947127 0.909547 0.876868 0.848428 0.823698 0.802246 0.783723 0.767844 0.754378 0.743135 0.733964 0.726746 0.721390 0.717829 0.716020 0.715940 0.717588 0.720985 0.726172 0.733214 0.742198 0.753243 0.766496 0.782142 0.800408 0.821575 0.845985 0.874059 0.906320 0.943413 0.969360 0.932206 0.899882 0.871755 0.847313 0.826139 0.807897 0.792311 0.779156 0.768251 0.759452 0.752645 0.747744 0.744688 0.743442 0.743989 0.746336 0.750511 0.756567 0.764578 0.774646 0.786905 0.801519 0.818696 0.838691 0.861814 0.888450 0.919070 0.954256 0.967565 0.934404 0.905549 0.880481 0.858776 0.840091 0.824144 0.810709 0.799600 0.790670 0.783805 0.778919 0.775951 0.774865 0.775648 0.778309 0.782882 0.789421 0.798010 0.808756 0.821804 0.837329 0.844622 0.827979 0.813901 0.802194 0.792702 0.785302 0.779900 0.776430 0.774849 0.775137 0.777300 0.781362 0.787373 0.795409 0.805571 0.817993 0.832841 6860.000000 1.037174 0.845552
0.810709 0.799600 0.790670 0.783805 0.778919 0.775951 0.774865 0.775648 0.778309 0.782882 0.789421 0.798010 0.808756 0.821804 0.837329 0.844622 0.827979 0.813901 0.802194 0.792702 0.785302 0.779900 0.776430 0.774849 0.775137 0.777300 0.781362 0.787373 0.795409 0.805571 0.817993 0.832841 0.850324 0.870700 0.894284 0.876487 0.853513 0.833671 0.816653 0.802209 0.790138 0.780277 0.772497 0.766699 0.762812 0.760788 0.760602 0.762251 0.765757 0.771162 0.778532 0.787961 0.799571 0.813517 0.829994 0.849240 0.871549 0.897282 0.926882 0.960895 1.000000 0.990435 0.947127 0.909547 0.876868 0.848428 0.823698 0.802246 0.783723 0.767844 0.754378 0.743135 0.733964 0.726746 0.721390 0.717829 0.716020 0.715940 0.717588 0.720985 0.726172 0.733214 0.742198 0.753243 0.766496 0.782142 0.800408 0.821575 0.845985 0.874059 0.906320 0.943413 0.969360 0.932206 0.899882 0.871755 0.847313 0.826139 0.807897 0.792311 0.779156 0.768251 0.759452 0.752645 0.747744 0.744688 0.743442 0.743989 0.746336 0.750511 0.756567 0.764578 0.774646 0.786905 0.801519 0.818696 0.838691 0.861814 0.888450 0.919070 0.954256 0.967565 0.934404 0.905549 0.880481 0.858776 0.840091 0.824144 6860.000000 1.037174 0.845552
0.847313 0.826139 0.807897 0.792311 0.779156 0.768251 0.759452 0.752645 0.747744 0.744688 0.743442 0.743989 0.746336 0.750511 0.756567 0.764578 0.774646 0.786905 0.801519 0.818696 0.838691 0.861814 0.888450 0.919070 0.954256 0.967565 0.934404 0.905549 0.880481 0.858776 0.840091 0.824144 0.810709 0.799600 0.790670 0.783805 0.778919 0.775951 0.774865 0.775648 0.778309 0.782882 0.789421 0.798010 0.808756 0.821804 0.837329 0.844622 0.827979 0.813901 0.802194 0.792702 0.785302 0.779900 0.776430 0.774849 0.775137 0.777300 0.781362 0.787373 0.795409 0.805571 0.817993 0.832841 0.850324 0.870700 0.894284 0.876487 0.853513 0.833671 0.816653 0.802209 0.790138 0.780277 0.772497 0.766699 0.762812 0.760788 0.760602 0.762251 0.765757 0.771162 0.778532 0.787961 0.799571 0.813517 0.829994 0.849240 0.871549 0.897282 0.926882 0.960895 1.000000 0.990435 0.947127 0.909547 0.876868 0.848428 0.823698 0.802246 0.783723 0.767844 0.754378 0.743135 0.733964 0.726746 0.721390 0.717829 0.716020 0.715940 0.717588 0.720985 0.726172 0.733214 0.742198 0.753243 0.766496 0.782142 0.800408 0.821575 0.845985 0.874059 0.906320 0.943413 0.969360 0.932206 0.899882 0.871755 6860.000000 1.037174 0.845552
0.717794 0.719879 0.723725 0.729379 0.736911 0.746417 0.758022 0.771882 0.788192 0.807194 0.829181 0.854516 0.883643 0.917114 0.955613 1.000000 0.945899 0.819017 0.723686 0.649636 0.590623 0.542638 0.502985 0.469787 0.441698 0.417728 0.397133 0.382222 0.386718 0.392277 0.398974 0.406900 0.416171 0.426927 0.439340 0.453622 0.470033 0.488900 0.510625 0.535722 0.564844 0.598840 0.638828 0.686310 0.743352 0.812871 0.853924 0.823113 0.796299 0.772981 0.752752 0.735280 0.720297 0.707583 0.696960 0.688285 0.681445 0.676352 0.672945 0.671180 0.671037 0.672514 0.675628 0.680418 0.686944 0.688636 0.676014 0.665420 0.656712 0.649773 0.644516 0.640875 0.638805 0.638281 0.639296 0.641864 0.646015 0.651801 0.659294 0.668590 0.679814 0.693119 0.708697 0.726782 0.735828 0.737009 0.739981 0.744777 0.751458 0.760108 0.770839 0.783791 0.799145 0.817120 0.837987 0.800367 0.752990 0.712530 0.677745 0.647686 0.621614 0.598947 0.579222 0.562065 0.547175 0.534308 0.523264 0.513880 0.506024 0.499590 0.494494 0.490672 0.488074 0.486670 0.486443 0.487905 0.499397 0.512708 0.528055 0.545705 0.565986 0.589307 0.616180 0.647256 0.683366 0.721955 0.718826 0.717444 7009.000000 1.169089 0.664271
0.752990 0.712530 0.677745 0.647686 0.621614 0.598947 0.579222 0.562065 0.547175 0.534308 0.523264 0.513880 0.506024 0.499590 0.494494 0.490672 0.488074 0.486670 0.486443 0.487905 0.499397 0.512708 0.528055 0.545705 0.565986 0.589307 0.616180 0.647256 0.683366 0.721955 0.718826 0.717444 0.717794 0.719879 0.723725 0.729379 0.736911 0.746417 0.758022 0.771882 0.788192 0.807194 0.829181 0.854516 0.883643 0.917114 0.955613 1.000000 0.945899 0.819017 0.723686 0.649636 0.590623 0.542638 0.502985 0.469787 0.441698 0.417728 0.397133 0.382222 0.386718 0.392277 0.398974 0.406900 0.416171 0.426927 0.439340 0.453622 0.470033 0.488900 0.510625 0.535722 0.564844 0.598840 0.638828 0.686310 0.743352 0.812871 0.853924 0.823113 0.796299 0.772981 0.752752 0.735280 0.720297 0.707583 0.696960 0.688285 0.681445 0.676352 0.672945 0.671180 0.671037 0.672514 0.675628 0.680418 0.686944 0.688636 0.676014 0.665420 0.656712 0.649773 0.644516 0.640875 0.638805 0.638281 0.639296 0.641864 0.646015 0.651801 0.659294 0.668590 0.679814 0.693119 0.708697 0.726782 0.735828 0.737009 0.739981 0.744777 0.751458 0.760108 0.770839 0.783791 0.799145 0.817120 0.837987 0.800367 7009.000000 1.169089 0.664271
0.686944 0.688636 0.676014 0.665420 0.656712 0.649773 0.644516 0.640875 0.638805 0.638281 0.639296 0.641864 0.646015 0.651801 0.659294 0.668590 0.679814 0.693119 0.708697 0.726782 0.735828 0.737009 0.739981 0.744777 0.751458 0.760108 0.770839 0.783791 0.799145 0.817120 0.837987 0.800367 0.752990 0.712530 0.677745 0.647686 0.621614 0.598947 0.579222 0.562065 0.547175 0.534308 0.523264 0.513880 0.506024 0.499590 0.494494 0.490672 0.488074 0.486670 0.486443 0.487905 0.499397 0.512708 0.528055 0.545705 0.565986 0.589307 0.616180 0.647256 0.683366 0.721955 0.718826 0.717444 0.717794 0.719879 0.723725 0.729379 0.736911 0.746417 0.758022 0.771882 0.788192 0.807194 0.829181 0.854516 0.883643 0.917114 0.955613 1.000000 0.945899 0.819017 0.723686 0.649636 0.590623 0.542638 0.502985 0.469787 0.441698 0.417728 0.397133 0.382222 0.386718 0.392277 0.398974 0.406900 0.416171 0.426927 0.439340 0.453622 0.470033 0.488900 0.510625 0.535722 0.564844 0.598840 0.638828 0.686310 0.743352 0.812871 0.853924 0.823113 0.796299 0.772981 0.752752 0.735280 0.720297 0.707583 0.696960 0.688285 0.681445 0.676352 0.672945 0.671180 0.671037 0.672514 0.675628 0.680418 7009.000000 1.169089 0.664271
0.416171 0.426927 0.439340 0.453622 0.470033 0.488900 0.510625 0.535722 0.564844 0.598840 0.638828 0.686310 0.743352 0.812871 0.853924 0.823113 0.796299 0.772981 0.752752 0.735280 0.720297 0.707583 0.696960 0.688285 0.681445 0.676352 0.672945 0.671180 0.671037 0.672514 0.675628 0.680418 0.686944 0.688636 0.676014 0.665420 0.656712 0.649773 0.644516 0.640875 0.638805 0.638281 0.639296 0.641864 0.646015 0.651801 0.659294 0.668590 0.679814 0.693119 0.708697 0.726782 0.735828 0.737009 0.739981 0.744777 0.751458 0.760108 0.770839 0.783791 0.799145 0.817120 0.837987 0.800367 0.752990 0.712530 0.677745 0.647686 0.621614 0.598947 0.579222 0.562065 0.547175 0.534308 0.523264 0.513880 0.506024 0.499590 0.494494 0.490672 0.488074 0.486670 0.486443 0.487905 0.499397 0.512708 0.528055 0.545705 0.565986 0.589307 0.616180 0.647256 0.683366 0.721955 0.718826 0.717444 0.717794 0.719879 0.723725 0.729379 0.736911 0.746417 0.758022 0.771882 0.788192 0.807194 0.829181 0.854516 0.883643 0.917114 0.955613 1.000000 0.945899 0.819017 0.723686 0.649636 0.590623 0.542638 0.502985 0.469787 0.441698 0.417728 0.397133 0.382222 0.386718 0.392277 0.398974 0.406900 7009.000000 1.169089 0.664271
