1.000000 0.931564 0.873865 0.824768 0.782680 0.746389 0.714961 0.687662 0.663912 0.643245 0.625288 0.609734 0.596338 0.584896 0.575244 0.567251 0.560809 0.555835 0.552268 0.550064 0.549194 0.549649 0.551435 0.554572 0.559101 0.548269 0.538124 0.529601 0.522582 0.516977 0.512712 0.509736 0.508010 0.507514 0.508243 0.510205 0.513424 0.517939 0.523807 0.531104 0.539926 0.550395 0.562660 0.576905 0.593358 0.612294 0.634057 0.659070 0.687863 0.721103 0.759642 0.804580 0.857365 0.919935 0.901486 0.861598 0.826997 0.796914 0.770735 0.747965 0.728206 0.711133 0.696482 0.684037 0.673624 0.665100 0.658356 0.653306 0.649886 0.648055 0.647790 0.649089 0.651967 0.656458 0.662620 0.670529 0.680288 0.692026 0.705908 0.717299 0.691295 0.668665 0.648983 0.631906 0.617153 0.604496 0.593750 0.584763 0.577415 0.571608 0.567271 0.564348 0.562804 0.562620 0.563794 0.566340 0.570289 0.575691 0.582613 0.591144 0.601400 0.610092 0.599915 0.591474 0.584656 0.579373 0.575559 0.573167 0.572167 0.572548 0.574313 0.577485 0.582103 0.588223 0.595924 0.605308 0.616500 0.629659 0.644981 0.662702 0.683118 0.706587 0.733557 0.764582 0.800361 0.841780 0.889981 0.946456 2591.500000 1.383010 0.759548
0.570289 0.575691 0.582613 0.591144 0.601400 0.610092 0.599915 0.591474 0.584656 0.579373 0.575559 0.573167 0.572167 0.572548 0.574313 0.577485 0.582103 0.588223 0.595924 0.605308 0.616500 0.629659 0.644981 0.662702 0.683118 0.706587 0.733557 0.764582 0.800361 0.841780 0.889981 0.946456 1.000000 0.931564 0.873865 0.824768 0.782680 0.746389 0.714961 0.687662 0.663912 0.643245 0.625288 0.609734 0.596338 0.584896 0.575244 0.567251 0.560809 0.555835 0.552268 0.550064 0.549194 0.549649 0.551435 0.554572 0.559101 0.548269 0.538124 0.529601 0.522582 0.516977 0.512712 0.509736 0.508010 0.507514 0.508243 0.510205 0.513424 0.517939 0.523807 0.531104 0.539926 0.550395 0.562660 0.576905 0.593358 0.612294 0.634057 0.659070 0.687863 0.721103 0.759642 0.804580 0.857365 0.919935 0.901486 0.861598 0.826997 0.796914 0.770735 0.747965 0.728206 0.711133 0.696482 0.684037 0.673624 0.665100 0.658356 0.653306 0.649886 0.648055 0.647790 0.649089 0.651967 0.656458 0.662620 0.670529 0.680288 0.692026 0.705908 0.717299 0.691295 0.668665 0.648983 0.631906 0.617153 0.604496 0.593750 0.584763 0.577415 0.571608 0.567271 0.564348 0.562804 0.562620 0.563794 0.566340 2591.500000 1.383010 0.759548
0.673624 0.665100 0.658356 0.653306 0.649886 0.648055 0.647790 0.649089 0.651967 0.656458 0.662620 0.670529 0.680288 0.692026 0.705908 0.717299 0.691295 0.668665 0.648983 0.631906 0.617153 0.604496 0.593750 0.584763 0.577415 0.571608 0.567271 0.564348 0.562804 0.562620 0.563794 0.566340 0.570289 0.575691 0.582613 0.591144 0.601400 0.610092 0.599915 0.591474 0.584656 0.579373 0.575559 0.573167 0.572167 0.572548 0.574313 0.577485 0.582103 0.588223 0.595924 0.605308 0.616500 0.629659 0.644981 0.662702 0.683118 0.706587 0.733557 0.764582 0.800361 0.841780 0.889981 0.946456 1.000000 0.931564 0.873865 0.824768 0.782680 0.746389 0.714961 0.687662 0.663912 0.643245 0.625288 0.609734 0.596338 0.584896 0.575244 0.567251 0.560809 0.555835 0.552268 0.550064 0.549194 0.549649 0.551435 0.554572 0.559101 0.548269 0.538124 0.529601 0.522582 0.516977 0.512712 0.509736 0.508010 0.507514 0.508243 0.510205 0.513424 0.517939 0.523807 0.531104 0.539926 0.550395 0.562660 0.576905 0.593358 0.612294 0.634057 0.659070 0.687863 0.721103 0.759642 0.804580 0.857365 0.919935 0.901486 0.861598 0.826997 0.796914 0.770735 0.747965 0.728206 0.711133 0.696482 0.684037 2591.500000 1.383010 0.759548
0.508010 0.507514 0.508243 0.510205 0.513424 0.517939 0.523807 0.531104 0.539926 0.550395 0.562660 0.576905 0.593358 0.612294 0.634057 0.659070 0.687863 0.721103 0.759642 0.804580 0.857365 0.919935 0.901486 0.861598 0.826997 0.796914 0.770735 0.747965 0.728206 0.711133 0.696482 0.684037 0.673624 0.665100 0.658356 0.653306 0.649886 0.648055 0.647790 0.649089 0.651967 0.656458 0.662620 0.670529 0.680288 0.692026 0.705908 0.717299 0.691295 0.668665 0.648983 0.631906 0.617153 0.604496 0.593750 0.584763 0.577415 0.571608 0.567271 0.564348 0.562804 0.562620 0.563794 0.566340 0.570289 0.575691 0.582613 0.591144 0.601400 0.610092 0.599915 0.591474 0.584656 0.579373 0.575559 0.573167 0.572167 0.572548 0.574313 0.577485 0.582103 0.588223 0.595924 0.605308 0.616500 0.629659 0.644981 0.662702 0.683118 0.706587 0.733557 0.764582 0.800361 0.841780 0.889981 0.946456 1.000000 0.931564 0.873865 0.824768 0.782680 0.746389 0.714961 0.687662 0.663912 0.643245 0.625288 0.609734 0.596338 0.584896 0.575244 0.567251 0.560809 0.555835 0.552268 0.550064 0.549194 0.549649 0.551435 0.554572 0.559101 0.548269 0.538124 0.529601 0.522582 0.516977 0.512712 0.509736 2591.500000 1.383010 0.759548
0.694454 0.702689 0.712859 0.725101 0.730297 0.722267 0.716119 0.711775 0.709181 0.708306 0.709140 0.711692 0.715994 0.722098 0.730082 0.740046 0.752123 0.766479 0.783316 0.802888 0.825502 0.851538 0.842112 0.823021 0.806677 0.792842 0.781325 0.771970 0.764657 0.759293 0.755812 0.754172 0.754352 0.756354 0.760204 0.765948 0.773657 0.783429 0.795392 0.809707 0.826574 0.846242 0.869012 0.895258 0.925438 0.960118 1.000000 0.986373 0.936786 0.893997 0.856920 0.824703 0.796671 0.772281 0.751096 0.732761 0.716985 0.703534 0.692214 0.682873 0.675385 0.669656 0.665567 0.653675 0.643723 0.635579 0.629134 0.624308 0.621040 0.619290 0.619037 0.620278 0.623028 0.627320 0.633208 0.640766 0.650092 0.661309 0.674575 0.690079 0.708060 0.728805 0.752670 0.780094 0.811621 0.847933 0.889890 0.924339 0.900666 0.880244 0.862759 0.847959 0.835637 0.825628 0.817803 0.812063 0.808337 0.806579 0.806768 0.808907 0.813020 0.819159 0.827400 0.837848 0.850638 0.865943 0.883978 0.905006 0.929353 0.904455 0.868026 0.836355 0.808793 0.784821 0.764016 0.746037 0.730604 0.717490 0.706511 0.697517 0.690392 0.685045 0.681409 0.679439 0.679113 0.680424 0.683391 0.688048 1801.500000 1.144922 0.843102
0.808337 0.806579 0.806768 0.808907 0.813020 0.819159 0.827400 0.837848 0.850638 0.865943 0.883978 0.905006 0.929353 0.904455 0.868026 0.836355 0.808793 0.784821 0.764016 0.746037 0.730604 0.717490 0.706511 0.697517 0.690392 0.685045 0.681409 0.679439 0.679113 0.680424 0.683391 0.688048 0.694454 0.702689 0.712859 0.725101 0.730297 0.722267 0.716119 0.711775 0.709181 0.708306 0.709140 0.711692 0.715994 0.722098 0.730082 0.740046 0.752123 0.766479 0.783316 0.802888 0.825502 0.851538 0.842112 0.823021 0.806677 0.792842 0.781325 0.771970 0.764657 0.759293 0.755812 0.754172 0.754352 0.756354 0.760204 0.765948 0.773657 0.783429 0.795392 0.809707 0.826574 0.846242 0.869012 0.895258 0.925438 0.960118 1.000000 0.986373 0.936786 0.893997 0.856920 0.824703 0.796671 0.772281 0.751096 0.732761 0.716985 0.703534 0.692214 0.682873 0.675385 0.669656 0.665567 0.653675 0.643723 0.635579 0.629134 0.624308 0.621040 0.619290 0.619037 0.620278 0.623028 0.627320 0.633208 0.640766 0.650092 0.661309 0.674575 0.690079 0.708060 0.728805 0.752670 0.780094 0.811621 0.847933 0.889890 0.924339 0.900666 0.880244 0.862759 0.847959 0.835637 0.825628 0.817803 0.812063 1801.500000 1.144922 0.843102
0.643723 0.635579 0.629134 0.624308 0.621040 0.619290 0.619037 0.620278 0.623028 0.627320 0.633208 0.640766 0.650092 0.661309 0.674575 0.690079 0.708060 0.728805 0.752670 0.780094 0.811621 0.847933 0.889890 0.924339 0.900666 0.880244 0.862759 0.847959 0.835637 0.825628 0.817803 0.812063 0.808337 0.806579 0.806768 0.808907 0.813020 0.819159 0.827400 0.837848 0.850638 0.865943 0.883978 0.905006 0.929353 0.904455 0.868026 0.836355 0.808793 0.784821 0.764016 0.746037 0.730604 0.717490 0.706511 0.697517 0.690392 0.685045 0.681409 0.679439 0.679113 0.680424 0.683391 0.688048 0.694454 0.702689 0.712859 0.725101 0.730297 0.722267 0.716119 0.711775 0.709181 0.708306 0.709140 0.711692 0.715994 0.722098 0.730082 0.740046 0.752123 0.766479 0.783316 0.802888 0.825502 0.851538 0.842112 0.823021 0.806677 0.792842 0.781325 0.771970 0.764657 0.759293 0.755812 0.754172 0.754352 0.756354 0.760204 0.765948 0.773657 0.783429 0.795392 0.809707 0.826574 0.846242 0.869012 0.895258 0.925438 0.960118 1.000000 0.986373 0.936786 0.893997 0.856920 0.824703 0.796671 0.772281 0.751096 0.732761 0.716985 0.703534 0.692214 0.682873 0.675385 0.669656 0.665567 0.653675 1801.500000 1.144922 0.843102
0.754352 0.756354 0.760204 0.765948 0.773657 0.783429 0.795392 0.809707 0.826574 0.846242 0.869012 0.895258 0.925438 0.960118 1.000000 0.986373 0.936786 0.893997 0.856920 0.824703 0.796671 0.772281 0.751096 0.732761 0.716985 0.703534 0.692214 0.682873 0.675385 0.669656 0.665567 0.653675 0.643723 0.635579 0.629134 0.624308 0.621040 0.619290 0.619037 0.620278 0.623028 0.627320 0.633208 0.640766 0.650092 0.661309 0.674575 0.690079 0.708060 0.728805 0.752670 0.780094 0.811621 0.847933 0.889890 0.924339 0.900666 0.880244 0.862759 0.847959 0.835637 0.825628 0.817803 0.812063 0.808337 0.806579 0.806768 0.808907 0.813020 0.819159 0.827400 0.837848 0.850638 0.865943 0.883978 0.905006 0.929353 0.904455 0.868026 0.836355 0.808793 0.784821 0.764016 0.746037 0.730604 0.717490 0.706511 0.697517 0.690392 0.685045 0.681409 0.679439 0.679113 0.680424 0.683391 0.688048 0.694454 0.702689 0.712859 0.725101 0.730297 0.722267 0.716119 0.711775 0.709181 0.708306 0.709140 0.711692 0.715994 0.722098 0.730082 0.740046 0.752123 0.766479 0.783316 0.802888 0.825502 0.851538 0.842112 0.823021 0.806677 0.792842 0.781325 0.771970 0.764657 0.759293 0.755812 0.754172 1801.500000 1.144922 0.843102
0.908500 0.987192 1.000000 0.937992 0.885233 0.840009 0.801017 0.767250 0.737921 0.712405 0.690202 0.670908 0.654197 0.639754 0.612791 0.589372 0.568997 0.551267 0.535861 0.522517 0.511023 0.501205 0.492922 0.486061 0.480529 0.476257 0.473190 0.471290 0.470534 0.470914 0.472433 0.475110 0.478978 0.484086 0.490498 0.498298 0.507594 0.518240 0.522344 0.527796 0.534665 0.543040 0.553035 0.564791 0.578482 0.594320 0.612568 0.633546 0.657652 0.685381 0.717356 0.754367 0.797431 0.784449 0.762930 0.744305 0.728281 0.714618 0.703120 0.693631 0.686026 0.680206 0.676100 0.673656 0.672844 0.673656 0.676100 0.680206 0.686026 0.693631 0.703120 0.714618 0.728281 0.744305 0.762930 0.757512 0.732075 0.709946 0.690731 0.674110 0.659822 0.647656 0.637437 0.629028 0.622317 0.617220 0.613672 0.611629 0.611067 0.611979 0.614376 0.618287 0.623761 0.628469 0.604278 0.583232 0.564919 0.549003 0.535213 0.523329 0.513170 0.504591 0.497473 0.491721 0.487261 0.484036 0.482008 0.481151 0.481454 0.482923 0.485515 0.489209 0.494159 0.500428 0.508098 0.517273 0.528081 0.540680 0.555265 0.572076 0.591405 0.613616 0.639161 0.668605 0.702668 0.742272 0.788620 0.843309 1359.000000 1.363460 0.755045
0.564919 0.549003 0.535213 0.523329 0.513170 0.504591 0.497473 0.491721 0.487261 0.484036 0.482008 0.481151 0.481454 0.482923 0.485515 0.489209 0.494159 0.500428 0.508098 0.517273 0.528081 0.540680 0.555265 0.572076 0.591405 0.613616 0.639161 0.668605 0.702668 0.742272 0.788620 0.843309 0.908500 0.987192 1.000000 0.937992 0.885233 0.840009 0.801017 0.767250 0.737921 0.712405 0.690202 0.670908 0.654197 0.639754 0.612791 0.589372 0.568997 0.551267 0.535861 0.522517 0.511023 0.501205 0.492922 0.486061 0.480529 0.476257 0.473190 0.471290 0.470534 0.470914 0.472433 0.475110 0.478978 0.484086 0.490498 0.498298 0.507594 0.518240 0.522344 0.527796 0.534665 0.543040 0.553035 0.564791 0.578482 0.594320 0.612568 0.633546 0.657652 0.685381 0.717356 0.754367 0.797431 0.784449 0.762930 0.744305 0.728281 0.714618 0.703120 0.693631 0.686026 0.680206 0.676100 0.673656 0.672844 0.673656 0.676100 0.680206 0.686026 0.693631 0.703120 0.714618 0.728281 0.744305 0.762930 0.757512 0.732075 0.709946 0.690731 0.674110 0.659822 0.647656 0.637437 0.629028 0.622317 0.617220 0.613672 0.611629 0.611067 0.611979 0.614376 0.618287 0.623761 0.628469 0.604278 0.583232 1359.000000 1.363460 0.755045
0.672844 0.673656 0.676100 0.680206 0.686026 0.693631 0.703120 0.714618 0.728281 0.744305 0.762930 0.757512 0.732075 0.709946 0.690731 0.674110 0.659822 0.647656 0.637437 0.629028 0.622317 0.617220 0.613672 0.611629 0.611067 0.611979 0.614376 0.618287 0.623761 0.628469 0.604278 0.583232 0.564919 0.549003 0.535213 0.523329 0.513170 0.504591 0.497473 0.491721 0.487261 0.484036 0.482008 0.481151 0.481454 0.482923 0.485515 0.489209 0.494159 0.500428 0.508098 0.517273 0.528081 0.540680 0.555265 0.572076 0.591405 0.613616 0.639161 0.668605 0.702668 0.742272 0.788620 0.843309 0.908500 0.987192 1.000000 0.937992 0.885233 0.840009 0.801017 0.767250 0.737921 0.712405 0.690202 0.670908 0.654197 0.639754 0.612791 0.589372 0.568997 0.551267 0.535861 0.522517 0.511023 0.501205 0.492922 0.486061 0.480529 0.476257 0.473190 0.471290 0.470534 0.470914 0.472433 0.475110 0.478978 0.484086 0.490498 0.498298 0.507594 0.518240 0.522344 0.527796 0.534665 0.543040 0.553035 0.564791 0.578482 0.594320 0.612568 0.633546 0.657652 0.685381 0.717356 0.754367 0.797431 0.784449 0.762930 0.744305 0.728281 0.714618 0.703120 0.693631 0.686026 0.680206 0.676100 0.673656 1359.000000 1.363460 0.755045
0.478978 0.484086 0.490498 0.498298 0.507594 0.518240 0.522344 0.527796 0.534665 0.543040 0.553035 0.564791 0.578482 0.594320 0.612568 0.633546 0.657652 0.685381 0.717356 0.754367 0.797431 0.784449 0.762930 0.744305 0.728281 0.714618 0.703120 0.693631 0.686026 0.680206 0.676100 0.673656 0.672844 0.673656 0.676100 0.680206 0.686026 0.693631 0.703120 0.714618 0.728281 0.744305 0.762930 0.757512 0.732075 0.709946 0.690731 0.674110 0.659822 0.647656 0.637437 0.629028 0.622317 0.617220 0.613672 0.611629 0.611067 0.611979 0.614376 0.618287 0.623761 0.628469 0.604278 0.583232 0.564919 0.549003 0.535213 0.523329 0.513170 0.504591 0.497473 0.491721 0.487261 0.484036 0.482008 0.481151 0.481454 0.482923 0.485515 0.489209 0.494159 0.500428 0.508098 0.517273 0.528081 0.540680 0.555265 0.572076 0.591405 0.613616 0.639161 0.668605 0.702668 0.742272 0.788620 0.843309 0.908500 0.987192 1.000000 0.937992 0.885233 0.840009 0.801017 0.767250 0.737921 0.712405 0.690202 0.670908 0.654197 0.639754 0.612791 0.589372 0.568997 0.551267 0.535861 0.522517 0.511023 0.501205 0.492922 0.486061 0.480529 0.476257 0.473190 0.471290 0.470534 0.470914 0.472433 0.475110 1359.000000 1.363460 0.755045
0.758474 0.720806 0.688283 0.660089 0.635585 0.614263 0.595713 0.579606 0.565673 0.553698 0.543501 0.534939 0.527894 0.522274 0.518007 0.515040 0.513337 0.512876 0.513652 0.515675 0.518969 0.523575 0.529551 0.536973 0.545940 0.556575 0.569031 0.583495 0.600197 0.619420 0.641511 0.666903 0.696133 0.729883 0.769018 0.814662 0.868289 0.931878 1.000000 0.938386 0.885934 0.840955 0.802161 0.768558 0.739367 0.713969 0.691870 0.672669 0.656044 0.641729 0.629509 0.619210 0.610690 0.603836 0.598561 0.594797 0.592499 0.591638 0.592205 0.594205 0.597664 0.602623 0.609145 0.617314 0.627236 0.639046 0.652914 0.669043 0.687689 0.709162 0.733843 0.744534 0.725844 0.709737 0.695970 0.684344 0.674699 0.666907 0.660866 0.656501 0.653758 0.652603 0.653023 0.655023 0.658626 0.663877 0.670842 0.679609 0.690293 0.703040 0.718028 0.735480 0.755667 0.770705 0.743611 0.720033 0.699538 0.681774 0.666456 0.653351 0.642268 0.633055 0.625588 0.619771 0.615530 0.612813 0.611587 0.611837 0.613566 0.616794 0.621562 0.627930 0.635976 0.645808 0.657557 0.671390 0.687508 0.706163 0.727660 0.752377 0.780778 0.813445 0.851104 0.894680 0.945359 0.914588 0.853762 0.802334 5018.000000 1.134679 0.733607
0.699538 0.681774 0.666456 0.653351 0.642268 0.633055 0.625588 0.619771 0.615530 0.612813 0.611587 0.611837 0.613566 0.616794 0.621562 0.627930 0.635976 0.645808 0.657557 0.671390 0.687508 0.706163 0.727660 0.752377 0.780778 0.813445 0.851104 0.894680 0.945359 0.914588 0.853762 0.802334 0.758474 0.720806 0.688283 0.660089 0.635585 0.614263 0.595713 0.579606 0.565673 0.553698 0.543501 0.534939 0.527894 0.522274 0.518007 0.515040 0.513337 0.512876 0.513652 0.515675 0.518969 0.523575 0.529551 0.536973 0.545940 0.556575 0.569031 0.583495 0.600197 0.619420 0.641511 0.666903 0.696133 0.729883 0.769018 0.814662 0.868289 0.931878 1.000000 0.938386 0.885934 0.840955 0.802161 0.768558 0.739367 0.713969 0.691870 0.672669 0.656044 0.641729 0.629509 0.619210 0.610690 0.603836 0.598561 0.594797 0.592499 0.591638 0.592205 0.594205 0.597664 0.602623 0.609145 0.617314 0.627236 0.639046 0.652914 0.669043 0.687689 0.709162 0.733843 0.744534 0.725844 0.709737 0.695970 0.684344 0.674699 0.666907 0.660866 0.656501 0.653758 0.652603 0.653023 0.655023 0.658626 0.663877 0.670842 0.679609 0.690293 0.703040 0.718028 0.735480 0.755667 0.770705 0.743611 0.720033 5018.000000 1.134679 0.733607
0.627236 0.639046 0.652914 0.669043 0.687689 0.709162 0.733843 0.744534 0.725844 0.709737 0.695970 0.684344 0.674699 0.666907 0.660866 0.656501 0.653758 0.652603 0.653023 0.655023 0.658626 0.663877 0.670842 0.679609 0.690293 0.703040 0.718028 0.735480 0.755667 0.770705 0.743611 0.720033 0.699538 0.681774 0.666456 0.653351 0.642268 0.633055 0.625588 0.619771 0.615530 0.612813 0.611587 0.611837 0.613566 0.616794 0.621562 0.627930 0.635976 0.645808 0.657557 0.671390 0.687508 0.706163 0.727660 0.752377 0.780778 0.813445 0.851104 0.894680 0.945359 0.914588 0.853762 0.802334 0.758474 0.720806 0.688283 0.660089 0.635585 0.614263 0.595713 0.579606 0.565673 0.553698 0.543501 0.534939 0.527894 0.522274 0.518007 0.515040 0.513337 0.512876 0.513652 0.515675 0.518969 0.523575 0.529551 0.536973 0.545940 0.556575 0.569031 0.583495 0.600197 0.619420 0.641511 0.666903 0.696133 0.729883 0.769018 0.814662 0.868289 0.931878 1.000000 0.938386 0.885934 0.840955 0.802161 0.768558 0.739367 0.713969 0.691870 0.672669 0.656044 0.641729 0.629509 0.619210 0.610690 0.603836 0.598561 0.594797 0.592499 0.591638 0.592205 0.594205 0.597664 0.602623 0.609145 0.617314 5018.000000 1.134679 0.733607
0.696133 0.729883 0.769018 0.814662 0.868289 0.931878 1.000000 0.938386 0.885934 0.840955 0.802161 0.768558 0.739367 0.713969 0.691870 0.672669 0.656044 0.641729 0.629509 0.619210 0.610690 0.603836 0.598561 0.594797 0.592499 0.591638 0.592205 0.594205 0.597664 0.602623 0.609145 0.617314 0.627236 0.639046 0.652914 0.669043 0.687689 0.709162 0.733843 0.744534 0.725844 0.709737 0.695970 0.684344 0.674699 0.666907 0.660866 0.656501 0.653758 0.652603 0.653023 0.655023 0.658626 0.663877 0.670842 0.679609 0.690293 0.703040 0.718028 0.735480 0.755667 0.770705 0.743611 0.720033 0.699538 0.681774 0.666456 0.653351 0.642268 0.633055 0.625588 0.619771 0.615530 0.612813 0.611587 0.611837 0.613566 0.616794 0.621562 0.627930 0.635976 0.645808 0.657557 0.671390 0.687508 0.706163 0.727660 0.752377 0.780778 0.813445 0.851104 0.894680 0.945359 0.914588 0.853762 0.802334 0.758474 0.720806 0.688283 0.660089 0.635585 0.614263 0.595713 0.579606 0.565673 0.553698 0.543501 0.534939 0.527894 0.522274 0.518007 0.515040 0.513337 0.512876 0.513652 0.515675 0.518969 0.523575 0.529551 0.536973 0.545940 0.556575 0.569031 0.583495 0.600197 0.619420 0.641511 0.666903 5018.000000 1.134679 0.733607
0.672834 0.648245 0.626846 0.608233 0.592079 0.578117 0.566132 0.555945 0.547414 0.540422 0.534880 0.530716 0.527878 0.526331 0.526057 0.527052 0.529329 0.532915 0.537854 0.544209 0.552062 0.561517 0.572706 0.585789 0.600966 0.618480 0.638630 0.661785 0.688404 0.719058 0.754472 0.795570 0.843553 0.900004 0.944283 0.895678 0.853788 0.817522 0.786028 0.758631 0.734790 0.714069 0.696116 0.680643 0.667416 0.656244 0.646972 0.639479 0.633665 0.629460 0.626810 0.625683 0.626066 0.627963 0.631397 0.636410 0.643066 0.651448 0.661666 0.673860 0.688200 0.704899 0.724217 0.746472 0.772058 0.801459 0.818180 0.790654 0.766707 0.745912 0.727922 0.712456 0.699283 0.688216 0.679104 0.671828 0.666295 0.662434 0.660200 0.659563 0.660518 0.663076 0.667267 0.673143 0.680778 0.690271 0.701746 0.715362 0.731314 0.716577 0.694519 0.675357 0.658768 0.644490 0.632308 0.622050 0.613573 0.606767 0.601543 0.597836 0.595601 0.594810 0.595454 0.597540 0.601094 0.606159 0.612800 0.621100 0.631170 0.643147 0.657201 0.673541 0.692426 0.714170 0.739163 0.767885 0.800937 0.839075 0.883261 0.934736 0.995128 1.000000 0.927531 0.866802 0.815381 0.771474 0.733731 0.701119 6042.000000 1.149968 0.734313
0.613573 0.606767 0.601543 0.597836 0.595601 0.594810 0.595454 0.597540 0.601094 0.606159 0.612800 0.621100 0.631170 0.643147 0.657201 0.673541 0.692426 0.714170 0.739163 0.767885 0.800937 0.839075 0.883261 0.934736 0.995128 1.000000 0.927531 0.866802 0.815381 0.771474 0.733731 0.701119 0.672834 0.648245 0.626846 0.608233 0.592079 0.578117 0.566132 0.555945 0.547414 0.540422 0.534880 0.530716 0.527878 0.526331 0.526057 0.527052 0.529329 0.532915 0.537854 0.544209 0.552062 0.561517 0.572706 0.585789 0.600966 0.618480 0.638630 0.661785 0.688404 0.719058 0.754472 0.795570 0.843553 0.900004 0.944283 0.895678 0.853788 0.817522 0.786028 0.758631 0.734790 0.714069 0.696116 0.680643 0.667416 0.656244 0.646972 0.639479 0.633665 0.629460 0.626810 0.625683 0.626066 0.627963 0.631397 0.636410 0.643066 0.651448 0.661666 0.673860 0.688200 0.704899 0.724217 0.746472 0.772058 0.801459 0.818180 0.790654 0.766707 0.745912 0.727922 0.712456 0.699283 0.688216 0.679104 0.671828 0.666295 0.662434 0.660200 0.659563 0.660518 0.663076 0.667267 0.673143 0.680778 0.690271 0.701746 0.715362 0.731314 0.716577 0.694519 0.675357 0.658768 0.644490 0.632308 0.622050 6042.000000 1.149968 0.734313
0.772058 0.801459 0.818180 0.790654 0.766707 0.745912 0.727922 0.712456 0.699283 0.688216 0.679104 0.671828 0.666295 0.662434 0.660200 0.659563 0.660518 0.663076 0.667267 0.673143 0.680778 0.690271 0.701746 0.715362 0.731314 0.716577 0.694519 0.675357 0.658768 0.644490 0.632308 0.622050 0.613573 0.606767 0.601543 0.597836 0.595601 0.594810 0.595454 0.597540 0.601094 0.606159 0.612800 0.621100 0.631170 0.643147 0.657201 0.673541 0.692426 0.714170 0.739163 0.767885 0.800937 0.839075 0.883261 0.934736 0.995128 1.000000 0.927531 0.866802 0.815381 0.771474 0.733731 0.701119 0.672834 0.648245 0.626846 0.608233 0.592079 0.578117 0.566132 0.555945 0.547414 0.540422 0.534880 0.530716 0.527878 0.526331 0.526057 0.527052 0.529329 0.532915 0.537854 0.544209 0.552062 0.561517 0.572706 0.585789 0.600966 0.618480 0.638630 0.661785 0.688404 0.719058 0.754472 0.795570 0.843553 0.900004 0.944283 0.895678 0.853788 0.817522 0.786028 0.758631 0.734790 0.714069 0.696116 0.680643 0.667416 0.656244 0.646972 0.639479 0.633665 0.629460 0.626810 0.625683 0.626066 0.627963 0.631397 0.636410 0.643066 0.651448 0.661666 0.673860 0.688200 0.704899 0.724217 0.746472 6042.000000 1.149968 0.734313
0.843553 0.900004 0.944283 0.895678 0.853788 0.817522 0.786028 0.758631 0.734790 0.714069 0.696116 0.680643 0.667416 0.656244 0.646972 0.639479 0.633665 0.629460 0.626810 0.625683 0.626066 0.627963 0.631397 0.636410 0.643066 0.651448 0.661666 0.673860 0.688200 0.704899 0.724217 0.746472 0.772058 0.801459 0.818180 0.790654 0.766707 0.745912 0.727922 0.712456 0.699283 0.688216 0.679104 0.671828 0.666295 0.662434 0.660200 0.659563 0.660518 0.663076 0.667267 0.673143 0.680778 0.690271 0.701746 0.715362 0.731314 0.716577 0.694519 0.675357 0.658768 0.644490 0.632308 0.622050 0.613573 0.606767 0.601543 0.597836 0.595601 0.594810 0.595454 0.597540 0.601094 0.606159 0.612800 0.621100 0.631170 0.643147 0.657201 0.673541 0.692426 0.714170 0.739163 0.767885 0.800937 0.839075 0.883261 0.934736 0.995128 1.000000 0.927531 0.866802 0.815381 0.771474 0.733731 0.701119 0.672834 0.648245 0.626846 0.608233 0.592079 0.578117 0.566132 0.555945 0.547414 0.540422 0.534880 0.530716 0.527878 0.526331 0.526057 0.527052 0.529329 0.532915 0.537854 0.544209 0.552062 0.561517 0.572706 0.585789 0.600966 0.618480 0.638630 0.661785 0.688404 0.719058 0.754472 0.795570 6042.000000 1.149968 0.734313
0.842714 0.913542 1.000000 0.947258 0.888012 0.837641 0.794488 0.757299 0.725105 0.697147 0.672826 0.651661 0.633267 0.617329 0.603591 0.591847 0.581926 0.573692 0.567034 0.561867 0.558126 0.555764 0.554753 0.555081 0.556751 0.559784 0.564216 0.570104 0.577522 0.586567 0.597362 0.610059 0.624846 0.641952 0.661660 0.684317 0.661362 0.636660 0.615165 0.596464 0.580223 0.566171 0.554086 0.543790 0.535134 0.528002 0.522300 0.517954 0.514909 0.513129 0.512592 0.513292 0.515236 0.518449 0.522970 0.528856 0.536182 0.545045 0.555568 0.567899 0.582225 0.598773 0.617820 0.639711 0.664871 0.693830 0.727259 0.766011 0.811190 0.864244 0.920505 0.876162 0.837821 0.804551 0.775620 0.750443 0.728549 0.709557 0.693157 0.679097 0.667172 0.657214 0.649090 0.642694 0.637944 0.634783 0.633170 0.633086 0.634531 0.637522 0.642096 0.648309 0.633345 0.605403 0.581163 0.560086 0.541744 0.525792 0.511951 0.499993 0.489734 0.481024 0.473738 0.467781 0.463073 0.459555 0.457183 0.455928 0.455775 0.456722 0.458781 0.461976 0.466348 0.471950 0.478857 0.487160 0.496974 0.508442 0.521738 0.537077 0.554722 0.574998 0.598308 0.625158 0.656187 0.692210 0.734291 0.783830 731.500000 1.545069 0.711582
0.541744 0.525792 0.511951 0.499993 0.489734 0.481024 0.473738 0.467781 0.463073 0.459555 0.457183 0.455928 0.455775 0.456722 0.458781 0.461976 0.466348 0.471950 0.478857 0.487160 0.496974 0.508442 0.521738 0.537077 0.554722 0.574998 0.598308 0.625158 0.656187 0.692210 0.734291 0.783830 0.842714 0.913542 1.000000 0.947258 0.888012 0.837641 0.794488 0.757299 0.725105 0.697147 0.672826 0.651661 0.633267 0.617329 0.603591 0.591847 0.581926 0.573692 0.567034 0.561867 0.558126 0.555764 0.554753 0.555081 0.556751 0.559784 0.564216 0.570104 0.577522 0.586567 0.597362 0.610059 0.624846 0.641952 0.661660 0.684317 0.661362 0.636660 0.615165 0.596464 0.580223 0.566171 0.554086 0.543790 0.535134 0.528002 0.522300 0.517954 0.514909 0.513129 0.512592 0.513292 0.515236 0.518449 0.522970 0.528856 0.536182 0.545045 0.555568 0.567899 0.582225 0.598773 0.617820 0.639711 0.664871 0.693830 0.727259 0.766011 0.811190 0.864244 0.920505 0.876162 0.837821 0.804551 0.775620 0.750443 0.728549 0.709557 0.693157 0.679097 0.667172 0.657214 0.649090 0.642694 0.637944 0.634783 0.633170 0.633086 0.634531 0.637522 0.642096 0.648309 0.633345 0.605403 0.581163 0.560086 731.500000 1.545069 0.711582
0.664871 0.693830 0.727259 0.766011 0.811190 0.864244 0.920505 0.876162 0.837821 0.804551 0.775620 0.750443 0.728549 0.709557 0.693157 0.679097 0.667172 0.657214 0.649090 0.642694 0.637944 0.634783 0.633170 0.633086 0.634531 0.637522 0.642096 0.648309 0.633345 0.605403 0.581163 0.560086 0.541744 0.525792 0.511951 0.499993 0.489734 0.481024 0.473738 0.467781 0.463073 0.459555 0.457183 0.455928 0.455775 0.456722 0.458781 0.461976 0.466348 0.471950 0.478857 0.487160 0.496974 0.508442 0.521738 0.537077 0.554722 0.574998 0.598308 0.625158 0.656187 0.692210 0.734291 0.783830 0.842714 0.913542 1.000000 0.947258 0.888012 0.837641 0.794488 0.757299 0.725105 0.697147 0.672826 0.651661 0.633267 0.617329 0.603591 0.591847 0.581926 0.573692 0.567034 0.561867 0.558126 0.555764 0.554753 0.555081 0.556751 0.559784 0.564216 0.570104 0.577522 0.586567 0.597362 0.610059 0.624846 0.641952 0.661660 0.684317 0.661362 0.636660 0.615165 0.596464 0.580223 0.566171 0.554086 0.543790 0.535134 0.528002 0.522300 0.517954 0.514909 0.513129 0.512592 0.513292 0.515236 0.518449 0.522970 0.528856 0.536182 0.545045 0.555568 0.567899 0.582225 0.598773 0.617820 0.639711 731.500000 1.545069 0.711582
0.624846 0.641952 0.661660 0.684317 0.661362 0.636660 0.615165 0.596464 0.580223 0.566171 0.554086 0.543790 0.535134 0.528002 0.522300 0.517954 0.514909 0.513129 0.512592 0.513292 0.515236 0.518449 0.522970 0.528856 0.536182 0.545045 0.555568 0.567899 0.582225 0.598773 0.617820 0.639711 0.664871 0.693830 0.727259 0.766011 0.811190 0.864244 0.920505 0.876162 0.837821 0.804551 0.775620 0.750443 0.728549 0.709557 0.693157 0.679097 0.667172 0.657214 0.649090 0.642694 0.637944 0.634783 0.633170 0.633086 0.634531 0.637522 0.642096 0.648309 0.633345 0.605403 0.581163 0.560086 0.541744 0.525792 0.511951 0.499993 0.489734 0.481024 0.473738 0.467781 0.463073 0.459555 0.457183 0.455928 0.455775 0.456722 0.458781 0.461976 0.466348 0.471950 0.478857 0.487160 0.496974 0.508442 0.521738 0.537077 0.554722 0.574998 0.598308 0.625158 0.656187 0.692210 0.734291 0.783830 0.842714 0.913542 1.000000 0.947258 0.888012 0.837641 0.794488 0.757299 0.725105 0.697147 0.672826 0.651661 0.633267 0.617329 0.603591 0.591847 0.581926 0.573692 0.567034 0.561867 0.558126 0.555764 0.554753 0.555081 0.556751 0.559784 0.564216 0.570104 0.577522 0.586567 0.597362 0.610059 731.500000 1.545069 0.711582
0.521632 0.505482 0.491451 0.479301 0.468839 0.459909 0.452382 0.446155 0.441145 0.437289 0.434537 0.432855 0.432224 0.432636 0.434095 0.436619 0.440240 0.445002 0.450967 0.458212 0.466837 0.476965 0.488745 0.502362 0.518044 0.536069 0.556784 0.580619 0.608117 0.639966 0.677058 0.720556 0.772015 0.833552 0.908126 1.000000 0.919910 0.848572 0.789266 0.739374 0.696993 0.660713 0.629465 0.602424 0.578949 0.558529 0.540759 0.525312 0.511921 0.500372 0.490488 0.482125 0.475169 0.469526 0.465122 0.461903 0.459828 0.458872 0.459024 0.460285 0.462670 0.466210 0.470947 0.476943 0.484274 0.493041 0.503367 0.515402 0.529333 0.545389 0.563850 0.585063 0.581649 0.572115 0.564226 0.557877 0.552986 0.549493 0.547354 0.546544 0.547051 0.548883 0.552062 0.556627 0.562635 0.570162 0.579308 0.590197 0.602983 0.617858 0.635053 0.654856 0.677619 0.703777 0.733875 0.768597 0.770794 0.740541 0.714228 0.691329 0.671420 0.654158 0.639262 0.626506 0.615703 0.606702 0.599385 0.593655 0.589440 0.586688 0.585365 0.585455 0.586960 0.589897 0.594302 0.600231 0.607758 0.616982 0.628026 0.641045 0.656230 0.673814 0.685634 0.647302 0.614431 0.586081 0.561524 0.540192 4125.000000 1.520620 0.702857
0.770794 0.740541 0.714228 0.691329 0.671420 0.654158 0.639262 0.626506 0.615703 0.606702 0.599385 0.593655 0.589440 0.586688 0.585365 0.585455 0.586960 0.589897 0.594302 0.600231 0.607758 0.616982 0.628026 0.641045 0.656230 0.673814 0.685634 0.647302 0.614431 0.586081 0.561524 0.540192 0.521632 0.505482 0.491451 0.479301 0.468839 0.459909 0.452382 0.446155 0.441145 0.437289 0.434537 0.432855 0.432224 0.432636 0.434095 0.436619 0.440240 0.445002 0.450967 0.458212 0.466837 0.476965 0.488745 0.502362 0.518044 0.536069 0.556784 0.580619 0.608117 0.639966 0.677058 0.720556 0.772015 0.833552 0.908126 1.000000 0.919910 0.848572 0.789266 0.739374 0.696993 0.660713 0.629465 0.602424 0.578949 0.558529 0.540759 0.525312 0.511921 0.500372 0.490488 0.482125 0.475169 0.469526 0.465122 0.461903 0.459828 0.458872 0.459024 0.460285 0.462670 0.466210 0.470947 0.476943 0.484274 0.493041 0.503367 0.515402 0.529333 0.545389 0.563850 0.585063 0.581649 0.572115 0.564226 0.557877 0.552986 0.549493 0.547354 0.546544 0.547051 0.548883 0.552062 0.556627 0.562635 0.570162 0.579308 0.590197 0.602983 0.617858 0.635053 0.654856 0.677619 0.703777 0.733875 0.768597 4125.000000 1.520620 0.702857
0.484274 0.493041 0.503367 0.515402 0.529333 0.545389 0.563850 0.585063 0.581649 0.572115 0.564226 0.557877 0.552986 0.549493 0.547354 0.546544 0.547051 0.548883 0.552062 0.556627 0.562635 0.570162 0.579308 0.590197 0.602983 0.617858 0.635053 0.654856 0.677619 0.703777 0.733875 0.768597 0.770794 0.740541 0.714228 0.691329 0.671420 0.654158 0.639262 0.626506 0.615703 0.606702 0.599385 0.593655 0.589440 0.586688 0.585365 0.585455 0.586960 0.589897 0.594302 0.600231 0.607758 0.616982 0.628026 0.641045 0.656230 0.673814 0.685634 0.647302 0.614431 0.586081 0.561524 0.540192 0.521632 0.505482 0.491451 0.479301 0.468839 0.459909 0.452382 0.446155 0.441145 0.437289 0.434537 0.432855 0.432224 0.432636 0.434095 0.436619 0.440240 0.445002 0.450967 0.458212 0.466837 0.476965 0.488745 0.502362 0.518044 0.536069 0.556784 0.580619 0.608117 0.639966 0.677058 0.720556 0.772015 0.833552 0.908126 1.000000 0.919910 0.848572 0.789266 0.739374 0.696993 0.660713 0.629465 0.602424 0.578949 0.558529 0.540759 0.525312 0.511921 0.500372 0.490488 0.482125 0.475169 0.469526 0.465122 0.461903 0.459828 0.458872 0.459024 0.460285 0.462670 0.466210 0.470947 0.476943 4125.000000 1.520620 0.702857
0.772015 0.833552 0.908126 1.000000 0.919910 0.848572 0.789266 0.739374 0.696993 0.660713 0.629465 0.602424 0.578949 0.558529 0.540759 0.525312 0.511921 0.500372 0.490488 0.482125 0.475169 0.469526 0.465122 0.461903 0.459828 0.458872 0.459024 0.460285 0.462670 0.466210 0.470947 0.476943 0.484274 0.493041 0.503367 0.515402 0.529333 0.545389 0.563850 0.585063 0.581649 0.572115 0.564226 0.557877 0.552986 0.549493 0.547354 0.546544 0.547051 0.548883 0.552062 0.556627 0.562635 0.570162 0.579308 0.590197 0.602983 0.617858 0.635053 0.654856 0.677619 0.703777 0.733875 0.768597 0.770794 0.740541 0.714228 0.691329 0.671420 0.654158 0.639262 0.626506 0.615703 0.606702 0.599385 0.593655 0.589440 0.586688 0.585365 0.585455 0.586960 0.589897 0.594302 0.600231 0.607758 0.616982 0.628026 0.641045 0.656230 0.673814 0.685634 0.647302 0.614431 0.586081 0.561524 0.540192 0.521632 0.505482 0.491451 0.479301 0.468839 0.459909 0.452382 0.446155 0.441145 0.437289 0.434537 0.432855 0.432224 0.432636 0.434095 0.436619 0.440240 0.445002 0.450967 0.458212 0.466837 0.476965 0.488745 0.502362 0.518044 0.536069 0.556784 0.580619 0.608117 0.639966 0.677058 0.720556 4125.000000 1.520620 0.702857
0.462350 0.464810 0.468431 0.473259 0.479319 0.482194 0.486283 0.491636 0.498322 0.506430 0.516069 0.527378 0.540525 0.555716 0.573208 0.593312 0.616417 0.643005 0.673688 0.709239 0.750660 0.799265 0.856807 0.925680 1.000000 0.940435 0.889590 0.845894 0.808145 0.775410 0.746953 0.722188 0.700648 0.681950 0.665786 0.651905 0.640102 0.630209 0.622094 0.615649 0.610793 0.607465 0.605624 0.605247 0.606331 0.608889 0.612951 0.618567 0.625810 0.634771 0.645570 0.658357 0.673315 0.690671 0.692121 0.669093 0.649061 0.631672 0.616636 0.603721 0.592734 0.583520 0.575954 0.569938 0.565394 0.562266 0.560516 0.560121 0.561077 0.563397 0.567107 0.572255 0.578904 0.587141 0.597074 0.608842 0.622613 0.638595 0.657043 0.678273 0.672055 0.662025 0.653841 0.647398 0.642614 0.639429 0.637804 0.637720 0.639176 0.642189 0.646796 0.653054 0.661043 0.670865 0.682654 0.696572 0.712822 0.731654 0.753372 0.778351 0.807054 0.840056 0.878078 0.922032 0.973086 0.919390 0.848519 0.789558 0.739926 0.697746 0.661623 0.630501 0.603564 0.580175 0.559829 0.542123 0.526734 0.513396 0.501897 0.492061 0.483746 0.476837 0.471242 0.466888 0.463721 0.461701 0.460805 0.461020 1719.000000 1.334072 0.721733
0.712822 0.731654 0.753372 0.778351 0.807054 0.840056 0.878078 0.922032 0.973086 0.919390 0.848519 0.789558 0.739926 0.697746 0.661623 0.630501 0.603564 0.580175 0.559829 0.542123 0.526734 0.513396 0.501897 0.492061 0.483746 0.476837 0.471242 0.466888 0.463721 0.461701 0.460805 0.461020 0.462350 0.464810 0.468431 0.473259 0.479319 0.482194 0.486283 0.491636 0.498322 0.506430 0.516069 0.527378 0.540525 0.555716 0.573208 0.593312 0.616417 0.643005 0.673688 0.709239 0.750660 0.799265 0.856807 0.925680 1.000000 0.940435 0.889590 0.845894 0.808145 0.775410 0.746953 0.722188 0.700648 0.681950 0.665786 0.651905 0.640102 0.630209 0.622094 0.615649 0.610793 0.607465 0.605624 0.605247 0.606331 0.608889 0.612951 0.618567 0.625810 0.634771 0.645570 0.658357 0.673315 0.690671 0.692121 0.669093 0.649061 0.631672 0.616636 0.603721 0.592734 0.583520 0.575954 0.569938 0.565394 0.562266 0.560516 0.560121 0.561077 0.563397 0.567107 0.572255 0.578904 0.587141 0.597074 0.608842 0.622613 0.638595 0.657043 0.678273 0.672055 0.662025 0.653841 0.647398 0.642614 0.639429 0.637804 0.637720 0.639176 0.642189 0.646796 0.653054 0.661043 0.670865 0.682654 0.696572 1719.000000 1.334072 0.721733
0.565394 0.562266 0.560516 0.560121 0.561077 0.563397 0.567107 0.572255 0.578904 0.587141 0.597074 0.608842 0.622613 0.638595 0.657043 0.678273 0.672055 0.662025 0.653841 0.647398 0.642614 0.639429 0.637804 0.637720 0.639176 0.642189 0.646796 0.653054 0.661043 0.670865 0.682654 0.696572 0.712822 0.731654 0.753372 0.778351 0.807054 0.840056 0.878078 0.922032 0.973086 0.919390 0.848519 0.789558 0.739926 0.697746 0.661623 0.630501 0.603564 0.580175 0.559829 0.542123 0.526734 0.513396 0.501897 0.492061 0.483746 0.476837 0.471242 0.466888 0.463721 0.461701 0.460805 0.461020 0.462350 0.464810 0.468431 0.473259 0.479319 0.482194 0.486283 0.491636 0.498322 0.506430 0.516069 0.527378 0.540525 0.555716 0.573208 0.593312 0.616417 0.643005 0.673688 0.709239 0.750660 0.799265 0.856807 0.925680 1.000000 0.940435 0.889590 0.845894 0.808145 0.775410 0.746953 0.722188 0.700648 0.681950 0.665786 0.651905 0.640102 0.630209 0.622094 0.615649 0.610793 0.607465 0.605624 0.605247 0.606331 0.608889 0.612951 0.618567 0.625810 0.634771 0.645570 0.658357 0.673315 0.690671 0.692121 0.669093 0.649061 0.631672 0.616636 0.603721 0.592734 0.583520 0.575954 0.569938 1719.000000 1.334072 0.721733
0.700648 0.681950 0.665786 0.651905 0.640102 0.630209 0.622094 0.615649 0.610793 0.607465 0.605624 0.605247 0.606331 0.608889 0.612951 0.618567 0.625810 0.634771 0.645570 0.658357 0.673315 0.690671 0.692121 0.669093 0.649061 0.631672 0.616636 0.603721 0.592734 0.583520 0.575954 0.569938 0.565394 0.562266 0.560516 0.560121 0.561077 0.563397 0.567107 0.572255 0.578904 0.587141 0.597074 0.608842 0.622613 0.638595 0.657043 0.678273 0.672055 0.662025 0.653841 0.647398 0.642614 0.639429 0.637804 0.637720 0.639176 0.642189 0.646796 0.653054 0.661043 0.670865 0.682654 0.696572 0.712822 0.731654 0.753372 0.778351 0.807054 0.840056 0.878078 0.922032 0.973086 0.919390 0.848519 0.789558 0.739926 0.697746 0.661623 0.630501 0.603564 0.580175 0.559829 0.542123 0.526734 0.513396 0.501897 0.492061 0.483746 0.476837 0.471242 0.466888 0.463721 0.461701 0.460805 0.461020 0.462350 0.464810 0.468431 0.473259 0.479319 0.482194 0.486283 0.491636 0.498322 0.506430 0.516069 0.527378 0.540525 0.555716 0.573208 0.593312 0.616417 0.643005 0.673688 0.709239 0.750660 0.799265 0.856807 0.925680 1.000000 0.940435 0.889590 0.845894 0.808145 0.775410 0.746953 0.722188 1719.000000 1.334072 0.721733
0.908234 0.871282 0.839162 0.811211 0.786896 0.765787 0.747536 0.731856 0.718516 0.707326 0.698137 0.690825 0.685300 0.681490 0.679350 0.678854 0.679996 0.682789 0.687268 0.693488 0.701526 0.711488 0.723504 0.737741 0.754404 0.773744 0.789867 0.757613 0.729579 0.705184 0.683961 0.665536 0.649601 0.635907 0.624251 0.614469 0.606427 0.600020 0.595165 0.591803 0.589891 0.589408 0.590346 0.592717 0.596550 0.601893 0.608812 0.617396 0.627761 0.640047 0.654432 0.671132 0.690414 0.712604 0.738105 0.767417 0.801162 0.840129 0.885322 0.938042 1.000000 0.997944 0.942552 0.895029 0.854026 0.818501 0.787635 0.760779 0.737412 0.717113 0.699542 0.684421 0.671524 0.660665 0.651698 0.644502 0.638986 0.635081 0.632738 0.631929 0.632644 0.634892 0.638701 0.644116 0.651207 0.660063 0.670801 0.683569 0.698548 0.715961 0.736083 0.759251 0.785880 0.816483 0.816854 0.784159 0.755731 0.730992 0.709476 0.690807 0.674679 0.660842 0.649094 0.639269 0.631236 0.624889 0.620147 0.616951 0.615263 0.615062 0.616346 0.619129 0.623447 0.629351 0.636918 0.646245 0.657457 0.670708 0.686192 0.704144 0.724854 0.748678 0.776053 0.807526 0.843779 0.885673 0.934313 0.950852 1734.000000 1.251830 0.763626
0.755731 0.730992 0.709476 0.690807 0.674679 0.660842 0.649094 0.639269 0.631236 0.624889 0.620147 0.616951 0.615263 0.615062 0.616346 0.619129 0.623447 0.629351 0.636918 0.646245 0.657457 0.670708 0.686192 0.704144 0.724854 0.748678 0.776053 0.807526 0.843779 0.885673 0.934313 0.950852 0.908234 0.871282 0.839162 0.811211 0.786896 0.765787 0.747536 0.731856 0.718516 0.707326 0.698137 0.690825 0.685300 0.681490 0.679350 0.678854 0.679996 0.682789 0.687268 0.693488 0.701526 0.711488 0.723504 0.737741 0.754404 0.773744 0.789867 0.757613 0.729579 0.705184 0.683961 0.665536 0.649601 0.635907 0.624251 0.614469 0.606427 0.600020 0.595165 0.591803 0.589891 0.589408 0.590346 0.592717 0.596550 0.601893 0.608812 0.617396 0.627761 0.640047 0.654432 0.671132 0.690414 0.712604 0.738105 0.767417 0.801162 0.840129 0.885322 0.938042 1.000000 0.997944 0.942552 0.895029 0.854026 0.818501 0.787635 0.760779 0.737412 0.717113 0.699542 0.684421 0.671524 0.660665 0.651698 0.644502 0.638986 0.635081 0.632738 0.631929 0.632644 0.634892 0.638701 0.644116 0.651207 0.660063 0.670801 0.683569 0.698548 0.715961 0.736083 0.759251 0.785880 0.816483 0.816854 0.784159 1734.000000 1.251830 0.763626
0.854026 0.818501 0.787635 0.760779 0.737412 0.717113 0.699542 0.684421 0.671524 0.660665 0.651698 0.644502 0.638986 0.635081 0.632738 0.631929 0.632644 0.634892 0.638701 0.644116 0.651207 0.660063 0.670801 0.683569 0.698548 0.715961 0.736083 0.759251 0.785880 0.816483 0.816854 0.784159 0.755731 0.730992 0.709476 0.690807 0.674679 0.660842 0.649094 0.639269 0.631236 0.624889 0.620147 0.616951 0.615263 0.615062 0.616346 0.619129 0.623447 0.629351 0.636918 0.646245 0.657457 0.670708 0.686192 0.704144 0.724854 0.748678 0.776053 0.807526 0.843779 0.885673 0.934313 0.950852 0.908234 0.871282 0.839162 0.811211 0.786896 0.765787 0.747536 0.731856 0.718516 0.707326 0.698137 0.690825 0.685300 0.681490 0.679350 0.678854 0.679996 0.682789 0.687268 0.693488 0.701526 0.711488 0.723504 0.737741 0.754404 0.773744 0.789867 0.757613 0.729579 0.705184 0.683961 0.665536 0.649601 0.635907 0.624251 0.614469 0.606427 0.600020 0.595165 0.591803 0.589891 0.589408 0.590346 0.592717 0.596550 0.601893 0.608812 0.617396 0.627761 0.640047 0.654432 0.671132 0.690414 0.712604 0.738105 0.767417 0.801162 0.840129 0.885322 0.938042 1.000000 0.997944 0.942552 0.895029 1734.000000 1.251830 0.763626
0.649601 0.635907 0.624251 0.614469 0.606427 0.600020 0.595165 0.591803 0.589891 0.589408 0.590346 0.592717 0.596550 0.601893 0.608812 0.617396 0.627761 0.640047 0.654432 0.671132 0.690414 0.712604 0.738105 0.767417 0.801162 0.840129 0.885322 0.938042 1.000000 0.997944 0.942552 0.895029 0.854026 0.818501 0.787635 0.760779 0.737412 0.717113 0.699542 0.684421 0.671524 0.660665 0.651698 0.644502 0.638986 0.635081 0.632738 0.631929 0.632644 0.634892 0.638701 0.644116 0.651207 0.660063 0.670801 0.683569 0.698548 0.715961 0.736083 0.759251 0.785880 0.816483 0.816854 0.784159 0.755731 0.730992 0.709476 0.690807 0.674679 0.660842 0.649094 0.639269 0.631236 0.624889 0.620147 0.616951 0.615263 0.615062 0.616346 0.619129 0.623447 0.629351 0.636918 0.646245 0.657457 0.670708 0.686192 0.704144 0.724854 0.748678 0.776053 0.807526 0.843779 0.885673 0.934313 0.950852 0.908234 0.871282 0.839162 0.811211 0.786896 0.765787 0.747536 0.731856 0.718516 0.707326 0.698137 0.690825 0.685300 0.681490 0.679350 0.678854 0.679996 0.682789 0.687268 0.693488 0.701526 0.711488 0.723504 0.737741 0.754404 0.773744 0.789867 0.757613 0.729579 0.705184 0.683961 0.665536 1734.000000 1.251830 0.763626
0.716126 0.706576 0.698939 0.693118 0.689038 0.686651 0.685928 0.686858 0.689455 0.693749 0.699793 0.707663 0.717460 0.729314 0.743387 0.759881 0.778055 0.737804 0.703124 0.673107 0.647042 0.624369 0.604639 0.587489 0.572627 0.559813 0.548854 0.539590 0.531894 0.525663 0.520817 0.517294 0.515051 0.514060 0.514310 0.515034 0.514897 0.516003 0.518365 0.522012 0.526989 0.533360 0.541206 0.550632 0.561771 0.574782 0.589866 0.607264 0.627278 0.650275 0.676715 0.707172 0.742373 0.783247 0.831004 0.887238 0.954101 1.000000 0.934469 0.878986 0.831613 0.790893 0.755710 0.725197 0.698670 0.675585 0.655506 0.638079 0.623016 0.610084 0.599092 0.589885 0.581256 0.572152 0.564669 0.558707 0.554192 0.551065 0.549290 0.548843 0.549721 0.551933 0.555507 0.560487 0.566935 0.574934 0.584590 0.596037 0.609439 0.624997 0.642960 0.663633 0.687390 0.709179 0.693398 0.679906 0.668509 0.659049 0.651401 0.645465 0.641168 0.638455 0.637293 0.637670 0.639588 0.643072 0.648164 0.654928 0.663450 0.673841 0.684355 0.677038 0.671477 0.667601 0.665364 0.664738 0.665715 0.668307 0.672546 0.678485 0.686197 0.695781 0.707366 0.721109 0.737209 0.755906 0.741501 0.727715 7820.000000 1.251996 0.788786
0.668509 0.659049 0.651401 0.645465 0.641168 0.638455 0.637293 0.637670 0.639588 0.643072 0.648164 0.654928 0.663450 0.673841 0.684355 0.677038 0.671477 0.667601 0.665364 0.664738 0.665715 0.668307 0.672546 0.678485 0.686197 0.695781 0.707366 0.721109 0.737209 0.755906 0.741501 0.727715 0.716126 0.706576 0.698939 0.693118 0.689038 0.686651 0.685928 0.686858 0.689455 0.693749 0.699793 0.707663 0.717460 0.729314 0.743387 0.759881 0.778055 0.737804 0.703124 0.673107 0.647042 0.624369 0.604639 0.587489 0.572627 0.559813 0.548854 0.539590 0.531894 0.525663 0.520817 0.517294 0.515051 0.514060 0.514310 0.515034 0.514897 0.516003 0.518365 0.522012 0.526989 0.533360 0.541206 0.550632 0.561771 0.574782 0.589866 0.607264 0.627278 0.650275 0.676715 0.707172 0.742373 0.783247 0.831004 0.887238 0.954101 1.000000 0.934469 0.878986 0.831613 0.790893 0.755710 0.725197 0.698670 0.675585 0.655506 0.638079 0.623016 0.610084 0.599092 0.589885 0.581256 0.572152 0.564669 0.558707 0.554192 0.551065 0.549290 0.548843 0.549721 0.551933 0.555507 0.560487 0.566935 0.574934 0.584590 0.596037 0.609439 0.624997 0.642960 0.663633 0.687390 0.709179 0.693398 0.679906 7820.000000 1.251996 0.788786
0.698670 0.675585 0.655506 0.638079 0.623016 0.610084 0.599092 0.589885 0.581256 0.572152 0.564669 0.558707 0.554192 0.551065 0.549290 0.548843 0.549721 0.551933 0.555507 0.560487 0.566935 0.574934 0.584590 0.596037 0.609439 0.624997 0.642960 0.663633 0.687390 0.709179 0.693398 0.679906 0.668509 0.659049 0.651401 0.645465 0.641168 0.638455 0.637293 0.637670 0.639588 0.643072 0.648164 0.654928 0.663450 0.673841 0.684355 0.677038 0.671477 0.667601 0.665364 0.664738 0.665715 0.668307 0.672546 0.678485 0.686197 0.695781 0.707366 0.721109 0.737209 0.755906 0.741501 0.727715 0.716126 0.706576 0.698939 0.693118 0.689038 0.686651 0.685928 0.686858 0.689455 0.693749 0.699793 0.707663 0.717460 0.729314 0.743387 0.759881 0.778055 0.737804 0.703124 0.673107 0.647042 0.624369 0.604639 0.587489 0.572627 0.559813 0.548854 0.539590 0.531894 0.525663 0.520817 0.517294 0.515051 0.514060 0.514310 0.515034 0.514897 0.516003 0.518365 0.522012 0.526989 0.533360 0.541206 0.550632 0.561771 0.574782 0.589866 0.607264 0.627278 0.650275 0.676715 0.707172 0.742373 0.783247 0.831004 0.887238 0.954101 1.000000 0.934469 0.878986 0.831613 0.790893 0.755710 0.725197 7820.000000 1.251996 0.788786
0.515051 0.514060 0.514310 0.515034 0.514897 0.516003 0.518365 0.522012 0.526989 0.533360 0.541206 0.550632 0.561771 0.574782 0.589866 0.607264 0.627278 0.650275 0.676715 0.707172 0.742373 0.783247 0.831004 0.887238 0.954101 1.000000 0.934469 0.878986 0.831613 0.790893 0.755710 0.725197 0.698670 0.675585 0.655506 0.638079 0.623016 0.610084 0.599092 0.589885 0.581256 0.572152 0.564669 0.558707 0.554192 0.551065 0.549290 0.548843 0.549721 0.551933 0.555507 0.560487 0.566935 0.574934 0.584590 0.596037 0.609439 0.624997 0.642960 0.663633 0.687390 0.709179 0.693398 0.679906 0.668509 0.659049 0.651401 0.645465 0.641168 0.638455 0.637293 0.637670 0.639588 0.643072 0.648164 0.654928 0.663450 0.673841 0.684355 0.677038 0.671477 0.667601 0.665364 0.664738 0.665715 0.668307 0.672546 0.678485 0.686197 0.695781 0.707366 0.721109 0.737209 0.755906 0.741501 0.727715 0.716126 0.706576 0.698939 0.693118 0.689038 0.686651 0.685928 0.686858 0.689455 0.693749 0.699793 0.707663 0.717460 0.729314 0.743387 0.759881 0.778055 0.737804 0.703124 0.673107 0.647042 0.624369 0.604639 0.587489 0.572627 0.559813 0.548854 0.539590 0.531894 0.525663 0.520817 0.517294 7820.000000 1.251996 0.788786
0.951584 0.915917 0.884881 0.857879 0.834427 0.814132 0.796674 0.781793 0.769278 0.758956 0.750692 0.744380 0.739941 0.737320 0.736486 0.737429 0.740159 0.744710 0.751138 0.745264 0.738059 0.732739 0.729240 0.727518 0.727553 0.729345 0.732916 0.738310 0.745593 0.754858 0.766225 0.779847 0.795915 0.814662 0.822045 0.817101 0.814165 0.813203 0.814202 0.817175 0.822157 0.829210 0.838423 0.849913 0.863832 0.880372 0.899766 0.922307 0.948349 0.978330 1.000000 0.971633 0.947049 0.925854 0.907726 0.892403 0.879672 0.869365 0.861347 0.855518 0.851806 0.850165 0.850576 0.853043 0.857596 0.864292 0.873213 0.884473 0.898220 0.914639 0.904832 0.877041 0.852899 0.832002 0.814018 0.798679 0.785765 0.775099 0.766542 0.759982 0.755337 0.752551 0.751589 0.752441 0.755115 0.759645 0.766086 0.774520 0.785053 0.797825 0.810364 0.793975 0.780078 0.768478 0.759020 0.751581 0.746066 0.742407 0.740558 0.740499 0.742227 0.745765 0.751154 0.758463 0.767783 0.779235 0.792973 0.809189 0.828119 0.850053 0.875346 0.904436 0.937863 0.963682 0.951770 0.942391 0.935426 0.930790 0.928425 0.928303 0.930422 0.934808 0.941514 0.950624 0.962253 0.976551 0.993711 0.992630 621.000000 1.205489 0.900696
0.746066 0.742407 0.740558 0.740499 0.742227 0.745765 0.751154 0.758463 0.767783 0.779235 0.792973 0.809189 0.828119 0.850053 0.875346 0.904436 0.937863 0.963682 0.951770 0.942391 0.935426 0.930790 0.928425 0.928303 0.930422 0.934808 0.941514 0.950624 0.962253 0.976551 0.993711 0.992630 0.951584 0.915917 0.884881 0.857879 0.834427 0.814132 0.796674 0.781793 0.769278 0.758956 0.750692 0.744380 0.739941 0.737320 0.736486 0.737429 0.740159 0.744710 0.751138 0.745264 0.738059 0.732739 0.729240 0.727518 0.727553 0.729345 0.732916 0.738310 0.745593 0.754858 0.766225 0.779847 0.795915 0.814662 0.822045 0.817101 0.814165 0.813203 0.814202 0.817175 0.822157 0.829210 0.838423 0.849913 0.863832 0.880372 0.899766 0.922307 0.948349 0.978330 1.000000 0.971633 0.947049 0.925854 0.907726 0.892403 0.879672 0.869365 0.861347 0.855518 0.851806 0.850165 0.850576 0.853043 0.857596 0.864292 0.873213 0.884473 0.898220 0.914639 0.904832 0.877041 0.852899 0.832002 0.814018 0.798679 0.785765 0.775099 0.766542 0.759982 0.755337 0.752551 0.751589 0.752441 0.755115 0.759645 0.766086 0.774520 0.785053 0.797825 0.810364 0.793975 0.780078 0.768478 0.759020 0.751581 621.000000 1.205489 0.900696
0.857596 0.864292 0.873213 0.884473 0.898220 0.914639 0.904832 0.877041 0.852899 0.832002 0.814018 0.798679 0.785765 0.775099 0.766542 0.759982 0.755337 0.752551 0.751589 0.752441 0.755115 0.759645 0.766086 0.774520 0.785053 0.797825 0.810364 0.793975 0.780078 0.768478 0.759020 0.751581 0.746066 0.742407 0.740558 0.740499 0.742227 0.745765 0.751154 0.758463 0.767783 0.779235 0.792973 0.809189 0.828119 0.850053 0.875346 0.904436 0.937863 0.963682 0.951770 0.942391 0.935426 0.930790 0.928425 0.928303 0.930422 0.934808 0.941514 0.950624 0.962253 0.976551 0.993711 0.992630 0.951584 0.915917 0.884881 0.857879 0.834427 0.814132 0.796674 0.781793 0.769278 0.758956 0.750692 0.744380 0.739941 0.737320 0.736486 0.737429 0.740159 0.744710 0.751138 0.745264 0.738059 0.732739 0.729240 0.727518 0.727553 0.729345 0.732916 0.738310 0.745593 0.754858 0.766225 0.779847 0.795915 0.814662 0.822045 0.817101 0.814165 0.813203 0.814202 0.817175 0.822157 0.829210 0.838423 0.849913 0.863832 0.880372 0.899766 0.922307 0.948349 0.978330 1.000000 0.971633 0.947049 0.925854 0.907726 0.892403 0.879672 0.869365 0.861347 0.855518 0.851806 0.850165 0.850576 0.853043 621.000000 1.205489 0.900696
0.795915 0.814662 0.822045 0.817101 0.814165 0.813203 0.814202 0.817175 0.822157 0.829210 0.838423 0.849913 0.863832 0.880372 0.899766 0.922307 0.948349 0.978330 1.000000 0.971633 0.947049 0.925854 0.907726 0.892403 0.879672 0.869365 0.861347 0.855518 0.851806 0.850165 0.850576 0.853043 0.857596 0.864292 0.873213 0.884473 0.898220 0.914639 0.904832 0.877041 0.852899 0.832002 0.814018 0.798679 0.785765 0.775099 0.766542 0.759982 0.755337 0.752551 0.751589 0.752441 0.755115 0.759645 0.766086 0.774520 0.785053 0.797825 0.810364 0.793975 0.780078 0.768478 0.759020 0.751581 0.746066 0.742407 0.740558 0.740499 0.742227 0.745765 0.751154 0.758463 0.767783 0.779235 0.792973 0.809189 0.828119 0.850053 0.875346 0.904436 0.937863 0.963682 0.951770 0.942391 0.935426 0.930790 0.928425 0.928303 0.930422 0.934808 0.941514 0.950624 0.962253 0.976551 0.993711 0.992630 0.951584 0.915917 0.884881 0.857879 0.834427 0.814132 0.796674 0.781793 0.769278 0.758956 0.750692 0.744380 0.739941 0.737320 0.736486 0.737429 0.740159 0.744710 0.751138 0.745264 0.738059 0.732739 0.729240 0.727518 0.727553 0.729345 0.732916 0.738310 0.745593 0.754858 0.766225 0.779847 621.000000 1.205489 0.900696
0.789801 0.802512 0.786123 0.772214 0.760588 0.751090 0.743596 0.738010 0.734263 0.732309 0.732124 0.733707 0.737076 0.742273 0.749362 0.758432 0.769601 0.783018 0.798871 0.817388 0.838853 0.863612 0.892092 0.924818 0.922026 0.894418 0.870451 0.849728 0.831927 0.816783 0.804084 0.793656 0.785363 0.779099 0.774786 0.772371 0.771824 0.773140 0.776333 0.781443 0.788534 0.797693 0.809040 0.822724 0.838936 0.857907 0.879925 0.905342 0.934589 0.968199 0.935298 0.898300 0.866124 0.838123 0.813775 0.792658 0.774427 0.758802 0.745557 0.734504 0.725497 0.718419 0.713178 0.709711 0.707974 0.707947 0.709630 0.713043 0.718227 0.725248 0.734193 0.745179 0.758353 0.773900 0.792045 0.813068 0.837309 0.865189 0.897225 0.925871 0.894469 0.867147 0.843417 0.822881 0.805214 0.790154 0.777486 0.767036 0.758666 0.752270 0.747767 0.745103 0.744243 0.745179 0.747922 0.752504 0.758982 0.767438 0.777979 0.790746 0.805912 0.823695 0.844361 0.868235 0.895720 0.927309 0.963613 1.000000 0.959862 0.924963 0.894593 0.868179 0.845258 0.825453 0.808458 0.794024 0.781946 0.772062 0.764244 0.758390 0.754430 0.752313 0.752015 0.753532 0.756882 0.762106 0.769269 0.778461 7878.000000 1.084240 0.847429
0.758982 0.767438 0.777979 0.790746 0.805912 0.823695 0.844361 0.868235 0.895720 0.927309 0.963613 1.000000 0.959862 0.924963 0.894593 0.868179 0.845258 0.825453 0.808458 0.794024 0.781946 0.772062 0.764244 0.758390 0.754430 0.752313 0.752015 0.753532 0.756882 0.762106 0.769269 0.778461 0.789801 0.802512 0.786123 0.772214 0.760588 0.751090 0.743596 0.738010 0.734263 0.732309 0.732124 0.733707 0.737076 0.742273 0.749362 0.758432 0.769601 0.783018 0.798871 0.817388 0.838853 0.863612 0.892092 0.924818 0.922026 0.894418 0.870451 0.849728 0.831927 0.816783 0.804084 0.793656 0.785363 0.779099 0.774786 0.772371 0.771824 0.773140 0.776333 0.781443 0.788534 0.797693 0.809040 0.822724 0.838936 0.857907 0.879925 0.905342 0.934589 0.968199 0.935298 0.898300 0.866124 0.838123 0.813775 0.792658 0.774427 0.758802 0.745557 0.734504 0.725497 0.718419 0.713178 0.709711 0.707974 0.707947 0.709630 0.713043 0.718227 0.725248 0.734193 0.745179 0.758353 0.773900 0.792045 0.813068 0.837309 0.865189 0.897225 0.925871 0.894469 0.867147 0.843417 0.822881 0.805214 0.790154 0.777486 0.767036 0.758666 0.752270 0.747767 0.745103 0.744243 0.745179 0.747922 0.752504 7878.000000 1.084240 0.847429
0.707974 0.707947 0.709630 0.713043 0.718227 0.725248 0.734193 0.745179 0.758353 0.773900 0.792045 0.813068 0.837309 0.865189 0.897225 0.925871 0.894469 0.867147 0.843417 0.822881 0.805214 0.790154 0.777486 0.767036 0.758666 0.752270 0.747767 0.745103 0.744243 0.745179 0.747922 0.752504 0.758982 0.767438 0.777979 0.790746 0.805912 0.823695 0.844361 0.868235 0.895720 0.927309 0.963613 1.000000 0.959862 0.924963 0.894593 0.868179 0.845258 0.825453 0.808458 0.794024 0.781946 0.772062 0.764244 0.758390 0.754430 0.752313 0.752015 0.753532 0.756882 0.762106 0.769269 0.778461 0.789801 0.802512 0.786123 0.772214 0.760588 0.751090 0.743596 0.738010 0.734263 0.732309 0.732124 0.733707 0.737076 0.742273 0.749362 0.758432 0.769601 0.783018 0.798871 0.817388 0.838853 0.863612 0.892092 0.924818 0.922026 0.894418 0.870451 0.849728 0.831927 0.816783 0.804084 0.793656 0.785363 0.779099 0.774786 0.772371 0.771824 0.773140 0.776333 0.781443 0.788534 0.797693 0.809040 0.822724 0.838936 0.857907 0.879925 0.905342 0.934589 0.968199 0.935298 0.898300 0.866124 0.838123 0.813775 0.792658 0.774427 0.758802 0.745557 0.734504 0.725497 0.718419 0.713178 0.709711 7878.000000 1.084240 0.847429
0.785363 0.779099 0.774786 0.772371 0.771824 0.773140 0.776333 0.781443 0.788534 0.797693 0.809040 0.822724 0.838936 0.857907 0.879925 0.905342 0.934589 0.968199 0.935298 0.898300 0.866124 0.838123 0.813775 0.792658 0.774427 0.758802 0.745557 0.734504 0.725497 0.718419 0.713178 0.709711 0.707974 0.707947 0.709630 0.713043 0.718227 0.725248 0.734193 0.745179 0.758353 0.773900 0.792045 0.813068 0.837309 0.865189 0.897225 0.925871 0.894469 0.867147 0.843417 0.822881 0.805214 0.790154 0.777486 0.767036 0.758666 0.752270 0.747767 0.745103 0.744243 0.745179 0.747922 0.752504 0.758982 0.767438 0.777979 0.790746 0.805912 0.823695 0.844361 0.868235 0.895720 0.927309 0.963613 1.000000 0.959862 0.924963 0.894593 0.868179 0.845258 0.825453 0.808458 0.794024 0.781946 0.772062 0.764244 0.758390 0.754430 0.752313 0.752015 0.753532 0.756882 0.762106 0.769269 0.778461 0.789801 0.802512 0.786123 0.772214 0.760588 0.751090 0.743596 0.738010 0.734263 0.732309 0.732124 0.733707 0.737076 0.742273 0.749362 0.758432 0.769601 0.783018 0.798871 0.817388 0.838853 0.863612 0.892092 0.924818 0.922026 0.894418 0.870451 0.849728 0.831927 0.816783 0.804084 0.793656 7878.000000 1.084240 0.847429
0.835158 0.785310 0.742766 0.706208 0.674630 0.647247 0.623444 0.602730 0.584711 0.569070 0.555547 0.543932 0.534052 0.525770 0.518971 0.513568 0.509490 0.506688 0.505127 0.504788 0.505666 0.507773 0.511135 0.515791 0.521802 0.529245 0.538219 0.548847 0.561283 0.575715 0.592373 0.611541 0.633568 0.658888 0.688042 0.721716 0.760782 0.806372 0.859980 0.923606 1.000000 0.974136 0.888441 0.818416 0.760321 0.711527 0.670136 0.634741 0.604279 0.577936 0.555076 0.535195 0.517894 0.502850 0.489801 0.478537 0.468883 0.460699 0.453870 0.448305 0.443932 0.440694 0.438552 0.437479 0.437464 0.438504 0.440614 0.443818 0.448157 0.453685 0.460474 0.468616 0.478224 0.489437 0.502429 0.517410 0.534639 0.554436 0.577200 0.603430 0.633756 0.668989 0.710182 0.758728 0.816509 0.886127 0.971281 0.989493 0.915802 0.854241 0.802247 0.757940 0.719914 0.687098 0.658661 0.633950 0.612449 0.593742 0.577494 0.563432 0.551336 0.541024 0.532350 0.525195 0.519464 0.515085 0.512002 0.510177 0.509589 0.510229 0.512107 0.515245 0.519680 0.525470 0.532688 0.541429 0.551814 0.563990 0.578140 0.594487 0.613306 0.634935 0.659792 0.688402 0.721422 0.759691 0.804295 0.856654 620.000000 1.232930 0.594612
0.612449 0.593742 0.577494 0.563432 0.551336 0.541024 0.532350 0.525195 0.519464 0.515085 0.512002 0.510177 0.509589 0.510229 0.512107 0.515245 0.519680 0.525470 0.532688 0.541429 0.551814 0.563990 0.578140 0.594487 0.613306 0.634935 0.659792 0.688402 0.721422 0.759691 0.804295 0.856654 0.835158 0.785310 0.742766 0.706208 0.674630 0.647247 0.623444 0.602730 0.584711 0.569070 0.555547 0.543932 0.534052 0.525770 0.518971 0.513568 0.509490 0.506688 0.505127 0.504788 0.505666 0.507773 0.511135 0.515791 0.521802 0.529245 0.538219 0.548847 0.561283 0.575715 0.592373 0.611541 0.633568 0.658888 0.688042 0.721716 0.760782 0.806372 0.859980 0.923606 1.000000 0.974136 0.888441 0.818416 0.760321 0.711527 0.670136 0.634741 0.604279 0.577936 0.555076 0.535195 0.517894 0.502850 0.489801 0.478537 0.468883 0.460699 0.453870 0.448305 0.443932 0.440694 0.438552 0.437479 0.437464 0.438504 0.440614 0.443818 0.448157 0.453685 0.460474 0.468616 0.478224 0.489437 0.502429 0.517410 0.534639 0.554436 0.577200 0.603430 0.633756 0.668989 0.710182 0.758728 0.816509 0.886127 0.971281 0.989493 0.915802 0.854241 0.802247 0.757940 0.719914 0.687098 0.658661 0.633950 620.000000 1.232930 0.594612
0.437464 0.438504 0.440614 0.443818 0.448157 0.453685 0.460474 0.468616 0.478224 0.489437 0.502429 0.517410 0.534639 0.554436 0.577200 0.603430 0.633756 0.668989 0.710182 0.758728 0.816509 0.886127 0.971281 0.989493 0.915802 0.854241 0.802247 0.757940 0.719914 0.687098 0.658661 0.633950 0.612449 0.593742 0.577494 0.563432 0.551336 0.541024 0.532350 0.525195 0.519464 0.515085 0.512002 0.510177 0.509589 0.510229 0.512107 0.515245 0.519680 0.525470 0.532688 0.541429 0.551814 0.563990 0.578140 0.594487 0.613306 0.634935 0.659792 0.688402 0.721422 0.759691 0.804295 0.856654 0.835158 0.785310 0.742766 0.706208 0.674630 0.647247 0.623444 0.602730 0.584711 0.569070 0.555547 0.543932 0.534052 0.525770 0.518971 0.513568 0.509490 0.506688 0.505127 0.504788 0.505666 0.507773 0.511135 0.515791 0.521802 0.529245 0.538219 0.548847 0.561283 0.575715 0.592373 0.611541 0.633568 0.658888 0.688042 0.721716 0.760782 0.806372 0.859980 0.923606 1.000000 0.974136 0.888441 0.818416 0.760321 0.711527 0.670136 0.634741 0.604279 0.577936 0.555076 0.535195 0.517894 0.502850 0.489801 0.478537 0.468883 0.460699 0.453870 0.448305 0.443932 0.440694 0.438552 0.437479 620.000000 1.232930 0.594612
0.633568 0.658888 0.688042 0.721716 0.760782 0.806372 0.859980 0.923606 1.000000 0.974136 0.888441 0.818416 0.760321 0.711527 0.670136 0.634741 0.604279 0.577936 0.555076 0.535195 0.517894 0.502850 0.489801 0.478537 0.468883 0.460699 0.453870 0.448305 0.443932 0.440694 0.438552 0.437479 0.437464 0.438504 0.440614 0.443818 0.448157 0.453685 0.460474 0.468616 0.478224 0.489437 0.502429 0.517410 0.534639 0.554436 0.577200 0.603430 0.633756 0.668989 0.710182 0.758728 0.816509 0.886127 0.971281 0.989493 0.915802 0.854241 0.802247 0.757940 0.719914 0.687098 0.658661 0.633950 0.612449 0.593742 0.577494 0.563432 0.551336 0.541024 0.532350 0.525195 0.519464 0.515085 0.512002 0.510177 0.509589 0.510229 0.512107 0.515245 0.519680 0.525470 0.532688 0.541429 0.551814 0.563990 0.578140 0.594487 0.613306 0.634935 0.659792 0.688402 0.721422 0.759691 0.804295 0.856654 0.835158 0.785310 0.742766 0.706208 0.674630 0.647247 0.623444 0.602730 0.584711 0.569070 0.555547 0.543932 0.534052 0.525770 0.518971 0.513568 0.509490 0.506688 0.505127 0.504788 0.505666 0.507773 0.511135 0.515791 0.521802 0.529245 0.538219 0.548847 0.561283 0.575715 0.592373 0.611541 620.000000 1.232930 0.594612
0.755988 0.702588 0.657714 0.619632 0.587054 0.559011 0.534754 0.513701 0.495391 0.479457 0.465602 0.453588 0.443219 0.434337 0.426811 0.420538 0.415433 0.411430 0.408477 0.406539 0.405592 0.405625 0.406637 0.408640 0.411661 0.415735 0.420915 0.427268 0.434880 0.443856 0.454328 0.466458 0.480441 0.496523 0.515001 0.536250 0.560737 0.589055 0.621962 0.660450 0.705827 0.759865 0.825016 0.904770 1.000000 0.919377 0.852686 0.796805 0.749493 0.709096 0.674374 0.644373 0.618353 0.595733 0.576049 0.558927 0.544066 0.531222 0.520194 0.510821 0.502969 0.496534 0.491430 0.487592 0.484974 0.483542 0.483279 0.484182 0.486263 0.489545 0.494071 0.499897 0.507098 0.515770 0.526033 0.538035 0.551959 0.568027 0.586515 0.607759 0.632181 0.660304 0.692794 0.730496 0.774512 0.796746 0.750304 0.710595 0.676427 0.646880 0.621240 0.598944 0.579540 0.562667 0.548031 0.535395 0.524563 0.515378 0.507712 0.501460 0.496542 0.492896 0.490476 0.489252 0.489210 0.490349 0.492683 0.496241 0.501066 0.507220 0.514783 0.523855 0.534565 0.547066 0.561552 0.578256 0.597468 0.619545 0.644929 0.674175 0.707987 0.747264 0.793179 0.847280 0.911658 0.989203 0.898968 0.820312 5365.000000 1.297561 0.589186
0.524563 0.515378 0.507712 0.501460 0.496542 0.492896 0.490476 0.489252 0.489210 0.490349 0.492683 0.496241 0.501066 0.507220 0.514783 0.523855 0.534565 0.547066 0.561552 0.578256 0.597468 0.619545 0.644929 0.674175 0.707987 0.747264 0.793179 0.847280 0.911658 0.989203 0.898968 0.820312 0.755988 0.702588 0.657714 0.619632 0.587054 0.559011 0.534754 0.513701 0.495391 0.479457 0.465602 0.453588 0.443219 0.434337 0.426811 0.420538 0.415433 0.411430 0.408477 0.406539 0.405592 0.405625 0.406637 0.408640 0.411661 0.415735 0.420915 0.427268 0.434880 0.443856 0.454328 0.466458 0.480441 0.496523 0.515001 0.536250 0.560737 0.589055 0.621962 0.660450 0.705827 0.759865 0.825016 0.904770 1.000000 0.919377 0.852686 0.796805 0.749493 0.709096 0.674374 0.644373 0.618353 0.595733 0.576049 0.558927 0.544066 0.531222 0.520194 0.510821 0.502969 0.496534 0.491430 0.487592 0.484974 0.483542 0.483279 0.484182 0.486263 0.489545 0.494071 0.499897 0.507098 0.515770 0.526033 0.538035 0.551959 0.568027 0.586515 0.607759 0.632181 0.660304 0.692794 0.730496 0.774512 0.796746 0.750304 0.710595 0.676427 0.646880 0.621240 0.598944 0.579540 0.562667 0.548031 0.535395 5365.000000 1.297561 0.589186
0.484974 0.483542 0.483279 0.484182 0.486263 0.489545 0.494071 0.499897 0.507098 0.515770 0.526033 0.538035 0.551959 0.568027 0.586515 0.607759 0.632181 0.660304 0.692794 0.730496 0.774512 0.796746 0.750304 0.710595 0.676427 0.646880 0.621240 0.598944 0.579540 0.562667 0.548031 0.535395 0.524563 0.515378 0.507712 0.501460 0.496542 0.492896 0.490476 0.489252 0.489210 0.490349 0.492683 0.496241 0.501066 0.507220 0.514783 0.523855 0.534565 0.547066 0.561552 0.578256 0.597468 0.619545 0.644929 0.674175 0.707987 0.747264 0.793179 0.847280 0.911658 0.989203 0.898968 0.820312 0.755988 0.702588 0.657714 0.619632 0.587054 0.559011 0.534754 0.513701 0.495391 0.479457 0.465602 0.453588 0.443219 0.434337 0.426811 0.420538 0.415433 0.411430 0.408477 0.406539 0.405592 0.405625 0.406637 0.408640 0.411661 0.415735 0.420915 0.427268 0.434880 0.443856 0.454328 0.466458 0.480441 0.496523 0.515001 0.536250 0.560737 0.589055 0.621962 0.660450 0.705827 0.759865 0.825016 0.904770 1.000000 0.919377 0.852686 0.796805 0.749493 0.709096 0.674374 0.644373 0.618353 0.595733 0.576049 0.558927 0.544066 0.531222 0.520194 0.510821 0.502969 0.496534 0.491430 0.487592 5365.000000 1.297561 0.589186
0.480441 0.496523 0.515001 0.536250 0.560737 0.589055 0.621962 0.660450 0.705827 0.759865 0.825016 0.904770 1.000000 0.919377 0.852686 0.796805 0.749493 0.709096 0.674374 0.644373 0.618353 0.595733 0.576049 0.558927 0.544066 0.531222 0.520194 0.510821 0.502969 0.496534 0.491430 0.487592 0.484974 0.483542 0.483279 0.484182 0.486263 0.489545 0.494071 0.499897 0.507098 0.515770 0.526033 0.538035 0.551959 0.568027 0.586515 0.607759 0.632181 0.660304 0.692794 0.730496 0.774512 0.796746 0.750304 0.710595 0.676427 0.646880 0.621240 0.598944 0.579540 0.562667 0.548031 0.535395 0.524563 0.515378 0.507712 0.501460 0.496542 0.492896 0.490476 0.489252 0.489210 0.490349 0.492683 0.496241 0.501066 0.507220 0.514783 0.523855 0.534565 0.547066 0.561552 0.578256 0.597468 0.619545 0.644929 0.674175 0.707987 0.747264 0.793179 0.847280 0.911658 0.989203 0.898968 0.820312 0.755988 0.702588 0.657714 0.619632 0.587054 0.559011 0.534754 0.513701 0.495391 0.479457 0.465602 0.453588 0.443219 0.434337 0.426811 0.420538 0.415433 0.411430 0.408477 0.406539 0.405592 0.405625 0.406637 0.408640 0.411661 0.415735 0.420915 0.427268 0.434880 0.443856 0.454328 0.466458 5365.000000 1.297561 0.589186
0.926999 0.897446 0.871755 0.849484 0.830272 0.813827 0.799911 0.788330 0.778929 0.771587 0.766210 0.762733 0.761112 0.761328 0.763385 0.767305 0.773139 0.780957 0.790860 0.802977 0.817471 0.834545 0.854450 0.830766 0.805629 0.783801 0.764919 0.748686 0.734862 0.723250 0.713691 0.706061 0.700261 0.696220 0.693886 0.693233 0.694252 0.696956 0.701377 0.707570 0.715612 0.725608 0.737689 0.752021 0.754483 0.744596 0.736717 0.730744 0.726604 0.724246 0.723641 0.724781 0.727681 0.732375 0.738922 0.747404 0.757930 0.770640 0.785709 0.803353 0.823837 0.847488 0.874708 0.905988 0.941943 0.983335 0.948633 0.916624 0.888775 0.864590 0.843665 0.825671 0.810340 0.797454 0.786837 0.778350 0.771883 0.767357 0.764715 0.763925 0.764978 0.767886 0.772684 0.779433 0.788216 0.799147 0.812369 0.828065 0.846459 0.867827 0.835614 0.806303 0.780795 0.758624 0.739409 0.722842 0.708671 0.696690 0.686736 0.678673 0.672399 0.667833 0.664921 0.663625 0.663931 0.665842 0.669381 0.668868 0.668097 0.668937 0.671398 0.675512 0.681327 0.688918 0.698381 0.709841 0.723456 0.739419 0.757971 0.779402 0.804075 0.832431 0.865021 0.902530 0.945821 0.995994 1.000000 0.960958 1292.500000 1.117030 0.849291
0.708671 0.696690 0.686736 0.678673 0.672399 0.667833 0.664921 0.663625 0.663931 0.665842 0.669381 0.668868 0.668097 0.668937 0.671398 0.675512 0.681327 0.688918 0.698381 0.709841 0.723456 0.739419 0.757971 0.779402 0.804075 0.832431 0.865021 0.902530 0.945821 0.995994 1.000000 0.960958 0.926999 0.897446 0.871755 0.849484 0.830272 0.813827 0.799911 0.788330 0.778929 0.771587 0.766210 0.762733 0.761112 0.761328 0.763385 0.767305 0.773139 0.780957 0.790860 0.802977 0.817471 0.834545 0.854450 0.830766 0.805629 0.783801 0.764919 0.748686 0.734862 0.723250 0.713691 0.706061 0.700261 0.696220 0.693886 0.693233 0.694252 0.696956 0.701377 0.707570 0.715612 0.725608 0.737689 0.752021 0.754483 0.744596 0.736717 0.730744 0.726604 0.724246 0.723641 0.724781 0.727681 0.732375 0.738922 0.747404 0.757930 0.770640 0.785709 0.803353 0.823837 0.847488 0.874708 0.905988 0.941943 0.983335 0.948633 0.916624 0.888775 0.864590 0.843665 0.825671 0.810340 0.797454 0.786837 0.778350 0.771883 0.767357 0.764715 0.763925 0.764978 0.767886 0.772684 0.779433 0.788216 0.799147 0.812369 0.828065 0.846459 0.867827 0.835614 0.806303 0.780795 0.758624 0.739409 0.722842 1292.500000 1.117030 0.849291
0.941943 0.983335 0.948633 0.916624 0.888775 0.864590 0.843665 0.825671 0.810340 0.797454 0.786837 0.778350 0.771883 0.767357 0.764715 0.763925 0.764978 0.767886 0.772684 0.779433 0.788216 0.799147 0.812369 0.828065 0.846459 0.867827 0.835614 0.806303 0.780795 0.758624 0.739409 0.722842 0.708671 0.696690 0.686736 0.678673 0.672399 0.667833 0.664921 0.663625 0.663931 0.665842 0.669381 0.668868 0.668097 0.668937 0.671398 0.675512 0.681327 0.688918 0.698381 0.709841 0.723456 0.739419 0.757971 0.779402 0.804075 0.832431 0.865021 0.902530 0.945821 0.995994 1.000000 0.960958 0.926999 0.897446 0.871755 0.849484 0.830272 0.813827 0.799911 0.788330 0.778929 0.771587 0.766210 0.762733 0.761112 0.761328 0.763385 0.767305 0.773139 0.780957 0.790860 0.802977 0.817471 0.834545 0.854450 0.830766 0.805629 0.783801 0.764919 0.748686 0.734862 0.723250 0.713691 0.706061 0.700261 0.696220 0.693886 0.693233 0.694252 0.696956 0.701377 0.707570 0.715612 0.725608 0.737689 0.752021 0.754483 0.744596 0.736717 0.730744 0.726604 0.724246 0.723641 0.724781 0.727681 0.732375 0.738922 0.747404 0.757930 0.770640 0.785709 0.803353 0.823837 0.847488 0.874708 0.905988 1292.500000 1.117030 0.849291
0.700261 0.696220 0.693886 0.693233 0.694252 0.696956 0.701377 0.707570 0.715612 0.725608 0.737689 0.752021 0.754483 0.744596 0.736717 0.730744 0.726604 0.724246 0.723641 0.724781 0.727681 0.732375 0.738922 0.747404 0.757930 0.770640 0.785709 0.803353 0.823837 0.847488 0.874708 0.905988 0.941943 0.983335 0.948633 0.916624 0.888775 0.864590 0.843665 0.825671 0.810340 0.797454 0.786837 0.778350 0.771883 0.767357 0.764715 0.763925 0.764978 0.767886 0.772684 0.779433 0.788216 0.799147 0.812369 0.828065 0.846459 0.867827 0.835614 0.806303 0.780795 0.758624 0.739409 0.722842 0.708671 0.696690 0.686736 0.678673 0.672399 0.667833 0.664921 0.663625 0.663931 0.665842 0.669381 0.668868 0.668097 0.668937 0.671398 0.675512 0.681327 0.688918 0.698381 0.709841 0.723456 0.739419 0.757971 0.779402 0.804075 0.832431 0.865021 0.902530 0.945821 0.995994 1.000000 0.960958 0.926999 0.897446 0.871755 0.849484 0.830272 0.813827 0.799911 0.788330 0.778929 0.771587 0.766210 0.762733 0.761112 0.761328 0.763385 0.767305 0.773139 0.780957 0.790860 0.802977 0.817471 0.834545 0.854450 0.830766 0.805629 0.783801 0.764919 0.748686 0.734862 0.723250 0.713691 0.706061 1292.500000 1.117030 0.849291
0.817190 0.772523 0.734163 0.701042 0.672330 0.647375 0.625660 0.606769 0.590366 0.576178 0.563982 0.553598 0.544879 0.537705 0.531982 0.527638 0.524618 0.522885 0.522417 0.523210 0.525273 0.528630 0.533324 0.539412 0.546975 0.556111 0.566947 0.579637 0.594373 0.611390 0.630974 0.653481 0.679350 0.709131 0.743515 0.783388 0.829891 0.884530 0.902187 0.831645 0.773061 0.723817 0.682016 0.646251 0.615459 0.588822 0.565701 0.545592 0.528092 0.512877 0.499685 0.488301 0.478551 0.470294 0.463414 0.457820 0.453438 0.450214 0.448107 0.447092 0.447157 0.448301 0.450540 0.453900 0.458423 0.464167 0.471206 0.479636 0.489573 0.501163 0.514586 0.530059 0.547852 0.568298 0.591811 0.618908 0.650248 0.686673 0.729282 0.779531 0.839389 0.911583 1.000000 0.989433 0.905185 0.836014 0.778406 0.729871 0.688595 0.653226 0.622741 0.596347 0.573424 0.553482 0.536129 0.521048 0.507983 0.496724 0.487101 0.478976 0.472237 0.466794 0.462576 0.459531 0.457621 0.456823 0.457128 0.458537 0.461070 0.464757 0.469644 0.475793 0.483285 0.492221 0.502728 0.514961 0.529111 0.545411 0.564150 0.585683 0.610455 0.639022 0.672092 0.710577 0.755669 0.808952 0.872581 0.869561 6070.500000 1.206364 0.596806
0.507983 0.496724 0.487101 0.478976 0.472237 0.466794 0.462576 0.459531 0.457621 0.456823 0.457128 0.458537 0.461070 0.464757 0.469644 0.475793 0.483285 0.492221 0.502728 0.514961 0.529111 0.545411 0.564150 0.585683 0.610455 0.639022 0.672092 0.710577 0.755669 0.808952 0.872581 0.869561 0.817190 0.772523 0.734163 0.701042 0.672330 0.647375 0.625660 0.606769 0.590366 0.576178 0.563982 0.553598 0.544879 0.537705 0.531982 0.527638 0.524618 0.522885 0.522417 0.523210 0.525273 0.528630 0.533324 0.539412 0.546975 0.556111 0.566947 0.579637 0.594373 0.611390 0.630974 0.653481 0.679350 0.709131 0.743515 0.783388 0.829891 0.884530 0.902187 0.831645 0.773061 0.723817 0.682016 0.646251 0.615459 0.588822 0.565701 0.545592 0.528092 0.512877 0.499685 0.488301 0.478551 0.470294 0.463414 0.457820 0.453438 0.450214 0.448107 0.447092 0.447157 0.448301 0.450540 0.453900 0.458423 0.464167 0.471206 0.479636 0.489573 0.501163 0.514586 0.530059 0.547852 0.568298 0.591811 0.618908 0.650248 0.686673 0.729282 0.779531 0.839389 0.911583 1.000000 0.989433 0.905185 0.836014 0.778406 0.729871 0.688595 0.653226 0.622741 0.596347 0.573424 0.553482 0.536129 0.521048 6070.500000 1.206364 0.596806
0.458423 0.464167 0.471206 0.479636 0.489573 0.501163 0.514586 0.530059 0.547852 0.568298 0.591811 0.618908 0.650248 0.686673 0.729282 0.779531 0.839389 0.911583 1.000000 0.989433 0.905185 0.836014 0.778406 0.729871 0.688595 0.653226 0.622741 0.596347 0.573424 0.553482 0.536129 0.521048 0.507983 0.496724 0.487101 0.478976 0.472237 0.466794 0.462576 0.459531 0.457621 0.456823 0.457128 0.458537 0.461070 0.464757 0.469644 0.475793 0.483285 0.492221 0.502728 0.514961 0.529111 0.545411 0.564150 0.585683 0.610455 0.639022 0.672092 0.710577 0.755669 0.808952 0.872581 0.869561 0.817190 0.772523 0.734163 0.701042 0.672330 0.647375 0.625660 0.606769 0.590366 0.576178 0.563982 0.553598 0.544879 0.537705 0.531982 0.527638 0.524618 0.522885 0.522417 0.523210 0.525273 0.528630 0.533324 0.539412 0.546975 0.556111 0.566947 0.579637 0.594373 0.611390 0.630974 0.653481 0.679350 0.709131 0.743515 0.783388 0.829891 0.884530 0.902187 0.831645 0.773061 0.723817 0.682016 0.646251 0.615459 0.588822 0.565701 0.545592 0.528092 0.512877 0.499685 0.488301 0.478551 0.470294 0.463414 0.457820 0.453438 0.450214 0.448107 0.447092 0.447157 0.448301 0.450540 0.453900 6070.500000 1.206364 0.596806
0.679350 0.709131 0.743515 0.783388 0.829891 0.884530 0.902187 0.831645 0.773061 0.723817 0.682016 0.646251 0.615459 0.588822 0.565701 0.545592 0.528092 0.512877 0.499685 0.488301 0.478551 0.470294 0.463414 0.457820 0.453438 0.450214 0.448107 0.447092 0.447157 0.448301 0.450540 0.453900 0.458423 0.464167 0.471206 0.479636 0.489573 0.501163 0.514586 0.530059 0.547852 0.568298 0.591811 0.618908 0.650248 0.686673 0.729282 0.779531 0.839389 0.911583 1.000000 0.989433 0.905185 0.836014 0.778406 0.729871 0.688595 0.653226 0.622741 0.596347 0.573424 0.553482 0.536129 0.521048 0.507983 0.496724 0.487101 0.478976 0.472237 0.466794 0.462576 0.459531 0.457621 0.456823 0.457128 0.458537 0.461070 0.464757 0.469644 0.475793 0.483285 0.492221 0.502728 0.514961 0.529111 0.545411 0.564150 0.585683 0.610455 0.639022 0.672092 0.710577 0.755669 0.808952 0.872581 0.869561 0.817190 0.772523 0.734163 0.701042 0.672330 0.647375 0.625660 0.606769 0.590366 0.576178 0.563982 0.553598 0.544879 0.537705 0.531982 0.527638 0.524618 0.522885 0.522417 0.523210 0.525273 0.528630 0.533324 0.539412 0.546975 0.556111 0.566947 0.579637 0.594373 0.611390 0.630974 0.653481 6070.500000 1.206364 0.596806
0.958764 1.000000 0.945030 0.897839 0.857103 0.821797 0.791115 0.764417 0.741190 0.721018 0.703565 0.688556 0.675769 0.665021 0.656165 0.649085 0.643691 0.639914 0.637709 0.637048 0.637924 0.640347 0.644347 0.649973 0.657295 0.662159 0.649523 0.638870 0.630055 0.622960 0.617494 0.613588 0.611195 0.610284 0.610846 0.612887 0.616432 0.621523 0.628226 0.636625 0.646831 0.658983 0.673254 0.689855 0.709046 0.731148 0.756553 0.785749 0.819341 0.843892 0.819395 0.798148 0.779807 0.764089 0.750765 0.739650 0.730592 0.723476 0.718211 0.714731 0.712995 0.712980 0.714686 0.718135 0.723369 0.730452 0.739475 0.750554 0.763838 0.779512 0.797805 0.818999 0.843436 0.871540 0.864547 0.826670 0.793805 0.765226 0.740355 0.718727 0.699965 0.683763 0.669871 0.658086 0.648244 0.640211 0.633883 0.629180 0.626043 0.624435 0.624334 0.625741 0.628673 0.633164 0.639271 0.647072 0.656666 0.668183 0.681784 0.697664 0.716069 0.712099 0.695359 0.680990 0.668782 0.658562 0.650193 0.643565 0.638594 0.635217 0.633394 0.633102 0.634338 0.637116 0.641471 0.647456 0.655148 0.664645 0.676073 0.689593 0.705397 0.723728 0.744879 0.769213 0.797176 0.829321 0.866343 0.909117 18131.000000 1.237667 0.818186
0.656666 0.668183 0.681784 0.697664 0.716069 0.712099 0.695359 0.680990 0.668782 0.658562 0.650193 0.643565 0.638594 0.635217 0.633394 0.633102 0.634338 0.637116 0.641471 0.647456 0.655148 0.664645 0.676073 0.689593 0.705397 0.723728 0.744879 0.769213 0.797176 0.829321 0.866343 0.909117 0.958764 1.000000 0.945030 0.897839 0.857103 0.821797 0.791115 0.764417 0.741190 0.721018 0.703565 0.688556 0.675769 0.665021 0.656165 0.649085 0.643691 0.639914 0.637709 0.637048 0.637924 0.640347 0.644347 0.649973 0.657295 0.662159 0.649523 0.638870 0.630055 0.622960 0.617494 0.613588 0.611195 0.610284 0.610846 0.612887 0.616432 0.621523 0.628226 0.636625 0.646831 0.658983 0.673254 0.689855 0.709046 0.731148 0.756553 0.785749 0.819341 0.843892 0.819395 0.798148 0.779807 0.764089 0.750765 0.739650 0.730592 0.723476 0.718211 0.714731 0.712995 0.712980 0.714686 0.718135 0.723369 0.730452 0.739475 0.750554 0.763838 0.779512 0.797805 0.818999 0.843436 0.871540 0.864547 0.826670 0.793805 0.765226 0.740355 0.718727 0.699965 0.683763 0.669871 0.658086 0.648244 0.640211 0.633883 0.629180 0.626043 0.624435 0.624334 0.625741 0.628673 0.633164 0.639271 0.647072 18131.000000 1.237667 0.818186
0.723369 0.730452 0.739475 0.750554 0.763838 0.779512 0.797805 0.818999 0.843436 0.871540 0.864547 0.826670 0.793805 0.765226 0.740355 0.718727 0.699965 0.683763 0.669871 0.658086 0.648244 0.640211 0.633883 0.629180 0.626043 0.624435 0.624334 0.625741 0.628673 0.633164 0.639271 0.647072 0.656666 0.668183 0.681784 0.697664 0.716069 0.712099 0.695359 0.680990 0.668782 0.658562 0.650193 0.643565 0.638594 0.635217 0.633394 0.633102 0.634338 0.637116 0.641471 0.647456 0.655148 0.664645 0.676073 0.689593 0.705397 0.723728 0.744879 0.769213 0.797176 0.829321 0.866343 0.909117 0.958764 1.000000 0.945030 0.897839 0.857103 0.821797 0.791115 0.764417 0.741190 0.721018 0.703565 0.688556 0.675769 0.665021 0.656165 0.649085 0.643691 0.639914 0.637709 0.637048 0.637924 0.640347 0.644347 0.649973 0.657295 0.662159 0.649523 0.638870 0.630055 0.622960 0.617494 0.613588 0.611195 0.610284 0.610846 0.612887 0.616432 0.621523 0.628226 0.636625 0.646831 0.658983 0.673254 0.689855 0.709046 0.731148 0.756553 0.785749 0.819341 0.843892 0.819395 0.798148 0.779807 0.764089 0.750765 0.739650 0.730592 0.723476 0.718211 0.714731 0.712995 0.712980 0.714686 0.718135 18131.000000 1.237667 0.818186
0.611195 0.610284 0.610846 0.612887 0.616432 0.621523 0.628226 0.636625 0.646831 0.658983 0.673254 0.689855 0.709046 0.731148 0.756553 0.785749 0.819341 0.843892 0.819395 0.798148 0.779807 0.764089 0.750765 0.739650 0.730592 0.723476 0.718211 0.714731 0.712995 0.712980 0.714686 0.718135 0.723369 0.730452 0.739475 0.750554 0.763838 0.779512 0.797805 0.818999 0.843436 0.871540 0.864547 0.826670 0.793805 0.765226 0.740355 0.718727 0.699965 0.683763 0.669871 0.658086 0.648244 0.640211 0.633883 0.629180 0.626043 0.624435 0.624334 0.625741 0.628673 0.633164 0.639271 0.647072 0.656666 0.668183 0.681784 0.697664 0.716069 0.712099 0.695359 0.680990 0.668782 0.658562 0.650193 0.643565 0.638594 0.635217 0.633394 0.633102 0.634338 0.637116 0.641471 0.647456 0.655148 0.664645 0.676073 0.689593 0.705397 0.723728 0.744879 0.769213 0.797176 0.829321 0.866343 0.909117 0.958764 1.000000 0.945030 0.897839 0.857103 0.821797 0.791115 0.764417 0.741190 0.721018 0.703565 0.688556 0.675769 0.665021 0.656165 0.649085 0.643691 0.639914 0.637709 0.637048 0.637924 0.640347 0.644347 0.649973 0.657295 0.662159 0.649523 0.638870 0.630055 0.622960 0.617494 0.613588 18131.000000 1.237667 0.818186
0.590215 0.589719 0.590647 0.593008 0.596831 0.602165 0.609074 0.617650 0.628005 0.640282 0.654657 0.671347 0.690618 0.712795 0.738282 0.767577 0.801302 0.840245 0.885408 0.938090 1.000000 0.920847 0.854057 0.798092 0.750709 0.710252 0.675476 0.645429 0.619371 0.596716 0.577001 0.559853 0.544970 0.532106 0.521062 0.511674 0.503811 0.497366 0.492255 0.488413 0.485791 0.484358 0.484096 0.485002 0.487087 0.490377 0.494912 0.500749 0.507964 0.516652 0.526935 0.538959 0.552909 0.569007 0.587528 0.608812 0.610203 0.602795 0.596987 0.592704 0.589892 0.588519 0.588566 0.590035 0.592943 0.597326 0.603239 0.610756 0.619974 0.631019 0.644045 0.659241 0.676841 0.697133 0.720468 0.747282 0.778117 0.813649 0.854740 0.902492 0.944763 0.886514 0.836929 0.794410 0.757740 0.725977 0.698385 0.674378 0.653489 0.635340 0.619624 0.606092 0.594540 0.584803 0.576746 0.570263 0.565272 0.561708 0.559528 0.558707 0.559232 0.561112 0.564369 0.569043 0.575191 0.582894 0.592252 0.603393 0.601515 0.589481 0.579286 0.570791 0.563879 0.558463 0.554472 0.551858 0.550589 0.550649 0.552039 0.554776 0.558894 0.564443 0.571494 0.580138 0.590493 0.600384 0.595514 0.592139 858.000000 1.480461 0.746237
0.565272 0.561708 0.559528 0.558707 0.559232 0.561112 0.564369 0.569043 0.575191 0.582894 0.592252 0.603393 0.601515 0.589481 0.579286 0.570791 0.563879 0.558463 0.554472 0.551858 0.550589 0.550649 0.552039 0.554776 0.558894 0.564443 0.571494 0.580138 0.590493 0.600384 0.595514 0.592139 0.590215 0.589719 0.590647 0.593008 0.596831 0.602165 0.609074 0.617650 0.628005 0.640282 0.654657 0.671347 0.690618 0.712795 0.738282 0.767577 0.801302 0.840245 0.885408 0.938090 1.000000 0.920847 0.854057 0.798092 0.750709 0.710252 0.675476 0.645429 0.619371 0.596716 0.577001 0.559853 0.544970 0.532106 0.521062 0.511674 0.503811 0.497366 0.492255 0.488413 0.485791 0.484358 0.484096 0.485002 0.487087 0.490377 0.494912 0.500749 0.507964 0.516652 0.526935 0.538959 0.552909 0.569007 0.587528 0.608812 0.610203 0.602795 0.596987 0.592704 0.589892 0.588519 0.588566 0.590035 0.592943 0.597326 0.603239 0.610756 0.619974 0.631019 0.644045 0.659241 0.676841 0.697133 0.720468 0.747282 0.778117 0.813649 0.854740 0.902492 0.944763 0.886514 0.836929 0.794410 0.757740 0.725977 0.698385 0.674378 0.653489 0.635340 0.619624 0.606092 0.594540 0.584803 0.576746 0.570263 858.000000 1.480461 0.746237
0.592943 0.597326 0.603239 0.610756 0.619974 0.631019 0.644045 0.659241 0.676841 0.697133 0.720468 0.747282 0.778117 0.813649 0.854740 0.902492 0.944763 0.886514 0.836929 0.794410 0.757740 0.725977 0.698385 0.674378 0.653489 0.635340 0.619624 0.606092 0.594540 0.584803 0.576746 0.570263 0.565272 0.561708 0.559528 0.558707 0.559232 0.561112 0.564369 0.569043 0.575191 0.582894 0.592252 0.603393 0.601515 0.589481 0.579286 0.570791 0.563879 0.558463 0.554472 0.551858 0.550589 0.550649 0.552039 0.554776 0.558894 0.564443 0.571494 0.580138 0.590493 0.600384 0.595514 0.592139 0.590215 0.589719 0.590647 0.593008 0.596831 0.602165 0.609074 0.617650 0.628005 0.640282 0.654657 0.671347 0.690618 0.712795 0.738282 0.767577 0.801302 0.840245 0.885408 0.938090 1.000000 0.920847 0.854057 0.798092 0.750709 0.710252 0.675476 0.645429 0.619371 0.596716 0.577001 0.559853 0.544970 0.532106 0.521062 0.511674 0.503811 0.497366 0.492255 0.488413 0.485791 0.484358 0.484096 0.485002 0.487087 0.490377 0.494912 0.500749 0.507964 0.516652 0.526935 0.538959 0.552909 0.569007 0.587528 0.608812 0.610203 0.602795 0.596987 0.592704 0.589892 0.588519 0.588566 0.590035 858.000000 1.480461 0.746237
0.544970 0.532106 0.521062 0.511674 0.503811 0.497366 0.492255 0.488413 0.485791 0.484358 0.484096 0.485002 0.487087 0.490377 0.494912 0.500749 0.507964 0.516652 0.526935 0.538959 0.552909 0.569007 0.587528 0.608812 0.610203 0.602795 0.596987 0.592704 0.589892 0.588519 0.588566 0.590035 0.592943 0.597326 0.603239 0.610756 0.619974 0.631019 0.644045 0.659241 0.676841 0.697133 0.720468 0.747282 0.778117 0.813649 0.854740 0.902492 0.944763 0.886514 0.836929 0.794410 0.757740 0.725977 0.698385 0.674378 0.653489 0.635340 0.619624 0.606092 0.594540 0.584803 0.576746 0.570263 0.565272 0.561708 0.559528 0.558707 0.559232 0.561112 0.564369 0.569043 0.575191 0.582894 0.592252 0.603393 0.601515 0.589481 0.579286 0.570791 0.563879 0.558463 0.554472 0.551858 0.550589 0.550649 0.552039 0.554776 0.558894 0.564443 0.571494 0.580138 0.590493 0.600384 0.595514 0.592139 0.590215 0.589719 0.590647 0.593008 0.596831 0.602165 0.609074 0.617650 0.628005 0.640282 0.654657 0.671347 0.690618 0.712795 0.738282 0.767577 0.801302 0.840245 0.885408 0.938090 1.000000 0.920847 0.854057 0.798092 0.750709 0.710252 0.675476 0.645429 0.619371 0.596716 0.577001 0.559853 858.000000 1.480461 0.746237
0.839033 0.796234 0.759331 0.727371 0.699610 0.675458 0.654442 0.636180 0.620364 0.606741 0.595107 0.585294 0.577167 0.570619 0.565565 0.561941 0.559704 0.558825 0.559294 0.561117 0.564315 0.568929 0.575015 0.582652 0.591940 0.603005 0.600497 0.594975 0.590965 0.588417 0.587299 0.587599 0.589319 0.592481 0.597123 0.603303 0.611101 0.620617 0.631981 0.645352 0.660928 0.678951 0.699717 0.723592 0.751026 0.782583 0.818967 0.861075 0.910059 0.953268 0.903906 0.861376 0.824566 0.792605 0.764802 0.740608 0.719577 0.701351 0.685637 0.672195 0.660832 0.651389 0.643741 0.637790 0.633460 0.630697 0.629468 0.629758 0.631571 0.634928 0.639871 0.646461 0.654781 0.664942 0.677080 0.691366 0.708009 0.727270 0.749463 0.774980 0.750278 0.726289 0.705434 0.687353 0.671753 0.658397 0.647090 0.637675 0.630026 0.624044 0.619653 0.616799 0.615447 0.615581 0.617202 0.620331 0.625004 0.631280 0.639240 0.648986 0.655506 0.645564 0.637432 0.631004 0.626198 0.622953 0.621231 0.621011 0.622289 0.625081 0.629422 0.635365 0.642985 0.652381 0.663677 0.677032 0.692638 0.710734 0.731609 0.755624 0.783220 0.814945 0.851487 0.893714 0.942737 1.000000 0.947626 0.888957 16186.500000 1.228088 0.775739
0.625004 0.631280 0.639240 0.648986 0.655506 0.645564 0.637432 0.631004 0.626198 0.622953 0.621231 0.621011 0.622289 0.625081 0.629422 0.635365 0.642985 0.652381 0.663677 0.677032 0.692638 0.710734 0.731609 0.755624 0.783220 0.814945 0.851487 0.893714 0.942737 1.000000 0.947626 0.888957 0.839033 0.796234 0.759331 0.727371 0.699610 0.675458 0.654442 0.636180 0.620364 0.606741 0.595107 0.585294 0.577167 0.570619 0.565565 0.561941 0.559704 0.558825 0.559294 0.561117 0.564315 0.568929 0.575015 0.582652 0.591940 0.603005 0.600497 0.594975 0.590965 0.588417 0.587299 0.587599 0.589319 0.592481 0.597123 0.603303 0.611101 0.620617 0.631981 0.645352 0.660928 0.678951 0.699717 0.723592 0.751026 0.782583 0.818967 0.861075 0.910059 0.953268 0.903906 0.861376 0.824566 0.792605 0.764802 0.740608 0.719577 0.701351 0.685637 0.672195 0.660832 0.651389 0.643741 0.637790 0.633460 0.630697 0.629468 0.629758 0.631571 0.634928 0.639871 0.646461 0.654781 0.664942 0.677080 0.691366 0.708009 0.727270 0.749463 0.774980 0.750278 0.726289 0.705434 0.687353 0.671753 0.658397 0.647090 0.637675 0.630026 0.624044 0.619653 0.616799 0.615447 0.615581 0.617202 0.620331 16186.500000 1.228088 0.775739
0.633460 0.630697 0.629468 0.629758 0.631571 0.634928 0.639871 0.646461 0.654781 0.664942 0.677080 0.691366 0.708009 0.727270 0.749463 0.774980 0.750278 0.726289 0.705434 0.687353 0.671753 0.658397 0.647090 0.637675 0.630026 0.624044 0.619653 0.616799 0.615447 0.615581 0.617202 0.620331 0.625004 0.631280 0.639240 0.648986 0.655506 0.645564 0.637432 0.631004 0.626198 0.622953 0.621231 0.621011 0.622289 0.625081 0.629422 0.635365 0.642985 0.652381 0.663677 0.677032 0.692638 0.710734 0.731609 0.755624 0.783220 0.814945 0.851487 0.893714 0.942737 1.000000 0.947626 0.888957 0.839033 0.796234 0.759331 0.727371 0.699610 0.675458 0.654442 0.636180 0.620364 0.606741 0.595107 0.585294 0.577167 0.570619 0.565565 0.561941 0.559704 0.558825 0.559294 0.561117 0.564315 0.568929 0.575015 0.582652 0.591940 0.603005 0.600497 0.594975 0.590965 0.588417 0.587299 0.587599 0.589319 0.592481 0.597123 0.603303 0.611101 0.620617 0.631981 0.645352 0.660928 0.678951 0.699717 0.723592 0.751026 0.782583 0.818967 0.861075 0.910059 0.953268 0.903906 0.861376 0.824566 0.792605 0.764802 0.740608 0.719577 0.701351 0.685637 0.672195 0.660832 0.651389 0.643741 0.637790 16186.500000 1.228088 0.775739
0.589319 0.592481 0.597123 0.603303 0.611101 0.620617 0.631981 0.645352 0.660928 0.678951 0.699717 0.723592 0.751026 0.782583 0.818967 0.861075 0.910059 0.953268 0.903906 0.861376 0.824566 0.792605 0.764802 0.740608 0.719577 0.701351 0.685637 0.672195 0.660832 0.651389 0.643741 0.637790 0.633460 0.630697 0.629468 0.629758 0.631571 0.634928 0.639871 0.646461 0.654781 0.664942 0.677080 0.691366 0.708009 0.727270 0.749463 0.774980 0.750278 0.726289 0.705434 0.687353 0.671753 0.658397 0.647090 0.637675 0.630026 0.624044 0.619653 0.616799 0.615447 0.615581 0.617202 0.620331 0.625004 0.631280 0.639240 0.648986 0.655506 0.645564 0.637432 0.631004 0.626198 0.622953 0.621231 0.621011 0.622289 0.625081 0.629422 0.635365 0.642985 0.652381 0.663677 0.677032 0.692638 0.710734 0.731609 0.755624 0.783220 0.814945 0.851487 0.893714 0.942737 1.000000 0.947626 0.888957 0.839033 0.796234 0.759331 0.727371 0.699610 0.675458 0.654442 0.636180 0.620364 0.606741 0.595107 0.585294 0.577167 0.570619 0.565565 0.561941 0.559704 0.558825 0.559294 0.561117 0.564315 0.568929 0.575015 0.582652 0.591940 0.603005 0.600497 0.594975 0.590965 0.588417 0.587299 0.587599 16186.500000 1.228088 0.775739
0.933594 0.885232 0.843567 0.807505 0.776193 0.748956 0.725254 0.704651 0.686796 0.671400 0.658231 0.647097 0.637844 0.630350 0.624516 0.620271 0.617560 0.616351 0.616630 0.618399 0.621681 0.626514 0.632961 0.641102 0.651044 0.662921 0.676901 0.693189 0.712038 0.733758 0.758730 0.735468 0.712726 0.692967 0.675860 0.661130 0.648558 0.637964 0.629201 0.622155 0.616734 0.612870 0.610516 0.609643 0.610241 0.612316 0.615895 0.621020 0.627756 0.636190 0.646431 0.658621 0.672931 0.689575 0.708815 0.730970 0.756436 0.785701 0.819376 0.858226 0.903228 0.955641 0.919441 0.877212 0.840628 0.808843 0.781189 0.757126 0.736222 0.718125 0.702548 0.689258 0.678065 0.668815 0.661385 0.655681 0.651631 0.649185 0.648314 0.649006 0.651270 0.655134 0.660646 0.667873 0.676909 0.687872 0.700913 0.716217 0.734012 0.754578 0.778258 0.792494 0.758088 0.728226 0.702256 0.679655 0.660004 0.642963 0.628255 0.615654 0.604979 0.596078 0.588834 0.583152 0.578959 0.576205 0.574855 0.574893 0.576320 0.579153 0.583426 0.589192 0.596525 0.605520 0.616298 0.629009 0.643840 0.661017 0.680821 0.703596 0.729767 0.759861 0.794540 0.834642 0.881244 0.935745 1.000000 0.990067 7403.500000 1.294551 0.758713
0.660004 0.642963 0.628255 0.615654 0.604979 0.596078 0.588834 0.583152 0.578959 0.576205 0.574855 0.574893 0.576320 0.579153 0.583426 0.589192 0.596525 0.605520 0.616298 0.629009 0.643840 0.661017 0.680821 0.703596 0.729767 0.759861 0.794540 0.834642 0.881244 0.935745 1.000000 0.990067 0.933594 0.885232 0.843567 0.807505 0.776193 0.748956 0.725254 0.704651 0.686796 0.671400 0.658231 0.647097 0.637844 0.630350 0.624516 0.620271 0.617560 0.616351 0.616630 0.618399 0.621681 0.626514 0.632961 0.641102 0.651044 0.662921 0.676901 0.693189 0.712038 0.733758 0.758730 0.735468 0.712726 0.692967 0.675860 0.661130 0.648558 0.637964 0.629201 0.622155 0.616734 0.612870 0.610516 0.609643 0.610241 0.612316 0.615895 0.621020 0.627756 0.636190 0.646431 0.658621 0.672931 0.689575 0.708815 0.730970 0.756436 0.785701 0.819376 0.858226 0.903228 0.955641 0.919441 0.877212 0.840628 0.808843 0.781189 0.757126 0.736222 0.718125 0.702548 0.689258 0.678065 0.668815 0.661385 0.655681 0.651631 0.649185 0.648314 0.649006 0.651270 0.655134 0.660646 0.667873 0.676909 0.687872 0.700913 0.716217 0.734012 0.754578 0.778258 0.792494 0.758088 0.728226 0.702256 0.679655 7403.500000 1.294551 0.758713
0.840628 0.808843 0.781189 0.757126 0.736222 0.718125 0.702548 0.689258 0.678065 0.668815 0.661385 0.655681 0.651631 0.649185 0.648314 0.649006 0.651270 0.655134 0.660646 0.667873 0.676909 0.687872 0.700913 0.716217 0.734012 0.754578 0.778258 0.792494 0.758088 0.728226 0.702256 0.679655 0.660004 0.642963 0.628255 0.615654 0.604979 0.596078 0.588834 0.583152 0.578959 0.576205 0.574855 0.574893 0.576320 0.579153 0.583426 0.589192 0.596525 0.605520 0.616298 0.629009 0.643840 0.661017 0.680821 0.703596 0.729767 0.759861 0.794540 0.834642 0.881244 0.935745 1.000000 0.990067 0.933594 0.885232 0.843567 0.807505 0.776193 0.748956 0.725254 0.704651 0.686796 0.671400 0.658231 0.647097 0.637844 0.630350 0.624516 0.620271 0.617560 0.616351 0.616630 0.618399 0.621681 0.626514 0.632961 0.641102 0.651044 0.662921 0.676901 0.693189 0.712038 0.733758 0.758730 0.735468 0.712726 0.692967 0.675860 0.661130 0.648558 0.637964 0.629201 0.622155 0.616734 0.612870 0.610516 0.609643 0.610241 0.612316 0.615895 0.621020 0.627756 0.636190 0.646431 0.658621 0.672931 0.689575 0.708815 0.730970 0.756436 0.785701 0.819376 0.858226 0.903228 0.955641 0.919441 0.877212 7403.500000 1.294551 0.758713
0.712726 0.692967 0.675860 0.661130 0.648558 0.637964 0.629201 0.622155 0.616734 0.612870 0.610516 0.609643 0.610241 0.612316 0.615895 0.621020 0.627756 0.636190 0.646431 0.658621 0.672931 0.689575 0.708815 0.730970 0.756436 0.785701 0.819376 0.858226 0.903228 0.955641 0.919441 0.877212 0.840628 0.808843 0.781189 0.757126 0.736222 0.718125 0.702548 0.689258 0.678065 0.668815 0.661385 0.655681 0.651631 0.649185 0.648314 0.649006 0.651270 0.655134 0.660646 0.667873 0.676909 0.687872 0.700913 0.716217 0.734012 0.754578 0.778258 0.792494 0.758088 0.728226 0.702256 0.679655 0.660004 0.642963 0.628255 0.615654 0.604979 0.596078 0.588834 0.583152 0.578959 0.576205 0.574855 0.574893 0.576320 0.579153 0.583426 0.589192 0.596525 0.605520 0.616298 0.629009 0.643840 0.661017 0.680821 0.703596 0.729767 0.759861 0.794540 0.834642 0.881244 0.935745 1.000000 0.990067 0.933594 0.885232 0.843567 0.807505 0.776193 0.748956 0.725254 0.704651 0.686796 0.671400 0.658231 0.647097 0.637844 0.630350 0.624516 0.620271 0.617560 0.616351 0.616630 0.618399 0.621681 0.626514 0.632961 0.641102 0.651044 0.662921 0.676901 0.693189 0.712038 0.733758 0.758730 0.735468 7403.500000 1.294551 0.758713
0.770669 0.789859 0.812035 0.837568 0.866916 0.873095 0.869124 0.867270 0.867509 0.869844 0.874304 0.880943 0.889844 0.901119 0.914916 0.931421 0.950866 0.973534 0.999778 1.000000 0.966009 0.936436 0.910747 0.888514 0.869386 0.853075 0.839350 0.828022 0.818943 0.811996 0.807094 0.804176 0.803208 0.804176 0.807094 0.799099 0.775410 0.754850 0.737083 0.721831 0.708871 0.698020 0.689132 0.682090 0.676804 0.673208 0.671260 0.670934 0.672227 0.675155 0.679753 0.686078 0.694211 0.704255 0.716346 0.721105 0.725909 0.732553 0.741123 0.751727 0.764508 0.779642 0.797347 0.817890 0.841602 0.868885 0.900237 0.936277 0.977777 0.986327 0.955708 0.929103 0.906063 0.886222 0.869280 0.854995 0.843170 0.833649 0.826309 0.821057 0.817830 0.816588 0.817315 0.820021 0.824738 0.831525 0.840466 0.851676 0.865301 0.881527 0.900585 0.922757 0.948391 0.939499 0.904474 0.873996 0.847480 0.824454 0.804532 0.787403 0.772811 0.760549 0.750449 0.742380 0.736236 0.731943 0.729446 0.728716 0.729744 0.732542 0.737143 0.743606 0.741126 0.729124 0.719211 0.711253 0.705150 0.700825 0.698225 0.697317 0.698091 0.700557 0.704744 0.710703 0.718511 0.728265 0.740095 0.754163 4531.500000 1.184892 0.878288
0.847480 0.824454 0.804532 0.787403 0.772811 0.760549 0.750449 0.742380 0.736236 0.731943 0.729446 0.728716 0.729744 0.732542 0.737143 0.743606 0.741126 0.729124 0.719211 0.711253 0.705150 0.700825 0.698225 0.697317 0.698091 0.700557 0.704744 0.710703 0.718511 0.728265 0.740095 0.754163 0.770669 0.789859 0.812035 0.837568 0.866916 0.873095 0.869124 0.867270 0.867509 0.869844 0.874304 0.880943 0.889844 0.901119 0.914916 0.931421 0.950866 0.973534 0.999778 1.000000 0.966009 0.936436 0.910747 0.888514 0.869386 0.853075 0.839350 0.828022 0.818943 0.811996 0.807094 0.804176 0.803208 0.804176 0.807094 0.799099 0.775410 0.754850 0.737083 0.721831 0.708871 0.698020 0.689132 0.682090 0.676804 0.673208 0.671260 0.670934 0.672227 0.675155 0.679753 0.686078 0.694211 0.704255 0.716346 0.721105 0.725909 0.732553 0.741123 0.751727 0.764508 0.779642 0.797347 0.817890 0.841602 0.868885 0.900237 0.936277 0.977777 0.986327 0.955708 0.929103 0.906063 0.886222 0.869280 0.854995 0.843170 0.833649 0.826309 0.821057 0.817830 0.816588 0.817315 0.820021 0.824738 0.831525 0.840466 0.851676 0.865301 0.881527 0.900585 0.922757 0.948391 0.939499 0.904474 0.873996 4531.500000 1.184892 0.878288
0.841602 0.868885 0.900237 0.936277 0.977777 0.986327 0.955708 0.929103 0.906063 0.886222 0.869280 0.854995 0.843170 0.833649 0.826309 0.821057 0.817830 0.816588 0.817315 0.820021 0.824738 0.831525 0.840466 0.851676 0.865301 0.881527 0.900585 0.922757 0.948391 0.939499 0.904474 0.873996 0.847480 0.824454 0.804532 0.787403 0.772811 0.760549 0.750449 0.742380 0.736236 0.731943 0.729446 0.728716 0.729744 0.732542 0.737143 0.743606 0.741126 0.729124 0.719211 0.711253 0.705150 0.700825 0.698225 0.697317 0.698091 0.700557 0.704744 0.710703 0.718511 0.728265 0.740095 0.754163 0.770669 0.789859 0.812035 0.837568 0.866916 0.873095 0.869124 0.867270 0.867509 0.869844 0.874304 0.880943 0.889844 0.901119 0.914916 0.931421 0.950866 0.973534 0.999778 1.000000 0.966009 0.936436 0.910747 0.888514 0.869386 0.853075 0.839350 0.828022 0.818943 0.811996 0.807094 0.804176 0.803208 0.804176 0.807094 0.799099 0.775410 0.754850 0.737083 0.721831 0.708871 0.698020 0.689132 0.682090 0.676804 0.673208 0.671260 0.670934 0.672227 0.675155 0.679753 0.686078 0.694211 0.704255 0.716346 0.721105 0.725909 0.732553 0.741123 0.751727 0.764508 0.779642 0.797347 0.817890 4531.500000 1.184892 0.878288
0.803208 0.804176 0.807094 0.799099 0.775410 0.754850 0.737083 0.721831 0.708871 0.698020 0.689132 0.682090 0.676804 0.673208 0.671260 0.670934 0.672227 0.675155 0.679753 0.686078 0.694211 0.704255 0.716346 0.721105 0.725909 0.732553 0.741123 0.751727 0.764508 0.779642 0.797347 0.817890 0.841602 0.868885 0.900237 0.936277 0.977777 0.986327 0.955708 0.929103 0.906063 0.886222 0.869280 0.854995 0.843170 0.833649 0.826309 0.821057 0.817830 0.816588 0.817315 0.820021 0.824738 0.831525 0.840466 0.851676 0.865301 0.881527 0.900585 0.922757 0.948391 0.939499 0.904474 0.873996 0.847480 0.824454 0.804532 0.787403 0.772811 0.760549 0.750449 0.742380 0.736236 0.731943 0.729446 0.728716 0.729744 0.732542 0.737143 0.743606 0.741126 0.729124 0.719211 0.711253 0.705150 0.700825 0.698225 0.697317 0.698091 0.700557 0.704744 0.710703 0.718511 0.728265 0.740095 0.754163 0.770669 0.789859 0.812035 0.837568 0.866916 0.873095 0.869124 0.867270 0.867509 0.869844 0.874304 0.880943 0.889844 0.901119 0.914916 0.931421 0.950866 0.973534 0.999778 1.000000 0.966009 0.936436 0.910747 0.888514 0.869386 0.853075 0.839350 0.828022 0.818943 0.811996 0.807094 0.804176 4531.500000 1.184892 0.878288
0.826509 0.845303 0.867109 0.892277 0.921235 0.950401 0.924330 0.901765 0.882351 0.865797 0.851867 0.840371 0.831156 0.824106 0.819130 0.816169 0.815186 0.801373 0.775197 0.752433 0.732682 0.715622 0.700988 0.688566 0.678183 0.669697 0.662998 0.658002 0.654645 0.652888 0.652708 0.654104 0.657092 0.661709 0.668012 0.676080 0.684716 0.692307 0.701777 0.713253 0.726890 0.742884 0.761473 0.782950 0.807677 0.836096 0.868758 0.906347 0.949728 1.000000 0.995607 0.962012 0.932784 0.907402 0.885441 0.866556 0.850465 0.836941 0.825799 0.816892 0.810105 0.805354 0.802581 0.801752 0.802857 0.805909 0.810946 0.799182 0.779821 0.763171 0.748985 0.737059 0.727231 0.719373 0.713382 0.709185 0.706730 0.705987 0.706946 0.709620 0.714041 0.720263 0.728365 0.738450 0.750653 0.765140 0.782118 0.801842 0.824625 0.850851 0.880991 0.876211 0.852344 0.831694 0.813935 0.798802 0.786081 0.775599 0.767216 0.760825 0.756347 0.753727 0.752933 0.753955 0.756805 0.761518 0.768152 0.776791 0.787546 0.800558 0.816006 0.834110 0.818202 0.803402 0.790999 0.780825 0.772748 0.766665 0.762498 0.760199 0.759738 0.761110 0.764332 0.769443 0.776506 0.785609 0.796872 0.810442 1207.500000 1.099066 0.868225
0.786081 0.775599 0.767216 0.760825 0.756347 0.753727 0.752933 0.753955 0.756805 0.761518 0.768152 0.776791 0.787546 0.800558 0.816006 0.834110 0.818202 0.803402 0.790999 0.780825 0.772748 0.766665 0.762498 0.760199 0.759738 0.761110 0.764332 0.769443 0.776506 0.785609 0.796872 0.810442 0.826509 0.845303 0.867109 0.892277 0.921235 0.950401 0.924330 0.901765 0.882351 0.865797 0.851867 0.840371 0.831156 0.824106 0.819130 0.816169 0.815186 0.801373 0.775197 0.752433 0.732682 0.715622 0.700988 0.688566 0.678183 0.669697 0.662998 0.658002 0.654645 0.652888 0.652708 0.654104 0.657092 0.661709 0.668012 0.676080 0.684716 0.692307 0.701777 0.713253 0.726890 0.742884 0.761473 0.782950 0.807677 0.836096 0.868758 0.906347 0.949728 1.000000 0.995607 0.962012 0.932784 0.907402 0.885441 0.866556 0.850465 0.836941 0.825799 0.816892 0.810105 0.805354 0.802581 0.801752 0.802857 0.805909 0.810946 0.799182 0.779821 0.763171 0.748985 0.737059 0.727231 0.719373 0.713382 0.709185 0.706730 0.705987 0.706946 0.709620 0.714041 0.720263 0.728365 0.738450 0.750653 0.765140 0.782118 0.801842 0.824625 0.850851 0.880991 0.876211 0.852344 0.831694 0.813935 0.798802 1207.500000 1.099066 0.868225
0.802857 0.805909 0.810946 0.799182 0.779821 0.763171 0.748985 0.737059 0.727231 0.719373 0.713382 0.709185 0.706730 0.705987 0.706946 0.709620 0.714041 0.720263 0.728365 0.738450 0.750653 0.765140 0.782118 0.801842 0.824625 0.850851 0.880991 0.876211 0.852344 0.831694 0.813935 0.798802 0.786081 0.775599 0.767216 0.760825 0.756347 0.753727 0.752933 0.753955 0.756805 0.761518 0.768152 0.776791 0.787546 0.800558 0.816006 0.834110 0.818202 0.803402 0.790999 0.780825 0.772748 0.766665 0.762498 0.760199 0.759738 0.761110 0.764332 0.769443 0.776506 0.785609 0.796872 0.810442 0.826509 0.845303 0.867109 0.892277 0.921235 0.950401 0.924330 0.901765 0.882351 0.865797 0.851867 0.840371 0.831156 0.824106 0.819130 0.816169 0.815186 0.801373 0.775197 0.752433 0.732682 0.715622 0.700988 0.688566 0.678183 0.669697 0.662998 0.658002 0.654645 0.652888 0.652708 0.654104 0.657092 0.661709 0.668012 0.676080 0.684716 0.692307 0.701777 0.713253 0.726890 0.742884 0.761473 0.782950 0.807677 0.836096 0.868758 0.906347 0.949728 1.000000 0.995607 0.962012 0.932784 0.907402 0.885441 0.866556 0.850465 0.836941 0.825799 0.816892 0.810105 0.805354 0.802581 0.801752 1207.500000 1.099066 0.868225
0.657092 0.661709 0.668012 0.676080 0.684716 0.692307 0.701777 0.713253 0.726890 0.742884 0.761473 0.782950 0.807677 0.836096 0.868758 0.906347 0.949728 1.000000 0.995607 0.962012 0.932784 0.907402 0.885441 0.866556 0.850465 0.836941 0.825799 0.816892 0.810105 0.805354 0.802581 0.801752 0.802857 0.805909 0.810946 0.799182 0.779821 0.763171 0.748985 0.737059 0.727231 0.719373 0.713382 0.709185 0.706730 0.705987 0.706946 0.709620 0.714041 0.720263 0.728365 0.738450 0.750653 0.765140 0.782118 0.801842 0.824625 0.850851 0.880991 0.876211 0.852344 0.831694 0.813935 0.798802 0.786081 0.775599 0.767216 0.760825 0.756347 0.753727 0.752933 0.753955 0.756805 0.761518 0.768152 0.776791 0.787546 0.800558 0.816006 0.834110 0.818202 0.803402 0.790999 0.780825 0.772748 0.766665 0.762498 0.760199 0.759738 0.761110 0.764332 0.769443 0.776506 0.785609 0.796872 0.810442 0.826509 0.845303 0.867109 0.892277 0.921235 0.950401 0.924330 0.901765 0.882351 0.865797 0.851867 0.840371 0.831156 0.824106 0.819130 0.816169 0.815186 0.801373 0.775197 0.752433 0.732682 0.715622 0.700988 0.688566 0.678183 0.669697 0.662998 0.658002 0.654645 0.652888 0.652708 0.654104 1207.500000 1.099066 0.868225
0.952592 0.925039 0.901146 0.880523 0.862855 0.847885 0.835403 0.825243 0.817273 0.811391 0.807524 0.805626 0.805673 0.807666 0.811629 0.817610 0.825684 0.835953 0.848551 0.844977 0.828660 0.814887 0.803469 0.794253 0.787120 0.781982 0.778774 0.777458 0.778018 0.780460 0.784814 0.791133 0.799497 0.810011 0.822815 0.838081 0.856025 0.876914 0.901073 0.928901 0.960892 0.997655 1.000000 0.970936 0.945728 0.923966 0.905314 0.889501 0.876306 0.865551 0.857097 0.850836 0.846691 0.844611 0.844571 0.846570 0.850633 0.856809 0.865175 0.875837 0.888933 0.904639 0.923175 0.944809 0.965255 0.938251 0.914861 0.894711 0.877499 0.862976 0.850942 0.841238 0.833740 0.828351 0.825006 0.823665 0.824310 0.826951 0.831618 0.838369 0.847289 0.858491 0.872122 0.879149 0.858286 0.840367 0.825129 0.812355 0.801874 0.793546 0.787267 0.782958 0.780566 0.780062 0.781440 0.784717 0.789933 0.797151 0.806464 0.817990 0.831884 0.848337 0.867586 0.889923 0.915705 0.945370 0.966398 0.944051 0.924893 0.908642 0.895072 0.883999 0.875279 0.868803 0.864489 0.862285 0.862163 0.864123 0.868189 0.874409 0.882861 0.893653 0.906923 0.922850 0.941655 0.963613 0.989059 0.984281 1506.500000 1.094138 0.895124
0.789933 0.797151 0.806464 0.817990 0.831884 0.848337 0.867586 0.889923 0.915705 0.945370 0.966398 0.944051 0.924893 0.908642 0.895072 0.883999 0.875279 0.868803 0.864489 0.862285 0.862163 0.864123 0.868189 0.874409 0.882861 0.893653 0.906923 0.922850 0.941655 0.963613 0.989059 0.984281 0.952592 0.925039 0.901146 0.880523 0.862855 0.847885 0.835403 0.825243 0.817273 0.811391 0.807524 0.805626 0.805673 0.807666 0.811629 0.817610 0.825684 0.835953 0.848551 0.844977 0.828660 0.814887 0.803469 0.794253 0.787120 0.781982 0.778774 0.777458 0.778018 0.780460 0.784814 0.791133 0.799497 0.810011 0.822815 0.838081 0.856025 0.876914 0.901073 0.928901 0.960892 0.997655 1.000000 0.970936 0.945728 0.923966 0.905314 0.889501 0.876306 0.865551 0.857097 0.850836 0.846691 0.844611 0.844571 0.846570 0.850633 0.856809 0.865175 0.875837 0.888933 0.904639 0.923175 0.944809 0.965255 0.938251 0.914861 0.894711 0.877499 0.862976 0.850942 0.841238 0.833740 0.828351 0.825006 0.823665 0.824310 0.826951 0.831618 0.838369 0.847289 0.858491 0.872122 0.879149 0.858286 0.840367 0.825129 0.812355 0.801874 0.793546 0.787267 0.782958 0.780566 0.780062 0.781440 0.784717 1506.500000 1.094138 0.895124
0.965255 0.938251 0.914861 0.894711 0.877499 0.862976 0.850942 0.841238 0.833740 0.828351 0.825006 0.823665 0.824310 0.826951 0.831618 0.838369 0.847289 0.858491 0.872122 0.879149 0.858286 0.840367 0.825129 0.812355 0.801874 0.793546 0.787267 0.782958 0.780566 0.780062 0.781440 0.784717 0.789933 0.797151 0.806464 0.817990 0.831884 0.848337 0.867586 0.889923 0.915705 0.945370 0.966398 0.944051 0.924893 0.908642 0.895072 0.883999 0.875279 0.868803 0.864489 0.862285 0.862163 0.864123 0.868189 0.874409 0.882861 0.893653 0.906923 0.922850 0.941655 0.963613 0.989059 0.984281 0.952592 0.925039 0.901146 0.880523 0.862855 0.847885 0.835403 0.825243 0.817273 0.811391 0.807524 0.805626 0.805673 0.807666 0.811629 0.817610 0.825684 0.835953 0.848551 0.844977 0.828660 0.814887 0.803469 0.794253 0.787120 0.781982 0.778774 0.777458 0.778018 0.780460 0.784814 0.791133 0.799497 0.810011 0.822815 0.838081 0.856025 0.876914 0.901073 0.928901 0.960892 0.997655 1.000000 0.970936 0.945728 0.923966 0.905314 0.889501 0.876306 0.865551 0.857097 0.850836 0.846691 0.844611 0.844571 0.846570 0.850633 0.856809 0.865175 0.875837 0.888933 0.904639 0.923175 0.944809 1506.500000 1.094138 0.895124
0.799497 0.810011 0.822815 0.838081 0.856025 0.876914 0.901073 0.928901 0.960892 0.997655 1.000000 0.970936 0.945728 0.923966 0.905314 0.889501 0.876306 0.865551 0.857097 0.850836 0.846691 0.844611 0.844571 0.846570 0.850633 0.856809 0.865175 0.875837 0.888933 0.904639 0.923175 0.944809 0.965255 0.938251 0.914861 0.894711 0.877499 0.862976 0.850942 0.841238 0.833740 0.828351 0.825006 0.823665 0.824310 0.826951 0.831618 0.838369 0.847289 0.858491 0.872122 0.879149 0.858286 0.840367 0.825129 0.812355 0.801874 0.793546 0.787267 0.782958 0.780566 0.780062 0.781440 0.784717 0.789933 0.797151 0.806464 0.817990 0.831884 0.848337 0.867586 0.889923 0.915705 0.945370 0.966398 0.944051 0.924893 0.908642 0.895072 0.883999 0.875279 0.868803 0.864489 0.862285 0.862163 0.864123 0.868189 0.874409 0.882861 0.893653 0.906923 0.922850 0.941655 0.963613 0.989059 0.984281 0.952592 0.925039 0.901146 0.880523 0.862855 0.847885 0.835403 0.825243 0.817273 0.811391 0.807524 0.805626 0.805673 0.807666 0.811629 0.817610 0.825684 0.835953 0.848551 0.844977 0.828660 0.814887 0.803469 0.794253 0.787120 0.781982 0.778774 0.777458 0.778018 0.780460 0.784814 0.791133 1506.500000 1.094138 0.895124
1.000000 0.936913 0.883316 0.837427 0.797898 0.763690 0.733989 0.708155 0.685673 0.666130 0.649190 0.634582 0.622082 0.611510 0.602719 0.595592 0.590036 0.585982 0.583378 0.582194 0.582415 0.584044 0.587100 0.591621 0.597664 0.605304 0.614642 0.625804 0.638947 0.654263 0.671990 0.692420 0.715909 0.742901 0.773945 0.809732 0.784252 0.755138 0.729803 0.707763 0.688625 0.672072 0.657843 0.645728 0.635554 0.627183 0.620506 0.615436 0.611910 0.609886 0.609338 0.610259 0.612662 0.616575 0.622047 0.629146 0.637963 0.648616 0.661250 0.676048 0.693231 0.713074 0.735911 0.762155 0.792321 0.827047 0.867141 0.913634 0.962910 0.910022 0.864616 0.825419 0.791447 0.761923 0.736232 0.713882 0.694472 0.677679 0.663239 0.650937 0.640598 0.632082 0.625275 0.620091 0.616466 0.614354 0.613730 0.614587 0.616934 0.620800 0.626234 0.633302 0.642097 0.652734 0.665359 0.680152 0.697337 0.711735 0.690497 0.672061 0.656124 0.642437 0.630798 0.621043 0.613039 0.606682 0.601891 0.598605 0.596785 0.596409 0.597471 0.599986 0.603982 0.609511 0.616641 0.625464 0.636098 0.648690 0.663421 0.680514 0.700242 0.722942 0.749029 0.779015 0.813544 0.853427 0.899702 0.953711 9052.000000 1.276941 0.753581
0.697337 0.711735 0.690497 0.672061 0.656124 0.642437 0.630798 0.621043 0.613039 0.606682 0.601891 0.598605 0.596785 0.596409 0.597471 0.599986 0.603982 0.609511 0.616641 0.625464 0.636098 0.648690 0.663421 0.680514 0.700242 0.722942 0.749029 0.779015 0.813544 0.853427 0.899702 0.953711 1.000000 0.936913 0.883316 0.837427 0.797898 0.763690 0.733989 0.708155 0.685673 0.666130 0.649190 0.634582 0.622082 0.611510 0.602719 0.595592 0.590036 0.585982 0.583378 0.582194 0.582415 0.584044 0.587100 0.591621 0.597664 0.605304 0.614642 0.625804 0.638947 0.654263 0.671990 0.692420 0.715909 0.742901 0.773945 0.809732 0.784252 0.755138 0.729803 0.707763 0.688625 0.672072 0.657843 0.645728 0.635554 0.627183 0.620506 0.615436 0.611910 0.609886 0.609338 0.610259 0.612662 0.616575 0.622047 0.629146 0.637963 0.648616 0.661250 0.676048 0.693231 0.713074 0.735911 0.762155 0.792321 0.827047 0.867141 0.913634 0.962910 0.910022 0.864616 0.825419 0.791447 0.761923 0.736232 0.713882 0.694472 0.677679 0.663239 0.650937 0.640598 0.632082 0.625275 0.620091 0.616466 0.614354 0.613730 0.614587 0.616934 0.620800 0.626234 0.633302 0.642097 0.652734 0.665359 0.680152 9052.000000 1.276941 0.753581
0.792321 0.827047 0.867141 0.913634 0.962910 0.910022 0.864616 0.825419 0.791447 0.761923 0.736232 0.713882 0.694472 0.677679 0.663239 0.650937 0.640598 0.632082 0.625275 0.620091 0.616466 0.614354 0.613730 0.614587 0.616934 0.620800 0.626234 0.633302 0.642097 0.652734 0.665359 0.680152 0.697337 0.711735 0.690497 0.672061 0.656124 0.642437 0.630798 0.621043 0.613039 0.606682 0.601891 0.598605 0.596785 0.596409 0.597471 0.599986 0.603982 0.609511 0.616641 0.625464 0.636098 0.648690 0.663421 0.680514 0.700242 0.722942 0.749029 0.779015 0.813544 0.853427 0.899702 0.953711 1.000000 0.936913 0.883316 0.837427 0.797898 0.763690 0.733989 0.708155 0.685673 0.666130 0.649190 0.634582 0.622082 0.611510 0.602719 0.595592 0.590036 0.585982 0.583378 0.582194 0.582415 0.584044 0.587100 0.591621 0.597664 0.605304 0.614642 0.625804 0.638947 0.654263 0.671990 0.692420 0.715909 0.742901 0.773945 0.809732 0.784252 0.755138 0.729803 0.707763 0.688625 0.672072 0.657843 0.645728 0.635554 0.627183 0.620506 0.615436 0.611910 0.609886 0.609338 0.610259 0.612662 0.616575 0.622047 0.629146 0.637963 0.648616 0.661250 0.676048 0.693231 0.713074 0.735911 0.762155 9052.000000 1.276941 0.753581
0.715909 0.742901 0.773945 0.809732 0.784252 0.755138 0.729803 0.707763 0.688625 0.672072 0.657843 0.645728 0.635554 0.627183 0.620506 0.615436 0.611910 0.609886 0.609338 0.610259 0.612662 0.616575 0.622047 0.629146 0.637963 0.648616 0.661250 0.676048 0.693231 0.713074 0.735911 0.762155 0.792321 0.827047 0.867141 0.913634 0.962910 0.910022 0.864616 0.825419 0.791447 0.761923 0.736232 0.713882 0.694472 0.677679 0.663239 0.650937 0.640598 0.632082 0.625275 0.620091 0.616466 0.614354 0.613730 0.614587 0.616934 0.620800 0.626234 0.633302 0.642097 0.652734 0.665359 0.680152 0.697337 0.711735 0.690497 0.672061 0.656124 0.642437 0.630798 0.621043 0.613039 0.606682 0.601891 0.598605 0.596785 0.596409 0.597471 0.599986 0.603982 0.609511 0.616641 0.625464 0.636098 0.648690 0.663421 0.680514 0.700242 0.722942 0.749029 0.779015 0.813544 0.853427 0.899702 0.953711 1.000000 0.936913 0.883316 0.837427 0.797898 0.763690 0.733989 0.708155 0.685673 0.666130 0.649190 0.634582 0.622082 0.611510 0.602719 0.595592 0.590036 0.585982 0.583378 0.582194 0.582415 0.584044 0.587100 0.591621 0.597664 0.605304 0.614642 0.625804 0.638947 0.654263 0.671990 0.692420 9052.000000 1.276941 0.753581
0.520926 0.522624 0.525603 0.529901 0.535570 0.542683 0.551334 0.561641 0.573748 0.587836 0.604126 0.622888 0.644454 0.669238 0.697752 0.730642 0.768731 0.813075 0.865060 0.926531 1.000000 0.932627 0.859033 0.797986 0.746719 0.703234 0.666052 0.634054 0.606384 0.582372 0.561491 0.543319 0.527517 0.513811 0.501978 0.491836 0.483237 0.476060 0.470210 0.465610 0.462202 0.459943 0.458806 0.458777 0.459856 0.462056 0.465403 0.469940 0.475724 0.482829 0.491351 0.491230 0.491952 0.493868 0.497001 0.501389 0.507088 0.514171 0.522732 0.532888 0.544785 0.558602 0.574558 0.592923 0.614029 0.636355 0.631913 0.629037 0.627693 0.627863 0.629551 0.632776 0.637579 0.644018 0.652176 0.662159 0.674101 0.688171 0.704574 0.723563 0.745450 0.770617 0.799536 0.832795 0.849905 0.806580 0.769222 0.736867 0.708763 0.684312 0.663036 0.644549 0.628538 0.614748 0.602972 0.593040 0.584817 0.578192 0.573080 0.569418 0.567160 0.566279 0.566764 0.557069 0.544093 0.532963 0.523514 0.515616 0.509160 0.504064 0.500262 0.497706 0.496367 0.496227 0.497284 0.499552 0.503059 0.507847 0.513977 0.521529 0.530603 0.541326 0.537571 0.531473 0.526765 0.523391 0.521307 0.520489 2544.000000 1.448012 0.747775
0.584817 0.578192 0.573080 0.569418 0.567160 0.566279 0.566764 0.557069 0.544093 0.532963 0.523514 0.515616 0.509160 0.504064 0.500262 0.497706 0.496367 0.496227 0.497284 0.499552 0.503059 0.507847 0.513977 0.521529 0.530603 0.541326 0.537571 0.531473 0.526765 0.523391 0.521307 0.520489 0.520926 0.522624 0.525603 0.529901 0.535570 0.542683 0.551334 0.561641 0.573748 0.587836 0.604126 0.622888 0.644454 0.669238 0.697752 0.730642 0.768731 0.813075 0.865060 0.926531 1.000000 0.932627 0.859033 0.797986 0.746719 0.703234 0.666052 0.634054 0.606384 0.582372 0.561491 0.543319 0.527517 0.513811 0.501978 0.491836 0.483237 0.476060 0.470210 0.465610 0.462202 0.459943 0.458806 0.458777 0.459856 0.462056 0.465403 0.469940 0.475724 0.482829 0.491351 0.491230 0.491952 0.493868 0.497001 0.501389 0.507088 0.514171 0.522732 0.532888 0.544785 0.558602 0.574558 0.592923 0.614029 0.636355 0.631913 0.629037 0.627693 0.627863 0.629551 0.632776 0.637579 0.644018 0.652176 0.662159 0.674101 0.688171 0.704574 0.723563 0.745450 0.770617 0.799536 0.832795 0.849905 0.806580 0.769222 0.736867 0.708763 0.684312 0.663036 0.644549 0.628538 0.614748 0.602972 0.593040 2544.000000 1.448012 0.747775
0.614029 0.636355 0.631913 0.629037 0.627693 0.627863 0.629551 0.632776 0.637579 0.644018 0.652176 0.662159 0.674101 0.688171 0.704574 0.723563 0.745450 0.770617 0.799536 0.832795 0.849905 0.806580 0.769222 0.736867 0.708763 0.684312 0.663036 0.644549 0.628538 0.614748 0.602972 0.593040 0.584817 0.578192 0.573080 0.569418 0.567160 0.566279 0.566764 0.557069 0.544093 0.532963 0.523514 0.515616 0.509160 0.504064 0.500262 0.497706 0.496367 0.496227 0.497284 0.499552 0.503059 0.507847 0.513977 0.521529 0.530603 0.541326 0.537571 0.531473 0.526765 0.523391 0.521307 0.520489 0.520926 0.522624 0.525603 0.529901 0.535570 0.542683 0.551334 0.561641 0.573748 0.587836 0.604126 0.622888 0.644454 0.669238 0.697752 0.730642 0.768731 0.813075 0.865060 0.926531 1.000000 0.932627 0.859033 0.797986 0.746719 0.703234 0.666052 0.634054 0.606384 0.582372 0.561491 0.543319 0.527517 0.513811 0.501978 0.491836 0.483237 0.476060 0.470210 0.465610 0.462202 0.459943 0.458806 0.458777 0.459856 0.462056 0.465403 0.469940 0.475724 0.482829 0.491351 0.491230 0.491952 0.493868 0.497001 0.501389 0.507088 0.514171 0.522732 0.532888 0.544785 0.558602 0.574558 0.592923 2544.000000 1.448012 0.747775
0.527517 0.513811 0.501978 0.491836 0.483237 0.476060 0.470210 0.465610 0.462202 0.459943 0.458806 0.458777 0.459856 0.462056 0.465403 0.469940 0.475724 0.482829 0.491351 0.491230 0.491952 0.493868 0.497001 0.501389 0.507088 0.514171 0.522732 0.532888 0.544785 0.558602 0.574558 0.592923 0.614029 0.636355 0.631913 0.629037 0.627693 0.627863 0.629551 0.632776 0.637579 0.644018 0.652176 0.662159 0.674101 0.688171 0.704574 0.723563 0.745450 0.770617 0.799536 0.832795 0.849905 0.806580 0.769222 0.736867 0.708763 0.684312 0.663036 0.644549 0.628538 0.614748 0.602972 0.593040 0.584817 0.578192 0.573080 0.569418 0.567160 0.566279 0.566764 0.557069 0.544093 0.532963 0.523514 0.515616 0.509160 0.504064 0.500262 0.497706 0.496367 0.496227 0.497284 0.499552 0.503059 0.507847 0.513977 0.521529 0.530603 0.541326 0.537571 0.531473 0.526765 0.523391 0.521307 0.520489 0.520926 0.522624 0.525603 0.529901 0.535570 0.542683 0.551334 0.561641 0.573748 0.587836 0.604126 0.622888 0.644454 0.669238 0.697752 0.730642 0.768731 0.813075 0.865060 0.926531 1.000000 0.932627 0.859033 0.797986 0.746719 0.703234 0.666052 0.634054 0.606384 0.582372 0.561491 0.543319 2544.000000 1.448012 0.747775
0.878705 0.926991 0.904832 0.879704 0.857945 0.839209 0.823215 0.809733 0.798578 0.789603 0.782692 0.777759 0.774742 0.773605 0.774334 0.776937 0.781448 0.787920 0.796435 0.807101 0.820060 0.815422 0.777897 0.745391 0.717150 0.692579 0.671200 0.652626 0.636544 0.622700 0.610886 0.600932 0.592703 0.586088 0.581004 0.577387 0.575191 0.574391 0.574976 0.576953 0.580347 0.585200 0.591571 0.599543 0.609220 0.620735 0.634251 0.649969 0.668137 0.689057 0.713103 0.740737 0.772536 0.801099 0.780017 0.761805 0.746180 0.732914 0.721819 0.712747 0.705579 0.700224 0.696615 0.694708 0.694480 0.695928 0.699070 0.703943 0.710610 0.719152 0.729682 0.742340 0.757301 0.774783 0.795051 0.818433 0.845330 0.876238 0.911771 0.952701 1.000000 0.966307 0.905919 0.854573 0.810583 0.772671 0.739849 0.711346 0.686550 0.664973 0.646220 0.629972 0.615968 0.603997 0.593886 0.585495 0.578712 0.573450 0.569644 0.567245 0.566224 0.566570 0.568286 0.571393 0.575929 0.581951 0.589536 0.598782 0.609816 0.615057 0.611897 0.610232 0.610041 0.611323 0.614092 0.618384 0.624250 0.631765 0.641027 0.652158 0.665314 0.680685 0.698506 0.719065 0.742713 0.769888 0.801130 0.837116 3817.000000 1.355938 0.800333
0.578712 0.573450 0.569644 0.567245 0.566224 0.566570 0.568286 0.571393 0.575929 0.581951 0.589536 0.598782 0.609816 0.615057 0.611897 0.610232 0.610041 0.611323 0.614092 0.618384 0.624250 0.631765 0.641027 0.652158 0.665314 0.680685 0.698506 0.719065 0.742713 0.769888 0.801130 0.837116 0.878705 0.926991 0.904832 0.879704 0.857945 0.839209 0.823215 0.809733 0.798578 0.789603 0.782692 0.777759 0.774742 0.773605 0.774334 0.776937 0.781448 0.787920 0.796435 0.807101 0.820060 0.815422 0.777897 0.745391 0.717150 0.692579 0.671200 0.652626 0.636544 0.622700 0.610886 0.600932 0.592703 0.586088 0.581004 0.577387 0.575191 0.574391 0.574976 0.576953 0.580347 0.585200 0.591571 0.599543 0.609220 0.620735 0.634251 0.649969 0.668137 0.689057 0.713103 0.740737 0.772536 0.801099 0.780017 0.761805 0.746180 0.732914 0.721819 0.712747 0.705579 0.700224 0.696615 0.694708 0.694480 0.695928 0.699070 0.703943 0.710610 0.719152 0.729682 0.742340 0.757301 0.774783 0.795051 0.818433 0.845330 0.876238 0.911771 0.952701 1.000000 0.966307 0.905919 0.854573 0.810583 0.772671 0.739849 0.711346 0.686550 0.664973 0.646220 0.629972 0.615968 0.603997 0.593886 0.585495 3817.000000 1.355938 0.800333
0.694480 0.695928 0.699070 0.703943 0.710610 0.719152 0.729682 0.742340 0.757301 0.774783 0.795051 0.818433 0.845330 0.876238 0.911771 0.952701 1.000000 0.966307 0.905919 0.854573 0.810583 0.772671 0.739849 0.711346 0.686550 0.664973 0.646220 0.629972 0.615968 0.603997 0.593886 0.585495 0.578712 0.573450 0.569644 0.567245 0.566224 0.566570 0.568286 0.571393 0.575929 0.581951 0.589536 0.598782 0.609816 0.615057 0.611897 0.610232 0.610041 0.611323 0.614092 0.618384 0.624250 0.631765 0.641027 0.652158 0.665314 0.680685 0.698506 0.719065 0.742713 0.769888 0.801130 0.837116 0.878705 0.926991 0.904832 0.879704 0.857945 0.839209 0.823215 0.809733 0.798578 0.789603 0.782692 0.777759 0.774742 0.773605 0.774334 0.776937 0.781448 0.787920 0.796435 0.807101 0.820060 0.815422 0.777897 0.745391 0.717150 0.692579 0.671200 0.652626 0.636544 0.622700 0.610886 0.600932 0.592703 0.586088 0.581004 0.577387 0.575191 0.574391 0.574976 0.576953 0.580347 0.585200 0.591571 0.599543 0.609220 0.620735 0.634251 0.649969 0.668137 0.689057 0.713103 0.740737 0.772536 0.801099 0.780017 0.761805 0.746180 0.732914 0.721819 0.712747 0.705579 0.700224 0.696615 0.694708 3817.000000 1.355938 0.800333
0.592703 0.586088 0.581004 0.577387 0.575191 0.574391 0.574976 0.576953 0.580347 0.585200 0.591571 0.599543 0.609220 0.620735 0.634251 0.649969 0.668137 0.689057 0.713103 0.740737 0.772536 0.801099 0.780017 0.761805 0.746180 0.732914 0.721819 0.712747 0.705579 0.700224 0.696615 0.694708 0.694480 0.695928 0.699070 0.703943 0.710610 0.719152 0.729682 0.742340 0.757301 0.774783 0.795051 0.818433 0.845330 0.876238 0.911771 0.952701 1.000000 0.966307 0.905919 0.854573 0.810583 0.772671 0.739849 0.711346 0.686550 0.664973 0.646220 0.629972 0.615968 0.603997 0.593886 0.585495 0.578712 0.573450 0.569644 0.567245 0.566224 0.566570 0.568286 0.571393 0.575929 0.581951 0.589536 0.598782 0.609816 0.615057 0.611897 0.610232 0.610041 0.611323 0.614092 0.618384 0.624250 0.631765 0.641027 0.652158 0.665314 0.680685 0.698506 0.719065 0.742713 0.769888 0.801130 0.837116 0.878705 0.926991 0.904832 0.879704 0.857945 0.839209 0.823215 0.809733 0.798578 0.789603 0.782692 0.777759 0.774742 0.773605 0.774334 0.776937 0.781448 0.787920 0.796435 0.807101 0.820060 0.815422 0.777897 0.745391 0.717150 0.692579 0.671200 0.652626 0.636544 0.622700 0.610886 0.600932 3817.000000 1.355938 0.800333
0.830939 0.854468 0.826361 0.801916 0.780701 0.762370 0.746637 0.733271 0.722084 0.712925 0.705674 0.700239 0.696553 0.694569 0.694265 0.695636 0.698699 0.703491 0.710072 0.718525 0.728959 0.741512 0.756360 0.773717 0.793846 0.817071 0.798008 0.773740 0.752664 0.734429 0.718747 0.705384 0.694151 0.684894 0.677491 0.671848 0.667894 0.665581 0.664879 0.665781 0.668298 0.672460 0.678319 0.685947 0.695444 0.706934 0.720575 0.727931 0.711338 0.697127 0.685091 0.675062 0.666906 0.660517 0.655814 0.652738 0.651254 0.651341 0.653002 0.656256 0.661144 0.667726 0.676085 0.686331 0.698600 0.713066 0.729939 0.749479 0.772005 0.797909 0.827675 0.861904 0.901352 0.946975 1.000000 0.941375 0.890835 0.847382 0.809831 0.777260 0.748943 0.724300 0.702866 0.684265 0.668192 0.654397 0.642676 0.632866 0.624834 0.618474 0.613706 0.610471 0.608728 0.608457 0.609654 0.612334 0.616529 0.622292 0.629694 0.638833 0.649829 0.662835 0.678039 0.695673 0.716019 0.739426 0.766324 0.770531 0.753625 0.739187 0.727011 0.716928 0.708806 0.702538 0.698048 0.695279 0.694198 0.694791 0.697067 0.701051 0.706794 0.714367 0.723866 0.735418 0.749178 0.765342 0.784149 0.805894 4577.000000 1.139183 0.832141
0.616529 0.622292 0.629694 0.638833 0.649829 0.662835 0.678039 0.695673 0.716019 0.739426 0.766324 0.770531 0.753625 0.739187 0.727011 0.716928 0.708806 0.702538 0.698048 0.695279 0.694198 0.694791 0.697067 0.701051 0.706794 0.714367 0.723866 0.735418 0.749178 0.765342 0.784149 0.805894 0.830939 0.854468 0.826361 0.801916 0.780701 0.762370 0.746637 0.733271 0.722084 0.712925 0.705674 0.700239 0.696553 0.694569 0.694265 0.695636 0.698699 0.703491 0.710072 0.718525 0.728959 0.741512 0.756360 0.773717 0.793846 0.817071 0.798008 0.773740 0.752664 0.734429 0.718747 0.705384 0.694151 0.684894 0.677491 0.671848 0.667894 0.665581 0.664879 0.665781 0.668298 0.672460 0.678319 0.685947 0.695444 0.706934 0.720575 0.727931 0.711338 0.697127 0.685091 0.675062 0.666906 0.660517 0.655814 0.652738 0.651254 0.651341 0.653002 0.656256 0.661144 0.667726 0.676085 0.686331 0.698600 0.713066 0.729939 0.749479 0.772005 0.797909 0.827675 0.861904 0.901352 0.946975 1.000000 0.941375 0.890835 0.847382 0.809831 0.777260 0.748943 0.724300 0.702866 0.684265 0.668192 0.654397 0.642676 0.632866 0.624834 0.618474 0.613706 0.610471 0.608728 0.608457 0.609654 0.612334 4577.000000 1.139183 0.832141
0.698600 0.713066 0.729939 0.749479 0.772005 0.797909 0.827675 0.861904 0.901352 0.946975 1.000000 0.941375 0.890835 0.847382 0.809831 0.777260 0.748943 0.724300 0.702866 0.684265 0.668192 0.654397 0.642676 0.632866 0.624834 0.618474 0.613706 0.610471 0.608728 0.608457 0.609654 0.612334 0.616529 0.622292 0.629694 0.638833 0.649829 0.662835 0.678039 0.695673 0.716019 0.739426 0.766324 0.770531 0.753625 0.739187 0.727011 0.716928 0.708806 0.702538 0.698048 0.695279 0.694198 0.694791 0.697067 0.701051 0.706794 0.714367 0.723866 0.735418 0.749178 0.765342 0.784149 0.805894 0.830939 0.854468 0.826361 0.801916 0.780701 0.762370 0.746637 0.733271 0.722084 0.712925 0.705674 0.700239 0.696553 0.694569 0.694265 0.695636 0.698699 0.703491 0.710072 0.718525 0.728959 0.741512 0.756360 0.773717 0.793846 0.817071 0.798008 0.773740 0.752664 0.734429 0.718747 0.705384 0.694151 0.684894 0.677491 0.671848 0.667894 0.665581 0.664879 0.665781 0.668298 0.672460 0.678319 0.685947 0.695444 0.706934 0.720575 0.727931 0.711338 0.697127 0.685091 0.675062 0.666906 0.660517 0.655814 0.652738 0.651254 0.651341 0.653002 0.656256 0.661144 0.667726 0.676085 0.686331 4577.000000 1.139183 0.832141
0.694151 0.684894 0.677491 0.671848 0.667894 0.665581 0.664879 0.665781 0.668298 0.672460 0.678319 0.685947 0.695444 0.706934 0.720575 0.727931 0.711338 0.697127 0.685091 0.675062 0.666906 0.660517 0.655814 0.652738 0.651254 0.651341 0.653002 0.656256 0.661144 0.667726 0.676085 0.686331 0.698600 0.713066 0.729939 0.749479 0.772005 0.797909 0.827675 0.861904 0.901352 0.946975 1.000000 0.941375 0.890835 0.847382 0.809831 0.777260 0.748943 0.724300 0.702866 0.684265 0.668192 0.654397 0.642676 0.632866 0.624834 0.618474 0.613706 0.610471 0.608728 0.608457 0.609654 0.612334 0.616529 0.622292 0.629694 0.638833 0.649829 0.662835 0.678039 0.695673 0.716019 0.739426 0.766324 0.770531 0.753625 0.739187 0.727011 0.716928 0.708806 0.702538 0.698048 0.695279 0.694198 0.694791 0.697067 0.701051 0.706794 0.714367 0.723866 0.735418 0.749178 0.765342 0.784149 0.805894 0.830939 0.854468 0.826361 0.801916 0.780701 0.762370 0.746637 0.733271 0.722084 0.712925 0.705674 0.700239 0.696553 0.694569 0.694265 0.695636 0.698699 0.703491 0.710072 0.718525 0.728959 0.741512 0.756360 0.773717 0.793846 0.817071 0.798008 0.773740 0.752664 0.734429 0.718747 0.705384 4577.000000 1.139183 0.832141
1.000000 0.990158 0.941530 0.899520 0.863090 0.831420 0.803860 0.779888 0.759079 0.741091 0.725644 0.712508 0.701500 0.692470 0.685299 0.679896 0.676194 0.674147 0.673731 0.674941 0.677790 0.682315 0.688570 0.696635 0.706613 0.718638 0.732875 0.749530 0.768855 0.791159 0.816822 0.846314 0.880215 0.919252 0.929041 0.887837 0.852098 0.821027 0.793987 0.770468 0.750058 0.732420 0.717281 0.704418 0.693649 0.684830 0.677844 0.672604 0.669044 0.667120 0.666808 0.668106 0.671028 0.675611 0.681911 0.690007 0.700005 0.712037 0.726271 0.742911 0.762211 0.784481 0.810101 0.839543 0.873388 0.890236 0.860966 0.835509 0.813417 0.794328 0.777945 0.764028 0.752380 0.742845 0.735298 0.729643 0.725810 0.723751 0.723441 0.724878 0.728077 0.733079 0.739945 0.748761 0.759643 0.772734 0.788217 0.806315 0.827303 0.851520 0.879379 0.911393 0.948196 0.920362 0.875095 0.835992 0.802083 0.772607 0.746956 0.724643 0.705275 0.688530 0.674148 0.661917 0.651664 0.643250 0.636564 0.631521 0.628059 0.626135 0.625725 0.626825 0.629448 0.633625 0.639410 0.646873 0.656113 0.667250 0.680440 0.695872 0.713780 0.734450 0.758234 0.785566 0.816984 0.853160 0.894944 0.943422 11611.000000 1.086262 0.776586
0.802083 0.772607 0.746956 0.724643 0.705275 0.688530 0.674148 0.661917 0.651664 0.643250 0.636564 0.631521 0.628059 0.626135 0.625725 0.626825 0.629448 0.633625 0.639410 0.646873 0.656113 0.667250 0.680440 0.695872 0.713780 0.734450 0.758234 0.785566 0.816984 0.853160 0.894944 0.943422 1.000000 0.990158 0.941530 0.899520 0.863090 0.831420 0.803860 0.779888 0.759079 0.741091 0.725644 0.712508 0.701500 0.692470 0.685299 0.679896 0.676194 0.674147 0.673731 0.674941 0.677790 0.682315 0.688570 0.696635 0.706613 0.718638 0.732875 0.749530 0.768855 0.791159 0.816822 0.846314 0.880215 0.919252 0.929041 0.887837 0.852098 0.821027 0.793987 0.770468 0.750058 0.732420 0.717281 0.704418 0.693649 0.684830 0.677844 0.672604 0.669044 0.667120 0.666808 0.668106 0.671028 0.675611 0.681911 0.690007 0.700005 0.712037 0.726271 0.742911 0.762211 0.784481 0.810101 0.839543 0.873388 0.890236 0.860966 0.835509 0.813417 0.794328 0.777945 0.764028 0.752380 0.742845 0.735298 0.729643 0.725810 0.723751 0.723441 0.724878 0.728077 0.733079 0.739945 0.748761 0.759643 0.772734 0.788217 0.806315 0.827303 0.851520 0.879379 0.911393 0.948196 0.920362 0.875095 0.835992 11611.000000 1.086262 0.776586
0.873388 0.890236 0.860966 0.835509 0.813417 0.794328 0.777945 0.764028 0.752380 0.742845 0.735298 0.729643 0.725810 0.723751 0.723441 0.724878 0.728077 0.733079 0.739945 0.748761 0.759643 0.772734 0.788217 0.806315 0.827303 0.851520 0.879379 0.911393 0.948196 0.920362 0.875095 0.835992 0.802083 0.772607 0.746956 0.724643 0.705275 0.688530 0.674148 0.661917 0.651664 0.643250 0.636564 0.631521 0.628059 0.626135 0.625725 0.626825 0.629448 0.633625 0.639410 0.646873 0.656113 0.667250 0.680440 0.695872 0.713780 0.734450 0.758234 0.785566 0.816984 0.853160 0.894944 0.943422 1.000000 0.990158 0.941530 0.899520 0.863090 0.831420 0.803860 0.779888 0.759079 0.741091 0.725644 0.712508 0.701500 0.692470 0.685299 0.679896 0.676194 0.674147 0.673731 0.674941 0.677790 0.682315 0.688570 0.696635 0.706613 0.718638 0.732875 0.749530 0.768855 0.791159 0.816822 0.846314 0.880215 0.919252 0.929041 0.887837 0.852098 0.821027 0.793987 0.770468 0.750058 0.732420 0.717281 0.704418 0.693649 0.684830 0.677844 0.672604 0.669044 0.667120 0.666808 0.668106 0.671028 0.675611 0.681911 0.690007 0.700005 0.712037 0.726271 0.742911 0.762211 0.784481 0.810101 0.839543 11611.000000 1.086262 0.776586
0.880215 0.919252 0.929041 0.887837 0.852098 0.821027 0.793987 0.770468 0.750058 0.732420 0.717281 0.704418 0.693649 0.684830 0.677844 0.672604 0.669044 0.667120 0.666808 0.668106 0.671028 0.675611 0.681911 0.690007 0.700005 0.712037 0.726271 0.742911 0.762211 0.784481 0.810101 0.839543 0.873388 0.890236 0.860966 0.835509 0.813417 0.794328 0.777945 0.764028 0.752380 0.742845 0.735298 0.729643 0.725810 0.723751 0.723441 0.724878 0.728077 0.733079 0.739945 0.748761 0.759643 0.772734 0.788217 0.806315 0.827303 0.851520 0.879379 0.911393 0.948196 0.920362 0.875095 0.835992 0.802083 0.772607 0.746956 0.724643 0.705275 0.688530 0.674148 0.661917 0.651664 0.643250 0.636564 0.631521 0.628059 0.626135 0.625725 0.626825 0.629448 0.633625 0.639410 0.646873 0.656113 0.667250 0.680440 0.695872 0.713780 0.734450 0.758234 0.785566 0.816984 0.853160 0.894944 0.943422 1.000000 0.990158 0.941530 0.899520 0.863090 0.831420 0.803860 0.779888 0.759079 0.741091 0.725644 0.712508 0.701500 0.692470 0.685299 0.679896 0.676194 0.674147 0.673731 0.674941 0.677790 0.682315 0.688570 0.696635 0.706613 0.718638 0.732875 0.749530 0.768855 0.791159 0.816822 0.846314 11611.000000 1.086262 0.776586
0.819936 0.784934 0.754542 0.728104 0.705097 0.685100 0.667770 0.652829 0.640050 0.629248 0.620275 0.613010 0.607359 0.603252 0.600637 0.599483 0.599775 0.601517 0.604731 0.609455 0.615749 0.623692 0.633388 0.644970 0.658599 0.674476 0.692848 0.714017 0.738355 0.766323 0.798492 0.835581 0.878503 0.906321 0.860320 0.820644 0.786277 0.756422 0.730447 0.707845 0.688208 0.671204 0.656564 0.644067 0.633535 0.624823 0.617816 0.612422 0.608576 0.606229 0.605353 0.605937 0.607988 0.611532 0.616611 0.623289 0.631652 0.641810 0.653900 0.668096 0.684607 0.703693 0.725673 0.750937 0.779970 0.813377 0.851918 0.896561 0.948552 1.000000 0.942390 0.893091 0.850641 0.813915 0.782035 0.754307 0.730177 0.709198 0.691010 0.675317 0.661880 0.650504 0.641031 0.633333 0.627312 0.622890 0.620014 0.618647 0.618774 0.620396 0.623532 0.628222 0.634522 0.642514 0.652301 0.664016 0.677822 0.693921 0.712562 0.700355 0.687198 0.676124 0.666984 0.659655 0.654044 0.650080 0.647716 0.646921 0.647686 0.650022 0.653955 0.659535 0.666831 0.675936 0.686972 0.700089 0.715474 0.733356 0.754018 0.777807 0.805148 0.836570 0.872733 0.914465 0.962825 0.962109 0.907308 0.860375 1218.000000 1.160378 0.746369
0.677822 0.693921 0.712562 0.700355 0.687198 0.676124 0.666984 0.659655 0.654044 0.650080 0.647716 0.646921 0.647686 0.650022 0.653955 0.659535 0.666831 0.675936 0.686972 0.700089 0.715474 0.733356 0.754018 0.777807 0.805148 0.836570 0.872733 0.914465 0.962825 0.962109 0.907308 0.860375 0.819936 0.784934 0.754542 0.728104 0.705097 0.685100 0.667770 0.652829 0.640050 0.629248 0.620275 0.613010 0.607359 0.603252 0.600637 0.599483 0.599775 0.601517 0.604731 0.609455 0.615749 0.623692 0.633388 0.644970 0.658599 0.674476 0.692848 0.714017 0.738355 0.766323 0.798492 0.835581 0.878503 0.906321 0.860320 0.820644 0.786277 0.756422 0.730447 0.707845 0.688208 0.671204 0.656564 0.644067 0.633535 0.624823 0.617816 0.612422 0.608576 0.606229 0.605353 0.605937 0.607988 0.611532 0.616611 0.623289 0.631652 0.641810 0.653900 0.668096 0.684607 0.703693 0.725673 0.750937 0.779970 0.813377 0.851918 0.896561 0.948552 1.000000 0.942390 0.893091 0.850641 0.813915 0.782035 0.754307 0.730177 0.709198 0.691010 0.675317 0.661880 0.650504 0.641031 0.633333 0.627312 0.622890 0.620014 0.618647 0.618774 0.620396 0.623532 0.628222 0.634522 0.642514 0.652301 0.664016 1218.000000 1.160378 0.746369
0.779970 0.813377 0.851918 0.896561 0.948552 1.000000 0.942390 0.893091 0.850641 0.813915 0.782035 0.754307 0.730177 0.709198 0.691010 0.675317 0.661880 0.650504 0.641031 0.633333 0.627312 0.622890 0.620014 0.618647 0.618774 0.620396 0.623532 0.628222 0.634522 0.642514 0.652301 0.664016 0.677822 0.693921 0.712562 0.700355 0.687198 0.676124 0.666984 0.659655 0.654044 0.650080 0.647716 0.646921 0.647686 0.650022 0.653955 0.659535 0.666831 0.675936 0.686972 0.700089 0.715474 0.733356 0.754018 0.777807 0.805148 0.836570 0.872733 0.914465 0.962825 0.962109 0.907308 0.860375 0.819936 0.784934 0.754542 0.728104 0.705097 0.685100 0.667770 0.652829 0.640050 0.629248 0.620275 0.613010 0.607359 0.603252 0.600637 0.599483 0.599775 0.601517 0.604731 0.609455 0.615749 0.623692 0.633388 0.644970 0.658599 0.674476 0.692848 0.714017 0.738355 0.766323 0.798492 0.835581 0.878503 0.906321 0.860320 0.820644 0.786277 0.756422 0.730447 0.707845 0.688208 0.671204 0.656564 0.644067 0.633535 0.624823 0.617816 0.612422 0.608576 0.606229 0.605353 0.605937 0.607988 0.611532 0.616611 0.623289 0.631652 0.641810 0.653900 0.668096 0.684607 0.703693 0.725673 0.750937 1218.000000 1.160378 0.746369
0.878503 0.906321 0.860320 0.820644 0.786277 0.756422 0.730447 0.707845 0.688208 0.671204 0.656564 0.644067 0.633535 0.624823 0.617816 0.612422 0.608576 0.606229 0.605353 0.605937 0.607988 0.611532 0.616611 0.623289 0.631652 0.641810 0.653900 0.668096 0.684607 0.703693 0.725673 0.750937 0.779970 0.813377 0.851918 0.896561 0.948552 1.000000 0.942390 0.893091 0.850641 0.813915 0.782035 0.754307 0.730177 0.709198 0.691010 0.675317 0.661880 0.650504 0.641031 0.633333 0.627312 0.622890 0.620014 0.618647 0.618774 0.620396 0.623532 0.628222 0.634522 0.642514 0.652301 0.664016 0.677822 0.693921 0.712562 0.700355 0.687198 0.676124 0.666984 0.659655 0.654044 0.650080 0.647716 0.646921 0.647686 0.650022 0.653955 0.659535 0.666831 0.675936 0.686972 0.700089 0.715474 0.733356 0.754018 0.777807 0.805148 0.836570 0.872733 0.914465 0.962825 0.962109 0.907308 0.860375 0.819936 0.784934 0.754542 0.728104 0.705097 0.685100 0.667770 0.652829 0.640050 0.629248 0.620275 0.613010 0.607359 0.603252 0.600637 0.599483 0.599775 0.601517 0.604731 0.609455 0.615749 0.623692 0.633388 0.644970 0.658599 0.674476 0.692848 0.714017 0.738355 0.766323 0.798492 0.835581 1218.000000 1.160378 0.746369
0.856834 0.847013 0.839413 0.833939 0.830525 0.829127 0.829730 0.832340 0.836989 0.843735 0.852661 0.863882 0.877544 0.893833 0.912979 0.935265 0.961041 0.990731 0.997828 0.966778 0.939797 0.916430 0.896303 0.879113 0.864614 0.852606 0.842930 0.835462 0.830107 0.826799 0.825498 0.826189 0.828879 0.833601 0.840414 0.849402 0.860681 0.874398 0.854992 0.834120 0.816162 0.800850 0.787965 0.777331 0.768808 0.762286 0.757684 0.754945 0.754035 0.754945 0.757684 0.762286 0.768808 0.777331 0.787965 0.800850 0.816162 0.834120 0.854992 0.879107 0.906870 0.938780 0.926942 0.912607 0.900846 0.891505 0.884464 0.879636 0.876962 0.876409 0.877970 0.881665 0.887538 0.895662 0.906139 0.919105 0.934732 0.953235 0.974882 1.000000 0.995118 0.958211 0.926095 0.898155 0.873895 0.852912 0.834878 0.819523 0.806632 0.796027 0.787571 0.781154 0.776698 0.774146 0.773468 0.774656 0.777724 0.780836 0.783669 0.788429 0.795174 0.803990 0.814988 0.828315 0.844153 0.862726 0.884314 0.900296 0.881595 0.865698 0.852382 0.841465 0.832805 0.826293 0.821845 0.819409 0.818954 0.820476 0.823991 0.829544 0.837203 0.847065 0.859256 0.873939 0.891318 0.901078 0.883685 0.869005 1451.500000 1.080227 0.899199
0.777724 0.780836 0.783669 0.788429 0.795174 0.803990 0.814988 0.828315 0.844153 0.862726 0.884314 0.900296 0.881595 0.865698 0.852382 0.841465 0.832805 0.826293 0.821845 0.819409 0.818954 0.820476 0.823991 0.829544 0.837203 0.847065 0.859256 0.873939 0.891318 0.901078 0.883685 0.869005 0.856834 0.847013 0.839413 0.833939 0.830525 0.829127 0.829730 0.832340 0.836989 0.843735 0.852661 0.863882 0.877544 0.893833 0.912979 0.935265 0.961041 0.990731 0.997828 0.966778 0.939797 0.916430 0.896303 0.879113 0.864614 0.852606 0.842930 0.835462 0.830107 0.826799 0.825498 0.826189 0.828879 0.833601 0.840414 0.849402 0.860681 0.874398 0.854992 0.834120 0.816162 0.800850 0.787965 0.777331 0.768808 0.762286 0.757684 0.754945 0.754035 0.754945 0.757684 0.762286 0.768808 0.777331 0.787965 0.800850 0.816162 0.834120 0.854992 0.879107 0.906870 0.938780 0.926942 0.912607 0.900846 0.891505 0.884464 0.879636 0.876962 0.876409 0.877970 0.881665 0.887538 0.895662 0.906139 0.919105 0.934732 0.953235 0.974882 1.000000 0.995118 0.958211 0.926095 0.898155 0.873895 0.852912 0.834878 0.819523 0.806632 0.796027 0.787571 0.781154 0.776698 0.774146 0.773468 0.774656 1451.500000 1.080227 0.899199
0.900846 0.891505 0.884464 0.879636 0.876962 0.876409 0.877970 0.881665 0.887538 0.895662 0.906139 0.919105 0.934732 0.953235 0.974882 1.000000 0.995118 0.958211 0.926095 0.898155 0.873895 0.852912 0.834878 0.819523 0.806632 0.796027 0.787571 0.781154 0.776698 0.774146 0.773468 0.774656 0.777724 0.780836 0.783669 0.788429 0.795174 0.803990 0.814988 0.828315 0.844153 0.862726 0.884314 0.900296 0.881595 0.865698 0.852382 0.841465 0.832805 0.826293 0.821845 0.819409 0.818954 0.820476 0.823991 0.829544 0.837203 0.847065 0.859256 0.873939 0.891318 0.901078 0.883685 0.869005 0.856834 0.847013 0.839413 0.833939 0.830525 0.829127 0.829730 0.832340 0.836989 0.843735 0.852661 0.863882 0.877544 0.893833 0.912979 0.935265 0.961041 0.990731 0.997828 0.966778 0.939797 0.916430 0.896303 0.879113 0.864614 0.852606 0.842930 0.835462 0.830107 0.826799 0.825498 0.826189 0.828879 0.833601 0.840414 0.849402 0.860681 0.874398 0.854992 0.834120 0.816162 0.800850 0.787965 0.777331 0.768808 0.762286 0.757684 0.754945 0.754035 0.754945 0.757684 0.762286 0.768808 0.777331 0.787965 0.800850 0.816162 0.834120 0.854992 0.879107 0.906870 0.938780 0.926942 0.912607 1451.500000 1.080227 0.899199
0.828879 0.833601 0.840414 0.849402 0.860681 0.874398 0.854992 0.834120 0.816162 0.800850 0.787965 0.777331 0.768808 0.762286 0.757684 0.754945 0.754035 0.754945 0.757684 0.762286 0.768808 0.777331 0.787965 0.800850 0.816162 0.834120 0.854992 0.879107 0.906870 0.938780 0.926942 0.912607 0.900846 0.891505 0.884464 0.879636 0.876962 0.876409 0.877970 0.881665 0.887538 0.895662 0.906139 0.919105 0.934732 0.953235 0.974882 1.000000 0.995118 0.958211 0.926095 0.898155 0.873895 0.852912 0.834878 0.819523 0.806632 0.796027 0.787571 0.781154 0.776698 0.774146 0.773468 0.774656 0.777724 0.780836 0.783669 0.788429 0.795174 0.803990 0.814988 0.828315 0.844153 0.862726 0.884314 0.900296 0.881595 0.865698 0.852382 0.841465 0.832805 0.826293 0.821845 0.819409 0.818954 0.820476 0.823991 0.829544 0.837203 0.847065 0.859256 0.873939 0.891318 0.901078 0.883685 0.869005 0.856834 0.847013 0.839413 0.833939 0.830525 0.829127 0.829730 0.832340 0.836989 0.843735 0.852661 0.863882 0.877544 0.893833 0.912979 0.935265 0.961041 0.990731 0.997828 0.966778 0.939797 0.916430 0.896303 0.879113 0.864614 0.852606 0.842930 0.835462 0.830107 0.826799 0.825498 0.826189 1451.500000 1.080227 0.899199
0.824479 0.873648 0.931441 1.000000 0.991034 0.925917 0.870799 0.823746 0.783309 0.748374 0.718078 0.691742 0.668823 0.648887 0.631583 0.616624 0.603779 0.592857 0.583705 0.576197 0.570237 0.565748 0.562673 0.560977 0.560637 0.561649 0.564027 0.567798 0.573010 0.579728 0.583401 0.578671 0.575393 0.573526 0.573046 0.573949 0.576246 0.579963 0.585148 0.591865 0.600200 0.610265 0.622198 0.636169 0.652391 0.671120 0.692675 0.717446 0.745918 0.778697 0.777550 0.752899 0.731471 0.712899 0.696884 0.683182 0.671596 0.661964 0.654158 0.648077 0.643644 0.640805 0.639525 0.639788 0.641597 0.644975 0.649963 0.656623 0.665040 0.675323 0.687611 0.702078 0.718936 0.738446 0.760929 0.786779 0.816483 0.850647 0.890034 0.866471 0.821420 0.782614 0.749032 0.719877 0.694517 0.672448 0.653263 0.636634 0.622292 0.610020 0.599639 0.591005 0.584003 0.578543 0.574555 0.571990 0.570817 0.571022 0.572607 0.575591 0.580011 0.585922 0.593399 0.591565 0.580745 0.571667 0.564206 0.558265 0.553768 0.550659 0.548900 0.548468 0.549360 0.551586 0.555173 0.560165 0.566625 0.574637 0.584306 0.595766 0.609181 0.624754 0.642733 0.663424 0.687201 0.714531 0.745997 0.782334 6088.000000 1.261037 0.758255
0.570817 0.571022 0.572607 0.575591 0.580011 0.585922 0.593399 0.591565 0.580745 0.571667 0.564206 0.558265 0.553768 0.550659 0.548900 0.548468 0.549360 0.551586 0.555173 0.560165 0.566625 0.574637 0.584306 0.595766 0.609181 0.624754 0.642733 0.663424 0.687201 0.714531 0.745997 0.782334 0.824479 0.873648 0.931441 1.000000 0.991034 0.925917 0.870799 0.823746 0.783309 0.748374 0.718078 0.691742 0.668823 0.648887 0.631583 0.616624 0.603779 0.592857 0.583705 0.576197 0.570237 0.565748 0.562673 0.560977 0.560637 0.561649 0.564027 0.567798 0.573010 0.579728 0.583401 0.578671 0.575393 0.573526 0.573046 0.573949 0.576246 0.579963 0.585148 0.591865 0.600200 0.610265 0.622198 0.636169 0.652391 0.671120 0.692675 0.717446 0.745918 0.778697 0.777550 0.752899 0.731471 0.712899 0.696884 0.683182 0.671596 0.661964 0.654158 0.648077 0.643644 0.640805 0.639525 0.639788 0.641597 0.644975 0.649963 0.656623 0.665040 0.675323 0.687611 0.702078 0.718936 0.738446 0.760929 0.786779 0.816483 0.850647 0.890034 0.866471 0.821420 0.782614 0.749032 0.719877 0.694517 0.672448 0.653263 0.636634 0.622292 0.610020 0.599639 0.591005 0.584003 0.578543 0.574555 0.571990 6088.000000 1.261037 0.758255
0.641597 0.644975 0.649963 0.656623 0.665040 0.675323 0.687611 0.702078 0.718936 0.738446 0.760929 0.786779 0.816483 0.850647 0.890034 0.866471 0.821420 0.782614 0.749032 0.719877 0.694517 0.672448 0.653263 0.636634 0.622292 0.610020 0.599639 0.591005 0.584003 0.578543 0.574555 0.571990 0.570817 0.571022 0.572607 0.575591 0.580011 0.585922 0.593399 0.591565 0.580745 0.571667 0.564206 0.558265 0.553768 0.550659 0.548900 0.548468 0.549360 0.551586 0.555173 0.560165 0.566625 0.574637 0.584306 0.595766 0.609181 0.624754 0.642733 0.663424 0.687201 0.714531 0.745997 0.782334 0.824479 0.873648 0.931441 1.000000 0.991034 0.925917 0.870799 0.823746 0.783309 0.748374 0.718078 0.691742 0.668823 0.648887 0.631583 0.616624 0.603779 0.592857 0.583705 0.576197 0.570237 0.565748 0.562673 0.560977 0.560637 0.561649 0.564027 0.567798 0.573010 0.579728 0.583401 0.578671 0.575393 0.573526 0.573046 0.573949 0.576246 0.579963 0.585148 0.591865 0.600200 0.610265 0.622198 0.636169 0.652391 0.671120 0.692675 0.717446 0.745918 0.778697 0.777550 0.752899 0.731471 0.712899 0.696884 0.683182 0.671596 0.661964 0.654158 0.648077 0.643644 0.640805 0.639525 0.639788 6088.000000 1.261037 0.758255
0.575393 0.573526 0.573046 0.573949 0.576246 0.579963 0.585148 0.591865 0.600200 0.610265 0.622198 0.636169 0.652391 0.671120 0.692675 0.717446 0.745918 0.778697 0.777550 0.752899 0.731471 0.712899 0.696884 0.683182 0.671596 0.661964 0.654158 0.648077 0.643644 0.640805 0.639525 0.639788 0.641597 0.644975 0.649963 0.656623 0.665040 0.675323 0.687611 0.702078 0.718936 0.738446 0.760929 0.786779 0.816483 0.850647 0.890034 0.866471 0.821420 0.782614 0.749032 0.719877 0.694517 0.672448 0.653263 0.636634 0.622292 0.610020 0.599639 0.591005 0.584003 0.578543 0.574555 0.571990 0.570817 0.571022 0.572607 0.575591 0.580011 0.585922 0.593399 0.591565 0.580745 0.571667 0.564206 0.558265 0.553768 0.550659 0.548900 0.548468 0.549360 0.551586 0.555173 0.560165 0.566625 0.574637 0.584306 0.595766 0.609181 0.624754 0.642733 0.663424 0.687201 0.714531 0.745997 0.782334 0.824479 0.873648 0.931441 1.000000 0.991034 0.925917 0.870799 0.823746 0.783309 0.748374 0.718078 0.691742 0.668823 0.648887 0.631583 0.616624 0.603779 0.592857 0.583705 0.576197 0.570237 0.565748 0.562673 0.560977 0.560637 0.561649 0.564027 0.567798 0.573010 0.579728 0.583401 0.578671 6088.000000 1.261037 0.758255
0.894347 0.936212 0.946729 0.908394 0.875068 0.846068 0.820842 0.798946 0.780018 0.763763 0.749942 0.738359 0.728858 0.721314 0.715631 0.711738 0.709587 0.709152 0.703711 0.674953 0.649958 0.628207 0.609286 0.592857 0.578648 0.566437 0.556043 0.547318 0.540144 0.534426 0.530092 0.527087 0.525375 0.524934 0.525759 0.527861 0.531264 0.534540 0.536089 0.538950 0.543157 0.548762 0.555838 0.564475 0.574793 0.586934 0.601079 0.617447 0.636307 0.646916 0.656153 0.667289 0.680477 0.695908 0.713814 0.734481 0.758263 0.785591 0.817006 0.853178 0.894958 0.943430 1.000000 0.976701 0.931513 0.892375 0.858378 0.828800 0.803063 0.780700 0.761333 0.744654 0.730413 0.718404 0.708463 0.700457 0.694284 0.689867 0.687150 0.686102 0.686708 0.680416 0.659660 0.641632 0.626031 0.612612 0.601173 0.591553 0.582855 0.573144 0.565090 0.558586 0.553549 0.549915 0.547639 0.546693 0.547066 0.548763 0.551804 0.556226 0.562084 0.569454 0.578431 0.589139 0.601727 0.616382 0.633332 0.652859 0.675306 0.683763 0.677591 0.673136 0.670343 0.669179 0.669629 0.671700 0.675415 0.680821 0.687985 0.696998 0.707979 0.721076 0.736475 0.754402 0.775139 0.799026 0.826488 0.858045 10328.000000 1.309057 0.817119
0.547066 0.548763 0.551804 0.556226 0.562084 0.569454 0.578431 0.589139 0.601727 0.616382 0.633332 0.652859 0.675306 0.683763 0.677591 0.673136 0.670343 0.669179 0.669629 0.671700 0.675415 0.680821 0.687985 0.696998 0.707979 0.721076 0.736475 0.754402 0.775139 0.799026 0.826488 0.858045 0.894347 0.936212 0.946729 0.908394 0.875068 0.846068 0.820842 0.798946 0.780018 0.763763 0.749942 0.738359 0.728858 0.721314 0.715631 0.711738 0.709587 0.709152 0.703711 0.674953 0.649958 0.628207 0.609286 0.592857 0.578648 0.566437 0.556043 0.547318 0.540144 0.534426 0.530092 0.527087 0.525375 0.524934 0.525759 0.527861 0.531264 0.534540 0.536089 0.538950 0.543157 0.548762 0.555838 0.564475 0.574793 0.586934 0.601079 0.617447 0.636307 0.646916 0.656153 0.667289 0.680477 0.695908 0.713814 0.734481 0.758263 0.785591 0.817006 0.853178 0.894958 0.943430 1.000000 0.976701 0.931513 0.892375 0.858378 0.828800 0.803063 0.780700 0.761333 0.744654 0.730413 0.718404 0.708463 0.700457 0.694284 0.689867 0.687150 0.686102 0.686708 0.680416 0.659660 0.641632 0.626031 0.612612 0.601173 0.591553 0.582855 0.573144 0.565090 0.558586 0.553549 0.549915 0.547639 0.546693 10328.000000 1.309057 0.817119
0.931513 0.892375 0.858378 0.828800 0.803063 0.780700 0.761333 0.744654 0.730413 0.718404 0.708463 0.700457 0.694284 0.689867 0.687150 0.686102 0.686708 0.680416 0.659660 0.641632 0.626031 0.612612 0.601173 0.591553 0.582855 0.573144 0.565090 0.558586 0.553549 0.549915 0.547639 0.546693 0.547066 0.548763 0.551804 0.556226 0.562084 0.569454 0.578431 0.589139 0.601727 0.616382 0.633332 0.652859 0.675306 0.683763 0.677591 0.673136 0.670343 0.669179 0.669629 0.671700 0.675415 0.680821 0.687985 0.696998 0.707979 0.721076 0.736475 0.754402 0.775139 0.799026 0.826488 0.858045 0.894347 0.936212 0.946729 0.908394 0.875068 0.846068 0.820842 0.798946 0.780018 0.763763 0.749942 0.738359 0.728858 0.721314 0.715631 0.711738 0.709587 0.709152 0.703711 0.674953 0.649958 0.628207 0.609286 0.592857 0.578648 0.566437 0.556043 0.547318 0.540144 0.534426 0.530092 0.527087 0.525375 0.524934 0.525759 0.527861 0.531264 0.534540 0.536089 0.538950 0.543157 0.548762 0.555838 0.564475 0.574793 0.586934 0.601079 0.617447 0.636307 0.646916 0.656153 0.667289 0.680477 0.695908 0.713814 0.734481 0.758263 0.785591 0.817006 0.853178 0.894958 0.943430 1.000000 0.976701 10328.000000 1.309057 0.817119
0.525375 0.524934 0.525759 0.527861 0.531264 0.534540 0.536089 0.538950 0.543157 0.548762 0.555838 0.564475 0.574793 0.586934 0.601079 0.617447 0.636307 0.646916 0.656153 0.667289 0.680477 0.695908 0.713814 0.734481 0.758263 0.785591 0.817006 0.853178 0.894958 0.943430 1.000000 0.976701 0.931513 0.892375 0.858378 0.828800 0.803063 0.780700 0.761333 0.744654 0.730413 0.718404 0.708463 0.700457 0.694284 0.689867 0.687150 0.686102 0.686708 0.680416 0.659660 0.641632 0.626031 0.612612 0.601173 0.591553 0.582855 0.573144 0.565090 0.558586 0.553549 0.549915 0.547639 0.546693 0.547066 0.548763 0.551804 0.556226 0.562084 0.569454 0.578431 0.589139 0.601727 0.616382 0.633332 0.652859 0.675306 0.683763 0.677591 0.673136 0.670343 0.669179 0.669629 0.671700 0.675415 0.680821 0.687985 0.696998 0.707979 0.721076 0.736475 0.754402 0.775139 0.799026 0.826488 0.858045 0.894347 0.936212 0.946729 0.908394 0.875068 0.846068 0.820842 0.798946 0.780018 0.763763 0.749942 0.738359 0.728858 0.721314 0.715631 0.711738 0.709587 0.709152 0.703711 0.674953 0.649958 0.628207 0.609286 0.592857 0.578648 0.566437 0.556043 0.547318 0.540144 0.534426 0.530092 0.527087 10328.000000 1.309057 0.817119
0.813313 0.778594 0.748447 0.722223 0.699402 0.679566 0.662376 0.647555 0.634880 0.624166 0.615265 0.608058 0.602453 0.598379 0.595785 0.594640 0.594930 0.596659 0.599846 0.604532 0.610775 0.618654 0.628272 0.639760 0.653279 0.669028 0.674245 0.660457 0.648754 0.638971 0.630976 0.624665 0.619957 0.616795 0.615140 0.614970 0.616285 0.619101 0.623451 0.629390 0.636992 0.646356 0.657608 0.670903 0.686434 0.704439 0.725209 0.749099 0.776552 0.808114 0.844471 0.818170 0.791901 0.769062 0.749258 0.732168 0.717530 0.705131 0.694799 0.686395 0.679811 0.674961 0.671788 0.670251 0.670333 0.672033 0.675374 0.680395 0.687159 0.695752 0.706286 0.718902 0.733777 0.751129 0.771223 0.794389 0.821029 0.837812 0.799529 0.766358 0.737536 0.712457 0.690637 0.671683 0.655279 0.641164 0.629129 0.619000 0.610641 0.603940 0.598811 0.595190 0.593033 0.592313 0.593022 0.595169 0.598778 0.603895 0.610585 0.606988 0.599275 0.593166 0.588584 0.585472 0.583791 0.583523 0.584662 0.587223 0.591237 0.596754 0.603843 0.612597 0.623131 0.635592 0.650159 0.667055 0.686550 0.708978 0.734752 0.764380 0.798504 0.837929 0.883689 0.937123 1.000000 0.954337 0.899979 0.853425 1894.000000 1.206718 0.796611
0.598778 0.603895 0.610585 0.606988 0.599275 0.593166 0.588584 0.585472 0.583791 0.583523 0.584662 0.587223 0.591237 0.596754 0.603843 0.612597 0.623131 0.635592 0.650159 0.667055 0.686550 0.708978 0.734752 0.764380 0.798504 0.837929 0.883689 0.937123 1.000000 0.954337 0.899979 0.853425 0.813313 0.778594 0.748447 0.722223 0.699402 0.679566 0.662376 0.647555 0.634880 0.624166 0.615265 0.608058 0.602453 0.598379 0.595785 0.594640 0.594930 0.596659 0.599846 0.604532 0.610775 0.618654 0.628272 0.639760 0.653279 0.669028 0.674245 0.660457 0.648754 0.638971 0.630976 0.624665 0.619957 0.616795 0.615140 0.614970 0.616285 0.619101 0.623451 0.629390 0.636992 0.646356 0.657608 0.670903 0.686434 0.704439 0.725209 0.749099 0.776552 0.808114 0.844471 0.818170 0.791901 0.769062 0.749258 0.732168 0.717530 0.705131 0.694799 0.686395 0.679811 0.674961 0.671788 0.670251 0.670333 0.672033 0.675374 0.680395 0.687159 0.695752 0.706286 0.718902 0.733777 0.751129 0.771223 0.794389 0.821029 0.837812 0.799529 0.766358 0.737536 0.712457 0.690637 0.671683 0.655279 0.641164 0.629129 0.619000 0.610641 0.603940 0.598811 0.595190 0.593033 0.592313 0.593022 0.595169 1894.000000 1.206718 0.796611
0.670333 0.672033 0.675374 0.680395 0.687159 0.695752 0.706286 0.718902 0.733777 0.751129 0.771223 0.794389 0.821029 0.837812 0.799529 0.766358 0.737536 0.712457 0.690637 0.671683 0.655279 0.641164 0.629129 0.619000 0.610641 0.603940 0.598811 0.595190 0.593033 0.592313 0.593022 0.595169 0.598778 0.603895 0.610585 0.606988 0.599275 0.593166 0.588584 0.585472 0.583791 0.583523 0.584662 0.587223 0.591237 0.596754 0.603843 0.612597 0.623131 0.635592 0.650159 0.667055 0.686550 0.708978 0.734752 0.764380 0.798504 0.837929 0.883689 0.937123 1.000000 0.954337 0.899979 0.853425 0.813313 0.778594 0.748447 0.722223 0.699402 0.679566 0.662376 0.647555 0.634880 0.624166 0.615265 0.608058 0.602453 0.598379 0.595785 0.594640 0.594930 0.596659 0.599846 0.604532 0.610775 0.618654 0.628272 0.639760 0.653279 0.669028 0.674245 0.660457 0.648754 0.638971 0.630976 0.624665 0.619957 0.616795 0.615140 0.614970 0.616285 0.619101 0.623451 0.629390 0.636992 0.646356 0.657608 0.670903 0.686434 0.704439 0.725209 0.749099 0.776552 0.808114 0.844471 0.818170 0.791901 0.769062 0.749258 0.732168 0.717530 0.705131 0.694799 0.686395 0.679811 0.674961 0.671788 0.670251 1894.000000 1.206718 0.796611
0.619957 0.616795 0.615140 0.614970 0.616285 0.619101 0.623451 0.629390 0.636992 0.646356 0.657608 0.670903 0.686434 0.704439 0.725209 0.749099 0.776552 0.808114 0.844471 0.818170 0.791901 0.769062 0.749258 0.732168 0.717530 0.705131 0.694799 0.686395 0.679811 0.674961 0.671788 0.670251 0.670333 0.672033 0.675374 0.680395 0.687159 0.695752 0.706286 0.718902 0.733777 0.751129 0.771223 0.794389 0.821029 0.837812 0.799529 0.766358 0.737536 0.712457 0.690637 0.671683 0.655279 0.641164 0.629129 0.619000 0.610641 0.603940 0.598811 0.595190 0.593033 0.592313 0.593022 0.595169 0.598778 0.603895 0.610585 0.606988 0.599275 0.593166 0.588584 0.585472 0.583791 0.583523 0.584662 0.587223 0.591237 0.596754 0.603843 0.612597 0.623131 0.635592 0.650159 0.667055 0.686550 0.708978 0.734752 0.764380 0.798504 0.837929 0.883689 0.937123 1.000000 0.954337 0.899979 0.853425 0.813313 0.778594 0.748447 0.722223 0.699402 0.679566 0.662376 0.647555 0.634880 0.624166 0.615265 0.608058 0.602453 0.598379 0.595785 0.594640 0.594930 0.596659 0.599846 0.604532 0.610775 0.618654 0.628272 0.639760 0.653279 0.669028 0.674245 0.660457 0.648754 0.638971 0.630976 0.624665 1894.000000 1.206718 0.796611
0.755272 0.743401 0.733637 0.725852 0.719947 0.715847 0.713504 0.712887 0.713990 0.716826 0.721430 0.727858 0.736191 0.746536 0.759031 0.773847 0.791197 0.811342 0.834604 0.861375 0.892140 0.927502 0.958750 0.924930 0.895498 0.869912 0.847734 0.828605 0.812233 0.798383 0.786860 0.777512 0.770217 0.764883 0.761444 0.759859 0.760107 0.762192 0.766140 0.771998 0.779840 0.789765 0.801902 0.816416 0.833510 0.853434 0.876499 0.903080 0.933644 0.968764 1.000000 0.955649 0.917180 0.883736 0.854631 0.829316 0.807346 0.788361 0.772066 0.758220 0.746629 0.737136 0.729617 0.723977 0.720144 0.718073 0.717738 0.719135 0.722280 0.727213 0.733994 0.742709 0.753470 0.766422 0.781742 0.799654 0.820428 0.844398 0.871976 0.886380 0.861150 0.839282 0.820425 0.804291 0.790648 0.779307 0.770115 0.762954 0.757733 0.754389 0.752879 0.753187 0.755315 0.759290 0.765159 0.772997 0.782903 0.795006 0.809470 0.826498 0.846341 0.869305 0.895768 0.926195 0.961158 0.976026 0.944773 0.917602 0.894043 0.873716 0.856310 0.841571 0.829295 0.819318 0.811510 0.805772 0.802033 0.800248 0.800394 0.802474 0.806513 0.812561 0.820691 0.831009 0.827692 0.805348 0.786022 0.769413 781.000000 1.118274 0.848182
0.782903 0.795006 0.809470 0.826498 0.846341 0.869305 0.895768 0.926195 0.961158 0.976026 0.944773 0.917602 0.894043 0.873716 0.856310 0.841571 0.829295 0.819318 0.811510 0.805772 0.802033 0.800248 0.800394 0.802474 0.806513 0.812561 0.820691 0.831009 0.827692 0.805348 0.786022 0.769413 0.755272 0.743401 0.733637 0.725852 0.719947 0.715847 0.713504 0.712887 0.713990 0.716826 0.721430 0.727858 0.736191 0.746536 0.759031 0.773847 0.791197 0.811342 0.834604 0.861375 0.892140 0.927502 0.958750 0.924930 0.895498 0.869912 0.847734 0.828605 0.812233 0.798383 0.786860 0.777512 0.770217 0.764883 0.761444 0.759859 0.760107 0.762192 0.766140 0.771998 0.779840 0.789765 0.801902 0.816416 0.833510 0.853434 0.876499 0.903080 0.933644 0.968764 1.000000 0.955649 0.917180 0.883736 0.854631 0.829316 0.807346 0.788361 0.772066 0.758220 0.746629 0.737136 0.729617 0.723977 0.720144 0.718073 0.717738 0.719135 0.722280 0.727213 0.733994 0.742709 0.753470 0.766422 0.781742 0.799654 0.820428 0.844398 0.871976 0.886380 0.861150 0.839282 0.820425 0.804291 0.790648 0.779307 0.770115 0.762954 0.757733 0.754389 0.752879 0.753187 0.755315 0.759290 0.765159 0.772997 781.000000 1.118274 0.848182
0.720144 0.718073 0.717738 0.719135 0.722280 0.727213 0.733994 0.742709 0.753470 0.766422 0.781742 0.799654 0.820428 0.844398 0.871976 0.886380 0.861150 0.839282 0.820425 0.804291 0.790648 0.779307 0.770115 0.762954 0.757733 0.754389 0.752879 0.753187 0.755315 0.759290 0.765159 0.772997 0.782903 0.795006 0.809470 0.826498 0.846341 0.869305 0.895768 0.926195 0.961158 0.976026 0.944773 0.917602 0.894043 0.873716 0.856310 0.841571 0.829295 0.819318 0.811510 0.805772 0.802033 0.800248 0.800394 0.802474 0.806513 0.812561 0.820691 0.831009 0.827692 0.805348 0.786022 0.769413 0.755272 0.743401 0.733637 0.725852 0.719947 0.715847 0.713504 0.712887 0.713990 0.716826 0.721430 0.727858 0.736191 0.746536 0.759031 0.773847 0.791197 0.811342 0.834604 0.861375 0.892140 0.927502 0.958750 0.924930 0.895498 0.869912 0.847734 0.828605 0.812233 0.798383 0.786860 0.777512 0.770217 0.764883 0.761444 0.759859 0.760107 0.762192 0.766140 0.771998 0.779840 0.789765 0.801902 0.816416 0.833510 0.853434 0.876499 0.903080 0.933644 0.968764 1.000000 0.955649 0.917180 0.883736 0.854631 0.829316 0.807346 0.788361 0.772066 0.758220 0.746629 0.737136 0.729617 0.723977 781.000000 1.118274 0.848182
0.770217 0.764883 0.761444 0.759859 0.760107 0.762192 0.766140 0.771998 0.779840 0.789765 0.801902 0.816416 0.833510 0.853434 0.876499 0.903080 0.933644 0.968764 1.000000 0.955649 0.917180 0.883736 0.854631 0.829316 0.807346 0.788361 0.772066 0.758220 0.746629 0.737136 0.729617 0.723977 0.720144 0.718073 0.717738 0.719135 0.722280 0.727213 0.733994 0.742709 0.753470 0.766422 0.781742 0.799654 0.820428 0.844398 0.871976 0.886380 0.861150 0.839282 0.820425 0.804291 0.790648 0.779307 0.770115 0.762954 0.757733 0.754389 0.752879 0.753187 0.755315 0.759290 0.765159 0.772997 0.782903 0.795006 0.809470 0.826498 0.846341 0.869305 0.895768 0.926195 0.961158 0.976026 0.944773 0.917602 0.894043 0.873716 0.856310 0.841571 0.829295 0.819318 0.811510 0.805772 0.802033 0.800248 0.800394 0.802474 0.806513 0.812561 0.820691 0.831009 0.827692 0.805348 0.786022 0.769413 0.755272 0.743401 0.733637 0.725852 0.719947 0.715847 0.713504 0.712887 0.713990 0.716826 0.721430 0.727858 0.736191 0.746536 0.759031 0.773847 0.791197 0.811342 0.834604 0.861375 0.892140 0.927502 0.958750 0.924930 0.895498 0.869912 0.847734 0.828605 0.812233 0.798383 0.786860 0.777512 781.000000 1.118274 0.848182
0.727552 0.707492 0.690126 0.675180 0.662429 0.651692 0.642822 0.635700 0.630237 0.626362 0.624029 0.623209 0.623892 0.626087 0.629820 0.635137 0.642105 0.650812 0.661374 0.673935 0.688673 0.705809 0.725612 0.748413 0.774620 0.804739 0.839398 0.879391 0.925728 0.938164 0.880942 0.832189 0.790353 0.754252 0.722970 0.695790 0.672140 0.651562 0.633689 0.618219 0.604910 0.593561 0.584011 0.576130 0.569812 0.564979 0.561568 0.559538 0.558864 0.559538 0.561568 0.564979 0.569812 0.576130 0.584011 0.593561 0.604910 0.618219 0.633689 0.651562 0.672140 0.695790 0.722970 0.754252 0.790353 0.832189 0.880942 0.938164 1.000000 0.946125 0.899815 0.859801 0.825098 0.794928 0.768673 0.745837 0.726017 0.708886 0.694179 0.681679 0.671209 0.662628 0.655824 0.650710 0.647222 0.645318 0.644974 0.646186 0.648969 0.653358 0.659405 0.667188 0.676806 0.688389 0.702095 0.718124 0.718977 0.701501 0.686469 0.673656 0.662881 0.653996 0.646884 0.641453 0.637636 0.635386 0.634675 0.635496 0.637856 0.641787 0.647335 0.654571 0.663587 0.674503 0.687467 0.702666 0.720326 0.740728 0.764213 0.791205 0.822227 0.857932 0.899144 0.883319 0.842795 0.807687 0.777185 0.750645 7506.000000 1.117829 0.746795
0.718977 0.701501 0.686469 0.673656 0.662881 0.653996 0.646884 0.641453 0.637636 0.635386 0.634675 0.635496 0.637856 0.641787 0.647335 0.654571 0.663587 0.674503 0.687467 0.702666 0.720326 0.740728 0.764213 0.791205 0.822227 0.857932 0.899144 0.883319 0.842795 0.807687 0.777185 0.750645 0.727552 0.707492 0.690126 0.675180 0.662429 0.651692 0.642822 0.635700 0.630237 0.626362 0.624029 0.623209 0.623892 0.626087 0.629820 0.635137 0.642105 0.650812 0.661374 0.673935 0.688673 0.705809 0.725612 0.748413 0.774620 0.804739 0.839398 0.879391 0.925728 0.938164 0.880942 0.832189 0.790353 0.754252 0.722970 0.695790 0.672140 0.651562 0.633689 0.618219 0.604910 0.593561 0.584011 0.576130 0.569812 0.564979 0.561568 0.559538 0.558864 0.559538 0.561568 0.564979 0.569812 0.576130 0.584011 0.593561 0.604910 0.618219 0.633689 0.651562 0.672140 0.695790 0.722970 0.754252 0.790353 0.832189 0.880942 0.938164 1.000000 0.946125 0.899815 0.859801 0.825098 0.794928 0.768673 0.745837 0.726017 0.708886 0.694179 0.681679 0.671209 0.662628 0.655824 0.650710 0.647222 0.645318 0.644974 0.646186 0.648969 0.653358 0.659405 0.667188 0.676806 0.688389 0.702095 0.718124 7506.000000 1.117829 0.746795
0.790353 0.832189 0.880942 0.938164 1.000000 0.946125 0.899815 0.859801 0.825098 0.794928 0.768673 0.745837 0.726017 0.708886 0.694179 0.681679 0.671209 0.662628 0.655824 0.650710 0.647222 0.645318 0.644974 0.646186 0.648969 0.653358 0.659405 0.667188 0.676806 0.688389 0.702095 0.718124 0.718977 0.701501 0.686469 0.673656 0.662881 0.653996 0.646884 0.641453 0.637636 0.635386 0.634675 0.635496 0.637856 0.641787 0.647335 0.654571 0.663587 0.674503 0.687467 0.702666 0.720326 0.740728 0.764213 0.791205 0.822227 0.857932 0.899144 0.883319 0.842795 0.807687 0.777185 0.750645 0.727552 0.707492 0.690126 0.675180 0.662429 0.651692 0.642822 0.635700 0.630237 0.626362 0.624029 0.623209 0.623892 0.626087 0.629820 0.635137 0.642105 0.650812 0.661374 0.673935 0.688673 0.705809 0.725612 0.748413 0.774620 0.804739 0.839398 0.879391 0.925728 0.938164 0.880942 0.832189 0.790353 0.754252 0.722970 0.695790 0.672140 0.651562 0.633689 0.618219 0.604910 0.593561 0.584011 0.576130 0.569812 0.564979 0.561568 0.559538 0.558864 0.559538 0.561568 0.564979 0.569812 0.576130 0.584011 0.593561 0.604910 0.618219 0.633689 0.651562 0.672140 0.695790 0.722970 0.754252 7506.000000 1.117829 0.746795
0.790353 0.754252 0.722970 0.695790 0.672140 0.651562 0.633689 0.618219 0.604910 0.593561 0.584011 0.576130 0.569812 0.564979 0.561568 0.559538 0.558864 0.559538 0.561568 0.564979 0.569812 0.576130 0.584011 0.593561 0.604910 0.618219 0.633689 0.651562 0.672140 0.695790 0.722970 0.754252 0.790353 0.832189 0.880942 0.938164 1.000000 0.946125 0.899815 0.859801 0.825098 0.794928 0.768673 0.745837 0.726017 0.708886 0.694179 0.681679 0.671209 0.662628 0.655824 0.650710 0.647222 0.645318 0.644974 0.646186 0.648969 0.653358 0.659405 0.667188 0.676806 0.688389 0.702095 0.718124 0.718977 0.701501 0.686469 0.673656 0.662881 0.653996 0.646884 0.641453 0.637636 0.635386 0.634675 0.635496 0.637856 0.641787 0.647335 0.654571 0.663587 0.674503 0.687467 0.702666 0.720326 0.740728 0.764213 0.791205 0.822227 0.857932 0.899144 0.883319 0.842795 0.807687 0.777185 0.750645 0.727552 0.707492 0.690126 0.675180 0.662429 0.651692 0.642822 0.635700 0.630237 0.626362 0.624029 0.623209 0.623892 0.626087 0.629820 0.635137 0.642105 0.650812 0.661374 0.673935 0.688673 0.705809 0.725612 0.748413 0.774620 0.804739 0.839398 0.879391 0.925728 0.938164 0.880942 0.832189 7506.000000 1.117829 0.746795
0.573300 0.560683 0.549906 0.540814 0.533281 0.527208 0.522516 0.519147 0.517059 0.516225 0.516638 0.518300 0.521233 0.525473 0.531072 0.538101 0.546654 0.556847 0.568823 0.582760 0.598877 0.617440 0.638779 0.663300 0.689278 0.688855 0.690093 0.693009 0.697636 0.704034 0.712282 0.722487 0.734784 0.749343 0.766375 0.786137 0.808945 0.835189 0.865347 0.900014 0.939934 0.903995 0.861326 0.824400 0.792340 0.764454 0.740186 0.719090 0.700805 0.685036 0.671544 0.660132 0.650643 0.642950 0.636953 0.632577 0.629768 0.628491 0.628730 0.630489 0.633789 0.638671 0.645195 0.653443 0.663525 0.675576 0.689765 0.706300 0.725439 0.747495 0.738973 0.713516 0.691364 0.672116 0.655448 0.641093 0.628836 0.618501 0.609946 0.603057 0.597746 0.593947 0.591611 0.588355 0.581288 0.575759 0.571699 0.569057 0.567802 0.567916 0.569403 0.572280 0.576582 0.582363 0.589696 0.598677 0.609426 0.622095 0.636868 0.653974 0.673691 0.696365 0.722419 0.752381 0.786914 0.826857 0.873288 0.927612 0.991690 1.000000 0.949347 0.905656 0.867807 0.834926 0.806317 0.781424 0.759797 0.741072 0.724953 0.711197 0.699607 0.690025 0.682323 0.672385 0.646680 0.624316 0.604856 0.587946 17908.000000 1.318904 0.783398
0.609426 0.622095 0.636868 0.653974 0.673691 0.696365 0.722419 0.752381 0.786914 0.826857 0.873288 0.927612 0.991690 1.000000 0.949347 0.905656 0.867807 0.834926 0.806317 0.781424 0.759797 0.741072 0.724953 0.711197 0.699607 0.690025 0.682323 0.672385 0.646680 0.624316 0.604856 0.587946 0.573300 0.560683 0.549906 0.540814 0.533281 0.527208 0.522516 0.519147 0.517059 0.516225 0.516638 0.518300 0.521233 0.525473 0.531072 0.538101 0.546654 0.556847 0.568823 0.582760 0.598877 0.617440 0.638779 0.663300 0.689278 0.688855 0.690093 0.693009 0.697636 0.704034 0.712282 0.722487 0.734784 0.749343 0.766375 0.786137 0.808945 0.835189 0.865347 0.900014 0.939934 0.903995 0.861326 0.824400 0.792340 0.764454 0.740186 0.719090 0.700805 0.685036 0.671544 0.660132 0.650643 0.642950 0.636953 0.632577 0.629768 0.628491 0.628730 0.630489 0.633789 0.638671 0.645195 0.653443 0.663525 0.675576 0.689765 0.706300 0.725439 0.747495 0.738973 0.713516 0.691364 0.672116 0.655448 0.641093 0.628836 0.618501 0.609946 0.603057 0.597746 0.593947 0.591611 0.588355 0.581288 0.575759 0.571699 0.569057 0.567802 0.567916 0.569403 0.572280 0.576582 0.582363 0.589696 0.598677 17908.000000 1.318904 0.783398
0.663525 0.675576 0.689765 0.706300 0.725439 0.747495 0.738973 0.713516 0.691364 0.672116 0.655448 0.641093 0.628836 0.618501 0.609946 0.603057 0.597746 0.593947 0.591611 0.588355 0.581288 0.575759 0.571699 0.569057 0.567802 0.567916 0.569403 0.572280 0.576582 0.582363 0.589696 0.598677 0.609426 0.622095 0.636868 0.653974 0.673691 0.696365 0.722419 0.752381 0.786914 0.826857 0.873288 0.927612 0.991690 1.000000 0.949347 0.905656 0.867807 0.834926 0.806317 0.781424 0.759797 0.741072 0.724953 0.711197 0.699607 0.690025 0.682323 0.672385 0.646680 0.624316 0.604856 0.587946 0.573300 0.560683 0.549906 0.540814 0.533281 0.527208 0.522516 0.519147 0.517059 0.516225 0.516638 0.518300 0.521233 0.525473 0.531072 0.538101 0.546654 0.556847 0.568823 0.582760 0.598877 0.617440 0.638779 0.663300 0.689278 0.688855 0.690093 0.693009 0.697636 0.704034 0.712282 0.722487 0.734784 0.749343 0.766375 0.786137 0.808945 0.835189 0.865347 0.900014 0.939934 0.903995 0.861326 0.824400 0.792340 0.764454 0.740186 0.719090 0.700805 0.685036 0.671544 0.660132 0.650643 0.642950 0.636953 0.632577 0.629768 0.628491 0.628730 0.630489 0.633789 0.638671 0.645195 0.653443 17908.000000 1.318904 0.783398
0.734784 0.749343 0.766375 0.786137 0.808945 0.835189 0.865347 0.900014 0.939934 0.903995 0.861326 0.824400 0.792340 0.764454 0.740186 0.719090 0.700805 0.685036 0.671544 0.660132 0.650643 0.642950 0.636953 0.632577 0.629768 0.628491 0.628730 0.630489 0.633789 0.638671 0.645195 0.653443 0.663525 0.675576 0.689765 0.706300 0.725439 0.747495 0.738973 0.713516 0.691364 0.672116 0.655448 0.641093 0.628836 0.618501 0.609946 0.603057 0.597746 0.593947 0.591611 0.588355 0.581288 0.575759 0.571699 0.569057 0.567802 0.567916 0.569403 0.572280 0.576582 0.582363 0.589696 0.598677 0.609426 0.622095 0.636868 0.653974 0.673691 0.696365 0.722419 0.752381 0.786914 0.826857 0.873288 0.927612 0.991690 1.000000 0.949347 0.905656 0.867807 0.834926 0.806317 0.781424 0.759797 0.741072 0.724953 0.711197 0.699607 0.690025 0.682323 0.672385 0.646680 0.624316 0.604856 0.587946 0.573300 0.560683 0.549906 0.540814 0.533281 0.527208 0.522516 0.519147 0.517059 0.516225 0.516638 0.518300 0.521233 0.525473 0.531072 0.538101 0.546654 0.556847 0.568823 0.582760 0.598877 0.617440 0.638779 0.663300 0.689278 0.688855 0.690093 0.693009 0.697636 0.704034 0.712282 0.722487 17908.000000 1.318904 0.783398
0.760104 0.787550 0.819101 0.855432 0.897397 0.880855 0.857912 0.838101 0.821119 0.806715 0.794690 0.784881 0.777161 0.771432 0.767622 0.765685 0.765598 0.767359 0.770989 0.776534 0.784062 0.793668 0.805477 0.819647 0.836375 0.855906 0.878537 0.904636 0.934654 0.901007 0.854803 0.814974 0.780488 0.750537 0.724481 0.701807 0.682102 0.665033 0.650325 0.637756 0.627147 0.618350 0.611249 0.605751 0.601789 0.599312 0.598291 0.598714 0.600585 0.603927 0.608781 0.615208 0.623290 0.633133 0.644870 0.658667 0.674728 0.693305 0.714703 0.739303 0.767571 0.800091 0.837595 0.881015 0.931551 0.990768 1.000000 0.951552 0.909672 0.873338 0.841745 0.814251 0.790340 0.769595 0.751675 0.736304 0.723257 0.712350 0.703437 0.696401 0.691153 0.687628 0.685782 0.685593 0.687060 0.690198 0.695048 0.701669 0.710144 0.720584 0.733127 0.747949 0.765264 0.785337 0.808492 0.835126 0.865731 0.900918 0.941451 0.921312 0.876070 0.836985 0.803091 0.773626 0.747986 0.725682 0.706322 0.689587 0.675215 0.662995 0.652753 0.644352 0.637681 0.632656 0.629213 0.627310 0.626925 0.628052 0.630705 0.634917 0.640740 0.648246 0.657533 0.668725 0.681975 0.697476 0.715461 0.736219 1703.000000 1.177039 0.769742
0.865731 0.900918 0.941451 0.921312 0.876070 0.836985 0.803091 0.773626 0.747986 0.725682 0.706322 0.689587 0.675215 0.662995 0.652753 0.644352 0.637681 0.632656 0.629213 0.627310 0.626925 0.628052 0.630705 0.634917 0.640740 0.648246 0.657533 0.668725 0.681975 0.697476 0.715461 0.736219 0.760104 0.787550 0.819101 0.855432 0.897397 0.880855 0.857912 0.838101 0.821119 0.806715 0.794690 0.784881 0.777161 0.771432 0.767622 0.765685 0.765598 0.767359 0.770989 0.776534 0.784062 0.793668 0.805477 0.819647 0.836375 0.855906 0.878537 0.904636 0.934654 0.901007 0.854803 0.814974 0.780488 0.750537 0.724481 0.701807 0.682102 0.665033 0.650325 0.637756 0.627147 0.618350 0.611249 0.605751 0.601789 0.599312 0.598291 0.598714 0.600585 0.603927 0.608781 0.615208 0.623290 0.633133 0.644870 0.658667 0.674728 0.693305 0.714703 0.739303 0.767571 0.800091 0.837595 0.881015 0.931551 0.990768 1.000000 0.951552 0.909672 0.873338 0.841745 0.814251 0.790340 0.769595 0.751675 0.736304 0.723257 0.712350 0.703437 0.696401 0.691153 0.687628 0.685782 0.685593 0.687060 0.690198 0.695048 0.701669 0.710144 0.720584 0.733127 0.747949 0.765264 0.785337 0.808492 0.835126 1703.000000 1.177039 0.769742
0.931551 0.990768 1.000000 0.951552 0.909672 0.873338 0.841745 0.814251 0.790340 0.769595 0.751675 0.736304 0.723257 0.712350 0.703437 0.696401 0.691153 0.687628 0.685782 0.685593 0.687060 0.690198 0.695048 0.701669 0.710144 0.720584 0.733127 0.747949 0.765264 0.785337 0.808492 0.835126 0.865731 0.900918 0.941451 0.921312 0.876070 0.836985 0.803091 0.773626 0.747986 0.725682 0.706322 0.689587 0.675215 0.662995 0.652753 0.644352 0.637681 0.632656 0.629213 0.627310 0.626925 0.628052 0.630705 0.634917 0.640740 0.648246 0.657533 0.668725 0.681975 0.697476 0.715461 0.736219 0.760104 0.787550 0.819101 0.855432 0.897397 0.880855 0.857912 0.838101 0.821119 0.806715 0.794690 0.784881 0.777161 0.771432 0.767622 0.765685 0.765598 0.767359 0.770989 0.776534 0.784062 0.793668 0.805477 0.819647 0.836375 0.855906 0.878537 0.904636 0.934654 0.901007 0.854803 0.814974 0.780488 0.750537 0.724481 0.701807 0.682102 0.665033 0.650325 0.637756 0.627147 0.618350 0.611249 0.605751 0.601789 0.599312 0.598291 0.598714 0.600585 0.603927 0.608781 0.615208 0.623290 0.633133 0.644870 0.658667 0.674728 0.693305 0.714703 0.739303 0.767571 0.800091 0.837595 0.881015 1703.000000 1.177039 0.769742
0.780488 0.750537 0.724481 0.701807 0.682102 0.665033 0.650325 0.637756 0.627147 0.618350 0.611249 0.605751 0.601789 0.599312 0.598291 0.598714 0.600585 0.603927 0.608781 0.615208 0.623290 0.633133 0.644870 0.658667 0.674728 0.693305 0.714703 0.739303 0.767571 0.800091 0.837595 0.881015 0.931551 0.990768 1.000000 0.951552 0.909672 0.873338 0.841745 0.814251 0.790340 0.769595 0.751675 0.736304 0.723257 0.712350 0.703437 0.696401 0.691153 0.687628 0.685782 0.685593 0.687060 0.690198 0.695048 0.701669 0.710144 0.720584 0.733127 0.747949 0.765264 0.785337 0.808492 0.835126 0.865731 0.900918 0.941451 0.921312 0.876070 0.836985 0.803091 0.773626 0.747986 0.725682 0.706322 0.689587 0.675215 0.662995 0.652753 0.644352 0.637681 0.632656 0.629213 0.627310 0.626925 0.628052 0.630705 0.634917 0.640740 0.648246 0.657533 0.668725 0.681975 0.697476 0.715461 0.736219 0.760104 0.787550 0.819101 0.855432 0.897397 0.880855 0.857912 0.838101 0.821119 0.806715 0.794690 0.784881 0.777161 0.771432 0.767622 0.765685 0.765598 0.767359 0.770989 0.776534 0.784062 0.793668 0.805477 0.819647 0.836375 0.855906 0.878537 0.904636 0.934654 0.901007 0.854803 0.814974 1703.000000 1.177039 0.769742
0.872900 0.841204 0.813620 0.789630 0.768814 0.750829 0.735397 0.722292 0.711330 0.702362 0.695271 0.689968 0.686386 0.684482 0.684231 0.685633 0.688702 0.693478 0.700018 0.708405 0.718749 0.731187 0.745891 0.746298 0.726580 0.709543 0.694923 0.682503 0.672111 0.663605 0.656874 0.651833 0.648419 0.646590 0.646325 0.647618 0.650488 0.654967 0.661113 0.669002 0.678736 0.690446 0.704294 0.720479 0.739249 0.760904 0.785818 0.814446 0.847357 0.885264 0.929063 0.979905 0.990009 0.951473 0.917953 0.888783 0.863425 0.841446 0.822490 0.806268 0.792547 0.781135 0.771880 0.764663 0.759392 0.756001 0.754451 0.754721 0.756815 0.760759 0.766600 0.774412 0.784294 0.796375 0.810817 0.827824 0.847646 0.870588 0.833226 0.799714 0.770578 0.745223 0.723170 0.704032 0.687495 0.673301 0.661242 0.651149 0.642884 0.636341 0.631435 0.628106 0.626313 0.626034 0.627266 0.630023 0.634339 0.640268 0.647885 0.657287 0.668601 0.681983 0.697627 0.715770 0.736704 0.760787 0.786366 0.779594 0.774788 0.771888 0.770861 0.771693 0.774394 0.778998 0.785560 0.794164 0.804919 0.817966 0.833484 0.851695 0.872868 0.897338 0.925513 0.957898 0.995115 1.000000 0.951378 0.909354 7165.500000 1.310960 0.826428
0.634339 0.640268 0.647885 0.657287 0.668601 0.681983 0.697627 0.715770 0.736704 0.760787 0.786366 0.779594 0.774788 0.771888 0.770861 0.771693 0.774394 0.778998 0.785560 0.794164 0.804919 0.817966 0.833484 0.851695 0.872868 0.897338 0.925513 0.957898 0.995115 1.000000 0.951378 0.909354 0.872900 0.841204 0.813620 0.789630 0.768814 0.750829 0.735397 0.722292 0.711330 0.702362 0.695271 0.689968 0.686386 0.684482 0.684231 0.685633 0.688702 0.693478 0.700018 0.708405 0.718749 0.731187 0.745891 0.746298 0.726580 0.709543 0.694923 0.682503 0.672111 0.663605 0.656874 0.651833 0.648419 0.646590 0.646325 0.647618 0.650488 0.654967 0.661113 0.669002 0.678736 0.690446 0.704294 0.720479 0.739249 0.760904 0.785818 0.814446 0.847357 0.885264 0.929063 0.979905 0.990009 0.951473 0.917953 0.888783 0.863425 0.841446 0.822490 0.806268 0.792547 0.781135 0.771880 0.764663 0.759392 0.756001 0.754451 0.754721 0.756815 0.760759 0.766600 0.774412 0.784294 0.796375 0.810817 0.827824 0.847646 0.870588 0.833226 0.799714 0.770578 0.745223 0.723170 0.704032 0.687495 0.673301 0.661242 0.651149 0.642884 0.636341 0.631435 0.628106 0.626313 0.626034 0.627266 0.630023 7165.500000 1.310960 0.826428
0.759392 0.756001 0.754451 0.754721 0.756815 0.760759 0.766600 0.774412 0.784294 0.796375 0.810817 0.827824 0.847646 0.870588 0.833226 0.799714 0.770578 0.745223 0.723170 0.704032 0.687495 0.673301 0.661242 0.651149 0.642884 0.636341 0.631435 0.628106 0.626313 0.626034 0.627266 0.630023 0.634339 0.640268 0.647885 0.657287 0.668601 0.681983 0.697627 0.715770 0.736704 0.760787 0.786366 0.779594 0.774788 0.771888 0.770861 0.771693 0.774394 0.778998 0.785560 0.794164 0.804919 0.817966 0.833484 0.851695 0.872868 0.897338 0.925513 0.957898 0.995115 1.000000 0.951378 0.909354 0.872900 0.841204 0.813620 0.789630 0.768814 0.750829 0.735397 0.722292 0.711330 0.702362 0.695271 0.689968 0.686386 0.684482 0.684231 0.685633 0.688702 0.693478 0.700018 0.708405 0.718749 0.731187 0.745891 0.746298 0.726580 0.709543 0.694923 0.682503 0.672111 0.663605 0.656874 0.651833 0.648419 0.646590 0.646325 0.647618 0.650488 0.654967 0.661113 0.669002 0.678736 0.690446 0.704294 0.720479 0.739249 0.760904 0.785818 0.814446 0.847357 0.885264 0.929063 0.979905 0.990009 0.951473 0.917953 0.888783 0.863425 0.841446 0.822490 0.806268 0.792547 0.781135 0.771880 0.764663 7165.500000 1.310960 0.826428
0.648419 0.646590 0.646325 0.647618 0.650488 0.654967 0.661113 0.669002 0.678736 0.690446 0.704294 0.720479 0.739249 0.760904 0.785818 0.814446 0.847357 0.885264 0.929063 0.979905 0.990009 0.951473 0.917953 0.888783 0.863425 0.841446 0.822490 0.806268 0.792547 0.781135 0.771880 0.764663 0.759392 0.756001 0.754451 0.754721 0.756815 0.760759 0.766600 0.774412 0.784294 0.796375 0.810817 0.827824 0.847646 0.870588 0.833226 0.799714 0.770578 0.745223 0.723170 0.704032 0.687495 0.673301 0.661242 0.651149 0.642884 0.636341 0.631435 0.628106 0.626313 0.626034 0.627266 0.630023 0.634339 0.640268 0.647885 0.657287 0.668601 0.681983 0.697627 0.715770 0.736704 0.760787 0.786366 0.779594 0.774788 0.771888 0.770861 0.771693 0.774394 0.778998 0.785560 0.794164 0.804919 0.817966 0.833484 0.851695 0.872868 0.897338 0.925513 0.957898 0.995115 1.000000 0.951378 0.909354 0.872900 0.841204 0.813620 0.789630 0.768814 0.750829 0.735397 0.722292 0.711330 0.702362 0.695271 0.689968 0.686386 0.684482 0.684231 0.685633 0.688702 0.693478 0.700018 0.708405 0.718749 0.731187 0.745891 0.746298 0.726580 0.709543 0.694923 0.682503 0.672111 0.663605 0.656874 0.651833 7165.500000 1.310960 0.826428
0.758200 0.725455 0.697031 0.672309 0.650794 0.632090 0.615873 0.601881 0.589900 0.579756 0.571308 0.564443 0.559072 0.555127 0.552559 0.551337 0.551446 0.552887 0.555678 0.559853 0.565463 0.572581 0.581298 0.591732 0.604029 0.618370 0.634975 0.654116 0.676126 0.671580 0.663599 0.657370 0.652815 0.649878 0.648522 0.648731 0.650508 0.653875 0.658872 0.665562 0.674029 0.684385 0.696769 0.711354 0.728356 0.748036 0.770717 0.796796 0.826764 0.861230 0.900959 0.946923 1.000000 0.937518 0.884391 0.838874 0.799646 0.765684 0.736191 0.710534 0.688208 0.668803 0.651991 0.637501 0.625115 0.614653 0.605972 0.598955 0.593512 0.589575 0.587094 0.586041 0.586401 0.588180 0.591398 0.596096 0.602332 0.610185 0.619759 0.631182 0.644617 0.660261 0.678358 0.699208 0.687328 0.676017 0.666653 0.659111 0.653294 0.649129 0.646564 0.645569 0.646130 0.648256 0.651972 0.657323 0.664377 0.673223 0.683978 0.696788 0.711834 0.728003 0.716331 0.706703 0.698991 0.693099 0.688950 0.686495 0.685703 0.686565 0.689092 0.693314 0.699282 0.707073 0.716785 0.728548 0.742522 0.758906 0.777946 0.799942 0.825265 0.854369 0.887818 0.926315 0.951874 0.891373 0.840005 0.796049 5880.500000 1.322021 0.793729
0.664377 0.673223 0.683978 0.696788 0.711834 0.728003 0.716331 0.706703 0.698991 0.693099 0.688950 0.686495 0.685703 0.686565 0.689092 0.693314 0.699282 0.707073 0.716785 0.728548 0.742522 0.758906 0.777946 0.799942 0.825265 0.854369 0.887818 0.926315 0.951874 0.891373 0.840005 0.796049 0.758200 0.725455 0.697031 0.672309 0.650794 0.632090 0.615873 0.601881 0.589900 0.579756 0.571308 0.564443 0.559072 0.555127 0.552559 0.551337 0.551446 0.552887 0.555678 0.559853 0.565463 0.572581 0.581298 0.591732 0.604029 0.618370 0.634975 0.654116 0.676126 0.671580 0.663599 0.657370 0.652815 0.649878 0.648522 0.648731 0.650508 0.653875 0.658872 0.665562 0.674029 0.684385 0.696769 0.711354 0.728356 0.748036 0.770717 0.796796 0.826764 0.861230 0.900959 0.946923 1.000000 0.937518 0.884391 0.838874 0.799646 0.765684 0.736191 0.710534 0.688208 0.668803 0.651991 0.637501 0.625115 0.614653 0.605972 0.598955 0.593512 0.589575 0.587094 0.586041 0.586401 0.588180 0.591398 0.596096 0.602332 0.610185 0.619759 0.631182 0.644617 0.660261 0.678358 0.699208 0.687328 0.676017 0.666653 0.659111 0.653294 0.649129 0.646564 0.645569 0.646130 0.648256 0.651972 0.657323 5880.500000 1.322021 0.793729
0.625115 0.614653 0.605972 0.598955 0.593512 0.589575 0.587094 0.586041 0.586401 0.588180 0.591398 0.596096 0.602332 0.610185 0.619759 0.631182 0.644617 0.660261 0.678358 0.699208 0.687328 0.676017 0.666653 0.659111 0.653294 0.649129 0.646564 0.645569 0.646130 0.648256 0.651972 0.657323 0.664377 0.673223 0.683978 0.696788 0.711834 0.728003 0.716331 0.706703 0.698991 0.693099 0.688950 0.686495 0.685703 0.686565 0.689092 0.693314 0.699282 0.707073 0.716785 0.728548 0.742522 0.758906 0.777946 0.799942 0.825265 0.854369 0.887818 0.926315 0.951874 0.891373 0.840005 0.796049 0.758200 0.725455 0.697031 0.672309 0.650794 0.632090 0.615873 0.601881 0.589900 0.579756 0.571308 0.564443 0.559072 0.555127 0.552559 0.551337 0.551446 0.552887 0.555678 0.559853 0.565463 0.572581 0.581298 0.591732 0.604029 0.618370 0.634975 0.654116 0.676126 0.671580 0.663599 0.657370 0.652815 0.649878 0.648522 0.648731 0.650508 0.653875 0.658872 0.665562 0.674029 0.684385 0.696769 0.711354 0.728356 0.748036 0.770717 0.796796 0.826764 0.861230 0.900959 0.946923 1.000000 0.937518 0.884391 0.838874 0.799646 0.765684 0.736191 0.710534 0.688208 0.668803 0.651991 0.637501 5880.500000 1.322021 0.793729
0.652815 0.649878 0.648522 0.648731 0.650508 0.653875 0.658872 0.665562 0.674029 0.684385 0.696769 0.711354 0.728356 0.748036 0.770717 0.796796 0.826764 0.861230 0.900959 0.946923 1.000000 0.937518 0.884391 0.838874 0.799646 0.765684 0.736191 0.710534 0.688208 0.668803 0.651991 0.637501 0.625115 0.614653 0.605972 0.598955 0.593512 0.589575 0.587094 0.586041 0.586401 0.588180 0.591398 0.596096 0.602332 0.610185 0.619759 0.631182 0.644617 0.660261 0.678358 0.699208 0.687328 0.676017 0.666653 0.659111 0.653294 0.649129 0.646564 0.645569 0.646130 0.648256 0.651972 0.657323 0.664377 0.673223 0.683978 0.696788 0.711834 0.728003 0.716331 0.706703 0.698991 0.693099 0.688950 0.686495 0.685703 0.686565 0.689092 0.693314 0.699282 0.707073 0.716785 0.728548 0.742522 0.758906 0.777946 0.799942 0.825265 0.854369 0.887818 0.926315 0.951874 0.891373 0.840005 0.796049 0.758200 0.725455 0.697031 0.672309 0.650794 0.632090 0.615873 0.601881 0.589900 0.579756 0.571308 0.564443 0.559072 0.555127 0.552559 0.551337 0.551446 0.552887 0.555678 0.559853 0.565463 0.572581 0.581298 0.591732 0.604029 0.618370 0.634975 0.654116 0.676126 0.671580 0.663599 0.657370 5880.500000 1.322021 0.793729
0.746972 0.759351 0.774044 0.788987 0.787172 0.787258 0.789246 0.793159 0.799046 0.806979 0.817060 0.829419 0.844223 0.861678 0.882041 0.905623 0.932810 0.964075 1.000000 0.975167 0.914319 0.862575 0.818239 0.780025 0.746941 0.718209 0.693213 0.671462 0.652559 0.636181 0.622068 0.610004 0.599817 0.591367 0.584539 0.579247 0.570719 0.560711 0.552356 0.545541 0.540178 0.536198 0.533553 0.532209 0.532151 0.533378 0.535904 0.539761 0.544997 0.551676 0.559888 0.569740 0.581372 0.594951 0.610686 0.628833 0.649704 0.673686 0.701261 0.733031 0.769759 0.812421 0.862290 0.921044 0.916732 0.894811 0.875975 0.859945 0.846494 0.835438 0.826634 0.819967 0.815356 0.812744 0.812099 0.813412 0.816700 0.822004 0.829388 0.838945 0.850798 0.865106 0.882064 0.901916 0.918772 0.865119 0.819250 0.779785 0.745661 0.716051 0.690303 0.667895 0.648409 0.631506 0.616910 0.604397 0.593784 0.584921 0.577691 0.571998 0.567771 0.564957 0.563522 0.563447 0.564733 0.567395 0.571466 0.576995 0.584054 0.592732 0.603148 0.615445 0.629803 0.646441 0.665629 0.687699 0.713059 0.735271 0.727358 0.721332 0.717120 0.714667 0.713946 0.714946 0.717681 0.722184 0.728509 0.736736 1134.500000 1.451922 0.801471
0.593784 0.584921 0.577691 0.571998 0.567771 0.564957 0.563522 0.563447 0.564733 0.567395 0.571466 0.576995 0.584054 0.592732 0.603148 0.615445 0.629803 0.646441 0.665629 0.687699 0.713059 0.735271 0.727358 0.721332 0.717120 0.714667 0.713946 0.714946 0.717681 0.722184 0.728509 0.736736 0.746972 0.759351 0.774044 0.788987 0.787172 0.787258 0.789246 0.793159 0.799046 0.806979 0.817060 0.829419 0.844223 0.861678 0.882041 0.905623 0.932810 0.964075 1.000000 0.975167 0.914319 0.862575 0.818239 0.780025 0.746941 0.718209 0.693213 0.671462 0.652559 0.636181 0.622068 0.610004 0.599817 0.591367 0.584539 0.579247 0.570719 0.560711 0.552356 0.545541 0.540178 0.536198 0.533553 0.532209 0.532151 0.533378 0.535904 0.539761 0.544997 0.551676 0.559888 0.569740 0.581372 0.594951 0.610686 0.628833 0.649704 0.673686 0.701261 0.733031 0.769759 0.812421 0.862290 0.921044 0.916732 0.894811 0.875975 0.859945 0.846494 0.835438 0.826634 0.819967 0.815356 0.812744 0.812099 0.813412 0.816700 0.822004 0.829388 0.838945 0.850798 0.865106 0.882064 0.901916 0.918772 0.865119 0.819250 0.779785 0.745661 0.716051 0.690303 0.667895 0.648409 0.631506 0.616910 0.604397 1134.500000 1.451922 0.801471
0.916732 0.894811 0.875975 0.859945 0.846494 0.835438 0.826634 0.819967 0.815356 0.812744 0.812099 0.813412 0.816700 0.822004 0.829388 0.838945 0.850798 0.865106 0.882064 0.901916 0.918772 0.865119 0.819250 0.779785 0.745661 0.716051 0.690303 0.667895 0.648409 0.631506 0.616910 0.604397 0.593784 0.584921 0.577691 0.571998 0.567771 0.564957 0.563522 0.563447 0.564733 0.567395 0.571466 0.576995 0.584054 0.592732 0.603148 0.615445 0.629803 0.646441 0.665629 0.687699 0.713059 0.735271 0.727358 0.721332 0.717120 0.714667 0.713946 0.714946 0.717681 0.722184 0.728509 0.736736 0.746972 0.759351 0.774044 0.788987 0.787172 0.787258 0.789246 0.793159 0.799046 0.806979 0.817060 0.829419 0.844223 0.861678 0.882041 0.905623 0.932810 0.964075 1.000000 0.975167 0.914319 0.862575 0.818239 0.780025 0.746941 0.718209 0.693213 0.671462 0.652559 0.636181 0.622068 0.610004 0.599817 0.591367 0.584539 0.579247 0.570719 0.560711 0.552356 0.545541 0.540178 0.536198 0.533553 0.532209 0.532151 0.533378 0.535904 0.539761 0.544997 0.551676 0.559888 0.569740 0.581372 0.594951 0.610686 0.628833 0.649704 0.673686 0.701261 0.733031 0.769759 0.812421 0.862290 0.921044 1134.500000 1.451922 0.801471
0.599817 0.591367 0.584539 0.579247 0.570719 0.560711 0.552356 0.545541 0.540178 0.536198 0.533553 0.532209 0.532151 0.533378 0.535904 0.539761 0.544997 0.551676 0.559888 0.569740 0.581372 0.594951 0.610686 0.628833 0.649704 0.673686 0.701261 0.733031 0.769759 0.812421 0.862290 0.921044 0.916732 0.894811 0.875975 0.859945 0.846494 0.835438 0.826634 0.819967 0.815356 0.812744 0.812099 0.813412 0.816700 0.822004 0.829388 0.838945 0.850798 0.865106 0.882064 0.901916 0.918772 0.865119 0.819250 0.779785 0.745661 0.716051 0.690303 0.667895 0.648409 0.631506 0.616910 0.604397 0.593784 0.584921 0.577691 0.571998 0.567771 0.564957 0.563522 0.563447 0.564733 0.567395 0.571466 0.576995 0.584054 0.592732 0.603148 0.615445 0.629803 0.646441 0.665629 0.687699 0.713059 0.735271 0.727358 0.721332 0.717120 0.714667 0.713946 0.714946 0.717681 0.722184 0.728509 0.736736 0.746972 0.759351 0.774044 0.788987 0.787172 0.787258 0.789246 0.793159 0.799046 0.806979 0.817060 0.829419 0.844223 0.861678 0.882041 0.905623 0.932810 0.964075 1.000000 0.975167 0.914319 0.862575 0.818239 0.780025 0.746941 0.718209 0.693213 0.671462 0.652559 0.636181 0.622068 0.610004 1134.500000 1.451922 0.801471
0.880943 0.848174 0.811821 0.780258 0.752803 0.728911 0.708143 0.690141 0.674618 0.661335 0.650101 0.640760 0.633188 0.627286 0.622980 0.620217 0.618963 0.619202 0.620938 0.624192 0.629003 0.635432 0.643560 0.653494 0.665367 0.679346 0.695637 0.714492 0.736221 0.761204 0.789913 0.822931 0.860995 0.901789 0.871930 0.845956 0.823412 0.803925 0.787191 0.772964 0.761042 0.751266 0.743505 0.737663 0.733665 0.731463 0.731030 0.732361 0.735471 0.740400 0.747207 0.755979 0.766828 0.779899 0.795374 0.813474 0.834474 0.858711 0.886597 0.918643 0.955481 0.930584 0.876755 0.830704 0.791060 0.756768 0.727004 0.701118 0.678590 0.659003 0.642019 0.627361 0.614806 0.604170 0.595306 0.588094 0.582442 0.578277 0.575548 0.574221 0.574281 0.575727 0.578579 0.582870 0.588654 0.596004 0.605016 0.615811 0.628539 0.643388 0.660586 0.680412 0.703211 0.729410 0.759537 0.794255 0.834406 0.881068 0.935646 1.000000 0.969787 0.928817 0.893233 0.862276 0.835337 0.811928 0.791650 0.774180 0.759254 0.746657 0.736216 0.727792 0.721277 0.716588 0.713668 0.712482 0.713014 0.715271 0.719281 0.725093 0.732779 0.742438 0.754196 0.768213 0.784686 0.803861 0.826037 0.851580 7491.000000 1.227039 0.771023
0.834406 0.881068 0.935646 1.000000 0.969787 0.928817 0.893233 0.862276 0.835337 0.811928 0.791650 0.774180 0.759254 0.746657 0.736216 0.727792 0.721277 0.716588 0.713668 0.712482 0.713014 0.715271 0.719281 0.725093 0.732779 0.742438 0.754196 0.768213 0.784686 0.803861 0.826037 0.851580 0.880943 0.848174 0.811821 0.780258 0.752803 0.728911 0.708143 0.690141 0.674618 0.661335 0.650101 0.640760 0.633188 0.627286 0.622980 0.620217 0.618963 0.619202 0.620938 0.624192 0.629003 0.635432 0.643560 0.653494 0.665367 0.679346 0.695637 0.714492 0.736221 0.761204 0.789913 0.822931 0.860995 0.901789 0.871930 0.845956 0.823412 0.803925 0.787191 0.772964 0.761042 0.751266 0.743505 0.737663 0.733665 0.731463 0.731030 0.732361 0.735471 0.740400 0.747207 0.755979 0.766828 0.779899 0.795374 0.813474 0.834474 0.858711 0.886597 0.918643 0.955481 0.930584 0.876755 0.830704 0.791060 0.756768 0.727004 0.701118 0.678590 0.659003 0.642019 0.627361 0.614806 0.604170 0.595306 0.588094 0.582442 0.578277 0.575548 0.574221 0.574281 0.575727 0.578579 0.582870 0.588654 0.596004 0.605016 0.615811 0.628539 0.643388 0.660586 0.680412 0.703211 0.729410 0.759537 0.794255 7491.000000 1.227039 0.771023
0.791060 0.756768 0.727004 0.701118 0.678590 0.659003 0.642019 0.627361 0.614806 0.604170 0.595306 0.588094 0.582442 0.578277 0.575548 0.574221 0.574281 0.575727 0.578579 0.582870 0.588654 0.596004 0.605016 0.615811 0.628539 0.643388 0.660586 0.680412 0.703211 0.729410 0.759537 0.794255 0.834406 0.881068 0.935646 1.000000 0.969787 0.928817 0.893233 0.862276 0.835337 0.811928 0.791650 0.774180 0.759254 0.746657 0.736216 0.727792 0.721277 0.716588 0.713668 0.712482 0.713014 0.715271 0.719281 0.725093 0.732779 0.742438 0.754196 0.768213 0.784686 0.803861 0.826037 0.851580 0.880943 0.848174 0.811821 0.780258 0.752803 0.728911 0.708143 0.690141 0.674618 0.661335 0.650101 0.640760 0.633188 0.627286 0.622980 0.620217 0.618963 0.619202 0.620938 0.624192 0.629003 0.635432 0.643560 0.653494 0.665367 0.679346 0.695637 0.714492 0.736221 0.761204 0.789913 0.822931 0.860995 0.901789 0.871930 0.845956 0.823412 0.803925 0.787191 0.772964 0.761042 0.751266 0.743505 0.737663 0.733665 0.731463 0.731030 0.732361 0.735471 0.740400 0.747207 0.755979 0.766828 0.779899 0.795374 0.813474 0.834474 0.858711 0.886597 0.918643 0.955481 0.930584 0.876755 0.830704 7491.000000 1.227039 0.771023
0.860995 0.901789 0.871930 0.845956 0.823412 0.803925 0.787191 0.772964 0.761042 0.751266 0.743505 0.737663 0.733665 0.731463 0.731030 0.732361 0.735471 0.740400 0.747207 0.755979 0.766828 0.779899 0.795374 0.813474 0.834474 0.858711 0.886597 0.918643 0.955481 0.930584 0.876755 0.830704 0.791060 0.756768 0.727004 0.701118 0.678590 0.659003 0.642019 0.627361 0.614806 0.604170 0.595306 0.588094 0.582442 0.578277 0.575548 0.574221 0.574281 0.575727 0.578579 0.582870 0.588654 0.596004 0.605016 0.615811 0.628539 0.643388 0.660586 0.680412 0.703211 0.729410 0.759537 0.794255 0.834406 0.881068 0.935646 1.000000 0.969787 0.928817 0.893233 0.862276 0.835337 0.811928 0.791650 0.774180 0.759254 0.746657 0.736216 0.727792 0.721277 0.716588 0.713668 0.712482 0.713014 0.715271 0.719281 0.725093 0.732779 0.742438 0.754196 0.768213 0.784686 0.803861 0.826037 0.851580 0.880943 0.848174 0.811821 0.780258 0.752803 0.728911 0.708143 0.690141 0.674618 0.661335 0.650101 0.640760 0.633188 0.627286 0.622980 0.620217 0.618963 0.619202 0.620938 0.624192 0.629003 0.635432 0.643560 0.653494 0.665367 0.679346 0.695637 0.714492 0.736221 0.761204 0.789913 0.822931 7491.000000 1.227039 0.771023
0.519134 0.548187 0.582170 0.622244 0.669975 0.727535 0.798019 0.800123 0.758507 0.722660 0.691639 0.664708 0.641282 0.620896 0.603175 0.587814 0.574565 0.563228 0.553637 0.545660 0.539190 0.534144 0.530457 0.528084 0.526997 0.527181 0.528639 0.531389 0.535465 0.540916 0.547814 0.556246 0.566328 0.578201 0.592039 0.608057 0.626517 0.647742 0.672131 0.700182 0.732518 0.733755 0.679395 0.633956 0.595560 0.562827 0.534726 0.510468 0.489445 0.471174 0.455276 0.441444 0.429432 0.419040 0.410103 0.402488 0.396088 0.390815 0.386600 0.383389 0.381141 0.379829 0.379437 0.379960 0.381405 0.383789 0.387141 0.391504 0.396934 0.403502 0.411298 0.420435 0.431049 0.443308 0.457419 0.473636 0.492276 0.513731 0.538497 0.567208 0.600682 0.639993 0.686579 0.742409 0.810247 0.894100 1.000000 0.985718 0.876142 0.790204 0.721201 0.664754 0.617882 0.578487 0.545048 0.516440 0.491811 0.470507 0.452015 0.435932 0.421936 0.409767 0.399215 0.390109 0.382310 0.375703 0.370198 0.365721 0.362212 0.359628 0.357938 0.357119 0.357162 0.358068 0.359848 0.362524 0.366128 0.370706 0.376319 0.383041 0.390966 0.400211 0.410918 0.423261 0.437455 0.453765 0.472521 0.494136 841.000000 1.566815 0.562517
0.491811 0.470507 0.452015 0.435932 0.421936 0.409767 0.399215 0.390109 0.382310 0.375703 0.370198 0.365721 0.362212 0.359628 0.357938 0.357119 0.357162 0.358068 0.359848 0.362524 0.366128 0.370706 0.376319 0.383041 0.390966 0.400211 0.410918 0.423261 0.437455 0.453765 0.472521 0.494136 0.519134 0.548187 0.582170 0.622244 0.669975 0.727535 0.798019 0.800123 0.758507 0.722660 0.691639 0.664708 0.641282 0.620896 0.603175 0.587814 0.574565 0.563228 0.553637 0.545660 0.539190 0.534144 0.530457 0.528084 0.526997 0.527181 0.528639 0.531389 0.535465 0.540916 0.547814 0.556246 0.566328 0.578201 0.592039 0.608057 0.626517 0.647742 0.672131 0.700182 0.732518 0.733755 0.679395 0.633956 0.595560 0.562827 0.534726 0.510468 0.489445 0.471174 0.455276 0.441444 0.429432 0.419040 0.410103 0.402488 0.396088 0.390815 0.386600 0.383389 0.381141 0.379829 0.379437 0.379960 0.381405 0.383789 0.387141 0.391504 0.396934 0.403502 0.411298 0.420435 0.431049 0.443308 0.457419 0.473636 0.492276 0.513731 0.538497 0.567208 0.600682 0.639993 0.686579 0.742409 0.810247 0.894100 1.000000 0.985718 0.876142 0.790204 0.721201 0.664754 0.617882 0.578487 0.545048 0.516440 841.000000 1.566815 0.562517
0.381405 0.383789 0.387141 0.391504 0.396934 0.403502 0.411298 0.420435 0.431049 0.443308 0.457419 0.473636 0.492276 0.513731 0.538497 0.567208 0.600682 0.639993 0.686579 0.742409 0.810247 0.894100 1.000000 0.985718 0.876142 0.790204 0.721201 0.664754 0.617882 0.578487 0.545048 0.516440 0.491811 0.470507 0.452015 0.435932 0.421936 0.409767 0.399215 0.390109 0.382310 0.375703 0.370198 0.365721 0.362212 0.359628 0.357938 0.357119 0.357162 0.358068 0.359848 0.362524 0.366128 0.370706 0.376319 0.383041 0.390966 0.400211 0.410918 0.423261 0.437455 0.453765 0.472521 0.494136 0.519134 0.548187 0.582170 0.622244 0.669975 0.727535 0.798019 0.800123 0.758507 0.722660 0.691639 0.664708 0.641282 0.620896 0.603175 0.587814 0.574565 0.563228 0.553637 0.545660 0.539190 0.534144 0.530457 0.528084 0.526997 0.527181 0.528639 0.531389 0.535465 0.540916 0.547814 0.556246 0.566328 0.578201 0.592039 0.608057 0.626517 0.647742 0.672131 0.700182 0.732518 0.733755 0.679395 0.633956 0.595560 0.562827 0.534726 0.510468 0.489445 0.471174 0.455276 0.441444 0.429432 0.419040 0.410103 0.402488 0.396088 0.390815 0.386600 0.383389 0.381141 0.379829 0.379437 0.379960 841.000000 1.566815 0.562517
0.566328 0.578201 0.592039 0.608057 0.626517 0.647742 0.672131 0.700182 0.732518 0.733755 0.679395 0.633956 0.595560 0.562827 0.534726 0.510468 0.489445 0.471174 0.455276 0.441444 0.429432 0.419040 0.410103 0.402488 0.396088 0.390815 0.386600 0.383389 0.381141 0.379829 0.379437 0.379960 0.381405 0.383789 0.387141 0.391504 0.396934 0.403502 0.411298 0.420435 0.431049 0.443308 0.457419 0.473636 0.492276 0.513731 0.538497 0.567208 0.600682 0.639993 0.686579 0.742409 0.810247 0.894100 1.000000 0.985718 0.876142 0.790204 0.721201 0.664754 0.617882 0.578487 0.545048 0.516440 0.491811 0.470507 0.452015 0.435932 0.421936 0.409767 0.399215 0.390109 0.382310 0.375703 0.370198 0.365721 0.362212 0.359628 0.357938 0.357119 0.357162 0.358068 0.359848 0.362524 0.366128 0.370706 0.376319 0.383041 0.390966 0.400211 0.410918 0.423261 0.437455 0.453765 0.472521 0.494136 0.519134 0.548187 0.582170 0.622244 0.669975 0.727535 0.798019 0.800123 0.758507 0.722660 0.691639 0.664708 0.641282 0.620896 0.603175 0.587814 0.574565 0.563228 0.553637 0.545660 0.539190 0.534144 0.530457 0.528084 0.526997 0.527181 0.528639 0.531389 0.535465 0.540916 0.547814 0.556246 841.000000 1.566815 0.562517
0.634905 0.594134 0.559550 0.529978 0.504528 0.482520 0.463422 0.446813 0.432359 0.419791 0.408890 0.399478 0.391412 0.384573 0.378867 0.374215 0.370558 0.367850 0.366056 0.365156 0.365137 0.365999 0.367754 0.370423 0.374038 0.378646 0.384306 0.391094 0.399105 0.408456 0.419289 0.431782 0.446150 0.462659 0.481643 0.503516 0.528805 0.558184 0.592530 0.633006 0.681179 0.739215 0.810195 0.898649 0.914144 0.848692 0.793770 0.747216 0.707430 0.673206 0.643620 0.617951 0.595630 0.576206 0.559313 0.544658 0.532000 0.521143 0.511930 0.504230 0.497941 0.492979 0.489282 0.486805 0.485516 0.485400 0.486456 0.488696 0.492148 0.496855 0.502876 0.510289 0.519193 0.529713 0.542000 0.556242 0.572671 0.591567 0.613281 0.638246 0.667005 0.700245 0.725503 0.683545 0.647650 0.616749 0.590019 0.566818 0.546640 0.529080 0.513812 0.500573 0.489148 0.479361 0.471072 0.464163 0.458543 0.454138 0.450893 0.448767 0.447735 0.447784 0.448914 0.451140 0.454489 0.459001 0.464735 0.471765 0.480185 0.490113 0.501695 0.515109 0.530572 0.548355 0.568789 0.592287 0.619367 0.650684 0.687080 0.729650 0.779848 0.839634 0.911728 1.000000 0.902936 0.813598 0.741973 0.683452 616.000000 1.446613 0.574139
0.458543 0.454138 0.450893 0.448767 0.447735 0.447784 0.448914 0.451140 0.454489 0.459001 0.464735 0.471765 0.480185 0.490113 0.501695 0.515109 0.530572 0.548355 0.568789 0.592287 0.619367 0.650684 0.687080 0.729650 0.779848 0.839634 0.911728 1.000000 0.902936 0.813598 0.741973 0.683452 0.634905 0.594134 0.559550 0.529978 0.504528 0.482520 0.463422 0.446813 0.432359 0.419791 0.408890 0.399478 0.391412 0.384573 0.378867 0.374215 0.370558 0.367850 0.366056 0.365156 0.365137 0.365999 0.367754 0.370423 0.374038 0.378646 0.384306 0.391094 0.399105 0.408456 0.419289 0.431782 0.446150 0.462659 0.481643 0.503516 0.528805 0.558184 0.592530 0.633006 0.681179 0.739215 0.810195 0.898649 0.914144 0.848692 0.793770 0.747216 0.707430 0.673206 0.643620 0.617951 0.595630 0.576206 0.559313 0.544658 0.532000 0.521143 0.511930 0.504230 0.497941 0.492979 0.489282 0.486805 0.485516 0.485400 0.486456 0.488696 0.492148 0.496855 0.502876 0.510289 0.519193 0.529713 0.542000 0.556242 0.572671 0.591567 0.613281 0.638246 0.667005 0.700245 0.725503 0.683545 0.647650 0.616749 0.590019 0.566818 0.546640 0.529080 0.513812 0.500573 0.489148 0.479361 0.471072 0.464163 616.000000 1.446613 0.574139
0.485516 0.485400 0.486456 0.488696 0.492148 0.496855 0.502876 0.510289 0.519193 0.529713 0.542000 0.556242 0.572671 0.591567 0.613281 0.638246 0.667005 0.700245 0.725503 0.683545 0.647650 0.616749 0.590019 0.566818 0.546640 0.529080 0.513812 0.500573 0.489148 0.479361 0.471072 0.464163 0.458543 0.454138 0.450893 0.448767 0.447735 0.447784 0.448914 0.451140 0.454489 0.459001 0.464735 0.471765 0.480185 0.490113 0.501695 0.515109 0.530572 0.548355 0.568789 0.592287 0.619367 0.650684 0.687080 0.729650 0.779848 0.839634 0.911728 1.000000 0.902936 0.813598 0.741973 0.683452 0.634905 0.594134 0.559550 0.529978 0.504528 0.482520 0.463422 0.446813 0.432359 0.419791 0.408890 0.399478 0.391412 0.384573 0.378867 0.374215 0.370558 0.367850 0.366056 0.365156 0.365137 0.365999 0.367754 0.370423 0.374038 0.378646 0.384306 0.391094 0.399105 0.408456 0.419289 0.431782 0.446150 0.462659 0.481643 0.503516 0.528805 0.558184 0.592530 0.633006 0.681179 0.739215 0.810195 0.898649 0.914144 0.848692 0.793770 0.747216 0.707430 0.673206 0.643620 0.617951 0.595630 0.576206 0.559313 0.544658 0.532000 0.521143 0.511930 0.504230 0.497941 0.492979 0.489282 0.486805 616.000000 1.446613 0.574139
0.446150 0.462659 0.481643 0.503516 0.528805 0.558184 0.592530 0.633006 0.681179 0.739215 0.810195 0.898649 0.914144 0.848692 0.793770 0.747216 0.707430 0.673206 0.643620 0.617951 0.595630 0.576206 0.559313 0.544658 0.532000 0.521143 0.511930 0.504230 0.497941 0.492979 0.489282 0.486805 0.485516 0.485400 0.486456 0.488696 0.492148 0.496855 0.502876 0.510289 0.519193 0.529713 0.542000 0.556242 0.572671 0.591567 0.613281 0.638246 0.667005 0.700245 0.725503 0.683545 0.647650 0.616749 0.590019 0.566818 0.546640 0.529080 0.513812 0.500573 0.489148 0.479361 0.471072 0.464163 0.458543 0.454138 0.450893 0.448767 0.447735 0.447784 0.448914 0.451140 0.454489 0.459001 0.464735 0.471765 0.480185 0.490113 0.501695 0.515109 0.530572 0.548355 0.568789 0.592287 0.619367 0.650684 0.687080 0.729650 0.779848 0.839634 0.911728 1.000000 0.902936 0.813598 0.741973 0.683452 0.634905 0.594134 0.559550 0.529978 0.504528 0.482520 0.463422 0.446813 0.432359 0.419791 0.408890 0.399478 0.391412 0.384573 0.378867 0.374215 0.370558 0.367850 0.366056 0.365156 0.365137 0.365999 0.367754 0.370423 0.374038 0.378646 0.384306 0.391094 0.399105 0.408456 0.419289 0.431782 616.000000 1.446613 0.574139
0.977038 1.000000 0.942222 0.892790 0.850232 0.813417 0.781463 0.753671 0.729485 0.708457 0.690224 0.674489 0.661013 0.649599 0.640089 0.632354 0.626295 0.621834 0.612920 0.591393 0.572660 0.556377 0.542264 0.530095 0.519684 0.510882 0.503566 0.497638 0.493022 0.489660 0.487509 0.486545 0.486755 0.488141 0.490721 0.494526 0.499603 0.506018 0.513853 0.523215 0.534236 0.547077 0.561938 0.579062 0.598751 0.621375 0.629887 0.629326 0.630283 0.632771 0.636818 0.642474 0.649812 0.658925 0.669935 0.682991 0.698283 0.716039 0.736543 0.760140 0.787259 0.818430 0.854313 0.873539 0.835747 0.802944 0.774414 0.749586 0.727999 0.709282 0.693131 0.679300 0.667586 0.657828 0.649893 0.643681 0.639110 0.636126 0.634692 0.634790 0.636421 0.639606 0.644382 0.650811 0.658972 0.668973 0.680948 0.695064 0.711528 0.711862 0.676351 0.645697 0.619128 0.596038 0.575946 0.558466 0.543286 0.530153 0.518860 0.509240 0.501155 0.494495 0.489174 0.485121 0.482288 0.480200 0.479115 0.479186 0.480415 0.482816 0.486419 0.491269 0.497427 0.504973 0.514009 0.524661 0.537085 0.551473 0.568059 0.587132 0.609048 0.634251 0.663297 0.696891 0.735936 0.781611 0.835477 0.899644 1892.000000 1.411214 0.752498
0.543286 0.530153 0.518860 0.509240 0.501155 0.494495 0.489174 0.485121 0.482288 0.480200 0.479115 0.479186 0.480415 0.482816 0.486419 0.491269 0.497427 0.504973 0.514009 0.524661 0.537085 0.551473 0.568059 0.587132 0.609048 0.634251 0.663297 0.696891 0.735936 0.781611 0.835477 0.899644 0.977038 1.000000 0.942222 0.892790 0.850232 0.813417 0.781463 0.753671 0.729485 0.708457 0.690224 0.674489 0.661013 0.649599 0.640089 0.632354 0.626295 0.621834 0.612920 0.591393 0.572660 0.556377 0.542264 0.530095 0.519684 0.510882 0.503566 0.497638 0.493022 0.489660 0.487509 0.486545 0.486755 0.488141 0.490721 0.494526 0.499603 0.506018 0.513853 0.523215 0.534236 0.547077 0.561938 0.579062 0.598751 0.621375 0.629887 0.629326 0.630283 0.632771 0.636818 0.642474 0.649812 0.658925 0.669935 0.682991 0.698283 0.716039 0.736543 0.760140 0.787259 0.818430 0.854313 0.873539 0.835747 0.802944 0.774414 0.749586 0.727999 0.709282 0.693131 0.679300 0.667586 0.657828 0.649893 0.643681 0.639110 0.636126 0.634692 0.634790 0.636421 0.639606 0.644382 0.650811 0.658972 0.668973 0.680948 0.695064 0.711528 0.711862 0.676351 0.645697 0.619128 0.596038 0.575946 0.558466 1892.000000 1.411214 0.752498
0.835747 0.802944 0.774414 0.749586 0.727999 0.709282 0.693131 0.679300 0.667586 0.657828 0.649893 0.643681 0.639110 0.636126 0.634692 0.634790 0.636421 0.639606 0.644382 0.650811 0.658972 0.668973 0.680948 0.695064 0.711528 0.711862 0.676351 0.645697 0.619128 0.596038 0.575946 0.558466 0.543286 0.530153 0.518860 0.509240 0.501155 0.494495 0.489174 0.485121 0.482288 0.480200 0.479115 0.479186 0.480415 0.482816 0.486419 0.491269 0.497427 0.504973 0.514009 0.524661 0.537085 0.551473 0.568059 0.587132 0.609048 0.634251 0.663297 0.696891 0.735936 0.781611 0.835477 0.899644 0.977038 1.000000 0.942222 0.892790 0.850232 0.813417 0.781463 0.753671 0.729485 0.708457 0.690224 0.674489 0.661013 0.649599 0.640089 0.632354 0.626295 0.621834 0.612920 0.591393 0.572660 0.556377 0.542264 0.530095 0.519684 0.510882 0.503566 0.497638 0.493022 0.489660 0.487509 0.486545 0.486755 0.488141 0.490721 0.494526 0.499603 0.506018 0.513853 0.523215 0.534236 0.547077 0.561938 0.579062 0.598751 0.621375 0.629887 0.629326 0.630283 0.632771 0.636818 0.642474 0.649812 0.658925 0.669935 0.682991 0.698283 0.716039 0.736543 0.760140 0.787259 0.818430 0.854313 0.873539 1892.000000 1.411214 0.752498
0.486755 0.488141 0.490721 0.494526 0.499603 0.506018 0.513853 0.523215 0.534236 0.547077 0.561938 0.579062 0.598751 0.621375 0.629887 0.629326 0.630283 0.632771 0.636818 0.642474 0.649812 0.658925 0.669935 0.682991 0.698283 0.716039 0.736543 0.760140 0.787259 0.818430 0.854313 0.873539 0.835747 0.802944 0.774414 0.749586 0.727999 0.709282 0.693131 0.679300 0.667586 0.657828 0.649893 0.643681 0.639110 0.636126 0.634692 0.634790 0.636421 0.639606 0.644382 0.650811 0.658972 0.668973 0.680948 0.695064 0.711528 0.711862 0.676351 0.645697 0.619128 0.596038 0.575946 0.558466 0.543286 0.530153 0.518860 0.509240 0.501155 0.494495 0.489174 0.485121 0.482288 0.480200 0.479115 0.479186 0.480415 0.482816 0.486419 0.491269 0.497427 0.504973 0.514009 0.524661 0.537085 0.551473 0.568059 0.587132 0.609048 0.634251 0.663297 0.696891 0.735936 0.781611 0.835477 0.899644 0.977038 1.000000 0.942222 0.892790 0.850232 0.813417 0.781463 0.753671 0.729485 0.708457 0.690224 0.674489 0.661013 0.649599 0.640089 0.632354 0.626295 0.621834 0.612920 0.591393 0.572660 0.556377 0.542264 0.530095 0.519684 0.510882 0.503566 0.497638 0.493022 0.489660 0.487509 0.486545 1892.000000 1.411214 0.752498
0.693745 0.760842 0.844560 0.951556 1.000000 0.904649 0.827718 0.764544 0.711923 0.667584 0.629872 0.597556 0.569699 0.545580 0.524633 0.506409 0.490552 0.476770 0.464832 0.454544 0.445753 0.438332 0.432178 0.427208 0.423361 0.420586 0.418850 0.418131 0.418421 0.419723 0.422053 0.425440 0.429926 0.435568 0.442440 0.450636 0.460270 0.471486 0.484459 0.499403 0.516582 0.536324 0.559034 0.585225 0.615547 0.650836 0.692029 0.661400 0.634831 0.611732 0.591630 0.574145 0.558973 0.545863 0.534613 0.525056 0.517058 0.510512 0.505332 0.501452 0.498823 0.497414 0.497208 0.498201 0.500406 0.503850 0.508575 0.514642 0.522128 0.531133 0.541782 0.554230 0.568666 0.585321 0.604482 0.626500 0.651812 0.680965 0.714650 0.753752 0.799417 0.853161 0.917020 0.837685 0.755385 0.689322 0.635292 0.590435 0.552739 0.520747 0.493379 0.469819 0.449440 0.431753 0.416370 0.402983 0.391343 0.381250 0.372539 0.365077 0.358755 0.353486 0.349198 0.345836 0.343358 0.341732 0.340940 0.340970 0.341824 0.343512 0.346054 0.349482 0.353840 0.359185 0.365587 0.373137 0.381946 0.392147 0.403908 0.417434 0.432975 0.450847 0.471443 0.495260 0.522939 0.555311 0.593481 0.638937 2225.000000 1.593710 0.557433
0.391343 0.381250 0.372539 0.365077 0.358755 0.353486 0.349198 0.345836 0.343358 0.341732 0.340940 0.340970 0.341824 0.343512 0.346054 0.349482 0.353840 0.359185 0.365587 0.373137 0.381946 0.392147 0.403908 0.417434 0.432975 0.450847 0.471443 0.495260 0.522939 0.555311 0.593481 0.638937 0.693745 0.760842 0.844560 0.951556 1.000000 0.904649 0.827718 0.764544 0.711923 0.667584 0.629872 0.597556 0.569699 0.545580 0.524633 0.506409 0.490552 0.476770 0.464832 0.454544 0.445753 0.438332 0.432178 0.427208 0.423361 0.420586 0.418850 0.418131 0.418421 0.419723 0.422053 0.425440 0.429926 0.435568 0.442440 0.450636 0.460270 0.471486 0.484459 0.499403 0.516582 0.536324 0.559034 0.585225 0.615547 0.650836 0.692029 0.661400 0.634831 0.611732 0.591630 0.574145 0.558973 0.545863 0.534613 0.525056 0.517058 0.510512 0.505332 0.501452 0.498823 0.497414 0.497208 0.498201 0.500406 0.503850 0.508575 0.514642 0.522128 0.531133 0.541782 0.554230 0.568666 0.585321 0.604482 0.626500 0.651812 0.680965 0.714650 0.753752 0.799417 0.853161 0.917020 0.837685 0.755385 0.689322 0.635292 0.590435 0.552739 0.520747 0.493379 0.469819 0.449440 0.431753 0.416370 0.402983 2225.000000 1.593710 0.557433
0.500406 0.503850 0.508575 0.514642 0.522128 0.531133 0.541782 0.554230 0.568666 0.585321 0.604482 0.626500 0.651812 0.680965 0.714650 0.753752 0.799417 0.853161 0.917020 0.837685 0.755385 0.689322 0.635292 0.590435 0.552739 0.520747 0.493379 0.469819 0.449440 0.431753 0.416370 0.402983 0.391343 0.381250 0.372539 0.365077 0.358755 0.353486 0.349198 0.345836 0.343358 0.341732 0.340940 0.340970 0.341824 0.343512 0.346054 0.349482 0.353840 0.359185 0.365587 0.373137 0.381946 0.392147 0.403908 0.417434 0.432975 0.450847 0.471443 0.495260 0.522939 0.555311 0.593481 0.638937 0.693745 0.760842 0.844560 0.951556 1.000000 0.904649 0.827718 0.764544 0.711923 0.667584 0.629872 0.597556 0.569699 0.545580 0.524633 0.506409 0.490552 0.476770 0.464832 0.454544 0.445753 0.438332 0.432178 0.427208 0.423361 0.420586 0.418850 0.418131 0.418421 0.419723 0.422053 0.425440 0.429926 0.435568 0.442440 0.450636 0.460270 0.471486 0.484459 0.499403 0.516582 0.536324 0.559034 0.585225 0.615547 0.650836 0.692029 0.661400 0.634831 0.611732 0.591630 0.574145 0.558973 0.545863 0.534613 0.525056 0.517058 0.510512 0.505332 0.501452 0.498823 0.497414 0.497208 0.498201 2225.000000 1.593710 0.557433
0.429926 0.435568 0.442440 0.450636 0.460270 0.471486 0.484459 0.499403 0.516582 0.536324 0.559034 0.585225 0.615547 0.650836 0.692029 0.661400 0.634831 0.611732 0.591630 0.574145 0.558973 0.545863 0.534613 0.525056 0.517058 0.510512 0.505332 0.501452 0.498823 0.497414 0.497208 0.498201 0.500406 0.503850 0.508575 0.514642 0.522128 0.531133 0.541782 0.554230 0.568666 0.585321 0.604482 0.626500 0.651812 0.680965 0.714650 0.753752 0.799417 0.853161 0.917020 0.837685 0.755385 0.689322 0.635292 0.590435 0.552739 0.520747 0.493379 0.469819 0.449440 0.431753 0.416370 0.402983 0.391343 0.381250 0.372539 0.365077 0.358755 0.353486 0.349198 0.345836 0.343358 0.341732 0.340940 0.340970 0.341824 0.343512 0.346054 0.349482 0.353840 0.359185 0.365587 0.373137 0.381946 0.392147 0.403908 0.417434 0.432975 0.450847 0.471443 0.495260 0.522939 0.555311 0.593481 0.638937 0.693745 0.760842 0.844560 0.951556 1.000000 0.904649 0.827718 0.764544 0.711923 0.667584 0.629872 0.597556 0.569699 0.545580 0.524633 0.506409 0.490552 0.476770 0.464832 0.454544 0.445753 0.438332 0.432178 0.427208 0.423361 0.420586 0.418850 0.418131 0.418421 0.419723 0.422053 0.425440 2225.000000 1.593710 0.557433
