0.688075 0.691263 0.696165 0.702843 0.711381 0.721890 0.734509 0.749415 0.754438 0.741402 0.730539 0.721702 0.714779 0.709680 0.706343 0.704728 0.704813 0.706601 0.710114 0.715393 0.722506 0.731541 0.742616 0.755881 0.771522 0.789765 0.810894 0.835251 0.852199 0.837667 0.825577 0.815769 0.808115 0.802519 0.798911 0.797247 0.797508 0.799696 0.803838 0.809984 0.818212 0.828625 0.841359 0.856587 0.874522 0.891269 0.854218 0.822026 0.794015 0.769644 0.748473 0.730148 0.714378 0.700929 0.689607 0.680257 0.672757 0.667010 0.662944 0.660508 0.659674 0.660431 0.662788 0.666774 0.672438 0.679852 0.689108 0.700331 0.713674 0.729326 0.747521 0.768545 0.792752 0.820575 0.852550 0.889347 0.931810 0.928411 0.887465 0.851944 0.821058 0.794180 0.770804 0.750521 0.732999 0.717966 0.705203 0.694529 0.685801 0.678905 0.673753 0.670282 0.668448 0.668229 0.669624 0.672648 0.677338 0.683754 0.691975 0.702108 0.714288 0.728686 0.745508 0.765012 0.787512 0.813395 0.843137 0.877330 0.916716 0.962232 1.000000 0.951675 0.909897 0.873649 0.842129 0.814699 0.790844 0.770149 0.752276 0.736949 0.723942 0.713076 0.704202 0.697205 0.691996 0.688511 0.686707 0.686562 8419.000000 1.113822 0.824698
0.677338 0.683754 0.691975 0.702108 0.714288 0.728686 0.745508 0.765012 0.787512 0.813395 0.843137 0.877330 0.916716 0.962232 1.000000 0.951675 0.909897 0.873649 0.842129 0.814699 0.790844 0.770149 0.752276 0.736949 0.723942 0.713076 0.704202 0.697205 0.691996 0.688511 0.686707 0.686562 0.688075 0.691263 0.696165 0.702843 0.711381 0.721890 0.734509 0.749415 0.754438 0.741402 0.730539 0.721702 0.714779 0.709680 0.706343 0.704728 0.704813 0.706601 0.710114 0.715393 0.722506 0.731541 0.742616 0.755881 0.771522 0.789765 0.810894 0.835251 0.852199 0.837667 0.825577 0.815769 0.808115 0.802519 0.798911 0.797247 0.797508 0.799696 0.803838 0.809984 0.818212 0.828625 0.841359 0.856587 0.874522 0.891269 0.854218 0.822026 0.794015 0.769644 0.748473 0.730148 0.714378 0.700929 0.689607 0.680257 0.672757 0.667010 0.662944 0.660508 0.659674 0.660431 0.662788 0.666774 0.672438 0.679852 0.689108 0.700331 0.713674 0.729326 0.747521 0.768545 0.792752 0.820575 0.852550 0.889347 0.931810 0.928411 0.887465 0.851944 0.821058 0.794180 0.770804 0.750521 0.732999 0.717966 0.705203 0.694529 0.685801 0.678905 0.673753 0.670282 0.668448 0.668229 0.669624 0.672648 8419.000000 1.113822 0.824698
0.672438 0.679852 0.689108 0.700331 0.713674 0.729326 0.747521 0.768545 0.792752 0.820575 0.852550 0.889347 0.931810 0.928411 0.887465 0.851944 0.821058 0.794180 0.770804 0.750521 0.732999 0.717966 0.705203 0.694529 0.685801 0.678905 0.673753 0.670282 0.668448 0.668229 0.669624 0.672648 0.677338 0.683754 0.691975 0.702108 0.714288 0.728686 0.745508 0.765012 0.787512 0.813395 0.843137 0.877330 0.916716 0.962232 1.000000 0.951675 0.909897 0.873649 0.842129 0.814699 0.790844 0.770149 0.752276 0.736949 0.723942 0.713076 0.704202 0.697205 0.691996 0.688511 0.686707 0.686562 0.688075 0.691263 0.696165 0.702843 0.711381 0.721890 0.734509 0.749415 0.754438 0.741402 0.730539 0.721702 0.714779 0.709680 0.706343 0.704728 0.704813 0.706601 0.710114 0.715393 0.722506 0.731541 0.742616 0.755881 0.771522 0.789765 0.810894 0.835251 0.852199 0.837667 0.825577 0.815769 0.808115 0.802519 0.798911 0.797247 0.797508 0.799696 0.803838 0.809984 0.818212 0.828625 0.841359 0.856587 0.874522 0.891269 0.854218 0.822026 0.794015 0.769644 0.748473 0.730148 0.714378 0.700929 0.689607 0.680257 0.672757 0.667010 0.662944 0.660508 0.659674 0.660431 0.662788 0.666774 8419.000000 1.113822 0.824698
0.808115 0.802519 0.798911 0.797247 0.797508 0.799696 0.803838 0.809984 0.818212 0.828625 0.841359 0.856587 0.874522 0.891269 0.854218 0.822026 0.794015 0.769644 0.748473 0.730148 0.714378 0.700929 0.689607 0.680257 0.672757 0.667010 0.662944 0.660508 0.659674 0.660431 0.662788 0.666774 0.672438 0.679852 0.689108 0.700331 0.713674 0.729326 0.747521 0.768545 0.792752 0.820575 0.852550 0.889347 0.931810 0.928411 0.887465 0.851944 0.821058 0.794180 0.770804 0.750521 0.732999 0.717966 0.705203 0.694529 0.685801 0.678905 0.673753 0.670282 0.668448 0.668229 0.669624 0.672648 0.677338 0.683754 0.691975 0.702108 0.714288 0.728686 0.745508 0.765012 0.787512 0.813395 0.843137 0.877330 0.916716 0.962232 1.000000 0.951675 0.909897 0.873649 0.842129 0.814699 0.790844 0.770149 0.752276 0.736949 0.723942 0.713076 0.704202 0.697205 0.691996 0.688511 0.686707 0.686562 0.688075 0.691263 0.696165 0.702843 0.711381 0.721890 0.734509 0.749415 0.754438 0.741402 0.730539 0.721702 0.714779 0.709680 0.706343 0.704728 0.704813 0.706601 0.710114 0.715393 0.722506 0.731541 0.742616 0.755881 0.771522 0.789765 0.810894 0.835251 0.852199 0.837667 0.825577 0.815769 8419.000000 1.113822 0.824698
0.995059 1.000000 0.945755 0.899146 0.858888 0.823980 0.793636 0.767231 0.744261 0.724321 0.707080 0.692270 0.679671 0.669106 0.660431 0.653533 0.648322 0.644735 0.642728 0.642275 0.643372 0.646032 0.650286 0.656189 0.663813 0.673258 0.684649 0.698142 0.713933 0.732259 0.753414 0.777757 0.805731 0.837887 0.874911 0.917671 0.958047 0.908559 0.865916 0.829004 0.796952 0.769070 0.744807 0.723717 0.705442 0.689688 0.676216 0.664830 0.655375 0.647723 0.641776 0.637459 0.634718 0.633521 0.633852 0.635716 0.639136 0.644152 0.650828 0.659249 0.669525 0.681794 0.696230 0.713046 0.732502 0.754920 0.780693 0.810310 0.844376 0.858075 0.835979 0.816910 0.800578 0.786744 0.775217 0.765840 0.758493 0.753082 0.749542 0.747827 0.747918 0.749816 0.753543 0.759145 0.766692 0.776280 0.788033 0.802109 0.818706 0.838066 0.860486 0.886333 0.904973 0.858563 0.818557 0.783917 0.753833 0.727660 0.704885 0.685093 0.667947 0.653174 0.640550 0.629893 0.621056 0.613923 0.608401 0.604420 0.601932 0.600905 0.601329 0.603207 0.606563 0.611438 0.617892 0.626008 0.635893 0.647680 0.661536 0.677666 0.696322 0.717812 0.742517 0.770907 0.803566 0.841231 0.884837 0.935589 1275.000000 1.109594 0.763943
0.753833 0.727660 0.704885 0.685093 0.667947 0.653174 0.640550 0.629893 0.621056 0.613923 0.608401 0.604420 0.601932 0.600905 0.601329 0.603207 0.606563 0.611438 0.617892 0.626008 0.635893 0.647680 0.661536 0.677666 0.696322 0.717812 0.742517 0.770907 0.803566 0.841231 0.884837 0.935589 0.995059 1.000000 0.945755 0.899146 0.858888 0.823980 0.793636 0.767231 0.744261 0.724321 0.707080 0.692270 0.679671 0.669106 0.660431 0.653533 0.648322 0.644735 0.642728 0.642275 0.643372 0.646032 0.650286 0.656189 0.663813 0.673258 0.684649 0.698142 0.713933 0.732259 0.753414 0.777757 0.805731 0.837887 0.874911 0.917671 0.958047 0.908559 0.865916 0.829004 0.796952 0.769070 0.744807 0.723717 0.705442 0.689688 0.676216 0.664830 0.655375 0.647723 0.641776 0.637459 0.634718 0.633521 0.633852 0.635716 0.639136 0.644152 0.650828 0.659249 0.669525 0.681794 0.696230 0.713046 0.732502 0.754920 0.780693 0.810310 0.844376 0.858075 0.835979 0.816910 0.800578 0.786744 0.775217 0.765840 0.758493 0.753082 0.749542 0.747827 0.747918 0.749816 0.753543 0.759145 0.766692 0.776280 0.788033 0.802109 0.818706 0.838066 0.860486 0.886333 0.904973 0.858563 0.818557 0.783917 1275.000000 1.109594 0.763943
0.732502 0.754920 0.780693 0.810310 0.844376 0.858075 0.835979 0.816910 0.800578 0.786744 0.775217 0.765840 0.758493 0.753082 0.749542 0.747827 0.747918 0.749816 0.753543 0.759145 0.766692 0.776280 0.788033 0.802109 0.818706 0.838066 0.860486 0.886333 0.904973 0.858563 0.818557 0.783917 0.753833 0.727660 0.704885 0.685093 0.667947 0.653174 0.640550 0.629893 0.621056 0.613923 0.608401 0.604420 0.601932 0.600905 0.601329 0.603207 0.606563 0.611438 0.617892 0.626008 0.635893 0.647680 0.661536 0.677666 0.696322 0.717812 0.742517 0.770907 0.803566 0.841231 0.884837 0.935589 0.995059 1.000000 0.945755 0.899146 0.858888 0.823980 0.793636 0.767231 0.744261 0.724321 0.707080 0.692270 0.679671 0.669106 0.660431 0.653533 0.648322 0.644735 0.642728 0.642275 0.643372 0.646032 0.650286 0.656189 0.663813 0.673258 0.684649 0.698142 0.713933 0.732259 0.753414 0.777757 0.805731 0.837887 0.874911 0.917671 0.958047 0.908559 0.865916 0.829004 0.796952 0.769070 0.744807 0.723717 0.705442 0.689688 0.676216 0.664830 0.655375 0.647723 0.641776 0.637459 0.634718 0.633521 0.633852 0.635716 0.639136 0.644152 0.650828 0.659249 0.669525 0.681794 0.696230 0.713046 1275.000000 1.109594 0.763943
0.805731 0.837887 0.874911 0.917671 0.958047 0.908559 0.865916 0.829004 0.796952 0.769070 0.744807 0.723717 0.705442 0.689688 0.676216 0.664830 0.655375 0.647723 0.641776 0.637459 0.634718 0.633521 0.633852 0.635716 0.639136 0.644152 0.650828 0.659249 0.669525 0.681794 0.696230 0.713046 0.732502 0.754920 0.780693 0.810310 0.844376 0.858075 0.835979 0.816910 0.800578 0.786744 0.775217 0.765840 0.758493 0.753082 0.749542 0.747827 0.747918 0.749816 0.753543 0.759145 0.766692 0.776280 0.788033 0.802109 0.818706 0.838066 0.860486 0.886333 0.904973 0.858563 0.818557 0.783917 0.753833 0.727660 0.704885 0.685093 0.667947 0.653174 0.640550 0.629893 0.621056 0.613923 0.608401 0.604420 0.601932 0.600905 0.601329 0.603207 0.606563 0.611438 0.617892 0.626008 0.635893 0.647680 0.661536 0.677666 0.696322 0.717812 0.742517 0.770907 0.803566 0.841231 0.884837 0.935589 0.995059 1.000000 0.945755 0.899146 0.858888 0.823980 0.793636 0.767231 0.744261 0.724321 0.707080 0.692270 0.679671 0.669106 0.660431 0.653533 0.648322 0.644735 0.642728 0.642275 0.643372 0.646032 0.650286 0.656189 0.663813 0.673258 0.684649 0.698142 0.713933 0.732259 0.753414 0.777757 1275.000000 1.109594 0.763943
0.865368 0.813149 0.768619 0.730381 0.697368 0.668752 0.643882 0.622240 0.603412 0.587063 0.572921 0.560763 0.550408 0.541711 0.534551 0.528836 0.524492 0.521465 0.519718 0.519228 0.519992 0.522017 0.525328 0.529966 0.535990 0.543477 0.552526 0.563261 0.575836 0.590440 0.607306 0.626717 0.643236 0.628360 0.615605 0.604787 0.595752 0.588380 0.582574 0.578262 0.575388 0.573919 0.573837 0.575139 0.577843 0.581981 0.587605 0.594785 0.603615 0.614213 0.626727 0.641338 0.658271 0.677799 0.700260 0.726069 0.755744 0.789932 0.829453 0.875357 0.929008 0.992212 1.000000 0.923068 0.859050 0.805149 0.759334 0.720094 0.686282 0.657015 0.631602 0.609494 0.590256 0.573535 0.559045 0.546553 0.535870 0.526841 0.519342 0.513273 0.508554 0.505128 0.502951 0.501997 0.502254 0.503726 0.506429 0.510399 0.515683 0.522349 0.530484 0.540199 0.551630 0.564946 0.580354 0.598106 0.618516 0.641969 0.665455 0.650847 0.638372 0.627850 0.619137 0.612116 0.606699 0.602816 0.600419 0.599480 0.599987 0.601947 0.605382 0.610336 0.616869 0.625066 0.635035 0.646910 0.660861 0.677093 0.695861 0.717478 0.742326 0.770881 0.803734 0.841629 0.885514 0.936608 0.996507 0.927142 6225.000000 1.595824 0.709828
0.618516 0.641969 0.665455 0.650847 0.638372 0.627850 0.619137 0.612116 0.606699 0.602816 0.600419 0.599480 0.599987 0.601947 0.605382 0.610336 0.616869 0.625066 0.635035 0.646910 0.660861 0.677093 0.695861 0.717478 0.742326 0.770881 0.803734 0.841629 0.885514 0.936608 0.996507 0.927142 0.865368 0.813149 0.768619 0.730381 0.697368 0.668752 0.643882 0.622240 0.603412 0.587063 0.572921 0.560763 0.550408 0.541711 0.534551 0.528836 0.524492 0.521465 0.519718 0.519228 0.519992 0.522017 0.525328 0.529966 0.535990 0.543477 0.552526 0.563261 0.575836 0.590440 0.607306 0.626717 0.643236 0.628360 0.615605 0.604787 0.595752 0.588380 0.582574 0.578262 0.575388 0.573919 0.573837 0.575139 0.577843 0.581981 0.587605 0.594785 0.603615 0.614213 0.626727 0.641338 0.658271 0.677799 0.700260 0.726069 0.755744 0.789932 0.829453 0.875357 0.929008 0.992212 1.000000 0.923068 0.859050 0.805149 0.759334 0.720094 0.686282 0.657015 0.631602 0.609494 0.590256 0.573535 0.559045 0.546553 0.535870 0.526841 0.519342 0.513273 0.508554 0.505128 0.502951 0.501997 0.502254 0.503726 0.506429 0.510399 0.515683 0.522349 0.530484 0.540199 0.551630 0.564946 0.580354 0.598106 6225.000000 1.595824 0.709828
0.859050 0.805149 0.759334 0.720094 0.686282 0.657015 0.631602 0.609494 0.590256 0.573535 0.559045 0.546553 0.535870 0.526841 0.519342 0.513273 0.508554 0.505128 0.502951 0.501997 0.502254 0.503726 0.506429 0.510399 0.515683 0.522349 0.530484 0.540199 0.551630 0.564946 0.580354 0.598106 0.618516 0.641969 0.665455 0.650847 0.638372 0.627850 0.619137 0.612116 0.606699 0.602816 0.600419 0.599480 0.599987 0.601947 0.605382 0.610336 0.616869 0.625066 0.635035 0.646910 0.660861 0.677093 0.695861 0.717478 0.742326 0.770881 0.803734 0.841629 0.885514 0.936608 0.996507 0.927142 0.865368 0.813149 0.768619 0.730381 0.697368 0.668752 0.643882 0.622240 0.603412 0.587063 0.572921 0.560763 0.550408 0.541711 0.534551 0.528836 0.524492 0.521465 0.519718 0.519228 0.519992 0.522017 0.525328 0.529966 0.535990 0.543477 0.552526 0.563261 0.575836 0.590440 0.607306 0.626717 0.643236 0.628360 0.615605 0.604787 0.595752 0.588380 0.582574 0.578262 0.575388 0.573919 0.573837 0.575139 0.577843 0.581981 0.587605 0.594785 0.603615 0.614213 0.626727 0.641338 0.658271 0.677799 0.700260 0.726069 0.755744 0.789932 0.829453 0.875357 0.929008 0.992212 1.000000 0.923068 6225.000000 1.595824 0.709828
0.643236 0.628360 0.615605 0.604787 0.595752 0.588380 0.582574 0.578262 0.575388 0.573919 0.573837 0.575139 0.577843 0.581981 0.587605 0.594785 0.603615 0.614213 0.626727 0.641338 0.658271 0.677799 0.700260 0.726069 0.755744 0.789932 0.829453 0.875357 0.929008 0.992212 1.000000 0.923068 0.859050 0.805149 0.759334 0.720094 0.686282 0.657015 0.631602 0.609494 0.590256 0.573535 0.559045 0.546553 0.535870 0.526841 0.519342 0.513273 0.508554 0.505128 0.502951 0.501997 0.502254 0.503726 0.506429 0.510399 0.515683 0.522349 0.530484 0.540199 0.551630 0.564946 0.580354 0.598106 0.618516 0.641969 0.665455 0.650847 0.638372 0.627850 0.619137 0.612116 0.606699 0.602816 0.600419 0.599480 0.599987 0.601947 0.605382 0.610336 0.616869 0.625066 0.635035 0.646910 0.660861 0.677093 0.695861 0.717478 0.742326 0.770881 0.803734 0.841629 0.885514 0.936608 0.996507 0.927142 0.865368 0.813149 0.768619 0.730381 0.697368 0.668752 0.643882 0.622240 0.603412 0.587063 0.572921 0.560763 0.550408 0.541711 0.534551 0.528836 0.524492 0.521465 0.519718 0.519228 0.519992 0.522017 0.525328 0.529966 0.535990 0.543477 0.552526 0.563261 0.575836 0.590440 0.607306 0.626717 6225.000000 1.595824 0.709828
0.628060 0.678573 0.739860 0.815477 0.839333 0.788199 0.744628 0.707237 0.674970 0.647009 0.622713 0.601573 0.583180 0.567204 0.553377 0.541482 0.531341 0.522809 0.515769 0.510130 0.505817 0.502778 0.500975 0.500386 0.501004 0.502836 0.505905 0.510249 0.515921 0.522995 0.531564 0.541746 0.553685 0.567560 0.583591 0.602046 0.623256 0.647634 0.675689 0.708069 0.683234 0.640157 0.603558 0.572221 0.545227 0.521865 0.501581 0.483938 0.468584 0.455237 0.443669 0.433694 0.425158 0.417940 0.411938 0.407073 0.403282 0.400517 0.398743 0.397940 0.398097 0.399216 0.401311 0.404408 0.408544 0.413773 0.420163 0.427801 0.436793 0.447271 0.459399 0.473375 0.489444 0.507909 0.529147 0.553630 0.581958 0.614903 0.653471 0.698998 0.753293 0.818873 0.899334 1.000000 0.916302 0.819827 0.743352 0.681428 0.630430 0.587852 0.551906 0.521287 0.495016 0.472349 0.452711 0.435647 0.420801 0.407883 0.396661 0.386948 0.378589 0.371460 0.365459 0.360503 0.356527 0.353480 0.351324 0.350032 0.349589 0.349989 0.351237 0.353348 0.356348 0.360276 0.365180 0.371126 0.378195 0.386488 0.396128 0.407268 0.420094 0.434835 0.451777 0.471273 0.493772 0.519841 0.550216 0.585860 4346.000000 1.515049 0.567475
0.420801 0.407883 0.396661 0.386948 0.378589 0.371460 0.365459 0.360503 0.356527 0.353480 0.351324 0.350032 0.349589 0.349989 0.351237 0.353348 0.356348 0.360276 0.365180 0.371126 0.378195 0.386488 0.396128 0.407268 0.420094 0.434835 0.451777 0.471273 0.493772 0.519841 0.550216 0.585860 0.628060 0.678573 0.739860 0.815477 0.839333 0.788199 0.744628 0.707237 0.674970 0.647009 0.622713 0.601573 0.583180 0.567204 0.553377 0.541482 0.531341 0.522809 0.515769 0.510130 0.505817 0.502778 0.500975 0.500386 0.501004 0.502836 0.505905 0.510249 0.515921 0.522995 0.531564 0.541746 0.553685 0.567560 0.583591 0.602046 0.623256 0.647634 0.675689 0.708069 0.683234 0.640157 0.603558 0.572221 0.545227 0.521865 0.501581 0.483938 0.468584 0.455237 0.443669 0.433694 0.425158 0.417940 0.411938 0.407073 0.403282 0.400517 0.398743 0.397940 0.398097 0.399216 0.401311 0.404408 0.408544 0.413773 0.420163 0.427801 0.436793 0.447271 0.459399 0.473375 0.489444 0.507909 0.529147 0.553630 0.581958 0.614903 0.653471 0.698998 0.753293 0.818873 0.899334 1.000000 0.916302 0.819827 0.743352 0.681428 0.630430 0.587852 0.551906 0.521287 0.495016 0.472349 0.452711 0.435647 4346.000000 1.515049 0.567475
0.408544 0.413773 0.420163 0.427801 0.436793 0.447271 0.459399 0.473375 0.489444 0.507909 0.529147 0.553630 0.581958 0.614903 0.653471 0.698998 0.753293 0.818873 0.899334 1.000000 0.916302 0.819827 0.743352 0.681428 0.630430 0.587852 0.551906 0.521287 0.495016 0.472349 0.452711 0.435647 0.420801 0.407883 0.396661 0.386948 0.378589 0.371460 0.365459 0.360503 0.356527 0.353480 0.351324 0.350032 0.349589 0.349989 0.351237 0.353348 0.356348 0.360276 0.365180 0.371126 0.378195 0.386488 0.396128 0.407268 0.420094 0.434835 0.451777 0.471273 0.493772 0.519841 0.550216 0.585860 0.628060 0.678573 0.739860 0.815477 0.839333 0.788199 0.744628 0.707237 0.674970 0.647009 0.622713 0.601573 0.583180 0.567204 0.553377 0.541482 0.531341 0.522809 0.515769 0.510130 0.505817 0.502778 0.500975 0.500386 0.501004 0.502836 0.505905 0.510249 0.515921 0.522995 0.531564 0.541746 0.553685 0.567560 0.583591 0.602046 0.623256 0.647634 0.675689 0.708069 0.683234 0.640157 0.603558 0.572221 0.545227 0.521865 0.501581 0.483938 0.468584 0.455237 0.443669 0.433694 0.425158 0.417940 0.411938 0.407073 0.403282 0.400517 0.398743 0.397940 0.398097 0.399216 0.401311 0.404408 4346.000000 1.515049 0.567475
0.553685 0.567560 0.583591 0.602046 0.623256 0.647634 0.675689 0.708069 0.683234 0.640157 0.603558 0.572221 0.545227 0.521865 0.501581 0.483938 0.468584 0.455237 0.443669 0.433694 0.425158 0.417940 0.411938 0.407073 0.403282 0.400517 0.398743 0.397940 0.398097 0.399216 0.401311 0.404408 0.408544 0.413773 0.420163 0.427801 0.436793 0.447271 0.459399 0.473375 0.489444 0.507909 0.529147 0.553630 0.581958 0.614903 0.653471 0.698998 0.753293 0.818873 0.899334 1.000000 0.916302 0.819827 0.743352 0.681428 0.630430 0.587852 0.551906 0.521287 0.495016 0.472349 0.452711 0.435647 0.420801 0.407883 0.396661 0.386948 0.378589 0.371460 0.365459 0.360503 0.356527 0.353480 0.351324 0.350032 0.349589 0.349989 0.351237 0.353348 0.356348 0.360276 0.365180 0.371126 0.378195 0.386488 0.396128 0.407268 0.420094 0.434835 0.451777 0.471273 0.493772 0.519841 0.550216 0.585860 0.628060 0.678573 0.739860 0.815477 0.839333 0.788199 0.744628 0.707237 0.674970 0.647009 0.622713 0.601573 0.583180 0.567204 0.553377 0.541482 0.531341 0.522809 0.515769 0.510130 0.505817 0.502778 0.500975 0.500386 0.501004 0.502836 0.505905 0.510249 0.515921 0.522995 0.531564 0.541746 4346.000000 1.515049 0.567475
0.932884 0.902706 0.876463 0.853703 0.834052 0.817211 0.802932 0.791017 0.781304 0.773669 0.768013 0.764268 0.762387 0.762347 0.764147 0.767811 0.773381 0.780929 0.790548 0.802364 0.816536 0.833261 0.830637 0.801336 0.775837 0.753670 0.734455 0.717882 0.703699 0.691699 0.681716 0.673617 0.667297 0.662675 0.659696 0.658323 0.658538 0.660344 0.663765 0.668840 0.675634 0.684232 0.694748 0.707322 0.716835 0.712078 0.709081 0.707807 0.708241 0.710387 0.714273 0.719945 0.727475 0.736958 0.748519 0.762314 0.778538 0.797430 0.819285 0.844463 0.873408 0.906670 0.944933 0.989054 1.000000 0.959942 0.925112 0.894802 0.868440 0.845567 0.825805 0.808850 0.794453 0.782411 0.772563 0.764778 0.758959 0.755034 0.752953 0.752692 0.754247 0.757638 0.762906 0.770116 0.779359 0.790754 0.785680 0.761549 0.740586 0.722441 0.706825 0.693506 0.682292 0.673031 0.665601 0.659904 0.655871 0.653452 0.652617 0.653356 0.655678 0.659612 0.665205 0.672528 0.681674 0.692765 0.705951 0.721421 0.739404 0.760186 0.784113 0.780120 0.774187 0.770186 0.768066 0.767803 0.769392 0.772854 0.778231 0.785589 0.795021 0.806649 0.820628 0.837153 0.856463 0.878852 0.904681 0.934393 929.000000 1.233133 0.868730
0.655871 0.653452 0.652617 0.653356 0.655678 0.659612 0.665205 0.672528 0.681674 0.692765 0.705951 0.721421 0.739404 0.760186 0.784113 0.780120 0.774187 0.770186 0.768066 0.767803 0.769392 0.772854 0.778231 0.785589 0.795021 0.806649 0.820628 0.837153 0.856463 0.878852 0.904681 0.934393 0.932884 0.902706 0.876463 0.853703 0.834052 0.817211 0.802932 0.791017 0.781304 0.773669 0.768013 0.764268 0.762387 0.762347 0.764147 0.767811 0.773381 0.780929 0.790548 0.802364 0.816536 0.833261 0.830637 0.801336 0.775837 0.753670 0.734455 0.717882 0.703699 0.691699 0.681716 0.673617 0.667297 0.662675 0.659696 0.658323 0.658538 0.660344 0.663765 0.668840 0.675634 0.684232 0.694748 0.707322 0.716835 0.712078 0.709081 0.707807 0.708241 0.710387 0.714273 0.719945 0.727475 0.736958 0.748519 0.762314 0.778538 0.797430 0.819285 0.844463 0.873408 0.906670 0.944933 0.989054 1.000000 0.959942 0.925112 0.894802 0.868440 0.845567 0.825805 0.808850 0.794453 0.782411 0.772563 0.764778 0.758959 0.755034 0.752953 0.752692 0.754247 0.757638 0.762906 0.770116 0.779359 0.790754 0.785680 0.761549 0.740586 0.722441 0.706825 0.693506 0.682292 0.673031 0.665601 0.659904 929.000000 1.233133 0.868730
1.000000 0.959942 0.925112 0.894802 0.868440 0.845567 0.825805 0.808850 0.794453 0.782411 0.772563 0.764778 0.758959 0.755034 0.752953 0.752692 0.754247 0.757638 0.762906 0.770116 0.779359 0.790754 0.785680 0.761549 0.740586 0.722441 0.706825 0.693506 0.682292 0.673031 0.665601 0.659904 0.655871 0.653452 0.652617 0.653356 0.655678 0.659612 0.665205 0.672528 0.681674 0.692765 0.705951 0.721421 0.739404 0.760186 0.784113 0.780120 0.774187 0.770186 0.768066 0.767803 0.769392 0.772854 0.778231 0.785589 0.795021 0.806649 0.820628 0.837153 0.856463 0.878852 0.904681 0.934393 0.932884 0.902706 0.876463 0.853703 0.834052 0.817211 0.802932 0.791017 0.781304 0.773669 0.768013 0.764268 0.762387 0.762347 0.764147 0.767811 0.773381 0.780929 0.790548 0.802364 0.816536 0.833261 0.830637 0.801336 0.775837 0.753670 0.734455 0.717882 0.703699 0.691699 0.681716 0.673617 0.667297 0.662675 0.659696 0.658323 0.658538 0.660344 0.663765 0.668840 0.675634 0.684232 0.694748 0.707322 0.716835 0.712078 0.709081 0.707807 0.708241 0.710387 0.714273 0.719945 0.727475 0.736958 0.748519 0.762314 0.778538 0.797430 0.819285 0.844463 0.873408 0.906670 0.944933 0.989054 929.000000 1.233133 0.868730
0.667297 0.662675 0.659696 0.658323 0.658538 0.660344 0.663765 0.668840 0.675634 0.684232 0.694748 0.707322 0.716835 0.712078 0.709081 0.707807 0.708241 0.710387 0.714273 0.719945 0.727475 0.736958 0.748519 0.762314 0.778538 0.797430 0.819285 0.844463 0.873408 0.906670 0.944933 0.989054 1.000000 0.959942 0.925112 0.894802 0.868440 0.845567 0.825805 0.808850 0.794453 0.782411 0.772563 0.764778 0.758959 0.755034 0.752953 0.752692 0.754247 0.757638 0.762906 0.770116 0.779359 0.790754 0.785680 0.761549 0.740586 0.722441 0.706825 0.693506 0.682292 0.673031 0.665601 0.659904 0.655871 0.653452 0.652617 0.653356 0.655678 0.659612 0.665205 0.672528 0.681674 0.692765 0.705951 0.721421 0.739404 0.760186 0.784113 0.780120 0.774187 0.770186 0.768066 0.767803 0.769392 0.772854 0.778231 0.785589 0.795021 0.806649 0.820628 0.837153 0.856463 0.878852 0.904681 0.934393 0.932884 0.902706 0.876463 0.853703 0.834052 0.817211 0.802932 0.791017 0.781304 0.773669 0.768013 0.764268 0.762387 0.762347 0.764147 0.767811 0.773381 0.780929 0.790548 0.802364 0.816536 0.833261 0.830637 0.801336 0.775837 0.753670 0.734455 0.717882 0.703699 0.691699 0.681716 0.673617 929.000000 1.233133 0.868730
0.977353 0.974515 0.944331 0.918106 0.895397 0.875843 0.859150 0.845080 0.833439 0.824072 0.816859 0.811710 0.808562 0.807375 0.808136 0.810853 0.815560 0.822315 0.831202 0.842334 0.839631 0.810883 0.785868 0.764137 0.745322 0.729126 0.715306 0.703663 0.694038 0.686305 0.680362 0.676137 0.673576 0.672649 0.673345 0.675671 0.679657 0.685351 0.692824 0.702172 0.713518 0.727018 0.742862 0.761287 0.782582 0.807103 0.835288 0.867679 0.904952 0.947956 0.997775 1.000000 0.961914 0.928779 0.899946 0.874894 0.853198 0.834514 0.818561 0.805109 0.793975 0.785009 0.778097 0.773152 0.770113 0.768943 0.769628 0.772176 0.776618 0.783009 0.791429 0.801984 0.814814 0.830094 0.848040 0.868918 0.893056 0.920855 0.935787 0.900237 0.869306 0.842392 0.819009 0.798761 0.781327 0.766444 0.753900 0.743523 0.735174 0.728747 0.724161 0.721359 0.720307 0.720993 0.723424 0.727631 0.733665 0.741601 0.751541 0.763616 0.777990 0.794868 0.814499 0.837193 0.847968 0.827648 0.810186 0.795322 0.782846 0.772587 0.764412 0.758215 0.753920 0.751473 0.750845 0.752028 0.755037 0.759907 0.766701 0.775502 0.786423 0.799611 0.815246 0.833553 0.854807 0.879348 0.907591 0.940047 1763.000000 1.158514 0.844963
0.733665 0.741601 0.751541 0.763616 0.777990 0.794868 0.814499 0.837193 0.847968 0.827648 0.810186 0.795322 0.782846 0.772587 0.764412 0.758215 0.753920 0.751473 0.750845 0.752028 0.755037 0.759907 0.766701 0.775502 0.786423 0.799611 0.815246 0.833553 0.854807 0.879348 0.907591 0.940047 0.977353 0.974515 0.944331 0.918106 0.895397 0.875843 0.859150 0.845080 0.833439 0.824072 0.816859 0.811710 0.808562 0.807375 0.808136 0.810853 0.815560 0.822315 0.831202 0.842334 0.839631 0.810883 0.785868 0.764137 0.745322 0.729126 0.715306 0.703663 0.694038 0.686305 0.680362 0.676137 0.673576 0.672649 0.673345 0.675671 0.679657 0.685351 0.692824 0.702172 0.713518 0.727018 0.742862 0.761287 0.782582 0.807103 0.835288 0.867679 0.904952 0.947956 0.997775 1.000000 0.961914 0.928779 0.899946 0.874894 0.853198 0.834514 0.818561 0.805109 0.793975 0.785009 0.778097 0.773152 0.770113 0.768943 0.769628 0.772176 0.776618 0.783009 0.791429 0.801984 0.814814 0.830094 0.848040 0.868918 0.893056 0.920855 0.935787 0.900237 0.869306 0.842392 0.819009 0.798761 0.781327 0.766444 0.753900 0.743523 0.735174 0.728747 0.724161 0.721359 0.720307 0.720993 0.723424 0.727631 1763.000000 1.158514 0.844963
0.770113 0.768943 0.769628 0.772176 0.776618 0.783009 0.791429 0.801984 0.814814 0.830094 0.848040 0.868918 0.893056 0.920855 0.935787 0.900237 0.869306 0.842392 0.819009 0.798761 0.781327 0.766444 0.753900 0.743523 0.735174 0.728747 0.724161 0.721359 0.720307 0.720993 0.723424 0.727631 0.733665 0.741601 0.751541 0.763616 0.777990 0.794868 0.814499 0.837193 0.847968 0.827648 0.810186 0.795322 0.782846 0.772587 0.764412 0.758215 0.753920 0.751473 0.750845 0.752028 0.755037 0.759907 0.766701 0.775502 0.786423 0.799611 0.815246 0.833553 0.854807 0.879348 0.907591 0.940047 0.977353 0.974515 0.944331 0.918106 0.895397 0.875843 0.859150 0.845080 0.833439 0.824072 0.816859 0.811710 0.808562 0.807375 0.808136 0.810853 0.815560 0.822315 0.831202 0.842334 0.839631 0.810883 0.785868 0.764137 0.745322 0.729126 0.715306 0.703663 0.694038 0.686305 0.680362 0.676137 0.673576 0.672649 0.673345 0.675671 0.679657 0.685351 0.692824 0.702172 0.713518 0.727018 0.742862 0.761287 0.782582 0.807103 0.835288 0.867679 0.904952 0.947956 0.997775 1.000000 0.961914 0.928779 0.899946 0.874894 0.853198 0.834514 0.818561 0.805109 0.793975 0.785009 0.778097 0.773152 1763.000000 1.158514 0.844963
0.673576 0.672649 0.673345 0.675671 0.679657 0.685351 0.692824 0.702172 0.713518 0.727018 0.742862 0.761287 0.782582 0.807103 0.835288 0.867679 0.904952 0.947956 0.997775 1.000000 0.961914 0.928779 0.899946 0.874894 0.853198 0.834514 0.818561 0.805109 0.793975 0.785009 0.778097 0.773152 0.770113 0.768943 0.769628 0.772176 0.776618 0.783009 0.791429 0.801984 0.814814 0.830094 0.848040 0.868918 0.893056 0.920855 0.935787 0.900237 0.869306 0.842392 0.819009 0.798761 0.781327 0.766444 0.753900 0.743523 0.735174 0.728747 0.724161 0.721359 0.720307 0.720993 0.723424 0.727631 0.733665 0.741601 0.751541 0.763616 0.777990 0.794868 0.814499 0.837193 0.847968 0.827648 0.810186 0.795322 0.782846 0.772587 0.764412 0.758215 0.753920 0.751473 0.750845 0.752028 0.755037 0.759907 0.766701 0.775502 0.786423 0.799611 0.815246 0.833553 0.854807 0.879348 0.907591 0.940047 0.977353 0.974515 0.944331 0.918106 0.895397 0.875843 0.859150 0.845080 0.833439 0.824072 0.816859 0.811710 0.808562 0.807375 0.808136 0.810853 0.815560 0.822315 0.831202 0.842334 0.839631 0.810883 0.785868 0.764137 0.745322 0.729126 0.715306 0.703663 0.694038 0.686305 0.680362 0.676137 1763.000000 1.158514 0.844963
0.901429 0.947017 1.000000 0.989666 0.944933 0.906158 0.872459 0.843135 0.817623 0.795470 0.776307 0.759833 0.745803 0.734017 0.724317 0.716573 0.710687 0.706585 0.704217 0.703554 0.704588 0.707332 0.711819 0.718104 0.726266 0.736411 0.748672 0.763218 0.780257 0.800046 0.822899 0.849202 0.827572 0.808706 0.792547 0.778861 0.767457 0.758182 0.750917 0.745568 0.742070 0.740380 0.740478 0.742364 0.746062 0.751616 0.759096 0.768597 0.780243 0.794189 0.791132 0.771516 0.754623 0.740199 0.728037 0.717970 0.709864 0.703616 0.699146 0.696400 0.695344 0.695965 0.698271 0.702289 0.708070 0.715686 0.725233 0.736837 0.750657 0.766887 0.785770 0.807601 0.832743 0.861643 0.894855 0.933068 0.960809 0.924754 0.893381 0.866085 0.842377 0.821859 0.804209 0.789162 0.776504 0.766062 0.757698 0.751305 0.746803 0.744137 0.743274 0.744204 0.746938 0.751509 0.757974 0.766413 0.776936 0.789680 0.804820 0.822572 0.795449 0.769902 0.747690 0.728429 0.711808 0.697571 0.685511 0.675461 0.667286 0.660879 0.656160 0.653070 0.651571 0.651646 0.653294 0.656537 0.661413 0.667983 0.676331 0.686565 0.698823 0.713277 0.730136 0.749662 0.772173 0.798059 0.827804 0.862010 1126.500000 1.095743 0.834624
0.776936 0.789680 0.804820 0.822572 0.795449 0.769902 0.747690 0.728429 0.711808 0.697571 0.685511 0.675461 0.667286 0.660879 0.656160 0.653070 0.651571 0.651646 0.653294 0.656537 0.661413 0.667983 0.676331 0.686565 0.698823 0.713277 0.730136 0.749662 0.772173 0.798059 0.827804 0.862010 0.901429 0.947017 1.000000 0.989666 0.944933 0.906158 0.872459 0.843135 0.817623 0.795470 0.776307 0.759833 0.745803 0.734017 0.724317 0.716573 0.710687 0.706585 0.704217 0.703554 0.704588 0.707332 0.711819 0.718104 0.726266 0.736411 0.748672 0.763218 0.780257 0.800046 0.822899 0.849202 0.827572 0.808706 0.792547 0.778861 0.767457 0.758182 0.750917 0.745568 0.742070 0.740380 0.740478 0.742364 0.746062 0.751616 0.759096 0.768597 0.780243 0.794189 0.791132 0.771516 0.754623 0.740199 0.728037 0.717970 0.709864 0.703616 0.699146 0.696400 0.695344 0.695965 0.698271 0.702289 0.708070 0.715686 0.725233 0.736837 0.750657 0.766887 0.785770 0.807601 0.832743 0.861643 0.894855 0.933068 0.960809 0.924754 0.893381 0.866085 0.842377 0.821859 0.804209 0.789162 0.776504 0.766062 0.757698 0.751305 0.746803 0.744137 0.743274 0.744204 0.746938 0.751509 0.757974 0.766413 1126.500000 1.095743 0.834624
0.708070 0.715686 0.725233 0.736837 0.750657 0.766887 0.785770 0.807601 0.832743 0.861643 0.894855 0.933068 0.960809 0.924754 0.893381 0.866085 0.842377 0.821859 0.804209 0.789162 0.776504 0.766062 0.757698 0.751305 0.746803 0.744137 0.743274 0.744204 0.746938 0.751509 0.757974 0.766413 0.776936 0.789680 0.804820 0.822572 0.795449 0.769902 0.747690 0.728429 0.711808 0.697571 0.685511 0.675461 0.667286 0.660879 0.656160 0.653070 0.651571 0.651646 0.653294 0.656537 0.661413 0.667983 0.676331 0.686565 0.698823 0.713277 0.730136 0.749662 0.772173 0.798059 0.827804 0.862010 0.901429 0.947017 1.000000 0.989666 0.944933 0.906158 0.872459 0.843135 0.817623 0.795470 0.776307 0.759833 0.745803 0.734017 0.724317 0.716573 0.710687 0.706585 0.704217 0.703554 0.704588 0.707332 0.711819 0.718104 0.726266 0.736411 0.748672 0.763218 0.780257 0.800046 0.822899 0.849202 0.827572 0.808706 0.792547 0.778861 0.767457 0.758182 0.750917 0.745568 0.742070 0.740380 0.740478 0.742364 0.746062 0.751616 0.759096 0.768597 0.780243 0.794189 0.791132 0.771516 0.754623 0.740199 0.728037 0.717970 0.709864 0.703616 0.699146 0.696400 0.695344 0.695965 0.698271 0.702289 1126.500000 1.095743 0.834624
0.827572 0.808706 0.792547 0.778861 0.767457 0.758182 0.750917 0.745568 0.742070 0.740380 0.740478 0.742364 0.746062 0.751616 0.759096 0.768597 0.780243 0.794189 0.791132 0.771516 0.754623 0.740199 0.728037 0.717970 0.709864 0.703616 0.699146 0.696400 0.695344 0.695965 0.698271 0.702289 0.708070 0.715686 0.725233 0.736837 0.750657 0.766887 0.785770 0.807601 0.832743 0.861643 0.894855 0.933068 0.960809 0.924754 0.893381 0.866085 0.842377 0.821859 0.804209 0.789162 0.776504 0.766062 0.757698 0.751305 0.746803 0.744137 0.743274 0.744204 0.746938 0.751509 0.757974 0.766413 0.776936 0.789680 0.804820 0.822572 0.795449 0.769902 0.747690 0.728429 0.711808 0.697571 0.685511 0.675461 0.667286 0.660879 0.656160 0.653070 0.651571 0.651646 0.653294 0.656537 0.661413 0.667983 0.676331 0.686565 0.698823 0.713277 0.730136 0.749662 0.772173 0.798059 0.827804 0.862010 0.901429 0.947017 1.000000 0.989666 0.944933 0.906158 0.872459 0.843135 0.817623 0.795470 0.776307 0.759833 0.745803 0.734017 0.724317 0.716573 0.710687 0.706585 0.704217 0.703554 0.704588 0.707332 0.711819 0.718104 0.726266 0.736411 0.748672 0.763218 0.780257 0.800046 0.822899 0.849202 1126.500000 1.095743 0.834624
0.555570 0.556240 0.558258 0.561649 0.566454 0.564141 0.550585 0.538934 0.529014 0.520684 0.513831 0.508365 0.504216 0.501332 0.499677 0.499233 0.499992 0.501965 0.505176 0.509663 0.515484 0.522713 0.531447 0.541804 0.553935 0.568020 0.584285 0.603005 0.624518 0.649245 0.656442 0.661326 0.667904 0.676260 0.686503 0.698770 0.713233 0.730103 0.749640 0.772163 0.798064 0.827826 0.862051 0.901493 0.924141 0.879276 0.840497 0.806855 0.777605 0.752149 0.730010 0.710801 0.694206 0.679969 0.667881 0.657772 0.649506 0.642975 0.638096 0.634808 0.629862 0.607460 0.587966 0.571016 0.556319 0.543636 0.532774 0.523574 0.515908 0.509673 0.504789 0.501193 0.498842 0.497706 0.497771 0.499039 0.501525 0.505259 0.510287 0.516674 0.524503 0.533878 0.544931 0.557823 0.570988 0.566707 0.563838 0.562346 0.562212 0.563436 0.566032 0.570031 0.575483 0.582458 0.591045 0.601359 0.613544 0.627777 0.644275 0.663304 0.685193 0.710345 0.739263 0.772575 0.811078 0.855789 0.908033 0.969557 1.000000 0.932635 0.875751 0.827284 0.785695 0.749807 0.718710 0.691690 0.668179 0.647723 0.629955 0.614576 0.601345 0.590063 0.580569 0.572734 0.566454 0.561649 0.558258 0.556240 1731.500000 1.595167 0.771732
0.613544 0.627777 0.644275 0.663304 0.685193 0.710345 0.739263 0.772575 0.811078 0.855789 0.908033 0.969557 1.000000 0.932635 0.875751 0.827284 0.785695 0.749807 0.718710 0.691690 0.668179 0.647723 0.629955 0.614576 0.601345 0.590063 0.580569 0.572734 0.566454 0.561649 0.558258 0.556240 0.555570 0.556240 0.558258 0.561649 0.566454 0.564141 0.550585 0.538934 0.529014 0.520684 0.513831 0.508365 0.504216 0.501332 0.499677 0.499233 0.499992 0.501965 0.505176 0.509663 0.515484 0.522713 0.531447 0.541804 0.553935 0.568020 0.584285 0.603005 0.624518 0.649245 0.656442 0.661326 0.667904 0.676260 0.686503 0.698770 0.713233 0.730103 0.749640 0.772163 0.798064 0.827826 0.862051 0.901493 0.924141 0.879276 0.840497 0.806855 0.777605 0.752149 0.730010 0.710801 0.694206 0.679969 0.667881 0.657772 0.649506 0.642975 0.638096 0.634808 0.629862 0.607460 0.587966 0.571016 0.556319 0.543636 0.532774 0.523574 0.515908 0.509673 0.504789 0.501193 0.498842 0.497706 0.497771 0.499039 0.501525 0.505259 0.510287 0.516674 0.524503 0.533878 0.544931 0.557823 0.570988 0.566707 0.563838 0.562346 0.562212 0.563436 0.566032 0.570031 0.575483 0.582458 0.591045 0.601359 1731.500000 1.595167 0.771732
0.556319 0.543636 0.532774 0.523574 0.515908 0.509673 0.504789 0.501193 0.498842 0.497706 0.497771 0.499039 0.501525 0.505259 0.510287 0.516674 0.524503 0.533878 0.544931 0.557823 0.570988 0.566707 0.563838 0.562346 0.562212 0.563436 0.566032 0.570031 0.575483 0.582458 0.591045 0.601359 0.613544 0.627777 0.644275 0.663304 0.685193 0.710345 0.739263 0.772575 0.811078 0.855789 0.908033 0.969557 1.000000 0.932635 0.875751 0.827284 0.785695 0.749807 0.718710 0.691690 0.668179 0.647723 0.629955 0.614576 0.601345 0.590063 0.580569 0.572734 0.566454 0.561649 0.558258 0.556240 0.555570 0.556240 0.558258 0.561649 0.566454 0.564141 0.550585 0.538934 0.529014 0.520684 0.513831 0.508365 0.504216 0.501332 0.499677 0.499233 0.499992 0.501965 0.505176 0.509663 0.515484 0.522713 0.531447 0.541804 0.553935 0.568020 0.584285 0.603005 0.624518 0.649245 0.656442 0.661326 0.667904 0.676260 0.686503 0.698770 0.713233 0.730103 0.749640 0.772163 0.798064 0.827826 0.862051 0.901493 0.924141 0.879276 0.840497 0.806855 0.777605 0.752149 0.730010 0.710801 0.694206 0.679969 0.667881 0.657772 0.649506 0.642975 0.638096 0.634808 0.629862 0.607460 0.587966 0.571016 1731.500000 1.595167 0.771732
0.667904 0.676260 0.686503 0.698770 0.713233 0.730103 0.749640 0.772163 0.798064 0.827826 0.862051 0.901493 0.924141 0.879276 0.840497 0.806855 0.777605 0.752149 0.730010 0.710801 0.694206 0.679969 0.667881 0.657772 0.649506 0.642975 0.638096 0.634808 0.629862 0.607460 0.587966 0.571016 0.556319 0.543636 0.532774 0.523574 0.515908 0.509673 0.504789 0.501193 0.498842 0.497706 0.497771 0.499039 0.501525 0.505259 0.510287 0.516674 0.524503 0.533878 0.544931 0.557823 0.570988 0.566707 0.563838 0.562346 0.562212 0.563436 0.566032 0.570031 0.575483 0.582458 0.591045 0.601359 0.613544 0.627777 0.644275 0.663304 0.685193 0.710345 0.739263 0.772575 0.811078 0.855789 0.908033 0.969557 1.000000 0.932635 0.875751 0.827284 0.785695 0.749807 0.718710 0.691690 0.668179 0.647723 0.629955 0.614576 0.601345 0.590063 0.580569 0.572734 0.566454 0.561649 0.558258 0.556240 0.555570 0.556240 0.558258 0.561649 0.566454 0.564141 0.550585 0.538934 0.529014 0.520684 0.513831 0.508365 0.504216 0.501332 0.499677 0.499233 0.499992 0.501965 0.505176 0.509663 0.515484 0.522713 0.531447 0.541804 0.553935 0.568020 0.584285 0.603005 0.624518 0.649245 0.656442 0.661326 1731.500000 1.595167 0.771732
0.591566 0.600473 0.611148 0.623739 0.638431 0.654891 0.647679 0.642155 0.638248 0.635911 0.635116 0.635853 0.638131 0.641977 0.647438 0.654585 0.663507 0.674322 0.687179 0.702260 0.719791 0.740048 0.763371 0.790177 0.820984 0.856438 0.897351 0.944759 1.000000 0.949390 0.901361 0.859929 0.824037 0.792854 0.765723 0.742116 0.721607 0.703852 0.688568 0.675526 0.664541 0.655461 0.648166 0.642563 0.638581 0.636171 0.635304 0.635970 0.638176 0.641949 0.635637 0.624660 0.615514 0.608076 0.602249 0.597959 0.595153 0.593798 0.593876 0.595389 0.598355 0.602809 0.608809 0.616429 0.625768 0.636954 0.650141 0.665523 0.683336 0.703872 0.727487 0.754622 0.785827 0.821789 0.818298 0.791117 0.767474 0.746950 0.729206 0.713965 0.701003 0.690136 0.681217 0.674129 0.668781 0.665107 0.663062 0.662621 0.663779 0.666549 0.670966 0.677083 0.684979 0.694754 0.706539 0.720497 0.736828 0.755779 0.777654 0.802824 0.831750 0.864999 0.903284 0.947503 0.925309 0.871663 0.825777 0.786279 0.752117 0.722468 0.696682 0.674242 0.654730 0.637810 0.623205 0.610693 0.600090 0.591249 0.584052 0.578404 0.574235 0.571492 0.570143 0.570170 0.571574 0.574372 0.578598 0.584305 1774.000000 1.251848 0.784543
0.736828 0.755779 0.777654 0.802824 0.831750 0.864999 0.903284 0.947503 0.925309 0.871663 0.825777 0.786279 0.752117 0.722468 0.696682 0.674242 0.654730 0.637810 0.623205 0.610693 0.600090 0.591249 0.584052 0.578404 0.574235 0.571492 0.570143 0.570170 0.571574 0.574372 0.578598 0.584305 0.591566 0.600473 0.611148 0.623739 0.638431 0.654891 0.647679 0.642155 0.638248 0.635911 0.635116 0.635853 0.638131 0.641977 0.647438 0.654585 0.663507 0.674322 0.687179 0.702260 0.719791 0.740048 0.763371 0.790177 0.820984 0.856438 0.897351 0.944759 1.000000 0.949390 0.901361 0.859929 0.824037 0.792854 0.765723 0.742116 0.721607 0.703852 0.688568 0.675526 0.664541 0.655461 0.648166 0.642563 0.638581 0.636171 0.635304 0.635970 0.638176 0.641949 0.635637 0.624660 0.615514 0.608076 0.602249 0.597959 0.595153 0.593798 0.593876 0.595389 0.598355 0.602809 0.608809 0.616429 0.625768 0.636954 0.650141 0.665523 0.683336 0.703872 0.727487 0.754622 0.785827 0.821789 0.818298 0.791117 0.767474 0.746950 0.729206 0.713965 0.701003 0.690136 0.681217 0.674129 0.668781 0.665107 0.663062 0.662621 0.663779 0.666549 0.670966 0.677083 0.684979 0.694754 0.706539 0.720497 1774.000000 1.251848 0.784543
0.625768 0.636954 0.650141 0.665523 0.683336 0.703872 0.727487 0.754622 0.785827 0.821789 0.818298 0.791117 0.767474 0.746950 0.729206 0.713965 0.701003 0.690136 0.681217 0.674129 0.668781 0.665107 0.663062 0.662621 0.663779 0.666549 0.670966 0.677083 0.684979 0.694754 0.706539 0.720497 0.736828 0.755779 0.777654 0.802824 0.831750 0.864999 0.903284 0.947503 0.925309 0.871663 0.825777 0.786279 0.752117 0.722468 0.696682 0.674242 0.654730 0.637810 0.623205 0.610693 0.600090 0.591249 0.584052 0.578404 0.574235 0.571492 0.570143 0.570170 0.571574 0.574372 0.578598 0.584305 0.591566 0.600473 0.611148 0.623739 0.638431 0.654891 0.647679 0.642155 0.638248 0.635911 0.635116 0.635853 0.638131 0.641977 0.647438 0.654585 0.663507 0.674322 0.687179 0.702260 0.719791 0.740048 0.763371 0.790177 0.820984 0.856438 0.897351 0.944759 1.000000 0.949390 0.901361 0.859929 0.824037 0.792854 0.765723 0.742116 0.721607 0.703852 0.688568 0.675526 0.664541 0.655461 0.648166 0.642563 0.638581 0.636171 0.635304 0.635970 0.638176 0.641949 0.635637 0.624660 0.615514 0.608076 0.602249 0.597959 0.595153 0.593798 0.593876 0.595389 0.598355 0.602809 0.608809 0.616429 1774.000000 1.251848 0.784543
0.824037 0.792854 0.765723 0.742116 0.721607 0.703852 0.688568 0.675526 0.664541 0.655461 0.648166 0.642563 0.638581 0.636171 0.635304 0.635970 0.638176 0.641949 0.635637 0.624660 0.615514 0.608076 0.602249 0.597959 0.595153 0.593798 0.593876 0.595389 0.598355 0.602809 0.608809 0.616429 0.625768 0.636954 0.650141 0.665523 0.683336 0.703872 0.727487 0.754622 0.785827 0.821789 0.818298 0.791117 0.767474 0.746950 0.729206 0.713965 0.701003 0.690136 0.681217 0.674129 0.668781 0.665107 0.663062 0.662621 0.663779 0.666549 0.670966 0.677083 0.684979 0.694754 0.706539 0.720497 0.736828 0.755779 0.777654 0.802824 0.831750 0.864999 0.903284 0.947503 0.925309 0.871663 0.825777 0.786279 0.752117 0.722468 0.696682 0.674242 0.654730 0.637810 0.623205 0.610693 0.600090 0.591249 0.584052 0.578404 0.574235 0.571492 0.570143 0.570170 0.571574 0.574372 0.578598 0.584305 0.591566 0.600473 0.611148 0.623739 0.638431 0.654891 0.647679 0.642155 0.638248 0.635911 0.635116 0.635853 0.638131 0.641977 0.647438 0.654585 0.663507 0.674322 0.687179 0.702260 0.719791 0.740048 0.763371 0.790177 0.820984 0.856438 0.897351 0.944759 1.000000 0.949390 0.901361 0.859929 1774.000000 1.251848 0.784543
0.887338 0.830891 0.782969 0.741963 0.706657 0.676112 0.649599 0.626540 0.606472 0.589025 0.573897 0.560845 0.549667 0.540203 0.532319 0.525912 0.520896 0.517210 0.514806 0.513657 0.513748 0.515080 0.517669 0.521547 0.526762 0.533381 0.541489 0.551196 0.562637 0.575981 0.591432 0.609243 0.629724 0.653259 0.680324 0.711516 0.747594 0.789530 0.838590 0.896454 0.965394 0.990111 0.902794 0.831469 0.772314 0.722642 0.680514 0.644494 0.613500 0.586698 0.563441 0.543216 0.525615 0.510309 0.497033 0.485571 0.475745 0.467414 0.460459 0.454787 0.450325 0.447017 0.444820 0.443709 0.443669 0.444701 0.446816 0.450041 0.454416 0.459995 0.466852 0.475078 0.484788 0.496123 0.509258 0.524404 0.541824 0.561842 0.584858 0.611377 0.642035 0.677648 0.719279 0.768332 0.826703 0.897010 0.982976 1.000000 0.923213 0.859300 0.805479 0.759724 0.720531 0.686756 0.657519 0.632131 0.610045 0.590826 0.574122 0.559647 0.547170 0.536501 0.527488 0.520003 0.513950 0.509248 0.505839 0.503681 0.502747 0.503026 0.504522 0.507252 0.511250 0.516566 0.523268 0.531442 0.541201 0.552682 0.566053 0.581523 0.599346 0.619838 0.643385 0.670470 0.701701 0.737848 0.779903 0.829159 693.000000 1.211653 0.596205
0.610045 0.590826 0.574122 0.559647 0.547170 0.536501 0.527488 0.520003 0.513950 0.509248 0.505839 0.503681 0.502747 0.503026 0.504522 0.507252 0.511250 0.516566 0.523268 0.531442 0.541201 0.552682 0.566053 0.581523 0.599346 0.619838 0.643385 0.670470 0.701701 0.737848 0.779903 0.829159 0.887338 0.830891 0.782969 0.741963 0.706657 0.676112 0.649599 0.626540 0.606472 0.589025 0.573897 0.560845 0.549667 0.540203 0.532319 0.525912 0.520896 0.517210 0.514806 0.513657 0.513748 0.515080 0.517669 0.521547 0.526762 0.533381 0.541489 0.551196 0.562637 0.575981 0.591432 0.609243 0.629724 0.653259 0.680324 0.711516 0.747594 0.789530 0.838590 0.896454 0.965394 0.990111 0.902794 0.831469 0.772314 0.722642 0.680514 0.644494 0.613500 0.586698 0.563441 0.543216 0.525615 0.510309 0.497033 0.485571 0.475745 0.467414 0.460459 0.454787 0.450325 0.447017 0.444820 0.443709 0.443669 0.444701 0.446816 0.450041 0.454416 0.459995 0.466852 0.475078 0.484788 0.496123 0.509258 0.524404 0.541824 0.561842 0.584858 0.611377 0.642035 0.677648 0.719279 0.768332 0.826703 0.897010 0.982976 1.000000 0.923213 0.859300 0.805479 0.759724 0.720531 0.686756 0.657519 0.632131 693.000000 1.211653 0.596205
0.443669 0.444701 0.446816 0.450041 0.454416 0.459995 0.466852 0.475078 0.484788 0.496123 0.509258 0.524404 0.541824 0.561842 0.584858 0.611377 0.642035 0.677648 0.719279 0.768332 0.826703 0.897010 0.982976 1.000000 0.923213 0.859300 0.805479 0.759724 0.720531 0.686756 0.657519 0.632131 0.610045 0.590826 0.574122 0.559647 0.547170 0.536501 0.527488 0.520003 0.513950 0.509248 0.505839 0.503681 0.502747 0.503026 0.504522 0.507252 0.511250 0.516566 0.523268 0.531442 0.541201 0.552682 0.566053 0.581523 0.599346 0.619838 0.643385 0.670470 0.701701 0.737848 0.779903 0.829159 0.887338 0.830891 0.782969 0.741963 0.706657 0.676112 0.649599 0.626540 0.606472 0.589025 0.573897 0.560845 0.549667 0.540203 0.532319 0.525912 0.520896 0.517210 0.514806 0.513657 0.513748 0.515080 0.517669 0.521547 0.526762 0.533381 0.541489 0.551196 0.562637 0.575981 0.591432 0.609243 0.629724 0.653259 0.680324 0.711516 0.747594 0.789530 0.838590 0.896454 0.965394 0.990111 0.902794 0.831469 0.772314 0.722642 0.680514 0.644494 0.613500 0.586698 0.563441 0.543216 0.525615 0.510309 0.497033 0.485571 0.475745 0.467414 0.460459 0.454787 0.450325 0.447017 0.444820 0.443709 693.000000 1.211653 0.596205
0.629724 0.653259 0.680324 0.711516 0.747594 0.789530 0.838590 0.896454 0.965394 0.990111 0.902794 0.831469 0.772314 0.722642 0.680514 0.644494 0.613500 0.586698 0.563441 0.543216 0.525615 0.510309 0.497033 0.485571 0.475745 0.467414 0.460459 0.454787 0.450325 0.447017 0.444820 0.443709 0.443669 0.444701 0.446816 0.450041 0.454416 0.459995 0.466852 0.475078 0.484788 0.496123 0.509258 0.524404 0.541824 0.561842 0.584858 0.611377 0.642035 0.677648 0.719279 0.768332 0.826703 0.897010 0.982976 1.000000 0.923213 0.859300 0.805479 0.759724 0.720531 0.686756 0.657519 0.632131 0.610045 0.590826 0.574122 0.559647 0.547170 0.536501 0.527488 0.520003 0.513950 0.509248 0.505839 0.503681 0.502747 0.503026 0.504522 0.507252 0.511250 0.516566 0.523268 0.531442 0.541201 0.552682 0.566053 0.581523 0.599346 0.619838 0.643385 0.670470 0.701701 0.737848 0.779903 0.829159 0.887338 0.830891 0.782969 0.741963 0.706657 0.676112 0.649599 0.626540 0.606472 0.589025 0.573897 0.560845 0.549667 0.540203 0.532319 0.525912 0.520896 0.517210 0.514806 0.513657 0.513748 0.515080 0.517669 0.521547 0.526762 0.533381 0.541489 0.551196 0.562637 0.575981 0.591432 0.609243 693.000000 1.211653 0.596205
0.675059 0.652628 0.633117 0.616179 0.601536 0.588958 0.578260 0.569291 0.561929 0.556077 0.551661 0.548626 0.546935 0.546567 0.547517 0.549798 0.553436 0.558478 0.564985 0.573043 0.582758 0.594265 0.607729 0.623354 0.641389 0.662141 0.685989 0.713402 0.744967 0.781424 0.823719 0.873078 0.931116 1.000000 0.988743 0.929344 0.878674 0.835152 0.797568 0.764985 0.736665 0.712020 0.690582 0.671968 0.655869 0.642035 0.630259 0.620374 0.612248 0.605772 0.600863 0.597462 0.595525 0.595030 0.595970 0.598357 0.602220 0.607606 0.614584 0.623242 0.633696 0.646090 0.660602 0.677450 0.696903 0.719290 0.745017 0.774589 0.808634 0.847945 0.885481 0.842825 0.805943 0.773939 0.746109 0.721889 0.700828 0.682559 0.666783 0.653259 0.641787 0.632208 0.624393 0.618240 0.613671 0.610630 0.609078 0.608998 0.610388 0.613265 0.617665 0.623641 0.631270 0.640651 0.651908 0.665199 0.680718 0.698701 0.719441 0.743295 0.770705 0.802221 0.801714 0.784614 0.770046 0.757800 0.747712 0.739646 0.733502 0.729200 0.726689 0.725939 0.726939 0.729702 0.734263 0.740676 0.749022 0.759409 0.771974 0.786890 0.804369 0.824674 0.848127 0.850339 0.804269 0.764682 0.730487 0.700835 1570.500000 1.169086 0.748782
0.680718 0.698701 0.719441 0.743295 0.770705 0.802221 0.801714 0.784614 0.770046 0.757800 0.747712 0.739646 0.733502 0.729200 0.726689 0.725939 0.726939 0.729702 0.734263 0.740676 0.749022 0.759409 0.771974 0.786890 0.804369 0.824674 0.848127 0.850339 0.804269 0.764682 0.730487 0.700835 0.675059 0.652628 0.633117 0.616179 0.601536 0.588958 0.578260 0.569291 0.561929 0.556077 0.551661 0.548626 0.546935 0.546567 0.547517 0.549798 0.553436 0.558478 0.564985 0.573043 0.582758 0.594265 0.607729 0.623354 0.641389 0.662141 0.685989 0.713402 0.744967 0.781424 0.823719 0.873078 0.931116 1.000000 0.988743 0.929344 0.878674 0.835152 0.797568 0.764985 0.736665 0.712020 0.690582 0.671968 0.655869 0.642035 0.630259 0.620374 0.612248 0.605772 0.600863 0.597462 0.595525 0.595030 0.595970 0.598357 0.602220 0.607606 0.614584 0.623242 0.633696 0.646090 0.660602 0.677450 0.696903 0.719290 0.745017 0.774589 0.808634 0.847945 0.885481 0.842825 0.805943 0.773939 0.746109 0.721889 0.700828 0.682559 0.666783 0.653259 0.641787 0.632208 0.624393 0.618240 0.613671 0.610630 0.609078 0.608998 0.610388 0.613265 0.617665 0.623641 0.631270 0.640651 0.651908 0.665199 1570.500000 1.169086 0.748782
0.696903 0.719290 0.745017 0.774589 0.808634 0.847945 0.885481 0.842825 0.805943 0.773939 0.746109 0.721889 0.700828 0.682559 0.666783 0.653259 0.641787 0.632208 0.624393 0.618240 0.613671 0.610630 0.609078 0.608998 0.610388 0.613265 0.617665 0.623641 0.631270 0.640651 0.651908 0.665199 0.680718 0.698701 0.719441 0.743295 0.770705 0.802221 0.801714 0.784614 0.770046 0.757800 0.747712 0.739646 0.733502 0.729200 0.726689 0.725939 0.726939 0.729702 0.734263 0.740676 0.749022 0.759409 0.771974 0.786890 0.804369 0.824674 0.848127 0.850339 0.804269 0.764682 0.730487 0.700835 0.675059 0.652628 0.633117 0.616179 0.601536 0.588958 0.578260 0.569291 0.561929 0.556077 0.551661 0.548626 0.546935 0.546567 0.547517 0.549798 0.553436 0.558478 0.564985 0.573043 0.582758 0.594265 0.607729 0.623354 0.641389 0.662141 0.685989 0.713402 0.744967 0.781424 0.823719 0.873078 0.931116 1.000000 0.988743 0.929344 0.878674 0.835152 0.797568 0.764985 0.736665 0.712020 0.690582 0.671968 0.655869 0.642035 0.630259 0.620374 0.612248 0.605772 0.600863 0.597462 0.595525 0.595030 0.595970 0.598357 0.602220 0.607606 0.614584 0.623242 0.633696 0.646090 0.660602 0.677450 1570.500000 1.169086 0.748782
0.931116 1.000000 0.988743 0.929344 0.878674 0.835152 0.797568 0.764985 0.736665 0.712020 0.690582 0.671968 0.655869 0.642035 0.630259 0.620374 0.612248 0.605772 0.600863 0.597462 0.595525 0.595030 0.595970 0.598357 0.602220 0.607606 0.614584 0.623242 0.633696 0.646090 0.660602 0.677450 0.696903 0.719290 0.745017 0.774589 0.808634 0.847945 0.885481 0.842825 0.805943 0.773939 0.746109 0.721889 0.700828 0.682559 0.666783 0.653259 0.641787 0.632208 0.624393 0.618240 0.613671 0.610630 0.609078 0.608998 0.610388 0.613265 0.617665 0.623641 0.631270 0.640651 0.651908 0.665199 0.680718 0.698701 0.719441 0.743295 0.770705 0.802221 0.801714 0.784614 0.770046 0.757800 0.747712 0.739646 0.733502 0.729200 0.726689 0.725939 0.726939 0.729702 0.734263 0.740676 0.749022 0.759409 0.771974 0.786890 0.804369 0.824674 0.848127 0.850339 0.804269 0.764682 0.730487 0.700835 0.675059 0.652628 0.633117 0.616179 0.601536 0.588958 0.578260 0.569291 0.561929 0.556077 0.551661 0.548626 0.546935 0.546567 0.547517 0.549798 0.553436 0.558478 0.564985 0.573043 0.582758 0.594265 0.607729 0.623354 0.641389 0.662141 0.685989 0.713402 0.744967 0.781424 0.823719 0.873078 1570.500000 1.169086 0.748782
0.687358 0.705517 0.726459 0.750546 0.778223 0.810047 0.845760 0.805017 0.769789 0.739221 0.712639 0.689506 0.669390 0.651940 0.636872 0.623954 0.612997 0.603848 0.596384 0.590507 0.586143 0.583238 0.581756 0.581679 0.583007 0.585755 0.589957 0.595666 0.602952 0.611912 0.615830 0.618860 0.623428 0.629593 0.637432 0.647046 0.658567 0.672153 0.688004 0.706364 0.727531 0.751873 0.779844 0.812009 0.849074 0.891937 0.941747 1.000000 0.957443 0.904300 0.858706 0.819368 0.785285 0.755673 0.729907 0.707488 0.688014 0.671156 0.656649 0.644276 0.633858 0.625255 0.618351 0.613059 0.609313 0.607065 0.606290 0.606976 0.609134 0.612788 0.617984 0.624787 0.613614 0.601681 0.591601 0.583235 0.576472 0.571224 0.567426 0.565029 0.564007 0.564345 0.566047 0.569136 0.573647 0.579639 0.587186 0.596389 0.607370 0.620287 0.635328 0.652728 0.672775 0.695822 0.722305 0.752770 0.787899 0.828561 0.875873 0.931295 0.996768 0.944179 0.894119 0.851047 0.813804 0.781489 0.753387 0.728931 0.707665 0.689217 0.673287 0.659631 0.648047 0.638375 0.630484 0.624271 0.619658 0.616586 0.615020 0.614939 0.616342 0.619248 0.623690 0.629725 0.637428 0.646900 0.658267 0.671688 4084.000000 1.253110 0.746633
0.787899 0.828561 0.875873 0.931295 0.996768 0.944179 0.894119 0.851047 0.813804 0.781489 0.753387 0.728931 0.707665 0.689217 0.673287 0.659631 0.648047 0.638375 0.630484 0.624271 0.619658 0.616586 0.615020 0.614939 0.616342 0.619248 0.623690 0.629725 0.637428 0.646900 0.658267 0.671688 0.687358 0.705517 0.726459 0.750546 0.778223 0.810047 0.845760 0.805017 0.769789 0.739221 0.712639 0.689506 0.669390 0.651940 0.636872 0.623954 0.612997 0.603848 0.596384 0.590507 0.586143 0.583238 0.581756 0.581679 0.583007 0.585755 0.589957 0.595666 0.602952 0.611912 0.615830 0.618860 0.623428 0.629593 0.637432 0.647046 0.658567 0.672153 0.688004 0.706364 0.727531 0.751873 0.779844 0.812009 0.849074 0.891937 0.941747 1.000000 0.957443 0.904300 0.858706 0.819368 0.785285 0.755673 0.729907 0.707488 0.688014 0.671156 0.656649 0.644276 0.633858 0.625255 0.618351 0.613059 0.609313 0.607065 0.606290 0.606976 0.609134 0.612788 0.617984 0.624787 0.613614 0.601681 0.591601 0.583235 0.576472 0.571224 0.567426 0.565029 0.564007 0.564345 0.566047 0.569136 0.573647 0.579639 0.587186 0.596389 0.607370 0.620287 0.635328 0.652728 0.672775 0.695822 0.722305 0.752770 4084.000000 1.253110 0.746633
0.609313 0.607065 0.606290 0.606976 0.609134 0.612788 0.617984 0.624787 0.613614 0.601681 0.591601 0.583235 0.576472 0.571224 0.567426 0.565029 0.564007 0.564345 0.566047 0.569136 0.573647 0.579639 0.587186 0.596389 0.607370 0.620287 0.635328 0.652728 0.672775 0.695822 0.722305 0.752770 0.787899 0.828561 0.875873 0.931295 0.996768 0.944179 0.894119 0.851047 0.813804 0.781489 0.753387 0.728931 0.707665 0.689217 0.673287 0.659631 0.648047 0.638375 0.630484 0.624271 0.619658 0.616586 0.615020 0.614939 0.616342 0.619248 0.623690 0.629725 0.637428 0.646900 0.658267 0.671688 0.687358 0.705517 0.726459 0.750546 0.778223 0.810047 0.845760 0.805017 0.769789 0.739221 0.712639 0.689506 0.669390 0.651940 0.636872 0.623954 0.612997 0.603848 0.596384 0.590507 0.586143 0.583238 0.581756 0.581679 0.583007 0.585755 0.589957 0.595666 0.602952 0.611912 0.615830 0.618860 0.623428 0.629593 0.637432 0.647046 0.658567 0.672153 0.688004 0.706364 0.727531 0.751873 0.779844 0.812009 0.849074 0.891937 0.941747 1.000000 0.957443 0.904300 0.858706 0.819368 0.785285 0.755673 0.729907 0.707488 0.688014 0.671156 0.656649 0.644276 0.633858 0.625255 0.618351 0.613059 4084.000000 1.253110 0.746633
0.623428 0.629593 0.637432 0.647046 0.658567 0.672153 0.688004 0.706364 0.727531 0.751873 0.779844 0.812009 0.849074 0.891937 0.941747 1.000000 0.957443 0.904300 0.858706 0.819368 0.785285 0.755673 0.729907 0.707488 0.688014 0.671156 0.656649 0.644276 0.633858 0.625255 0.618351 0.613059 0.609313 0.607065 0.606290 0.606976 0.609134 0.612788 0.617984 0.624787 0.613614 0.601681 0.591601 0.583235 0.576472 0.571224 0.567426 0.565029 0.564007 0.564345 0.566047 0.569136 0.573647 0.579639 0.587186 0.596389 0.607370 0.620287 0.635328 0.652728 0.672775 0.695822 0.722305 0.752770 0.787899 0.828561 0.875873 0.931295 0.996768 0.944179 0.894119 0.851047 0.813804 0.781489 0.753387 0.728931 0.707665 0.689217 0.673287 0.659631 0.648047 0.638375 0.630484 0.624271 0.619658 0.616586 0.615020 0.614939 0.616342 0.619248 0.623690 0.629725 0.637428 0.646900 0.658267 0.671688 0.687358 0.705517 0.726459 0.750546 0.778223 0.810047 0.845760 0.805017 0.769789 0.739221 0.712639 0.689506 0.669390 0.651940 0.636872 0.623954 0.612997 0.603848 0.596384 0.590507 0.586143 0.583238 0.581756 0.581679 0.583007 0.585755 0.589957 0.595666 0.602952 0.611912 0.615830 0.618860 4084.000000 1.253110 0.746633
0.670316 0.647275 0.627227 0.609808 0.594725 0.581737 0.570650 0.561304 0.553572 0.547350 0.542560 0.539140 0.537049 0.536260 0.536766 0.537800 0.531692 0.526977 0.523595 0.521505 0.520680 0.521112 0.522805 0.525779 0.530072 0.535737 0.542847 0.551494 0.561796 0.573899 0.587983 0.604268 0.623025 0.644585 0.669362 0.697868 0.730749 0.768826 0.813155 0.865120 0.926566 1.000000 0.939230 0.881800 0.832879 0.790906 0.754691 0.723314 0.696052 0.672331 0.651692 0.633763 0.618244 0.604890 0.593499 0.583911 0.575993 0.569640 0.564772 0.561328 0.559264 0.551640 0.541304 0.532608 0.525433 0.519684 0.515288 0.512189 0.510349 0.509745 0.510372 0.512235 0.513403 0.513228 0.514291 0.516606 0.520201 0.525120 0.531426 0.539200 0.548545 0.559592 0.572501 0.587468 0.604734 0.624597 0.647421 0.673661 0.703885 0.738813 0.779362 0.826730 0.882490 0.922373 0.866114 0.818182 0.777050 0.741557 0.710802 0.684079 0.660827 0.640596 0.623023 0.607814 0.594728 0.583570 0.574181 0.566433 0.560222 0.555469 0.552116 0.558864 0.568593 0.580088 0.593517 0.609084 0.627042 0.647698 0.671435 0.698724 0.730160 0.766490 0.808676 0.850875 0.803286 0.762478 0.727283 0.696798 2290.000000 1.266950 0.689725
0.777050 0.741557 0.710802 0.684079 0.660827 0.640596 0.623023 0.607814 0.594728 0.583570 0.574181 0.566433 0.560222 0.555469 0.552116 0.558864 0.568593 0.580088 0.593517 0.609084 0.627042 0.647698 0.671435 0.698724 0.730160 0.766490 0.808676 0.850875 0.803286 0.762478 0.727283 0.696798 0.670316 0.647275 0.627227 0.609808 0.594725 0.581737 0.570650 0.561304 0.553572 0.547350 0.542560 0.539140 0.537049 0.536260 0.536766 0.537800 0.531692 0.526977 0.523595 0.521505 0.520680 0.521112 0.522805 0.525779 0.530072 0.535737 0.542847 0.551494 0.561796 0.573899 0.587983 0.604268 0.623025 0.644585 0.669362 0.697868 0.730749 0.768826 0.813155 0.865120 0.926566 1.000000 0.939230 0.881800 0.832879 0.790906 0.754691 0.723314 0.696052 0.672331 0.651692 0.633763 0.618244 0.604890 0.593499 0.583911 0.575993 0.569640 0.564772 0.561328 0.559264 0.551640 0.541304 0.532608 0.525433 0.519684 0.515288 0.512189 0.510349 0.509745 0.510372 0.512235 0.513403 0.513228 0.514291 0.516606 0.520201 0.525120 0.531426 0.539200 0.548545 0.559592 0.572501 0.587468 0.604734 0.624597 0.647421 0.673661 0.703885 0.738813 0.779362 0.826730 0.882490 0.922373 0.866114 0.818182 2290.000000 1.266950 0.689725
0.525433 0.519684 0.515288 0.512189 0.510349 0.509745 0.510372 0.512235 0.513403 0.513228 0.514291 0.516606 0.520201 0.525120 0.531426 0.539200 0.548545 0.559592 0.572501 0.587468 0.604734 0.624597 0.647421 0.673661 0.703885 0.738813 0.779362 0.826730 0.882490 0.922373 0.866114 0.818182 0.777050 0.741557 0.710802 0.684079 0.660827 0.640596 0.623023 0.607814 0.594728 0.583570 0.574181 0.566433 0.560222 0.555469 0.552116 0.558864 0.568593 0.580088 0.593517 0.609084 0.627042 0.647698 0.671435 0.698724 0.730160 0.766490 0.808676 0.850875 0.803286 0.762478 0.727283 0.696798 0.670316 0.647275 0.627227 0.609808 0.594725 0.581737 0.570650 0.561304 0.553572 0.547350 0.542560 0.539140 0.537049 0.536260 0.536766 0.537800 0.531692 0.526977 0.523595 0.521505 0.520680 0.521112 0.522805 0.525779 0.530072 0.535737 0.542847 0.551494 0.561796 0.573899 0.587983 0.604268 0.623025 0.644585 0.669362 0.697868 0.730749 0.768826 0.813155 0.865120 0.926566 1.000000 0.939230 0.881800 0.832879 0.790906 0.754691 0.723314 0.696052 0.672331 0.651692 0.633763 0.618244 0.604890 0.593499 0.583911 0.575993 0.569640 0.564772 0.561328 0.559264 0.551640 0.541304 0.532608 2290.000000 1.266950 0.689725
0.623025 0.644585 0.669362 0.697868 0.730749 0.768826 0.813155 0.865120 0.926566 1.000000 0.939230 0.881800 0.832879 0.790906 0.754691 0.723314 0.696052 0.672331 0.651692 0.633763 0.618244 0.604890 0.593499 0.583911 0.575993 0.569640 0.564772 0.561328 0.559264 0.551640 0.541304 0.532608 0.525433 0.519684 0.515288 0.512189 0.510349 0.509745 0.510372 0.512235 0.513403 0.513228 0.514291 0.516606 0.520201 0.525120 0.531426 0.539200 0.548545 0.559592 0.572501 0.587468 0.604734 0.624597 0.647421 0.673661 0.703885 0.738813 0.779362 0.826730 0.882490 0.922373 0.866114 0.818182 0.777050 0.741557 0.710802 0.684079 0.660827 0.640596 0.623023 0.607814 0.594728 0.583570 0.574181 0.566433 0.560222 0.555469 0.552116 0.558864 0.568593 0.580088 0.593517 0.609084 0.627042 0.647698 0.671435 0.698724 0.730160 0.766490 0.808676 0.850875 0.803286 0.762478 0.727283 0.696798 0.670316 0.647275 0.627227 0.609808 0.594725 0.581737 0.570650 0.561304 0.553572 0.547350 0.542560 0.539140 0.537049 0.536260 0.536766 0.537800 0.531692 0.526977 0.523595 0.521505 0.520680 0.521112 0.522805 0.525779 0.530072 0.535737 0.542847 0.551494 0.561796 0.573899 0.587983 0.604268 2290.000000 1.266950 0.689725
0.906963 0.973370 1.000000 0.935210 0.880297 0.833371 0.793008 0.758117 0.727846 0.701524 0.678618 0.658697 0.641414 0.626485 0.613680 0.602811 0.593725 0.586301 0.580442 0.576072 0.573139 0.571605 0.571452 0.572678 0.575299 0.579346 0.584869 0.591939 0.600646 0.611107 0.623468 0.637907 0.654646 0.673954 0.673346 0.651539 0.632577 0.616129 0.601928 0.589756 0.579435 0.570820 0.563796 0.558272 0.554176 0.551459 0.550088 0.550045 0.551330 0.553959 0.557963 0.563394 0.570318 0.578826 0.589033 0.601080 0.615143 0.631437 0.650228 0.671839 0.696672 0.725225 0.758124 0.796158 0.840342 0.891992 0.952854 0.986883 0.926006 0.874186 0.829751 0.791430 0.758238 0.729404 0.704318 0.682490 0.663524 0.647100 0.632958 0.620885 0.610707 0.602286 0.595508 0.590288 0.586559 0.584275 0.583410 0.583951 0.585907 0.589299 0.594172 0.600584 0.608619 0.618381 0.630004 0.643653 0.659530 0.641745 0.622361 0.605530 0.590971 0.578457 0.567801 0.558853 0.551490 0.545617 0.541156 0.538054 0.536272 0.535789 0.536597 0.538708 0.542147 0.546956 0.553195 0.560946 0.570310 0.581417 0.594426 0.609532 0.626975 0.647051 0.670124 0.696642 0.727170 0.762417 0.803289 0.850958 4125.000000 1.515096 0.721975
0.659530 0.641745 0.622361 0.605530 0.590971 0.578457 0.567801 0.558853 0.551490 0.545617 0.541156 0.538054 0.536272 0.535789 0.536597 0.538708 0.542147 0.546956 0.553195 0.560946 0.570310 0.581417 0.594426 0.609532 0.626975 0.647051 0.670124 0.696642 0.727170 0.762417 0.803289 0.850958 0.906963 0.973370 1.000000 0.935210 0.880297 0.833371 0.793008 0.758117 0.727846 0.701524 0.678618 0.658697 0.641414 0.626485 0.613680 0.602811 0.593725 0.586301 0.580442 0.576072 0.573139 0.571605 0.571452 0.572678 0.575299 0.579346 0.584869 0.591939 0.600646 0.611107 0.623468 0.637907 0.654646 0.673954 0.673346 0.651539 0.632577 0.616129 0.601928 0.589756 0.579435 0.570820 0.563796 0.558272 0.554176 0.551459 0.550088 0.550045 0.551330 0.553959 0.557963 0.563394 0.570318 0.578826 0.589033 0.601080 0.615143 0.631437 0.650228 0.671839 0.696672 0.725225 0.758124 0.796158 0.840342 0.891992 0.952854 0.986883 0.926006 0.874186 0.829751 0.791430 0.758238 0.729404 0.704318 0.682490 0.663524 0.647100 0.632958 0.620885 0.610707 0.602286 0.595508 0.590288 0.586559 0.584275 0.583410 0.583951 0.585907 0.589299 0.594172 0.600584 0.608619 0.618381 0.630004 0.643653 4125.000000 1.515096 0.721975
0.840342 0.891992 0.952854 0.986883 0.926006 0.874186 0.829751 0.791430 0.758238 0.729404 0.704318 0.682490 0.663524 0.647100 0.632958 0.620885 0.610707 0.602286 0.595508 0.590288 0.586559 0.584275 0.583410 0.583951 0.585907 0.589299 0.594172 0.600584 0.608619 0.618381 0.630004 0.643653 0.659530 0.641745 0.622361 0.605530 0.590971 0.578457 0.567801 0.558853 0.551490 0.545617 0.541156 0.538054 0.536272 0.535789 0.536597 0.538708 0.542147 0.546956 0.553195 0.560946 0.570310 0.581417 0.594426 0.609532 0.626975 0.647051 0.670124 0.696642 0.727170 0.762417 0.803289 0.850958 0.906963 0.973370 1.000000 0.935210 0.880297 0.833371 0.793008 0.758117 0.727846 0.701524 0.678618 0.658697 0.641414 0.626485 0.613680 0.602811 0.593725 0.586301 0.580442 0.576072 0.573139 0.571605 0.571452 0.572678 0.575299 0.579346 0.584869 0.591939 0.600646 0.611107 0.623468 0.637907 0.654646 0.673954 0.673346 0.651539 0.632577 0.616129 0.601928 0.589756 0.579435 0.570820 0.563796 0.558272 0.554176 0.551459 0.550088 0.550045 0.551330 0.553959 0.557963 0.563394 0.570318 0.578826 0.589033 0.601080 0.615143 0.631437 0.650228 0.671839 0.696672 0.725225 0.758124 0.796158 4125.000000 1.515096 0.721975
0.654646 0.673954 0.673346 0.651539 0.632577 0.616129 0.601928 0.589756 0.579435 0.570820 0.563796 0.558272 0.554176 0.551459 0.550088 0.550045 0.551330 0.553959 0.557963 0.563394 0.570318 0.578826 0.589033 0.601080 0.615143 0.631437 0.650228 0.671839 0.696672 0.725225 0.758124 0.796158 0.840342 0.891992 0.952854 0.986883 0.926006 0.874186 0.829751 0.791430 0.758238 0.729404 0.704318 0.682490 0.663524 0.647100 0.632958 0.620885 0.610707 0.602286 0.595508 0.590288 0.586559 0.584275 0.583410 0.583951 0.585907 0.589299 0.594172 0.600584 0.608619 0.618381 0.630004 0.643653 0.659530 0.641745 0.622361 0.605530 0.590971 0.578457 0.567801 0.558853 0.551490 0.545617 0.541156 0.538054 0.536272 0.535789 0.536597 0.538708 0.542147 0.546956 0.553195 0.560946 0.570310 0.581417 0.594426 0.609532 0.626975 0.647051 0.670124 0.696642 0.727170 0.762417 0.803289 0.850958 0.906963 0.973370 1.000000 0.935210 0.880297 0.833371 0.793008 0.758117 0.727846 0.701524 0.678618 0.658697 0.641414 0.626485 0.613680 0.602811 0.593725 0.586301 0.580442 0.576072 0.573139 0.571605 0.571452 0.572678 0.575299 0.579346 0.584869 0.591939 0.600646 0.611107 0.623468 0.637907 4125.000000 1.515096 0.721975
0.920230 0.887981 0.859917 0.835523 0.814383 0.796158 0.780569 0.767392 0.756445 0.747582 0.740687 0.735675 0.732482 0.731071 0.731424 0.733546 0.736069 0.723856 0.713732 0.705564 0.699246 0.694700 0.691868 0.690716 0.691230 0.693417 0.697304 0.702936 0.710386 0.719748 0.731146 0.743982 0.727716 0.713828 0.702120 0.692431 0.684633 0.678625 0.674332 0.671701 0.670700 0.671317 0.673559 0.677453 0.683048 0.690414 0.699644 0.710859 0.724213 0.739895 0.758139 0.779229 0.803517 0.805868 0.807304 0.810701 0.816102 0.823572 0.833206 0.845128 0.859497 0.876511 0.896416 0.919512 0.946169 0.968183 0.938889 0.913452 0.891447 0.872531 0.856421 0.842889 0.831750 0.822858 0.816100 0.811391 0.808672 0.807912 0.809101 0.812252 0.817405 0.812220 0.778534 0.749265 0.723797 0.701638 0.682391 0.665733 0.651400 0.639179 0.628895 0.620408 0.613606 0.606171 0.599624 0.594634 0.591139 0.589096 0.588479 0.589282 0.591514 0.595203 0.600393 0.607150 0.615561 0.625737 0.637817 0.651974 0.668421 0.687418 0.709285 0.734417 0.763301 0.796548 0.834926 0.855328 0.858368 0.863517 0.870839 0.880426 0.892400 0.906918 0.924181 0.944432 0.967976 0.995182 1.000000 0.957304 1317.500000 1.306302 0.875605
0.591139 0.589096 0.588479 0.589282 0.591514 0.595203 0.600393 0.607150 0.615561 0.625737 0.637817 0.651974 0.668421 0.687418 0.709285 0.734417 0.763301 0.796548 0.834926 0.855328 0.858368 0.863517 0.870839 0.880426 0.892400 0.906918 0.924181 0.944432 0.967976 0.995182 1.000000 0.957304 0.920230 0.887981 0.859917 0.835523 0.814383 0.796158 0.780569 0.767392 0.756445 0.747582 0.740687 0.735675 0.732482 0.731071 0.731424 0.733546 0.736069 0.723856 0.713732 0.705564 0.699246 0.694700 0.691868 0.690716 0.691230 0.693417 0.697304 0.702936 0.710386 0.719748 0.731146 0.743982 0.727716 0.713828 0.702120 0.692431 0.684633 0.678625 0.674332 0.671701 0.670700 0.671317 0.673559 0.677453 0.683048 0.690414 0.699644 0.710859 0.724213 0.739895 0.758139 0.779229 0.803517 0.805868 0.807304 0.810701 0.816102 0.823572 0.833206 0.845128 0.859497 0.876511 0.896416 0.919512 0.946169 0.968183 0.938889 0.913452 0.891447 0.872531 0.856421 0.842889 0.831750 0.822858 0.816100 0.811391 0.808672 0.807912 0.809101 0.812252 0.817405 0.812220 0.778534 0.749265 0.723797 0.701638 0.682391 0.665733 0.651400 0.639179 0.628895 0.620408 0.613606 0.606171 0.599624 0.594634 1317.500000 1.306302 0.875605
0.946169 0.968183 0.938889 0.913452 0.891447 0.872531 0.856421 0.842889 0.831750 0.822858 0.816100 0.811391 0.808672 0.807912 0.809101 0.812252 0.817405 0.812220 0.778534 0.749265 0.723797 0.701638 0.682391 0.665733 0.651400 0.639179 0.628895 0.620408 0.613606 0.606171 0.599624 0.594634 0.591139 0.589096 0.588479 0.589282 0.591514 0.595203 0.600393 0.607150 0.615561 0.625737 0.637817 0.651974 0.668421 0.687418 0.709285 0.734417 0.763301 0.796548 0.834926 0.855328 0.858368 0.863517 0.870839 0.880426 0.892400 0.906918 0.924181 0.944432 0.967976 0.995182 1.000000 0.957304 0.920230 0.887981 0.859917 0.835523 0.814383 0.796158 0.780569 0.767392 0.756445 0.747582 0.740687 0.735675 0.732482 0.731071 0.731424 0.733546 0.736069 0.723856 0.713732 0.705564 0.699246 0.694700 0.691868 0.690716 0.691230 0.693417 0.697304 0.702936 0.710386 0.719748 0.731146 0.743982 0.727716 0.713828 0.702120 0.692431 0.684633 0.678625 0.674332 0.671701 0.670700 0.671317 0.673559 0.677453 0.683048 0.690414 0.699644 0.710859 0.724213 0.739895 0.758139 0.779229 0.803517 0.805868 0.807304 0.810701 0.816102 0.823572 0.833206 0.845128 0.859497 0.876511 0.896416 0.919512 1317.500000 1.306302 0.875605
0.727716 0.713828 0.702120 0.692431 0.684633 0.678625 0.674332 0.671701 0.670700 0.671317 0.673559 0.677453 0.683048 0.690414 0.699644 0.710859 0.724213 0.739895 0.758139 0.779229 0.803517 0.805868 0.807304 0.810701 0.816102 0.823572 0.833206 0.845128 0.859497 0.876511 0.896416 0.919512 0.946169 0.968183 0.938889 0.913452 0.891447 0.872531 0.856421 0.842889 0.831750 0.822858 0.816100 0.811391 0.808672 0.807912 0.809101 0.812252 0.817405 0.812220 0.778534 0.749265 0.723797 0.701638 0.682391 0.665733 0.651400 0.639179 0.628895 0.620408 0.613606 0.606171 0.599624 0.594634 0.591139 0.589096 0.588479 0.589282 0.591514 0.595203 0.600393 0.607150 0.615561 0.625737 0.637817 0.651974 0.668421 0.687418 0.709285 0.734417 0.763301 0.796548 0.834926 0.855328 0.858368 0.863517 0.870839 0.880426 0.892400 0.906918 0.924181 0.944432 0.967976 0.995182 1.000000 0.957304 0.920230 0.887981 0.859917 0.835523 0.814383 0.796158 0.780569 0.767392 0.756445 0.747582 0.740687 0.735675 0.732482 0.731071 0.731424 0.733546 0.736069 0.723856 0.713732 0.705564 0.699246 0.694700 0.691868 0.690716 0.691230 0.693417 0.697304 0.702936 0.710386 0.719748 0.731146 0.743982 1317.500000 1.306302 0.875605
0.730041 0.755670 0.785125 0.819023 0.858140 0.903466 0.956280 0.988513 0.957352 0.930269 0.906800 0.886570 0.869271 0.854654 0.842516 0.832697 0.825068 0.819534 0.816027 0.814503 0.814945 0.817357 0.821770 0.828236 0.836837 0.847682 0.860913 0.876709 0.895293 0.916938 0.941982 0.970837 0.939210 0.897867 0.861999 0.830811 0.803670 0.780067 0.759587 0.741897 0.726723 0.713843 0.703075 0.694276 0.687329 0.682147 0.678665 0.676841 0.676652 0.678097 0.681192 0.682604 0.684962 0.689002 0.694773 0.702349 0.711825 0.723326 0.737010 0.753071 0.771749 0.793336 0.818193 0.846764 0.879599 0.917382 0.960975 1.000000 0.966009 0.936436 0.910747 0.888514 0.869386 0.853075 0.839350 0.828022 0.818943 0.811996 0.807094 0.804176 0.803207 0.804176 0.807094 0.811996 0.818943 0.828022 0.839350 0.853075 0.860855 0.846583 0.834755 0.825214 0.817836 0.812529 0.809228 0.807891 0.808504 0.811073 0.815629 0.822229 0.830955 0.832769 0.824788 0.818914 0.815071 0.813215 0.813322 0.815394 0.819456 0.825557 0.833773 0.844208 0.856999 0.820262 0.786243 0.756683 0.730963 0.708585 0.689147 0.672324 0.657850 0.645508 0.635122 0.644902 0.657194 0.671613 0.688374 0.707742 4637.500000 1.030906 0.827439
0.808504 0.811073 0.815629 0.822229 0.830955 0.832769 0.824788 0.818914 0.815071 0.813215 0.813322 0.815394 0.819456 0.825557 0.833773 0.844208 0.856999 0.820262 0.786243 0.756683 0.730963 0.708585 0.689147 0.672324 0.657850 0.645508 0.635122 0.644902 0.657194 0.671613 0.688374 0.707742 0.730041 0.755670 0.785125 0.819023 0.858140 0.903466 0.956280 0.988513 0.957352 0.930269 0.906800 0.886570 0.869271 0.854654 0.842516 0.832697 0.825068 0.819534 0.816027 0.814503 0.814945 0.817357 0.821770 0.828236 0.836837 0.847682 0.860913 0.876709 0.895293 0.916938 0.941982 0.970837 0.939210 0.897867 0.861999 0.830811 0.803670 0.780067 0.759587 0.741897 0.726723 0.713843 0.703075 0.694276 0.687329 0.682147 0.678665 0.676841 0.676652 0.678097 0.681192 0.682604 0.684962 0.689002 0.694773 0.702349 0.711825 0.723326 0.737010 0.753071 0.771749 0.793336 0.818193 0.846764 0.879599 0.917382 0.960975 1.000000 0.966009 0.936436 0.910747 0.888514 0.869386 0.853075 0.839350 0.828022 0.818943 0.811996 0.807094 0.804176 0.803207 0.804176 0.807094 0.811996 0.818943 0.828022 0.839350 0.853075 0.860855 0.846583 0.834755 0.825214 0.817836 0.812529 0.809228 0.807891 4637.500000 1.030906 0.827439
0.879599 0.917382 0.960975 1.000000 0.966009 0.936436 0.910747 0.888514 0.869386 0.853075 0.839350 0.828022 0.818943 0.811996 0.807094 0.804176 0.803207 0.804176 0.807094 0.811996 0.818943 0.828022 0.839350 0.853075 0.860855 0.846583 0.834755 0.825214 0.817836 0.812529 0.809228 0.807891 0.808504 0.811073 0.815629 0.822229 0.830955 0.832769 0.824788 0.818914 0.815071 0.813215 0.813322 0.815394 0.819456 0.825557 0.833773 0.844208 0.856999 0.820262 0.786243 0.756683 0.730963 0.708585 0.689147 0.672324 0.657850 0.645508 0.635122 0.644902 0.657194 0.671613 0.688374 0.707742 0.730041 0.755670 0.785125 0.819023 0.858140 0.903466 0.956280 0.988513 0.957352 0.930269 0.906800 0.886570 0.869271 0.854654 0.842516 0.832697 0.825068 0.819534 0.816027 0.814503 0.814945 0.817357 0.821770 0.828236 0.836837 0.847682 0.860913 0.876709 0.895293 0.916938 0.941982 0.970837 0.939210 0.897867 0.861999 0.830811 0.803670 0.780067 0.759587 0.741897 0.726723 0.713843 0.703075 0.694276 0.687329 0.682147 0.678665 0.676841 0.676652 0.678097 0.681192 0.682604 0.684962 0.689002 0.694773 0.702349 0.711825 0.723326 0.737010 0.753071 0.771749 0.793336 0.818193 0.846764 4637.500000 1.030906 0.827439
0.939210 0.897867 0.861999 0.830811 0.803670 0.780067 0.759587 0.741897 0.726723 0.713843 0.703075 0.694276 0.687329 0.682147 0.678665 0.676841 0.676652 0.678097 0.681192 0.682604 0.684962 0.689002 0.694773 0.702349 0.711825 0.723326 0.737010 0.753071 0.771749 0.793336 0.818193 0.846764 0.879599 0.917382 0.960975 1.000000 0.966009 0.936436 0.910747 0.888514 0.869386 0.853075 0.839350 0.828022 0.818943 0.811996 0.807094 0.804176 0.803207 0.804176 0.807094 0.811996 0.818943 0.828022 0.839350 0.853075 0.860855 0.846583 0.834755 0.825214 0.817836 0.812529 0.809228 0.807891 0.808504 0.811073 0.815629 0.822229 0.830955 0.832769 0.824788 0.818914 0.815071 0.813215 0.813322 0.815394 0.819456 0.825557 0.833773 0.844208 0.856999 0.820262 0.786243 0.756683 0.730963 0.708585 0.689147 0.672324 0.657850 0.645508 0.635122 0.644902 0.657194 0.671613 0.688374 0.707742 0.730041 0.755670 0.785125 0.819023 0.858140 0.903466 0.956280 0.988513 0.957352 0.930269 0.906800 0.886570 0.869271 0.854654 0.842516 0.832697 0.825068 0.819534 0.816027 0.814503 0.814945 0.817357 0.821770 0.828236 0.836837 0.847682 0.860913 0.876709 0.895293 0.916938 0.941982 0.970837 4637.500000 1.030906 0.827439
0.809951 0.816275 0.824700 0.835335 0.848318 0.863824 0.870374 0.845529 0.823993 0.805419 0.789524 0.776078 0.764894 0.755823 0.748747 0.743577 0.740249 0.738722 0.738978 0.741020 0.744873 0.750584 0.758224 0.765209 0.772981 0.782819 0.794849 0.809236 0.826179 0.845929 0.868790 0.895138 0.925432 0.960244 0.982686 0.962198 0.944776 0.930175 0.918197 0.908685 0.901517 0.896605 0.893887 0.893332 0.894932 0.898707 0.904702 0.912992 0.923681 0.936908 0.952847 0.971720 0.991988 0.961619 0.935240 0.912409 0.892766 0.876017 0.861922 0.850290 0.840967 0.833833 0.828799 0.825803 0.824808 0.825803 0.817314 0.795171 0.776016 0.759549 0.745525 0.733745 0.724048 0.716308 0.710425 0.706326 0.703959 0.703297 0.704332 0.707076 0.711562 0.717845 0.726005 0.736147 0.748404 0.762946 0.779980 0.799764 0.822610 0.848904 0.879124 0.913857 0.953839 1.000000 0.977779 0.956761 0.938842 0.923767 0.911328 0.901363 0.893744 0.888374 0.885188 0.884147 0.885239 0.888477 0.893899 0.901574 0.911597 0.924096 0.939237 0.957227 0.978322 0.975266 0.944443 0.917652 0.894434 0.874417 0.857296 0.842824 0.830801 0.821066 0.813494 0.807989 0.804483 0.802933 0.803321 0.805651 594.000000 1.165606 0.887202
0.938842 0.923767 0.911328 0.901363 0.893744 0.888374 0.885188 0.884147 0.885239 0.888477 0.893899 0.901574 0.911597 0.924096 0.939237 0.957227 0.978322 0.975266 0.944443 0.917652 0.894434 0.874417 0.857296 0.842824 0.830801 0.821066 0.813494 0.807989 0.804483 0.802933 0.803321 0.805651 0.809951 0.816275 0.824700 0.835335 0.848318 0.863824 0.870374 0.845529 0.823993 0.805419 0.789524 0.776078 0.764894 0.755823 0.748747 0.743577 0.740249 0.738722 0.738978 0.741020 0.744873 0.750584 0.758224 0.765209 0.772981 0.782819 0.794849 0.809236 0.826179 0.845929 0.868790 0.895138 0.925432 0.960244 0.982686 0.962198 0.944776 0.930175 0.918197 0.908685 0.901517 0.896605 0.893887 0.893332 0.894932 0.898707 0.904702 0.912992 0.923681 0.936908 0.952847 0.971720 0.991988 0.961619 0.935240 0.912409 0.892766 0.876017 0.861922 0.850290 0.840967 0.833833 0.828799 0.825803 0.824808 0.825803 0.817314 0.795171 0.776016 0.759549 0.745525 0.733745 0.724048 0.716308 0.710425 0.706326 0.703959 0.703297 0.704332 0.707076 0.711562 0.717845 0.726005 0.736147 0.748404 0.762946 0.779980 0.799764 0.822610 0.848904 0.879124 0.913857 0.953839 1.000000 0.977779 0.956761 594.000000 1.165606 0.887202
0.824808 0.825803 0.817314 0.795171 0.776016 0.759549 0.745525 0.733745 0.724048 0.716308 0.710425 0.706326 0.703959 0.703297 0.704332 0.707076 0.711562 0.717845 0.726005 0.736147 0.748404 0.762946 0.779980 0.799764 0.822610 0.848904 0.879124 0.913857 0.953839 1.000000 0.977779 0.956761 0.938842 0.923767 0.911328 0.901363 0.893744 0.888374 0.885188 0.884147 0.885239 0.888477 0.893899 0.901574 0.911597 0.924096 0.939237 0.957227 0.978322 0.975266 0.944443 0.917652 0.894434 0.874417 0.857296 0.842824 0.830801 0.821066 0.813494 0.807989 0.804483 0.802933 0.803321 0.805651 0.809951 0.816275 0.824700 0.835335 0.848318 0.863824 0.870374 0.845529 0.823993 0.805419 0.789524 0.776078 0.764894 0.755823 0.748747 0.743577 0.740249 0.738722 0.738978 0.741020 0.744873 0.750584 0.758224 0.765209 0.772981 0.782819 0.794849 0.809236 0.826179 0.845929 0.868790 0.895138 0.925432 0.960244 0.982686 0.962198 0.944776 0.930175 0.918197 0.908685 0.901517 0.896605 0.893887 0.893332 0.894932 0.898707 0.904702 0.912992 0.923681 0.936908 0.952847 0.971720 0.991988 0.961619 0.935240 0.912409 0.892766 0.876017 0.861922 0.850290 0.840967 0.833833 0.828799 0.825803 594.000000 1.165606 0.887202
0.925432 0.960244 0.982686 0.962198 0.944776 0.930175 0.918197 0.908685 0.901517 0.896605 0.893887 0.893332 0.894932 0.898707 0.904702 0.912992 0.923681 0.936908 0.952847 0.971720 0.991988 0.961619 0.935240 0.912409 0.892766 0.876017 0.861922 0.850290 0.840967 0.833833 0.828799 0.825803 0.824808 0.825803 0.817314 0.795171 0.776016 0.759549 0.745525 0.733745 0.724048 0.716308 0.710425 0.706326 0.703959 0.703297 0.704332 0.707076 0.711562 0.717845 0.726005 0.736147 0.748404 0.762946 0.779980 0.799764 0.822610 0.848904 0.879124 0.913857 0.953839 1.000000 0.977779 0.956761 0.938842 0.923767 0.911328 0.901363 0.893744 0.888374 0.885188 0.884147 0.885239 0.888477 0.893899 0.901574 0.911597 0.924096 0.939237 0.957227 0.978322 0.975266 0.944443 0.917652 0.894434 0.874417 0.857296 0.842824 0.830801 0.821066 0.813494 0.807989 0.804483 0.802933 0.803321 0.805651 0.809951 0.816275 0.824700 0.835335 0.848318 0.863824 0.870374 0.845529 0.823993 0.805419 0.789524 0.776078 0.764894 0.755823 0.748747 0.743577 0.740249 0.738722 0.738978 0.741020 0.744873 0.750584 0.758224 0.765209 0.772981 0.782819 0.794849 0.809236 0.826179 0.845929 0.868790 0.895138 594.000000 1.165606 0.887202
0.999621 0.935516 0.881133 0.834625 0.794599 0.759984 0.729943 0.703819 0.681083 0.661314 0.644168 0.629367 0.616683 0.605931 0.596961 0.589652 0.583910 0.579662 0.576855 0.575454 0.580612 0.589424 0.599974 0.612412 0.626919 0.643717 0.663083 0.685352 0.710940 0.740367 0.774281 0.813504 0.813121 0.768271 0.729776 0.696553 0.667762 0.642743 0.620974 0.602033 0.585583 0.571347 0.559103 0.548666 0.539888 0.532650 0.526856 0.522627 0.527126 0.532999 0.540320 0.549187 0.559720 0.572071 0.586423 0.603005 0.622093 0.644032 0.669246 0.686942 0.675709 0.666417 0.658943 0.653190 0.649088 0.646585 0.645650 0.646273 0.648461 0.652240 0.657657 0.664780 0.673700 0.684534 0.697429 0.712570 0.730180 0.750537 0.773979 0.800925 0.831891 0.815048 0.799561 0.786512 0.775720 0.767044 0.760371 0.755617 0.752725 0.751659 0.752406 0.754975 0.759397 0.722702 0.678621 0.641065 0.608837 0.581027 0.556930 0.535992 0.517773 0.501922 0.488153 0.476237 0.465984 0.457241 0.449885 0.443813 0.438947 0.435223 0.432596 0.431032 0.430513 0.431032 0.432596 0.435223 0.438947 0.443813 0.457628 0.482950 0.512544 0.547408 0.588882 0.638821 0.699858 0.775857 0.872730 1.000000 1910.500000 1.136784 0.669776
0.608837 0.581027 0.556930 0.535992 0.517773 0.501922 0.488153 0.476237 0.465984 0.457241 0.449885 0.443813 0.438947 0.435223 0.432596 0.431032 0.430513 0.431032 0.432596 0.435223 0.438947 0.443813 0.457628 0.482950 0.512544 0.547408 0.588882 0.638821 0.699858 0.775857 0.872730 1.000000 0.999621 0.935516 0.881133 0.834625 0.794599 0.759984 0.729943 0.703819 0.681083 0.661314 0.644168 0.629367 0.616683 0.605931 0.596961 0.589652 0.583910 0.579662 0.576855 0.575454 0.580612 0.589424 0.599974 0.612412 0.626919 0.643717 0.663083 0.685352 0.710940 0.740367 0.774281 0.813504 0.813121 0.768271 0.729776 0.696553 0.667762 0.642743 0.620974 0.602033 0.585583 0.571347 0.559103 0.548666 0.539888 0.532650 0.526856 0.522627 0.527126 0.532999 0.540320 0.549187 0.559720 0.572071 0.586423 0.603005 0.622093 0.644032 0.669246 0.686942 0.675709 0.666417 0.658943 0.653190 0.649088 0.646585 0.645650 0.646273 0.648461 0.652240 0.657657 0.664780 0.673700 0.684534 0.697429 0.712570 0.730180 0.750537 0.773979 0.800925 0.831891 0.815048 0.799561 0.786512 0.775720 0.767044 0.760371 0.755617 0.752725 0.751659 0.752406 0.754975 0.759397 0.722702 0.678621 0.641065 1910.500000 1.136784 0.669776
0.649088 0.646585 0.645650 0.646273 0.648461 0.652240 0.657657 0.664780 0.673700 0.684534 0.697429 0.712570 0.730180 0.750537 0.773979 0.800925 0.831891 0.815048 0.799561 0.786512 0.775720 0.767044 0.760371 0.755617 0.752725 0.751659 0.752406 0.754975 0.759397 0.722702 0.678621 0.641065 0.608837 0.581027 0.556930 0.535992 0.517773 0.501922 0.488153 0.476237 0.465984 0.457241 0.449885 0.443813 0.438947 0.435223 0.432596 0.431032 0.430513 0.431032 0.432596 0.435223 0.438947 0.443813 0.457628 0.482950 0.512544 0.547408 0.588882 0.638821 0.699858 0.775857 0.872730 1.000000 0.999621 0.935516 0.881133 0.834625 0.794599 0.759984 0.729943 0.703819 0.681083 0.661314 0.644168 0.629367 0.616683 0.605931 0.596961 0.589652 0.583910 0.579662 0.576855 0.575454 0.580612 0.589424 0.599974 0.612412 0.626919 0.643717 0.663083 0.685352 0.710940 0.740367 0.774281 0.813504 0.813121 0.768271 0.729776 0.696553 0.667762 0.642743 0.620974 0.602033 0.585583 0.571347 0.559103 0.548666 0.539888 0.532650 0.526856 0.522627 0.527126 0.532999 0.540320 0.549187 0.559720 0.572071 0.586423 0.603005 0.622093 0.644032 0.669246 0.686942 0.675709 0.666417 0.658943 0.653190 1910.500000 1.136784 0.669776
0.813121 0.768271 0.729776 0.696553 0.667762 0.642743 0.620974 0.602033 0.585583 0.571347 0.559103 0.548666 0.539888 0.532650 0.526856 0.522627 0.527126 0.532999 0.540320 0.549187 0.559720 0.572071 0.586423 0.603005 0.622093 0.644032 0.669246 0.686942 0.675709 0.666417 0.658943 0.653190 0.649088 0.646585 0.645650 0.646273 0.648461 0.652240 0.657657 0.664780 0.673700 0.684534 0.697429 0.712570 0.730180 0.750537 0.773979 0.800925 0.831891 0.815048 0.799561 0.786512 0.775720 0.767044 0.760371 0.755617 0.752725 0.751659 0.752406 0.754975 0.759397 0.722702 0.678621 0.641065 0.608837 0.581027 0.556930 0.535992 0.517773 0.501922 0.488153 0.476237 0.465984 0.457241 0.449885 0.443813 0.438947 0.435223 0.432596 0.431032 0.430513 0.431032 0.432596 0.435223 0.438947 0.443813 0.457628 0.482950 0.512544 0.547408 0.588882 0.638821 0.699858 0.775857 0.872730 1.000000 0.999621 0.935516 0.881133 0.834625 0.794599 0.759984 0.729943 0.703819 0.681083 0.661314 0.644168 0.629367 0.616683 0.605931 0.596961 0.589652 0.583910 0.579662 0.576855 0.575454 0.580612 0.589424 0.599974 0.612412 0.626919 0.643717 0.663083 0.685352 0.710940 0.740367 0.774281 0.813504 1910.500000 1.136784 0.669776
0.903386 1.000000 0.977594 0.909644 0.852446 0.803838 0.762211 0.726347 0.695306 0.668354 0.644909 0.624506 0.606772 0.591403 0.578151 0.566816 0.557233 0.549270 0.542821 0.537802 0.534150 0.531820 0.530783 0.531028 0.532555 0.535386 0.539553 0.545109 0.538263 0.524231 0.512115 0.501727 0.492917 0.485560 0.479558 0.474832 0.471323 0.468987 0.467795 0.467734 0.468801 0.471011 0.474390 0.478980 0.484840 0.492044 0.500690 0.510898 0.522817 0.536629 0.552558 0.570879 0.591931 0.616137 0.618709 0.614619 0.612048 0.610963 0.611353 0.613222 0.616592 0.621505 0.628021 0.636225 0.646224 0.658153 0.672180 0.688513 0.707405 0.729171 0.754192 0.782946 0.816022 0.854165 0.898318 0.942580 0.861895 0.795699 0.740604 0.694208 0.654767 0.620982 0.591868 0.566666 0.544782 0.525744 0.509178 0.494779 0.482302 0.471547 0.462350 0.454580 0.448128 0.442909 0.438855 0.435915 0.434053 0.433246 0.433485 0.434772 0.429739 0.424294 0.419984 0.416754 0.414565 0.413390 0.413214 0.414035 0.415863 0.418721 0.422643 0.427679 0.433895 0.441374 0.450218 0.460556 0.472545 0.486378 0.502293 0.520580 0.541603 0.565816 0.593793 0.626267 0.664192 0.708824 0.761854 0.825610 1460.500000 1.708648 0.678109
0.434053 0.433246 0.433485 0.434772 0.429739 0.424294 0.419984 0.416754 0.414565 0.413390 0.413214 0.414035 0.415863 0.418721 0.422643 0.427679 0.433895 0.441374 0.450218 0.460556 0.472545 0.486378 0.502293 0.520580 0.541603 0.565816 0.593793 0.626267 0.664192 0.708824 0.761854 0.825610 0.903386 1.000000 0.977594 0.909644 0.852446 0.803838 0.762211 0.726347 0.695306 0.668354 0.644909 0.624506 0.606772 0.591403 0.578151 0.566816 0.557233 0.549270 0.542821 0.537802 0.534150 0.531820 0.530783 0.531028 0.532555 0.535386 0.539553 0.545109 0.538263 0.524231 0.512115 0.501727 0.492917 0.485560 0.479558 0.474832 0.471323 0.468987 0.467795 0.467734 0.468801 0.471011 0.474390 0.478980 0.484840 0.492044 0.500690 0.510898 0.522817 0.536629 0.552558 0.570879 0.591931 0.616137 0.618709 0.614619 0.612048 0.610963 0.611353 0.613222 0.616592 0.621505 0.628021 0.636225 0.646224 0.658153 0.672180 0.688513 0.707405 0.729171 0.754192 0.782946 0.816022 0.854165 0.898318 0.942580 0.861895 0.795699 0.740604 0.694208 0.654767 0.620982 0.591868 0.566666 0.544782 0.525744 0.509178 0.494779 0.482302 0.471547 0.462350 0.454580 0.448128 0.442909 0.438855 0.435915 1460.500000 1.708648 0.678109
0.646224 0.658153 0.672180 0.688513 0.707405 0.729171 0.754192 0.782946 0.816022 0.854165 0.898318 0.942580 0.861895 0.795699 0.740604 0.694208 0.654767 0.620982 0.591868 0.566666 0.544782 0.525744 0.509178 0.494779 0.482302 0.471547 0.462350 0.454580 0.448128 0.442909 0.438855 0.435915 0.434053 0.433246 0.433485 0.434772 0.429739 0.424294 0.419984 0.416754 0.414565 0.413390 0.413214 0.414035 0.415863 0.418721 0.422643 0.427679 0.433895 0.441374 0.450218 0.460556 0.472545 0.486378 0.502293 0.520580 0.541603 0.565816 0.593793 0.626267 0.664192 0.708824 0.761854 0.825610 0.903386 1.000000 0.977594 0.909644 0.852446 0.803838 0.762211 0.726347 0.695306 0.668354 0.644909 0.624506 0.606772 0.591403 0.578151 0.566816 0.557233 0.549270 0.542821 0.537802 0.534150 0.531820 0.530783 0.531028 0.532555 0.535386 0.539553 0.545109 0.538263 0.524231 0.512115 0.501727 0.492917 0.485560 0.479558 0.474832 0.471323 0.468987 0.467795 0.467734 0.468801 0.471011 0.474390 0.478980 0.484840 0.492044 0.500690 0.510898 0.522817 0.536629 0.552558 0.570879 0.591931 0.616137 0.618709 0.614619 0.612048 0.610963 0.611353 0.613222 0.616592 0.621505 0.628021 0.636225 1460.500000 1.708648 0.678109
0.492917 0.485560 0.479558 0.474832 0.471323 0.468987 0.467795 0.467734 0.468801 0.471011 0.474390 0.478980 0.484840 0.492044 0.500690 0.510898 0.522817 0.536629 0.552558 0.570879 0.591931 0.616137 0.618709 0.614619 0.612048 0.610963 0.611353 0.613222 0.616592 0.621505 0.628021 0.636225 0.646224 0.658153 0.672180 0.688513 0.707405 0.729171 0.754192 0.782946 0.816022 0.854165 0.898318 0.942580 0.861895 0.795699 0.740604 0.694208 0.654767 0.620982 0.591868 0.566666 0.544782 0.525744 0.509178 0.494779 0.482302 0.471547 0.462350 0.454580 0.448128 0.442909 0.438855 0.435915 0.434053 0.433246 0.433485 0.434772 0.429739 0.424294 0.419984 0.416754 0.414565 0.413390 0.413214 0.414035 0.415863 0.418721 0.422643 0.427679 0.433895 0.441374 0.450218 0.460556 0.472545 0.486378 0.502293 0.520580 0.541603 0.565816 0.593793 0.626267 0.664192 0.708824 0.761854 0.825610 0.903386 1.000000 0.977594 0.909644 0.852446 0.803838 0.762211 0.726347 0.695306 0.668354 0.644909 0.624506 0.606772 0.591403 0.578151 0.566816 0.557233 0.549270 0.542821 0.537802 0.534150 0.531820 0.530783 0.531028 0.532555 0.535386 0.539553 0.545109 0.538263 0.524231 0.512115 0.501727 1460.500000 1.708648 0.678109
0.865614 0.904059 0.948468 1.000000 0.989301 0.920961 0.863398 0.814455 0.772524 0.736386 0.705101 0.677932 0.654297 0.633730 0.615855 0.600368 0.587019 0.575608 0.565970 0.557552 0.550467 0.544856 0.540647 0.537788 0.536245 0.535998 0.537044 0.539397 0.543084 0.548152 0.554664 0.562704 0.572380 0.583826 0.597207 0.612727 0.630634 0.651236 0.674910 0.702126 0.733470 0.769684 0.811717 0.860799 0.844810 0.826220 0.810342 0.796945 0.785847 0.776900 0.769988 0.765025 0.761949 0.760724 0.761333 0.763785 0.768109 0.774358 0.782611 0.792973 0.784076 0.758543 0.736339 0.717076 0.700439 0.686173 0.674067 0.663954 0.655695 0.649184 0.644338 0.641097 0.639421 0.639290 0.640702 0.643675 0.648244 0.654466 0.662421 0.672210 0.683966 0.697851 0.714067 0.732863 0.754542 0.779477 0.808130 0.841074 0.840737 0.803241 0.770724 0.742456 0.717857 0.696460 0.677887 0.661832 0.648045 0.636322 0.626499 0.618441 0.612044 0.607225 0.603926 0.602104 0.601739 0.602826 0.605378 0.609426 0.615020 0.622230 0.631151 0.641899 0.654624 0.662557 0.662171 0.663382 0.666206 0.670677 0.676850 0.684802 0.694637 0.706485 0.720510 0.736915 0.755947 0.777913 0.803186 0.832229 1405.500000 1.200327 0.780378
0.648045 0.636322 0.626499 0.618441 0.612044 0.607225 0.603926 0.602104 0.601739 0.602826 0.605378 0.609426 0.615020 0.622230 0.631151 0.641899 0.654624 0.662557 0.662171 0.663382 0.666206 0.670677 0.676850 0.684802 0.694637 0.706485 0.720510 0.736915 0.755947 0.777913 0.803186 0.832229 0.865614 0.904059 0.948468 1.000000 0.989301 0.920961 0.863398 0.814455 0.772524 0.736386 0.705101 0.677932 0.654297 0.633730 0.615855 0.600368 0.587019 0.575608 0.565970 0.557552 0.550467 0.544856 0.540647 0.537788 0.536245 0.535998 0.537044 0.539397 0.543084 0.548152 0.554664 0.562704 0.572380 0.583826 0.597207 0.612727 0.630634 0.651236 0.674910 0.702126 0.733470 0.769684 0.811717 0.860799 0.844810 0.826220 0.810342 0.796945 0.785847 0.776900 0.769988 0.765025 0.761949 0.760724 0.761333 0.763785 0.768109 0.774358 0.782611 0.792973 0.784076 0.758543 0.736339 0.717076 0.700439 0.686173 0.674067 0.663954 0.655695 0.649184 0.644338 0.641097 0.639421 0.639290 0.640702 0.643675 0.648244 0.654466 0.662421 0.672210 0.683966 0.697851 0.714067 0.732863 0.754542 0.779477 0.808130 0.841074 0.840737 0.803241 0.770724 0.742456 0.717857 0.696460 0.677887 0.661832 1405.500000 1.200327 0.780378
0.700439 0.686173 0.674067 0.663954 0.655695 0.649184 0.644338 0.641097 0.639421 0.639290 0.640702 0.643675 0.648244 0.654466 0.662421 0.672210 0.683966 0.697851 0.714067 0.732863 0.754542 0.779477 0.808130 0.841074 0.840737 0.803241 0.770724 0.742456 0.717857 0.696460 0.677887 0.661832 0.648045 0.636322 0.626499 0.618441 0.612044 0.607225 0.603926 0.602104 0.601739 0.602826 0.605378 0.609426 0.615020 0.622230 0.631151 0.641899 0.654624 0.662557 0.662171 0.663382 0.666206 0.670677 0.676850 0.684802 0.694637 0.706485 0.720510 0.736915 0.755947 0.777913 0.803186 0.832229 0.865614 0.904059 0.948468 1.000000 0.989301 0.920961 0.863398 0.814455 0.772524 0.736386 0.705101 0.677932 0.654297 0.633730 0.615855 0.600368 0.587019 0.575608 0.565970 0.557552 0.550467 0.544856 0.540647 0.537788 0.536245 0.535998 0.537044 0.539397 0.543084 0.548152 0.554664 0.562704 0.572380 0.583826 0.597207 0.612727 0.630634 0.651236 0.674910 0.702126 0.733470 0.769684 0.811717 0.860799 0.844810 0.826220 0.810342 0.796945 0.785847 0.776900 0.769988 0.765025 0.761949 0.760724 0.761333 0.763785 0.768109 0.774358 0.782611 0.792973 0.784076 0.758543 0.736339 0.717076 1405.500000 1.200327 0.780378
0.572380 0.583826 0.597207 0.612727 0.630634 0.651236 0.674910 0.702126 0.733470 0.769684 0.811717 0.860799 0.844810 0.826220 0.810342 0.796945 0.785847 0.776900 0.769988 0.765025 0.761949 0.760724 0.761333 0.763785 0.768109 0.774358 0.782611 0.792973 0.784076 0.758543 0.736339 0.717076 0.700439 0.686173 0.674067 0.663954 0.655695 0.649184 0.644338 0.641097 0.639421 0.639290 0.640702 0.643675 0.648244 0.654466 0.662421 0.672210 0.683966 0.697851 0.714067 0.732863 0.754542 0.779477 0.808130 0.841074 0.840737 0.803241 0.770724 0.742456 0.717857 0.696460 0.677887 0.661832 0.648045 0.636322 0.626499 0.618441 0.612044 0.607225 0.603926 0.602104 0.601739 0.602826 0.605378 0.609426 0.615020 0.622230 0.631151 0.641899 0.654624 0.662557 0.662171 0.663382 0.666206 0.670677 0.676850 0.684802 0.694637 0.706485 0.720510 0.736915 0.755947 0.777913 0.803186 0.832229 0.865614 0.904059 0.948468 1.000000 0.989301 0.920961 0.863398 0.814455 0.772524 0.736386 0.705101 0.677932 0.654297 0.633730 0.615855 0.600368 0.587019 0.575608 0.565970 0.557552 0.550467 0.544856 0.540647 0.537788 0.536245 0.535998 0.537044 0.539397 0.543084 0.548152 0.554664 0.562704 1405.500000 1.200327 0.780378
0.917281 0.977490 1.000000 0.941920 0.892247 0.849495 0.812521 0.780433 0.752527 0.728241 0.707125 0.688811 0.673002 0.659455 0.647974 0.638397 0.630596 0.624469 0.619940 0.616951 0.615467 0.615469 0.616957 0.619950 0.624483 0.630614 0.638419 0.648001 0.659488 0.673040 0.688855 0.707176 0.728301 0.752595 0.740099 0.719246 0.701178 0.685607 0.672297 0.661056 0.651729 0.644192 0.638348 0.634122 0.631464 0.630340 0.630736 0.632658 0.636129 0.641192 0.647909 0.656366 0.666675 0.678974 0.693438 0.710279 0.729761 0.752205 0.778007 0.807656 0.841764 0.881095 0.926624 0.899588 0.859457 0.824655 0.794401 0.768074 0.745173 0.725295 0.708112 0.693355 0.680808 0.670293 0.661667 0.654818 0.649659 0.646124 0.644172 0.643777 0.644935 0.647661 0.651988 0.657968 0.665677 0.675216 0.686710 0.700318 0.716237 0.734708 0.756026 0.780555 0.808742 0.841144 0.814040 0.777212 0.745291 0.717548 0.693407 0.672405 0.654168 0.638390 0.624826 0.613273 0.603567 0.595576 0.589195 0.584341 0.580956 0.578996 0.578438 0.579275 0.581517 0.585193 0.590346 0.597042 0.605367 0.615430 0.627371 0.641361 0.657608 0.676372 0.697969 0.722790 0.751318 0.784156 0.822068 0.866024 1237.500000 1.227044 0.762012
0.745291 0.717548 0.693407 0.672405 0.654168 0.638390 0.624826 0.613273 0.603567 0.595576 0.589195 0.584341 0.580956 0.578996 0.578438 0.579275 0.581517 0.585193 0.590346 0.597042 0.605367 0.615430 0.627371 0.641361 0.657608 0.676372 0.697969 0.722790 0.751318 0.784156 0.822068 0.866024 0.917281 0.977490 1.000000 0.941920 0.892247 0.849495 0.812521 0.780433 0.752527 0.728241 0.707125 0.688811 0.673002 0.659455 0.647974 0.638397 0.630596 0.624469 0.619940 0.616951 0.615467 0.615469 0.616957 0.619950 0.624483 0.630614 0.638419 0.648001 0.659488 0.673040 0.688855 0.707176 0.728301 0.752595 0.740099 0.719246 0.701178 0.685607 0.672297 0.661056 0.651729 0.644192 0.638348 0.634122 0.631464 0.630340 0.630736 0.632658 0.636129 0.641192 0.647909 0.656366 0.666675 0.678974 0.693438 0.710279 0.729761 0.752205 0.778007 0.807656 0.841764 0.881095 0.926624 0.899588 0.859457 0.824655 0.794401 0.768074 0.745173 0.725295 0.708112 0.693355 0.680808 0.670293 0.661667 0.654818 0.649659 0.646124 0.644172 0.643777 0.644935 0.647661 0.651988 0.657968 0.665677 0.675216 0.686710 0.700318 0.716237 0.734708 0.756026 0.780555 0.808742 0.841144 0.814040 0.777212 1237.500000 1.227044 0.762012
0.859457 0.824655 0.794401 0.768074 0.745173 0.725295 0.708112 0.693355 0.680808 0.670293 0.661667 0.654818 0.649659 0.646124 0.644172 0.643777 0.644935 0.647661 0.651988 0.657968 0.665677 0.675216 0.686710 0.700318 0.716237 0.734708 0.756026 0.780555 0.808742 0.841144 0.814040 0.777212 0.745291 0.717548 0.693407 0.672405 0.654168 0.638390 0.624826 0.613273 0.603567 0.595576 0.589195 0.584341 0.580956 0.578996 0.578438 0.579275 0.581517 0.585193 0.590346 0.597042 0.605367 0.615430 0.627371 0.641361 0.657608 0.676372 0.697969 0.722790 0.751318 0.784156 0.822068 0.866024 0.917281 0.977490 1.000000 0.941920 0.892247 0.849495 0.812521 0.780433 0.752527 0.728241 0.707125 0.688811 0.673002 0.659455 0.647974 0.638397 0.630596 0.624469 0.619940 0.616951 0.615467 0.615469 0.616957 0.619950 0.624483 0.630614 0.638419 0.648001 0.659488 0.673040 0.688855 0.707176 0.728301 0.752595 0.740099 0.719246 0.701178 0.685607 0.672297 0.661056 0.651729 0.644192 0.638348 0.634122 0.631464 0.630340 0.630736 0.632658 0.636129 0.641192 0.647909 0.656366 0.666675 0.678974 0.693438 0.710279 0.729761 0.752205 0.778007 0.807656 0.841764 0.881095 0.926624 0.899588 1237.500000 1.227044 0.762012
0.728301 0.752595 0.740099 0.719246 0.701178 0.685607 0.672297 0.661056 0.651729 0.644192 0.638348 0.634122 0.631464 0.630340 0.630736 0.632658 0.636129 0.641192 0.647909 0.656366 0.666675 0.678974 0.693438 0.710279 0.729761 0.752205 0.778007 0.807656 0.841764 0.881095 0.926624 0.899588 0.859457 0.824655 0.794401 0.768074 0.745173 0.725295 0.708112 0.693355 0.680808 0.670293 0.661667 0.654818 0.649659 0.646124 0.644172 0.643777 0.644935 0.647661 0.651988 0.657968 0.665677 0.675216 0.686710 0.700318 0.716237 0.734708 0.756026 0.780555 0.808742 0.841144 0.814040 0.777212 0.745291 0.717548 0.693407 0.672405 0.654168 0.638390 0.624826 0.613273 0.603567 0.595576 0.589195 0.584341 0.580956 0.578996 0.578438 0.579275 0.581517 0.585193 0.590346 0.597042 0.605367 0.615430 0.627371 0.641361 0.657608 0.676372 0.697969 0.722790 0.751318 0.784156 0.822068 0.866024 0.917281 0.977490 1.000000 0.941920 0.892247 0.849495 0.812521 0.780433 0.752527 0.728241 0.707125 0.688811 0.673002 0.659455 0.647974 0.638397 0.630596 0.624469 0.619940 0.616951 0.615467 0.615469 0.616957 0.619950 0.624483 0.630614 0.638419 0.648001 0.659488 0.673040 0.688855 0.707176 1237.500000 1.227044 0.762012
0.578472 0.570413 0.563915 0.558895 0.555289 0.555808 0.565309 0.576553 0.589704 0.604959 0.622565 0.642820 0.666097 0.692855 0.704844 0.674499 0.648155 0.625241 0.605301 0.587966 0.572938 0.559974 0.548877 0.539486 0.531670 0.525325 0.520368 0.516737 0.514387 0.513290 0.513431 0.514813 0.517452 0.521381 0.526649 0.542097 0.562678 0.586352 0.613648 0.645241 0.681995 0.725041 0.775883 0.836560 0.909910 1.000000 0.989797 0.922194 0.865187 0.816670 0.775073 0.739203 0.708137 0.681151 0.657673 0.637243 0.619492 0.604119 0.590880 0.579574 0.570041 0.562148 0.555817 0.550965 0.547504 0.545393 0.544605 0.545130 0.546975 0.550163 0.554733 0.560741 0.568265 0.577403 0.588280 0.601051 0.615905 0.633076 0.652850 0.675579 0.701699 0.694031 0.674766 0.658084 0.643720 0.631459 0.621124 0.612574 0.605696 0.600401 0.596622 0.594314 0.593447 0.594012 0.596016 0.599482 0.604453 0.610991 0.619181 0.629129 0.639538 0.640471 0.642959 0.647031 0.652737 0.660150 0.669364 0.680501 0.693715 0.709194 0.727172 0.747933 0.771829 0.799291 0.830855 0.867190 0.879333 0.829861 0.787455 0.750894 0.719233 0.691733 0.667808 0.646989 0.628898 0.613228 0.599730 0.588200 3346.000000 1.264254 0.706366
0.604453 0.610991 0.619181 0.629129 0.639538 0.640471 0.642959 0.647031 0.652737 0.660150 0.669364 0.680501 0.693715 0.709194 0.727172 0.747933 0.771829 0.799291 0.830855 0.867190 0.879333 0.829861 0.787455 0.750894 0.719233 0.691733 0.667808 0.646989 0.628898 0.613228 0.599730 0.588200 0.578472 0.570413 0.563915 0.558895 0.555289 0.555808 0.565309 0.576553 0.589704 0.604959 0.622565 0.642820 0.666097 0.692855 0.704844 0.674499 0.648155 0.625241 0.605301 0.587966 0.572938 0.559974 0.548877 0.539486 0.531670 0.525325 0.520368 0.516737 0.514387 0.513290 0.513431 0.514813 0.517452 0.521381 0.526649 0.542097 0.562678 0.586352 0.613648 0.645241 0.681995 0.725041 0.775883 0.836560 0.909910 1.000000 0.989797 0.922194 0.865187 0.816670 0.775073 0.739203 0.708137 0.681151 0.657673 0.637243 0.619492 0.604119 0.590880 0.579574 0.570041 0.562148 0.555817 0.550965 0.547504 0.545393 0.544605 0.545130 0.546975 0.550163 0.554733 0.560741 0.568265 0.577403 0.588280 0.601051 0.615905 0.633076 0.652850 0.675579 0.701699 0.694031 0.674766 0.658084 0.643720 0.631459 0.621124 0.612574 0.605696 0.600401 0.596622 0.594314 0.593447 0.594012 0.596016 0.599482 3346.000000 1.264254 0.706366
0.547504 0.545393 0.544605 0.545130 0.546975 0.550163 0.554733 0.560741 0.568265 0.577403 0.588280 0.601051 0.615905 0.633076 0.652850 0.675579 0.701699 0.694031 0.674766 0.658084 0.643720 0.631459 0.621124 0.612574 0.605696 0.600401 0.596622 0.594314 0.593447 0.594012 0.596016 0.599482 0.604453 0.610991 0.619181 0.629129 0.639538 0.640471 0.642959 0.647031 0.652737 0.660150 0.669364 0.680501 0.693715 0.709194 0.727172 0.747933 0.771829 0.799291 0.830855 0.867190 0.879333 0.829861 0.787455 0.750894 0.719233 0.691733 0.667808 0.646989 0.628898 0.613228 0.599730 0.588200 0.578472 0.570413 0.563915 0.558895 0.555289 0.555808 0.565309 0.576553 0.589704 0.604959 0.622565 0.642820 0.666097 0.692855 0.704844 0.674499 0.648155 0.625241 0.605301 0.587966 0.572938 0.559974 0.548877 0.539486 0.531670 0.525325 0.520368 0.516737 0.514387 0.513290 0.513431 0.514813 0.517452 0.521381 0.526649 0.542097 0.562678 0.586352 0.613648 0.645241 0.681995 0.725041 0.775883 0.836560 0.909910 1.000000 0.989797 0.922194 0.865187 0.816670 0.775073 0.739203 0.708137 0.681151 0.657673 0.637243 0.619492 0.604119 0.590880 0.579574 0.570041 0.562148 0.555817 0.550965 3346.000000 1.264254 0.706366
0.517452 0.521381 0.526649 0.542097 0.562678 0.586352 0.613648 0.645241 0.681995 0.725041 0.775883 0.836560 0.909910 1.000000 0.989797 0.922194 0.865187 0.816670 0.775073 0.739203 0.708137 0.681151 0.657673 0.637243 0.619492 0.604119 0.590880 0.579574 0.570041 0.562148 0.555817 0.550965 0.547504 0.545393 0.544605 0.545130 0.546975 0.550163 0.554733 0.560741 0.568265 0.577403 0.588280 0.601051 0.615905 0.633076 0.652850 0.675579 0.701699 0.694031 0.674766 0.658084 0.643720 0.631459 0.621124 0.612574 0.605696 0.600401 0.596622 0.594314 0.593447 0.594012 0.596016 0.599482 0.604453 0.610991 0.619181 0.629129 0.639538 0.640471 0.642959 0.647031 0.652737 0.660150 0.669364 0.680501 0.693715 0.709194 0.727172 0.747933 0.771829 0.799291 0.830855 0.867190 0.879333 0.829861 0.787455 0.750894 0.719233 0.691733 0.667808 0.646989 0.628898 0.613228 0.599730 0.588200 0.578472 0.570413 0.563915 0.558895 0.555289 0.555808 0.565309 0.576553 0.589704 0.604959 0.622565 0.642820 0.666097 0.692855 0.704844 0.674499 0.648155 0.625241 0.605301 0.587966 0.572938 0.559974 0.548877 0.539486 0.531670 0.525325 0.520368 0.516737 0.514387 0.513290 0.513431 0.514813 3346.000000 1.264254 0.706366
0.576115 0.568040 0.561521 0.556476 0.552841 0.550571 0.549638 0.550031 0.551754 0.554830 0.559295 0.565205 0.572635 0.581684 0.592473 0.605155 0.619918 0.636993 0.656662 0.679272 0.705255 0.735146 0.769619 0.809530 0.855983 0.910417 0.974753 1.000000 0.929839 0.870838 0.820737 0.777859 0.740936 0.708989 0.681257 0.657136 0.636145 0.617896 0.602075 0.588426 0.576740 0.566849 0.558614 0.551926 0.546698 0.542863 0.540374 0.539201 0.539330 0.540762 0.543514 0.547621 0.553132 0.560119 0.568672 0.578907 0.590966 0.605027 0.621307 0.640072 0.661650 0.686444 0.714958 0.747824 0.785841 0.798441 0.764237 0.734541 0.708709 0.686230 0.666689 0.649753 0.635148 0.622652 0.612084 0.603299 0.596178 0.590629 0.586582 0.583989 0.582815 0.583049 0.584691 0.587763 0.592302 0.598364 0.606027 0.615390 0.626580 0.639755 0.655107 0.672875 0.693351 0.716894 0.743946 0.775061 0.810931 0.852436 0.900705 0.957214 0.901563 0.851760 0.809018 0.772132 0.740169 0.712394 0.688227 0.667200 0.648937 0.633132 0.619535 0.607944 0.598193 0.590149 0.583706 0.578782 0.575315 0.573261 0.572597 0.573314 0.575421 0.578943 0.583924 0.590426 0.598532 0.608351 0.597395 0.585856 1453.000000 1.319050 0.715958
0.810931 0.852436 0.900705 0.957214 0.901563 0.851760 0.809018 0.772132 0.740169 0.712394 0.688227 0.667200 0.648937 0.633132 0.619535 0.607944 0.598193 0.590149 0.583706 0.578782 0.575315 0.573261 0.572597 0.573314 0.575421 0.578943 0.583924 0.590426 0.598532 0.608351 0.597395 0.585856 0.576115 0.568040 0.561521 0.556476 0.552841 0.550571 0.549638 0.550031 0.551754 0.554830 0.559295 0.565205 0.572635 0.581684 0.592473 0.605155 0.619918 0.636993 0.656662 0.679272 0.705255 0.735146 0.769619 0.809530 0.855983 0.910417 0.974753 1.000000 0.929839 0.870838 0.820737 0.777859 0.740936 0.708989 0.681257 0.657136 0.636145 0.617896 0.602075 0.588426 0.576740 0.566849 0.558614 0.551926 0.546698 0.542863 0.540374 0.539201 0.539330 0.540762 0.543514 0.547621 0.553132 0.560119 0.568672 0.578907 0.590966 0.605027 0.621307 0.640072 0.661650 0.686444 0.714958 0.747824 0.785841 0.798441 0.764237 0.734541 0.708709 0.686230 0.666689 0.649753 0.635148 0.622652 0.612084 0.603299 0.596178 0.590629 0.586582 0.583989 0.582815 0.583049 0.584691 0.587763 0.592302 0.598364 0.606027 0.615390 0.626580 0.639755 0.655107 0.672875 0.693351 0.716894 0.743946 0.775061 1453.000000 1.319050 0.715958
0.785841 0.798441 0.764237 0.734541 0.708709 0.686230 0.666689 0.649753 0.635148 0.622652 0.612084 0.603299 0.596178 0.590629 0.586582 0.583989 0.582815 0.583049 0.584691 0.587763 0.592302 0.598364 0.606027 0.615390 0.626580 0.639755 0.655107 0.672875 0.693351 0.716894 0.743946 0.775061 0.810931 0.852436 0.900705 0.957214 0.901563 0.851760 0.809018 0.772132 0.740169 0.712394 0.688227 0.667200 0.648937 0.633132 0.619535 0.607944 0.598193 0.590149 0.583706 0.578782 0.575315 0.573261 0.572597 0.573314 0.575421 0.578943 0.583924 0.590426 0.598532 0.608351 0.597395 0.585856 0.576115 0.568040 0.561521 0.556476 0.552841 0.550571 0.549638 0.550031 0.551754 0.554830 0.559295 0.565205 0.572635 0.581684 0.592473 0.605155 0.619918 0.636993 0.656662 0.679272 0.705255 0.735146 0.769619 0.809530 0.855983 0.910417 0.974753 1.000000 0.929839 0.870838 0.820737 0.777859 0.740936 0.708989 0.681257 0.657136 0.636145 0.617896 0.602075 0.588426 0.576740 0.566849 0.558614 0.551926 0.546698 0.542863 0.540374 0.539201 0.539330 0.540762 0.543514 0.547621 0.553132 0.560119 0.568672 0.578907 0.590966 0.605027 0.621307 0.640072 0.661650 0.686444 0.714958 0.747824 1453.000000 1.319050 0.715958
0.740936 0.708989 0.681257 0.657136 0.636145 0.617896 0.602075 0.588426 0.576740 0.566849 0.558614 0.551926 0.546698 0.542863 0.540374 0.539201 0.539330 0.540762 0.543514 0.547621 0.553132 0.560119 0.568672 0.578907 0.590966 0.605027 0.621307 0.640072 0.661650 0.686444 0.714958 0.747824 0.785841 0.798441 0.764237 0.734541 0.708709 0.686230 0.666689 0.649753 0.635148 0.622652 0.612084 0.603299 0.596178 0.590629 0.586582 0.583989 0.582815 0.583049 0.584691 0.587763 0.592302 0.598364 0.606027 0.615390 0.626580 0.639755 0.655107 0.672875 0.693351 0.716894 0.743946 0.775061 0.810931 0.852436 0.900705 0.957214 0.901563 0.851760 0.809018 0.772132 0.740169 0.712394 0.688227 0.667200 0.648937 0.633132 0.619535 0.607944 0.598193 0.590149 0.583706 0.578782 0.575315 0.573261 0.572597 0.573314 0.575421 0.578943 0.583924 0.590426 0.598532 0.608351 0.597395 0.585856 0.576115 0.568040 0.561521 0.556476 0.552841 0.550571 0.549638 0.550031 0.551754 0.554830 0.559295 0.565205 0.572635 0.581684 0.592473 0.605155 0.619918 0.636993 0.656662 0.679272 0.705255 0.735146 0.769619 0.809530 0.855983 0.910417 0.974753 1.000000 0.929839 0.870838 0.820737 0.777859 1453.000000 1.319050 0.715958
0.602247 0.568946 0.540369 0.515708 0.494339 0.475771 0.459614 0.445557 0.433347 0.422780 0.413689 0.405938 0.399416 0.394036 0.389724 0.386427 0.384102 0.382722 0.382270 0.382739 0.384136 0.386478 0.389793 0.394124 0.399525 0.406068 0.413842 0.422959 0.433555 0.445796 0.459889 0.476087 0.494702 0.516127 0.540853 0.569509 0.602904 0.642103 0.688529 0.744123 0.811610 0.894930 1.000000 0.962383 0.879754 0.811994 0.755616 0.708153 0.667814 0.633267 0.603501 0.577736 0.555365 0.535904 0.518969 0.504249 0.491493 0.480495 0.471088 0.463137 0.456532 0.451184 0.447024 0.444000 0.442075 0.441224 0.441438 0.442720 0.445084 0.448560 0.453192 0.459037 0.466173 0.474696 0.484725 0.496410 0.509930 0.525509 0.543420 0.564003 0.587677 0.614972 0.646559 0.683302 0.726328 0.768822 0.728972 0.694641 0.664928 0.639129 0.616687 0.597158 0.580183 0.565470 0.552785 0.541932 0.532757 0.525130 0.518952 0.514142 0.510639 0.508399 0.507397 0.507618 0.509067 0.511761 0.515732 0.521031 0.527724 0.535899 0.545666 0.557163 0.570560 0.586063 0.603928 0.624467 0.648070 0.675217 0.706514 0.742730 0.784852 0.834170 0.892395 0.893237 0.810251 0.743011 0.687606 0.641329 14964.000000 1.399770 0.579562
0.532757 0.525130 0.518952 0.514142 0.510639 0.508399 0.507397 0.507618 0.509067 0.511761 0.515732 0.521031 0.527724 0.535899 0.545666 0.557163 0.570560 0.586063 0.603928 0.624467 0.648070 0.675217 0.706514 0.742730 0.784852 0.834170 0.892395 0.893237 0.810251 0.743011 0.687606 0.641329 0.602247 0.568946 0.540369 0.515708 0.494339 0.475771 0.459614 0.445557 0.433347 0.422780 0.413689 0.405938 0.399416 0.394036 0.389724 0.386427 0.384102 0.382722 0.382270 0.382739 0.384136 0.386478 0.389793 0.394124 0.399525 0.406068 0.413842 0.422959 0.433555 0.445796 0.459889 0.476087 0.494702 0.516127 0.540853 0.569509 0.602904 0.642103 0.688529 0.744123 0.811610 0.894930 1.000000 0.962383 0.879754 0.811994 0.755616 0.708153 0.667814 0.633267 0.603501 0.577736 0.555365 0.535904 0.518969 0.504249 0.491493 0.480495 0.471088 0.463137 0.456532 0.451184 0.447024 0.444000 0.442075 0.441224 0.441438 0.442720 0.445084 0.448560 0.453192 0.459037 0.466173 0.474696 0.484725 0.496410 0.509930 0.525509 0.543420 0.564003 0.587677 0.614972 0.646559 0.683302 0.726328 0.768822 0.728972 0.694641 0.664928 0.639129 0.616687 0.597158 0.580183 0.565470 0.552785 0.541932 14964.000000 1.399770 0.579562
0.442075 0.441224 0.441438 0.442720 0.445084 0.448560 0.453192 0.459037 0.466173 0.474696 0.484725 0.496410 0.509930 0.525509 0.543420 0.564003 0.587677 0.614972 0.646559 0.683302 0.726328 0.768822 0.728972 0.694641 0.664928 0.639129 0.616687 0.597158 0.580183 0.565470 0.552785 0.541932 0.532757 0.525130 0.518952 0.514142 0.510639 0.508399 0.507397 0.507618 0.509067 0.511761 0.515732 0.521031 0.527724 0.535899 0.545666 0.557163 0.570560 0.586063 0.603928 0.624467 0.648070 0.675217 0.706514 0.742730 0.784852 0.834170 0.892395 0.893237 0.810251 0.743011 0.687606 0.641329 0.602247 0.568946 0.540369 0.515708 0.494339 0.475771 0.459614 0.445557 0.433347 0.422780 0.413689 0.405938 0.399416 0.394036 0.389724 0.386427 0.384102 0.382722 0.382270 0.382739 0.384136 0.386478 0.389793 0.394124 0.399525 0.406068 0.413842 0.422959 0.433555 0.445796 0.459889 0.476087 0.494702 0.516127 0.540853 0.569509 0.602904 0.642103 0.688529 0.744123 0.811610 0.894930 1.000000 0.962383 0.879754 0.811994 0.755616 0.708153 0.667814 0.633267 0.603501 0.577736 0.555365 0.535904 0.518969 0.504249 0.491493 0.480495 0.471088 0.463137 0.456532 0.451184 0.447024 0.444000 14964.000000 1.399770 0.579562
0.494702 0.516127 0.540853 0.569509 0.602904 0.642103 0.688529 0.744123 0.811610 0.894930 1.000000 0.962383 0.879754 0.811994 0.755616 0.708153 0.667814 0.633267 0.603501 0.577736 0.555365 0.535904 0.518969 0.504249 0.491493 0.480495 0.471088 0.463137 0.456532 0.451184 0.447024 0.444000 0.442075 0.441224 0.441438 0.442720 0.445084 0.448560 0.453192 0.459037 0.466173 0.474696 0.484725 0.496410 0.509930 0.525509 0.543420 0.564003 0.587677 0.614972 0.646559 0.683302 0.726328 0.768822 0.728972 0.694641 0.664928 0.639129 0.616687 0.597158 0.580183 0.565470 0.552785 0.541932 0.532757 0.525130 0.518952 0.514142 0.510639 0.508399 0.507397 0.507618 0.509067 0.511761 0.515732 0.521031 0.527724 0.535899 0.545666 0.557163 0.570560 0.586063 0.603928 0.624467 0.648070 0.675217 0.706514 0.742730 0.784852 0.834170 0.892395 0.893237 0.810251 0.743011 0.687606 0.641329 0.602247 0.568946 0.540369 0.515708 0.494339 0.475771 0.459614 0.445557 0.433347 0.422780 0.413689 0.405938 0.399416 0.394036 0.389724 0.386427 0.384102 0.382722 0.382270 0.382739 0.384136 0.386478 0.389793 0.394124 0.399525 0.406068 0.413842 0.422959 0.433555 0.445796 0.459889 0.476087 14964.000000 1.399770 0.579562
0.619810 0.619109 0.620424 0.624936 0.631045 0.638829 0.648389 0.659853 0.673382 0.689172 0.707465 0.728559 0.752819 0.780696 0.812750 0.849684 0.892386 0.941997 1.000000 0.971796 0.915761 0.867813 0.826529 0.790812 0.759809 0.732845 0.709378 0.688977 0.671288 0.656025 0.642956 0.631890 0.622672 0.615181 0.609318 0.605010 0.602203 0.600474 0.597212 0.595411 0.595050 0.596124 0.598648 0.602651 0.608182 0.615313 0.624134 0.634763 0.647347 0.662067 0.664008 0.664554 0.666708 0.670497 0.675967 0.683186 0.692247 0.703268 0.716400 0.731828 0.749781 0.770540 0.794450 0.821935 0.853519 0.858789 0.846040 0.835647 0.827476 0.821423 0.817413 0.815396 0.815349 0.817271 0.821184 0.827138 0.835205 0.845488 0.858121 0.839590 0.794086 0.754987 0.721213 0.691927 0.666469 0.644315 0.625044 0.608316 0.593853 0.581429 0.576996 0.574023 0.572452 0.572265 0.573459 0.576049 0.580066 0.585560 0.592600 0.601278 0.611710 0.624039 0.638446 0.655149 0.674418 0.696583 0.722054 0.751337 0.785067 0.824046 0.869302 0.922167 0.920371 0.874237 0.834422 0.799919 0.769937 0.743848 0.721150 0.701436 0.684376 0.669701 0.657193 0.646672 0.637996 0.631049 0.625744 0.622012 5185.000000 1.151946 0.761296
0.580066 0.585560 0.592600 0.601278 0.611710 0.624039 0.638446 0.655149 0.674418 0.696583 0.722054 0.751337 0.785067 0.824046 0.869302 0.922167 0.920371 0.874237 0.834422 0.799919 0.769937 0.743848 0.721150 0.701436 0.684376 0.669701 0.657193 0.646672 0.637996 0.631049 0.625744 0.622012 0.619810 0.619109 0.620424 0.624936 0.631045 0.638829 0.648389 0.659853 0.673382 0.689172 0.707465 0.728559 0.752819 0.780696 0.812750 0.849684 0.892386 0.941997 1.000000 0.971796 0.915761 0.867813 0.826529 0.790812 0.759809 0.732845 0.709378 0.688977 0.671288 0.656025 0.642956 0.631890 0.622672 0.615181 0.609318 0.605010 0.602203 0.600474 0.597212 0.595411 0.595050 0.596124 0.598648 0.602651 0.608182 0.615313 0.624134 0.634763 0.647347 0.662067 0.664008 0.664554 0.666708 0.670497 0.675967 0.683186 0.692247 0.703268 0.716400 0.731828 0.749781 0.770540 0.794450 0.821935 0.853519 0.858789 0.846040 0.835647 0.827476 0.821423 0.817413 0.815396 0.815349 0.817271 0.821184 0.827138 0.835205 0.845488 0.858121 0.839590 0.794086 0.754987 0.721213 0.691927 0.666469 0.644315 0.625044 0.608316 0.593853 0.581429 0.576996 0.574023 0.572452 0.572265 0.573459 0.576049 5185.000000 1.151946 0.761296
0.853519 0.858789 0.846040 0.835647 0.827476 0.821423 0.817413 0.815396 0.815349 0.817271 0.821184 0.827138 0.835205 0.845488 0.858121 0.839590 0.794086 0.754987 0.721213 0.691927 0.666469 0.644315 0.625044 0.608316 0.593853 0.581429 0.576996 0.574023 0.572452 0.572265 0.573459 0.576049 0.580066 0.585560 0.592600 0.601278 0.611710 0.624039 0.638446 0.655149 0.674418 0.696583 0.722054 0.751337 0.785067 0.824046 0.869302 0.922167 0.920371 0.874237 0.834422 0.799919 0.769937 0.743848 0.721150 0.701436 0.684376 0.669701 0.657193 0.646672 0.637996 0.631049 0.625744 0.622012 0.619810 0.619109 0.620424 0.624936 0.631045 0.638829 0.648389 0.659853 0.673382 0.689172 0.707465 0.728559 0.752819 0.780696 0.812750 0.849684 0.892386 0.941997 1.000000 0.971796 0.915761 0.867813 0.826529 0.790812 0.759809 0.732845 0.709378 0.688977 0.671288 0.656025 0.642956 0.631890 0.622672 0.615181 0.609318 0.605010 0.602203 0.600474 0.597212 0.595411 0.595050 0.596124 0.598648 0.602651 0.608182 0.615313 0.624134 0.634763 0.647347 0.662067 0.664008 0.664554 0.666708 0.670497 0.675967 0.683186 0.692247 0.703268 0.716400 0.731828 0.749781 0.770540 0.794450 0.821935 5185.000000 1.151946 0.761296
0.622672 0.615181 0.609318 0.605010 0.602203 0.600474 0.597212 0.595411 0.595050 0.596124 0.598648 0.602651 0.608182 0.615313 0.624134 0.634763 0.647347 0.662067 0.664008 0.664554 0.666708 0.670497 0.675967 0.683186 0.692247 0.703268 0.716400 0.731828 0.749781 0.770540 0.794450 0.821935 0.853519 0.858789 0.846040 0.835647 0.827476 0.821423 0.817413 0.815396 0.815349 0.817271 0.821184 0.827138 0.835205 0.845488 0.858121 0.839590 0.794086 0.754987 0.721213 0.691927 0.666469 0.644315 0.625044 0.608316 0.593853 0.581429 0.576996 0.574023 0.572452 0.572265 0.573459 0.576049 0.580066 0.585560 0.592600 0.601278 0.611710 0.624039 0.638446 0.655149 0.674418 0.696583 0.722054 0.751337 0.785067 0.824046 0.869302 0.922167 0.920371 0.874237 0.834422 0.799919 0.769937 0.743848 0.721150 0.701436 0.684376 0.669701 0.657193 0.646672 0.637996 0.631049 0.625744 0.622012 0.619810 0.619109 0.620424 0.624936 0.631045 0.638829 0.648389 0.659853 0.673382 0.689172 0.707465 0.728559 0.752819 0.780696 0.812750 0.849684 0.892386 0.941997 1.000000 0.971796 0.915761 0.867813 0.826529 0.790812 0.759809 0.732845 0.709378 0.688977 0.671288 0.656025 0.642956 0.631890 5185.000000 1.151946 0.761296
0.805791 0.823887 0.844896 0.842319 0.823125 0.806687 0.792765 0.781165 0.771732 0.764343 0.758906 0.755352 0.753639 0.753745 0.755672 0.759443 0.765104 0.772726 0.782405 0.794267 0.808473 0.825219 0.844753 0.861653 0.837935 0.817404 0.799736 0.784666 0.771978 0.761500 0.753092 0.746647 0.742084 0.739347 0.738402 0.739239 0.741866 0.746317 0.752645 0.760930 0.771279 0.761991 0.748775 0.737756 0.728788 0.721753 0.716562 0.713151 0.711478 0.711523 0.713287 0.716790 0.722076 0.729211 0.738284 0.749414 0.762751 0.778480 0.796831 0.818088 0.842594 0.870777 0.903162 0.940401 0.983314 1.000000 0.952450 0.911312 0.875603 0.844544 0.817516 0.794017 0.773644 0.756065 0.741013 0.728269 0.717656 0.709031 0.702282 0.697325 0.694098 0.692562 0.692697 0.694505 0.698010 0.703252 0.710298 0.719237 0.730185 0.743290 0.746213 0.739762 0.735178 0.732404 0.731405 0.732172 0.734711 0.739055 0.745257 0.753394 0.763570 0.775920 0.790612 0.807855 0.827906 0.851080 0.877764 0.908434 0.888075 0.861331 0.838112 0.818030 0.800772 0.786082 0.773752 0.763613 0.755534 0.749410 0.745166 0.742748 0.742128 0.743299 0.746273 0.751089 0.757804 0.766504 0.777300 0.790336 1657.000000 1.006349 0.869701
0.734711 0.739055 0.745257 0.753394 0.763570 0.775920 0.790612 0.807855 0.827906 0.851080 0.877764 0.908434 0.888075 0.861331 0.838112 0.818030 0.800772 0.786082 0.773752 0.763613 0.755534 0.749410 0.745166 0.742748 0.742128 0.743299 0.746273 0.751089 0.757804 0.766504 0.777300 0.790336 0.805791 0.823887 0.844896 0.842319 0.823125 0.806687 0.792765 0.781165 0.771732 0.764343 0.758906 0.755352 0.753639 0.753745 0.755672 0.759443 0.765104 0.772726 0.782405 0.794267 0.808473 0.825219 0.844753 0.861653 0.837935 0.817404 0.799736 0.784666 0.771978 0.761500 0.753092 0.746647 0.742084 0.739347 0.738402 0.739239 0.741866 0.746317 0.752645 0.760930 0.771279 0.761991 0.748775 0.737756 0.728788 0.721753 0.716562 0.713151 0.711478 0.711523 0.713287 0.716790 0.722076 0.729211 0.738284 0.749414 0.762751 0.778480 0.796831 0.818088 0.842594 0.870777 0.903162 0.940401 0.983314 1.000000 0.952450 0.911312 0.875603 0.844544 0.817516 0.794017 0.773644 0.756065 0.741013 0.728269 0.717656 0.709031 0.702282 0.697325 0.694098 0.692562 0.692697 0.694505 0.698010 0.703252 0.710298 0.719237 0.730185 0.743290 0.746213 0.739762 0.735178 0.732404 0.731405 0.732172 1657.000000 1.006349 0.869701
0.983314 1.000000 0.952450 0.911312 0.875603 0.844544 0.817516 0.794017 0.773644 0.756065 0.741013 0.728269 0.717656 0.709031 0.702282 0.697325 0.694098 0.692562 0.692697 0.694505 0.698010 0.703252 0.710298 0.719237 0.730185 0.743290 0.746213 0.739762 0.735178 0.732404 0.731405 0.732172 0.734711 0.739055 0.745257 0.753394 0.763570 0.775920 0.790612 0.807855 0.827906 0.851080 0.877764 0.908434 0.888075 0.861331 0.838112 0.818030 0.800772 0.786082 0.773752 0.763613 0.755534 0.749410 0.745166 0.742748 0.742128 0.743299 0.746273 0.751089 0.757804 0.766504 0.777300 0.790336 0.805791 0.823887 0.844896 0.842319 0.823125 0.806687 0.792765 0.781165 0.771732 0.764343 0.758906 0.755352 0.753639 0.753745 0.755672 0.759443 0.765104 0.772726 0.782405 0.794267 0.808473 0.825219 0.844753 0.861653 0.837935 0.817404 0.799736 0.784666 0.771978 0.761500 0.753092 0.746647 0.742084 0.739347 0.738402 0.739239 0.741866 0.746317 0.752645 0.760930 0.771279 0.761991 0.748775 0.737756 0.728788 0.721753 0.716562 0.713151 0.711478 0.711523 0.713287 0.716790 0.722076 0.729211 0.738284 0.749414 0.762751 0.778480 0.796831 0.818088 0.842594 0.870777 0.903162 0.940401 1657.000000 1.006349 0.869701
0.742084 0.739347 0.738402 0.739239 0.741866 0.746317 0.752645 0.760930 0.771279 0.761991 0.748775 0.737756 0.728788 0.721753 0.716562 0.713151 0.711478 0.711523 0.713287 0.716790 0.722076 0.729211 0.738284 0.749414 0.762751 0.778480 0.796831 0.818088 0.842594 0.870777 0.903162 0.940401 0.983314 1.000000 0.952450 0.911312 0.875603 0.844544 0.817516 0.794017 0.773644 0.756065 0.741013 0.728269 0.717656 0.709031 0.702282 0.697325 0.694098 0.692562 0.692697 0.694505 0.698010 0.703252 0.710298 0.719237 0.730185 0.743290 0.746213 0.739762 0.735178 0.732404 0.731405 0.732172 0.734711 0.739055 0.745257 0.753394 0.763570 0.775920 0.790612 0.807855 0.827906 0.851080 0.877764 0.908434 0.888075 0.861331 0.838112 0.818030 0.800772 0.786082 0.773752 0.763613 0.755534 0.749410 0.745166 0.742748 0.742128 0.743299 0.746273 0.751089 0.757804 0.766504 0.777300 0.790336 0.805791 0.823887 0.844896 0.842319 0.823125 0.806687 0.792765 0.781165 0.771732 0.764343 0.758906 0.755352 0.753639 0.753745 0.755672 0.759443 0.765104 0.772726 0.782405 0.794267 0.808473 0.825219 0.844753 0.861653 0.837935 0.817404 0.799736 0.784666 0.771978 0.761500 0.753092 0.746647 1657.000000 1.006349 0.869701
0.569131 0.561930 0.556232 0.551965 0.549076 0.547529 0.547305 0.548402 0.550834 0.554629 0.559834 0.566517 0.574761 0.584679 0.596407 0.610115 0.626012 0.644353 0.649456 0.649841 0.651797 0.655349 0.660539 0.667434 0.676119 0.686710 0.699350 0.714217 0.731529 0.751558 0.774633 0.801161 0.816860 0.783866 0.755184 0.730223 0.708511 0.689667 0.673380 0.659396 0.647509 0.637552 0.629390 0.622916 0.618047 0.614724 0.612904 0.612567 0.613707 0.616340 0.620497 0.626228 0.633608 0.642730 0.653717 0.666719 0.681926 0.699567 0.719926 0.724521 0.707454 0.692804 0.680353 0.669928 0.661386 0.654617 0.649534 0.646073 0.644193 0.643871 0.645102 0.647902 0.652304 0.658364 0.666157 0.675784 0.687374 0.701087 0.717121 0.735719 0.736970 0.697861 0.664213 0.635121 0.609877 0.587926 0.568823 0.552210 0.537799 0.525355 0.514685 0.505634 0.498075 0.491907 0.487048 0.483438 0.481031 0.492480 0.514026 0.538901 0.567743 0.601378 0.640890 0.687733 0.743897 0.812180 0.896644 1.000000 0.940505 0.889716 0.846064 0.808352 0.775647 0.747216 0.722474 0.700953 0.682273 0.666126 0.652260 0.640472 0.630594 0.622493 0.616063 0.611222 0.607909 0.600822 0.588444 0.577929 764.000000 1.189254 0.743281
0.481031 0.492480 0.514026 0.538901 0.567743 0.601378 0.640890 0.687733 0.743897 0.812180 0.896644 1.000000 0.940505 0.889716 0.846064 0.808352 0.775647 0.747216 0.722474 0.700953 0.682273 0.666126 0.652260 0.640472 0.630594 0.622493 0.616063 0.611222 0.607909 0.600822 0.588444 0.577929 0.569131 0.561930 0.556232 0.551965 0.549076 0.547529 0.547305 0.548402 0.550834 0.554629 0.559834 0.566517 0.574761 0.584679 0.596407 0.610115 0.626012 0.644353 0.649456 0.649841 0.651797 0.655349 0.660539 0.667434 0.676119 0.686710 0.699350 0.714217 0.731529 0.751558 0.774633 0.801161 0.816860 0.783866 0.755184 0.730223 0.708511 0.689667 0.673380 0.659396 0.647509 0.637552 0.629390 0.622916 0.618047 0.614724 0.612904 0.612567 0.613707 0.616340 0.620497 0.626228 0.633608 0.642730 0.653717 0.666719 0.681926 0.699567 0.719926 0.724521 0.707454 0.692804 0.680353 0.669928 0.661386 0.654617 0.649534 0.646073 0.644193 0.643871 0.645102 0.647902 0.652304 0.658364 0.666157 0.675784 0.687374 0.701087 0.717121 0.735719 0.736970 0.697861 0.664213 0.635121 0.609877 0.587926 0.568823 0.552210 0.537799 0.525355 0.514685 0.505634 0.498075 0.491907 0.487048 0.483438 764.000000 1.189254 0.743281
0.661386 0.654617 0.649534 0.646073 0.644193 0.643871 0.645102 0.647902 0.652304 0.658364 0.666157 0.675784 0.687374 0.701087 0.717121 0.735719 0.736970 0.697861 0.664213 0.635121 0.609877 0.587926 0.568823 0.552210 0.537799 0.525355 0.514685 0.505634 0.498075 0.491907 0.487048 0.483438 0.481031 0.492480 0.514026 0.538901 0.567743 0.601378 0.640890 0.687733 0.743897 0.812180 0.896644 1.000000 0.940505 0.889716 0.846064 0.808352 0.775647 0.747216 0.722474 0.700953 0.682273 0.666126 0.652260 0.640472 0.630594 0.622493 0.616063 0.611222 0.607909 0.600822 0.588444 0.577929 0.569131 0.561930 0.556232 0.551965 0.549076 0.547529 0.547305 0.548402 0.550834 0.554629 0.559834 0.566517 0.574761 0.584679 0.596407 0.610115 0.626012 0.644353 0.649456 0.649841 0.651797 0.655349 0.660539 0.667434 0.676119 0.686710 0.699350 0.714217 0.731529 0.751558 0.774633 0.801161 0.816860 0.783866 0.755184 0.730223 0.708511 0.689667 0.673380 0.659396 0.647509 0.637552 0.629390 0.622916 0.618047 0.614724 0.612904 0.612567 0.613707 0.616340 0.620497 0.626228 0.633608 0.642730 0.653717 0.666719 0.681926 0.699567 0.719926 0.724521 0.707454 0.692804 0.680353 0.669928 764.000000 1.189254 0.743281
0.816860 0.783866 0.755184 0.730223 0.708511 0.689667 0.673380 0.659396 0.647509 0.637552 0.629390 0.622916 0.618047 0.614724 0.612904 0.612567 0.613707 0.616340 0.620497 0.626228 0.633608 0.642730 0.653717 0.666719 0.681926 0.699567 0.719926 0.724521 0.707454 0.692804 0.680353 0.669928 0.661386 0.654617 0.649534 0.646073 0.644193 0.643871 0.645102 0.647902 0.652304 0.658364 0.666157 0.675784 0.687374 0.701087 0.717121 0.735719 0.736970 0.697861 0.664213 0.635121 0.609877 0.587926 0.568823 0.552210 0.537799 0.525355 0.514685 0.505634 0.498075 0.491907 0.487048 0.483438 0.481031 0.492480 0.514026 0.538901 0.567743 0.601378 0.640890 0.687733 0.743897 0.812180 0.896644 1.000000 0.940505 0.889716 0.846064 0.808352 0.775647 0.747216 0.722474 0.700953 0.682273 0.666126 0.652260 0.640472 0.630594 0.622493 0.616063 0.611222 0.607909 0.600822 0.588444 0.577929 0.569131 0.561930 0.556232 0.551965 0.549076 0.547529 0.547305 0.548402 0.550834 0.554629 0.559834 0.566517 0.574761 0.584679 0.596407 0.610115 0.626012 0.644353 0.649456 0.649841 0.651797 0.655349 0.660539 0.667434 0.676119 0.686710 0.699350 0.714217 0.731529 0.751558 0.774633 0.801161 764.000000 1.189254 0.743281
1.000000 0.957012 0.919692 0.887230 0.858981 0.834423 0.813135 0.794773 0.779058 0.765761 0.754698 0.745720 0.738713 0.733587 0.730279 0.728748 0.728976 0.730966 0.734741 0.740349 0.747858 0.757365 0.768993 0.782898 0.799277 0.818370 0.840471 0.856763 0.831158 0.808931 0.789714 0.773209 0.759172 0.747403 0.737744 0.730067 0.724276 0.720297 0.718083 0.717605 0.718859 0.721859 0.726642 0.733267 0.741818 0.752404 0.765167 0.780283 0.797969 0.818493 0.842183 0.869442 0.858706 0.841964 0.827818 0.816072 0.806572 0.799193 0.793843 0.790456 0.788991 0.789429 0.791776 0.796060 0.802335 0.810678 0.821195 0.834024 0.849339 0.867356 0.888340 0.912618 0.940590 0.940124 0.901635 0.868183 0.839073 0.813748 0.791760 0.772740 0.756393 0.742474 0.730788 0.721174 0.713506 0.707686 0.703642 0.701324 0.700704 0.701774 0.704547 0.709057 0.715359 0.723534 0.733685 0.745948 0.760491 0.777522 0.797299 0.820135 0.846418 0.860340 0.835620 0.814187 0.795695 0.779861 0.766456 0.755292 0.746221 0.739125 0.733914 0.730523 0.728912 0.729060 0.730970 0.734664 0.740188 0.747610 0.757024 0.768555 0.782355 0.798620 0.817586 0.839547 0.864862 0.893971 0.927419 0.965886 6978.500000 1.136550 0.853706
0.760491 0.777522 0.797299 0.820135 0.846418 0.860340 0.835620 0.814187 0.795695 0.779861 0.766456 0.755292 0.746221 0.739125 0.733914 0.730523 0.728912 0.729060 0.730970 0.734664 0.740188 0.747610 0.757024 0.768555 0.782355 0.798620 0.817586 0.839547 0.864862 0.893971 0.927419 0.965886 1.000000 0.957012 0.919692 0.887230 0.858981 0.834423 0.813135 0.794773 0.779058 0.765761 0.754698 0.745720 0.738713 0.733587 0.730279 0.728748 0.728976 0.730966 0.734741 0.740349 0.747858 0.757365 0.768993 0.782898 0.799277 0.818370 0.840471 0.856763 0.831158 0.808931 0.789714 0.773209 0.759172 0.747403 0.737744 0.730067 0.724276 0.720297 0.718083 0.717605 0.718859 0.721859 0.726642 0.733267 0.741818 0.752404 0.765167 0.780283 0.797969 0.818493 0.842183 0.869442 0.858706 0.841964 0.827818 0.816072 0.806572 0.799193 0.793843 0.790456 0.788991 0.789429 0.791776 0.796060 0.802335 0.810678 0.821195 0.834024 0.849339 0.867356 0.888340 0.912618 0.940590 0.940124 0.901635 0.868183 0.839073 0.813748 0.791760 0.772740 0.756393 0.742474 0.730788 0.721174 0.713506 0.707686 0.703642 0.701324 0.700704 0.701774 0.704547 0.709057 0.715359 0.723534 0.733685 0.745948 6978.500000 1.136550 0.853706
0.802335 0.810678 0.821195 0.834024 0.849339 0.867356 0.888340 0.912618 0.940590 0.940124 0.901635 0.868183 0.839073 0.813748 0.791760 0.772740 0.756393 0.742474 0.730788 0.721174 0.713506 0.707686 0.703642 0.701324 0.700704 0.701774 0.704547 0.709057 0.715359 0.723534 0.733685 0.745948 0.760491 0.777522 0.797299 0.820135 0.846418 0.860340 0.835620 0.814187 0.795695 0.779861 0.766456 0.755292 0.746221 0.739125 0.733914 0.730523 0.728912 0.729060 0.730970 0.734664 0.740188 0.747610 0.757024 0.768555 0.782355 0.798620 0.817586 0.839547 0.864862 0.893971 0.927419 0.965886 1.000000 0.957012 0.919692 0.887230 0.858981 0.834423 0.813135 0.794773 0.779058 0.765761 0.754698 0.745720 0.738713 0.733587 0.730279 0.728748 0.728976 0.730966 0.734741 0.740349 0.747858 0.757365 0.768993 0.782898 0.799277 0.818370 0.840471 0.856763 0.831158 0.808931 0.789714 0.773209 0.759172 0.747403 0.737744 0.730067 0.724276 0.720297 0.718083 0.717605 0.718859 0.721859 0.726642 0.733267 0.741818 0.752404 0.765167 0.780283 0.797969 0.818493 0.842183 0.869442 0.858706 0.841964 0.827818 0.816072 0.806572 0.799193 0.793843 0.790456 0.788991 0.789429 0.791776 0.796060 6978.500000 1.136550 0.853706
0.759172 0.747403 0.737744 0.730067 0.724276 0.720297 0.718083 0.717605 0.718859 0.721859 0.726642 0.733267 0.741818 0.752404 0.765167 0.780283 0.797969 0.818493 0.842183 0.869442 0.858706 0.841964 0.827818 0.816072 0.806572 0.799193 0.793843 0.790456 0.788991 0.789429 0.791776 0.796060 0.802335 0.810678 0.821195 0.834024 0.849339 0.867356 0.888340 0.912618 0.940590 0.940124 0.901635 0.868183 0.839073 0.813748 0.791760 0.772740 0.756393 0.742474 0.730788 0.721174 0.713506 0.707686 0.703642 0.701324 0.700704 0.701774 0.704547 0.709057 0.715359 0.723534 0.733685 0.745948 0.760491 0.777522 0.797299 0.820135 0.846418 0.860340 0.835620 0.814187 0.795695 0.779861 0.766456 0.755292 0.746221 0.739125 0.733914 0.730523 0.728912 0.729060 0.730970 0.734664 0.740188 0.747610 0.757024 0.768555 0.782355 0.798620 0.817586 0.839547 0.864862 0.893971 0.927419 0.965886 1.000000 0.957012 0.919692 0.887230 0.858981 0.834423 0.813135 0.794773 0.779058 0.765761 0.754698 0.745720 0.738713 0.733587 0.730279 0.728748 0.728976 0.730966 0.734741 0.740349 0.747858 0.757365 0.768993 0.782898 0.799277 0.818370 0.840471 0.856763 0.831158 0.808931 0.789714 0.773209 6978.500000 1.136550 0.853706
0.782592 0.761328 0.742932 0.727115 0.713640 0.702317 0.692990 0.685539 0.679866 0.675901 0.673595 0.672921 0.673870 0.676454 0.680703 0.686671 0.694433 0.704087 0.715762 0.729619 0.745855 0.764714 0.786495 0.811566 0.840379 0.873495 0.911614 0.955620 0.978361 0.916636 0.864196 0.819298 0.780622 0.747153 0.718094 0.692817 0.670821 0.651700 0.635126 0.620833 0.608604 0.598260 0.589658 0.582685 0.577248 0.573281 0.570733 0.569574 0.569789 0.571382 0.574371 0.578794 0.584704 0.592178 0.601312 0.612231 0.625088 0.640071 0.657413 0.677398 0.700376 0.726780 0.757149 0.792158 0.832664 0.879770 0.934913 1.000000 0.969736 0.920897 0.878758 0.842247 0.810523 0.782920 0.758904 0.738042 0.719984 0.704446 0.691193 0.680039 0.670829 0.663442 0.657784 0.653782 0.651389 0.650576 0.651331 0.653664 0.657605 0.663200 0.670521 0.679660 0.690740 0.703910 0.719360 0.737318 0.758070 0.781961 0.809421 0.840980 0.847897 0.817094 0.790289 0.766975 0.746744 0.729266 0.714268 0.701530 0.690874 0.682156 0.675262 0.670103 0.666617 0.664760 0.664510 0.665863 0.668837 0.673467 0.679810 0.687947 0.697984 0.710053 0.724323 0.741000 0.760338 0.782648 0.808313 0.807077 14258.000000 1.114475 0.759745
0.758070 0.781961 0.809421 0.840980 0.847897 0.817094 0.790289 0.766975 0.746744 0.729266 0.714268 0.701530 0.690874 0.682156 0.675262 0.670103 0.666617 0.664760 0.664510 0.665863 0.668837 0.673467 0.679810 0.687947 0.697984 0.710053 0.724323 0.741000 0.760338 0.782648 0.808313 0.807077 0.782592 0.761328 0.742932 0.727115 0.713640 0.702317 0.692990 0.685539 0.679866 0.675901 0.673595 0.672921 0.673870 0.676454 0.680703 0.686671 0.694433 0.704087 0.715762 0.729619 0.745855 0.764714 0.786495 0.811566 0.840379 0.873495 0.911614 0.955620 0.978361 0.916636 0.864196 0.819298 0.780622 0.747153 0.718094 0.692817 0.670821 0.651700 0.635126 0.620833 0.608604 0.598260 0.589658 0.582685 0.577248 0.573281 0.570733 0.569574 0.569789 0.571382 0.574371 0.578794 0.584704 0.592178 0.601312 0.612231 0.625088 0.640071 0.657413 0.677398 0.700376 0.726780 0.757149 0.792158 0.832664 0.879770 0.934913 1.000000 0.969736 0.920897 0.878758 0.842247 0.810523 0.782920 0.758904 0.738042 0.719984 0.704446 0.691193 0.680039 0.670829 0.663442 0.657784 0.653782 0.651389 0.650576 0.651331 0.653664 0.657605 0.663200 0.670521 0.679660 0.690740 0.703910 0.719360 0.737318 14258.000000 1.114475 0.759745
0.832664 0.879770 0.934913 1.000000 0.969736 0.920897 0.878758 0.842247 0.810523 0.782920 0.758904 0.738042 0.719984 0.704446 0.691193 0.680039 0.670829 0.663442 0.657784 0.653782 0.651389 0.650576 0.651331 0.653664 0.657605 0.663200 0.670521 0.679660 0.690740 0.703910 0.719360 0.737318 0.758070 0.781961 0.809421 0.840980 0.847897 0.817094 0.790289 0.766975 0.746744 0.729266 0.714268 0.701530 0.690874 0.682156 0.675262 0.670103 0.666617 0.664760 0.664510 0.665863 0.668837 0.673467 0.679810 0.687947 0.697984 0.710053 0.724323 0.741000 0.760338 0.782648 0.808313 0.807077 0.782592 0.761328 0.742932 0.727115 0.713640 0.702317 0.692990 0.685539 0.679866 0.675901 0.673595 0.672921 0.673870 0.676454 0.680703 0.686671 0.694433 0.704087 0.715762 0.729619 0.745855 0.764714 0.786495 0.811566 0.840379 0.873495 0.911614 0.955620 0.978361 0.916636 0.864196 0.819298 0.780622 0.747153 0.718094 0.692817 0.670821 0.651700 0.635126 0.620833 0.608604 0.598260 0.589658 0.582685 0.577248 0.573281 0.570733 0.569574 0.569789 0.571382 0.574371 0.578794 0.584704 0.592178 0.601312 0.612231 0.625088 0.640071 0.657413 0.677398 0.700376 0.726780 0.757149 0.792158 14258.000000 1.114475 0.759745
0.780622 0.747153 0.718094 0.692817 0.670821 0.651700 0.635126 0.620833 0.608604 0.598260 0.589658 0.582685 0.577248 0.573281 0.570733 0.569574 0.569789 0.571382 0.574371 0.578794 0.584704 0.592178 0.601312 0.612231 0.625088 0.640071 0.657413 0.677398 0.700376 0.726780 0.757149 0.792158 0.832664 0.879770 0.934913 1.000000 0.969736 0.920897 0.878758 0.842247 0.810523 0.782920 0.758904 0.738042 0.719984 0.704446 0.691193 0.680039 0.670829 0.663442 0.657784 0.653782 0.651389 0.650576 0.651331 0.653664 0.657605 0.663200 0.670521 0.679660 0.690740 0.703910 0.719360 0.737318 0.758070 0.781961 0.809421 0.840980 0.847897 0.817094 0.790289 0.766975 0.746744 0.729266 0.714268 0.701530 0.690874 0.682156 0.675262 0.670103 0.666617 0.664760 0.664510 0.665863 0.668837 0.673467 0.679810 0.687947 0.697984 0.710053 0.724323 0.741000 0.760338 0.782648 0.808313 0.807077 0.782592 0.761328 0.742932 0.727115 0.713640 0.702317 0.692990 0.685539 0.679866 0.675901 0.673595 0.672921 0.673870 0.676454 0.680703 0.686671 0.694433 0.704087 0.715762 0.729619 0.745855 0.764714 0.786495 0.811566 0.840379 0.873495 0.911614 0.955620 0.978361 0.916636 0.864196 0.819298 14258.000000 1.114475 0.759745
0.834628 0.858915 0.886859 0.911496 0.876238 0.845568 0.818878 0.795680 0.775577 0.758246 0.743425 0.730899 0.720495 0.712075 0.705529 0.700775 0.697755 0.696431 0.696787 0.698829 0.702579 0.708086 0.715416 0.724664 0.735950 0.749428 0.765286 0.783759 0.775010 0.760285 0.747877 0.737617 0.729367 0.723022 0.718503 0.715753 0.714740 0.715451 0.717894 0.722099 0.728119 0.736028 0.745927 0.757948 0.772252 0.789045 0.808575 0.831150 0.857146 0.887026 0.921365 0.960877 1.000000 0.953680 0.913565 0.878720 0.848405 0.822025 0.799104 0.779252 0.762155 0.747554 0.735239 0.725043 0.716828 0.710490 0.705949 0.703149 0.702055 0.702656 0.704956 0.708986 0.714794 0.722452 0.732060 0.743742 0.757657 0.774004 0.793024 0.792331 0.772961 0.756294 0.742080 0.730117 0.720242 0.712323 0.706259 0.701975 0.699417 0.698554 0.699377 0.701894 0.706136 0.712156 0.720030 0.729857 0.741768 0.755926 0.772531 0.791834 0.814137 0.839814 0.869327 0.903245 0.935252 0.901027 0.871243 0.845337 0.822851 0.803417 0.786731 0.772547 0.760665 0.750925 0.743199 0.737389 0.733422 0.731250 0.730846 0.732206 0.735345 0.740303 0.747140 0.755943 0.766824 0.779931 0.795442 0.813583 6306.500000 1.107833 0.845174
0.741768 0.755926 0.772531 0.791834 0.814137 0.839814 0.869327 0.903245 0.935252 0.901027 0.871243 0.845337 0.822851 0.803417 0.786731 0.772547 0.760665 0.750925 0.743199 0.737389 0.733422 0.731250 0.730846 0.732206 0.735345 0.740303 0.747140 0.755943 0.766824 0.779931 0.795442 0.813583 0.834628 0.858915 0.886859 0.911496 0.876238 0.845568 0.818878 0.795680 0.775577 0.758246 0.743425 0.730899 0.720495 0.712075 0.705529 0.700775 0.697755 0.696431 0.696787 0.698829 0.702579 0.708086 0.715416 0.724664 0.735950 0.749428 0.765286 0.783759 0.775010 0.760285 0.747877 0.737617 0.729367 0.723022 0.718503 0.715753 0.714740 0.715451 0.717894 0.722099 0.728119 0.736028 0.745927 0.757948 0.772252 0.789045 0.808575 0.831150 0.857146 0.887026 0.921365 0.960877 1.000000 0.953680 0.913565 0.878720 0.848405 0.822025 0.799104 0.779252 0.762155 0.747554 0.735239 0.725043 0.716828 0.710490 0.705949 0.703149 0.702055 0.702656 0.704956 0.708986 0.714794 0.722452 0.732060 0.743742 0.757657 0.774004 0.793024 0.792331 0.772961 0.756294 0.742080 0.730117 0.720242 0.712323 0.706259 0.701975 0.699417 0.698554 0.699377 0.701894 0.706136 0.712156 0.720030 0.729857 6306.500000 1.107833 0.845174
0.716828 0.710490 0.705949 0.703149 0.702055 0.702656 0.704956 0.708986 0.714794 0.722452 0.732060 0.743742 0.757657 0.774004 0.793024 0.792331 0.772961 0.756294 0.742080 0.730117 0.720242 0.712323 0.706259 0.701975 0.699417 0.698554 0.699377 0.701894 0.706136 0.712156 0.720030 0.729857 0.741768 0.755926 0.772531 0.791834 0.814137 0.839814 0.869327 0.903245 0.935252 0.901027 0.871243 0.845337 0.822851 0.803417 0.786731 0.772547 0.760665 0.750925 0.743199 0.737389 0.733422 0.731250 0.730846 0.732206 0.735345 0.740303 0.747140 0.755943 0.766824 0.779931 0.795442 0.813583 0.834628 0.858915 0.886859 0.911496 0.876238 0.845568 0.818878 0.795680 0.775577 0.758246 0.743425 0.730899 0.720495 0.712075 0.705529 0.700775 0.697755 0.696431 0.696787 0.698829 0.702579 0.708086 0.715416 0.724664 0.735950 0.749428 0.765286 0.783759 0.775010 0.760285 0.747877 0.737617 0.729367 0.723022 0.718503 0.715753 0.714740 0.715451 0.717894 0.722099 0.728119 0.736028 0.745927 0.757948 0.772252 0.789045 0.808575 0.831150 0.857146 0.887026 0.921365 0.960877 1.000000 0.953680 0.913565 0.878720 0.848405 0.822025 0.799104 0.779252 0.762155 0.747554 0.735239 0.725043 6306.500000 1.107833 0.845174
0.729367 0.723022 0.718503 0.715753 0.714740 0.715451 0.717894 0.722099 0.728119 0.736028 0.745927 0.757948 0.772252 0.789045 0.808575 0.831150 0.857146 0.887026 0.921365 0.960877 1.000000 0.953680 0.913565 0.878720 0.848405 0.822025 0.799104 0.779252 0.762155 0.747554 0.735239 0.725043 0.716828 0.710490 0.705949 0.703149 0.702055 0.702656 0.704956 0.708986 0.714794 0.722452 0.732060 0.743742 0.757657 0.774004 0.793024 0.792331 0.772961 0.756294 0.742080 0.730117 0.720242 0.712323 0.706259 0.701975 0.699417 0.698554 0.699377 0.701894 0.706136 0.712156 0.720030 0.729857 0.741768 0.755926 0.772531 0.791834 0.814137 0.839814 0.869327 0.903245 0.935252 0.901027 0.871243 0.845337 0.822851 0.803417 0.786731 0.772547 0.760665 0.750925 0.743199 0.737389 0.733422 0.731250 0.730846 0.732206 0.735345 0.740303 0.747140 0.755943 0.766824 0.779931 0.795442 0.813583 0.834628 0.858915 0.886859 0.911496 0.876238 0.845568 0.818878 0.795680 0.775577 0.758246 0.743425 0.730899 0.720495 0.712075 0.705529 0.700775 0.697755 0.696431 0.696787 0.698829 0.702579 0.708086 0.715416 0.724664 0.735950 0.749428 0.765286 0.783759 0.775010 0.760285 0.747877 0.737617 6306.500000 1.107833 0.845174
0.785728 0.817928 0.855029 0.897921 0.947747 1.000000 0.961993 0.928925 0.900152 0.875152 0.853504 0.834864 0.818952 0.805539 0.794441 0.785512 0.778636 0.773727 0.770725 0.769593 0.770317 0.772906 0.777392 0.783830 0.792300 0.802910 0.799140 0.775532 0.755044 0.737342 0.722151 0.709248 0.698450 0.689613 0.682620 0.677384 0.673838 0.671939 0.671665 0.673011 0.675995 0.680653 0.687041 0.695242 0.705360 0.714246 0.703579 0.694875 0.688021 0.682931 0.679539 0.677807 0.677711 0.679252 0.682448 0.687337 0.693981 0.702464 0.712895 0.725415 0.740197 0.757457 0.760806 0.753875 0.748857 0.745689 0.744334 0.744775 0.747018 0.751088 0.757037 0.764939 0.774893 0.787031 0.801517 0.818556 0.838398 0.861353 0.887798 0.918202 0.953139 0.993328 0.988980 0.939103 0.896071 0.858788 0.826395 0.798210 0.773686 0.752383 0.733942 0.718073 0.704536 0.693139 0.683726 0.676172 0.670381 0.666280 0.663818 0.662965 0.663712 0.666066 0.670058 0.675735 0.683169 0.692455 0.678911 0.665181 0.653538 0.643820 0.635896 0.629663 0.625043 0.621977 0.620429 0.620379 0.621827 0.624790 0.629306 0.635429 0.643237 0.652831 0.664341 0.677927 0.693786 0.712162 0.733352 0.757723 762.500000 1.256424 0.844700
0.670381 0.666280 0.663818 0.662965 0.663712 0.666066 0.670058 0.675735 0.683169 0.692455 0.678911 0.665181 0.653538 0.643820 0.635896 0.629663 0.625043 0.621977 0.620429 0.620379 0.621827 0.624790 0.629306 0.635429 0.643237 0.652831 0.664341 0.677927 0.693786 0.712162 0.733352 0.757723 0.785728 0.817928 0.855029 0.897921 0.947747 1.000000 0.961993 0.928925 0.900152 0.875152 0.853504 0.834864 0.818952 0.805539 0.794441 0.785512 0.778636 0.773727 0.770725 0.769593 0.770317 0.772906 0.777392 0.783830 0.792300 0.802910 0.799140 0.775532 0.755044 0.737342 0.722151 0.709248 0.698450 0.689613 0.682620 0.677384 0.673838 0.671939 0.671665 0.673011 0.675995 0.680653 0.687041 0.695242 0.705360 0.714246 0.703579 0.694875 0.688021 0.682931 0.679539 0.677807 0.677711 0.679252 0.682448 0.687337 0.693981 0.702464 0.712895 0.725415 0.740197 0.757457 0.760806 0.753875 0.748857 0.745689 0.744334 0.744775 0.747018 0.751088 0.757037 0.764939 0.774893 0.787031 0.801517 0.818556 0.838398 0.861353 0.887798 0.918202 0.953139 0.993328 0.988980 0.939103 0.896071 0.858788 0.826395 0.798210 0.773686 0.752383 0.733942 0.718073 0.704536 0.693139 0.683726 0.676172 762.500000 1.256424 0.844700
0.748857 0.745689 0.744334 0.744775 0.747018 0.751088 0.757037 0.764939 0.774893 0.787031 0.801517 0.818556 0.838398 0.861353 0.887798 0.918202 0.953139 0.993328 0.988980 0.939103 0.896071 0.858788 0.826395 0.798210 0.773686 0.752383 0.733942 0.718073 0.704536 0.693139 0.683726 0.676172 0.670381 0.666280 0.663818 0.662965 0.663712 0.666066 0.670058 0.675735 0.683169 0.692455 0.678911 0.665181 0.653538 0.643820 0.635896 0.629663 0.625043 0.621977 0.620429 0.620379 0.621827 0.624790 0.629306 0.635429 0.643237 0.652831 0.664341 0.677927 0.693786 0.712162 0.733352 0.757723 0.785728 0.817928 0.855029 0.897921 0.947747 1.000000 0.961993 0.928925 0.900152 0.875152 0.853504 0.834864 0.818952 0.805539 0.794441 0.785512 0.778636 0.773727 0.770725 0.769593 0.770317 0.772906 0.777392 0.783830 0.792300 0.802910 0.799140 0.775532 0.755044 0.737342 0.722151 0.709248 0.698450 0.689613 0.682620 0.677384 0.673838 0.671939 0.671665 0.673011 0.675995 0.680653 0.687041 0.695242 0.705360 0.714246 0.703579 0.694875 0.688021 0.682931 0.679539 0.677807 0.677711 0.679252 0.682448 0.687337 0.693981 0.702464 0.712895 0.725415 0.740197 0.757457 0.760806 0.753875 762.500000 1.256424 0.844700
0.698450 0.689613 0.682620 0.677384 0.673838 0.671939 0.671665 0.673011 0.675995 0.680653 0.687041 0.695242 0.705360 0.714246 0.703579 0.694875 0.688021 0.682931 0.679539 0.677807 0.677711 0.679252 0.682448 0.687337 0.693981 0.702464 0.712895 0.725415 0.740197 0.757457 0.760806 0.753875 0.748857 0.745689 0.744334 0.744775 0.747018 0.751088 0.757037 0.764939 0.774893 0.787031 0.801517 0.818556 0.838398 0.861353 0.887798 0.918202 0.953139 0.993328 0.988980 0.939103 0.896071 0.858788 0.826395 0.798210 0.773686 0.752383 0.733942 0.718073 0.704536 0.693139 0.683726 0.676172 0.670381 0.666280 0.663818 0.662965 0.663712 0.666066 0.670058 0.675735 0.683169 0.692455 0.678911 0.665181 0.653538 0.643820 0.635896 0.629663 0.625043 0.621977 0.620429 0.620379 0.621827 0.624790 0.629306 0.635429 0.643237 0.652831 0.664341 0.677927 0.693786 0.712162 0.733352 0.757723 0.785728 0.817928 0.855029 0.897921 0.947747 1.000000 0.961993 0.928925 0.900152 0.875152 0.853504 0.834864 0.818952 0.805539 0.794441 0.785512 0.778636 0.773727 0.770725 0.769593 0.770317 0.772906 0.777392 0.783830 0.792300 0.802910 0.799140 0.775532 0.755044 0.737342 0.722151 0.709248 762.500000 1.256424 0.844700
0.953188 0.930913 0.911802 0.895575 0.882002 0.870901 0.862128 0.855570 0.851146 0.848801 0.848509 0.850264 0.854088 0.860028 0.868157 0.878579 0.891427 0.906873 0.925133 0.946470 0.971209 0.970371 0.945191 0.923453 0.904824 0.889031 0.875853 0.865114 0.856674 0.850426 0.846293 0.844223 0.844193 0.846201 0.850271 0.856455 0.864827 0.875495 0.888597 0.904308 0.899464 0.876347 0.856399 0.839317 0.824851 0.812800 0.803003 0.795332 0.789691 0.786010 0.784243 0.784370 0.786391 0.790332 0.796241 0.804190 0.814281 0.824262 0.816319 0.810462 0.806618 0.804739 0.804804 0.806813 0.810789 0.816783 0.824868 0.835146 0.847752 0.862855 0.880666 0.901445 0.925512 0.928141 0.923050 0.920219 0.919614 0.921227 0.925079 0.931216 0.939714 0.950679 0.964254 0.980619 1.000000 0.973859 0.944410 0.918838 0.896717 0.877702 0.861508 0.847907 0.836713 0.827779 0.820991 0.816264 0.813539 0.812784 0.813990 0.817170 0.822365 0.829638 0.839079 0.850812 0.864990 0.881810 0.866224 0.846800 0.830184 0.816136 0.804461 0.795004 0.787642 0.782282 0.778859 0.777329 0.777676 0.779903 0.784036 0.790127 0.798252 0.808514 0.821046 0.836019 0.853643 0.874178 0.897941 0.925323 5610.000000 1.146335 0.915819
0.813539 0.812784 0.813990 0.817170 0.822365 0.829638 0.839079 0.850812 0.864990 0.881810 0.866224 0.846800 0.830184 0.816136 0.804461 0.795004 0.787642 0.782282 0.778859 0.777329 0.777676 0.779903 0.784036 0.790127 0.798252 0.808514 0.821046 0.836019 0.853643 0.874178 0.897941 0.925323 0.953188 0.930913 0.911802 0.895575 0.882002 0.870901 0.862128 0.855570 0.851146 0.848801 0.848509 0.850264 0.854088 0.860028 0.868157 0.878579 0.891427 0.906873 0.925133 0.946470 0.971209 0.970371 0.945191 0.923453 0.904824 0.889031 0.875853 0.865114 0.856674 0.850426 0.846293 0.844223 0.844193 0.846201 0.850271 0.856455 0.864827 0.875495 0.888597 0.904308 0.899464 0.876347 0.856399 0.839317 0.824851 0.812800 0.803003 0.795332 0.789691 0.786010 0.784243 0.784370 0.786391 0.790332 0.796241 0.804190 0.814281 0.824262 0.816319 0.810462 0.806618 0.804739 0.804804 0.806813 0.810789 0.816783 0.824868 0.835146 0.847752 0.862855 0.880666 0.901445 0.925512 0.928141 0.923050 0.920219 0.919614 0.921227 0.925079 0.931216 0.939714 0.950679 0.964254 0.980619 1.000000 0.973859 0.944410 0.918838 0.896717 0.877702 0.861508 0.847907 0.836713 0.827779 0.820991 0.816264 5610.000000 1.146335 0.915819
0.810789 0.816783 0.824868 0.835146 0.847752 0.862855 0.880666 0.901445 0.925512 0.928141 0.923050 0.920219 0.919614 0.921227 0.925079 0.931216 0.939714 0.950679 0.964254 0.980619 1.000000 0.973859 0.944410 0.918838 0.896717 0.877702 0.861508 0.847907 0.836713 0.827779 0.820991 0.816264 0.813539 0.812784 0.813990 0.817170 0.822365 0.829638 0.839079 0.850812 0.864990 0.881810 0.866224 0.846800 0.830184 0.816136 0.804461 0.795004 0.787642 0.782282 0.778859 0.777329 0.777676 0.779903 0.784036 0.790127 0.798252 0.808514 0.821046 0.836019 0.853643 0.874178 0.897941 0.925323 0.953188 0.930913 0.911802 0.895575 0.882002 0.870901 0.862128 0.855570 0.851146 0.848801 0.848509 0.850264 0.854088 0.860028 0.868157 0.878579 0.891427 0.906873 0.925133 0.946470 0.971209 0.970371 0.945191 0.923453 0.904824 0.889031 0.875853 0.865114 0.856674 0.850426 0.846293 0.844223 0.844193 0.846201 0.850271 0.856455 0.864827 0.875495 0.888597 0.904308 0.899464 0.876347 0.856399 0.839317 0.824851 0.812800 0.803003 0.795332 0.789691 0.786010 0.784243 0.784370 0.786391 0.790332 0.796241 0.804190 0.814281 0.824262 0.816319 0.810462 0.806618 0.804739 0.804804 0.806813 5610.000000 1.146335 0.915819
0.844193 0.846201 0.850271 0.856455 0.864827 0.875495 0.888597 0.904308 0.899464 0.876347 0.856399 0.839317 0.824851 0.812800 0.803003 0.795332 0.789691 0.786010 0.784243 0.784370 0.786391 0.790332 0.796241 0.804190 0.814281 0.824262 0.816319 0.810462 0.806618 0.804739 0.804804 0.806813 0.810789 0.816783 0.824868 0.835146 0.847752 0.862855 0.880666 0.901445 0.925512 0.928141 0.923050 0.920219 0.919614 0.921227 0.925079 0.931216 0.939714 0.950679 0.964254 0.980619 1.000000 0.973859 0.944410 0.918838 0.896717 0.877702 0.861508 0.847907 0.836713 0.827779 0.820991 0.816264 0.813539 0.812784 0.813990 0.817170 0.822365 0.829638 0.839079 0.850812 0.864990 0.881810 0.866224 0.846800 0.830184 0.816136 0.804461 0.795004 0.787642 0.782282 0.778859 0.777329 0.777676 0.779903 0.784036 0.790127 0.798252 0.808514 0.821046 0.836019 0.853643 0.874178 0.897941 0.925323 0.953188 0.930913 0.911802 0.895575 0.882002 0.870901 0.862128 0.855570 0.851146 0.848801 0.848509 0.850264 0.854088 0.860028 0.868157 0.878579 0.891427 0.906873 0.925133 0.946470 0.971209 0.970371 0.945191 0.923453 0.904824 0.889031 0.875853 0.865114 0.856674 0.850426 0.846293 0.844223 5610.000000 1.146335 0.915819
0.938854 0.923068 0.881029 0.844598 0.812942 0.785396 0.761430 0.740615 0.722602 0.707108 0.693900 0.682792 0.673631 0.666296 0.660694 0.656755 0.654429 0.653689 0.654526 0.656950 0.660989 0.666695 0.674139 0.683415 0.694648 0.707989 0.723631 0.741807 0.750820 0.738748 0.728785 0.720801 0.714693 0.710385 0.707823 0.706977 0.707836 0.710410 0.714732 0.720854 0.728852 0.738830 0.750919 0.765284 0.782131 0.801711 0.824334 0.850378 0.880312 0.914714 0.954307 1.000000 0.963164 0.916161 0.875543 0.840311 0.809681 0.783026 0.759841 0.739721 0.722334 0.707411 0.694732 0.684118 0.675426 0.668543 0.663381 0.659876 0.657984 0.657682 0.658968 0.661857 0.666383 0.672603 0.680596 0.690464 0.702339 0.716386 0.732808 0.751854 0.773831 0.770636 0.757379 0.746339 0.737367 0.730347 0.725189 0.721831 0.720230 0.720369 0.722247 0.725889 0.731339 0.738664 0.747957 0.759340 0.772965 0.789024 0.807752 0.829437 0.854433 0.859948 0.832608 0.808841 0.788239 0.770471 0.755266 0.742403 0.731704 0.723027 0.716258 0.711312 0.708128 0.706668 0.706913 0.708867 0.712552 0.718015 0.725324 0.734570 0.745876 0.759393 0.775311 0.793864 0.815339 0.840089 0.868546 0.901246 5472.000000 1.116418 0.831454
0.772965 0.789024 0.807752 0.829437 0.854433 0.859948 0.832608 0.808841 0.788239 0.770471 0.755266 0.742403 0.731704 0.723027 0.716258 0.711312 0.708128 0.706668 0.706913 0.708867 0.712552 0.718015 0.725324 0.734570 0.745876 0.759393 0.775311 0.793864 0.815339 0.840089 0.868546 0.901246 0.938854 0.923068 0.881029 0.844598 0.812942 0.785396 0.761430 0.740615 0.722602 0.707108 0.693900 0.682792 0.673631 0.666296 0.660694 0.656755 0.654429 0.653689 0.654526 0.656950 0.660989 0.666695 0.674139 0.683415 0.694648 0.707989 0.723631 0.741807 0.750820 0.738748 0.728785 0.720801 0.714693 0.710385 0.707823 0.706977 0.707836 0.710410 0.714732 0.720854 0.728852 0.738830 0.750919 0.765284 0.782131 0.801711 0.824334 0.850378 0.880312 0.914714 0.954307 1.000000 0.963164 0.916161 0.875543 0.840311 0.809681 0.783026 0.759841 0.739721 0.722334 0.707411 0.694732 0.684118 0.675426 0.668543 0.663381 0.659876 0.657984 0.657682 0.658968 0.661857 0.666383 0.672603 0.680596 0.690464 0.702339 0.716386 0.732808 0.751854 0.773831 0.770636 0.757379 0.746339 0.737367 0.730347 0.725189 0.721831 0.720230 0.720369 0.722247 0.725889 0.731339 0.738664 0.747957 0.759340 5472.000000 1.116418 0.831454
0.675426 0.668543 0.663381 0.659876 0.657984 0.657682 0.658968 0.661857 0.666383 0.672603 0.680596 0.690464 0.702339 0.716386 0.732808 0.751854 0.773831 0.770636 0.757379 0.746339 0.737367 0.730347 0.725189 0.721831 0.720230 0.720369 0.722247 0.725889 0.731339 0.738664 0.747957 0.759340 0.772965 0.789024 0.807752 0.829437 0.854433 0.859948 0.832608 0.808841 0.788239 0.770471 0.755266 0.742403 0.731704 0.723027 0.716258 0.711312 0.708128 0.706668 0.706913 0.708867 0.712552 0.718015 0.725324 0.734570 0.745876 0.759393 0.775311 0.793864 0.815339 0.840089 0.868546 0.901246 0.938854 0.923068 0.881029 0.844598 0.812942 0.785396 0.761430 0.740615 0.722602 0.707108 0.693900 0.682792 0.673631 0.666296 0.660694 0.656755 0.654429 0.653689 0.654526 0.656950 0.660989 0.666695 0.674139 0.683415 0.694648 0.707989 0.723631 0.741807 0.750820 0.738748 0.728785 0.720801 0.714693 0.710385 0.707823 0.706977 0.707836 0.710410 0.714732 0.720854 0.728852 0.738830 0.750919 0.765284 0.782131 0.801711 0.824334 0.850378 0.880312 0.914714 0.954307 1.000000 0.963164 0.916161 0.875543 0.840311 0.809681 0.783026 0.759841 0.739721 0.722334 0.707411 0.694732 0.684118 5472.000000 1.116418 0.831454
0.714693 0.710385 0.707823 0.706977 0.707836 0.710410 0.714732 0.720854 0.728852 0.738830 0.750919 0.765284 0.782131 0.801711 0.824334 0.850378 0.880312 0.914714 0.954307 1.000000 0.963164 0.916161 0.875543 0.840311 0.809681 0.783026 0.759841 0.739721 0.722334 0.707411 0.694732 0.684118 0.675426 0.668543 0.663381 0.659876 0.657984 0.657682 0.658968 0.661857 0.666383 0.672603 0.680596 0.690464 0.702339 0.716386 0.732808 0.751854 0.773831 0.770636 0.757379 0.746339 0.737367 0.730347 0.725189 0.721831 0.720230 0.720369 0.722247 0.725889 0.731339 0.738664 0.747957 0.759340 0.772965 0.789024 0.807752 0.829437 0.854433 0.859948 0.832608 0.808841 0.788239 0.770471 0.755266 0.742403 0.731704 0.723027 0.716258 0.711312 0.708128 0.706668 0.706913 0.708867 0.712552 0.718015 0.725324 0.734570 0.745876 0.759393 0.775311 0.793864 0.815339 0.840089 0.868546 0.901246 0.938854 0.923068 0.881029 0.844598 0.812942 0.785396 0.761430 0.740615 0.722602 0.707108 0.693900 0.682792 0.673631 0.666296 0.660694 0.656755 0.654429 0.653689 0.654526 0.656950 0.660989 0.666695 0.674139 0.683415 0.694648 0.707989 0.723631 0.741807 0.750820 0.738748 0.728785 0.720801 5472.000000 1.116418 0.831454
0.822181 0.807308 0.794845 0.784622 0.776506 0.770393 0.766206 0.763896 0.763433 0.764812 0.768049 0.773185 0.780282 0.789430 0.800747 0.814384 0.830528 0.849414 0.848661 0.847571 0.848525 0.851536 0.856638 0.863896 0.873400 0.885272 0.899669 0.916786 0.936868 0.960215 0.987194 1.000000 0.969004 0.942074 0.918753 0.898672 0.881528 0.867075 0.855116 0.845491 0.838077 0.832781 0.829537 0.828306 0.829073 0.831848 0.836663 0.834481 0.820545 0.808985 0.799645 0.792405 0.787175 0.783889 0.782508 0.783015 0.785416 0.789740 0.796041 0.804396 0.814912 0.827728 0.841830 0.824754 0.810271 0.798178 0.788311 0.780543 0.774775 0.770935 0.768976 0.768875 0.770630 0.774262 0.779817 0.787362 0.796994 0.808837 0.823049 0.839830 0.859423 0.873158 0.863831 0.856743 0.851806 0.848959 0.848168 0.849422 0.852738 0.858155 0.865740 0.875588 0.887827 0.902618 0.920165 0.923540 0.912986 0.904827 0.898958 0.895308 0.893832 0.894513 0.897358 0.902402 0.909706 0.919364 0.931496 0.919140 0.890963 0.866489 0.845304 0.827076 0.811532 0.798449 0.787648 0.778987 0.772355 0.767669 0.764871 0.763927 0.764825 0.767577 0.772216 0.778799 0.787408 0.798154 0.811179 0.826661 4555.500000 1.204828 0.928871
0.912986 0.904827 0.898958 0.895308 0.893832 0.894513 0.897358 0.902402 0.909706 0.919364 0.931496 0.919140 0.890963 0.866489 0.845304 0.827076 0.811532 0.798449 0.787648 0.778987 0.772355 0.767669 0.764871 0.763927 0.764825 0.767577 0.772216 0.778799 0.787408 0.798154 0.811179 0.826661 0.822181 0.807308 0.794845 0.784622 0.776506 0.770393 0.766206 0.763896 0.763433 0.764812 0.768049 0.773185 0.780282 0.789430 0.800747 0.814384 0.830528 0.849414 0.848661 0.847571 0.848525 0.851536 0.856638 0.863896 0.873400 0.885272 0.899669 0.916786 0.936868 0.960215 0.987194 1.000000 0.969004 0.942074 0.918753 0.898672 0.881528 0.867075 0.855116 0.845491 0.838077 0.832781 0.829537 0.828306 0.829073 0.831848 0.836663 0.834481 0.820545 0.808985 0.799645 0.792405 0.787175 0.783889 0.782508 0.783015 0.785416 0.789740 0.796041 0.804396 0.814912 0.827728 0.841830 0.824754 0.810271 0.798178 0.788311 0.780543 0.774775 0.770935 0.768976 0.768875 0.770630 0.774262 0.779817 0.787362 0.796994 0.808837 0.823049 0.839830 0.859423 0.873158 0.863831 0.856743 0.851806 0.848959 0.848168 0.849422 0.852738 0.858155 0.865740 0.875588 0.887827 0.902618 0.920165 0.923540 4555.500000 1.204828 0.928871
0.810271 0.798178 0.788311 0.780543 0.774775 0.770935 0.768976 0.768875 0.770630 0.774262 0.779817 0.787362 0.796994 0.808837 0.823049 0.839830 0.859423 0.873158 0.863831 0.856743 0.851806 0.848959 0.848168 0.849422 0.852738 0.858155 0.865740 0.875588 0.887827 0.902618 0.920165 0.923540 0.912986 0.904827 0.898958 0.895308 0.893832 0.894513 0.897358 0.902402 0.909706 0.919364 0.931496 0.919140 0.890963 0.866489 0.845304 0.827076 0.811532 0.798449 0.787648 0.778987 0.772355 0.767669 0.764871 0.763927 0.764825 0.767577 0.772216 0.778799 0.787408 0.798154 0.811179 0.826661 0.822181 0.807308 0.794845 0.784622 0.776506 0.770393 0.766206 0.763896 0.763433 0.764812 0.768049 0.773185 0.780282 0.789430 0.800747 0.814384 0.830528 0.849414 0.848661 0.847571 0.848525 0.851536 0.856638 0.863896 0.873400 0.885272 0.899669 0.916786 0.936868 0.960215 0.987194 1.000000 0.969004 0.942074 0.918753 0.898672 0.881528 0.867075 0.855116 0.845491 0.838077 0.832781 0.829537 0.828306 0.829073 0.831848 0.836663 0.834481 0.820545 0.808985 0.799645 0.792405 0.787175 0.783889 0.782508 0.783015 0.785416 0.789740 0.796041 0.804396 0.814912 0.827728 0.841830 0.824754 4555.500000 1.204828 0.928871
0.969004 0.942074 0.918753 0.898672 0.881528 0.867075 0.855116 0.845491 0.838077 0.832781 0.829537 0.828306 0.829073 0.831848 0.836663 0.834481 0.820545 0.808985 0.799645 0.792405 0.787175 0.783889 0.782508 0.783015 0.785416 0.789740 0.796041 0.804396 0.814912 0.827728 0.841830 0.824754 0.810271 0.798178 0.788311 0.780543 0.774775 0.770935 0.768976 0.768875 0.770630 0.774262 0.779817 0.787362 0.796994 0.808837 0.823049 0.839830 0.859423 0.873158 0.863831 0.856743 0.851806 0.848959 0.848168 0.849422 0.852738 0.858155 0.865740 0.875588 0.887827 0.902618 0.920165 0.923540 0.912986 0.904827 0.898958 0.895308 0.893832 0.894513 0.897358 0.902402 0.909706 0.919364 0.931496 0.919140 0.890963 0.866489 0.845304 0.827076 0.811532 0.798449 0.787648 0.778987 0.772355 0.767669 0.764871 0.763927 0.764825 0.767577 0.772216 0.778799 0.787408 0.798154 0.811179 0.826661 0.822181 0.807308 0.794845 0.784622 0.776506 0.770393 0.766206 0.763896 0.763433 0.764812 0.768049 0.773185 0.780282 0.789430 0.800747 0.814384 0.830528 0.849414 0.848661 0.847571 0.848525 0.851536 0.856638 0.863896 0.873400 0.885272 0.899669 0.916786 0.936868 0.960215 0.987194 1.000000 4555.500000 1.204828 0.928871
1.000000 0.921218 0.855853 0.800952 0.754378 0.714549 0.680271 0.650628 0.624902 0.602530 0.583061 0.566131 0.551448 0.538772 0.527910 0.518701 0.511018 0.504758 0.499839 0.496199 0.493792 0.492589 0.492577 0.493753 0.496133 0.499747 0.504637 0.510868 0.518519 0.527693 0.538518 0.551152 0.565789 0.582667 0.602078 0.624383 0.650030 0.679582 0.713750 0.753446 0.799859 0.854560 0.919669 0.929289 0.864880 0.810647 0.764547 0.725061 0.691036 0.661584 0.636009 0.613762 0.594402 0.577575 0.562993 0.550423 0.539673 0.530590 0.523046 0.516941 0.512197 0.508754 0.506569 0.505616 0.505882 0.507372 0.510103 0.514109 0.519440 0.526163 0.534367 0.544162 0.555687 0.569111 0.584643 0.602539 0.623114 0.646757 0.673953 0.705309 0.741600 0.783818 0.833262 0.891657 0.961344 0.931376 0.862188 0.804372 0.755529 0.713899 0.678166 0.647324 0.620596 0.597369 0.577159 0.559575 0.544304 0.531089 0.519723 0.510037 0.501892 0.495177 0.489804 0.485704 0.482825 0.481133 0.480606 0.481238 0.483037 0.486025 0.490239 0.495731 0.502572 0.510852 0.520685 0.532211 0.545604 0.561074 0.578883 0.599350 0.622873 0.649948 0.681199 0.717423 0.759649 0.809227 0.867966 0.938337 3294.500000 1.060219 0.603825
0.544304 0.531089 0.519723 0.510037 0.501892 0.495177 0.489804 0.485704 0.482825 0.481133 0.480606 0.481238 0.483037 0.486025 0.490239 0.495731 0.502572 0.510852 0.520685 0.532211 0.545604 0.561074 0.578883 0.599350 0.622873 0.649948 0.681199 0.717423 0.759649 0.809227 0.867966 0.938337 1.000000 0.921218 0.855853 0.800952 0.754378 0.714549 0.680271 0.650628 0.624902 0.602530 0.583061 0.566131 0.551448 0.538772 0.527910 0.518701 0.511018 0.504758 0.499839 0.496199 0.493792 0.492589 0.492577 0.493753 0.496133 0.499747 0.504637 0.510868 0.518519 0.527693 0.538518 0.551152 0.565789 0.582667 0.602078 0.624383 0.650030 0.679582 0.713750 0.753446 0.799859 0.854560 0.919669 0.929289 0.864880 0.810647 0.764547 0.725061 0.691036 0.661584 0.636009 0.613762 0.594402 0.577575 0.562993 0.550423 0.539673 0.530590 0.523046 0.516941 0.512197 0.508754 0.506569 0.505616 0.505882 0.507372 0.510103 0.514109 0.519440 0.526163 0.534367 0.544162 0.555687 0.569111 0.584643 0.602539 0.623114 0.646757 0.673953 0.705309 0.741600 0.783818 0.833262 0.891657 0.961344 0.931376 0.862188 0.804372 0.755529 0.713899 0.678166 0.647324 0.620596 0.597369 0.577159 0.559575 3294.500000 1.060219 0.603825
0.505882 0.507372 0.510103 0.514109 0.519440 0.526163 0.534367 0.544162 0.555687 0.569111 0.584643 0.602539 0.623114 0.646757 0.673953 0.705309 0.741600 0.783818 0.833262 0.891657 0.961344 0.931376 0.862188 0.804372 0.755529 0.713899 0.678166 0.647324 0.620596 0.597369 0.577159 0.559575 0.544304 0.531089 0.519723 0.510037 0.501892 0.495177 0.489804 0.485704 0.482825 0.481133 0.480606 0.481238 0.483037 0.486025 0.490239 0.495731 0.502572 0.510852 0.520685 0.532211 0.545604 0.561074 0.578883 0.599350 0.622873 0.649948 0.681199 0.717423 0.759649 0.809227 0.867966 0.938337 1.000000 0.921218 0.855853 0.800952 0.754378 0.714549 0.680271 0.650628 0.624902 0.602530 0.583061 0.566131 0.551448 0.538772 0.527910 0.518701 0.511018 0.504758 0.499839 0.496199 0.493792 0.492589 0.492577 0.493753 0.496133 0.499747 0.504637 0.510868 0.518519 0.527693 0.538518 0.551152 0.565789 0.582667 0.602078 0.624383 0.650030 0.679582 0.713750 0.753446 0.799859 0.854560 0.919669 0.929289 0.864880 0.810647 0.764547 0.725061 0.691036 0.661584 0.636009 0.613762 0.594402 0.577575 0.562993 0.550423 0.539673 0.530590 0.523046 0.516941 0.512197 0.508754 0.506569 0.505616 3294.500000 1.060219 0.603825
0.565789 0.582667 0.602078 0.624383 0.650030 0.679582 0.713750 0.753446 0.799859 0.854560 0.919669 0.929289 0.864880 0.810647 0.764547 0.725061 0.691036 0.661584 0.636009 0.613762 0.594402 0.577575 0.562993 0.550423 0.539673 0.530590 0.523046 0.516941 0.512197 0.508754 0.506569 0.505616 0.505882 0.507372 0.510103 0.514109 0.519440 0.526163 0.534367 0.544162 0.555687 0.569111 0.584643 0.602539 0.623114 0.646757 0.673953 0.705309 0.741600 0.783818 0.833262 0.891657 0.961344 0.931376 0.862188 0.804372 0.755529 0.713899 0.678166 0.647324 0.620596 0.597369 0.577159 0.559575 0.544304 0.531089 0.519723 0.510037 0.501892 0.495177 0.489804 0.485704 0.482825 0.481133 0.480606 0.481238 0.483037 0.486025 0.490239 0.495731 0.502572 0.510852 0.520685 0.532211 0.545604 0.561074 0.578883 0.599350 0.622873 0.649948 0.681199 0.717423 0.759649 0.809227 0.867966 0.938337 1.000000 0.921218 0.855853 0.800952 0.754378 0.714549 0.680271 0.650628 0.624902 0.602530 0.583061 0.566131 0.551448 0.538772 0.527910 0.518701 0.511018 0.504758 0.499839 0.496199 0.493792 0.492589 0.492577 0.493753 0.496133 0.499747 0.504637 0.510868 0.518519 0.527693 0.538518 0.551152 3294.500000 1.060219 0.603825
0.864487 0.887325 0.913664 0.943957 0.978768 0.950516 0.924442 0.901875 0.882458 0.865902 0.851971 0.840473 0.831257 0.824206 0.819230 0.816268 0.815285 0.816268 0.819230 0.824206 0.831257 0.840473 0.851971 0.865902 0.882458 0.901875 0.902934 0.873624 0.848136 0.826026 0.806935 0.790567 0.776685 0.765092 0.755635 0.748189 0.742659 0.738978 0.737101 0.737004 0.738686 0.742168 0.734349 0.722593 0.712898 0.705136 0.699208 0.695039 0.692577 0.691794 0.692680 0.695245 0.699520 0.705558 0.713436 0.723253 0.735140 0.749260 0.765813 0.785048 0.807270 0.832851 0.862252 0.896041 0.934932 0.979819 1.000000 0.977975 0.959161 0.943287 0.930133 0.919526 0.911329 0.905439 0.901783 0.900317 0.901023 0.903909 0.909010 0.916390 0.926140 0.930724 0.892124 0.858584 0.829400 0.804008 0.781953 0.762864 0.746440 0.732436 0.720652 0.710927 0.703132 0.697167 0.692958 0.690453 0.689621 0.690453 0.692958 0.697167 0.703132 0.710927 0.720652 0.732436 0.746440 0.762864 0.781953 0.804008 0.829400 0.858584 0.846790 0.829614 0.815046 0.802881 0.792957 0.785143 0.779340 0.775478 0.773507 0.773405 0.775171 0.778825 0.784412 0.792002 0.801690 0.813603 0.827899 0.844779 1806.000000 1.218025 0.873867
0.689621 0.690453 0.692958 0.697167 0.703132 0.710927 0.720652 0.732436 0.746440 0.762864 0.781953 0.804008 0.829400 0.858584 0.846790 0.829614 0.815046 0.802881 0.792957 0.785143 0.779340 0.775478 0.773507 0.773405 0.775171 0.778825 0.784412 0.792002 0.801690 0.813603 0.827899 0.844779 0.864487 0.887325 0.913664 0.943957 0.978768 0.950516 0.924442 0.901875 0.882458 0.865902 0.851971 0.840473 0.831257 0.824206 0.819230 0.816268 0.815285 0.816268 0.819230 0.824206 0.831257 0.840473 0.851971 0.865902 0.882458 0.901875 0.902934 0.873624 0.848136 0.826026 0.806935 0.790567 0.776685 0.765092 0.755635 0.748189 0.742659 0.738978 0.737101 0.737004 0.738686 0.742168 0.734349 0.722593 0.712898 0.705136 0.699208 0.695039 0.692577 0.691794 0.692680 0.695245 0.699520 0.705558 0.713436 0.723253 0.735140 0.749260 0.765813 0.785048 0.807270 0.832851 0.862252 0.896041 0.934932 0.979819 1.000000 0.977975 0.959161 0.943287 0.930133 0.919526 0.911329 0.905439 0.901783 0.900317 0.901023 0.903909 0.909010 0.916390 0.926140 0.930724 0.892124 0.858584 0.829400 0.804008 0.781953 0.762864 0.746440 0.732436 0.720652 0.710927 0.703132 0.697167 0.692958 0.690453 1806.000000 1.218025 0.873867
0.934932 0.979819 1.000000 0.977975 0.959161 0.943287 0.930133 0.919526 0.911329 0.905439 0.901783 0.900317 0.901023 0.903909 0.909010 0.916390 0.926140 0.930724 0.892124 0.858584 0.829400 0.804008 0.781953 0.762864 0.746440 0.732436 0.720652 0.710927 0.703132 0.697167 0.692958 0.690453 0.689621 0.690453 0.692958 0.697167 0.703132 0.710927 0.720652 0.732436 0.746440 0.762864 0.781953 0.804008 0.829400 0.858584 0.846790 0.829614 0.815046 0.802881 0.792957 0.785143 0.779340 0.775478 0.773507 0.773405 0.775171 0.778825 0.784412 0.792002 0.801690 0.813603 0.827899 0.844779 0.864487 0.887325 0.913664 0.943957 0.978768 0.950516 0.924442 0.901875 0.882458 0.865902 0.851971 0.840473 0.831257 0.824206 0.819230 0.816268 0.815285 0.816268 0.819230 0.824206 0.831257 0.840473 0.851971 0.865902 0.882458 0.901875 0.902934 0.873624 0.848136 0.826026 0.806935 0.790567 0.776685 0.765092 0.755635 0.748189 0.742659 0.738978 0.737101 0.737004 0.738686 0.742168 0.734349 0.722593 0.712898 0.705136 0.699208 0.695039 0.692577 0.691794 0.692680 0.695245 0.699520 0.705558 0.713436 0.723253 0.735140 0.749260 0.765813 0.785048 0.807270 0.832851 0.862252 0.896041 1806.000000 1.218025 0.873867
0.776685 0.765092 0.755635 0.748189 0.742659 0.738978 0.737101 0.737004 0.738686 0.742168 0.734349 0.722593 0.712898 0.705136 0.699208 0.695039 0.692577 0.691794 0.692680 0.695245 0.699520 0.705558 0.713436 0.723253 0.735140 0.749260 0.765813 0.785048 0.807270 0.832851 0.862252 0.896041 0.934932 0.979819 1.000000 0.977975 0.959161 0.943287 0.930133 0.919526 0.911329 0.905439 0.901783 0.900317 0.901023 0.903909 0.909010 0.916390 0.926140 0.930724 0.892124 0.858584 0.829400 0.804008 0.781953 0.762864 0.746440 0.732436 0.720652 0.710927 0.703132 0.697167 0.692958 0.690453 0.689621 0.690453 0.692958 0.697167 0.703132 0.710927 0.720652 0.732436 0.746440 0.762864 0.781953 0.804008 0.829400 0.858584 0.846790 0.829614 0.815046 0.802881 0.792957 0.785143 0.779340 0.775478 0.773507 0.773405 0.775171 0.778825 0.784412 0.792002 0.801690 0.813603 0.827899 0.844779 0.864487 0.887325 0.913664 0.943957 0.978768 0.950516 0.924442 0.901875 0.882458 0.865902 0.851971 0.840473 0.831257 0.824206 0.819230 0.816268 0.815285 0.816268 0.819230 0.824206 0.831257 0.840473 0.851971 0.865902 0.882458 0.901875 0.902934 0.873624 0.848136 0.826026 0.806935 0.790567 1806.000000 1.218025 0.873867
0.913062 0.878024 0.847541 0.821016 0.797964 0.777995 0.760789 0.746086 0.733674 0.723383 0.715075 0.708644 0.704009 0.701111 0.699917 0.700411 0.702600 0.706510 0.712189 0.719708 0.729162 0.740677 0.754408 0.756562 0.736351 0.718878 0.703872 0.691110 0.680413 0.671635 0.664662 0.659404 0.655796 0.653794 0.653373 0.654529 0.657275 0.661645 0.667693 0.675494 0.685150 0.696790 0.710573 0.726698 0.745409 0.767006 0.791857 0.820414 0.853241 0.876371 0.854410 0.835487 0.819315 0.805661 0.794337 0.785192 0.778109 0.772997 0.769795 0.768463 0.768986 0.771368 0.775639 0.781852 0.790084 0.800441 0.813057 0.828104 0.845794 0.866390 0.890211 0.917653 0.949200 0.931472 0.884523 0.844015 0.808918 0.778424 0.751891 0.728805 0.708751 0.691392 0.676454 0.663712 0.652986 0.644129 0.637022 0.631575 0.627720 0.625410 0.624615 0.625328 0.627555 0.631325 0.636683 0.643697 0.652457 0.663078 0.675705 0.690518 0.707738 0.727637 0.750548 0.768999 0.756433 0.746039 0.737680 0.731248 0.726663 0.723868 0.722829 0.723534 0.725991 0.730229 0.736302 0.744285 0.754280 0.766418 0.780865 0.797827 0.817554 0.840359 0.866619 0.896804 0.931492 0.971406 1.000000 0.953406 3914.000000 1.260631 0.835999
0.652457 0.663078 0.675705 0.690518 0.707738 0.727637 0.750548 0.768999 0.756433 0.746039 0.737680 0.731248 0.726663 0.723868 0.722829 0.723534 0.725991 0.730229 0.736302 0.744285 0.754280 0.766418 0.780865 0.797827 0.817554 0.840359 0.866619 0.896804 0.931492 0.971406 1.000000 0.953406 0.913062 0.878024 0.847541 0.821016 0.797964 0.777995 0.760789 0.746086 0.733674 0.723383 0.715075 0.708644 0.704009 0.701111 0.699917 0.700411 0.702600 0.706510 0.712189 0.719708 0.729162 0.740677 0.754408 0.756562 0.736351 0.718878 0.703872 0.691110 0.680413 0.671635 0.664662 0.659404 0.655796 0.653794 0.653373 0.654529 0.657275 0.661645 0.667693 0.675494 0.685150 0.696790 0.710573 0.726698 0.745409 0.767006 0.791857 0.820414 0.853241 0.876371 0.854410 0.835487 0.819315 0.805661 0.794337 0.785192 0.778109 0.772997 0.769795 0.768463 0.768986 0.771368 0.775639 0.781852 0.790084 0.800441 0.813057 0.828104 0.845794 0.866390 0.890211 0.917653 0.949200 0.931472 0.884523 0.844015 0.808918 0.778424 0.751891 0.728805 0.708751 0.691392 0.676454 0.663712 0.652986 0.644129 0.637022 0.631575 0.627720 0.625410 0.624615 0.625328 0.627555 0.631325 0.636683 0.643697 3914.000000 1.260631 0.835999
0.790084 0.800441 0.813057 0.828104 0.845794 0.866390 0.890211 0.917653 0.949200 0.931472 0.884523 0.844015 0.808918 0.778424 0.751891 0.728805 0.708751 0.691392 0.676454 0.663712 0.652986 0.644129 0.637022 0.631575 0.627720 0.625410 0.624615 0.625328 0.627555 0.631325 0.636683 0.643697 0.652457 0.663078 0.675705 0.690518 0.707738 0.727637 0.750548 0.768999 0.756433 0.746039 0.737680 0.731248 0.726663 0.723868 0.722829 0.723534 0.725991 0.730229 0.736302 0.744285 0.754280 0.766418 0.780865 0.797827 0.817554 0.840359 0.866619 0.896804 0.931492 0.971406 1.000000 0.953406 0.913062 0.878024 0.847541 0.821016 0.797964 0.777995 0.760789 0.746086 0.733674 0.723383 0.715075 0.708644 0.704009 0.701111 0.699917 0.700411 0.702600 0.706510 0.712189 0.719708 0.729162 0.740677 0.754408 0.756562 0.736351 0.718878 0.703872 0.691110 0.680413 0.671635 0.664662 0.659404 0.655796 0.653794 0.653373 0.654529 0.657275 0.661645 0.667693 0.675494 0.685150 0.696790 0.710573 0.726698 0.745409 0.767006 0.791857 0.820414 0.853241 0.876371 0.854410 0.835487 0.819315 0.805661 0.794337 0.785192 0.778109 0.772997 0.769795 0.768463 0.768986 0.771368 0.775639 0.781852 3914.000000 1.260631 0.835999
0.655796 0.653794 0.653373 0.654529 0.657275 0.661645 0.667693 0.675494 0.685150 0.696790 0.710573 0.726698 0.745409 0.767006 0.791857 0.820414 0.853241 0.876371 0.854410 0.835487 0.819315 0.805661 0.794337 0.785192 0.778109 0.772997 0.769795 0.768463 0.768986 0.771368 0.775639 0.781852 0.790084 0.800441 0.813057 0.828104 0.845794 0.866390 0.890211 0.917653 0.949200 0.931472 0.884523 0.844015 0.808918 0.778424 0.751891 0.728805 0.708751 0.691392 0.676454 0.663712 0.652986 0.644129 0.637022 0.631575 0.627720 0.625410 0.624615 0.625328 0.627555 0.631325 0.636683 0.643697 0.652457 0.663078 0.675705 0.690518 0.707738 0.727637 0.750548 0.768999 0.756433 0.746039 0.737680 0.731248 0.726663 0.723868 0.722829 0.723534 0.725991 0.730229 0.736302 0.744285 0.754280 0.766418 0.780865 0.797827 0.817554 0.840359 0.866619 0.896804 0.931492 0.971406 1.000000 0.953406 0.913062 0.878024 0.847541 0.821016 0.797964 0.777995 0.760789 0.746086 0.733674 0.723383 0.715075 0.708644 0.704009 0.701111 0.699917 0.700411 0.702600 0.706510 0.712189 0.719708 0.729162 0.740677 0.754408 0.756562 0.736351 0.718878 0.703872 0.691110 0.680413 0.671635 0.664662 0.659404 3914.000000 1.260631 0.835999
0.831185 0.856224 0.885017 0.918102 0.956149 1.000000 0.984590 0.932069 0.886896 0.847848 0.813971 0.784515 0.758880 0.736586 0.717244 0.700535 0.686203 0.674037 0.663866 0.655553 0.648990 0.644094 0.640802 0.639077 0.638895 0.640256 0.643175 0.646568 0.651549 0.658206 0.666623 0.676910 0.689205 0.703682 0.720554 0.740081 0.762584 0.788458 0.818189 0.852385 0.891805 0.894987 0.872169 0.852489 0.835645 0.821395 0.809541 0.799923 0.792418 0.786930 0.783392 0.781761 0.782017 0.776731 0.771140 0.767465 0.765661 0.765705 0.767599 0.771365 0.777049 0.784722 0.794481 0.806453 0.820800 0.822318 0.807182 0.794473 0.784018 0.775678 0.769348 0.764948 0.762425 0.761747 0.762907 0.765918 0.770818 0.777666 0.786548 0.797580 0.810907 0.826712 0.837503 0.812369 0.790549 0.771681 0.755469 0.741675 0.730103 0.720596 0.713029 0.707305 0.703354 0.701126 0.700595 0.701754 0.704616 0.709218 0.715616 0.723890 0.734147 0.746523 0.761189 0.778355 0.798281 0.821284 0.847755 0.827682 0.806431 0.788096 0.772396 0.759102 0.748029 0.739029 0.731986 0.726810 0.723438 0.721827 0.721960 0.723836 0.727479 0.732934 0.740268 0.749574 0.760974 0.774621 0.790706 0.809464 8855.500000 1.086035 0.849499
0.704616 0.709218 0.715616 0.723890 0.734147 0.746523 0.761189 0.778355 0.798281 0.821284 0.847755 0.827682 0.806431 0.788096 0.772396 0.759102 0.748029 0.739029 0.731986 0.726810 0.723438 0.721827 0.721960 0.723836 0.727479 0.732934 0.740268 0.749574 0.760974 0.774621 0.790706 0.809464 0.831185 0.856224 0.885017 0.918102 0.956149 1.000000 0.984590 0.932069 0.886896 0.847848 0.813971 0.784515 0.758880 0.736586 0.717244 0.700535 0.686203 0.674037 0.663866 0.655553 0.648990 0.644094 0.640802 0.639077 0.638895 0.640256 0.643175 0.646568 0.651549 0.658206 0.666623 0.676910 0.689205 0.703682 0.720554 0.740081 0.762584 0.788458 0.818189 0.852385 0.891805 0.894987 0.872169 0.852489 0.835645 0.821395 0.809541 0.799923 0.792418 0.786930 0.783392 0.781761 0.782017 0.776731 0.771140 0.767465 0.765661 0.765705 0.767599 0.771365 0.777049 0.784722 0.794481 0.806453 0.820800 0.822318 0.807182 0.794473 0.784018 0.775678 0.769348 0.764948 0.762425 0.761747 0.762907 0.765918 0.770818 0.777666 0.786548 0.797580 0.810907 0.826712 0.837503 0.812369 0.790549 0.771681 0.755469 0.741675 0.730103 0.720596 0.713029 0.707305 0.703354 0.701126 0.700595 0.701754 8855.500000 1.086035 0.849499
0.820800 0.822318 0.807182 0.794473 0.784018 0.775678 0.769348 0.764948 0.762425 0.761747 0.762907 0.765918 0.770818 0.777666 0.786548 0.797580 0.810907 0.826712 0.837503 0.812369 0.790549 0.771681 0.755469 0.741675 0.730103 0.720596 0.713029 0.707305 0.703354 0.701126 0.700595 0.701754 0.704616 0.709218 0.715616 0.723890 0.734147 0.746523 0.761189 0.778355 0.798281 0.821284 0.847755 0.827682 0.806431 0.788096 0.772396 0.759102 0.748029 0.739029 0.731986 0.726810 0.723438 0.721827 0.721960 0.723836 0.727479 0.732934 0.740268 0.749574 0.760974 0.774621 0.790706 0.809464 0.831185 0.856224 0.885017 0.918102 0.956149 1.000000 0.984590 0.932069 0.886896 0.847848 0.813971 0.784515 0.758880 0.736586 0.717244 0.700535 0.686203 0.674037 0.663866 0.655553 0.648990 0.644094 0.640802 0.639077 0.638895 0.640256 0.643175 0.646568 0.651549 0.658206 0.666623 0.676910 0.689205 0.703682 0.720554 0.740081 0.762584 0.788458 0.818189 0.852385 0.891805 0.894987 0.872169 0.852489 0.835645 0.821395 0.809541 0.799923 0.792418 0.786930 0.783392 0.781761 0.782017 0.776731 0.771140 0.767465 0.765661 0.765705 0.767599 0.771365 0.777049 0.784722 0.794481 0.806453 8855.500000 1.086035 0.849499
0.689205 0.703682 0.720554 0.740081 0.762584 0.788458 0.818189 0.852385 0.891805 0.894987 0.872169 0.852489 0.835645 0.821395 0.809541 0.799923 0.792418 0.786930 0.783392 0.781761 0.782017 0.776731 0.771140 0.767465 0.765661 0.765705 0.767599 0.771365 0.777049 0.784722 0.794481 0.806453 0.820800 0.822318 0.807182 0.794473 0.784018 0.775678 0.769348 0.764948 0.762425 0.761747 0.762907 0.765918 0.770818 0.777666 0.786548 0.797580 0.810907 0.826712 0.837503 0.812369 0.790549 0.771681 0.755469 0.741675 0.730103 0.720596 0.713029 0.707305 0.703354 0.701126 0.700595 0.701754 0.704616 0.709218 0.715616 0.723890 0.734147 0.746523 0.761189 0.778355 0.798281 0.821284 0.847755 0.827682 0.806431 0.788096 0.772396 0.759102 0.748029 0.739029 0.731986 0.726810 0.723438 0.721827 0.721960 0.723836 0.727479 0.732934 0.740268 0.749574 0.760974 0.774621 0.790706 0.809464 0.831185 0.856224 0.885017 0.918102 0.956149 1.000000 0.984590 0.932069 0.886896 0.847848 0.813971 0.784515 0.758880 0.736586 0.717244 0.700535 0.686203 0.674037 0.663866 0.655553 0.648990 0.644094 0.640802 0.639077 0.638895 0.640256 0.643175 0.646568 0.651549 0.658206 0.666623 0.676910 8855.500000 1.086035 0.849499
0.614444 0.598523 0.584780 0.573002 0.563020 0.554693 0.547909 0.542580 0.538639 0.536038 0.534743 0.534739 0.536027 0.538622 0.542555 0.547876 0.554652 0.562971 0.572944 0.584711 0.598444 0.614353 0.632696 0.649459 0.660879 0.674361 0.690102 0.708342 0.729378 0.753573 0.781374 0.813340 0.850169 0.892743 0.942196 1.000000 0.954241 0.886190 0.829063 0.780622 0.739212 0.703584 0.672778 0.646048 0.622803 0.602575 0.584984 0.569725 0.556548 0.545251 0.535668 0.527665 0.521135 0.515993 0.512172 0.509627 0.505741 0.497964 0.491588 0.486532 0.482729 0.480133 0.478712 0.478449 0.479340 0.481396 0.484642 0.489119 0.494883 0.502008 0.510589 0.520602 0.528479 0.537915 0.549040 0.562018 0.577048 0.594375 0.614300 0.637197 0.663526 0.693869 0.728960 0.769743 0.817445 0.873695 0.940691 0.901320 0.862623 0.829028 0.799806 0.774375 0.752269 0.733107 0.716580 0.702437 0.690472 0.680521 0.672449 0.666152 0.661551 0.658589 0.657229 0.657456 0.659272 0.662698 0.650946 0.639352 0.629654 0.621721 0.615450 0.610761 0.607596 0.605915 0.605699 0.606944 0.609666 0.613899 0.619694 0.627125 0.636287 0.647304 0.660328 0.675547 0.693194 0.678172 0.653913 0.632801 2382.000000 1.387491 0.748482
0.690472 0.680521 0.672449 0.666152 0.661551 0.658589 0.657229 0.657456 0.659272 0.662698 0.650946 0.639352 0.629654 0.621721 0.615450 0.610761 0.607596 0.605915 0.605699 0.606944 0.609666 0.613899 0.619694 0.627125 0.636287 0.647304 0.660328 0.675547 0.693194 0.678172 0.653913 0.632801 0.614444 0.598523 0.584780 0.573002 0.563020 0.554693 0.547909 0.542580 0.538639 0.536038 0.534743 0.534739 0.536027 0.538622 0.542555 0.547876 0.554652 0.562971 0.572944 0.584711 0.598444 0.614353 0.632696 0.649459 0.660879 0.674361 0.690102 0.708342 0.729378 0.753573 0.781374 0.813340 0.850169 0.892743 0.942196 1.000000 0.954241 0.886190 0.829063 0.780622 0.739212 0.703584 0.672778 0.646048 0.622803 0.602575 0.584984 0.569725 0.556548 0.545251 0.535668 0.527665 0.521135 0.515993 0.512172 0.509627 0.505741 0.497964 0.491588 0.486532 0.482729 0.480133 0.478712 0.478449 0.479340 0.481396 0.484642 0.489119 0.494883 0.502008 0.510589 0.520602 0.528479 0.537915 0.549040 0.562018 0.577048 0.594375 0.614300 0.637197 0.663526 0.693869 0.728960 0.769743 0.817445 0.873695 0.940691 0.901320 0.862623 0.829028 0.799806 0.774375 0.752269 0.733107 0.716580 0.702437 2382.000000 1.387491 0.748482
0.479340 0.481396 0.484642 0.489119 0.494883 0.502008 0.510589 0.520602 0.528479 0.537915 0.549040 0.562018 0.577048 0.594375 0.614300 0.637197 0.663526 0.693869 0.728960 0.769743 0.817445 0.873695 0.940691 0.901320 0.862623 0.829028 0.799806 0.774375 0.752269 0.733107 0.716580 0.702437 0.690472 0.680521 0.672449 0.666152 0.661551 0.658589 0.657229 0.657456 0.659272 0.662698 0.650946 0.639352 0.629654 0.621721 0.615450 0.610761 0.607596 0.605915 0.605699 0.606944 0.609666 0.613899 0.619694 0.627125 0.636287 0.647304 0.660328 0.675547 0.693194 0.678172 0.653913 0.632801 0.614444 0.598523 0.584780 0.573002 0.563020 0.554693 0.547909 0.542580 0.538639 0.536038 0.534743 0.534739 0.536027 0.538622 0.542555 0.547876 0.554652 0.562971 0.572944 0.584711 0.598444 0.614353 0.632696 0.649459 0.660879 0.674361 0.690102 0.708342 0.729378 0.753573 0.781374 0.813340 0.850169 0.892743 0.942196 1.000000 0.954241 0.886190 0.829063 0.780622 0.739212 0.703584 0.672778 0.646048 0.622803 0.602575 0.584984 0.569725 0.556548 0.545251 0.535668 0.527665 0.521135 0.515993 0.512172 0.509627 0.505741 0.497964 0.491588 0.486532 0.482729 0.480133 0.478712 0.478449 2382.000000 1.387491 0.748482
0.850169 0.892743 0.942196 1.000000 0.954241 0.886190 0.829063 0.780622 0.739212 0.703584 0.672778 0.646048 0.622803 0.602575 0.584984 0.569725 0.556548 0.545251 0.535668 0.527665 0.521135 0.515993 0.512172 0.509627 0.505741 0.497964 0.491588 0.486532 0.482729 0.480133 0.478712 0.478449 0.479340 0.481396 0.484642 0.489119 0.494883 0.502008 0.510589 0.520602 0.528479 0.537915 0.549040 0.562018 0.577048 0.594375 0.614300 0.637197 0.663526 0.693869 0.728960 0.769743 0.817445 0.873695 0.940691 0.901320 0.862623 0.829028 0.799806 0.774375 0.752269 0.733107 0.716580 0.702437 0.690472 0.680521 0.672449 0.666152 0.661551 0.658589 0.657229 0.657456 0.659272 0.662698 0.650946 0.639352 0.629654 0.621721 0.615450 0.610761 0.607596 0.605915 0.605699 0.606944 0.609666 0.613899 0.619694 0.627125 0.636287 0.647304 0.660328 0.675547 0.693194 0.678172 0.653913 0.632801 0.614444 0.598523 0.584780 0.573002 0.563020 0.554693 0.547909 0.542580 0.538639 0.536038 0.534743 0.534739 0.536027 0.538622 0.542555 0.547876 0.554652 0.562971 0.572944 0.584711 0.598444 0.614353 0.632696 0.649459 0.660879 0.674361 0.690102 0.708342 0.729378 0.753573 0.781374 0.813340 2382.000000 1.387491 0.748482
0.641752 0.650533 0.648743 0.648521 0.649863 0.652788 0.657329 0.663544 0.671510 0.681332 0.693139 0.707097 0.723407 0.742318 0.764134 0.789230 0.818068 0.851222 0.889411 0.933541 0.984775 1.000000 0.959863 0.924966 0.894598 0.868185 0.845264 0.825461 0.808467 0.794033 0.781956 0.772073 0.764255 0.758403 0.754443 0.752327 0.752030 0.753548 0.756899 0.761203 0.731891 0.706391 0.684201 0.664916 0.648207 0.633807 0.621497 0.611100 0.602473 0.595501 0.590094 0.586183 0.583721 0.582678 0.581104 0.576965 0.574258 0.572950 0.573026 0.574486 0.577347 0.581645 0.587434 0.594787 0.603798 0.614591 0.627315 0.642157 0.659345 0.679159 0.701945 0.728128 0.758237 0.792937 0.813576 0.810677 0.809742 0.810760 0.813744 0.818729 0.825777 0.834977 0.846447 0.860337 0.876838 0.896186 0.918670 0.944646 0.974549 0.945128 0.900073 0.861099 0.827270 0.797848 0.772243 0.749981 0.730678 0.714020 0.699753 0.687670 0.677601 0.669412 0.662997 0.658275 0.655186 0.653694 0.653780 0.655446 0.658711 0.663615 0.670219 0.678608 0.688890 0.687966 0.672508 0.659284 0.648100 0.638803 0.631269 0.625399 0.621119 0.618378 0.617141 0.617393 0.619137 0.622395 0.627207 0.633632 1268.500000 1.313244 0.838947
0.730678 0.714020 0.699753 0.687670 0.677601 0.669412 0.662997 0.658275 0.655186 0.653694 0.653780 0.655446 0.658711 0.663615 0.670219 0.678608 0.688890 0.687966 0.672508 0.659284 0.648100 0.638803 0.631269 0.625399 0.621119 0.618378 0.617141 0.617393 0.619137 0.622395 0.627207 0.633632 0.641752 0.650533 0.648743 0.648521 0.649863 0.652788 0.657329 0.663544 0.671510 0.681332 0.693139 0.707097 0.723407 0.742318 0.764134 0.789230 0.818068 0.851222 0.889411 0.933541 0.984775 1.000000 0.959863 0.924966 0.894598 0.868185 0.845264 0.825461 0.808467 0.794033 0.781956 0.772073 0.764255 0.758403 0.754443 0.752327 0.752030 0.753548 0.756899 0.761203 0.731891 0.706391 0.684201 0.664916 0.648207 0.633807 0.621497 0.611100 0.602473 0.595501 0.590094 0.586183 0.583721 0.582678 0.581104 0.576965 0.574258 0.572950 0.573026 0.574486 0.577347 0.581645 0.587434 0.594787 0.603798 0.614591 0.627315 0.642157 0.659345 0.679159 0.701945 0.728128 0.758237 0.792937 0.813576 0.810677 0.809742 0.810760 0.813744 0.818729 0.825777 0.834977 0.846447 0.860337 0.876838 0.896186 0.918670 0.944646 0.974549 0.945128 0.900073 0.861099 0.827270 0.797848 0.772243 0.749981 1268.500000 1.313244 0.838947
0.603798 0.614591 0.627315 0.642157 0.659345 0.679159 0.701945 0.728128 0.758237 0.792937 0.813576 0.810677 0.809742 0.810760 0.813744 0.818729 0.825777 0.834977 0.846447 0.860337 0.876838 0.896186 0.918670 0.944646 0.974549 0.945128 0.900073 0.861099 0.827270 0.797848 0.772243 0.749981 0.730678 0.714020 0.699753 0.687670 0.677601 0.669412 0.662997 0.658275 0.655186 0.653694 0.653780 0.655446 0.658711 0.663615 0.670219 0.678608 0.688890 0.687966 0.672508 0.659284 0.648100 0.638803 0.631269 0.625399 0.621119 0.618378 0.617141 0.617393 0.619137 0.622395 0.627207 0.633632 0.641752 0.650533 0.648743 0.648521 0.649863 0.652788 0.657329 0.663544 0.671510 0.681332 0.693139 0.707097 0.723407 0.742318 0.764134 0.789230 0.818068 0.851222 0.889411 0.933541 0.984775 1.000000 0.959863 0.924966 0.894598 0.868185 0.845264 0.825461 0.808467 0.794033 0.781956 0.772073 0.764255 0.758403 0.754443 0.752327 0.752030 0.753548 0.756899 0.761203 0.731891 0.706391 0.684201 0.664916 0.648207 0.633807 0.621497 0.611100 0.602473 0.595501 0.590094 0.586183 0.583721 0.582678 0.581104 0.576965 0.574258 0.572950 0.573026 0.574486 0.577347 0.581645 0.587434 0.594787 1268.500000 1.313244 0.838947
0.764255 0.758403 0.754443 0.752327 0.752030 0.753548 0.756899 0.761203 0.731891 0.706391 0.684201 0.664916 0.648207 0.633807 0.621497 0.611100 0.602473 0.595501 0.590094 0.586183 0.583721 0.582678 0.581104 0.576965 0.574258 0.572950 0.573026 0.574486 0.577347 0.581645 0.587434 0.594787 0.603798 0.614591 0.627315 0.642157 0.659345 0.679159 0.701945 0.728128 0.758237 0.792937 0.813576 0.810677 0.809742 0.810760 0.813744 0.818729 0.825777 0.834977 0.846447 0.860337 0.876838 0.896186 0.918670 0.944646 0.974549 0.945128 0.900073 0.861099 0.827270 0.797848 0.772243 0.749981 0.730678 0.714020 0.699753 0.687670 0.677601 0.669412 0.662997 0.658275 0.655186 0.653694 0.653780 0.655446 0.658711 0.663615 0.670219 0.678608 0.688890 0.687966 0.672508 0.659284 0.648100 0.638803 0.631269 0.625399 0.621119 0.618378 0.617141 0.617393 0.619137 0.622395 0.627207 0.633632 0.641752 0.650533 0.648743 0.648521 0.649863 0.652788 0.657329 0.663544 0.671510 0.681332 0.693139 0.707097 0.723407 0.742318 0.764134 0.789230 0.818068 0.851222 0.889411 0.933541 0.984775 1.000000 0.959863 0.924966 0.894598 0.868185 0.845264 0.825461 0.808467 0.794033 0.781956 0.772073 1268.500000 1.313244 0.838947
0.721883 0.697186 0.675698 0.657029 0.640867 0.626955 0.615085 0.605086 0.596822 0.590184 0.585085 0.581463 0.579272 0.578486 0.579095 0.581107 0.584546 0.589454 0.595894 0.603947 0.613719 0.611855 0.604155 0.598070 0.593522 0.590454 0.588829 0.588627 0.589846 0.592500 0.596622 0.602263 0.609493 0.618408 0.629125 0.641793 0.656597 0.673761 0.693562 0.716341 0.742516 0.772608 0.807269 0.847323 0.893826 0.948145 1.000000 0.966451 0.937265 0.911923 0.890003 0.871161 0.855118 0.841646 0.830561 0.821719 0.815006 0.810338 0.807658 0.806933 0.808154 0.801105 0.768839 0.740787 0.716375 0.695142 0.676714 0.660790 0.647120 0.635505 0.625780 0.617814 0.611503 0.606767 0.603546 0.601802 0.601513 0.602674 0.605302 0.609427 0.615101 0.622395 0.631403 0.630909 0.619206 0.609370 0.601267 0.594791 0.589859 0.586410 0.584400 0.583805 0.584619 0.586851 0.590527 0.595695 0.602417 0.610782 0.620899 0.632907 0.646977 0.663323 0.682201 0.703931 0.728905 0.757608 0.790647 0.828787 0.873003 0.924556 0.985101 0.963363 0.937493 0.915123 0.895904 0.879551 0.865833 0.854563 0.845594 0.838811 0.834129 0.831491 0.830865 0.832244 0.835644 0.820653 0.782939 0.750268 18627.000000 1.578698 0.823030
0.602417 0.610782 0.620899 0.632907 0.646977 0.663323 0.682201 0.703931 0.728905 0.757608 0.790647 0.828787 0.873003 0.924556 0.985101 0.963363 0.937493 0.915123 0.895904 0.879551 0.865833 0.854563 0.845594 0.838811 0.834129 0.831491 0.830865 0.832244 0.835644 0.820653 0.782939 0.750268 0.721883 0.697186 0.675698 0.657029 0.640867 0.626955 0.615085 0.605086 0.596822 0.590184 0.585085 0.581463 0.579272 0.578486 0.579095 0.581107 0.584546 0.589454 0.595894 0.603947 0.613719 0.611855 0.604155 0.598070 0.593522 0.590454 0.588829 0.588627 0.589846 0.592500 0.596622 0.602263 0.609493 0.618408 0.629125 0.641793 0.656597 0.673761 0.693562 0.716341 0.742516 0.772608 0.807269 0.847323 0.893826 0.948145 1.000000 0.966451 0.937265 0.911923 0.890003 0.871161 0.855118 0.841646 0.830561 0.821719 0.815006 0.810338 0.807658 0.806933 0.808154 0.801105 0.768839 0.740787 0.716375 0.695142 0.676714 0.660790 0.647120 0.635505 0.625780 0.617814 0.611503 0.606767 0.603546 0.601802 0.601513 0.602674 0.605302 0.609427 0.615101 0.622395 0.631403 0.630909 0.619206 0.609370 0.601267 0.594791 0.589859 0.586410 0.584400 0.583805 0.584619 0.586851 0.590527 0.595695 18627.000000 1.578698 0.823030
0.716375 0.695142 0.676714 0.660790 0.647120 0.635505 0.625780 0.617814 0.611503 0.606767 0.603546 0.601802 0.601513 0.602674 0.605302 0.609427 0.615101 0.622395 0.631403 0.630909 0.619206 0.609370 0.601267 0.594791 0.589859 0.586410 0.584400 0.583805 0.584619 0.586851 0.590527 0.595695 0.602417 0.610782 0.620899 0.632907 0.646977 0.663323 0.682201 0.703931 0.728905 0.757608 0.790647 0.828787 0.873003 0.924556 0.985101 0.963363 0.937493 0.915123 0.895904 0.879551 0.865833 0.854563 0.845594 0.838811 0.834129 0.831491 0.830865 0.832244 0.835644 0.820653 0.782939 0.750268 0.721883 0.697186 0.675698 0.657029 0.640867 0.626955 0.615085 0.605086 0.596822 0.590184 0.585085 0.581463 0.579272 0.578486 0.579095 0.581107 0.584546 0.589454 0.595894 0.603947 0.613719 0.611855 0.604155 0.598070 0.593522 0.590454 0.588829 0.588627 0.589846 0.592500 0.596622 0.602263 0.609493 0.618408 0.629125 0.641793 0.656597 0.673761 0.693562 0.716341 0.742516 0.772608 0.807269 0.847323 0.893826 0.948145 1.000000 0.966451 0.937265 0.911923 0.890003 0.871161 0.855118 0.841646 0.830561 0.821719 0.815006 0.810338 0.807658 0.806933 0.808154 0.801105 0.768839 0.740787 18627.000000 1.578698 0.823030
0.609493 0.618408 0.629125 0.641793 0.656597 0.673761 0.693562 0.716341 0.742516 0.772608 0.807269 0.847323 0.893826 0.948145 1.000000 0.966451 0.937265 0.911923 0.890003 0.871161 0.855118 0.841646 0.830561 0.821719 0.815006 0.810338 0.807658 0.806933 0.808154 0.801105 0.768839 0.740787 0.716375 0.695142 0.676714 0.660790 0.647120 0.635505 0.625780 0.617814 0.611503 0.606767 0.603546 0.601802 0.601513 0.602674 0.605302 0.609427 0.615101 0.622395 0.631403 0.630909 0.619206 0.609370 0.601267 0.594791 0.589859 0.586410 0.584400 0.583805 0.584619 0.586851 0.590527 0.595695 0.602417 0.610782 0.620899 0.632907 0.646977 0.663323 0.682201 0.703931 0.728905 0.757608 0.790647 0.828787 0.873003 0.924556 0.985101 0.963363 0.937493 0.915123 0.895904 0.879551 0.865833 0.854563 0.845594 0.838811 0.834129 0.831491 0.830865 0.832244 0.835644 0.820653 0.782939 0.750268 0.721883 0.697186 0.675698 0.657029 0.640867 0.626955 0.615085 0.605086 0.596822 0.590184 0.585085 0.581463 0.579272 0.578486 0.579095 0.581107 0.584546 0.589454 0.595894 0.603947 0.613719 0.611855 0.604155 0.598070 0.593522 0.590454 0.588829 0.588627 0.589846 0.592500 0.596622 0.602263 18627.000000 1.578698 0.823030
0.661144 0.641874 0.625160 0.610728 0.598356 0.587864 0.579104 0.571959 0.566336 0.562164 0.559390 0.557981 0.557921 0.559207 0.561855 0.565899 0.571388 0.578391 0.587000 0.597330 0.609525 0.623762 0.640259 0.651831 0.654470 0.658724 0.664645 0.672307 0.681811 0.693280 0.706875 0.722789 0.741263 0.762592 0.787137 0.815344 0.847766 0.885094 0.928200 0.922226 0.872684 0.830091 0.793285 0.761360 0.733605 0.709450 0.688442 0.670210 0.661242 0.664215 0.668833 0.675154 0.683257 0.693248 0.705259 0.719457 0.736049 0.755286 0.777479 0.803009 0.832346 0.866073 0.872624 0.824331 0.782890 0.747130 0.716144 0.689220 0.665793 0.645410 0.627706 0.612382 0.599198 0.587956 0.578497 0.570690 0.564432 0.559644 0.556265 0.554254 0.550985 0.547804 0.545969 0.545455 0.546256 0.548384 0.551862 0.556735 0.563063 0.570928 0.580434 0.591711 0.604921 0.620263 0.637981 0.658373 0.681809 0.702007 0.710993 0.721974 0.735098 0.750549 0.768556 0.789396 0.813412 0.841025 0.872755 0.909249 0.951321 1.000000 0.968605 0.921544 0.880868 0.845582 0.814902 0.788203 0.764982 0.744833 0.727425 0.712490 0.699808 0.689201 0.680526 0.673669 0.668543 0.665085 0.663252 0.663022 539.500000 1.419022 0.772449
0.681809 0.702007 0.710993 0.721974 0.735098 0.750549 0.768556 0.789396 0.813412 0.841025 0.872755 0.909249 0.951321 1.000000 0.968605 0.921544 0.880868 0.845582 0.814902 0.788203 0.764982 0.744833 0.727425 0.712490 0.699808 0.689201 0.680526 0.673669 0.668543 0.665085 0.663252 0.663022 0.661144 0.641874 0.625160 0.610728 0.598356 0.587864 0.579104 0.571959 0.566336 0.562164 0.559390 0.557981 0.557921 0.559207 0.561855 0.565899 0.571388 0.578391 0.587000 0.597330 0.609525 0.623762 0.640259 0.651831 0.654470 0.658724 0.664645 0.672307 0.681811 0.693280 0.706875 0.722789 0.741263 0.762592 0.787137 0.815344 0.847766 0.885094 0.928200 0.922226 0.872684 0.830091 0.793285 0.761360 0.733605 0.709450 0.688442 0.670210 0.661242 0.664215 0.668833 0.675154 0.683257 0.693248 0.705259 0.719457 0.736049 0.755286 0.777479 0.803009 0.832346 0.866073 0.872624 0.824331 0.782890 0.747130 0.716144 0.689220 0.665793 0.645410 0.627706 0.612382 0.599198 0.587956 0.578497 0.570690 0.564432 0.559644 0.556265 0.554254 0.550985 0.547804 0.545969 0.545455 0.546256 0.548384 0.551862 0.556735 0.563063 0.570928 0.580434 0.591711 0.604921 0.620263 0.637981 0.658373 539.500000 1.419022 0.772449
0.782890 0.747130 0.716144 0.689220 0.665793 0.645410 0.627706 0.612382 0.599198 0.587956 0.578497 0.570690 0.564432 0.559644 0.556265 0.554254 0.550985 0.547804 0.545969 0.545455 0.546256 0.548384 0.551862 0.556735 0.563063 0.570928 0.580434 0.591711 0.604921 0.620263 0.637981 0.658373 0.681809 0.702007 0.710993 0.721974 0.735098 0.750549 0.768556 0.789396 0.813412 0.841025 0.872755 0.909249 0.951321 1.000000 0.968605 0.921544 0.880868 0.845582 0.814902 0.788203 0.764982 0.744833 0.727425 0.712490 0.699808 0.689201 0.680526 0.673669 0.668543 0.665085 0.663252 0.663022 0.661144 0.641874 0.625160 0.610728 0.598356 0.587864 0.579104 0.571959 0.566336 0.562164 0.559390 0.557981 0.557921 0.559207 0.561855 0.565899 0.571388 0.578391 0.587000 0.597330 0.609525 0.623762 0.640259 0.651831 0.654470 0.658724 0.664645 0.672307 0.681811 0.693280 0.706875 0.722789 0.741263 0.762592 0.787137 0.815344 0.847766 0.885094 0.928200 0.922226 0.872684 0.830091 0.793285 0.761360 0.733605 0.709450 0.688442 0.670210 0.661242 0.664215 0.668833 0.675154 0.683257 0.693248 0.705259 0.719457 0.736049 0.755286 0.777479 0.803009 0.832346 0.866073 0.872624 0.824331 539.500000 1.419022 0.772449
0.741263 0.762592 0.787137 0.815344 0.847766 0.885094 0.928200 0.922226 0.872684 0.830091 0.793285 0.761360 0.733605 0.709450 0.688442 0.670210 0.661242 0.664215 0.668833 0.675154 0.683257 0.693248 0.705259 0.719457 0.736049 0.755286 0.777479 0.803009 0.832346 0.866073 0.872624 0.824331 0.782890 0.747130 0.716144 0.689220 0.665793 0.645410 0.627706 0.612382 0.599198 0.587956 0.578497 0.570690 0.564432 0.559644 0.556265 0.554254 0.550985 0.547804 0.545969 0.545455 0.546256 0.548384 0.551862 0.556735 0.563063 0.570928 0.580434 0.591711 0.604921 0.620263 0.637981 0.658373 0.681809 0.702007 0.710993 0.721974 0.735098 0.750549 0.768556 0.789396 0.813412 0.841025 0.872755 0.909249 0.951321 1.000000 0.968605 0.921544 0.880868 0.845582 0.814902 0.788203 0.764982 0.744833 0.727425 0.712490 0.699808 0.689201 0.680526 0.673669 0.668543 0.665085 0.663252 0.663022 0.661144 0.641874 0.625160 0.610728 0.598356 0.587864 0.579104 0.571959 0.566336 0.562164 0.559390 0.557981 0.557921 0.559207 0.561855 0.565899 0.571388 0.578391 0.587000 0.597330 0.609525 0.623762 0.640259 0.651831 0.654470 0.658724 0.664645 0.672307 0.681811 0.693280 0.706875 0.722789 539.500000 1.419022 0.772449
0.599627 0.593258 0.582745 0.573957 0.566776 0.561107 0.556878 0.554037 0.552550 0.552398 0.553579 0.556108 0.560015 0.565349 0.572178 0.580589 0.590695 0.602638 0.616589 0.632761 0.651417 0.672876 0.697535 0.725886 0.758543 0.796286 0.840111 0.832731 0.812124 0.794379 0.779230 0.766461 0.755894 0.747391 0.740842 0.736165 0.733302 0.732219 0.732901 0.735358 0.739620 0.745738 0.753789 0.763877 0.776133 0.790725 0.807859 0.820158 0.778927 0.743348 0.712519 0.685731 0.662423 0.642143 0.624528 0.609282 0.596165 0.584980 0.575568 0.567801 0.561575 0.556811 0.553450 0.551449 0.550785 0.551449 0.553450 0.556811 0.561575 0.567801 0.575568 0.584980 0.596165 0.609282 0.624528 0.642143 0.652117 0.640997 0.631746 0.624241 0.618384 0.614101 0.611340 0.610067 0.610267 0.611941 0.615111 0.619814 0.626110 0.634078 0.643823 0.655475 0.669200 0.685197 0.703714 0.725056 0.749594 0.777791 0.810221 0.847603 0.890852 0.941141 1.000000 0.950096 0.893105 0.844483 0.802716 0.766646 0.735373 0.708191 0.684538 0.663960 0.646096 0.630646 0.617371 0.606073 0.596593 0.588801 0.582596 0.577898 0.574648 0.572807 0.572352 0.573278 0.575595 0.579333 0.584537 0.591273 3471.000000 1.421722 0.796394
0.749594 0.777791 0.810221 0.847603 0.890852 0.941141 1.000000 0.950096 0.893105 0.844483 0.802716 0.766646 0.735373 0.708191 0.684538 0.663960 0.646096 0.630646 0.617371 0.606073 0.596593 0.588801 0.582596 0.577898 0.574648 0.572807 0.572352 0.573278 0.575595 0.579333 0.584537 0.591273 0.599627 0.593258 0.582745 0.573957 0.566776 0.561107 0.556878 0.554037 0.552550 0.552398 0.553579 0.556108 0.560015 0.565349 0.572178 0.580589 0.590695 0.602638 0.616589 0.632761 0.651417 0.672876 0.697535 0.725886 0.758543 0.796286 0.840111 0.832731 0.812124 0.794379 0.779230 0.766461 0.755894 0.747391 0.740842 0.736165 0.733302 0.732219 0.732901 0.735358 0.739620 0.745738 0.753789 0.763877 0.776133 0.790725 0.807859 0.820158 0.778927 0.743348 0.712519 0.685731 0.662423 0.642143 0.624528 0.609282 0.596165 0.584980 0.575568 0.567801 0.561575 0.556811 0.553450 0.551449 0.550785 0.551449 0.553450 0.556811 0.561575 0.567801 0.575568 0.584980 0.596165 0.609282 0.624528 0.642143 0.652117 0.640997 0.631746 0.624241 0.618384 0.614101 0.611340 0.610067 0.610267 0.611941 0.615111 0.619814 0.626110 0.634078 0.643823 0.655475 0.669200 0.685197 0.703714 0.725056 3471.000000 1.421722 0.796394
0.550785 0.551449 0.553450 0.556811 0.561575 0.567801 0.575568 0.584980 0.596165 0.609282 0.624528 0.642143 0.652117 0.640997 0.631746 0.624241 0.618384 0.614101 0.611340 0.610067 0.610267 0.611941 0.615111 0.619814 0.626110 0.634078 0.643823 0.655475 0.669200 0.685197 0.703714 0.725056 0.749594 0.777791 0.810221 0.847603 0.890852 0.941141 1.000000 0.950096 0.893105 0.844483 0.802716 0.766646 0.735373 0.708191 0.684538 0.663960 0.646096 0.630646 0.617371 0.606073 0.596593 0.588801 0.582596 0.577898 0.574648 0.572807 0.572352 0.573278 0.575595 0.579333 0.584537 0.591273 0.599627 0.593258 0.582745 0.573957 0.566776 0.561107 0.556878 0.554037 0.552550 0.552398 0.553579 0.556108 0.560015 0.565349 0.572178 0.580589 0.590695 0.602638 0.616589 0.632761 0.651417 0.672876 0.697535 0.725886 0.758543 0.796286 0.840111 0.832731 0.812124 0.794379 0.779230 0.766461 0.755894 0.747391 0.740842 0.736165 0.733302 0.732219 0.732901 0.735358 0.739620 0.745738 0.753789 0.763877 0.776133 0.790725 0.807859 0.820158 0.778927 0.743348 0.712519 0.685731 0.662423 0.642143 0.624528 0.609282 0.596165 0.584980 0.575568 0.567801 0.561575 0.556811 0.553450 0.551449 3471.000000 1.421722 0.796394
0.755894 0.747391 0.740842 0.736165 0.733302 0.732219 0.732901 0.735358 0.739620 0.745738 0.753789 0.763877 0.776133 0.790725 0.807859 0.820158 0.778927 0.743348 0.712519 0.685731 0.662423 0.642143 0.624528 0.609282 0.596165 0.584980 0.575568 0.567801 0.561575 0.556811 0.553450 0.551449 0.550785 0.551449 0.553450 0.556811 0.561575 0.567801 0.575568 0.584980 0.596165 0.609282 0.624528 0.642143 0.652117 0.640997 0.631746 0.624241 0.618384 0.614101 0.611340 0.610067 0.610267 0.611941 0.615111 0.619814 0.626110 0.634078 0.643823 0.655475 0.669200 0.685197 0.703714 0.725056 0.749594 0.777791 0.810221 0.847603 0.890852 0.941141 1.000000 0.950096 0.893105 0.844483 0.802716 0.766646 0.735373 0.708191 0.684538 0.663960 0.646096 0.630646 0.617371 0.606073 0.596593 0.588801 0.582596 0.577898 0.574648 0.572807 0.572352 0.573278 0.575595 0.579333 0.584537 0.591273 0.599627 0.593258 0.582745 0.573957 0.566776 0.561107 0.556878 0.554037 0.552550 0.552398 0.553579 0.556108 0.560015 0.565349 0.572178 0.580589 0.590695 0.602638 0.616589 0.632761 0.651417 0.672876 0.697535 0.725886 0.758543 0.796286 0.840111 0.832731 0.812124 0.794379 0.779230 0.766461 3471.000000 1.421722 0.796394
0.657550 0.664100 0.672418 0.682613 0.676920 0.651855 0.630044 0.611070 0.594596 0.580348 0.568104 0.557681 0.548933 0.541739 0.536007 0.531661 0.528649 0.526934 0.526493 0.527323 0.529433 0.532848 0.535838 0.534420 0.534293 0.535456 0.537923 0.541723 0.546905 0.553533 0.561694 0.571496 0.583076 0.596602 0.612280 0.630365 0.636899 0.617401 0.600465 0.585806 0.573194 0.562441 0.553391 0.545923 0.539937 0.535357 0.532125 0.530201 0.529563 0.530201 0.532125 0.535357 0.539937 0.545923 0.553391 0.561798 0.571828 0.583655 0.597451 0.613429 0.631848 0.653030 0.677370 0.705360 0.737615 0.774919 0.818273 0.868984 0.928780 1.000000 0.955172 0.823034 0.724546 0.648505 0.588192 0.539331 0.499076 0.465456 0.437066 0.412878 0.392121 0.374211 0.358691 0.345206 0.333472 0.323263 0.314395 0.310569 0.312304 0.314821 0.318151 0.322338 0.327435 0.333513 0.340657 0.348973 0.358590 0.369669 0.382404 0.397039 0.413875 0.433292 0.455774 0.481940 0.512603 0.548846 0.592139 0.644532 0.708970 0.789839 0.853067 0.819565 0.790428 0.765072 0.743026 0.723910 0.707414 0.693287 0.681322 0.671353 0.663246 0.656896 0.652223 0.649169 0.647696 0.647787 0.649443 0.652684 2004.500000 1.265747 0.626652
0.358590 0.369669 0.382404 0.397039 0.413875 0.433292 0.455774 0.481940 0.512603 0.548846 0.592139 0.644532 0.708970 0.789839 0.853067 0.819565 0.790428 0.765072 0.743026 0.723910 0.707414 0.693287 0.681322 0.671353 0.663246 0.656896 0.652223 0.649169 0.647696 0.647787 0.649443 0.652684 0.657550 0.664100 0.672418 0.682613 0.676920 0.651855 0.630044 0.611070 0.594596 0.580348 0.568104 0.557681 0.548933 0.541739 0.536007 0.531661 0.528649 0.526934 0.526493 0.527323 0.529433 0.532848 0.535838 0.534420 0.534293 0.535456 0.537923 0.541723 0.546905 0.553533 0.561694 0.571496 0.583076 0.596602 0.612280 0.630365 0.636899 0.617401 0.600465 0.585806 0.573194 0.562441 0.553391 0.545923 0.539937 0.535357 0.532125 0.530201 0.529563 0.530201 0.532125 0.535357 0.539937 0.545923 0.553391 0.561798 0.571828 0.583655 0.597451 0.613429 0.631848 0.653030 0.677370 0.705360 0.737615 0.774919 0.818273 0.868984 0.928780 1.000000 0.955172 0.823034 0.724546 0.648505 0.588192 0.539331 0.499076 0.465456 0.437066 0.412878 0.392121 0.374211 0.358691 0.345206 0.333472 0.323263 0.314395 0.310569 0.312304 0.314821 0.318151 0.322338 0.327435 0.333513 0.340657 0.348973 2004.500000 1.265747 0.626652
0.737615 0.774919 0.818273 0.868984 0.928780 1.000000 0.955172 0.823034 0.724546 0.648505 0.588192 0.539331 0.499076 0.465456 0.437066 0.412878 0.392121 0.374211 0.358691 0.345206 0.333472 0.323263 0.314395 0.310569 0.312304 0.314821 0.318151 0.322338 0.327435 0.333513 0.340657 0.348973 0.358590 0.369669 0.382404 0.397039 0.413875 0.433292 0.455774 0.481940 0.512603 0.548846 0.592139 0.644532 0.708970 0.789839 0.853067 0.819565 0.790428 0.765072 0.743026 0.723910 0.707414 0.693287 0.681322 0.671353 0.663246 0.656896 0.652223 0.649169 0.647696 0.647787 0.649443 0.652684 0.657550 0.664100 0.672418 0.682613 0.676920 0.651855 0.630044 0.611070 0.594596 0.580348 0.568104 0.557681 0.548933 0.541739 0.536007 0.531661 0.528649 0.526934 0.526493 0.527323 0.529433 0.532848 0.535838 0.534420 0.534293 0.535456 0.537923 0.541723 0.546905 0.553533 0.561694 0.571496 0.583076 0.596602 0.612280 0.630365 0.636899 0.617401 0.600465 0.585806 0.573194 0.562441 0.553391 0.545923 0.539937 0.535357 0.532125 0.530201 0.529563 0.530201 0.532125 0.535357 0.539937 0.545923 0.553391 0.561798 0.571828 0.583655 0.597451 0.613429 0.631848 0.653030 0.677370 0.705360 2004.500000 1.265747 0.626652
0.583076 0.596602 0.612280 0.630365 0.636899 0.617401 0.600465 0.585806 0.573194 0.562441 0.553391 0.545923 0.539937 0.535357 0.532125 0.530201 0.529563 0.530201 0.532125 0.535357 0.539937 0.545923 0.553391 0.561798 0.571828 0.583655 0.597451 0.613429 0.631848 0.653030 0.677370 0.705360 0.737615 0.774919 0.818273 0.868984 0.928780 1.000000 0.955172 0.823034 0.724546 0.648505 0.588192 0.539331 0.499076 0.465456 0.437066 0.412878 0.392121 0.374211 0.358691 0.345206 0.333472 0.323263 0.314395 0.310569 0.312304 0.314821 0.318151 0.322338 0.327435 0.333513 0.340657 0.348973 0.358590 0.369669 0.382404 0.397039 0.413875 0.433292 0.455774 0.481940 0.512603 0.548846 0.592139 0.644532 0.708970 0.789839 0.853067 0.819565 0.790428 0.765072 0.743026 0.723910 0.707414 0.693287 0.681322 0.671353 0.663246 0.656896 0.652223 0.649169 0.647696 0.647787 0.649443 0.652684 0.657550 0.664100 0.672418 0.682613 0.676920 0.651855 0.630044 0.611070 0.594596 0.580348 0.568104 0.557681 0.548933 0.541739 0.536007 0.531661 0.528649 0.526934 0.526493 0.527323 0.529433 0.532848 0.535838 0.534420 0.534293 0.535456 0.537923 0.541723 0.546905 0.553533 0.561694 0.571496 2004.500000 1.265747 0.626652
0.557935 0.560403 0.564259 0.569550 0.576342 0.584724 0.594808 0.606733 0.620671 0.636835 0.655486 0.676941 0.701596 0.729940 0.762584 0.781038 0.762257 0.746113 0.732367 0.720823 0.711324 0.703746 0.697991 0.693988 0.691688 0.691062 0.692103 0.694823 0.699256 0.705457 0.713503 0.723497 0.735573 0.749896 0.766671 0.786151 0.808646 0.834536 0.864290 0.898488 0.937857 0.915430 0.866254 0.823976 0.787441 0.755751 0.728201 0.704225 0.683371 0.665274 0.649635 0.636211 0.624807 0.615259 0.607441 0.601249 0.596605 0.593451 0.590129 0.587161 0.585627 0.585507 0.586801 0.589524 0.593709 0.599408 0.606694 0.615660 0.626427 0.639145 0.653997 0.671212 0.691068 0.713907 0.740150 0.770323 0.805083 0.845261 0.874958 0.835110 0.800577 0.770570 0.744459 0.721742 0.702012 0.684937 0.670250 0.657731 0.647201 0.638517 0.631565 0.626254 0.622520 0.624496 0.628859 0.634823 0.642463 0.651880 0.663198 0.676574 0.692204 0.710324 0.731227 0.755273 0.782904 0.814671 0.851262 0.893548 0.942645 1.000000 0.944118 0.885603 0.835815 0.793136 0.756337 0.724469 0.696790 0.672708 0.651753 0.633544 0.617773 0.604188 0.592584 0.582796 0.574687 0.568152 0.563104 0.559481 11999.500000 1.128804 0.743941
0.642463 0.651880 0.663198 0.676574 0.692204 0.710324 0.731227 0.755273 0.782904 0.814671 0.851262 0.893548 0.942645 1.000000 0.944118 0.885603 0.835815 0.793136 0.756337 0.724469 0.696790 0.672708 0.651753 0.633544 0.617773 0.604188 0.592584 0.582796 0.574687 0.568152 0.563104 0.559481 0.557935 0.560403 0.564259 0.569550 0.576342 0.584724 0.594808 0.606733 0.620671 0.636835 0.655486 0.676941 0.701596 0.729940 0.762584 0.781038 0.762257 0.746113 0.732367 0.720823 0.711324 0.703746 0.697991 0.693988 0.691688 0.691062 0.692103 0.694823 0.699256 0.705457 0.713503 0.723497 0.735573 0.749896 0.766671 0.786151 0.808646 0.834536 0.864290 0.898488 0.937857 0.915430 0.866254 0.823976 0.787441 0.755751 0.728201 0.704225 0.683371 0.665274 0.649635 0.636211 0.624807 0.615259 0.607441 0.601249 0.596605 0.593451 0.590129 0.587161 0.585627 0.585507 0.586801 0.589524 0.593709 0.599408 0.606694 0.615660 0.626427 0.639145 0.653997 0.671212 0.691068 0.713907 0.740150 0.770323 0.805083 0.845261 0.874958 0.835110 0.800577 0.770570 0.744459 0.721742 0.702012 0.684937 0.670250 0.657731 0.647201 0.638517 0.631565 0.626254 0.622520 0.624496 0.628859 0.634823 11999.500000 1.128804 0.743941
0.593709 0.599408 0.606694 0.615660 0.626427 0.639145 0.653997 0.671212 0.691068 0.713907 0.740150 0.770323 0.805083 0.845261 0.874958 0.835110 0.800577 0.770570 0.744459 0.721742 0.702012 0.684937 0.670250 0.657731 0.647201 0.638517 0.631565 0.626254 0.622520 0.624496 0.628859 0.634823 0.642463 0.651880 0.663198 0.676574 0.692204 0.710324 0.731227 0.755273 0.782904 0.814671 0.851262 0.893548 0.942645 1.000000 0.944118 0.885603 0.835815 0.793136 0.756337 0.724469 0.696790 0.672708 0.651753 0.633544 0.617773 0.604188 0.592584 0.582796 0.574687 0.568152 0.563104 0.559481 0.557935 0.560403 0.564259 0.569550 0.576342 0.584724 0.594808 0.606733 0.620671 0.636835 0.655486 0.676941 0.701596 0.729940 0.762584 0.781038 0.762257 0.746113 0.732367 0.720823 0.711324 0.703746 0.697991 0.693988 0.691688 0.691062 0.692103 0.694823 0.699256 0.705457 0.713503 0.723497 0.735573 0.749896 0.766671 0.786151 0.808646 0.834536 0.864290 0.898488 0.937857 0.915430 0.866254 0.823976 0.787441 0.755751 0.728201 0.704225 0.683371 0.665274 0.649635 0.636211 0.624807 0.615259 0.607441 0.601249 0.596605 0.593451 0.590129 0.587161 0.585627 0.585507 0.586801 0.589524 11999.500000 1.128804 0.743941
0.735573 0.749896 0.766671 0.786151 0.808646 0.834536 0.864290 0.898488 0.937857 0.915430 0.866254 0.823976 0.787441 0.755751 0.728201 0.704225 0.683371 0.665274 0.649635 0.636211 0.624807 0.615259 0.607441 0.601249 0.596605 0.593451 0.590129 0.587161 0.585627 0.585507 0.586801 0.589524 0.593709 0.599408 0.606694 0.615660 0.626427 0.639145 0.653997 0.671212 0.691068 0.713907 0.740150 0.770323 0.805083 0.845261 0.874958 0.835110 0.800577 0.770570 0.744459 0.721742 0.702012 0.684937 0.670250 0.657731 0.647201 0.638517 0.631565 0.626254 0.622520 0.624496 0.628859 0.634823 0.642463 0.651880 0.663198 0.676574 0.692204 0.710324 0.731227 0.755273 0.782904 0.814671 0.851262 0.893548 0.942645 1.000000 0.944118 0.885603 0.835815 0.793136 0.756337 0.724469 0.696790 0.672708 0.651753 0.633544 0.617773 0.604188 0.592584 0.582796 0.574687 0.568152 0.563104 0.559481 0.557935 0.560403 0.564259 0.569550 0.576342 0.584724 0.594808 0.606733 0.620671 0.636835 0.655486 0.676941 0.701596 0.729940 0.762584 0.781038 0.762257 0.746113 0.732367 0.720823 0.711324 0.703746 0.697991 0.693988 0.691688 0.691062 0.692103 0.694823 0.699256 0.705457 0.713503 0.723497 11999.500000 1.128804 0.743941
0.618073 0.624185 0.631956 0.641489 0.652910 0.666380 0.682094 0.700296 0.721282 0.745415 0.773146 0.805034 0.794797 0.776357 0.760543 0.747126 0.735915 0.726761 0.719544 0.714172 0.710580 0.708722 0.708576 0.710141 0.713435 0.718499 0.725396 0.734212 0.745062 0.758091 0.773480 0.791454 0.793553 0.772613 0.754520 0.738994 0.725808 0.714776 0.705750 0.698610 0.693267 0.689653 0.687726 0.687460 0.688854 0.691923 0.696707 0.703262 0.711673 0.722048 0.734526 0.749280 0.766523 0.786517 0.809585 0.836123 0.866617 0.888942 0.852693 0.821185 0.793767 0.769916 0.749208 0.731301 0.715914 0.702819 0.691832 0.682803 0.675612 0.670170 0.666407 0.664277 0.663755 0.664834 0.667527 0.671868 0.677909 0.685727 0.695422 0.699932 0.685772 0.673764 0.663742 0.655569 0.649139 0.644372 0.641208 0.639608 0.639553 0.641043 0.644094 0.648745 0.655053 0.663099 0.672985 0.684846 0.698847 0.714882 0.728425 0.744318 0.762799 0.784159 0.808753 0.837022 0.869509 0.906893 0.950028 1.000000 0.958553 0.903437 0.856266 0.815644 0.780497 0.749985 0.723447 0.700352 0.680275 0.662868 0.647852 0.634998 0.624117 0.617765 0.613326 0.610411 0.608984 0.609027 0.610541 0.613544 6080.000000 1.154344 0.821603
0.698847 0.714882 0.728425 0.744318 0.762799 0.784159 0.808753 0.837022 0.869509 0.906893 0.950028 1.000000 0.958553 0.903437 0.856266 0.815644 0.780497 0.749985 0.723447 0.700352 0.680275 0.662868 0.647852 0.634998 0.624117 0.617765 0.613326 0.610411 0.608984 0.609027 0.610541 0.613544 0.618073 0.624185 0.631956 0.641489 0.652910 0.666380 0.682094 0.700296 0.721282 0.745415 0.773146 0.805034 0.794797 0.776357 0.760543 0.747126 0.735915 0.726761 0.719544 0.714172 0.710580 0.708722 0.708576 0.710141 0.713435 0.718499 0.725396 0.734212 0.745062 0.758091 0.773480 0.791454 0.793553 0.772613 0.754520 0.738994 0.725808 0.714776 0.705750 0.698610 0.693267 0.689653 0.687726 0.687460 0.688854 0.691923 0.696707 0.703262 0.711673 0.722048 0.734526 0.749280 0.766523 0.786517 0.809585 0.836123 0.866617 0.888942 0.852693 0.821185 0.793767 0.769916 0.749208 0.731301 0.715914 0.702819 0.691832 0.682803 0.675612 0.670170 0.666407 0.664277 0.663755 0.664834 0.667527 0.671868 0.677909 0.685727 0.695422 0.699932 0.685772 0.673764 0.663742 0.655569 0.649139 0.644372 0.641208 0.639608 0.639553 0.641043 0.644094 0.648745 0.655053 0.663099 0.672985 0.684846 6080.000000 1.154344 0.821603
0.715914 0.702819 0.691832 0.682803 0.675612 0.670170 0.666407 0.664277 0.663755 0.664834 0.667527 0.671868 0.677909 0.685727 0.695422 0.699932 0.685772 0.673764 0.663742 0.655569 0.649139 0.644372 0.641208 0.639608 0.639553 0.641043 0.644094 0.648745 0.655053 0.663099 0.672985 0.684846 0.698847 0.714882 0.728425 0.744318 0.762799 0.784159 0.808753 0.837022 0.869509 0.906893 0.950028 1.000000 0.958553 0.903437 0.856266 0.815644 0.780497 0.749985 0.723447 0.700352 0.680275 0.662868 0.647852 0.634998 0.624117 0.617765 0.613326 0.610411 0.608984 0.609027 0.610541 0.613544 0.618073 0.624185 0.631956 0.641489 0.652910 0.666380 0.682094 0.700296 0.721282 0.745415 0.773146 0.805034 0.794797 0.776357 0.760543 0.747126 0.735915 0.726761 0.719544 0.714172 0.710580 0.708722 0.708576 0.710141 0.713435 0.718499 0.725396 0.734212 0.745062 0.758091 0.773480 0.791454 0.793553 0.772613 0.754520 0.738994 0.725808 0.714776 0.705750 0.698610 0.693267 0.689653 0.687726 0.687460 0.688854 0.691923 0.696707 0.703262 0.711673 0.722048 0.734526 0.749280 0.766523 0.786517 0.809585 0.836123 0.866617 0.888942 0.852693 0.821185 0.793767 0.769916 0.749208 0.731301 6080.000000 1.154344 0.821603
0.793553 0.772613 0.754520 0.738994 0.725808 0.714776 0.705750 0.698610 0.693267 0.689653 0.687726 0.687460 0.688854 0.691923 0.696707 0.703262 0.711673 0.722048 0.734526 0.749280 0.766523 0.786517 0.809585 0.836123 0.866617 0.888942 0.852693 0.821185 0.793767 0.769916 0.749208 0.731301 0.715914 0.702819 0.691832 0.682803 0.675612 0.670170 0.666407 0.664277 0.663755 0.664834 0.667527 0.671868 0.677909 0.685727 0.695422 0.699932 0.685772 0.673764 0.663742 0.655569 0.649139 0.644372 0.641208 0.639608 0.639553 0.641043 0.644094 0.648745 0.655053 0.663099 0.672985 0.684846 0.698847 0.714882 0.728425 0.744318 0.762799 0.784159 0.808753 0.837022 0.869509 0.906893 0.950028 1.000000 0.958553 0.903437 0.856266 0.815644 0.780497 0.749985 0.723447 0.700352 0.680275 0.662868 0.647852 0.634998 0.624117 0.617765 0.613326 0.610411 0.608984 0.609027 0.610541 0.613544 0.618073 0.624185 0.631956 0.641489 0.652910 0.666380 0.682094 0.700296 0.721282 0.745415 0.773146 0.805034 0.794797 0.776357 0.760543 0.747126 0.735915 0.726761 0.719544 0.714172 0.710580 0.708722 0.708576 0.710141 0.713435 0.718499 0.725396 0.734212 0.745062 0.758091 0.773480 0.791454 6080.000000 1.154344 0.821603
0.828340 0.795004 0.766022 0.740800 0.718862 0.699824 0.683373 0.669252 0.657254 0.647211 0.638986 0.632472 0.627586 0.624268 0.622476 0.622189 0.623403 0.626134 0.630414 0.636296 0.643855 0.653188 0.664420 0.677706 0.693238 0.711253 0.732040 0.755954 0.783435 0.815026 0.851409 0.893446 0.875533 0.836393 0.802453 0.772949 0.747275 0.724942 0.705555 0.688794 0.674398 0.662154 0.651889 0.643464 0.636769 0.631717 0.628247 0.626315 0.625899 0.626992 0.629609 0.633780 0.639559 0.647017 0.656250 0.667382 0.680566 0.695991 0.713892 0.734555 0.758330 0.785652 0.817058 0.853221 0.894989 0.943447 1.000000 0.959464 0.906715 0.861431 0.822342 0.788463 0.759022 0.733403 0.711114 0.691758 0.675010 0.660608 0.648338 0.638023 0.629525 0.622730 0.617553 0.613927 0.611809 0.611173 0.612012 0.614334 0.618169 0.623564 0.630587 0.639327 0.649901 0.662453 0.677163 0.694251 0.713989 0.736709 0.762820 0.792830 0.791296 0.771290 0.754043 0.739292 0.726824 0.716468 0.708084 0.701565 0.696828 0.693815 0.692489 0.692833 0.694854 0.698573 0.704038 0.711317 0.720501 0.731711 0.745099 0.760853 0.779206 0.800442 0.824910 0.853042 0.885368 0.922551 0.911250 0.866774 12981.500000 1.143111 0.768213
0.713989 0.736709 0.762820 0.792830 0.791296 0.771290 0.754043 0.739292 0.726824 0.716468 0.708084 0.701565 0.696828 0.693815 0.692489 0.692833 0.694854 0.698573 0.704038 0.711317 0.720501 0.731711 0.745099 0.760853 0.779206 0.800442 0.824910 0.853042 0.885368 0.922551 0.911250 0.866774 0.828340 0.795004 0.766022 0.740800 0.718862 0.699824 0.683373 0.669252 0.657254 0.647211 0.638986 0.632472 0.627586 0.624268 0.622476 0.622189 0.623403 0.626134 0.630414 0.636296 0.643855 0.653188 0.664420 0.677706 0.693238 0.711253 0.732040 0.755954 0.783435 0.815026 0.851409 0.893446 0.875533 0.836393 0.802453 0.772949 0.747275 0.724942 0.705555 0.688794 0.674398 0.662154 0.651889 0.643464 0.636769 0.631717 0.628247 0.626315 0.625899 0.626992 0.629609 0.633780 0.639559 0.647017 0.656250 0.667382 0.680566 0.695991 0.713892 0.734555 0.758330 0.785652 0.817058 0.853221 0.894989 0.943447 1.000000 0.959464 0.906715 0.861431 0.822342 0.788463 0.759022 0.733403 0.711114 0.691758 0.675010 0.660608 0.648338 0.638023 0.629525 0.622730 0.617553 0.613927 0.611809 0.611173 0.612012 0.614334 0.618169 0.623564 0.630587 0.639327 0.649901 0.662453 0.677163 0.694251 12981.500000 1.143111 0.768213
0.894989 0.943447 1.000000 0.959464 0.906715 0.861431 0.822342 0.788463 0.759022 0.733403 0.711114 0.691758 0.675010 0.660608 0.648338 0.638023 0.629525 0.622730 0.617553 0.613927 0.611809 0.611173 0.612012 0.614334 0.618169 0.623564 0.630587 0.639327 0.649901 0.662453 0.677163 0.694251 0.713989 0.736709 0.762820 0.792830 0.791296 0.771290 0.754043 0.739292 0.726824 0.716468 0.708084 0.701565 0.696828 0.693815 0.692489 0.692833 0.694854 0.698573 0.704038 0.711317 0.720501 0.731711 0.745099 0.760853 0.779206 0.800442 0.824910 0.853042 0.885368 0.922551 0.911250 0.866774 0.828340 0.795004 0.766022 0.740800 0.718862 0.699824 0.683373 0.669252 0.657254 0.647211 0.638986 0.632472 0.627586 0.624268 0.622476 0.622189 0.623403 0.626134 0.630414 0.636296 0.643855 0.653188 0.664420 0.677706 0.693238 0.711253 0.732040 0.755954 0.783435 0.815026 0.851409 0.893446 0.875533 0.836393 0.802453 0.772949 0.747275 0.724942 0.705555 0.688794 0.674398 0.662154 0.651889 0.643464 0.636769 0.631717 0.628247 0.626315 0.625899 0.626992 0.629609 0.633780 0.639559 0.647017 0.656250 0.667382 0.680566 0.695991 0.713892 0.734555 0.758330 0.785652 0.817058 0.853221 12981.500000 1.143111 0.768213
0.875533 0.836393 0.802453 0.772949 0.747275 0.724942 0.705555 0.688794 0.674398 0.662154 0.651889 0.643464 0.636769 0.631717 0.628247 0.626315 0.625899 0.626992 0.629609 0.633780 0.639559 0.647017 0.656250 0.667382 0.680566 0.695991 0.713892 0.734555 0.758330 0.785652 0.817058 0.853221 0.894989 0.943447 1.000000 0.959464 0.906715 0.861431 0.822342 0.788463 0.759022 0.733403 0.711114 0.691758 0.675010 0.660608 0.648338 0.638023 0.629525 0.622730 0.617553 0.613927 0.611809 0.611173 0.612012 0.614334 0.618169 0.623564 0.630587 0.639327 0.649901 0.662453 0.677163 0.694251 0.713989 0.736709 0.762820 0.792830 0.791296 0.771290 0.754043 0.739292 0.726824 0.716468 0.708084 0.701565 0.696828 0.693815 0.692489 0.692833 0.694854 0.698573 0.704038 0.711317 0.720501 0.731711 0.745099 0.760853 0.779206 0.800442 0.824910 0.853042 0.885368 0.922551 0.911250 0.866774 0.828340 0.795004 0.766022 0.740800 0.718862 0.699824 0.683373 0.669252 0.657254 0.647211 0.638986 0.632472 0.627586 0.624268 0.622476 0.622189 0.623403 0.626134 0.630414 0.636296 0.643855 0.653188 0.664420 0.677706 0.693238 0.711253 0.732040 0.755954 0.783435 0.815026 0.851409 0.893446 12981.500000 1.143111 0.768213
0.839801 0.817198 0.797652 0.780855 0.766560 0.754565 0.744705 0.736852 0.730905 0.726791 0.724458 0.723878 0.725044 0.726411 0.705079 0.686571 0.670584 0.656872 0.645232 0.635501 0.627550 0.621273 0.616590 0.613445 0.611798 0.611630 0.612938 0.615738 0.620064 0.625970 0.633531 0.642844 0.654034 0.667257 0.682704 0.700611 0.721267 0.745027 0.772330 0.803720 0.838688 0.828937 0.821366 0.815880 0.812411 0.810917 0.811379 0.813803 0.818219 0.824681 0.833269 0.844092 0.857293 0.873050 0.891585 0.913172 0.938146 0.966920 1.000000 0.983249 0.937734 0.898314 0.864072 0.834281 0.808359 0.785835 0.766328 0.749528 0.735182 0.723084 0.713068 0.705001 0.698778 0.694323 0.691580 0.690515 0.691116 0.693390 0.697364 0.677634 0.660193 0.645142 0.632251 0.621333 0.612236 0.604837 0.599041 0.594774 0.591983 0.590635 0.590713 0.592218 0.595168 0.599599 0.607000 0.618538 0.632075 0.647814 0.666002 0.686944 0.711013 0.738675 0.770508 0.807240 0.849800 0.899384 0.957563 0.942419 0.918737 0.898326 0.880879 0.866143 0.853916 0.844034 0.836370 0.830827 0.827338 0.825859 0.826372 0.828884 0.833426 0.840052 0.848846 0.859919 0.873417 0.889523 0.895761 0.865835 1861.000000 1.261267 0.844086
0.632075 0.647814 0.666002 0.686944 0.711013 0.738675 0.770508 0.807240 0.849800 0.899384 0.957563 0.942419 0.918737 0.898326 0.880879 0.866143 0.853916 0.844034 0.836370 0.830827 0.827338 0.825859 0.826372 0.828884 0.833426 0.840052 0.848846 0.859919 0.873417 0.889523 0.895761 0.865835 0.839801 0.817198 0.797652 0.780855 0.766560 0.754565 0.744705 0.736852 0.730905 0.726791 0.724458 0.723878 0.725044 0.726411 0.705079 0.686571 0.670584 0.656872 0.645232 0.635501 0.627550 0.621273 0.616590 0.613445 0.611798 0.611630 0.612938 0.615738 0.620064 0.625970 0.633531 0.642844 0.654034 0.667257 0.682704 0.700611 0.721267 0.745027 0.772330 0.803720 0.838688 0.828937 0.821366 0.815880 0.812411 0.810917 0.811379 0.813803 0.818219 0.824681 0.833269 0.844092 0.857293 0.873050 0.891585 0.913172 0.938146 0.966920 1.000000 0.983249 0.937734 0.898314 0.864072 0.834281 0.808359 0.785835 0.766328 0.749528 0.735182 0.723084 0.713068 0.705001 0.698778 0.694323 0.691580 0.690515 0.691116 0.693390 0.697364 0.677634 0.660193 0.645142 0.632251 0.621333 0.612236 0.604837 0.599041 0.594774 0.591983 0.590635 0.590713 0.592218 0.595168 0.599599 0.607000 0.618538 1861.000000 1.261267 0.844086
0.808359 0.785835 0.766328 0.749528 0.735182 0.723084 0.713068 0.705001 0.698778 0.694323 0.691580 0.690515 0.691116 0.693390 0.697364 0.677634 0.660193 0.645142 0.632251 0.621333 0.612236 0.604837 0.599041 0.594774 0.591983 0.590635 0.590713 0.592218 0.595168 0.599599 0.607000 0.618538 0.632075 0.647814 0.666002 0.686944 0.711013 0.738675 0.770508 0.807240 0.849800 0.899384 0.957563 0.942419 0.918737 0.898326 0.880879 0.866143 0.853916 0.844034 0.836370 0.830827 0.827338 0.825859 0.826372 0.828884 0.833426 0.840052 0.848846 0.859919 0.873417 0.889523 0.895761 0.865835 0.839801 0.817198 0.797652 0.780855 0.766560 0.754565 0.744705 0.736852 0.730905 0.726791 0.724458 0.723878 0.725044 0.726411 0.705079 0.686571 0.670584 0.656872 0.645232 0.635501 0.627550 0.621273 0.616590 0.613445 0.611798 0.611630 0.612938 0.615738 0.620064 0.625970 0.633531 0.642844 0.654034 0.667257 0.682704 0.700611 0.721267 0.745027 0.772330 0.803720 0.838688 0.828937 0.821366 0.815880 0.812411 0.810917 0.811379 0.813803 0.818219 0.824681 0.833269 0.844092 0.857293 0.873050 0.891585 0.913172 0.938146 0.966920 1.000000 0.983249 0.937734 0.898314 0.864072 0.834281 1861.000000 1.261267 0.844086
0.654034 0.667257 0.682704 0.700611 0.721267 0.745027 0.772330 0.803720 0.838688 0.828937 0.821366 0.815880 0.812411 0.810917 0.811379 0.813803 0.818219 0.824681 0.833269 0.844092 0.857293 0.873050 0.891585 0.913172 0.938146 0.966920 1.000000 0.983249 0.937734 0.898314 0.864072 0.834281 0.808359 0.785835 0.766328 0.749528 0.735182 0.723084 0.713068 0.705001 0.698778 0.694323 0.691580 0.690515 0.691116 0.693390 0.697364 0.677634 0.660193 0.645142 0.632251 0.621333 0.612236 0.604837 0.599041 0.594774 0.591983 0.590635 0.590713 0.592218 0.595168 0.599599 0.607000 0.618538 0.632075 0.647814 0.666002 0.686944 0.711013 0.738675 0.770508 0.807240 0.849800 0.899384 0.957563 0.942419 0.918737 0.898326 0.880879 0.866143 0.853916 0.844034 0.836370 0.830827 0.827338 0.825859 0.826372 0.828884 0.833426 0.840052 0.848846 0.859919 0.873417 0.889523 0.895761 0.865835 0.839801 0.817198 0.797652 0.780855 0.766560 0.754565 0.744705 0.736852 0.730905 0.726791 0.724458 0.723878 0.725044 0.726411 0.705079 0.686571 0.670584 0.656872 0.645232 0.635501 0.627550 0.621273 0.616590 0.613445 0.611798 0.611630 0.612938 0.615738 0.620064 0.625970 0.633531 0.642844 1861.000000 1.261267 0.844086
0.399576 0.403387 0.412840 0.423792 0.436421 0.450945 0.467635 0.486825 0.508937 0.534502 0.564202 0.598924 0.639844 0.688545 0.747218 0.818980 0.908410 0.889107 0.870991 0.855618 0.842774 0.832286 0.824015 0.817859 0.813740 0.811607 0.811435 0.813222 0.816990 0.822784 0.830676 0.840766 0.853185 0.868099 0.846455 0.807341 0.773463 0.744034 0.718430 0.696150 0.676793 0.660029 0.645594 0.633270 0.622880 0.614281 0.607360 0.602027 0.598215 0.595878 0.594987 0.595532 0.597518 0.600969 0.605930 0.606793 0.594915 0.584875 0.576535 0.569782 0.564530 0.560712 0.558282 0.557209 0.557480 0.559100 0.562087 0.566478 0.572328 0.579711 0.588724 0.599488 0.598871 0.598503 0.599579 0.602112 0.606133 0.611691 0.618857 0.627723 0.638408 0.651057 0.665855 0.683025 0.702842 0.725643 0.751846 0.781966 0.816649 0.856712 0.903197 0.957454 1.000000 0.953937 0.914036 0.879372 0.849213 0.822970 0.800171 0.780430 0.763435 0.748930 0.736707 0.726600 0.718473 0.712223 0.707772 0.705063 0.704065 0.704765 0.707172 0.711315 0.695490 0.649681 0.610914 0.577828 0.549396 0.524836 0.503539 0.485026 0.468916 0.454902 0.442737 0.432220 0.423187 0.415504 0.409063 0.403777 5439.500000 1.358013 0.755049
0.849213 0.822970 0.800171 0.780430 0.763435 0.748930 0.736707 0.726600 0.718473 0.712223 0.707772 0.705063 0.704065 0.704765 0.707172 0.711315 0.695490 0.649681 0.610914 0.577828 0.549396 0.524836 0.503539 0.485026 0.468916 0.454902 0.442737 0.432220 0.423187 0.415504 0.409063 0.403777 0.399576 0.403387 0.412840 0.423792 0.436421 0.450945 0.467635 0.486825 0.508937 0.534502 0.564202 0.598924 0.639844 0.688545 0.747218 0.818980 0.908410 0.889107 0.870991 0.855618 0.842774 0.832286 0.824015 0.817859 0.813740 0.811607 0.811435 0.813222 0.816990 0.822784 0.830676 0.840766 0.853185 0.868099 0.846455 0.807341 0.773463 0.744034 0.718430 0.696150 0.676793 0.660029 0.645594 0.633270 0.622880 0.614281 0.607360 0.602027 0.598215 0.595878 0.594987 0.595532 0.597518 0.600969 0.605930 0.606793 0.594915 0.584875 0.576535 0.569782 0.564530 0.560712 0.558282 0.557209 0.557480 0.559100 0.562087 0.566478 0.572328 0.579711 0.588724 0.599488 0.598871 0.598503 0.599579 0.602112 0.606133 0.611691 0.618857 0.627723 0.638408 0.651057 0.665855 0.683025 0.702842 0.725643 0.751846 0.781966 0.816649 0.856712 0.903197 0.957454 1.000000 0.953937 0.914036 0.879372 5439.500000 1.358013 0.755049
0.557480 0.559100 0.562087 0.566478 0.572328 0.579711 0.588724 0.599488 0.598871 0.598503 0.599579 0.602112 0.606133 0.611691 0.618857 0.627723 0.638408 0.651057 0.665855 0.683025 0.702842 0.725643 0.751846 0.781966 0.816649 0.856712 0.903197 0.957454 1.000000 0.953937 0.914036 0.879372 0.849213 0.822970 0.800171 0.780430 0.763435 0.748930 0.736707 0.726600 0.718473 0.712223 0.707772 0.705063 0.704065 0.704765 0.707172 0.711315 0.695490 0.649681 0.610914 0.577828 0.549396 0.524836 0.503539 0.485026 0.468916 0.454902 0.442737 0.432220 0.423187 0.415504 0.409063 0.403777 0.399576 0.403387 0.412840 0.423792 0.436421 0.450945 0.467635 0.486825 0.508937 0.534502 0.564202 0.598924 0.639844 0.688545 0.747218 0.818980 0.908410 0.889107 0.870991 0.855618 0.842774 0.832286 0.824015 0.817859 0.813740 0.811607 0.811435 0.813222 0.816990 0.822784 0.830676 0.840766 0.853185 0.868099 0.846455 0.807341 0.773463 0.744034 0.718430 0.696150 0.676793 0.660029 0.645594 0.633270 0.622880 0.614281 0.607360 0.602027 0.598215 0.595878 0.594987 0.595532 0.597518 0.600969 0.605930 0.606793 0.594915 0.584875 0.576535 0.569782 0.564530 0.560712 0.558282 0.557209 5439.500000 1.358013 0.755049
0.853185 0.868099 0.846455 0.807341 0.773463 0.744034 0.718430 0.696150 0.676793 0.660029 0.645594 0.633270 0.622880 0.614281 0.607360 0.602027 0.598215 0.595878 0.594987 0.595532 0.597518 0.600969 0.605930 0.606793 0.594915 0.584875 0.576535 0.569782 0.564530 0.560712 0.558282 0.557209 0.557480 0.559100 0.562087 0.566478 0.572328 0.579711 0.588724 0.599488 0.598871 0.598503 0.599579 0.602112 0.606133 0.611691 0.618857 0.627723 0.638408 0.651057 0.665855 0.683025 0.702842 0.725643 0.751846 0.781966 0.816649 0.856712 0.903197 0.957454 1.000000 0.953937 0.914036 0.879372 0.849213 0.822970 0.800171 0.780430 0.763435 0.748930 0.736707 0.726600 0.718473 0.712223 0.707772 0.705063 0.704065 0.704765 0.707172 0.711315 0.695490 0.649681 0.610914 0.577828 0.549396 0.524836 0.503539 0.485026 0.468916 0.454902 0.442737 0.432220 0.423187 0.415504 0.409063 0.403777 0.399576 0.403387 0.412840 0.423792 0.436421 0.450945 0.467635 0.486825 0.508937 0.534502 0.564202 0.598924 0.639844 0.688545 0.747218 0.818980 0.908410 0.889107 0.870991 0.855618 0.842774 0.832286 0.824015 0.817859 0.813740 0.811607 0.811435 0.813222 0.816990 0.822784 0.830676 0.840766 5439.500000 1.358013 0.755049
0.441987 0.434515 0.428306 0.423278 0.419365 0.416518 0.414701 0.413893 0.414084 0.415276 0.417483 0.420733 0.425066 0.430537 0.437218 0.445199 0.454592 0.465536 0.478200 0.492793 0.509571 0.528850 0.551026 0.576592 0.606177 0.640590 0.680884 0.728460 0.785218 0.816520 0.789727 0.766423 0.746202 0.728731 0.713739 0.701007 0.690354 0.681638 0.674745 0.669587 0.666099 0.664240 0.663986 0.665334 0.668302 0.672924 0.679258 0.687385 0.697408 0.709463 0.684595 0.654829 0.628996 0.606529 0.586977 0.569976 0.555233 0.542507 0.531603 0.522363 0.514657 0.508382 0.503456 0.499818 0.497421 0.496237 0.496252 0.497464 0.499890 0.503559 0.508517 0.514825 0.522567 0.531845 0.535730 0.523837 0.513671 0.505086 0.497963 0.492207 0.487745 0.484519 0.482491 0.481635 0.481941 0.483413 0.486068 0.489939 0.495075 0.501541 0.509421 0.518823 0.529879 0.542752 0.557644 0.574799 0.594521 0.617184 0.643254 0.673318 0.708119 0.748616 0.796060 0.852115 0.919045 1.000000 0.942884 0.866264 0.802950 0.749945 0.705097 0.666827 0.633946 0.605545 0.580919 0.559514 0.540886 0.524682 0.510615 0.498452 0.488004 0.479115 0.471659 0.465537 0.460667 0.456988 0.454453 0.450825 14111.500000 1.627287 0.707076
0.594521 0.617184 0.643254 0.673318 0.708119 0.748616 0.796060 0.852115 0.919045 1.000000 0.942884 0.866264 0.802950 0.749945 0.705097 0.666827 0.633946 0.605545 0.580919 0.559514 0.540886 0.524682 0.510615 0.498452 0.488004 0.479115 0.471659 0.465537 0.460667 0.456988 0.454453 0.450825 0.441987 0.434515 0.428306 0.423278 0.419365 0.416518 0.414701 0.413893 0.414084 0.415276 0.417483 0.420733 0.425066 0.430537 0.437218 0.445199 0.454592 0.465536 0.478200 0.492793 0.509571 0.528850 0.551026 0.576592 0.606177 0.640590 0.680884 0.728460 0.785218 0.816520 0.789727 0.766423 0.746202 0.728731 0.713739 0.701007 0.690354 0.681638 0.674745 0.669587 0.666099 0.664240 0.663986 0.665334 0.668302 0.672924 0.679258 0.687385 0.697408 0.709463 0.684595 0.654829 0.628996 0.606529 0.586977 0.569976 0.555233 0.542507 0.531603 0.522363 0.514657 0.508382 0.503456 0.499818 0.497421 0.496237 0.496252 0.497464 0.499890 0.503559 0.508517 0.514825 0.522567 0.531845 0.535730 0.523837 0.513671 0.505086 0.497963 0.492207 0.487745 0.484519 0.482491 0.481635 0.481941 0.483413 0.486068 0.489939 0.495075 0.501541 0.509421 0.518823 0.529879 0.542752 0.557644 0.574799 14111.500000 1.627287 0.707076
0.497421 0.496237 0.496252 0.497464 0.499890 0.503559 0.508517 0.514825 0.522567 0.531845 0.535730 0.523837 0.513671 0.505086 0.497963 0.492207 0.487745 0.484519 0.482491 0.481635 0.481941 0.483413 0.486068 0.489939 0.495075 0.501541 0.509421 0.518823 0.529879 0.542752 0.557644 0.574799 0.594521 0.617184 0.643254 0.673318 0.708119 0.748616 0.796060 0.852115 0.919045 1.000000 0.942884 0.866264 0.802950 0.749945 0.705097 0.666827 0.633946 0.605545 0.580919 0.559514 0.540886 0.524682 0.510615 0.498452 0.488004 0.479115 0.471659 0.465537 0.460667 0.456988 0.454453 0.450825 0.441987 0.434515 0.428306 0.423278 0.419365 0.416518 0.414701 0.413893 0.414084 0.415276 0.417483 0.420733 0.425066 0.430537 0.437218 0.445199 0.454592 0.465536 0.478200 0.492793 0.509571 0.528850 0.551026 0.576592 0.606177 0.640590 0.680884 0.728460 0.785218 0.816520 0.789727 0.766423 0.746202 0.728731 0.713739 0.701007 0.690354 0.681638 0.674745 0.669587 0.666099 0.664240 0.663986 0.665334 0.668302 0.672924 0.679258 0.687385 0.697408 0.709463 0.684595 0.654829 0.628996 0.606529 0.586977 0.569976 0.555233 0.542507 0.531603 0.522363 0.514657 0.508382 0.503456 0.499818 14111.500000 1.627287 0.707076
0.746202 0.728731 0.713739 0.701007 0.690354 0.681638 0.674745 0.669587 0.666099 0.664240 0.663986 0.665334 0.668302 0.672924 0.679258 0.687385 0.697408 0.709463 0.684595 0.654829 0.628996 0.606529 0.586977 0.569976 0.555233 0.542507 0.531603 0.522363 0.514657 0.508382 0.503456 0.499818 0.497421 0.496237 0.496252 0.497464 0.499890 0.503559 0.508517 0.514825 0.522567 0.531845 0.535730 0.523837 0.513671 0.505086 0.497963 0.492207 0.487745 0.484519 0.482491 0.481635 0.481941 0.483413 0.486068 0.489939 0.495075 0.501541 0.509421 0.518823 0.529879 0.542752 0.557644 0.574799 0.594521 0.617184 0.643254 0.673318 0.708119 0.748616 0.796060 0.852115 0.919045 1.000000 0.942884 0.866264 0.802950 0.749945 0.705097 0.666827 0.633946 0.605545 0.580919 0.559514 0.540886 0.524682 0.510615 0.498452 0.488004 0.479115 0.471659 0.465537 0.460667 0.456988 0.454453 0.450825 0.441987 0.434515 0.428306 0.423278 0.419365 0.416518 0.414701 0.413893 0.414084 0.415276 0.417483 0.420733 0.425066 0.430537 0.437218 0.445199 0.454592 0.465536 0.478200 0.492793 0.509571 0.528850 0.551026 0.576592 0.606177 0.640590 0.680884 0.728460 0.785218 0.816520 0.789727 0.766423 14111.500000 1.627287 0.707076
0.830783 0.854454 0.821539 0.792905 0.767988 0.746332 0.727569 0.711398 0.697574 0.685898 0.676208 0.668377 0.662301 0.657907 0.655137 0.653960 0.654361 0.656344 0.659935 0.665175 0.663385 0.648221 0.635231 0.624225 0.615051 0.607585 0.601731 0.597413 0.594580 0.593195 0.593243 0.594723 0.597655 0.602073 0.608032 0.615609 0.624901 0.636034 0.649162 0.646491 0.634308 0.624052 0.615581 0.608784 0.603574 0.599885 0.597672 0.596908 0.597583 0.599707 0.603304 0.608420 0.615117 0.623482 0.633626 0.645686 0.659834 0.676283 0.695290 0.717174 0.742327 0.771234 0.804500 0.842887 0.887366 0.939189 1.000000 0.952289 0.893031 0.842628 0.799433 0.762197 0.729956 0.701954 0.677594 0.656395 0.637973 0.622015 0.608265 0.596516 0.586598 0.578376 0.571739 0.566602 0.562900 0.560589 0.559639 0.560039 0.561794 0.564926 0.569305 0.563343 0.558837 0.555730 0.553985 0.553581 0.554512 0.556790 0.560442 0.565514 0.572069 0.580192 0.589991 0.601601 0.615189 0.630960 0.649165 0.670115 0.694191 0.721864 0.732241 0.721794 0.713335 0.706755 0.701972 0.698924 0.697577 0.697913 0.699936 0.703671 0.709163 0.716482 0.725720 0.736998 0.750468 0.766321 0.784789 0.806159 1067.000000 1.269145 0.816060
0.554512 0.556790 0.560442 0.565514 0.572069 0.580192 0.589991 0.601601 0.615189 0.630960 0.649165 0.670115 0.694191 0.721864 0.732241 0.721794 0.713335 0.706755 0.701972 0.698924 0.697577 0.697913 0.699936 0.703671 0.709163 0.716482 0.725720 0.736998 0.750468 0.766321 0.784789 0.806159 0.830783 0.854454 0.821539 0.792905 0.767988 0.746332 0.727569 0.711398 0.697574 0.685898 0.676208 0.668377 0.662301 0.657907 0.655137 0.653960 0.654361 0.656344 0.659935 0.665175 0.663385 0.648221 0.635231 0.624225 0.615051 0.607585 0.601731 0.597413 0.594580 0.593195 0.593243 0.594723 0.597655 0.602073 0.608032 0.615609 0.624901 0.636034 0.649162 0.646491 0.634308 0.624052 0.615581 0.608784 0.603574 0.599885 0.597672 0.596908 0.597583 0.599707 0.603304 0.608420 0.615117 0.623482 0.633626 0.645686 0.659834 0.676283 0.695290 0.717174 0.742327 0.771234 0.804500 0.842887 0.887366 0.939189 1.000000 0.952289 0.893031 0.842628 0.799433 0.762197 0.729956 0.701954 0.677594 0.656395 0.637973 0.622015 0.608265 0.596516 0.586598 0.578376 0.571739 0.566602 0.562900 0.560589 0.559639 0.560039 0.561794 0.564926 0.569305 0.563343 0.558837 0.555730 0.553985 0.553581 1067.000000 1.269145 0.816060
0.887366 0.939189 1.000000 0.952289 0.893031 0.842628 0.799433 0.762197 0.729956 0.701954 0.677594 0.656395 0.637973 0.622015 0.608265 0.596516 0.586598 0.578376 0.571739 0.566602 0.562900 0.560589 0.559639 0.560039 0.561794 0.564926 0.569305 0.563343 0.558837 0.555730 0.553985 0.553581 0.554512 0.556790 0.560442 0.565514 0.572069 0.580192 0.589991 0.601601 0.615189 0.630960 0.649165 0.670115 0.694191 0.721864 0.732241 0.721794 0.713335 0.706755 0.701972 0.698924 0.697577 0.697913 0.699936 0.703671 0.709163 0.716482 0.725720 0.736998 0.750468 0.766321 0.784789 0.806159 0.830783 0.854454 0.821539 0.792905 0.767988 0.746332 0.727569 0.711398 0.697574 0.685898 0.676208 0.668377 0.662301 0.657907 0.655137 0.653960 0.654361 0.656344 0.659935 0.665175 0.663385 0.648221 0.635231 0.624225 0.615051 0.607585 0.601731 0.597413 0.594580 0.593195 0.593243 0.594723 0.597655 0.602073 0.608032 0.615609 0.624901 0.636034 0.649162 0.646491 0.634308 0.624052 0.615581 0.608784 0.603574 0.599885 0.597672 0.596908 0.597583 0.599707 0.603304 0.608420 0.615117 0.623482 0.633626 0.645686 0.659834 0.676283 0.695290 0.717174 0.742327 0.771234 0.804500 0.842887 1067.000000 1.269145 0.816060
0.597655 0.602073 0.608032 0.615609 0.624901 0.636034 0.649162 0.646491 0.634308 0.624052 0.615581 0.608784 0.603574 0.599885 0.597672 0.596908 0.597583 0.599707 0.603304 0.608420 0.615117 0.623482 0.633626 0.645686 0.659834 0.676283 0.695290 0.717174 0.742327 0.771234 0.804500 0.842887 0.887366 0.939189 1.000000 0.952289 0.893031 0.842628 0.799433 0.762197 0.729956 0.701954 0.677594 0.656395 0.637973 0.622015 0.608265 0.596516 0.586598 0.578376 0.571739 0.566602 0.562900 0.560589 0.559639 0.560039 0.561794 0.564926 0.569305 0.563343 0.558837 0.555730 0.553985 0.553581 0.554512 0.556790 0.560442 0.565514 0.572069 0.580192 0.589991 0.601601 0.615189 0.630960 0.649165 0.670115 0.694191 0.721864 0.732241 0.721794 0.713335 0.706755 0.701972 0.698924 0.697577 0.697913 0.699936 0.703671 0.709163 0.716482 0.725720 0.736998 0.750468 0.766321 0.784789 0.806159 0.830783 0.854454 0.821539 0.792905 0.767988 0.746332 0.727569 0.711398 0.697574 0.685898 0.676208 0.668377 0.662301 0.657907 0.655137 0.653960 0.654361 0.656344 0.659935 0.665175 0.663385 0.648221 0.635231 0.624225 0.615051 0.607585 0.601731 0.597413 0.594580 0.593195 0.593243 0.594723 1067.000000 1.269145 0.816060
0.941988 1.000000 0.929931 0.871000 0.820952 0.778116 0.741226 0.709307 0.681597 0.657496 0.636522 0.618288 0.602480 0.588844 0.577172 0.567293 0.559071 0.552395 0.547180 0.543359 0.540885 0.539728 0.539873 0.541323 0.544096 0.548224 0.553759 0.560773 0.569355 0.579622 0.591718 0.605821 0.622147 0.640965 0.662602 0.687465 0.716060 0.749019 0.745832 0.728235 0.713127 0.700286 0.689531 0.680716 0.673727 0.668473 0.664890 0.662935 0.662582 0.663827 0.666687 0.671195 0.677408 0.685404 0.695285 0.707184 0.721266 0.737733 0.756835 0.778879 0.804241 0.833386 0.866890 0.905473 0.886448 0.839249 0.798648 0.763549 0.733097 0.706617 0.683574 0.663533 0.646147 0.631130 0.618251 0.607321 0.598186 0.590725 0.584839 0.580453 0.577514 0.575985 0.575847 0.577100 0.579758 0.583853 0.589437 0.596580 0.605374 0.615938 0.628417 0.642994 0.659890 0.679380 0.701797 0.727558 0.757175 0.760827 0.734344 0.711298 0.691270 0.673917 0.658963 0.646181 0.635388 0.626433 0.619198 0.613589 0.609537 0.606990 0.605919 0.606309 0.608165 0.611511 0.616387 0.622854 0.630994 0.640914 0.652749 0.666666 0.682869 0.701613 0.723205 0.748029 0.776554 0.809368 0.847209 0.891013 3778.500000 1.306420 0.757423
0.757175 0.760827 0.734344 0.711298 0.691270 0.673917 0.658963 0.646181 0.635388 0.626433 0.619198 0.613589 0.609537 0.606990 0.605919 0.606309 0.608165 0.611511 0.616387 0.622854 0.630994 0.640914 0.652749 0.666666 0.682869 0.701613 0.723205 0.748029 0.776554 0.809368 0.847209 0.891013 0.941988 1.000000 0.929931 0.871000 0.820952 0.778116 0.741226 0.709307 0.681597 0.657496 0.636522 0.618288 0.602480 0.588844 0.577172 0.567293 0.559071 0.552395 0.547180 0.543359 0.540885 0.539728 0.539873 0.541323 0.544096 0.548224 0.553759 0.560773 0.569355 0.579622 0.591718 0.605821 0.622147 0.640965 0.662602 0.687465 0.716060 0.749019 0.745832 0.728235 0.713127 0.700286 0.689531 0.680716 0.673727 0.668473 0.664890 0.662935 0.662582 0.663827 0.666687 0.671195 0.677408 0.685404 0.695285 0.707184 0.721266 0.737733 0.756835 0.778879 0.804241 0.833386 0.866890 0.905473 0.886448 0.839249 0.798648 0.763549 0.733097 0.706617 0.683574 0.663533 0.646147 0.631130 0.618251 0.607321 0.598186 0.590725 0.584839 0.580453 0.577514 0.575985 0.575847 0.577100 0.579758 0.583853 0.589437 0.596580 0.605374 0.615938 0.628417 0.642994 0.659890 0.679380 0.701797 0.727558 3778.500000 1.306420 0.757423
0.886448 0.839249 0.798648 0.763549 0.733097 0.706617 0.683574 0.663533 0.646147 0.631130 0.618251 0.607321 0.598186 0.590725 0.584839 0.580453 0.577514 0.575985 0.575847 0.577100 0.579758 0.583853 0.589437 0.596580 0.605374 0.615938 0.628417 0.642994 0.659890 0.679380 0.701797 0.727558 0.757175 0.760827 0.734344 0.711298 0.691270 0.673917 0.658963 0.646181 0.635388 0.626433 0.619198 0.613589 0.609537 0.606990 0.605919 0.606309 0.608165 0.611511 0.616387 0.622854 0.630994 0.640914 0.652749 0.666666 0.682869 0.701613 0.723205 0.748029 0.776554 0.809368 0.847209 0.891013 0.941988 1.000000 0.929931 0.871000 0.820952 0.778116 0.741226 0.709307 0.681597 0.657496 0.636522 0.618288 0.602480 0.588844 0.577172 0.567293 0.559071 0.552395 0.547180 0.543359 0.540885 0.539728 0.539873 0.541323 0.544096 0.548224 0.553759 0.560773 0.569355 0.579622 0.591718 0.605821 0.622147 0.640965 0.662602 0.687465 0.716060 0.749019 0.745832 0.728235 0.713127 0.700286 0.689531 0.680716 0.673727 0.668473 0.664890 0.662935 0.662582 0.663827 0.666687 0.671195 0.677408 0.685404 0.695285 0.707184 0.721266 0.737733 0.756835 0.778879 0.804241 0.833386 0.866890 0.905473 3778.500000 1.306420 0.757423
0.622147 0.640965 0.662602 0.687465 0.716060 0.749019 0.745832 0.728235 0.713127 0.700286 0.689531 0.680716 0.673727 0.668473 0.664890 0.662935 0.662582 0.663827 0.666687 0.671195 0.677408 0.685404 0.695285 0.707184 0.721266 0.737733 0.756835 0.778879 0.804241 0.833386 0.866890 0.905473 0.886448 0.839249 0.798648 0.763549 0.733097 0.706617 0.683574 0.663533 0.646147 0.631130 0.618251 0.607321 0.598186 0.590725 0.584839 0.580453 0.577514 0.575985 0.575847 0.577100 0.579758 0.583853 0.589437 0.596580 0.605374 0.615938 0.628417 0.642994 0.659890 0.679380 0.701797 0.727558 0.757175 0.760827 0.734344 0.711298 0.691270 0.673917 0.658963 0.646181 0.635388 0.626433 0.619198 0.613589 0.609537 0.606990 0.605919 0.606309 0.608165 0.611511 0.616387 0.622854 0.630994 0.640914 0.652749 0.666666 0.682869 0.701613 0.723205 0.748029 0.776554 0.809368 0.847209 0.891013 0.941988 1.000000 0.929931 0.871000 0.820952 0.778116 0.741226 0.709307 0.681597 0.657496 0.636522 0.618288 0.602480 0.588844 0.577172 0.567293 0.559071 0.552395 0.547180 0.543359 0.540885 0.539728 0.539873 0.541323 0.544096 0.548224 0.553759 0.560773 0.569355 0.579622 0.591718 0.605821 3778.500000 1.306420 0.757423
0.792797 0.771361 0.752819 0.736881 0.723311 0.711916 0.702540 0.695061 0.689382 0.685434 0.683166 0.682553 0.683586 0.686278 0.690662 0.696792 0.704744 0.704274 0.699241 0.695945 0.694344 0.694420 0.696173 0.699625 0.704818 0.711816 0.720708 0.731609 0.744667 0.760064 0.778026 0.798827 0.822808 0.850386 0.882075 0.918515 0.918779 0.903419 0.890674 0.880376 0.872390 0.866617 0.862986 0.861451 0.861995 0.864623 0.841836 0.804621 0.772340 0.744272 0.719847 0.698603 0.680169 0.664241 0.650574 0.638967 0.629255 0.621309 0.615024 0.610321 0.607140 0.605444 0.605211 0.606438 0.609141 0.613353 0.619125 0.625152 0.631840 0.640232 0.650438 0.662597 0.676881 0.693502 0.712719 0.734853 0.760296 0.789535 0.823175 0.861977 0.906912 0.959227 1.000000 0.956200 0.918195 0.885146 0.856386 0.831375 0.809679 0.790943 0.774880 0.761253 0.749873 0.740586 0.733271 0.727835 0.724211 0.722355 0.722243 0.723875 0.717388 0.710863 0.706141 0.703165 0.701897 0.702323 0.704447 0.708296 0.713917 0.721379 0.730778 0.742236 0.749182 0.747261 0.747146 0.748835 0.752348 0.757727 0.765041 0.774381 0.785869 0.799658 0.815940 0.834952 0.856986 0.878472 0.845861 0.817484 2100.000000 1.141895 0.843896
0.724211 0.722355 0.722243 0.723875 0.717388 0.710863 0.706141 0.703165 0.701897 0.702323 0.704447 0.708296 0.713917 0.721379 0.730778 0.742236 0.749182 0.747261 0.747146 0.748835 0.752348 0.757727 0.765041 0.774381 0.785869 0.799658 0.815940 0.834952 0.856986 0.878472 0.845861 0.817484 0.792797 0.771361 0.752819 0.736881 0.723311 0.711916 0.702540 0.695061 0.689382 0.685434 0.683166 0.682553 0.683586 0.686278 0.690662 0.696792 0.704744 0.704274 0.699241 0.695945 0.694344 0.694420 0.696173 0.699625 0.704818 0.711816 0.720708 0.731609 0.744667 0.760064 0.778026 0.798827 0.822808 0.850386 0.882075 0.918515 0.918779 0.903419 0.890674 0.880376 0.872390 0.866617 0.862986 0.861451 0.861995 0.864623 0.841836 0.804621 0.772340 0.744272 0.719847 0.698603 0.680169 0.664241 0.650574 0.638967 0.629255 0.621309 0.615024 0.610321 0.607140 0.605444 0.605211 0.606438 0.609141 0.613353 0.619125 0.625152 0.631840 0.640232 0.650438 0.662597 0.676881 0.693502 0.712719 0.734853 0.760296 0.789535 0.823175 0.861977 0.906912 0.959227 1.000000 0.956200 0.918195 0.885146 0.856386 0.831375 0.809679 0.790943 0.774880 0.761253 0.749873 0.740586 0.733271 0.727835 2100.000000 1.141895 0.843896
0.609141 0.613353 0.619125 0.625152 0.631840 0.640232 0.650438 0.662597 0.676881 0.693502 0.712719 0.734853 0.760296 0.789535 0.823175 0.861977 0.906912 0.959227 1.000000 0.956200 0.918195 0.885146 0.856386 0.831375 0.809679 0.790943 0.774880 0.761253 0.749873 0.740586 0.733271 0.727835 0.724211 0.722355 0.722243 0.723875 0.717388 0.710863 0.706141 0.703165 0.701897 0.702323 0.704447 0.708296 0.713917 0.721379 0.730778 0.742236 0.749182 0.747261 0.747146 0.748835 0.752348 0.757727 0.765041 0.774381 0.785869 0.799658 0.815940 0.834952 0.856986 0.878472 0.845861 0.817484 0.792797 0.771361 0.752819 0.736881 0.723311 0.711916 0.702540 0.695061 0.689382 0.685434 0.683166 0.682553 0.683586 0.686278 0.690662 0.696792 0.704744 0.704274 0.699241 0.695945 0.694344 0.694420 0.696173 0.699625 0.704818 0.711816 0.720708 0.731609 0.744667 0.760064 0.778026 0.798827 0.822808 0.850386 0.882075 0.918515 0.918779 0.903419 0.890674 0.880376 0.872390 0.866617 0.862986 0.861451 0.861995 0.864623 0.841836 0.804621 0.772340 0.744272 0.719847 0.698603 0.680169 0.664241 0.650574 0.638967 0.629255 0.621309 0.615024 0.610321 0.607140 0.605444 0.605211 0.606438 2100.000000 1.141895 0.843896
0.822808 0.850386 0.882075 0.918515 0.918779 0.903419 0.890674 0.880376 0.872390 0.866617 0.862986 0.861451 0.861995 0.864623 0.841836 0.804621 0.772340 0.744272 0.719847 0.698603 0.680169 0.664241 0.650574 0.638967 0.629255 0.621309 0.615024 0.610321 0.607140 0.605444 0.605211 0.606438 0.609141 0.613353 0.619125 0.625152 0.631840 0.640232 0.650438 0.662597 0.676881 0.693502 0.712719 0.734853 0.760296 0.789535 0.823175 0.861977 0.906912 0.959227 1.000000 0.956200 0.918195 0.885146 0.856386 0.831375 0.809679 0.790943 0.774880 0.761253 0.749873 0.740586 0.733271 0.727835 0.724211 0.722355 0.722243 0.723875 0.717388 0.710863 0.706141 0.703165 0.701897 0.702323 0.704447 0.708296 0.713917 0.721379 0.730778 0.742236 0.749182 0.747261 0.747146 0.748835 0.752348 0.757727 0.765041 0.774381 0.785869 0.799658 0.815940 0.834952 0.856986 0.878472 0.845861 0.817484 0.792797 0.771361 0.752819 0.736881 0.723311 0.711916 0.702540 0.695061 0.689382 0.685434 0.683166 0.682553 0.683586 0.686278 0.690662 0.696792 0.704744 0.704274 0.699241 0.695945 0.694344 0.694420 0.696173 0.699625 0.704818 0.711816 0.720708 0.731609 0.744667 0.760064 0.778026 0.798827 2100.000000 1.141895 0.843896
0.876072 0.911651 0.952635 1.000000 0.977650 0.929318 0.887578 0.851388 0.819932 0.792560 0.768747 0.748074 0.730196 0.714835 0.701763 0.690794 0.681780 0.674603 0.669170 0.665415 0.663290 0.662771 0.663850 0.666541 0.670877 0.676912 0.684720 0.694403 0.706089 0.719939 0.736152 0.754974 0.776643 0.758072 0.742115 0.728534 0.717139 0.707773 0.700313 0.694666 0.690759 0.688546 0.687999 0.689112 0.691898 0.696391 0.702646 0.710743 0.720785 0.732906 0.747273 0.764092 0.783616 0.806158 0.832098 0.861909 0.841807 0.824043 0.808921 0.796228 0.785792 0.777474 0.771168 0.766797 0.764305 0.763664 0.764865 0.767922 0.772873 0.779780 0.788728 0.799833 0.813242 0.829141 0.847756 0.869369 0.894323 0.887334 0.850115 0.817783 0.789654 0.765177 0.743910 0.725495 0.709637 0.696098 0.684685 0.675241 0.667640 0.661785 0.657602 0.655040 0.654068 0.654673 0.656863 0.660665 0.666125 0.673312 0.682317 0.693259 0.706287 0.721586 0.739383 0.759957 0.783651 0.779160 0.761000 0.745423 0.732199 0.721143 0.712106 0.704970 0.699644 0.696062 0.694181 0.693977 0.695449 0.698613 0.703508 0.710196 0.718760 0.729312 0.741993 0.756978 0.774485 0.794781 0.818193 0.845125 5151.500000 1.201158 0.841280
0.666125 0.673312 0.682317 0.693259 0.706287 0.721586 0.739383 0.759957 0.783651 0.779160 0.761000 0.745423 0.732199 0.721143 0.712106 0.704970 0.699644 0.696062 0.694181 0.693977 0.695449 0.698613 0.703508 0.710196 0.718760 0.729312 0.741993 0.756978 0.774485 0.794781 0.818193 0.845125 0.876072 0.911651 0.952635 1.000000 0.977650 0.929318 0.887578 0.851388 0.819932 0.792560 0.768747 0.748074 0.730196 0.714835 0.701763 0.690794 0.681780 0.674603 0.669170 0.665415 0.663290 0.662771 0.663850 0.666541 0.670877 0.676912 0.684720 0.694403 0.706089 0.719939 0.736152 0.754974 0.776643 0.758072 0.742115 0.728534 0.717139 0.707773 0.700313 0.694666 0.690759 0.688546 0.687999 0.689112 0.691898 0.696391 0.702646 0.710743 0.720785 0.732906 0.747273 0.764092 0.783616 0.806158 0.832098 0.861909 0.841807 0.824043 0.808921 0.796228 0.785792 0.777474 0.771168 0.766797 0.764305 0.763664 0.764865 0.767922 0.772873 0.779780 0.788728 0.799833 0.813242 0.829141 0.847756 0.869369 0.894323 0.887334 0.850115 0.817783 0.789654 0.765177 0.743910 0.725495 0.709637 0.696098 0.684685 0.675241 0.667640 0.661785 0.657602 0.655040 0.654068 0.654673 0.656863 0.660665 5151.500000 1.201158 0.841280
0.764305 0.763664 0.764865 0.767922 0.772873 0.779780 0.788728 0.799833 0.813242 0.829141 0.847756 0.869369 0.894323 0.887334 0.850115 0.817783 0.789654 0.765177 0.743910 0.725495 0.709637 0.696098 0.684685 0.675241 0.667640 0.661785 0.657602 0.655040 0.654068 0.654673 0.656863 0.660665 0.666125 0.673312 0.682317 0.693259 0.706287 0.721586 0.739383 0.759957 0.783651 0.779160 0.761000 0.745423 0.732199 0.721143 0.712106 0.704970 0.699644 0.696062 0.694181 0.693977 0.695449 0.698613 0.703508 0.710196 0.718760 0.729312 0.741993 0.756978 0.774485 0.794781 0.818193 0.845125 0.876072 0.911651 0.952635 1.000000 0.977650 0.929318 0.887578 0.851388 0.819932 0.792560 0.768747 0.748074 0.730196 0.714835 0.701763 0.690794 0.681780 0.674603 0.669170 0.665415 0.663290 0.662771 0.663850 0.666541 0.670877 0.676912 0.684720 0.694403 0.706089 0.719939 0.736152 0.754974 0.776643 0.758072 0.742115 0.728534 0.717139 0.707773 0.700313 0.694666 0.690759 0.688546 0.687999 0.689112 0.691898 0.696391 0.702646 0.710743 0.720785 0.732906 0.747273 0.764092 0.783616 0.806158 0.832098 0.861909 0.841807 0.824043 0.808921 0.796228 0.785792 0.777474 0.771168 0.766797 5151.500000 1.201158 0.841280
0.776643 0.758072 0.742115 0.728534 0.717139 0.707773 0.700313 0.694666 0.690759 0.688546 0.687999 0.689112 0.691898 0.696391 0.702646 0.710743 0.720785 0.732906 0.747273 0.764092 0.783616 0.806158 0.832098 0.861909 0.841807 0.824043 0.808921 0.796228 0.785792 0.777474 0.771168 0.766797 0.764305 0.763664 0.764865 0.767922 0.772873 0.779780 0.788728 0.799833 0.813242 0.829141 0.847756 0.869369 0.894323 0.887334 0.850115 0.817783 0.789654 0.765177 0.743910 0.725495 0.709637 0.696098 0.684685 0.675241 0.667640 0.661785 0.657602 0.655040 0.654068 0.654673 0.656863 0.660665 0.666125 0.673312 0.682317 0.693259 0.706287 0.721586 0.739383 0.759957 0.783651 0.779160 0.761000 0.745423 0.732199 0.721143 0.712106 0.704970 0.699644 0.696062 0.694181 0.693977 0.695449 0.698613 0.703508 0.710196 0.718760 0.729312 0.741993 0.756978 0.774485 0.794781 0.818193 0.845125 0.876072 0.911651 0.952635 1.000000 0.977650 0.929318 0.887578 0.851388 0.819932 0.792560 0.768747 0.748074 0.730196 0.714835 0.701763 0.690794 0.681780 0.674603 0.669170 0.665415 0.663290 0.662771 0.663850 0.666541 0.670877 0.676912 0.684720 0.694403 0.706089 0.719939 0.736152 0.754974 5151.500000 1.201158 0.841280
1.000000 0.948142 0.894936 0.849322 0.809988 0.775923 0.746333 0.720589 0.698188 0.678724 0.661866 0.647348 0.634949 0.624493 0.615835 0.608860 0.603480 0.599625 0.597249 0.596323 0.596835 0.598792 0.602218 0.607153 0.613662 0.621825 0.631751 0.643574 0.657463 0.673623 0.692307 0.713826 0.738562 0.766988 0.799693 0.837419 0.835731 0.810673 0.788919 0.770109 0.753950 0.740201 0.728668 0.719196 0.711659 0.705961 0.702032 0.699822 0.699306 0.700478 0.703350 0.707958 0.714360 0.722635 0.732891 0.745263 0.759922 0.777079 0.796992 0.819981 0.846435 0.876836 0.911780 0.889044 0.847705 0.811909 0.780819 0.753770 0.730233 0.709780 0.692063 0.676800 0.663760 0.652756 0.643636 0.636279 0.630591 0.626499 0.623953 0.622923 0.623395 0.625376 0.628889 0.633978 0.640706 0.649159 0.659447 0.671712 0.686126 0.702902 0.722303 0.744650 0.770340 0.799860 0.833823 0.872993 0.845070 0.812364 0.783913 0.759154 0.737634 0.718985 0.702907 0.689156 0.677534 0.667880 0.660064 0.653987 0.649572 0.646763 0.645527 0.645848 0.647731 0.651199 0.656293 0.663078 0.671639 0.682089 0.694569 0.709255 0.726363 0.746159 0.768968 0.795192 0.825326 0.859988 0.899951 0.946200 7646.000000 1.159954 0.774257
0.845070 0.812364 0.783913 0.759154 0.737634 0.718985 0.702907 0.689156 0.677534 0.667880 0.660064 0.653987 0.649572 0.646763 0.645527 0.645848 0.647731 0.651199 0.656293 0.663078 0.671639 0.682089 0.694569 0.709255 0.726363 0.746159 0.768968 0.795192 0.825326 0.859988 0.899951 0.946200 1.000000 0.948142 0.894936 0.849322 0.809988 0.775923 0.746333 0.720589 0.698188 0.678724 0.661866 0.647348 0.634949 0.624493 0.615835 0.608860 0.603480 0.599625 0.597249 0.596323 0.596835 0.598792 0.602218 0.607153 0.613662 0.621825 0.631751 0.643574 0.657463 0.673623 0.692307 0.713826 0.738562 0.766988 0.799693 0.837419 0.835731 0.810673 0.788919 0.770109 0.753950 0.740201 0.728668 0.719196 0.711659 0.705961 0.702032 0.699822 0.699306 0.700478 0.703350 0.707958 0.714360 0.722635 0.732891 0.745263 0.759922 0.777079 0.796992 0.819981 0.846435 0.876836 0.911780 0.889044 0.847705 0.811909 0.780819 0.753770 0.730233 0.709780 0.692063 0.676800 0.663760 0.652756 0.643636 0.636279 0.630591 0.626499 0.623953 0.622923 0.623395 0.625376 0.628889 0.633978 0.640706 0.649159 0.659447 0.671712 0.686126 0.702902 0.722303 0.744650 0.770340 0.799860 0.833823 0.872993 7646.000000 1.159954 0.774257
0.847705 0.811909 0.780819 0.753770 0.730233 0.709780 0.692063 0.676800 0.663760 0.652756 0.643636 0.636279 0.630591 0.626499 0.623953 0.622923 0.623395 0.625376 0.628889 0.633978 0.640706 0.649159 0.659447 0.671712 0.686126 0.702902 0.722303 0.744650 0.770340 0.799860 0.833823 0.872993 0.845070 0.812364 0.783913 0.759154 0.737634 0.718985 0.702907 0.689156 0.677534 0.667880 0.660064 0.653987 0.649572 0.646763 0.645527 0.645848 0.647731 0.651199 0.656293 0.663078 0.671639 0.682089 0.694569 0.709255 0.726363 0.746159 0.768968 0.795192 0.825326 0.859988 0.899951 0.946200 1.000000 0.948142 0.894936 0.849322 0.809988 0.775923 0.746333 0.720589 0.698188 0.678724 0.661866 0.647348 0.634949 0.624493 0.615835 0.608860 0.603480 0.599625 0.597249 0.596323 0.596835 0.598792 0.602218 0.607153 0.613662 0.621825 0.631751 0.643574 0.657463 0.673623 0.692307 0.713826 0.738562 0.766988 0.799693 0.837419 0.835731 0.810673 0.788919 0.770109 0.753950 0.740201 0.728668 0.719196 0.711659 0.705961 0.702032 0.699822 0.699306 0.700478 0.703350 0.707958 0.714360 0.722635 0.732891 0.745263 0.759922 0.777079 0.796992 0.819981 0.846435 0.876836 0.911780 0.889044 7646.000000 1.159954 0.774257
0.738562 0.766988 0.799693 0.837419 0.835731 0.810673 0.788919 0.770109 0.753950 0.740201 0.728668 0.719196 0.711659 0.705961 0.702032 0.699822 0.699306 0.700478 0.703350 0.707958 0.714360 0.722635 0.732891 0.745263 0.759922 0.777079 0.796992 0.819981 0.846435 0.876836 0.911780 0.889044 0.847705 0.811909 0.780819 0.753770 0.730233 0.709780 0.692063 0.676800 0.663760 0.652756 0.643636 0.636279 0.630591 0.626499 0.623953 0.622923 0.623395 0.625376 0.628889 0.633978 0.640706 0.649159 0.659447 0.671712 0.686126 0.702902 0.722303 0.744650 0.770340 0.799860 0.833823 0.872993 0.845070 0.812364 0.783913 0.759154 0.737634 0.718985 0.702907 0.689156 0.677534 0.667880 0.660064 0.653987 0.649572 0.646763 0.645527 0.645848 0.647731 0.651199 0.656293 0.663078 0.671639 0.682089 0.694569 0.709255 0.726363 0.746159 0.768968 0.795192 0.825326 0.859988 0.899951 0.946200 1.000000 0.948142 0.894936 0.849322 0.809988 0.775923 0.746333 0.720589 0.698188 0.678724 0.661866 0.647348 0.634949 0.624493 0.615835 0.608860 0.603480 0.599625 0.597249 0.596323 0.596835 0.598792 0.602218 0.607153 0.613662 0.621825 0.631751 0.643574 0.657463 0.673623 0.692307 0.713826 7646.000000 1.159954 0.774257
0.851501 0.855903 0.831525 0.810396 0.792175 0.776585 0.763400 0.752439 0.743553 0.736629 0.731579 0.728340 0.726873 0.727160 0.729205 0.733032 0.729089 0.714024 0.701224 0.690509 0.681734 0.674785 0.669572 0.666032 0.664120 0.663814 0.665110 0.668024 0.672590 0.678867 0.686931 0.696889 0.708873 0.723048 0.739620 0.758841 0.781018 0.806533 0.835853 0.869558 0.908377 0.887599 0.858766 0.833692 0.811941 0.793159 0.777055 0.763395 0.751987 0.742678 0.735347 0.729900 0.726270 0.724412 0.724304 0.725945 0.729355 0.733801 0.733326 0.734620 0.737699 0.742600 0.749385 0.758138 0.768972 0.782031 0.797497 0.815591 0.836587 0.860821 0.888706 0.920750 0.957585 1.000000 0.970941 0.905734 0.850655 0.803716 0.763429 0.728660 0.698529 0.672347 0.649564 0.629743 0.612527 0.597629 0.584814 0.573891 0.564703 0.557126 0.554830 0.558913 0.564427 0.571440 0.580045 0.590358 0.602521 0.616713 0.633152 0.652105 0.673902 0.698948 0.727748 0.760936 0.799314 0.843909 0.896060 0.957540 0.928493 0.901136 0.877398 0.856890 0.839294 0.824353 0.811856 0.801634 0.793555 0.787515 0.783439 0.781278 0.781005 0.782617 0.786134 0.791597 0.799076 0.808665 0.820486 0.834700 1320.500000 1.123344 0.793584
0.602521 0.616713 0.633152 0.652105 0.673902 0.698948 0.727748 0.760936 0.799314 0.843909 0.896060 0.957540 0.928493 0.901136 0.877398 0.856890 0.839294 0.824353 0.811856 0.801634 0.793555 0.787515 0.783439 0.781278 0.781005 0.782617 0.786134 0.791597 0.799076 0.808665 0.820486 0.834700 0.851501 0.855903 0.831525 0.810396 0.792175 0.776585 0.763400 0.752439 0.743553 0.736629 0.731579 0.728340 0.726873 0.727160 0.729205 0.733032 0.729089 0.714024 0.701224 0.690509 0.681734 0.674785 0.669572 0.666032 0.664120 0.663814 0.665110 0.668024 0.672590 0.678867 0.686931 0.696889 0.708873 0.723048 0.739620 0.758841 0.781018 0.806533 0.835853 0.869558 0.908377 0.887599 0.858766 0.833692 0.811941 0.793159 0.777055 0.763395 0.751987 0.742678 0.735347 0.729900 0.726270 0.724412 0.724304 0.725945 0.729355 0.733801 0.733326 0.734620 0.737699 0.742600 0.749385 0.758138 0.768972 0.782031 0.797497 0.815591 0.836587 0.860821 0.888706 0.920750 0.957585 1.000000 0.970941 0.905734 0.850655 0.803716 0.763429 0.728660 0.698529 0.672347 0.649564 0.629743 0.612527 0.597629 0.584814 0.573891 0.564703 0.557126 0.554830 0.558913 0.564427 0.571440 0.580045 0.590358 1320.500000 1.123344 0.793584
0.768972 0.782031 0.797497 0.815591 0.836587 0.860821 0.888706 0.920750 0.957585 1.000000 0.970941 0.905734 0.850655 0.803716 0.763429 0.728660 0.698529 0.672347 0.649564 0.629743 0.612527 0.597629 0.584814 0.573891 0.564703 0.557126 0.554830 0.558913 0.564427 0.571440 0.580045 0.590358 0.602521 0.616713 0.633152 0.652105 0.673902 0.698948 0.727748 0.760936 0.799314 0.843909 0.896060 0.957540 0.928493 0.901136 0.877398 0.856890 0.839294 0.824353 0.811856 0.801634 0.793555 0.787515 0.783439 0.781278 0.781005 0.782617 0.786134 0.791597 0.799076 0.808665 0.820486 0.834700 0.851501 0.855903 0.831525 0.810396 0.792175 0.776585 0.763400 0.752439 0.743553 0.736629 0.731579 0.728340 0.726873 0.727160 0.729205 0.733032 0.729089 0.714024 0.701224 0.690509 0.681734 0.674785 0.669572 0.666032 0.664120 0.663814 0.665110 0.668024 0.672590 0.678867 0.686931 0.696889 0.708873 0.723048 0.739620 0.758841 0.781018 0.806533 0.835853 0.869558 0.908377 0.887599 0.858766 0.833692 0.811941 0.793159 0.777055 0.763395 0.751987 0.742678 0.735347 0.729900 0.726270 0.724412 0.724304 0.725945 0.729355 0.733801 0.733326 0.734620 0.737699 0.742600 0.749385 0.758138 1320.500000 1.123344 0.793584
0.708873 0.723048 0.739620 0.758841 0.781018 0.806533 0.835853 0.869558 0.908377 0.887599 0.858766 0.833692 0.811941 0.793159 0.777055 0.763395 0.751987 0.742678 0.735347 0.729900 0.726270 0.724412 0.724304 0.725945 0.729355 0.733801 0.733326 0.734620 0.737699 0.742600 0.749385 0.758138 0.768972 0.782031 0.797497 0.815591 0.836587 0.860821 0.888706 0.920750 0.957585 1.000000 0.970941 0.905734 0.850655 0.803716 0.763429 0.728660 0.698529 0.672347 0.649564 0.629743 0.612527 0.597629 0.584814 0.573891 0.564703 0.557126 0.554830 0.558913 0.564427 0.571440 0.580045 0.590358 0.602521 0.616713 0.633152 0.652105 0.673902 0.698948 0.727748 0.760936 0.799314 0.843909 0.896060 0.957540 0.928493 0.901136 0.877398 0.856890 0.839294 0.824353 0.811856 0.801634 0.793555 0.787515 0.783439 0.781278 0.781005 0.782617 0.786134 0.791597 0.799076 0.808665 0.820486 0.834700 0.851501 0.855903 0.831525 0.810396 0.792175 0.776585 0.763400 0.752439 0.743553 0.736629 0.731579 0.728340 0.726873 0.727160 0.729205 0.733032 0.729089 0.714024 0.701224 0.690509 0.681734 0.674785 0.669572 0.666032 0.664120 0.663814 0.665110 0.668024 0.672590 0.678867 0.686931 0.696889 1320.500000 1.123344 0.793584
0.874511 0.849872 0.828525 0.810128 0.794403 0.781122 0.770103 0.761198 0.754294 0.749302 0.746162 0.744835 0.745305 0.747578 0.751681 0.757665 0.765604 0.775600 0.787782 0.802318 0.819411 0.839314 0.862337 0.888860 0.919352 0.923701 0.856556 0.800308 0.752694 0.712047 0.677112 0.646931 0.620757 0.598003 0.578202 0.560978 0.546029 0.533106 0.522009 0.512575 0.504669 0.498186 0.493040 0.489166 0.486515 0.485055 0.484767 0.485650 0.487713 0.490981 0.499084 0.510037 0.522769 0.537482 0.554420 0.573889 0.596264 0.622013 0.651727 0.686159 0.726279 0.773361 0.829107 0.895839 0.976812 1.000000 0.963717 0.932142 0.904680 0.880852 0.860266 0.842603 0.827605 0.815061 0.804801 0.796692 0.790631 0.786541 0.784373 0.784101 0.785722 0.787091 0.762712 0.741530 0.723189 0.707396 0.693914 0.682549 0.673147 0.665582 0.659756 0.655598 0.653055 0.652096 0.652710 0.654905 0.658707 0.664163 0.671340 0.680331 0.678740 0.661497 0.646628 0.633907 0.623148 0.614204 0.606954 0.601305 0.597186 0.594545 0.593350 0.593588 0.595260 0.598388 0.603009 0.609181 0.616982 0.626514 0.637907 0.651319 0.666949 0.685039 0.705885 0.729853 0.757395 0.789073 0.825591 0.867846 2930.000000 1.294706 0.764694
0.658707 0.664163 0.671340 0.680331 0.678740 0.661497 0.646628 0.633907 0.623148 0.614204 0.606954 0.601305 0.597186 0.594545 0.593350 0.593588 0.595260 0.598388 0.603009 0.609181 0.616982 0.626514 0.637907 0.651319 0.666949 0.685039 0.705885 0.729853 0.757395 0.789073 0.825591 0.867846 0.874511 0.849872 0.828525 0.810128 0.794403 0.781122 0.770103 0.761198 0.754294 0.749302 0.746162 0.744835 0.745305 0.747578 0.751681 0.757665 0.765604 0.775600 0.787782 0.802318 0.819411 0.839314 0.862337 0.888860 0.919352 0.923701 0.856556 0.800308 0.752694 0.712047 0.677112 0.646931 0.620757 0.598003 0.578202 0.560978 0.546029 0.533106 0.522009 0.512575 0.504669 0.498186 0.493040 0.489166 0.486515 0.485055 0.484767 0.485650 0.487713 0.490981 0.499084 0.510037 0.522769 0.537482 0.554420 0.573889 0.596264 0.622013 0.651727 0.686159 0.726279 0.773361 0.829107 0.895839 0.976812 1.000000 0.963717 0.932142 0.904680 0.880852 0.860266 0.842603 0.827605 0.815061 0.804801 0.796692 0.790631 0.786541 0.784373 0.784101 0.785722 0.787091 0.762712 0.741530 0.723189 0.707396 0.693914 0.682549 0.673147 0.665582 0.659756 0.655598 0.653055 0.652096 0.652710 0.654905 2930.000000 1.294706 0.764694
0.976812 1.000000 0.963717 0.932142 0.904680 0.880852 0.860266 0.842603 0.827605 0.815061 0.804801 0.796692 0.790631 0.786541 0.784373 0.784101 0.785722 0.787091 0.762712 0.741530 0.723189 0.707396 0.693914 0.682549 0.673147 0.665582 0.659756 0.655598 0.653055 0.652096 0.652710 0.654905 0.658707 0.664163 0.671340 0.680331 0.678740 0.661497 0.646628 0.633907 0.623148 0.614204 0.606954 0.601305 0.597186 0.594545 0.593350 0.593588 0.595260 0.598388 0.603009 0.609181 0.616982 0.626514 0.637907 0.651319 0.666949 0.685039 0.705885 0.729853 0.757395 0.789073 0.825591 0.867846 0.874511 0.849872 0.828525 0.810128 0.794403 0.781122 0.770103 0.761198 0.754294 0.749302 0.746162 0.744835 0.745305 0.747578 0.751681 0.757665 0.765604 0.775600 0.787782 0.802318 0.819411 0.839314 0.862337 0.888860 0.919352 0.923701 0.856556 0.800308 0.752694 0.712047 0.677112 0.646931 0.620757 0.598003 0.578202 0.560978 0.546029 0.533106 0.522009 0.512575 0.504669 0.498186 0.493040 0.489166 0.486515 0.485055 0.484767 0.485650 0.487713 0.490981 0.499084 0.510037 0.522769 0.537482 0.554420 0.573889 0.596264 0.622013 0.651727 0.686159 0.726279 0.773361 0.829107 0.895839 2930.000000 1.294706 0.764694
0.620757 0.598003 0.578202 0.560978 0.546029 0.533106 0.522009 0.512575 0.504669 0.498186 0.493040 0.489166 0.486515 0.485055 0.484767 0.485650 0.487713 0.490981 0.499084 0.510037 0.522769 0.537482 0.554420 0.573889 0.596264 0.622013 0.651727 0.686159 0.726279 0.773361 0.829107 0.895839 0.976812 1.000000 0.963717 0.932142 0.904680 0.880852 0.860266 0.842603 0.827605 0.815061 0.804801 0.796692 0.790631 0.786541 0.784373 0.784101 0.785722 0.787091 0.762712 0.741530 0.723189 0.707396 0.693914 0.682549 0.673147 0.665582 0.659756 0.655598 0.653055 0.652096 0.652710 0.654905 0.658707 0.664163 0.671340 0.680331 0.678740 0.661497 0.646628 0.633907 0.623148 0.614204 0.606954 0.601305 0.597186 0.594545 0.593350 0.593588 0.595260 0.598388 0.603009 0.609181 0.616982 0.626514 0.637907 0.651319 0.666949 0.685039 0.705885 0.729853 0.757395 0.789073 0.825591 0.867846 0.874511 0.849872 0.828525 0.810128 0.794403 0.781122 0.770103 0.761198 0.754294 0.749302 0.746162 0.744835 0.745305 0.747578 0.751681 0.757665 0.765604 0.775600 0.787782 0.802318 0.819411 0.839314 0.862337 0.888860 0.919352 0.923701 0.856556 0.800308 0.752694 0.712047 0.677112 0.646931 2930.000000 1.294706 0.764694
0.915811 0.894933 0.877051 0.861906 0.849286 0.839023 0.830982 0.825063 0.821192 0.819322 0.819430 0.821518 0.825610 0.831756 0.840034 0.850548 0.863435 0.878868 0.897064 0.918288 0.927001 0.883421 0.845699 0.812946 0.784454 0.759660 0.738109 0.719432 0.703330 0.689558 0.677916 0.668244 0.660413 0.654321 0.649892 0.647071 0.645824 0.646135 0.648008 0.651465 0.656551 0.663326 0.662193 0.651739 0.643135 0.636268 0.631050 0.627416 0.625322 0.624741 0.625668 0.628113 0.632106 0.637696 0.644953 0.653971 0.664870 0.677798 0.692941 0.710528 0.730836 0.754211 0.781074 0.811949 0.847491 0.888526 0.936107 0.952997 0.940886 0.931295 0.924101 0.919215 0.916577 0.916155 0.917944 0.921965 0.928267 0.936929 0.948059 0.961803 0.978342 0.997905 0.980730 0.916817 0.862675 0.816429 0.776665 0.742299 0.712490 0.686572 0.664017 0.644400 0.627377 0.612668 0.600046 0.589324 0.580352 0.573009 0.567199 0.562848 0.559902 0.558324 0.558096 0.557206 0.556201 0.556539 0.558222 0.561272 0.565726 0.571639 0.579087 0.588167 0.599002 0.611746 0.626586 0.643753 0.663531 0.686269 0.712397 0.742453 0.777112 0.817229 0.863909 0.918592 0.983194 1.000000 0.967908 0.940005 520.500000 1.382084 0.801084
0.580352 0.573009 0.567199 0.562848 0.559902 0.558324 0.558096 0.557206 0.556201 0.556539 0.558222 0.561272 0.565726 0.571639 0.579087 0.588167 0.599002 0.611746 0.626586 0.643753 0.663531 0.686269 0.712397 0.742453 0.777112 0.817229 0.863909 0.918592 0.983194 1.000000 0.967908 0.940005 0.915811 0.894933 0.877051 0.861906 0.849286 0.839023 0.830982 0.825063 0.821192 0.819322 0.819430 0.821518 0.825610 0.831756 0.840034 0.850548 0.863435 0.878868 0.897064 0.918288 0.927001 0.883421 0.845699 0.812946 0.784454 0.759660 0.738109 0.719432 0.703330 0.689558 0.677916 0.668244 0.660413 0.654321 0.649892 0.647071 0.645824 0.646135 0.648008 0.651465 0.656551 0.663326 0.662193 0.651739 0.643135 0.636268 0.631050 0.627416 0.625322 0.624741 0.625668 0.628113 0.632106 0.637696 0.644953 0.653971 0.664870 0.677798 0.692941 0.710528 0.730836 0.754211 0.781074 0.811949 0.847491 0.888526 0.936107 0.952997 0.940886 0.931295 0.924101 0.919215 0.916577 0.916155 0.917944 0.921965 0.928267 0.936929 0.948059 0.961803 0.978342 0.997905 0.980730 0.916817 0.862675 0.816429 0.776665 0.742299 0.712490 0.686572 0.664017 0.644400 0.627377 0.612668 0.600046 0.589324 520.500000 1.382084 0.801084
0.847491 0.888526 0.936107 0.952997 0.940886 0.931295 0.924101 0.919215 0.916577 0.916155 0.917944 0.921965 0.928267 0.936929 0.948059 0.961803 0.978342 0.997905 0.980730 0.916817 0.862675 0.816429 0.776665 0.742299 0.712490 0.686572 0.664017 0.644400 0.627377 0.612668 0.600046 0.589324 0.580352 0.573009 0.567199 0.562848 0.559902 0.558324 0.558096 0.557206 0.556201 0.556539 0.558222 0.561272 0.565726 0.571639 0.579087 0.588167 0.599002 0.611746 0.626586 0.643753 0.663531 0.686269 0.712397 0.742453 0.777112 0.817229 0.863909 0.918592 0.983194 1.000000 0.967908 0.940005 0.915811 0.894933 0.877051 0.861906 0.849286 0.839023 0.830982 0.825063 0.821192 0.819322 0.819430 0.821518 0.825610 0.831756 0.840034 0.850548 0.863435 0.878868 0.897064 0.918288 0.927001 0.883421 0.845699 0.812946 0.784454 0.759660 0.738109 0.719432 0.703330 0.689558 0.677916 0.668244 0.660413 0.654321 0.649892 0.647071 0.645824 0.646135 0.648008 0.651465 0.656551 0.663326 0.662193 0.651739 0.643135 0.636268 0.631050 0.627416 0.625322 0.624741 0.625668 0.628113 0.632106 0.637696 0.644953 0.653971 0.664870 0.677798 0.692941 0.710528 0.730836 0.754211 0.781074 0.811949 520.500000 1.382084 0.801084
0.660413 0.654321 0.649892 0.647071 0.645824 0.646135 0.648008 0.651465 0.656551 0.663326 0.662193 0.651739 0.643135 0.636268 0.631050 0.627416 0.625322 0.624741 0.625668 0.628113 0.632106 0.637696 0.644953 0.653971 0.664870 0.677798 0.692941 0.710528 0.730836 0.754211 0.781074 0.811949 0.847491 0.888526 0.936107 0.952997 0.940886 0.931295 0.924101 0.919215 0.916577 0.916155 0.917944 0.921965 0.928267 0.936929 0.948059 0.961803 0.978342 0.997905 0.980730 0.916817 0.862675 0.816429 0.776665 0.742299 0.712490 0.686572 0.664017 0.644400 0.627377 0.612668 0.600046 0.589324 0.580352 0.573009 0.567199 0.562848 0.559902 0.558324 0.558096 0.557206 0.556201 0.556539 0.558222 0.561272 0.565726 0.571639 0.579087 0.588167 0.599002 0.611746 0.626586 0.643753 0.663531 0.686269 0.712397 0.742453 0.777112 0.817229 0.863909 0.918592 0.983194 1.000000 0.967908 0.940005 0.915811 0.894933 0.877051 0.861906 0.849286 0.839023 0.830982 0.825063 0.821192 0.819322 0.819430 0.821518 0.825610 0.831756 0.840034 0.850548 0.863435 0.878868 0.897064 0.918288 0.927001 0.883421 0.845699 0.812946 0.784454 0.759660 0.738109 0.719432 0.703330 0.689558 0.677916 0.668244 520.500000 1.382084 0.801084
0.823454 0.793029 0.766553 0.743520 0.723524 0.706232 0.691374 0.678729 0.668120 0.659401 0.652458 0.647203 0.643570 0.641514 0.641011 0.642054 0.644656 0.648849 0.654684 0.662235 0.671599 0.682900 0.696295 0.711974 0.730176 0.751190 0.775373 0.803164 0.835107 0.871885 0.903756 0.872597 0.845484 0.821925 0.801522 0.783951 0.768946 0.756292 0.745816 0.737378 0.730870 0.726211 0.723341 0.722228 0.722856 0.725235 0.729392 0.735378 0.743269 0.753166 0.765198 0.779529 0.796362 0.815948 0.818726 0.798739 0.781543 0.766881 0.754542 0.744359 0.736198 0.729953 0.725546 0.722923 0.722052 0.722923 0.725546 0.729953 0.736198 0.744359 0.754542 0.766881 0.781543 0.798739 0.818726 0.841819 0.868404 0.898961 0.928651 0.886939 0.850773 0.819339 0.791984 0.768187 0.747528 0.729662 0.714311 0.701247 0.690285 0.681277 0.674104 0.668675 0.664921 0.662797 0.662277 0.663355 0.666043 0.670375 0.676404 0.684205 0.693880 0.705556 0.719395 0.735595 0.743501 0.736383 0.731144 0.727720 0.726070 0.726172 0.728028 0.731661 0.737115 0.744458 0.753783 0.765212 0.778897 0.795032 0.813850 0.835644 0.860767 0.889657 0.922855 0.961031 1.000000 0.945580 0.898832 0.858458 1429.500000 1.112962 0.827653
0.666043 0.670375 0.676404 0.684205 0.693880 0.705556 0.719395 0.735595 0.743501 0.736383 0.731144 0.727720 0.726070 0.726172 0.728028 0.731661 0.737115 0.744458 0.753783 0.765212 0.778897 0.795032 0.813850 0.835644 0.860767 0.889657 0.922855 0.961031 1.000000 0.945580 0.898832 0.858458 0.823454 0.793029 0.766553 0.743520 0.723524 0.706232 0.691374 0.678729 0.668120 0.659401 0.652458 0.647203 0.643570 0.641514 0.641011 0.642054 0.644656 0.648849 0.654684 0.662235 0.671599 0.682900 0.696295 0.711974 0.730176 0.751190 0.775373 0.803164 0.835107 0.871885 0.903756 0.872597 0.845484 0.821925 0.801522 0.783951 0.768946 0.756292 0.745816 0.737378 0.730870 0.726211 0.723341 0.722228 0.722856 0.725235 0.729392 0.735378 0.743269 0.753166 0.765198 0.779529 0.796362 0.815948 0.818726 0.798739 0.781543 0.766881 0.754542 0.744359 0.736198 0.729953 0.725546 0.722923 0.722052 0.722923 0.725546 0.729953 0.736198 0.744359 0.754542 0.766881 0.781543 0.798739 0.818726 0.841819 0.868404 0.898961 0.928651 0.886939 0.850773 0.819339 0.791984 0.768187 0.747528 0.729662 0.714311 0.701247 0.690285 0.681277 0.674104 0.668675 0.664921 0.662797 0.662277 0.663355 1429.500000 1.112962 0.827653
0.722052 0.722923 0.725546 0.729953 0.736198 0.744359 0.754542 0.766881 0.781543 0.798739 0.818726 0.841819 0.868404 0.898961 0.928651 0.886939 0.850773 0.819339 0.791984 0.768187 0.747528 0.729662 0.714311 0.701247 0.690285 0.681277 0.674104 0.668675 0.664921 0.662797 0.662277 0.663355 0.666043 0.670375 0.676404 0.684205 0.693880 0.705556 0.719395 0.735595 0.743501 0.736383 0.731144 0.727720 0.726070 0.726172 0.728028 0.731661 0.737115 0.744458 0.753783 0.765212 0.778897 0.795032 0.813850 0.835644 0.860767 0.889657 0.922855 0.961031 1.000000 0.945580 0.898832 0.858458 0.823454 0.793029 0.766553 0.743520 0.723524 0.706232 0.691374 0.678729 0.668120 0.659401 0.652458 0.647203 0.643570 0.641514 0.641011 0.642054 0.644656 0.648849 0.654684 0.662235 0.671599 0.682900 0.696295 0.711974 0.730176 0.751190 0.775373 0.803164 0.835107 0.871885 0.903756 0.872597 0.845484 0.821925 0.801522 0.783951 0.768946 0.756292 0.745816 0.737378 0.730870 0.726211 0.723341 0.722228 0.722856 0.725235 0.729392 0.735378 0.743269 0.753166 0.765198 0.779529 0.796362 0.815948 0.818726 0.798739 0.781543 0.766881 0.754542 0.744359 0.736198 0.729953 0.725546 0.722923 1429.500000 1.112962 0.827653
0.845484 0.821925 0.801522 0.783951 0.768946 0.756292 0.745816 0.737378 0.730870 0.726211 0.723341 0.722228 0.722856 0.725235 0.729392 0.735378 0.743269 0.753166 0.765198 0.779529 0.796362 0.815948 0.818726 0.798739 0.781543 0.766881 0.754542 0.744359 0.736198 0.729953 0.725546 0.722923 0.722052 0.722923 0.725546 0.729953 0.736198 0.744359 0.754542 0.766881 0.781543 0.798739 0.818726 0.841819 0.868404 0.898961 0.928651 0.886939 0.850773 0.819339 0.791984 0.768187 0.747528 0.729662 0.714311 0.701247 0.690285 0.681277 0.674104 0.668675 0.664921 0.662797 0.662277 0.663355 0.666043 0.670375 0.676404 0.684205 0.693880 0.705556 0.719395 0.735595 0.743501 0.736383 0.731144 0.727720 0.726070 0.726172 0.728028 0.731661 0.737115 0.744458 0.753783 0.765212 0.778897 0.795032 0.813850 0.835644 0.860767 0.889657 0.922855 0.961031 1.000000 0.945580 0.898832 0.858458 0.823454 0.793029 0.766553 0.743520 0.723524 0.706232 0.691374 0.678729 0.668120 0.659401 0.652458 0.647203 0.643570 0.641514 0.641011 0.642054 0.644656 0.648849 0.654684 0.662235 0.671599 0.682900 0.696295 0.711974 0.730176 0.751190 0.775373 0.803164 0.835107 0.871885 0.903756 0.872597 1429.500000 1.112962 0.827653
0.711608 0.656634 0.610912 0.572431 0.539734 0.511737 0.487618 0.466744 0.448620 0.432855 0.419135 0.407210 0.396874 0.387961 0.380336 0.373888 0.368528 0.364185 0.360802 0.358336 0.356758 0.356047 0.356196 0.357206 0.359089 0.361868 0.365578 0.370266 0.375994 0.382839 0.390896 0.400285 0.411151 0.423673 0.438069 0.454613 0.473640 0.495576 0.520959 0.550479 0.585041 0.625841 0.674506 0.733293 0.805431 0.895704 1.000000 0.914327 0.844049 0.785560 0.736311 0.694447 0.658589 0.627690 0.600943 0.577717 0.557513 0.539931 0.524650 0.511408 0.499992 0.490231 0.481982 0.475132 0.469589 0.465282 0.462157 0.460174 0.459311 0.459555 0.460911 0.463394 0.467036 0.471881 0.477991 0.485446 0.494348 0.504821 0.517019 0.531133 0.547396 0.566092 0.587576 0.612288 0.640782 0.673759 0.712124 0.676315 0.644976 0.617835 0.594260 0.573749 0.555901 0.540393 0.526962 0.515394 0.505514 0.497181 0.490280 0.484721 0.480430 0.477354 0.475456 0.474712 0.475113 0.476663 0.479383 0.483305 0.488478 0.494969 0.502861 0.512264 0.523310 0.536163 0.551024 0.568140 0.587815 0.610425 0.636438 0.666444 0.701193 0.741649 0.789076 0.845160 0.912191 0.967884 0.861991 0.778675 19432.500000 1.505980 0.567173
0.505514 0.497181 0.490280 0.484721 0.480430 0.477354 0.475456 0.474712 0.475113 0.476663 0.479383 0.483305 0.488478 0.494969 0.502861 0.512264 0.523310 0.536163 0.551024 0.568140 0.587815 0.610425 0.636438 0.666444 0.701193 0.741649 0.789076 0.845160 0.912191 0.967884 0.861991 0.778675 0.711608 0.656634 0.610912 0.572431 0.539734 0.511737 0.487618 0.466744 0.448620 0.432855 0.419135 0.407210 0.396874 0.387961 0.380336 0.373888 0.368528 0.364185 0.360802 0.358336 0.356758 0.356047 0.356196 0.357206 0.359089 0.361868 0.365578 0.370266 0.375994 0.382839 0.390896 0.400285 0.411151 0.423673 0.438069 0.454613 0.473640 0.495576 0.520959 0.550479 0.585041 0.625841 0.674506 0.733293 0.805431 0.895704 1.000000 0.914327 0.844049 0.785560 0.736311 0.694447 0.658589 0.627690 0.600943 0.577717 0.557513 0.539931 0.524650 0.511408 0.499992 0.490231 0.481982 0.475132 0.469589 0.465282 0.462157 0.460174 0.459311 0.459555 0.460911 0.463394 0.467036 0.471881 0.477991 0.485446 0.494348 0.504821 0.517019 0.531133 0.547396 0.566092 0.587576 0.612288 0.640782 0.673759 0.712124 0.676315 0.644976 0.617835 0.594260 0.573749 0.555901 0.540393 0.526962 0.515394 19432.500000 1.505980 0.567173
0.469589 0.465282 0.462157 0.460174 0.459311 0.459555 0.460911 0.463394 0.467036 0.471881 0.477991 0.485446 0.494348 0.504821 0.517019 0.531133 0.547396 0.566092 0.587576 0.612288 0.640782 0.673759 0.712124 0.676315 0.644976 0.617835 0.594260 0.573749 0.555901 0.540393 0.526962 0.515394 0.505514 0.497181 0.490280 0.484721 0.480430 0.477354 0.475456 0.474712 0.475113 0.476663 0.479383 0.483305 0.488478 0.494969 0.502861 0.512264 0.523310 0.536163 0.551024 0.568140 0.587815 0.610425 0.636438 0.666444 0.701193 0.741649 0.789076 0.845160 0.912191 0.967884 0.861991 0.778675 0.711608 0.656634 0.610912 0.572431 0.539734 0.511737 0.487618 0.466744 0.448620 0.432855 0.419135 0.407210 0.396874 0.387961 0.380336 0.373888 0.368528 0.364185 0.360802 0.358336 0.356758 0.356047 0.356196 0.357206 0.359089 0.361868 0.365578 0.370266 0.375994 0.382839 0.390896 0.400285 0.411151 0.423673 0.438069 0.454613 0.473640 0.495576 0.520959 0.550479 0.585041 0.625841 0.674506 0.733293 0.805431 0.895704 1.000000 0.914327 0.844049 0.785560 0.736311 0.694447 0.658589 0.627690 0.600943 0.577717 0.557513 0.539931 0.524650 0.511408 0.499992 0.490231 0.481982 0.475132 19432.500000 1.505980 0.567173
0.411151 0.423673 0.438069 0.454613 0.473640 0.495576 0.520959 0.550479 0.585041 0.625841 0.674506 0.733293 0.805431 0.895704 1.000000 0.914327 0.844049 0.785560 0.736311 0.694447 0.658589 0.627690 0.600943 0.577717 0.557513 0.539931 0.524650 0.511408 0.499992 0.490231 0.481982 0.475132 0.469589 0.465282 0.462157 0.460174 0.459311 0.459555 0.460911 0.463394 0.467036 0.471881 0.477991 0.485446 0.494348 0.504821 0.517019 0.531133 0.547396 0.566092 0.587576 0.612288 0.640782 0.673759 0.712124 0.676315 0.644976 0.617835 0.594260 0.573749 0.555901 0.540393 0.526962 0.515394 0.505514 0.497181 0.490280 0.484721 0.480430 0.477354 0.475456 0.474712 0.475113 0.476663 0.479383 0.483305 0.488478 0.494969 0.502861 0.512264 0.523310 0.536163 0.551024 0.568140 0.587815 0.610425 0.636438 0.666444 0.701193 0.741649 0.789076 0.845160 0.912191 0.967884 0.861991 0.778675 0.711608 0.656634 0.610912 0.572431 0.539734 0.511737 0.487618 0.466744 0.448620 0.432855 0.419135 0.407210 0.396874 0.387961 0.380336 0.373888 0.368528 0.364185 0.360802 0.358336 0.356758 0.356047 0.356196 0.357206 0.359089 0.361868 0.365578 0.370266 0.375994 0.382839 0.390896 0.400285 19432.500000 1.505980 0.567173
