0.598552 0.593139 0.589230 0.586777 0.585749 0.586134 0.587938 0.591181 0.595903 0.602164 0.610043 0.619644 0.631096 0.644562 0.660240 0.678375 0.699266 0.723283 0.750881 0.782630 0.778359 0.763280 0.750548 0.739988 0.731458 0.724849 0.720077 0.717084 0.715833 0.716309 0.718518 0.722486 0.728263 0.735920 0.745555 0.757294 0.771297 0.787761 0.806929 0.823196 0.801714 0.783163 0.767257 0.753765 0.742496 0.733300 0.726057 0.720675 0.717087 0.715249 0.715138 0.716754 0.720117 0.725266 0.732267 0.741207 0.752202 0.765400 0.780985 0.799183 0.820272 0.827038 0.795203 0.767508 0.743408 0.722463 0.704317 0.688677 0.675309 0.664020 0.654652 0.647083 0.641213 0.636970 0.634301 0.633173 0.633573 0.635505 0.638993 0.644079 0.650828 0.642569 0.633387 0.625951 0.620164 0.615954 0.613267 0.612072 0.612354 0.614117 0.617381 0.622187 0.628595 0.636686 0.646566 0.658368 0.672259 0.688443 0.706009 0.725352 0.747637 0.773257 0.802697 0.836563 0.875614 0.920817 0.973414 1.000000 0.951154 0.908945 0.872335 0.840507 0.812809 0.788717 0.767809 0.749741 0.734231 0.721052 0.710018 0.700980 0.693820 0.687501 0.668155 0.651394 0.636951 0.624607 0.614183 0.605536 757.500000 1.286932 0.838153
0.672259 0.688443 0.706009 0.725352 0.747637 0.773257 0.802697 0.836563 0.875614 0.920817 0.973414 1.000000 0.951154 0.908945 0.872335 0.840507 0.812809 0.788717 0.767809 0.749741 0.734231 0.721052 0.710018 0.700980 0.693820 0.687501 0.668155 0.651394 0.636951 0.624607 0.614183 0.605536 0.598552 0.593139 0.589230 0.586777 0.585749 0.586134 0.587938 0.591181 0.595903 0.602164 0.610043 0.619644 0.631096 0.644562 0.660240 0.678375 0.699266 0.723283 0.750881 0.782630 0.778359 0.763280 0.750548 0.739988 0.731458 0.724849 0.720077 0.717084 0.715833 0.716309 0.718518 0.722486 0.728263 0.735920 0.745555 0.757294 0.771297 0.787761 0.806929 0.823196 0.801714 0.783163 0.767257 0.753765 0.742496 0.733300 0.726057 0.720675 0.717087 0.715249 0.715138 0.716754 0.720117 0.725266 0.732267 0.741207 0.752202 0.765400 0.780985 0.799183 0.820272 0.827038 0.795203 0.767508 0.743408 0.722463 0.704317 0.688677 0.675309 0.664020 0.654652 0.647083 0.641213 0.636970 0.634301 0.633173 0.633573 0.635505 0.638993 0.644079 0.650828 0.642569 0.633387 0.625951 0.620164 0.615954 0.613267 0.612072 0.612354 0.614117 0.617381 0.622187 0.628595 0.636686 0.646566 0.658368 757.500000 1.286932 0.838153
0.743408 0.722463 0.704317 0.688677 0.675309 0.664020 0.654652 0.647083 0.641213 0.636970 0.634301 0.633173 0.633573 0.635505 0.638993 0.644079 0.650828 0.642569 0.633387 0.625951 0.620164 0.615954 0.613267 0.612072 0.612354 0.614117 0.617381 0.622187 0.628595 0.636686 0.646566 0.658368 0.672259 0.688443 0.706009 0.725352 0.747637 0.773257 0.802697 0.836563 0.875614 0.920817 0.973414 1.000000 0.951154 0.908945 0.872335 0.840507 0.812809 0.788717 0.767809 0.749741 0.734231 0.721052 0.710018 0.700980 0.693820 0.687501 0.668155 0.651394 0.636951 0.624607 0.614183 0.605536 0.598552 0.593139 0.589230 0.586777 0.585749 0.586134 0.587938 0.591181 0.595903 0.602164 0.610043 0.619644 0.631096 0.644562 0.660240 0.678375 0.699266 0.723283 0.750881 0.782630 0.778359 0.763280 0.750548 0.739988 0.731458 0.724849 0.720077 0.717084 0.715833 0.716309 0.718518 0.722486 0.728263 0.735920 0.745555 0.757294 0.771297 0.787761 0.806929 0.823196 0.801714 0.783163 0.767257 0.753765 0.742496 0.733300 0.726057 0.720675 0.717087 0.715249 0.715138 0.716754 0.720117 0.725266 0.732267 0.741207 0.752202 0.765400 0.780985 0.799183 0.820272 0.827038 0.795203 0.767508 757.500000 1.286932 0.838153
0.728263 0.735920 0.745555 0.757294 0.771297 0.787761 0.806929 0.823196 0.801714 0.783163 0.767257 0.753765 0.742496 0.733300 0.726057 0.720675 0.717087 0.715249 0.715138 0.716754 0.720117 0.725266 0.732267 0.741207 0.752202 0.765400 0.780985 0.799183 0.820272 0.827038 0.795203 0.767508 0.743408 0.722463 0.704317 0.688677 0.675309 0.664020 0.654652 0.647083 0.641213 0.636970 0.634301 0.633173 0.633573 0.635505 0.638993 0.644079 0.650828 0.642569 0.633387 0.625951 0.620164 0.615954 0.613267 0.612072 0.612354 0.614117 0.617381 0.622187 0.628595 0.636686 0.646566 0.658368 0.672259 0.688443 0.706009 0.725352 0.747637 0.773257 0.802697 0.836563 0.875614 0.920817 0.973414 1.000000 0.951154 0.908945 0.872335 0.840507 0.812809 0.788717 0.767809 0.749741 0.734231 0.721052 0.710018 0.700980 0.693820 0.687501 0.668155 0.651394 0.636951 0.624607 0.614183 0.605536 0.598552 0.593139 0.589230 0.586777 0.585749 0.586134 0.587938 0.591181 0.595903 0.602164 0.610043 0.619644 0.631096 0.644562 0.660240 0.678375 0.699266 0.723283 0.750881 0.782630 0.778359 0.763280 0.750548 0.739988 0.731458 0.724849 0.720077 0.717084 0.715833 0.716309 0.718518 0.722486 757.500000 1.286932 0.838153
0.898309 0.865382 0.836728 0.811803 0.790169 0.771468 0.755410 0.741757 0.730317 0.720935 0.713488 0.707882 0.704045 0.701932 0.701517 0.702793 0.705779 0.710508 0.717040 0.725458 0.735869 0.732264 0.712177 0.694791 0.679833 0.667078 0.656346 0.647488 0.640389 0.634956 0.631123 0.628841 0.628084 0.628841 0.631123 0.634956 0.640302 0.645829 0.653040 0.662026 0.672907 0.685831 0.700983 0.718590 0.738931 0.762346 0.789258 0.820187 0.855785 0.896872 0.944494 1.000000 0.977086 0.956352 0.938695 0.923863 0.911654 0.901908 0.894501 0.889339 0.885576 0.854080 0.826671 0.802840 0.782176 0.764345 0.749072 0.736137 0.725359 0.716593 0.709726 0.704670 0.701364 0.699767 0.699859 0.701642 0.705137 0.704913 0.698986 0.694818 0.692358 0.691575 0.692460 0.695024 0.699298 0.705335 0.713210 0.723024 0.734907 0.749022 0.765571 0.748700 0.732250 0.718200 0.706349 0.696534 0.688624 0.682517 0.678137 0.675429 0.674362 0.674921 0.677113 0.680966 0.686526 0.693863 0.703071 0.714270 0.727613 0.743288 0.761529 0.782621 0.806913 0.834838 0.866928 0.898660 0.887240 0.878196 0.871412 0.866804 0.864317 0.863919 0.865605 0.869397 0.875340 0.883508 0.894004 0.906963 1727.500000 1.308142 0.875317
0.688624 0.682517 0.678137 0.675429 0.674362 0.674921 0.677113 0.680966 0.686526 0.693863 0.703071 0.714270 0.727613 0.743288 0.761529 0.782621 0.806913 0.834838 0.866928 0.898660 0.887240 0.878196 0.871412 0.866804 0.864317 0.863919 0.865605 0.869397 0.875340 0.883508 0.894004 0.906963 0.898309 0.865382 0.836728 0.811803 0.790169 0.771468 0.755410 0.741757 0.730317 0.720935 0.713488 0.707882 0.704045 0.701932 0.701517 0.702793 0.705779 0.710508 0.717040 0.725458 0.735869 0.732264 0.712177 0.694791 0.679833 0.667078 0.656346 0.647488 0.640389 0.634956 0.631123 0.628841 0.628084 0.628841 0.631123 0.634956 0.640302 0.645829 0.653040 0.662026 0.672907 0.685831 0.700983 0.718590 0.738931 0.762346 0.789258 0.820187 0.855785 0.896872 0.944494 1.000000 0.977086 0.956352 0.938695 0.923863 0.911654 0.901908 0.894501 0.889339 0.885576 0.854080 0.826671 0.802840 0.782176 0.764345 0.749072 0.736137 0.725359 0.716593 0.709726 0.704670 0.701364 0.699767 0.699859 0.701642 0.705137 0.704913 0.698986 0.694818 0.692358 0.691575 0.692460 0.695024 0.699298 0.705335 0.713210 0.723024 0.734907 0.749022 0.765571 0.748700 0.732250 0.718200 0.706349 0.696534 1727.500000 1.308142 0.875317
0.782176 0.764345 0.749072 0.736137 0.725359 0.716593 0.709726 0.704670 0.701364 0.699767 0.699859 0.701642 0.705137 0.704913 0.698986 0.694818 0.692358 0.691575 0.692460 0.695024 0.699298 0.705335 0.713210 0.723024 0.734907 0.749022 0.765571 0.748700 0.732250 0.718200 0.706349 0.696534 0.688624 0.682517 0.678137 0.675429 0.674362 0.674921 0.677113 0.680966 0.686526 0.693863 0.703071 0.714270 0.727613 0.743288 0.761529 0.782621 0.806913 0.834838 0.866928 0.898660 0.887240 0.878196 0.871412 0.866804 0.864317 0.863919 0.865605 0.869397 0.875340 0.883508 0.894004 0.906963 0.898309 0.865382 0.836728 0.811803 0.790169 0.771468 0.755410 0.741757 0.730317 0.720935 0.713488 0.707882 0.704045 0.701932 0.701517 0.702793 0.705779 0.710508 0.717040 0.725458 0.735869 0.732264 0.712177 0.694791 0.679833 0.667078 0.656346 0.647488 0.640389 0.634956 0.631123 0.628841 0.628084 0.628841 0.631123 0.634956 0.640302 0.645829 0.653040 0.662026 0.672907 0.685831 0.700983 0.718590 0.738931 0.762346 0.789258 0.820187 0.855785 0.896872 0.944494 1.000000 0.977086 0.956352 0.938695 0.923863 0.911654 0.901908 0.894501 0.889339 0.885576 0.854080 0.826671 0.802840 1727.500000 1.308142 0.875317
0.628084 0.628841 0.631123 0.634956 0.640302 0.645829 0.653040 0.662026 0.672907 0.685831 0.700983 0.718590 0.738931 0.762346 0.789258 0.820187 0.855785 0.896872 0.944494 1.000000 0.977086 0.956352 0.938695 0.923863 0.911654 0.901908 0.894501 0.889339 0.885576 0.854080 0.826671 0.802840 0.782176 0.764345 0.749072 0.736137 0.725359 0.716593 0.709726 0.704670 0.701364 0.699767 0.699859 0.701642 0.705137 0.704913 0.698986 0.694818 0.692358 0.691575 0.692460 0.695024 0.699298 0.705335 0.713210 0.723024 0.734907 0.749022 0.765571 0.748700 0.732250 0.718200 0.706349 0.696534 0.688624 0.682517 0.678137 0.675429 0.674362 0.674921 0.677113 0.680966 0.686526 0.693863 0.703071 0.714270 0.727613 0.743288 0.761529 0.782621 0.806913 0.834838 0.866928 0.898660 0.887240 0.878196 0.871412 0.866804 0.864317 0.863919 0.865605 0.869397 0.875340 0.883508 0.894004 0.906963 0.898309 0.865382 0.836728 0.811803 0.790169 0.771468 0.755410 0.741757 0.730317 0.720935 0.713488 0.707882 0.704045 0.701932 0.701517 0.702793 0.705779 0.710508 0.717040 0.725458 0.735869 0.732264 0.712177 0.694791 0.679833 0.667078 0.656346 0.647488 0.640389 0.634956 0.631123 0.628841 1727.500000 1.308142 0.875317
0.716867 0.732367 0.750400 0.771248 0.795259 0.822858 0.802674 0.781262 0.762753 0.746858 0.733343 0.722016 0.712726 0.705348 0.699791 0.695984 0.693881 0.693456 0.694704 0.697640 0.702301 0.708743 0.717047 0.727322 0.739703 0.754362 0.753970 0.737844 0.724101 0.712546 0.703021 0.695400 0.689586 0.685507 0.683111 0.682371 0.683276 0.685838 0.690088 0.696078 0.703884 0.713606 0.725371 0.739343 0.755719 0.774746 0.796725 0.822026 0.851103 0.884522 0.922988 0.901062 0.872046 0.846818 0.824939 0.806056 0.789878 0.776170 0.764740 0.755436 0.748136 0.742747 0.739204 0.737463 0.737503 0.739323 0.742948 0.748419 0.755806 0.765202 0.747484 0.721877 0.699596 0.680239 0.663480 0.649052 0.636740 0.626368 0.617792 0.610899 0.605602 0.601833 0.599546 0.598714 0.599325 0.601389 0.604928 0.609988 0.616631 0.624943 0.635032 0.647037 0.661128 0.677515 0.696456 0.718266 0.743335 0.772144 0.805295 0.843543 0.887852 0.939462 1.000000 0.995800 0.945113 0.901403 0.863545 0.830660 0.802049 0.777153 0.755521 0.736788 0.720655 0.706881 0.695266 0.685652 0.677912 0.671944 0.667676 0.665053 0.664044 0.664637 0.666839 0.670677 0.676198 0.683470 0.692588 0.703670 4245.000000 1.140318 0.818901
0.743335 0.772144 0.805295 0.843543 0.887852 0.939462 1.000000 0.995800 0.945113 0.901403 0.863545 0.830660 0.802049 0.777153 0.755521 0.736788 0.720655 0.706881 0.695266 0.685652 0.677912 0.671944 0.667676 0.665053 0.664044 0.664637 0.666839 0.670677 0.676198 0.683470 0.692588 0.703670 0.716867 0.732367 0.750400 0.771248 0.795259 0.822858 0.802674 0.781262 0.762753 0.746858 0.733343 0.722016 0.712726 0.705348 0.699791 0.695984 0.693881 0.693456 0.694704 0.697640 0.702301 0.708743 0.717047 0.727322 0.739703 0.754362 0.753970 0.737844 0.724101 0.712546 0.703021 0.695400 0.689586 0.685507 0.683111 0.682371 0.683276 0.685838 0.690088 0.696078 0.703884 0.713606 0.725371 0.739343 0.755719 0.774746 0.796725 0.822026 0.851103 0.884522 0.922988 0.901062 0.872046 0.846818 0.824939 0.806056 0.789878 0.776170 0.764740 0.755436 0.748136 0.742747 0.739204 0.737463 0.737503 0.739323 0.742948 0.748419 0.755806 0.765202 0.747484 0.721877 0.699596 0.680239 0.663480 0.649052 0.636740 0.626368 0.617792 0.610899 0.605602 0.601833 0.599546 0.598714 0.599325 0.601389 0.604928 0.609988 0.616631 0.624943 0.635032 0.647037 0.661128 0.677515 0.696456 0.718266 4245.000000 1.140318 0.818901
0.737503 0.739323 0.742948 0.748419 0.755806 0.765202 0.747484 0.721877 0.699596 0.680239 0.663480 0.649052 0.636740 0.626368 0.617792 0.610899 0.605602 0.601833 0.599546 0.598714 0.599325 0.601389 0.604928 0.609988 0.616631 0.624943 0.635032 0.647037 0.661128 0.677515 0.696456 0.718266 0.743335 0.772144 0.805295 0.843543 0.887852 0.939462 1.000000 0.995800 0.945113 0.901403 0.863545 0.830660 0.802049 0.777153 0.755521 0.736788 0.720655 0.706881 0.695266 0.685652 0.677912 0.671944 0.667676 0.665053 0.664044 0.664637 0.666839 0.670677 0.676198 0.683470 0.692588 0.703670 0.716867 0.732367 0.750400 0.771248 0.795259 0.822858 0.802674 0.781262 0.762753 0.746858 0.733343 0.722016 0.712726 0.705348 0.699791 0.695984 0.693881 0.693456 0.694704 0.697640 0.702301 0.708743 0.717047 0.727322 0.739703 0.754362 0.753970 0.737844 0.724101 0.712546 0.703021 0.695400 0.689586 0.685507 0.683111 0.682371 0.683276 0.685838 0.690088 0.696078 0.703884 0.713606 0.725371 0.739343 0.755719 0.774746 0.796725 0.822026 0.851103 0.884522 0.922988 0.901062 0.872046 0.846818 0.824939 0.806056 0.789878 0.776170 0.764740 0.755436 0.748136 0.742747 0.739204 0.737463 4245.000000 1.140318 0.818901
0.689586 0.685507 0.683111 0.682371 0.683276 0.685838 0.690088 0.696078 0.703884 0.713606 0.725371 0.739343 0.755719 0.774746 0.796725 0.822026 0.851103 0.884522 0.922988 0.901062 0.872046 0.846818 0.824939 0.806056 0.789878 0.776170 0.764740 0.755436 0.748136 0.742747 0.739204 0.737463 0.737503 0.739323 0.742948 0.748419 0.755806 0.765202 0.747484 0.721877 0.699596 0.680239 0.663480 0.649052 0.636740 0.626368 0.617792 0.610899 0.605602 0.601833 0.599546 0.598714 0.599325 0.601389 0.604928 0.609988 0.616631 0.624943 0.635032 0.647037 0.661128 0.677515 0.696456 0.718266 0.743335 0.772144 0.805295 0.843543 0.887852 0.939462 1.000000 0.995800 0.945113 0.901403 0.863545 0.830660 0.802049 0.777153 0.755521 0.736788 0.720655 0.706881 0.695266 0.685652 0.677912 0.671944 0.667676 0.665053 0.664044 0.664637 0.666839 0.670677 0.676198 0.683470 0.692588 0.703670 0.716867 0.732367 0.750400 0.771248 0.795259 0.822858 0.802674 0.781262 0.762753 0.746858 0.733343 0.722016 0.712726 0.705348 0.699791 0.695984 0.693881 0.693456 0.694704 0.697640 0.702301 0.708743 0.717047 0.727322 0.739703 0.754362 0.753970 0.737844 0.724101 0.712546 0.703021 0.695400 4245.000000 1.140318 0.818901
0.898066 0.996168 0.949737 0.880171 0.821946 0.772692 0.730669 0.694567 0.663388 0.636355 0.612858 0.592410 0.574623 0.559180 0.545826 0.534352 0.524589 0.516397 0.509667 0.504309 0.500255 0.497455 0.495873 0.495492 0.496306 0.498325 0.501574 0.506093 0.511938 0.519186 0.527931 0.538296 0.550428 0.564510 0.580769 0.599478 0.620979 0.645693 0.674147 0.707006 0.745120 0.789587 0.778896 0.735559 0.698383 0.666312 0.638529 0.614390 0.593387 0.575113 0.559237 0.545494 0.533664 0.523571 0.515071 0.508047 0.502405 0.498075 0.495000 0.493144 0.492484 0.493012 0.494734 0.497672 0.501860 0.507353 0.514219 0.522550 0.532460 0.544088 0.557609 0.573236 0.591228 0.611909 0.635676 0.663026 0.694584 0.731145 0.773736 0.823704 0.882845 0.953610 1.000000 0.901108 0.821816 0.757027 0.703277 0.658134 0.619840 0.587094 0.558913 0.534543 0.513394 0.495002 0.478996 0.465078 0.453007 0.442585 0.433654 0.426082 0.419764 0.414615 0.410568 0.407571 0.405588 0.404594 0.404577 0.405537 0.407485 0.410446 0.414456 0.419566 0.425843 0.433369 0.442252 0.452619 0.464630 0.478480 0.494409 0.512712 0.533758 0.558008 0.586046 0.618618 0.656700 0.701579 0.754995 0.819351 5193.000000 1.335710 0.585605
0.453007 0.442585 0.433654 0.426082 0.419764 0.414615 0.410568 0.407571 0.405588 0.404594 0.404577 0.405537 0.407485 0.410446 0.414456 0.419566 0.425843 0.433369 0.442252 0.452619 0.464630 0.478480 0.494409 0.512712 0.533758 0.558008 0.586046 0.618618 0.656700 0.701579 0.754995 0.819351 0.898066 0.996168 0.949737 0.880171 0.821946 0.772692 0.730669 0.694567 0.663388 0.636355 0.612858 0.592410 0.574623 0.559180 0.545826 0.534352 0.524589 0.516397 0.509667 0.504309 0.500255 0.497455 0.495873 0.495492 0.496306 0.498325 0.501574 0.506093 0.511938 0.519186 0.527931 0.538296 0.550428 0.564510 0.580769 0.599478 0.620979 0.645693 0.674147 0.707006 0.745120 0.789587 0.778896 0.735559 0.698383 0.666312 0.638529 0.614390 0.593387 0.575113 0.559237 0.545494 0.533664 0.523571 0.515071 0.508047 0.502405 0.498075 0.495000 0.493144 0.492484 0.493012 0.494734 0.497672 0.501860 0.507353 0.514219 0.522550 0.532460 0.544088 0.557609 0.573236 0.591228 0.611909 0.635676 0.663026 0.694584 0.731145 0.773736 0.823704 0.882845 0.953610 1.000000 0.901108 0.821816 0.757027 0.703277 0.658134 0.619840 0.587094 0.558913 0.534543 0.513394 0.495002 0.478996 0.465078 5193.000000 1.335710 0.585605
0.501860 0.507353 0.514219 0.522550 0.532460 0.544088 0.557609 0.573236 0.591228 0.611909 0.635676 0.663026 0.694584 0.731145 0.773736 0.823704 0.882845 0.953610 1.000000 0.901108 0.821816 0.757027 0.703277 0.658134 0.619840 0.587094 0.558913 0.534543 0.513394 0.495002 0.478996 0.465078 0.453007 0.442585 0.433654 0.426082 0.419764 0.414615 0.410568 0.407571 0.405588 0.404594 0.404577 0.405537 0.407485 0.410446 0.414456 0.419566 0.425843 0.433369 0.442252 0.452619 0.464630 0.478480 0.494409 0.512712 0.533758 0.558008 0.586046 0.618618 0.656700 0.701579 0.754995 0.819351 0.898066 0.996168 0.949737 0.880171 0.821946 0.772692 0.730669 0.694567 0.663388 0.636355 0.612858 0.592410 0.574623 0.559180 0.545826 0.534352 0.524589 0.516397 0.509667 0.504309 0.500255 0.497455 0.495873 0.495492 0.496306 0.498325 0.501574 0.506093 0.511938 0.519186 0.527931 0.538296 0.550428 0.564510 0.580769 0.599478 0.620979 0.645693 0.674147 0.707006 0.745120 0.789587 0.778896 0.735559 0.698383 0.666312 0.638529 0.614390 0.593387 0.575113 0.559237 0.545494 0.533664 0.523571 0.515071 0.508047 0.502405 0.498075 0.495000 0.493144 0.492484 0.493012 0.494734 0.497672 5193.000000 1.335710 0.585605
0.550428 0.564510 0.580769 0.599478 0.620979 0.645693 0.674147 0.707006 0.745120 0.789587 0.778896 0.735559 0.698383 0.666312 0.638529 0.614390 0.593387 0.575113 0.559237 0.545494 0.533664 0.523571 0.515071 0.508047 0.502405 0.498075 0.495000 0.493144 0.492484 0.493012 0.494734 0.497672 0.501860 0.507353 0.514219 0.522550 0.532460 0.544088 0.557609 0.573236 0.591228 0.611909 0.635676 0.663026 0.694584 0.731145 0.773736 0.823704 0.882845 0.953610 1.000000 0.901108 0.821816 0.757027 0.703277 0.658134 0.619840 0.587094 0.558913 0.534543 0.513394 0.495002 0.478996 0.465078 0.453007 0.442585 0.433654 0.426082 0.419764 0.414615 0.410568 0.407571 0.405588 0.404594 0.404577 0.405537 0.407485 0.410446 0.414456 0.419566 0.425843 0.433369 0.442252 0.452619 0.464630 0.478480 0.494409 0.512712 0.533758 0.558008 0.586046 0.618618 0.656700 0.701579 0.754995 0.819351 0.898066 0.996168 0.949737 0.880171 0.821946 0.772692 0.730669 0.694567 0.663388 0.636355 0.612858 0.592410 0.574623 0.559180 0.545826 0.534352 0.524589 0.516397 0.509667 0.504309 0.500255 0.497455 0.495873 0.495492 0.496306 0.498325 0.501574 0.506093 0.511938 0.519186 0.527931 0.538296 5193.000000 1.335710 0.585605
0.494921 0.481601 0.470081 0.460183 0.451758 0.444689 0.438878 0.434250 0.430745 0.428321 0.426946 0.426604 0.427291 0.429068 0.431930 0.435888 0.440992 0.447306 0.454916 0.463927 0.474467 0.486698 0.500814 0.517056 0.535721 0.557177 0.570367 0.565571 0.562198 0.560207 0.559573 0.560289 0.562364 0.565822 0.570706 0.577077 0.585018 0.594633 0.606053 0.619442 0.635001 0.652974 0.673666 0.697446 0.724777 0.756234 0.792540 0.834621 0.816610 0.779310 0.746989 0.718906 0.694470 0.673209 0.654742 0.638758 0.625006 0.613280 0.603413 0.595270 0.588743 0.583749 0.580224 0.578127 0.577430 0.578127 0.580224 0.583749 0.588743 0.595270 0.603413 0.613280 0.618204 0.591786 0.568847 0.548893 0.531529 0.516436 0.503355 0.492077 0.482430 0.474274 0.467180 0.460249 0.454600 0.450160 0.446871 0.444694 0.443601 0.443580 0.444629 0.446763 0.450006 0.454400 0.459999 0.466877 0.475126 0.484860 0.491800 0.499871 0.509458 0.520700 0.533764 0.548856 0.566230 0.586199 0.609149 0.635562 0.666048 0.701380 0.742559 0.790900 0.848159 0.916736 1.000000 0.929933 0.863646 0.807997 0.760807 0.720465 0.685755 0.655743 0.629523 0.598380 0.571485 0.548168 0.527900 0.510264 1721.000000 1.387764 0.716921
0.475126 0.484860 0.491800 0.499871 0.509458 0.520700 0.533764 0.548856 0.566230 0.586199 0.609149 0.635562 0.666048 0.701380 0.742559 0.790900 0.848159 0.916736 1.000000 0.929933 0.863646 0.807997 0.760807 0.720465 0.685755 0.655743 0.629523 0.598380 0.571485 0.548168 0.527900 0.510264 0.494921 0.481601 0.470081 0.460183 0.451758 0.444689 0.438878 0.434250 0.430745 0.428321 0.426946 0.426604 0.427291 0.429068 0.431930 0.435888 0.440992 0.447306 0.454916 0.463927 0.474467 0.486698 0.500814 0.517056 0.535721 0.557177 0.570367 0.565571 0.562198 0.560207 0.559573 0.560289 0.562364 0.565822 0.570706 0.577077 0.585018 0.594633 0.606053 0.619442 0.635001 0.652974 0.673666 0.697446 0.724777 0.756234 0.792540 0.834621 0.816610 0.779310 0.746989 0.718906 0.694470 0.673209 0.654742 0.638758 0.625006 0.613280 0.603413 0.595270 0.588743 0.583749 0.580224 0.578127 0.577430 0.578127 0.580224 0.583749 0.588743 0.595270 0.603413 0.613280 0.618204 0.591786 0.568847 0.548893 0.531529 0.516436 0.503355 0.492077 0.482430 0.474274 0.467180 0.460249 0.454600 0.450160 0.446871 0.444694 0.443601 0.443580 0.444629 0.446763 0.450006 0.454400 0.459999 0.466877 1721.000000 1.387764 0.716921
0.577430 0.578127 0.580224 0.583749 0.588743 0.595270 0.603413 0.613280 0.618204 0.591786 0.568847 0.548893 0.531529 0.516436 0.503355 0.492077 0.482430 0.474274 0.467180 0.460249 0.454600 0.450160 0.446871 0.444694 0.443601 0.443580 0.444629 0.446763 0.450006 0.454400 0.459999 0.466877 0.475126 0.484860 0.491800 0.499871 0.509458 0.520700 0.533764 0.548856 0.566230 0.586199 0.609149 0.635562 0.666048 0.701380 0.742559 0.790900 0.848159 0.916736 1.000000 0.929933 0.863646 0.807997 0.760807 0.720465 0.685755 0.655743 0.629523 0.598380 0.571485 0.548168 0.527900 0.510264 0.494921 0.481601 0.470081 0.460183 0.451758 0.444689 0.438878 0.434250 0.430745 0.428321 0.426946 0.426604 0.427291 0.429068 0.431930 0.435888 0.440992 0.447306 0.454916 0.463927 0.474467 0.486698 0.500814 0.517056 0.535721 0.557177 0.570367 0.565571 0.562198 0.560207 0.559573 0.560289 0.562364 0.565822 0.570706 0.577077 0.585018 0.594633 0.606053 0.619442 0.635001 0.652974 0.673666 0.697446 0.724777 0.756234 0.792540 0.834621 0.816610 0.779310 0.746989 0.718906 0.694470 0.673209 0.654742 0.638758 0.625006 0.613280 0.603413 0.595270 0.588743 0.583749 0.580224 0.578127 1721.000000 1.387764 0.716921
0.562364 0.565822 0.570706 0.577077 0.585018 0.594633 0.606053 0.619442 0.635001 0.652974 0.673666 0.697446 0.724777 0.756234 0.792540 0.834621 0.816610 0.779310 0.746989 0.718906 0.694470 0.673209 0.654742 0.638758 0.625006 0.613280 0.603413 0.595270 0.588743 0.583749 0.580224 0.578127 0.577430 0.578127 0.580224 0.583749 0.588743 0.595270 0.603413 0.613280 0.618204 0.591786 0.568847 0.548893 0.531529 0.516436 0.503355 0.492077 0.482430 0.474274 0.467180 0.460249 0.454600 0.450160 0.446871 0.444694 0.443601 0.443580 0.444629 0.446763 0.450006 0.454400 0.459999 0.466877 0.475126 0.484860 0.491800 0.499871 0.509458 0.520700 0.533764 0.548856 0.566230 0.586199 0.609149 0.635562 0.666048 0.701380 0.742559 0.790900 0.848159 0.916736 1.000000 0.929933 0.863646 0.807997 0.760807 0.720465 0.685755 0.655743 0.629523 0.598380 0.571485 0.548168 0.527900 0.510264 0.494921 0.481601 0.470081 0.460183 0.451758 0.444689 0.438878 0.434250 0.430745 0.428321 0.426946 0.426604 0.427291 0.429068 0.431930 0.435888 0.440992 0.447306 0.454916 0.463927 0.474467 0.486698 0.500814 0.517056 0.535721 0.557177 0.570367 0.565571 0.562198 0.560207 0.559573 0.560289 1721.000000 1.387764 0.716921
0.855524 0.890355 0.930480 0.976856 0.989185 0.920853 0.863297 0.814359 0.772433 0.736300 0.705018 0.677853 0.654221 0.633656 0.615783 0.600297 0.587133 0.577390 0.569315 0.562800 0.557761 0.554134 0.551875 0.550956 0.551366 0.553111 0.556211 0.560704 0.566646 0.574114 0.583205 0.586264 0.581722 0.578633 0.576960 0.576681 0.577794 0.580312 0.584266 0.589705 0.596697 0.605332 0.615726 0.628022 0.642399 0.658523 0.655341 0.653757 0.653752 0.655325 0.658497 0.663305 0.669809 0.678092 0.688261 0.700453 0.714838 0.731625 0.751073 0.773497 0.799287 0.828921 0.862996 0.902260 0.947658 1.000000 0.938879 0.886812 0.842139 0.803594 0.770197 0.741180 0.715931 0.693964 0.674881 0.658364 0.644150 0.632028 0.621823 0.613398 0.606639 0.601461 0.595896 0.590024 0.585664 0.582761 0.581280 0.581204 0.582530 0.585276 0.589475 0.595179 0.602459 0.611412 0.622155 0.623650 0.613235 0.604595 0.597615 0.592204 0.588296 0.585840 0.584808 0.585187 0.586981 0.590213 0.594921 0.601165 0.609025 0.618602 0.630028 0.643463 0.659106 0.677201 0.677255 0.677096 0.678571 0.681698 0.686516 0.693084 0.701485 0.711829 0.724253 0.738930 0.756073 0.775944 0.798865 0.825229 1737.000000 1.313412 0.788565
0.613235 0.604595 0.597615 0.592204 0.588296 0.585840 0.584808 0.585187 0.586981 0.590213 0.594921 0.601165 0.609025 0.618602 0.630028 0.643463 0.659106 0.677201 0.677255 0.677096 0.678571 0.681698 0.686516 0.693084 0.701485 0.711829 0.724253 0.738930 0.756073 0.775944 0.798865 0.825229 0.855524 0.890355 0.930480 0.976856 0.989185 0.920853 0.863297 0.814359 0.772433 0.736300 0.705018 0.677853 0.654221 0.633656 0.615783 0.600297 0.587133 0.577390 0.569315 0.562800 0.557761 0.554134 0.551875 0.550956 0.551366 0.553111 0.556211 0.560704 0.566646 0.574114 0.583205 0.586264 0.581722 0.578633 0.576960 0.576681 0.577794 0.580312 0.584266 0.589705 0.596697 0.605332 0.615726 0.628022 0.642399 0.658523 0.655341 0.653757 0.653752 0.655325 0.658497 0.663305 0.669809 0.678092 0.688261 0.700453 0.714838 0.731625 0.751073 0.773497 0.799287 0.828921 0.862996 0.902260 0.947658 1.000000 0.938879 0.886812 0.842139 0.803594 0.770197 0.741180 0.715931 0.693964 0.674881 0.658364 0.644150 0.632028 0.621823 0.613398 0.606639 0.601461 0.595896 0.590024 0.585664 0.582761 0.581280 0.581204 0.582530 0.585276 0.589475 0.595179 0.602459 0.611412 0.622155 0.623650 1737.000000 1.313412 0.788565
0.947658 1.000000 0.938879 0.886812 0.842139 0.803594 0.770197 0.741180 0.715931 0.693964 0.674881 0.658364 0.644150 0.632028 0.621823 0.613398 0.606639 0.601461 0.595896 0.590024 0.585664 0.582761 0.581280 0.581204 0.582530 0.585276 0.589475 0.595179 0.602459 0.611412 0.622155 0.623650 0.613235 0.604595 0.597615 0.592204 0.588296 0.585840 0.584808 0.585187 0.586981 0.590213 0.594921 0.601165 0.609025 0.618602 0.630028 0.643463 0.659106 0.677201 0.677255 0.677096 0.678571 0.681698 0.686516 0.693084 0.701485 0.711829 0.724253 0.738930 0.756073 0.775944 0.798865 0.825229 0.855524 0.890355 0.930480 0.976856 0.989185 0.920853 0.863297 0.814359 0.772433 0.736300 0.705018 0.677853 0.654221 0.633656 0.615783 0.600297 0.587133 0.577390 0.569315 0.562800 0.557761 0.554134 0.551875 0.550956 0.551366 0.553111 0.556211 0.560704 0.566646 0.574114 0.583205 0.586264 0.581722 0.578633 0.576960 0.576681 0.577794 0.580312 0.584266 0.589705 0.596697 0.605332 0.615726 0.628022 0.642399 0.658523 0.655341 0.653757 0.653752 0.655325 0.658497 0.663305 0.669809 0.678092 0.688261 0.700453 0.714838 0.731625 0.751073 0.773497 0.799287 0.828921 0.862996 0.902260 1737.000000 1.313412 0.788565
0.581722 0.578633 0.576960 0.576681 0.577794 0.580312 0.584266 0.589705 0.596697 0.605332 0.615726 0.628022 0.642399 0.658523 0.655341 0.653757 0.653752 0.655325 0.658497 0.663305 0.669809 0.678092 0.688261 0.700453 0.714838 0.731625 0.751073 0.773497 0.799287 0.828921 0.862996 0.902260 0.947658 1.000000 0.938879 0.886812 0.842139 0.803594 0.770197 0.741180 0.715931 0.693964 0.674881 0.658364 0.644150 0.632028 0.621823 0.613398 0.606639 0.601461 0.595896 0.590024 0.585664 0.582761 0.581280 0.581204 0.582530 0.585276 0.589475 0.595179 0.602459 0.611412 0.622155 0.623650 0.613235 0.604595 0.597615 0.592204 0.588296 0.585840 0.584808 0.585187 0.586981 0.590213 0.594921 0.601165 0.609025 0.618602 0.630028 0.643463 0.659106 0.677201 0.677255 0.677096 0.678571 0.681698 0.686516 0.693084 0.701485 0.711829 0.724253 0.738930 0.756073 0.775944 0.798865 0.825229 0.855524 0.890355 0.930480 0.976856 0.989185 0.920853 0.863297 0.814359 0.772433 0.736300 0.705018 0.677853 0.654221 0.633656 0.615783 0.600297 0.587133 0.577390 0.569315 0.562800 0.557761 0.554134 0.551875 0.550956 0.551366 0.553111 0.556211 0.560704 0.566646 0.574114 0.583205 0.586264 1737.000000 1.313412 0.788565
0.748767 0.740384 0.733934 0.729338 0.726538 0.725501 0.726214 0.728686 0.732946 0.739047 0.747066 0.757104 0.769294 0.783803 0.800835 0.820645 0.843544 0.869913 0.900223 0.935055 0.975135 0.990721 0.967108 0.946822 0.929564 0.915088 0.903199 0.893740 0.886591 0.881663 0.878895 0.878253 0.879730 0.883344 0.889138 0.890367 0.858536 0.830835 0.806749 0.785859 0.767827 0.752376 0.739280 0.728358 0.719461 0.712474 0.707310 0.703903 0.702213 0.702219 0.703920 0.707338 0.712514 0.719512 0.728421 0.739358 0.752468 0.767935 0.785984 0.806893 0.831002 0.858728 0.890587 0.880240 0.855185 0.833468 0.814742 0.798720 0.785172 0.773909 0.764780 0.757669 0.752484 0.749163 0.747664 0.747970 0.750083 0.754030 0.759859 0.767643 0.777480 0.789499 0.803863 0.820773 0.840478 0.863283 0.889564 0.919779 0.954501 0.994436 1.000000 0.964746 0.934066 0.907397 0.884279 0.864340 0.847277 0.832842 0.820835 0.811096 0.803498 0.797945 0.794370 0.792727 0.792998 0.795185 0.799315 0.805439 0.813632 0.824000 0.836676 0.833026 0.813081 0.795941 0.781352 0.769108 0.759042 0.751022 0.744946 0.740738 0.738345 0.737739 0.738913 0.741881 0.746679 0.753366 0.762027 0.759193 5531.500000 1.197760 0.871628
0.847277 0.832842 0.820835 0.811096 0.803498 0.797945 0.794370 0.792727 0.792998 0.795185 0.799315 0.805439 0.813632 0.824000 0.836676 0.833026 0.813081 0.795941 0.781352 0.769108 0.759042 0.751022 0.744946 0.740738 0.738345 0.737739 0.738913 0.741881 0.746679 0.753366 0.762027 0.759193 0.748767 0.740384 0.733934 0.729338 0.726538 0.725501 0.726214 0.728686 0.732946 0.739047 0.747066 0.757104 0.769294 0.783803 0.800835 0.820645 0.843544 0.869913 0.900223 0.935055 0.975135 0.990721 0.967108 0.946822 0.929564 0.915088 0.903199 0.893740 0.886591 0.881663 0.878895 0.878253 0.879730 0.883344 0.889138 0.890367 0.858536 0.830835 0.806749 0.785859 0.767827 0.752376 0.739280 0.728358 0.719461 0.712474 0.707310 0.703903 0.702213 0.702219 0.703920 0.707338 0.712514 0.719512 0.728421 0.739358 0.752468 0.767935 0.785984 0.806893 0.831002 0.858728 0.890587 0.880240 0.855185 0.833468 0.814742 0.798720 0.785172 0.773909 0.764780 0.757669 0.752484 0.749163 0.747664 0.747970 0.750083 0.754030 0.759859 0.767643 0.777480 0.789499 0.803863 0.820773 0.840478 0.863283 0.889564 0.919779 0.954501 0.994436 1.000000 0.964746 0.934066 0.907397 0.884279 0.864340 5531.500000 1.197760 0.871628
0.855185 0.833468 0.814742 0.798720 0.785172 0.773909 0.764780 0.757669 0.752484 0.749163 0.747664 0.747970 0.750083 0.754030 0.759859 0.767643 0.777480 0.789499 0.803863 0.820773 0.840478 0.863283 0.889564 0.919779 0.954501 0.994436 1.000000 0.964746 0.934066 0.907397 0.884279 0.864340 0.847277 0.832842 0.820835 0.811096 0.803498 0.797945 0.794370 0.792727 0.792998 0.795185 0.799315 0.805439 0.813632 0.824000 0.836676 0.833026 0.813081 0.795941 0.781352 0.769108 0.759042 0.751022 0.744946 0.740738 0.738345 0.737739 0.738913 0.741881 0.746679 0.753366 0.762027 0.759193 0.748767 0.740384 0.733934 0.729338 0.726538 0.725501 0.726214 0.728686 0.732946 0.739047 0.747066 0.757104 0.769294 0.783803 0.800835 0.820645 0.843544 0.869913 0.900223 0.935055 0.975135 0.990721 0.967108 0.946822 0.929564 0.915088 0.903199 0.893740 0.886591 0.881663 0.878895 0.878253 0.879730 0.883344 0.889138 0.890367 0.858536 0.830835 0.806749 0.785859 0.767827 0.752376 0.739280 0.728358 0.719461 0.712474 0.707310 0.703903 0.702213 0.702219 0.703920 0.707338 0.712514 0.719512 0.728421 0.739358 0.752468 0.767935 0.785984 0.806893 0.831002 0.858728 0.890587 0.880240 5531.500000 1.197760 0.871628
0.879730 0.883344 0.889138 0.890367 0.858536 0.830835 0.806749 0.785859 0.767827 0.752376 0.739280 0.728358 0.719461 0.712474 0.707310 0.703903 0.702213 0.702219 0.703920 0.707338 0.712514 0.719512 0.728421 0.739358 0.752468 0.767935 0.785984 0.806893 0.831002 0.858728 0.890587 0.880240 0.855185 0.833468 0.814742 0.798720 0.785172 0.773909 0.764780 0.757669 0.752484 0.749163 0.747664 0.747970 0.750083 0.754030 0.759859 0.767643 0.777480 0.789499 0.803863 0.820773 0.840478 0.863283 0.889564 0.919779 0.954501 0.994436 1.000000 0.964746 0.934066 0.907397 0.884279 0.864340 0.847277 0.832842 0.820835 0.811096 0.803498 0.797945 0.794370 0.792727 0.792998 0.795185 0.799315 0.805439 0.813632 0.824000 0.836676 0.833026 0.813081 0.795941 0.781352 0.769108 0.759042 0.751022 0.744946 0.740738 0.738345 0.737739 0.738913 0.741881 0.746679 0.753366 0.762027 0.759193 0.748767 0.740384 0.733934 0.729338 0.726538 0.725501 0.726214 0.728686 0.732946 0.739047 0.747066 0.757104 0.769294 0.783803 0.800835 0.820645 0.843544 0.869913 0.900223 0.935055 0.975135 0.990721 0.967108 0.946822 0.929564 0.915088 0.903199 0.893740 0.886591 0.881663 0.878895 0.878253 5531.500000 1.197760 0.871628
1.000000 0.953529 0.911726 0.875454 0.843913 0.816464 0.792594 0.771886 0.754004 0.738670 0.725661 0.714795 0.705924 0.698934 0.693737 0.690266 0.688481 0.688358 0.689898 0.693118 0.698057 0.704778 0.713365 0.723929 0.736611 0.751589 0.769080 0.789352 0.807835 0.796405 0.787165 0.779993 0.774801 0.771524 0.770123 0.770579 0.772899 0.777110 0.783265 0.791440 0.801740 0.814299 0.829287 0.846915 0.867445 0.891195 0.901278 0.891290 0.883626 0.878191 0.874917 0.873764 0.874719 0.877793 0.883024 0.890475 0.900241 0.912445 0.927250 0.943405 0.904451 0.870601 0.841147 0.815520 0.793264 0.774005 0.757441 0.743324 0.731453 0.721667 0.713836 0.707861 0.703665 0.701199 0.700431 0.701352 0.703975 0.708329 0.714470 0.722474 0.732444 0.744512 0.758842 0.775640 0.795158 0.796015 0.786022 0.778127 0.772232 0.768262 0.766169 0.765928 0.767535 0.771011 0.776397 0.783760 0.793193 0.804819 0.818792 0.835307 0.854603 0.876975 0.902782 0.904984 0.879991 0.858354 0.839730 0.823839 0.810455 0.799394 0.790509 0.783687 0.778842 0.775914 0.774868 0.775691 0.778393 0.783007 0.789589 0.798222 0.809017 0.822115 0.837695 0.855980 0.877241 0.901813 0.930106 0.962627 15343.500000 1.194841 0.877158
0.793193 0.804819 0.818792 0.835307 0.854603 0.876975 0.902782 0.904984 0.879991 0.858354 0.839730 0.823839 0.810455 0.799394 0.790509 0.783687 0.778842 0.775914 0.774868 0.775691 0.778393 0.783007 0.789589 0.798222 0.809017 0.822115 0.837695 0.855980 0.877241 0.901813 0.930106 0.962627 1.000000 0.953529 0.911726 0.875454 0.843913 0.816464 0.792594 0.771886 0.754004 0.738670 0.725661 0.714795 0.705924 0.698934 0.693737 0.690266 0.688481 0.688358 0.689898 0.693118 0.698057 0.704778 0.713365 0.723929 0.736611 0.751589 0.769080 0.789352 0.807835 0.796405 0.787165 0.779993 0.774801 0.771524 0.770123 0.770579 0.772899 0.777110 0.783265 0.791440 0.801740 0.814299 0.829287 0.846915 0.867445 0.891195 0.901278 0.891290 0.883626 0.878191 0.874917 0.873764 0.874719 0.877793 0.883024 0.890475 0.900241 0.912445 0.927250 0.943405 0.904451 0.870601 0.841147 0.815520 0.793264 0.774005 0.757441 0.743324 0.731453 0.721667 0.713836 0.707861 0.703665 0.701199 0.700431 0.701352 0.703975 0.708329 0.714470 0.722474 0.732444 0.744512 0.758842 0.775640 0.795158 0.796015 0.786022 0.778127 0.772232 0.768262 0.766169 0.765928 0.767535 0.771011 0.776397 0.783760 15343.500000 1.194841 0.877158
0.793264 0.774005 0.757441 0.743324 0.731453 0.721667 0.713836 0.707861 0.703665 0.701199 0.700431 0.701352 0.703975 0.708329 0.714470 0.722474 0.732444 0.744512 0.758842 0.775640 0.795158 0.796015 0.786022 0.778127 0.772232 0.768262 0.766169 0.765928 0.767535 0.771011 0.776397 0.783760 0.793193 0.804819 0.818792 0.835307 0.854603 0.876975 0.902782 0.904984 0.879991 0.858354 0.839730 0.823839 0.810455 0.799394 0.790509 0.783687 0.778842 0.775914 0.774868 0.775691 0.778393 0.783007 0.789589 0.798222 0.809017 0.822115 0.837695 0.855980 0.877241 0.901813 0.930106 0.962627 1.000000 0.953529 0.911726 0.875454 0.843913 0.816464 0.792594 0.771886 0.754004 0.738670 0.725661 0.714795 0.705924 0.698934 0.693737 0.690266 0.688481 0.688358 0.689898 0.693118 0.698057 0.704778 0.713365 0.723929 0.736611 0.751589 0.769080 0.789352 0.807835 0.796405 0.787165 0.779993 0.774801 0.771524 0.770123 0.770579 0.772899 0.777110 0.783265 0.791440 0.801740 0.814299 0.829287 0.846915 0.867445 0.891195 0.901278 0.891290 0.883626 0.878191 0.874917 0.873764 0.874719 0.877793 0.883024 0.890475 0.900241 0.912445 0.927250 0.943405 0.904451 0.870601 0.841147 0.815520 15343.500000 1.194841 0.877158
0.774801 0.771524 0.770123 0.770579 0.772899 0.777110 0.783265 0.791440 0.801740 0.814299 0.829287 0.846915 0.867445 0.891195 0.901278 0.891290 0.883626 0.878191 0.874917 0.873764 0.874719 0.877793 0.883024 0.890475 0.900241 0.912445 0.927250 0.943405 0.904451 0.870601 0.841147 0.815520 0.793264 0.774005 0.757441 0.743324 0.731453 0.721667 0.713836 0.707861 0.703665 0.701199 0.700431 0.701352 0.703975 0.708329 0.714470 0.722474 0.732444 0.744512 0.758842 0.775640 0.795158 0.796015 0.786022 0.778127 0.772232 0.768262 0.766169 0.765928 0.767535 0.771011 0.776397 0.783760 0.793193 0.804819 0.818792 0.835307 0.854603 0.876975 0.902782 0.904984 0.879991 0.858354 0.839730 0.823839 0.810455 0.799394 0.790509 0.783687 0.778842 0.775914 0.774868 0.775691 0.778393 0.783007 0.789589 0.798222 0.809017 0.822115 0.837695 0.855980 0.877241 0.901813 0.930106 0.962627 1.000000 0.953529 0.911726 0.875454 0.843913 0.816464 0.792594 0.771886 0.754004 0.738670 0.725661 0.714795 0.705924 0.698934 0.693737 0.690266 0.688481 0.688358 0.689898 0.693118 0.698057 0.704778 0.713365 0.723929 0.736611 0.751589 0.769080 0.789352 0.807835 0.796405 0.787165 0.779993 15343.500000 1.194841 0.877158
0.834023 0.828347 0.806540 0.787702 0.771540 0.757816 0.746339 0.736953 0.729536 0.723994 0.720257 0.718281 0.718040 0.719532 0.722775 0.727809 0.734695 0.712946 0.692402 0.674588 0.659217 0.646052 0.634902 0.625612 0.618057 0.612140 0.607786 0.604940 0.603567 0.603652 0.605195 0.608216 0.612749 0.618853 0.626605 0.636105 0.647482 0.660894 0.676538 0.694654 0.715539 0.739555 0.767151 0.798886 0.835460 0.877759 0.926921 0.984430 1.000000 0.938009 0.885263 0.840049 0.801065 0.767306 0.737983 0.712472 0.690273 0.670983 0.654275 0.639884 0.627591 0.617220 0.608630 0.601704 0.596355 0.592515 0.590137 0.589191 0.589667 0.591570 0.594923 0.599768 0.606164 0.614194 0.623963 0.635603 0.649280 0.665196 0.683601 0.704799 0.729167 0.757169 0.789386 0.826546 0.869575 0.885959 0.851658 0.821820 0.795855 0.773285 0.753726 0.736864 0.722442 0.710252 0.700125 0.691926 0.685550 0.680915 0.677965 0.676663 0.676995 0.678963 0.682591 0.687925 0.695031 0.703998 0.714945 0.728020 0.740879 0.727470 0.716233 0.707015 0.699695 0.694181 0.690403 0.688315 0.687892 0.689129 0.692041 0.696662 0.703051 0.711287 0.721478 0.733758 0.748297 0.765305 0.785039 0.807816 4914.500000 1.069978 0.796595
0.685550 0.680915 0.677965 0.676663 0.676995 0.678963 0.682591 0.687925 0.695031 0.703998 0.714945 0.728020 0.740879 0.727470 0.716233 0.707015 0.699695 0.694181 0.690403 0.688315 0.687892 0.689129 0.692041 0.696662 0.703051 0.711287 0.721478 0.733758 0.748297 0.765305 0.785039 0.807816 0.834023 0.828347 0.806540 0.787702 0.771540 0.757816 0.746339 0.736953 0.729536 0.723994 0.720257 0.718281 0.718040 0.719532 0.722775 0.727809 0.734695 0.712946 0.692402 0.674588 0.659217 0.646052 0.634902 0.625612 0.618057 0.612140 0.607786 0.604940 0.603567 0.603652 0.605195 0.608216 0.612749 0.618853 0.626605 0.636105 0.647482 0.660894 0.676538 0.694654 0.715539 0.739555 0.767151 0.798886 0.835460 0.877759 0.926921 0.984430 1.000000 0.938009 0.885263 0.840049 0.801065 0.767306 0.737983 0.712472 0.690273 0.670983 0.654275 0.639884 0.627591 0.617220 0.608630 0.601704 0.596355 0.592515 0.590137 0.589191 0.589667 0.591570 0.594923 0.599768 0.606164 0.614194 0.623963 0.635603 0.649280 0.665196 0.683601 0.704799 0.729167 0.757169 0.789386 0.826546 0.869575 0.885959 0.851658 0.821820 0.795855 0.773285 0.753726 0.736864 0.722442 0.710252 0.700125 0.691926 4914.500000 1.069978 0.796595
0.596355 0.592515 0.590137 0.589191 0.589667 0.591570 0.594923 0.599768 0.606164 0.614194 0.623963 0.635603 0.649280 0.665196 0.683601 0.704799 0.729167 0.757169 0.789386 0.826546 0.869575 0.885959 0.851658 0.821820 0.795855 0.773285 0.753726 0.736864 0.722442 0.710252 0.700125 0.691926 0.685550 0.680915 0.677965 0.676663 0.676995 0.678963 0.682591 0.687925 0.695031 0.703998 0.714945 0.728020 0.740879 0.727470 0.716233 0.707015 0.699695 0.694181 0.690403 0.688315 0.687892 0.689129 0.692041 0.696662 0.703051 0.711287 0.721478 0.733758 0.748297 0.765305 0.785039 0.807816 0.834023 0.828347 0.806540 0.787702 0.771540 0.757816 0.746339 0.736953 0.729536 0.723994 0.720257 0.718281 0.718040 0.719532 0.722775 0.727809 0.734695 0.712946 0.692402 0.674588 0.659217 0.646052 0.634902 0.625612 0.618057 0.612140 0.607786 0.604940 0.603567 0.603652 0.605195 0.608216 0.612749 0.618853 0.626605 0.636105 0.647482 0.660894 0.676538 0.694654 0.715539 0.739555 0.767151 0.798886 0.835460 0.877759 0.926921 0.984430 1.000000 0.938009 0.885263 0.840049 0.801065 0.767306 0.737983 0.712472 0.690273 0.670983 0.654275 0.639884 0.627591 0.617220 0.608630 0.601704 4914.500000 1.069978 0.796595
0.612749 0.618853 0.626605 0.636105 0.647482 0.660894 0.676538 0.694654 0.715539 0.739555 0.767151 0.798886 0.835460 0.877759 0.926921 0.984430 1.000000 0.938009 0.885263 0.840049 0.801065 0.767306 0.737983 0.712472 0.690273 0.670983 0.654275 0.639884 0.627591 0.617220 0.608630 0.601704 0.596355 0.592515 0.590137 0.589191 0.589667 0.591570 0.594923 0.599768 0.606164 0.614194 0.623963 0.635603 0.649280 0.665196 0.683601 0.704799 0.729167 0.757169 0.789386 0.826546 0.869575 0.885959 0.851658 0.821820 0.795855 0.773285 0.753726 0.736864 0.722442 0.710252 0.700125 0.691926 0.685550 0.680915 0.677965 0.676663 0.676995 0.678963 0.682591 0.687925 0.695031 0.703998 0.714945 0.728020 0.740879 0.727470 0.716233 0.707015 0.699695 0.694181 0.690403 0.688315 0.687892 0.689129 0.692041 0.696662 0.703051 0.711287 0.721478 0.733758 0.748297 0.765305 0.785039 0.807816 0.834023 0.828347 0.806540 0.787702 0.771540 0.757816 0.746339 0.736953 0.729536 0.723994 0.720257 0.718281 0.718040 0.719532 0.722775 0.727809 0.734695 0.712946 0.692402 0.674588 0.659217 0.646052 0.634902 0.625612 0.618057 0.612140 0.607786 0.604940 0.603567 0.603652 0.605195 0.608216 4914.500000 1.069978 0.796595
0.863794 0.840575 0.820497 0.803245 0.788564 0.776247 0.766126 0.758069 0.751971 0.747759 0.745378 0.744802 0.746022 0.749053 0.753934 0.760722 0.769505 0.780395 0.793537 0.809111 0.827343 0.848506 0.872938 0.901054 0.933365 0.897758 0.856435 0.820639 0.789541 0.762484 0.738940 0.718486 0.700777 0.685532 0.672521 0.661559 0.652496 0.645211 0.639610 0.635624 0.633204 0.632319 0.632959 0.635133 0.638866 0.644204 0.651214 0.659985 0.670634 0.683306 0.698180 0.715477 0.735471 0.758494 0.782831 0.764722 0.749195 0.736024 0.725025 0.716049 0.708980 0.703728 0.700227 0.698436 0.698332 0.699913 0.703200 0.708232 0.715072 0.723805 0.734547 0.747439 0.762662 0.780438 0.801038 0.824795 0.852121 0.883520 0.919623 0.961215 1.000000 0.953100 0.912503 0.877249 0.846582 0.819895 0.796700 0.776600 0.759274 0.744458 0.731940 0.721544 0.713134 0.706600 0.701861 0.698857 0.697551 0.697929 0.699995 0.703773 0.709310 0.695565 0.679985 0.666659 0.655393 0.646033 0.638452 0.632554 0.628263 0.625527 0.624312 0.624604 0.626405 0.629739 0.634645 0.641185 0.649442 0.659525 0.671568 0.685742 0.702256 0.721366 0.743386 0.768702 0.797793 0.831255 0.869833 0.890539 13020.500000 1.240362 0.827360
0.697551 0.697929 0.699995 0.703773 0.709310 0.695565 0.679985 0.666659 0.655393 0.646033 0.638452 0.632554 0.628263 0.625527 0.624312 0.624604 0.626405 0.629739 0.634645 0.641185 0.649442 0.659525 0.671568 0.685742 0.702256 0.721366 0.743386 0.768702 0.797793 0.831255 0.869833 0.890539 0.863794 0.840575 0.820497 0.803245 0.788564 0.776247 0.766126 0.758069 0.751971 0.747759 0.745378 0.744802 0.746022 0.749053 0.753934 0.760722 0.769505 0.780395 0.793537 0.809111 0.827343 0.848506 0.872938 0.901054 0.933365 0.897758 0.856435 0.820639 0.789541 0.762484 0.738940 0.718486 0.700777 0.685532 0.672521 0.661559 0.652496 0.645211 0.639610 0.635624 0.633204 0.632319 0.632959 0.635133 0.638866 0.644204 0.651214 0.659985 0.670634 0.683306 0.698180 0.715477 0.735471 0.758494 0.782831 0.764722 0.749195 0.736024 0.725025 0.716049 0.708980 0.703728 0.700227 0.698436 0.698332 0.699913 0.703200 0.708232 0.715072 0.723805 0.734547 0.747439 0.762662 0.780438 0.801038 0.824795 0.852121 0.883520 0.919623 0.961215 1.000000 0.953100 0.912503 0.877249 0.846582 0.819895 0.796700 0.776600 0.759274 0.744458 0.731940 0.721544 0.713134 0.706600 0.701861 0.698857 13020.500000 1.240362 0.827360
0.698332 0.699913 0.703200 0.708232 0.715072 0.723805 0.734547 0.747439 0.762662 0.780438 0.801038 0.824795 0.852121 0.883520 0.919623 0.961215 1.000000 0.953100 0.912503 0.877249 0.846582 0.819895 0.796700 0.776600 0.759274 0.744458 0.731940 0.721544 0.713134 0.706600 0.701861 0.698857 0.697551 0.697929 0.699995 0.703773 0.709310 0.695565 0.679985 0.666659 0.655393 0.646033 0.638452 0.632554 0.628263 0.625527 0.624312 0.624604 0.626405 0.629739 0.634645 0.641185 0.649442 0.659525 0.671568 0.685742 0.702256 0.721366 0.743386 0.768702 0.797793 0.831255 0.869833 0.890539 0.863794 0.840575 0.820497 0.803245 0.788564 0.776247 0.766126 0.758069 0.751971 0.747759 0.745378 0.744802 0.746022 0.749053 0.753934 0.760722 0.769505 0.780395 0.793537 0.809111 0.827343 0.848506 0.872938 0.901054 0.933365 0.897758 0.856435 0.820639 0.789541 0.762484 0.738940 0.718486 0.700777 0.685532 0.672521 0.661559 0.652496 0.645211 0.639610 0.635624 0.633204 0.632319 0.632959 0.635133 0.638866 0.644204 0.651214 0.659985 0.670634 0.683306 0.698180 0.715477 0.735471 0.758494 0.782831 0.764722 0.749195 0.736024 0.725025 0.716049 0.708980 0.703728 0.700227 0.698436 13020.500000 1.240362 0.827360
0.700777 0.685532 0.672521 0.661559 0.652496 0.645211 0.639610 0.635624 0.633204 0.632319 0.632959 0.635133 0.638866 0.644204 0.651214 0.659985 0.670634 0.683306 0.698180 0.715477 0.735471 0.758494 0.782831 0.764722 0.749195 0.736024 0.725025 0.716049 0.708980 0.703728 0.700227 0.698436 0.698332 0.699913 0.703200 0.708232 0.715072 0.723805 0.734547 0.747439 0.762662 0.780438 0.801038 0.824795 0.852121 0.883520 0.919623 0.961215 1.000000 0.953100 0.912503 0.877249 0.846582 0.819895 0.796700 0.776600 0.759274 0.744458 0.731940 0.721544 0.713134 0.706600 0.701861 0.698857 0.697551 0.697929 0.699995 0.703773 0.709310 0.695565 0.679985 0.666659 0.655393 0.646033 0.638452 0.632554 0.628263 0.625527 0.624312 0.624604 0.626405 0.629739 0.634645 0.641185 0.649442 0.659525 0.671568 0.685742 0.702256 0.721366 0.743386 0.768702 0.797793 0.831255 0.869833 0.890539 0.863794 0.840575 0.820497 0.803245 0.788564 0.776247 0.766126 0.758069 0.751971 0.747759 0.745378 0.744802 0.746022 0.749053 0.753934 0.760722 0.769505 0.780395 0.793537 0.809111 0.827343 0.848506 0.872938 0.901054 0.933365 0.897758 0.856435 0.820639 0.789541 0.762484 0.738940 0.718486 13020.500000 1.240362 0.827360
0.759868 0.819591 0.891835 0.980636 0.983317 0.908176 0.845595 0.792871 0.748032 0.709610 0.676493 0.647821 0.622920 0.601257 0.582406 0.566023 0.551830 0.539599 0.529146 0.520320 0.512999 0.507086 0.502504 0.499196 0.497122 0.496255 0.496585 0.498117 0.500868 0.504873 0.510182 0.516861 0.525000 0.534708 0.546121 0.559410 0.574781 0.592489 0.612845 0.636237 0.663147 0.694179 0.730104 0.771912 0.820895 0.840453 0.790080 0.747102 0.710181 0.678294 0.650648 0.626618 0.605707 0.587516 0.571723 0.558066 0.546332 0.536346 0.527969 0.521084 0.515604 0.511456 0.508591 0.506971 0.506579 0.507408 0.509470 0.512789 0.517406 0.523379 0.530786 0.539724 0.550316 0.562716 0.577110 0.593727 0.612849 0.634825 0.660084 0.689166 0.722751 0.761705 0.807152 0.860572 0.923947 1.000000 0.930444 0.851159 0.786070 0.731867 0.686203 0.647371 0.614098 0.585420 0.560591 0.539029 0.520270 0.503947 0.489760 0.477469 0.466878 0.457825 0.450180 0.443838 0.438714 0.434743 0.431874 0.430072 0.429315 0.429594 0.430912 0.433285 0.436742 0.441327 0.447097 0.454129 0.462518 0.472382 0.483867 0.497151 0.512455 0.530049 0.550267 0.573524 0.600345 0.631392 0.667522 0.709852 6289.000000 1.247086 0.593505
0.520270 0.503947 0.489760 0.477469 0.466878 0.457825 0.450180 0.443838 0.438714 0.434743 0.431874 0.430072 0.429315 0.429594 0.430912 0.433285 0.436742 0.441327 0.447097 0.454129 0.462518 0.472382 0.483867 0.497151 0.512455 0.530049 0.550267 0.573524 0.600345 0.631392 0.667522 0.709852 0.759868 0.819591 0.891835 0.980636 0.983317 0.908176 0.845595 0.792871 0.748032 0.709610 0.676493 0.647821 0.622920 0.601257 0.582406 0.566023 0.551830 0.539599 0.529146 0.520320 0.512999 0.507086 0.502504 0.499196 0.497122 0.496255 0.496585 0.498117 0.500868 0.504873 0.510182 0.516861 0.525000 0.534708 0.546121 0.559410 0.574781 0.592489 0.612845 0.636237 0.663147 0.694179 0.730104 0.771912 0.820895 0.840453 0.790080 0.747102 0.710181 0.678294 0.650648 0.626618 0.605707 0.587516 0.571723 0.558066 0.546332 0.536346 0.527969 0.521084 0.515604 0.511456 0.508591 0.506971 0.506579 0.507408 0.509470 0.512789 0.517406 0.523379 0.530786 0.539724 0.550316 0.562716 0.577110 0.593727 0.612849 0.634825 0.660084 0.689166 0.722751 0.761705 0.807152 0.860572 0.923947 1.000000 0.930444 0.851159 0.786070 0.731867 0.686203 0.647371 0.614098 0.585420 0.560591 0.539029 6289.000000 1.247086 0.593505
0.506579 0.507408 0.509470 0.512789 0.517406 0.523379 0.530786 0.539724 0.550316 0.562716 0.577110 0.593727 0.612849 0.634825 0.660084 0.689166 0.722751 0.761705 0.807152 0.860572 0.923947 1.000000 0.930444 0.851159 0.786070 0.731867 0.686203 0.647371 0.614098 0.585420 0.560591 0.539029 0.520270 0.503947 0.489760 0.477469 0.466878 0.457825 0.450180 0.443838 0.438714 0.434743 0.431874 0.430072 0.429315 0.429594 0.430912 0.433285 0.436742 0.441327 0.447097 0.454129 0.462518 0.472382 0.483867 0.497151 0.512455 0.530049 0.550267 0.573524 0.600345 0.631392 0.667522 0.709852 0.759868 0.819591 0.891835 0.980636 0.983317 0.908176 0.845595 0.792871 0.748032 0.709610 0.676493 0.647821 0.622920 0.601257 0.582406 0.566023 0.551830 0.539599 0.529146 0.520320 0.512999 0.507086 0.502504 0.499196 0.497122 0.496255 0.496585 0.498117 0.500868 0.504873 0.510182 0.516861 0.525000 0.534708 0.546121 0.559410 0.574781 0.592489 0.612845 0.636237 0.663147 0.694179 0.730104 0.771912 0.820895 0.840453 0.790080 0.747102 0.710181 0.678294 0.650648 0.626618 0.605707 0.587516 0.571723 0.558066 0.546332 0.536346 0.527969 0.521084 0.515604 0.511456 0.508591 0.506971 6289.000000 1.247086 0.593505
0.525000 0.534708 0.546121 0.559410 0.574781 0.592489 0.612845 0.636237 0.663147 0.694179 0.730104 0.771912 0.820895 0.840453 0.790080 0.747102 0.710181 0.678294 0.650648 0.626618 0.605707 0.587516 0.571723 0.558066 0.546332 0.536346 0.527969 0.521084 0.515604 0.511456 0.508591 0.506971 0.506579 0.507408 0.509470 0.512789 0.517406 0.523379 0.530786 0.539724 0.550316 0.562716 0.577110 0.593727 0.612849 0.634825 0.660084 0.689166 0.722751 0.761705 0.807152 0.860572 0.923947 1.000000 0.930444 0.851159 0.786070 0.731867 0.686203 0.647371 0.614098 0.585420 0.560591 0.539029 0.520270 0.503947 0.489760 0.477469 0.466878 0.457825 0.450180 0.443838 0.438714 0.434743 0.431874 0.430072 0.429315 0.429594 0.430912 0.433285 0.436742 0.441327 0.447097 0.454129 0.462518 0.472382 0.483867 0.497151 0.512455 0.530049 0.550267 0.573524 0.600345 0.631392 0.667522 0.709852 0.759868 0.819591 0.891835 0.980636 0.983317 0.908176 0.845595 0.792871 0.748032 0.709610 0.676493 0.647821 0.622920 0.601257 0.582406 0.566023 0.551830 0.539599 0.529146 0.520320 0.512999 0.507086 0.502504 0.499196 0.497122 0.496255 0.496585 0.498117 0.500868 0.504873 0.510182 0.516861 6289.000000 1.247086 0.593505
0.987047 0.931696 0.884241 0.843318 0.807876 0.777090 0.750305 0.726998 0.706747 0.689208 0.674104 0.661206 0.650330 0.641326 0.634075 0.628482 0.624479 0.622016 0.621062 0.621606 0.623655 0.627234 0.632386 0.639176 0.631851 0.619997 0.610022 0.601789 0.595191 0.590142 0.586579 0.584459 0.583755 0.584459 0.586579 0.590142 0.595191 0.601789 0.610022 0.619997 0.631851 0.645443 0.654237 0.664897 0.677570 0.692436 0.709716 0.729685 0.752675 0.779099 0.809468 0.844416 0.884746 0.931478 0.918104 0.888367 0.862509 0.840081 0.820716 0.804118 0.790043 0.778295 0.768716 0.761182 0.755596 0.751890 0.750018 0.749958 0.751709 0.755291 0.760750 0.768151 0.777590 0.789189 0.803103 0.781864 0.752212 0.726412 0.703964 0.684461 0.667574 0.653036 0.640627 0.630172 0.621525 0.614574 0.609227 0.605418 0.603101 0.602247 0.602845 0.604904 0.608447 0.612376 0.611413 0.611924 0.613917 0.617414 0.622460 0.629118 0.637471 0.647631 0.659735 0.673954 0.690500 0.708566 0.700170 0.693622 0.688840 0.685764 0.684357 0.684601 0.686500 0.690077 0.695375 0.702461 0.711424 0.722381 0.735481 0.750907 0.768886 0.789696 0.813678 0.841254 0.872940 0.909383 0.951394 1.000000 1232.500000 1.217234 0.827314
0.613917 0.617414 0.622460 0.629118 0.637471 0.647631 0.659735 0.673954 0.690500 0.708566 0.700170 0.693622 0.688840 0.685764 0.684357 0.684601 0.686500 0.690077 0.695375 0.702461 0.711424 0.722381 0.735481 0.750907 0.768886 0.789696 0.813678 0.841254 0.872940 0.909383 0.951394 1.000000 0.987047 0.931696 0.884241 0.843318 0.807876 0.777090 0.750305 0.726998 0.706747 0.689208 0.674104 0.661206 0.650330 0.641326 0.634075 0.628482 0.624479 0.622016 0.621062 0.621606 0.623655 0.627234 0.632386 0.639176 0.631851 0.619997 0.610022 0.601789 0.595191 0.590142 0.586579 0.584459 0.583755 0.584459 0.586579 0.590142 0.595191 0.601789 0.610022 0.619997 0.631851 0.645443 0.654237 0.664897 0.677570 0.692436 0.709716 0.729685 0.752675 0.779099 0.809468 0.844416 0.884746 0.931478 0.918104 0.888367 0.862509 0.840081 0.820716 0.804118 0.790043 0.778295 0.768716 0.761182 0.755596 0.751890 0.750018 0.749958 0.751709 0.755291 0.760750 0.768151 0.777590 0.789189 0.803103 0.781864 0.752212 0.726412 0.703964 0.684461 0.667574 0.653036 0.640627 0.630172 0.621525 0.614574 0.609227 0.605418 0.603101 0.602247 0.602845 0.604904 0.608447 0.612376 0.611413 0.611924 1232.500000 1.217234 0.827314
0.755596 0.751890 0.750018 0.749958 0.751709 0.755291 0.760750 0.768151 0.777590 0.789189 0.803103 0.781864 0.752212 0.726412 0.703964 0.684461 0.667574 0.653036 0.640627 0.630172 0.621525 0.614574 0.609227 0.605418 0.603101 0.602247 0.602845 0.604904 0.608447 0.612376 0.611413 0.611924 0.613917 0.617414 0.622460 0.629118 0.637471 0.647631 0.659735 0.673954 0.690500 0.708566 0.700170 0.693622 0.688840 0.685764 0.684357 0.684601 0.686500 0.690077 0.695375 0.702461 0.711424 0.722381 0.735481 0.750907 0.768886 0.789696 0.813678 0.841254 0.872940 0.909383 0.951394 1.000000 0.987047 0.931696 0.884241 0.843318 0.807876 0.777090 0.750305 0.726998 0.706747 0.689208 0.674104 0.661206 0.650330 0.641326 0.634075 0.628482 0.624479 0.622016 0.621062 0.621606 0.623655 0.627234 0.632386 0.639176 0.631851 0.619997 0.610022 0.601789 0.595191 0.590142 0.586579 0.584459 0.583755 0.584459 0.586579 0.590142 0.595191 0.601789 0.610022 0.619997 0.631851 0.645443 0.654237 0.664897 0.677570 0.692436 0.709716 0.729685 0.752675 0.779099 0.809468 0.844416 0.884746 0.931478 0.918104 0.888367 0.862509 0.840081 0.820716 0.804118 0.790043 0.778295 0.768716 0.761182 1232.500000 1.217234 0.827314
0.583755 0.584459 0.586579 0.590142 0.595191 0.601789 0.610022 0.619997 0.631851 0.645443 0.654237 0.664897 0.677570 0.692436 0.709716 0.729685 0.752675 0.779099 0.809468 0.844416 0.884746 0.931478 0.918104 0.888367 0.862509 0.840081 0.820716 0.804118 0.790043 0.778295 0.768716 0.761182 0.755596 0.751890 0.750018 0.749958 0.751709 0.755291 0.760750 0.768151 0.777590 0.789189 0.803103 0.781864 0.752212 0.726412 0.703964 0.684461 0.667574 0.653036 0.640627 0.630172 0.621525 0.614574 0.609227 0.605418 0.603101 0.602247 0.602845 0.604904 0.608447 0.612376 0.611413 0.611924 0.613917 0.617414 0.622460 0.629118 0.637471 0.647631 0.659735 0.673954 0.690500 0.708566 0.700170 0.693622 0.688840 0.685764 0.684357 0.684601 0.686500 0.690077 0.695375 0.702461 0.711424 0.722381 0.735481 0.750907 0.768886 0.789696 0.813678 0.841254 0.872940 0.909383 0.951394 1.000000 0.987047 0.931696 0.884241 0.843318 0.807876 0.777090 0.750305 0.726998 0.706747 0.689208 0.674104 0.661206 0.650330 0.641326 0.634075 0.628482 0.624479 0.622016 0.621062 0.621606 0.623655 0.627234 0.632386 0.639176 0.631851 0.619997 0.610022 0.601789 0.595191 0.590142 0.586579 0.584459 1232.500000 1.217234 0.827314
0.864456 0.830806 0.801536 0.776064 0.753922 0.734729 0.718176 0.704011 0.692029 0.682064 0.673982 0.667680 0.663076 0.660116 0.658761 0.658996 0.660824 0.664267 0.669367 0.676188 0.684815 0.695363 0.707973 0.722822 0.740128 0.734658 0.706438 0.681888 0.660525 0.641959 0.625876 0.612016 0.600172 0.590172 0.581879 0.575182 0.569995 0.566253 0.563909 0.562935 0.563320 0.565067 0.568198 0.572751 0.578783 0.586372 0.595616 0.606641 0.619603 0.634693 0.652147 0.672254 0.695368 0.721929 0.752485 0.787723 0.828518 0.846179 0.830866 0.818034 0.807507 0.799149 0.792853 0.788539 0.786157 0.785675 0.787089 0.790416 0.795696 0.802995 0.812404 0.824045 0.838073 0.854681 0.874109 0.896651 0.876761 0.826148 0.782842 0.745557 0.713302 0.685305 0.660955 0.639764 0.621340 0.605366 0.591581 0.579776 0.569779 0.561450 0.554678 0.549375 0.545475 0.542928 0.541704 0.541787 0.543179 0.545897 0.549974 0.555461 0.562427 0.570962 0.581182 0.584474 0.582759 0.582452 0.583552 0.586070 0.590037 0.595503 0.602536 0.611227 0.621692 0.634077 0.648558 0.665358 0.684744 0.707048 0.732678 0.762142 0.796072 0.835271 0.880762 0.933873 0.996354 1.000000 0.948003 0.903214 7181.000000 1.433338 0.787742
0.543179 0.545897 0.549974 0.555461 0.562427 0.570962 0.581182 0.584474 0.582759 0.582452 0.583552 0.586070 0.590037 0.595503 0.602536 0.611227 0.621692 0.634077 0.648558 0.665358 0.684744 0.707048 0.732678 0.762142 0.796072 0.835271 0.880762 0.933873 0.996354 1.000000 0.948003 0.903214 0.864456 0.830806 0.801536 0.776064 0.753922 0.734729 0.718176 0.704011 0.692029 0.682064 0.673982 0.667680 0.663076 0.660116 0.658761 0.658996 0.660824 0.664267 0.669367 0.676188 0.684815 0.695363 0.707973 0.722822 0.740128 0.734658 0.706438 0.681888 0.660525 0.641959 0.625876 0.612016 0.600172 0.590172 0.581879 0.575182 0.569995 0.566253 0.563909 0.562935 0.563320 0.565067 0.568198 0.572751 0.578783 0.586372 0.595616 0.606641 0.619603 0.634693 0.652147 0.672254 0.695368 0.721929 0.752485 0.787723 0.828518 0.846179 0.830866 0.818034 0.807507 0.799149 0.792853 0.788539 0.786157 0.785675 0.787089 0.790416 0.795696 0.802995 0.812404 0.824045 0.838073 0.854681 0.874109 0.896651 0.876761 0.826148 0.782842 0.745557 0.713302 0.685305 0.660955 0.639764 0.621340 0.605366 0.591581 0.579776 0.569779 0.561450 0.554678 0.549375 0.545475 0.542928 0.541704 0.541787 7181.000000 1.433338 0.787742
0.786157 0.785675 0.787089 0.790416 0.795696 0.802995 0.812404 0.824045 0.838073 0.854681 0.874109 0.896651 0.876761 0.826148 0.782842 0.745557 0.713302 0.685305 0.660955 0.639764 0.621340 0.605366 0.591581 0.579776 0.569779 0.561450 0.554678 0.549375 0.545475 0.542928 0.541704 0.541787 0.543179 0.545897 0.549974 0.555461 0.562427 0.570962 0.581182 0.584474 0.582759 0.582452 0.583552 0.586070 0.590037 0.595503 0.602536 0.611227 0.621692 0.634077 0.648558 0.665358 0.684744 0.707048 0.732678 0.762142 0.796072 0.835271 0.880762 0.933873 0.996354 1.000000 0.948003 0.903214 0.864456 0.830806 0.801536 0.776064 0.753922 0.734729 0.718176 0.704011 0.692029 0.682064 0.673982 0.667680 0.663076 0.660116 0.658761 0.658996 0.660824 0.664267 0.669367 0.676188 0.684815 0.695363 0.707973 0.722822 0.740128 0.734658 0.706438 0.681888 0.660525 0.641959 0.625876 0.612016 0.600172 0.590172 0.581879 0.575182 0.569995 0.566253 0.563909 0.562935 0.563320 0.565067 0.568198 0.572751 0.578783 0.586372 0.595616 0.606641 0.619603 0.634693 0.652147 0.672254 0.695368 0.721929 0.752485 0.787723 0.828518 0.846179 0.830866 0.818034 0.807507 0.799149 0.792853 0.788539 7181.000000 1.433338 0.787742
0.600172 0.590172 0.581879 0.575182 0.569995 0.566253 0.563909 0.562935 0.563320 0.565067 0.568198 0.572751 0.578783 0.586372 0.595616 0.606641 0.619603 0.634693 0.652147 0.672254 0.695368 0.721929 0.752485 0.787723 0.828518 0.846179 0.830866 0.818034 0.807507 0.799149 0.792853 0.788539 0.786157 0.785675 0.787089 0.790416 0.795696 0.802995 0.812404 0.824045 0.838073 0.854681 0.874109 0.896651 0.876761 0.826148 0.782842 0.745557 0.713302 0.685305 0.660955 0.639764 0.621340 0.605366 0.591581 0.579776 0.569779 0.561450 0.554678 0.549375 0.545475 0.542928 0.541704 0.541787 0.543179 0.545897 0.549974 0.555461 0.562427 0.570962 0.581182 0.584474 0.582759 0.582452 0.583552 0.586070 0.590037 0.595503 0.602536 0.611227 0.621692 0.634077 0.648558 0.665358 0.684744 0.707048 0.732678 0.762142 0.796072 0.835271 0.880762 0.933873 0.996354 1.000000 0.948003 0.903214 0.864456 0.830806 0.801536 0.776064 0.753922 0.734729 0.718176 0.704011 0.692029 0.682064 0.673982 0.667680 0.663076 0.660116 0.658761 0.658996 0.660824 0.664267 0.669367 0.676188 0.684815 0.695363 0.707973 0.722822 0.740128 0.734658 0.706438 0.681888 0.660525 0.641959 0.625876 0.612016 7181.000000 1.433338 0.787742
0.887974 0.907712 0.930640 0.957122 0.966310 0.955372 0.946935 0.940893 0.937170 0.935722 0.936531 0.939608 0.944988 0.952739 0.962958 0.975774 0.991356 1.000000 0.960444 0.926045 0.896109 0.870078 0.847500 0.828009 0.811305 0.797144 0.785329 0.775700 0.768132 0.762530 0.758824 0.756968 0.756941 0.758741 0.762391 0.767935 0.775442 0.785008 0.788417 0.786039 0.785563 0.786981 0.790313 0.795597 0.802900 0.812313 0.823958 0.837990 0.854603 0.874036 0.896583 0.922606 0.952549 0.986957 0.967413 0.950095 0.935600 0.923733 0.914338 0.907296 0.902520 0.899950 0.899555 0.901332 0.905301 0.911510 0.920037 0.930989 0.944508 0.960774 0.940108 0.920270 0.903383 0.889209 0.877554 0.868265 0.861224 0.856342 0.853560 0.852844 0.854186 0.857601 0.863131 0.870844 0.880838 0.893241 0.908216 0.918423 0.893888 0.872677 0.854460 0.838968 0.825982 0.815326 0.806861 0.800478 0.796099 0.793668 0.793158 0.794561 0.797894 0.803199 0.810540 0.820011 0.831733 0.845862 0.862594 0.882169 0.904884 0.931101 0.926924 0.904504 0.885225 0.868801 0.854996 0.843625 0.834535 0.827613 0.822769 0.819946 0.819109 0.820248 0.823376 0.828532 0.835779 0.845208 0.856940 0.871130 5266.500000 1.158527 0.908886
0.796099 0.793668 0.793158 0.794561 0.797894 0.803199 0.810540 0.820011 0.831733 0.845862 0.862594 0.882169 0.904884 0.931101 0.926924 0.904504 0.885225 0.868801 0.854996 0.843625 0.834535 0.827613 0.822769 0.819946 0.819109 0.820248 0.823376 0.828532 0.835779 0.845208 0.856940 0.871130 0.887974 0.907712 0.930640 0.957122 0.966310 0.955372 0.946935 0.940893 0.937170 0.935722 0.936531 0.939608 0.944988 0.952739 0.962958 0.975774 0.991356 1.000000 0.960444 0.926045 0.896109 0.870078 0.847500 0.828009 0.811305 0.797144 0.785329 0.775700 0.768132 0.762530 0.758824 0.756968 0.756941 0.758741 0.762391 0.767935 0.775442 0.785008 0.788417 0.786039 0.785563 0.786981 0.790313 0.795597 0.802900 0.812313 0.823958 0.837990 0.854603 0.874036 0.896583 0.922606 0.952549 0.986957 0.967413 0.950095 0.935600 0.923733 0.914338 0.907296 0.902520 0.899950 0.899555 0.901332 0.905301 0.911510 0.920037 0.930989 0.944508 0.960774 0.940108 0.920270 0.903383 0.889209 0.877554 0.868265 0.861224 0.856342 0.853560 0.852844 0.854186 0.857601 0.863131 0.870844 0.880838 0.893241 0.908216 0.918423 0.893888 0.872677 0.854460 0.838968 0.825982 0.815326 0.806861 0.800478 5266.500000 1.158527 0.908886
0.905301 0.911510 0.920037 0.930989 0.944508 0.960774 0.940108 0.920270 0.903383 0.889209 0.877554 0.868265 0.861224 0.856342 0.853560 0.852844 0.854186 0.857601 0.863131 0.870844 0.880838 0.893241 0.908216 0.918423 0.893888 0.872677 0.854460 0.838968 0.825982 0.815326 0.806861 0.800478 0.796099 0.793668 0.793158 0.794561 0.797894 0.803199 0.810540 0.820011 0.831733 0.845862 0.862594 0.882169 0.904884 0.931101 0.926924 0.904504 0.885225 0.868801 0.854996 0.843625 0.834535 0.827613 0.822769 0.819946 0.819109 0.820248 0.823376 0.828532 0.835779 0.845208 0.856940 0.871130 0.887974 0.907712 0.930640 0.957122 0.966310 0.955372 0.946935 0.940893 0.937170 0.935722 0.936531 0.939608 0.944988 0.952739 0.962958 0.975774 0.991356 1.000000 0.960444 0.926045 0.896109 0.870078 0.847500 0.828009 0.811305 0.797144 0.785329 0.775700 0.768132 0.762530 0.758824 0.756968 0.756941 0.758741 0.762391 0.767935 0.775442 0.785008 0.788417 0.786039 0.785563 0.786981 0.790313 0.795597 0.802900 0.812313 0.823958 0.837990 0.854603 0.874036 0.896583 0.922606 0.952549 0.986957 0.967413 0.950095 0.935600 0.923733 0.914338 0.907296 0.902520 0.899950 0.899555 0.901332 5266.500000 1.158527 0.908886
0.756941 0.758741 0.762391 0.767935 0.775442 0.785008 0.788417 0.786039 0.785563 0.786981 0.790313 0.795597 0.802900 0.812313 0.823958 0.837990 0.854603 0.874036 0.896583 0.922606 0.952549 0.986957 0.967413 0.950095 0.935600 0.923733 0.914338 0.907296 0.902520 0.899950 0.899555 0.901332 0.905301 0.911510 0.920037 0.930989 0.944508 0.960774 0.940108 0.920270 0.903383 0.889209 0.877554 0.868265 0.861224 0.856342 0.853560 0.852844 0.854186 0.857601 0.863131 0.870844 0.880838 0.893241 0.908216 0.918423 0.893888 0.872677 0.854460 0.838968 0.825982 0.815326 0.806861 0.800478 0.796099 0.793668 0.793158 0.794561 0.797894 0.803199 0.810540 0.820011 0.831733 0.845862 0.862594 0.882169 0.904884 0.931101 0.926924 0.904504 0.885225 0.868801 0.854996 0.843625 0.834535 0.827613 0.822769 0.819946 0.819109 0.820248 0.823376 0.828532 0.835779 0.845208 0.856940 0.871130 0.887974 0.907712 0.930640 0.957122 0.966310 0.955372 0.946935 0.940893 0.937170 0.935722 0.936531 0.939608 0.944988 0.952739 0.962958 0.975774 0.991356 1.000000 0.960444 0.926045 0.896109 0.870078 0.847500 0.828009 0.811305 0.797144 0.785329 0.775700 0.768132 0.762530 0.758824 0.756968 5266.500000 1.158527 0.908886
0.944248 0.910335 0.880821 0.855157 0.832895 0.813674 0.797197 0.783223 0.771558 0.762044 0.754557 0.749003 0.745312 0.743440 0.743364 0.745082 0.748616 0.754009 0.761327 0.770664 0.782140 0.795910 0.812164 0.831141 0.853130 0.868496 0.841021 0.817139 0.796441 0.778596 0.763331 0.750427 0.739704 0.731019 0.724261 0.719343 0.716206 0.714810 0.715139 0.717197 0.721009 0.726622 0.734105 0.743553 0.755091 0.768874 0.785097 0.803997 0.825868 0.851070 0.880045 0.913341 0.951638 0.930162 0.904646 0.882562 0.863561 0.847360 0.833727 0.822475 0.813457 0.806556 0.801687 0.798789 0.797826 0.798789 0.801687 0.806556 0.813457 0.822475 0.833727 0.847360 0.863561 0.882562 0.904646 0.930162 0.917366 0.882812 0.852746 0.826586 0.803863 0.784194 0.767269 0.752834 0.740684 0.730652 0.722606 0.716442 0.712083 0.709476 0.708589 0.709411 0.711952 0.716243 0.722337 0.730310 0.740264 0.752330 0.766674 0.783500 0.803060 0.825660 0.851681 0.837115 0.819876 0.805234 0.792982 0.782956 0.775024 0.769085 0.765065 0.762916 0.762611 0.764146 0.767540 0.772834 0.780095 0.789413 0.800909 0.814736 0.831087 0.850198 0.872359 0.897928 0.927342 0.961142 1.000000 0.983247 3407.000000 1.147287 0.855983
0.740264 0.752330 0.766674 0.783500 0.803060 0.825660 0.851681 0.837115 0.819876 0.805234 0.792982 0.782956 0.775024 0.769085 0.765065 0.762916 0.762611 0.764146 0.767540 0.772834 0.780095 0.789413 0.800909 0.814736 0.831087 0.850198 0.872359 0.897928 0.927342 0.961142 1.000000 0.983247 0.944248 0.910335 0.880821 0.855157 0.832895 0.813674 0.797197 0.783223 0.771558 0.762044 0.754557 0.749003 0.745312 0.743440 0.743364 0.745082 0.748616 0.754009 0.761327 0.770664 0.782140 0.795910 0.812164 0.831141 0.853130 0.868496 0.841021 0.817139 0.796441 0.778596 0.763331 0.750427 0.739704 0.731019 0.724261 0.719343 0.716206 0.714810 0.715139 0.717197 0.721009 0.726622 0.734105 0.743553 0.755091 0.768874 0.785097 0.803997 0.825868 0.851070 0.880045 0.913341 0.951638 0.930162 0.904646 0.882562 0.863561 0.847360 0.833727 0.822475 0.813457 0.806556 0.801687 0.798789 0.797826 0.798789 0.801687 0.806556 0.813457 0.822475 0.833727 0.847360 0.863561 0.882562 0.904646 0.930162 0.917366 0.882812 0.852746 0.826586 0.803863 0.784194 0.767269 0.752834 0.740684 0.730652 0.722606 0.716442 0.712083 0.709476 0.708589 0.709411 0.711952 0.716243 0.722337 0.730310 3407.000000 1.147287 0.855983
0.797826 0.798789 0.801687 0.806556 0.813457 0.822475 0.833727 0.847360 0.863561 0.882562 0.904646 0.930162 0.917366 0.882812 0.852746 0.826586 0.803863 0.784194 0.767269 0.752834 0.740684 0.730652 0.722606 0.716442 0.712083 0.709476 0.708589 0.709411 0.711952 0.716243 0.722337 0.730310 0.740264 0.752330 0.766674 0.783500 0.803060 0.825660 0.851681 0.837115 0.819876 0.805234 0.792982 0.782956 0.775024 0.769085 0.765065 0.762916 0.762611 0.764146 0.767540 0.772834 0.780095 0.789413 0.800909 0.814736 0.831087 0.850198 0.872359 0.897928 0.927342 0.961142 1.000000 0.983247 0.944248 0.910335 0.880821 0.855157 0.832895 0.813674 0.797197 0.783223 0.771558 0.762044 0.754557 0.749003 0.745312 0.743440 0.743364 0.745082 0.748616 0.754009 0.761327 0.770664 0.782140 0.795910 0.812164 0.831141 0.853130 0.868496 0.841021 0.817139 0.796441 0.778596 0.763331 0.750427 0.739704 0.731019 0.724261 0.719343 0.716206 0.714810 0.715139 0.717197 0.721009 0.726622 0.734105 0.743553 0.755091 0.768874 0.785097 0.803997 0.825868 0.851070 0.880045 0.913341 0.951638 0.930162 0.904646 0.882562 0.863561 0.847360 0.833727 0.822475 0.813457 0.806556 0.801687 0.798789 3407.000000 1.147287 0.855983
0.739704 0.731019 0.724261 0.719343 0.716206 0.714810 0.715139 0.717197 0.721009 0.726622 0.734105 0.743553 0.755091 0.768874 0.785097 0.803997 0.825868 0.851070 0.880045 0.913341 0.951638 0.930162 0.904646 0.882562 0.863561 0.847360 0.833727 0.822475 0.813457 0.806556 0.801687 0.798789 0.797826 0.798789 0.801687 0.806556 0.813457 0.822475 0.833727 0.847360 0.863561 0.882562 0.904646 0.930162 0.917366 0.882812 0.852746 0.826586 0.803863 0.784194 0.767269 0.752834 0.740684 0.730652 0.722606 0.716442 0.712083 0.709476 0.708589 0.709411 0.711952 0.716243 0.722337 0.730310 0.740264 0.752330 0.766674 0.783500 0.803060 0.825660 0.851681 0.837115 0.819876 0.805234 0.792982 0.782956 0.775024 0.769085 0.765065 0.762916 0.762611 0.764146 0.767540 0.772834 0.780095 0.789413 0.800909 0.814736 0.831087 0.850198 0.872359 0.897928 0.927342 0.961142 1.000000 0.983247 0.944248 0.910335 0.880821 0.855157 0.832895 0.813674 0.797197 0.783223 0.771558 0.762044 0.754557 0.749003 0.745312 0.743440 0.743364 0.745082 0.748616 0.754009 0.761327 0.770664 0.782140 0.795910 0.812164 0.831141 0.853130 0.868496 0.841021 0.817139 0.796441 0.778596 0.763331 0.750427 3407.000000 1.147287 0.855983
0.866983 0.843846 0.823845 0.806669 0.792063 0.779822 0.769780 0.761805 0.755796 0.751678 0.749400 0.748934 0.750276 0.753440 0.758466 0.765417 0.758947 0.735765 0.715630 0.698205 0.683215 0.670437 0.659688 0.650821 0.643720 0.638293 0.634472 0.632211 0.631482 0.632276 0.634603 0.638491 0.643987 0.651162 0.651418 0.640695 0.631816 0.624665 0.619148 0.615197 0.612763 0.611816 0.612346 0.614357 0.617875 0.622943 0.629624 0.638004 0.648192 0.660328 0.674583 0.691169 0.710345 0.732431 0.757818 0.786992 0.820559 0.859278 0.904119 0.896261 0.883866 0.873885 0.866190 0.860686 0.857303 0.856000 0.856763 0.859599 0.864545 0.871659 0.881031 0.878155 0.843728 0.813785 0.787727 0.765072 0.745429 0.728481 0.713968 0.701680 0.691445 0.683126 0.676615 0.671831 0.668714 0.667225 0.667347 0.669082 0.672449 0.677491 0.679845 0.660775 0.644256 0.630024 0.617863 0.607598 0.599089 0.592222 0.586908 0.583081 0.580693 0.579716 0.580138 0.581963 0.585213 0.589930 0.596171 0.604016 0.613568 0.624958 0.638344 0.653927 0.671949 0.687772 0.700079 0.714587 0.731509 0.751105 0.773695 0.799672 0.829522 0.863849 0.903410 0.949164 1.000000 0.959493 0.924281 0.893637 1799.500000 1.401358 0.856469
0.599089 0.592222 0.586908 0.583081 0.580693 0.579716 0.580138 0.581963 0.585213 0.589930 0.596171 0.604016 0.613568 0.624958 0.638344 0.653927 0.671949 0.687772 0.700079 0.714587 0.731509 0.751105 0.773695 0.799672 0.829522 0.863849 0.903410 0.949164 1.000000 0.959493 0.924281 0.893637 0.866983 0.843846 0.823845 0.806669 0.792063 0.779822 0.769780 0.761805 0.755796 0.751678 0.749400 0.748934 0.750276 0.753440 0.758466 0.765417 0.758947 0.735765 0.715630 0.698205 0.683215 0.670437 0.659688 0.650821 0.643720 0.638293 0.634472 0.632211 0.631482 0.632276 0.634603 0.638491 0.643987 0.651162 0.651418 0.640695 0.631816 0.624665 0.619148 0.615197 0.612763 0.611816 0.612346 0.614357 0.617875 0.622943 0.629624 0.638004 0.648192 0.660328 0.674583 0.691169 0.710345 0.732431 0.757818 0.786992 0.820559 0.859278 0.904119 0.896261 0.883866 0.873885 0.866190 0.860686 0.857303 0.856000 0.856763 0.859599 0.864545 0.871659 0.881031 0.878155 0.843728 0.813785 0.787727 0.765072 0.745429 0.728481 0.713968 0.701680 0.691445 0.683126 0.676615 0.671831 0.668714 0.667225 0.667347 0.669082 0.672449 0.677491 0.679845 0.660775 0.644256 0.630024 0.617863 0.607598 1799.500000 1.401358 0.856469
0.857303 0.856000 0.856763 0.859599 0.864545 0.871659 0.881031 0.878155 0.843728 0.813785 0.787727 0.765072 0.745429 0.728481 0.713968 0.701680 0.691445 0.683126 0.676615 0.671831 0.668714 0.667225 0.667347 0.669082 0.672449 0.677491 0.679845 0.660775 0.644256 0.630024 0.617863 0.607598 0.599089 0.592222 0.586908 0.583081 0.580693 0.579716 0.580138 0.581963 0.585213 0.589930 0.596171 0.604016 0.613568 0.624958 0.638344 0.653927 0.671949 0.687772 0.700079 0.714587 0.731509 0.751105 0.773695 0.799672 0.829522 0.863849 0.903410 0.949164 1.000000 0.959493 0.924281 0.893637 0.866983 0.843846 0.823845 0.806669 0.792063 0.779822 0.769780 0.761805 0.755796 0.751678 0.749400 0.748934 0.750276 0.753440 0.758466 0.765417 0.758947 0.735765 0.715630 0.698205 0.683215 0.670437 0.659688 0.650821 0.643720 0.638293 0.634472 0.632211 0.631482 0.632276 0.634603 0.638491 0.643987 0.651162 0.651418 0.640695 0.631816 0.624665 0.619148 0.615197 0.612763 0.611816 0.612346 0.614357 0.617875 0.622943 0.629624 0.638004 0.648192 0.660328 0.674583 0.691169 0.710345 0.732431 0.757818 0.786992 0.820559 0.859278 0.904119 0.896261 0.883866 0.873885 0.866190 0.860686 1799.500000 1.401358 0.856469
0.643987 0.651162 0.651418 0.640695 0.631816 0.624665 0.619148 0.615197 0.612763 0.611816 0.612346 0.614357 0.617875 0.622943 0.629624 0.638004 0.648192 0.660328 0.674583 0.691169 0.710345 0.732431 0.757818 0.786992 0.820559 0.859278 0.904119 0.896261 0.883866 0.873885 0.866190 0.860686 0.857303 0.856000 0.856763 0.859599 0.864545 0.871659 0.881031 0.878155 0.843728 0.813785 0.787727 0.765072 0.745429 0.728481 0.713968 0.701680 0.691445 0.683126 0.676615 0.671831 0.668714 0.667225 0.667347 0.669082 0.672449 0.677491 0.679845 0.660775 0.644256 0.630024 0.617863 0.607598 0.599089 0.592222 0.586908 0.583081 0.580693 0.579716 0.580138 0.581963 0.585213 0.589930 0.596171 0.604016 0.613568 0.624958 0.638344 0.653927 0.671949 0.687772 0.700079 0.714587 0.731509 0.751105 0.773695 0.799672 0.829522 0.863849 0.903410 0.949164 1.000000 0.959493 0.924281 0.893637 0.866983 0.843846 0.823845 0.806669 0.792063 0.779822 0.769780 0.761805 0.755796 0.751678 0.749400 0.748934 0.750276 0.753440 0.758466 0.765417 0.758947 0.735765 0.715630 0.698205 0.683215 0.670437 0.659688 0.650821 0.643720 0.638293 0.634472 0.632211 0.631482 0.632276 0.634603 0.638491 1799.500000 1.401358 0.856469
0.895579 0.842832 0.797767 0.759013 0.725516 0.696458 0.671192 0.649205 0.630082 0.613490 0.599155 0.586856 0.576413 0.567679 0.560535 0.554889 0.550670 0.547823 0.542264 0.536920 0.532952 0.530311 0.528963 0.528893 0.530101 0.532599 0.536420 0.541611 0.548236 0.556382 0.566159 0.577702 0.591180 0.606798 0.606131 0.603030 0.601403 0.601228 0.602505 0.605248 0.609492 0.615288 0.622710 0.631855 0.642843 0.655828 0.670999 0.688586 0.708874 0.732211 0.759027 0.789858 0.821183 0.803250 0.787941 0.775037 0.764360 0.755770 0.749155 0.744433 0.741545 0.740457 0.741154 0.743647 0.747964 0.754158 0.762308 0.772518 0.784921 0.799688 0.817026 0.777990 0.743945 0.714403 0.688714 0.666357 0.646916 0.630052 0.615490 0.603006 0.592417 0.583575 0.576361 0.570682 0.566464 0.563657 0.562224 0.562150 0.563434 0.566089 0.570151 0.575667 0.582709 0.591368 0.583089 0.575188 0.568850 0.563995 0.560561 0.558505 0.557804 0.558448 0.560445 0.563820 0.568614 0.574886 0.582719 0.592214 0.603501 0.616742 0.632134 0.640617 0.646132 0.653330 0.662304 0.673173 0.686084 0.701223 0.718816 0.739141 0.762539 0.789431 0.820337 0.855908 0.896962 0.944544 1.000000 0.957831 560.500000 1.355655 0.812582
0.568850 0.563995 0.560561 0.558505 0.557804 0.558448 0.560445 0.563820 0.568614 0.574886 0.582719 0.592214 0.603501 0.616742 0.632134 0.640617 0.646132 0.653330 0.662304 0.673173 0.686084 0.701223 0.718816 0.739141 0.762539 0.789431 0.820337 0.855908 0.896962 0.944544 1.000000 0.957831 0.895579 0.842832 0.797767 0.759013 0.725516 0.696458 0.671192 0.649205 0.630082 0.613490 0.599155 0.586856 0.576413 0.567679 0.560535 0.554889 0.550670 0.547823 0.542264 0.536920 0.532952 0.530311 0.528963 0.528893 0.530101 0.532599 0.536420 0.541611 0.548236 0.556382 0.566159 0.577702 0.591180 0.606798 0.606131 0.603030 0.601403 0.601228 0.602505 0.605248 0.609492 0.615288 0.622710 0.631855 0.642843 0.655828 0.670999 0.688586 0.708874 0.732211 0.759027 0.789858 0.821183 0.803250 0.787941 0.775037 0.764360 0.755770 0.749155 0.744433 0.741545 0.740457 0.741154 0.743647 0.747964 0.754158 0.762308 0.772518 0.784921 0.799688 0.817026 0.777990 0.743945 0.714403 0.688714 0.666357 0.646916 0.630052 0.615490 0.603006 0.592417 0.583575 0.576361 0.570682 0.566464 0.563657 0.562224 0.562150 0.563434 0.566089 0.570151 0.575667 0.582709 0.591368 0.583089 0.575188 560.500000 1.355655 0.812582
0.747964 0.754158 0.762308 0.772518 0.784921 0.799688 0.817026 0.777990 0.743945 0.714403 0.688714 0.666357 0.646916 0.630052 0.615490 0.603006 0.592417 0.583575 0.576361 0.570682 0.566464 0.563657 0.562224 0.562150 0.563434 0.566089 0.570151 0.575667 0.582709 0.591368 0.583089 0.575188 0.568850 0.563995 0.560561 0.558505 0.557804 0.558448 0.560445 0.563820 0.568614 0.574886 0.582719 0.592214 0.603501 0.616742 0.632134 0.640617 0.646132 0.653330 0.662304 0.673173 0.686084 0.701223 0.718816 0.739141 0.762539 0.789431 0.820337 0.855908 0.896962 0.944544 1.000000 0.957831 0.895579 0.842832 0.797767 0.759013 0.725516 0.696458 0.671192 0.649205 0.630082 0.613490 0.599155 0.586856 0.576413 0.567679 0.560535 0.554889 0.550670 0.547823 0.542264 0.536920 0.532952 0.530311 0.528963 0.528893 0.530101 0.532599 0.536420 0.541611 0.548236 0.556382 0.566159 0.577702 0.591180 0.606798 0.606131 0.603030 0.601403 0.601228 0.602505 0.605248 0.609492 0.615288 0.622710 0.631855 0.642843 0.655828 0.670999 0.688586 0.708874 0.732211 0.759027 0.789858 0.821183 0.803250 0.787941 0.775037 0.764360 0.755770 0.749155 0.744433 0.741545 0.740457 0.741154 0.743647 560.500000 1.355655 0.812582
0.591180 0.606798 0.606131 0.603030 0.601403 0.601228 0.602505 0.605248 0.609492 0.615288 0.622710 0.631855 0.642843 0.655828 0.670999 0.688586 0.708874 0.732211 0.759027 0.789858 0.821183 0.803250 0.787941 0.775037 0.764360 0.755770 0.749155 0.744433 0.741545 0.740457 0.741154 0.743647 0.747964 0.754158 0.762308 0.772518 0.784921 0.799688 0.817026 0.777990 0.743945 0.714403 0.688714 0.666357 0.646916 0.630052 0.615490 0.603006 0.592417 0.583575 0.576361 0.570682 0.566464 0.563657 0.562224 0.562150 0.563434 0.566089 0.570151 0.575667 0.582709 0.591368 0.583089 0.575188 0.568850 0.563995 0.560561 0.558505 0.557804 0.558448 0.560445 0.563820 0.568614 0.574886 0.582719 0.592214 0.603501 0.616742 0.632134 0.640617 0.646132 0.653330 0.662304 0.673173 0.686084 0.701223 0.718816 0.739141 0.762539 0.789431 0.820337 0.855908 0.896962 0.944544 1.000000 0.957831 0.895579 0.842832 0.797767 0.759013 0.725516 0.696458 0.671192 0.649205 0.630082 0.613490 0.599155 0.586856 0.576413 0.567679 0.560535 0.554889 0.550670 0.547823 0.542264 0.536920 0.532952 0.530311 0.528963 0.528893 0.530101 0.532599 0.536420 0.541611 0.548236 0.556382 0.566159 0.577702 560.500000 1.355655 0.812582
0.836825 0.870810 0.909958 0.866244 0.815745 0.772568 0.735415 0.703287 0.675409 0.651165 0.630067 0.611720 0.595806 0.582066 0.570289 0.560301 0.551964 0.545166 0.539818 0.535852 0.533219 0.531887 0.531840 0.528332 0.520284 0.513697 0.508485 0.504580 0.501935 0.500518 0.500310 0.501309 0.503528 0.506993 0.511748 0.517852 0.525385 0.534447 0.545163 0.557688 0.572214 0.588973 0.608253 0.630408 0.655878 0.685213 0.719109 0.758454 0.804405 0.858484 0.922741 1.000000 0.959900 0.910421 0.867780 0.830868 0.798813 0.770928 0.746662 0.725572 0.707298 0.691547 0.678080 0.666702 0.657258 0.649621 0.643692 0.639396 0.636681 0.635514 0.635880 0.637784 0.641249 0.646317 0.653052 0.640769 0.621731 0.605208 0.590927 0.578667 0.568246 0.559518 0.552364 0.546692 0.542428 0.539520 0.537932 0.537645 0.538655 0.540974 0.544631 0.549672 0.556159 0.564176 0.573830 0.585255 0.598616 0.614114 0.632000 0.652578 0.676225 0.703409 0.734714 0.770878 0.764335 0.744254 0.726908 0.712029 0.699397 0.688836 0.680204 0.673388 0.668301 0.664880 0.663083 0.662888 0.664293 0.667316 0.671992 0.678380 0.686561 0.696640 0.708752 0.723066 0.739789 0.759175 0.781539 0.807264 4601.500000 1.359479 0.758193
0.598616 0.614114 0.632000 0.652578 0.676225 0.703409 0.734714 0.770878 0.764335 0.744254 0.726908 0.712029 0.699397 0.688836 0.680204 0.673388 0.668301 0.664880 0.663083 0.662888 0.664293 0.667316 0.671992 0.678380 0.686561 0.696640 0.708752 0.723066 0.739789 0.759175 0.781539 0.807264 0.836825 0.870810 0.909958 0.866244 0.815745 0.772568 0.735415 0.703287 0.675409 0.651165 0.630067 0.611720 0.595806 0.582066 0.570289 0.560301 0.551964 0.545166 0.539818 0.535852 0.533219 0.531887 0.531840 0.528332 0.520284 0.513697 0.508485 0.504580 0.501935 0.500518 0.500310 0.501309 0.503528 0.506993 0.511748 0.517852 0.525385 0.534447 0.545163 0.557688 0.572214 0.588973 0.608253 0.630408 0.655878 0.685213 0.719109 0.758454 0.804405 0.858484 0.922741 1.000000 0.959900 0.910421 0.867780 0.830868 0.798813 0.770928 0.746662 0.725572 0.707298 0.691547 0.678080 0.666702 0.657258 0.649621 0.643692 0.639396 0.636681 0.635514 0.635880 0.637784 0.641249 0.646317 0.653052 0.640769 0.621731 0.605208 0.590927 0.578667 0.568246 0.559518 0.552364 0.546692 0.542428 0.539520 0.537932 0.537645 0.538655 0.540974 0.544631 0.549672 0.556159 0.564176 0.573830 0.585255 4601.500000 1.359479 0.758193
0.657258 0.649621 0.643692 0.639396 0.636681 0.635514 0.635880 0.637784 0.641249 0.646317 0.653052 0.640769 0.621731 0.605208 0.590927 0.578667 0.568246 0.559518 0.552364 0.546692 0.542428 0.539520 0.537932 0.537645 0.538655 0.540974 0.544631 0.549672 0.556159 0.564176 0.573830 0.585255 0.598616 0.614114 0.632000 0.652578 0.676225 0.703409 0.734714 0.770878 0.764335 0.744254 0.726908 0.712029 0.699397 0.688836 0.680204 0.673388 0.668301 0.664880 0.663083 0.662888 0.664293 0.667316 0.671992 0.678380 0.686561 0.696640 0.708752 0.723066 0.739789 0.759175 0.781539 0.807264 0.836825 0.870810 0.909958 0.866244 0.815745 0.772568 0.735415 0.703287 0.675409 0.651165 0.630067 0.611720 0.595806 0.582066 0.570289 0.560301 0.551964 0.545166 0.539818 0.535852 0.533219 0.531887 0.531840 0.528332 0.520284 0.513697 0.508485 0.504580 0.501935 0.500518 0.500310 0.501309 0.503528 0.506993 0.511748 0.517852 0.525385 0.534447 0.545163 0.557688 0.572214 0.588973 0.608253 0.630408 0.655878 0.685213 0.719109 0.758454 0.804405 0.858484 0.922741 1.000000 0.959900 0.910421 0.867780 0.830868 0.798813 0.770928 0.746662 0.725572 0.707298 0.691547 0.678080 0.666702 4601.500000 1.359479 0.758193
0.503528 0.506993 0.511748 0.517852 0.525385 0.534447 0.545163 0.557688 0.572214 0.588973 0.608253 0.630408 0.655878 0.685213 0.719109 0.758454 0.804405 0.858484 0.922741 1.000000 0.959900 0.910421 0.867780 0.830868 0.798813 0.770928 0.746662 0.725572 0.707298 0.691547 0.678080 0.666702 0.657258 0.649621 0.643692 0.639396 0.636681 0.635514 0.635880 0.637784 0.641249 0.646317 0.653052 0.640769 0.621731 0.605208 0.590927 0.578667 0.568246 0.559518 0.552364 0.546692 0.542428 0.539520 0.537932 0.537645 0.538655 0.540974 0.544631 0.549672 0.556159 0.564176 0.573830 0.585255 0.598616 0.614114 0.632000 0.652578 0.676225 0.703409 0.734714 0.770878 0.764335 0.744254 0.726908 0.712029 0.699397 0.688836 0.680204 0.673388 0.668301 0.664880 0.663083 0.662888 0.664293 0.667316 0.671992 0.678380 0.686561 0.696640 0.708752 0.723066 0.739789 0.759175 0.781539 0.807264 0.836825 0.870810 0.909958 0.866244 0.815745 0.772568 0.735415 0.703287 0.675409 0.651165 0.630067 0.611720 0.595806 0.582066 0.570289 0.560301 0.551964 0.545166 0.539818 0.535852 0.533219 0.531887 0.531840 0.528332 0.520284 0.513697 0.508485 0.504580 0.501935 0.500518 0.500310 0.501309 4601.500000 1.359479 0.758193
0.867710 0.892431 0.920886 0.953588 0.991174 1.000000 0.968399 0.940932 0.917128 0.896606 0.879053 0.864217 0.851891 0.841911 0.834149 0.828506 0.824914 0.806333 0.790222 0.776576 0.765205 0.755958 0.748714 0.743381 0.739893 0.738208 0.738305 0.740186 0.743873 0.749411 0.756869 0.766342 0.777953 0.791859 0.808253 0.827376 0.833375 0.814586 0.798506 0.784904 0.773589 0.764412 0.757252 0.752021 0.748652 0.747105 0.747361 0.749424 0.753317 0.759090 0.766813 0.776586 0.788534 0.802821 0.819645 0.839255 0.849864 0.838740 0.829877 0.823162 0.818510 0.815866 0.815195 0.816492 0.819770 0.825071 0.832459 0.842028 0.853900 0.868233 0.885225 0.905119 0.928215 0.954882 0.942028 0.914319 0.890278 0.869509 0.851692 0.836565 0.823917 0.813577 0.805408 0.799309 0.795203 0.793039 0.792792 0.794459 0.798059 0.803636 0.811261 0.821028 0.830281 0.809333 0.791276 0.775836 0.762788 0.751954 0.743189 0.736379 0.731439 0.728308 0.726947 0.727340 0.729492 0.733429 0.739200 0.746875 0.756553 0.768360 0.782457 0.799042 0.796836 0.786259 0.777809 0.771376 0.766882 0.764270 0.763510 0.764590 0.767526 0.772352 0.779128 0.787939 0.798898 0.812150 0.827877 0.846305 7797.000000 1.195331 0.902748
0.762788 0.751954 0.743189 0.736379 0.731439 0.728308 0.726947 0.727340 0.729492 0.733429 0.739200 0.746875 0.756553 0.768360 0.782457 0.799042 0.796836 0.786259 0.777809 0.771376 0.766882 0.764270 0.763510 0.764590 0.767526 0.772352 0.779128 0.787939 0.798898 0.812150 0.827877 0.846305 0.867710 0.892431 0.920886 0.953588 0.991174 1.000000 0.968399 0.940932 0.917128 0.896606 0.879053 0.864217 0.851891 0.841911 0.834149 0.828506 0.824914 0.806333 0.790222 0.776576 0.765205 0.755958 0.748714 0.743381 0.739893 0.738208 0.738305 0.740186 0.743873 0.749411 0.756869 0.766342 0.777953 0.791859 0.808253 0.827376 0.833375 0.814586 0.798506 0.784904 0.773589 0.764412 0.757252 0.752021 0.748652 0.747105 0.747361 0.749424 0.753317 0.759090 0.766813 0.776586 0.788534 0.802821 0.819645 0.839255 0.849864 0.838740 0.829877 0.823162 0.818510 0.815866 0.815195 0.816492 0.819770 0.825071 0.832459 0.842028 0.853900 0.868233 0.885225 0.905119 0.928215 0.954882 0.942028 0.914319 0.890278 0.869509 0.851692 0.836565 0.823917 0.813577 0.805408 0.799309 0.795203 0.793039 0.792792 0.794459 0.798059 0.803636 0.811261 0.821028 0.830281 0.809333 0.791276 0.775836 7797.000000 1.195331 0.902748
0.819770 0.825071 0.832459 0.842028 0.853900 0.868233 0.885225 0.905119 0.928215 0.954882 0.942028 0.914319 0.890278 0.869509 0.851692 0.836565 0.823917 0.813577 0.805408 0.799309 0.795203 0.793039 0.792792 0.794459 0.798059 0.803636 0.811261 0.821028 0.830281 0.809333 0.791276 0.775836 0.762788 0.751954 0.743189 0.736379 0.731439 0.728308 0.726947 0.727340 0.729492 0.733429 0.739200 0.746875 0.756553 0.768360 0.782457 0.799042 0.796836 0.786259 0.777809 0.771376 0.766882 0.764270 0.763510 0.764590 0.767526 0.772352 0.779128 0.787939 0.798898 0.812150 0.827877 0.846305 0.867710 0.892431 0.920886 0.953588 0.991174 1.000000 0.968399 0.940932 0.917128 0.896606 0.879053 0.864217 0.851891 0.841911 0.834149 0.828506 0.824914 0.806333 0.790222 0.776576 0.765205 0.755958 0.748714 0.743381 0.739893 0.738208 0.738305 0.740186 0.743873 0.749411 0.756869 0.766342 0.777953 0.791859 0.808253 0.827376 0.833375 0.814586 0.798506 0.784904 0.773589 0.764412 0.757252 0.752021 0.748652 0.747105 0.747361 0.749424 0.753317 0.759090 0.766813 0.776586 0.788534 0.802821 0.819645 0.839255 0.849864 0.838740 0.829877 0.823162 0.818510 0.815866 0.815195 0.816492 7797.000000 1.195331 0.902748
0.777953 0.791859 0.808253 0.827376 0.833375 0.814586 0.798506 0.784904 0.773589 0.764412 0.757252 0.752021 0.748652 0.747105 0.747361 0.749424 0.753317 0.759090 0.766813 0.776586 0.788534 0.802821 0.819645 0.839255 0.849864 0.838740 0.829877 0.823162 0.818510 0.815866 0.815195 0.816492 0.819770 0.825071 0.832459 0.842028 0.853900 0.868233 0.885225 0.905119 0.928215 0.954882 0.942028 0.914319 0.890278 0.869509 0.851692 0.836565 0.823917 0.813577 0.805408 0.799309 0.795203 0.793039 0.792792 0.794459 0.798059 0.803636 0.811261 0.821028 0.830281 0.809333 0.791276 0.775836 0.762788 0.751954 0.743189 0.736379 0.731439 0.728308 0.726947 0.727340 0.729492 0.733429 0.739200 0.746875 0.756553 0.768360 0.782457 0.799042 0.796836 0.786259 0.777809 0.771376 0.766882 0.764270 0.763510 0.764590 0.767526 0.772352 0.779128 0.787939 0.798898 0.812150 0.827877 0.846305 0.867710 0.892431 0.920886 0.953588 0.991174 1.000000 0.968399 0.940932 0.917128 0.896606 0.879053 0.864217 0.851891 0.841911 0.834149 0.828506 0.824914 0.806333 0.790222 0.776576 0.765205 0.755958 0.748714 0.743381 0.739893 0.738208 0.738305 0.740186 0.743873 0.749411 0.756869 0.766342 7797.000000 1.195331 0.902748
0.973304 0.931891 0.895928 0.864644 0.837420 0.813759 0.793256 0.775584 0.760474 0.747709 0.737111 0.728540 0.721886 0.717064 0.714014 0.712700 0.713105 0.715235 0.719116 0.724794 0.732341 0.741853 0.753454 0.767302 0.783591 0.802563 0.824511 0.849798 0.878870 0.912277 0.950705 0.995015 0.963704 0.923047 0.887733 0.857011 0.830277 0.807046 0.786924 0.769589 0.754782 0.742287 0.731934 0.723585 0.717133 0.712496 0.709617 0.708461 0.709014 0.711283 0.715296 0.721101 0.728770 0.738403 0.750125 0.764096 0.780513 0.799620 0.821715 0.847164 0.876419 0.910038 0.948716 0.993326 1.000000 0.953297 0.912863 0.877747 0.847199 0.820616 0.797513 0.777497 0.760248 0.745505 0.733055 0.722726 0.714382 0.707914 0.703241 0.700306 0.699071 0.699524 0.701669 0.705531 0.711160 0.718624 0.728018 0.739467 0.753125 0.769184 0.787883 0.809513 0.834430 0.863076 0.895993 0.933860 0.977528 0.987962 0.945490 0.908619 0.876547 0.848637 0.824375 0.803343 0.785201 0.769675 0.756537 0.745607 0.736738 0.729814 0.724750 0.721481 0.719968 0.720193 0.722159 0.725888 0.731428 0.738846 0.748238 0.759725 0.773463 0.789644 0.808506 0.830340 0.855505 0.884440 0.917689 0.955928 14451.500000 1.011995 0.784813
0.977528 0.987962 0.945490 0.908619 0.876547 0.848637 0.824375 0.803343 0.785201 0.769675 0.756537 0.745607 0.736738 0.729814 0.724750 0.721481 0.719968 0.720193 0.722159 0.725888 0.731428 0.738846 0.748238 0.759725 0.773463 0.789644 0.808506 0.830340 0.855505 0.884440 0.917689 0.955928 0.973304 0.931891 0.895928 0.864644 0.837420 0.813759 0.793256 0.775584 0.760474 0.747709 0.737111 0.728540 0.721886 0.717064 0.714014 0.712700 0.713105 0.715235 0.719116 0.724794 0.732341 0.741853 0.753454 0.767302 0.783591 0.802563 0.824511 0.849798 0.878870 0.912277 0.950705 0.995015 0.963704 0.923047 0.887733 0.857011 0.830277 0.807046 0.786924 0.769589 0.754782 0.742287 0.731934 0.723585 0.717133 0.712496 0.709617 0.708461 0.709014 0.711283 0.715296 0.721101 0.728770 0.738403 0.750125 0.764096 0.780513 0.799620 0.821715 0.847164 0.876419 0.910038 0.948716 0.993326 1.000000 0.953297 0.912863 0.877747 0.847199 0.820616 0.797513 0.777497 0.760248 0.745505 0.733055 0.722726 0.714382 0.707914 0.703241 0.700306 0.699071 0.699524 0.701669 0.705531 0.711160 0.718624 0.728018 0.739467 0.753125 0.769184 0.787883 0.809513 0.834430 0.863076 0.895993 0.933860 14451.500000 1.011995 0.784813
1.000000 0.953297 0.912863 0.877747 0.847199 0.820616 0.797513 0.777497 0.760248 0.745505 0.733055 0.722726 0.714382 0.707914 0.703241 0.700306 0.699071 0.699524 0.701669 0.705531 0.711160 0.718624 0.728018 0.739467 0.753125 0.769184 0.787883 0.809513 0.834430 0.863076 0.895993 0.933860 0.977528 0.987962 0.945490 0.908619 0.876547 0.848637 0.824375 0.803343 0.785201 0.769675 0.756537 0.745607 0.736738 0.729814 0.724750 0.721481 0.719968 0.720193 0.722159 0.725888 0.731428 0.738846 0.748238 0.759725 0.773463 0.789644 0.808506 0.830340 0.855505 0.884440 0.917689 0.955928 0.973304 0.931891 0.895928 0.864644 0.837420 0.813759 0.793256 0.775584 0.760474 0.747709 0.737111 0.728540 0.721886 0.717064 0.714014 0.712700 0.713105 0.715235 0.719116 0.724794 0.732341 0.741853 0.753454 0.767302 0.783591 0.802563 0.824511 0.849798 0.878870 0.912277 0.950705 0.995015 0.963704 0.923047 0.887733 0.857011 0.830277 0.807046 0.786924 0.769589 0.754782 0.742287 0.731934 0.723585 0.717133 0.712496 0.709617 0.708461 0.709014 0.711283 0.715296 0.721101 0.728770 0.738403 0.750125 0.764096 0.780513 0.799620 0.821715 0.847164 0.876419 0.910038 0.948716 0.993326 14451.500000 1.011995 0.784813
0.963704 0.923047 0.887733 0.857011 0.830277 0.807046 0.786924 0.769589 0.754782 0.742287 0.731934 0.723585 0.717133 0.712496 0.709617 0.708461 0.709014 0.711283 0.715296 0.721101 0.728770 0.738403 0.750125 0.764096 0.780513 0.799620 0.821715 0.847164 0.876419 0.910038 0.948716 0.993326 1.000000 0.953297 0.912863 0.877747 0.847199 0.820616 0.797513 0.777497 0.760248 0.745505 0.733055 0.722726 0.714382 0.707914 0.703241 0.700306 0.699071 0.699524 0.701669 0.705531 0.711160 0.718624 0.728018 0.739467 0.753125 0.769184 0.787883 0.809513 0.834430 0.863076 0.895993 0.933860 0.977528 0.987962 0.945490 0.908619 0.876547 0.848637 0.824375 0.803343 0.785201 0.769675 0.756537 0.745607 0.736738 0.729814 0.724750 0.721481 0.719968 0.720193 0.722159 0.725888 0.731428 0.738846 0.748238 0.759725 0.773463 0.789644 0.808506 0.830340 0.855505 0.884440 0.917689 0.955928 0.973304 0.931891 0.895928 0.864644 0.837420 0.813759 0.793256 0.775584 0.760474 0.747709 0.737111 0.728540 0.721886 0.717064 0.714014 0.712700 0.713105 0.715235 0.719116 0.724794 0.732341 0.741853 0.753454 0.767302 0.783591 0.802563 0.824511 0.849798 0.878870 0.912277 0.950705 0.995015 14451.500000 1.011995 0.784813
1.000000 0.902370 0.823917 0.759698 0.706344 0.661482 0.623390 0.590792 0.562722 0.538437 0.517356 0.499021 0.483064 0.469192 0.457165 0.446788 0.437904 0.430382 0.424119 0.419031 0.415052 0.412131 0.410232 0.409332 0.409420 0.410497 0.412577 0.415684 0.419858 0.425151 0.431632 0.439388 0.448529 0.459188 0.471530 0.485756 0.502114 0.520911 0.542528 0.567443 0.596263 0.629764 0.668962 0.715200 0.770298 0.836779 0.904970 0.847537 0.798769 0.757032 0.721091 0.689995 0.663001 0.639522 0.619090 0.601327 0.585927 0.572641 0.561266 0.551638 0.543622 0.537111 0.532020 0.528286 0.525862 0.524718 0.524841 0.526233 0.528909 0.532902 0.538264 0.545060 0.553381 0.563338 0.575070 0.588750 0.604589 0.622845 0.643838 0.667960 0.695702 0.727677 0.764663 0.807661 0.803988 0.748341 0.701479 0.661640 0.627514 0.598105 0.572648 0.550541 0.531310 0.514575 0.500030 0.487426 0.476562 0.467273 0.459425 0.452909 0.447639 0.443546 0.440579 0.438702 0.437891 0.438136 0.439441 0.441821 0.445306 0.449939 0.455778 0.462902 0.471404 0.481407 0.493057 0.506535 0.522064 0.539918 0.560433 0.584031 0.611242 0.642736 0.679377 0.722294 0.772986 0.833490 0.906640 0.996497 7644.000000 1.331620 0.586653
0.476562 0.467273 0.459425 0.452909 0.447639 0.443546 0.440579 0.438702 0.437891 0.438136 0.439441 0.441821 0.445306 0.449939 0.455778 0.462902 0.471404 0.481407 0.493057 0.506535 0.522064 0.539918 0.560433 0.584031 0.611242 0.642736 0.679377 0.722294 0.772986 0.833490 0.906640 0.996497 1.000000 0.902370 0.823917 0.759698 0.706344 0.661482 0.623390 0.590792 0.562722 0.538437 0.517356 0.499021 0.483064 0.469192 0.457165 0.446788 0.437904 0.430382 0.424119 0.419031 0.415052 0.412131 0.410232 0.409332 0.409420 0.410497 0.412577 0.415684 0.419858 0.425151 0.431632 0.439388 0.448529 0.459188 0.471530 0.485756 0.502114 0.520911 0.542528 0.567443 0.596263 0.629764 0.668962 0.715200 0.770298 0.836779 0.904970 0.847537 0.798769 0.757032 0.721091 0.689995 0.663001 0.639522 0.619090 0.601327 0.585927 0.572641 0.561266 0.551638 0.543622 0.537111 0.532020 0.528286 0.525862 0.524718 0.524841 0.526233 0.528909 0.532902 0.538264 0.545060 0.553381 0.563338 0.575070 0.588750 0.604589 0.622845 0.643838 0.667960 0.695702 0.727677 0.764663 0.807661 0.803988 0.748341 0.701479 0.661640 0.627514 0.598105 0.572648 0.550541 0.531310 0.514575 0.500030 0.487426 7644.000000 1.331620 0.586653
0.525862 0.524718 0.524841 0.526233 0.528909 0.532902 0.538264 0.545060 0.553381 0.563338 0.575070 0.588750 0.604589 0.622845 0.643838 0.667960 0.695702 0.727677 0.764663 0.807661 0.803988 0.748341 0.701479 0.661640 0.627514 0.598105 0.572648 0.550541 0.531310 0.514575 0.500030 0.487426 0.476562 0.467273 0.459425 0.452909 0.447639 0.443546 0.440579 0.438702 0.437891 0.438136 0.439441 0.441821 0.445306 0.449939 0.455778 0.462902 0.471404 0.481407 0.493057 0.506535 0.522064 0.539918 0.560433 0.584031 0.611242 0.642736 0.679377 0.722294 0.772986 0.833490 0.906640 0.996497 1.000000 0.902370 0.823917 0.759698 0.706344 0.661482 0.623390 0.590792 0.562722 0.538437 0.517356 0.499021 0.483064 0.469192 0.457165 0.446788 0.437904 0.430382 0.424119 0.419031 0.415052 0.412131 0.410232 0.409332 0.409420 0.410497 0.412577 0.415684 0.419858 0.425151 0.431632 0.439388 0.448529 0.459188 0.471530 0.485756 0.502114 0.520911 0.542528 0.567443 0.596263 0.629764 0.668962 0.715200 0.770298 0.836779 0.904970 0.847537 0.798769 0.757032 0.721091 0.689995 0.663001 0.639522 0.619090 0.601327 0.585927 0.572641 0.561266 0.551638 0.543622 0.537111 0.532020 0.528286 7644.000000 1.331620 0.586653
0.448529 0.459188 0.471530 0.485756 0.502114 0.520911 0.542528 0.567443 0.596263 0.629764 0.668962 0.715200 0.770298 0.836779 0.904970 0.847537 0.798769 0.757032 0.721091 0.689995 0.663001 0.639522 0.619090 0.601327 0.585927 0.572641 0.561266 0.551638 0.543622 0.537111 0.532020 0.528286 0.525862 0.524718 0.524841 0.526233 0.528909 0.532902 0.538264 0.545060 0.553381 0.563338 0.575070 0.588750 0.604589 0.622845 0.643838 0.667960 0.695702 0.727677 0.764663 0.807661 0.803988 0.748341 0.701479 0.661640 0.627514 0.598105 0.572648 0.550541 0.531310 0.514575 0.500030 0.487426 0.476562 0.467273 0.459425 0.452909 0.447639 0.443546 0.440579 0.438702 0.437891 0.438136 0.439441 0.441821 0.445306 0.449939 0.455778 0.462902 0.471404 0.481407 0.493057 0.506535 0.522064 0.539918 0.560433 0.584031 0.611242 0.642736 0.679377 0.722294 0.772986 0.833490 0.906640 0.996497 1.000000 0.902370 0.823917 0.759698 0.706344 0.661482 0.623390 0.590792 0.562722 0.538437 0.517356 0.499021 0.483064 0.469192 0.457165 0.446788 0.437904 0.430382 0.424119 0.419031 0.415052 0.412131 0.410232 0.409332 0.409420 0.410497 0.412577 0.415684 0.419858 0.425151 0.431632 0.439388 7644.000000 1.331620 0.586653
0.918615 0.940515 0.950664 0.938172 0.928211 0.920654 0.915406 0.912404 0.911610 0.913015 0.916636 0.922517 0.930731 0.941381 0.954604 0.954938 0.911617 0.874070 0.841440 0.813048 0.788346 0.766893 0.748333 0.732372 0.718773 0.707344 0.697926 0.690398 0.684663 0.680648 0.678304 0.676519 0.675704 0.676519 0.678973 0.683097 0.688942 0.696579 0.706109 0.717655 0.731376 0.747469 0.766172 0.787783 0.812662 0.841257 0.874120 0.911941 0.955589 1.000000 0.980796 0.964596 0.951177 0.940360 0.932006 0.926011 0.922300 0.920828 0.921578 0.924558 0.929804 0.937382 0.947385 0.959941 0.975216 0.993416 0.993709 0.956350 0.923843 0.895560 0.870993 0.849731 0.831437 0.815838 0.802712 0.791879 0.783196 0.776552 0.771864 0.765135 0.754827 0.746568 0.740252 0.735800 0.733157 0.732290 0.733190 0.735866 0.740353 0.746704 0.755000 0.765347 0.777882 0.792775 0.810240 0.830538 0.853989 0.874011 0.860047 0.848534 0.839321 0.832289 0.827350 0.824444 0.823536 0.824614 0.827691 0.832806 0.840020 0.849424 0.861139 0.875321 0.892162 0.880614 0.867856 0.857499 0.849408 0.843482 0.839646 0.837855 0.838085 0.840341 0.844650 0.851064 0.859662 0.870555 0.883885 0.899830 7164.000000 1.164201 0.887320
0.853989 0.874011 0.860047 0.848534 0.839321 0.832289 0.827350 0.824444 0.823536 0.824614 0.827691 0.832806 0.840020 0.849424 0.861139 0.875321 0.892162 0.880614 0.867856 0.857499 0.849408 0.843482 0.839646 0.837855 0.838085 0.840341 0.844650 0.851064 0.859662 0.870555 0.883885 0.899830 0.918615 0.940515 0.950664 0.938172 0.928211 0.920654 0.915406 0.912404 0.911610 0.913015 0.916636 0.922517 0.930731 0.941381 0.954604 0.954938 0.911617 0.874070 0.841440 0.813048 0.788346 0.766893 0.748333 0.732372 0.718773 0.707344 0.697926 0.690398 0.684663 0.680648 0.678304 0.676519 0.675704 0.676519 0.678973 0.683097 0.688942 0.696579 0.706109 0.717655 0.731376 0.747469 0.766172 0.787783 0.812662 0.841257 0.874120 0.911941 0.955589 1.000000 0.980796 0.964596 0.951177 0.940360 0.932006 0.926011 0.922300 0.920828 0.921578 0.924558 0.929804 0.937382 0.947385 0.959941 0.975216 0.993416 0.993709 0.956350 0.923843 0.895560 0.870993 0.849731 0.831437 0.815838 0.802712 0.791879 0.783196 0.776552 0.771864 0.765135 0.754827 0.746568 0.740252 0.735800 0.733157 0.732290 0.733190 0.735866 0.740353 0.746704 0.755000 0.765347 0.777882 0.792775 0.810240 0.830538 7164.000000 1.164201 0.887320
0.975216 0.993416 0.993709 0.956350 0.923843 0.895560 0.870993 0.849731 0.831437 0.815838 0.802712 0.791879 0.783196 0.776552 0.771864 0.765135 0.754827 0.746568 0.740252 0.735800 0.733157 0.732290 0.733190 0.735866 0.740353 0.746704 0.755000 0.765347 0.777882 0.792775 0.810240 0.830538 0.853989 0.874011 0.860047 0.848534 0.839321 0.832289 0.827350 0.824444 0.823536 0.824614 0.827691 0.832806 0.840020 0.849424 0.861139 0.875321 0.892162 0.880614 0.867856 0.857499 0.849408 0.843482 0.839646 0.837855 0.838085 0.840341 0.844650 0.851064 0.859662 0.870555 0.883885 0.899830 0.918615 0.940515 0.950664 0.938172 0.928211 0.920654 0.915406 0.912404 0.911610 0.913015 0.916636 0.922517 0.930731 0.941381 0.954604 0.954938 0.911617 0.874070 0.841440 0.813048 0.788346 0.766893 0.748333 0.732372 0.718773 0.707344 0.697926 0.690398 0.684663 0.680648 0.678304 0.676519 0.675704 0.676519 0.678973 0.683097 0.688942 0.696579 0.706109 0.717655 0.731376 0.747469 0.766172 0.787783 0.812662 0.841257 0.874120 0.911941 0.955589 1.000000 0.980796 0.964596 0.951177 0.940360 0.932006 0.926011 0.922300 0.920828 0.921578 0.924558 0.929804 0.937382 0.947385 0.959941 7164.000000 1.164201 0.887320
0.675704 0.676519 0.678973 0.683097 0.688942 0.696579 0.706109 0.717655 0.731376 0.747469 0.766172 0.787783 0.812662 0.841257 0.874120 0.911941 0.955589 1.000000 0.980796 0.964596 0.951177 0.940360 0.932006 0.926011 0.922300 0.920828 0.921578 0.924558 0.929804 0.937382 0.947385 0.959941 0.975216 0.993416 0.993709 0.956350 0.923843 0.895560 0.870993 0.849731 0.831437 0.815838 0.802712 0.791879 0.783196 0.776552 0.771864 0.765135 0.754827 0.746568 0.740252 0.735800 0.733157 0.732290 0.733190 0.735866 0.740353 0.746704 0.755000 0.765347 0.777882 0.792775 0.810240 0.830538 0.853989 0.874011 0.860047 0.848534 0.839321 0.832289 0.827350 0.824444 0.823536 0.824614 0.827691 0.832806 0.840020 0.849424 0.861139 0.875321 0.892162 0.880614 0.867856 0.857499 0.849408 0.843482 0.839646 0.837855 0.838085 0.840341 0.844650 0.851064 0.859662 0.870555 0.883885 0.899830 0.918615 0.940515 0.950664 0.938172 0.928211 0.920654 0.915406 0.912404 0.911610 0.913015 0.916636 0.922517 0.930731 0.941381 0.954604 0.954938 0.911617 0.874070 0.841440 0.813048 0.788346 0.766893 0.748333 0.732372 0.718773 0.707344 0.697926 0.690398 0.684663 0.680648 0.678304 0.676519 7164.000000 1.164201 0.887320
0.925172 0.894886 0.868546 0.845691 0.825947 0.809008 0.794626 0.782599 0.772764 0.764994 0.759189 0.755277 0.753210 0.752964 0.754535 0.756090 0.729209 0.705816 0.685478 0.667842 0.652625 0.639591 0.628553 0.619356 0.611877 0.606019 0.601708 0.598890 0.597532 0.597616 0.599144 0.602133 0.606622 0.612665 0.620339 0.629744 0.641007 0.654285 0.669772 0.673409 0.668098 0.664457 0.662443 0.662032 0.663218 0.666015 0.670458 0.676602 0.684523 0.694325 0.706138 0.720124 0.736485 0.755470 0.777382 0.802594 0.817454 0.799399 0.783972 0.770951 0.760157 0.751447 0.744707 0.739854 0.736827 0.735590 0.736128 0.738446 0.742574 0.748562 0.756484 0.766442 0.778566 0.793021 0.810012 0.829789 0.833169 0.822850 0.814722 0.808683 0.804656 0.802594 0.802470 0.804283 0.808056 0.813834 0.813139 0.770334 0.733490 0.701622 0.673965 0.649911 0.628978 0.610777 0.594993 0.581369 0.569697 0.559807 0.551560 0.544846 0.539578 0.535689 0.533131 0.531872 0.531649 0.531624 0.532882 0.535439 0.539326 0.544592 0.551302 0.559545 0.569431 0.581098 0.594715 0.610492 0.628684 0.649608 0.673650 0.701295 0.733148 0.769975 0.812759 0.862779 0.921725 0.991881 1.000000 0.959974 772.500000 1.276029 0.828656
0.569697 0.559807 0.551560 0.544846 0.539578 0.535689 0.533131 0.531872 0.531649 0.531624 0.532882 0.535439 0.539326 0.544592 0.551302 0.559545 0.569431 0.581098 0.594715 0.610492 0.628684 0.649608 0.673650 0.701295 0.733148 0.769975 0.812759 0.862779 0.921725 0.991881 1.000000 0.959974 0.925172 0.894886 0.868546 0.845691 0.825947 0.809008 0.794626 0.782599 0.772764 0.764994 0.759189 0.755277 0.753210 0.752964 0.754535 0.756090 0.729209 0.705816 0.685478 0.667842 0.652625 0.639591 0.628553 0.619356 0.611877 0.606019 0.601708 0.598890 0.597532 0.597616 0.599144 0.602133 0.606622 0.612665 0.620339 0.629744 0.641007 0.654285 0.669772 0.673409 0.668098 0.664457 0.662443 0.662032 0.663218 0.666015 0.670458 0.676602 0.684523 0.694325 0.706138 0.720124 0.736485 0.755470 0.777382 0.802594 0.817454 0.799399 0.783972 0.770951 0.760157 0.751447 0.744707 0.739854 0.736827 0.735590 0.736128 0.738446 0.742574 0.748562 0.756484 0.766442 0.778566 0.793021 0.810012 0.829789 0.833169 0.822850 0.814722 0.808683 0.804656 0.802594 0.802470 0.804283 0.808056 0.813834 0.813139 0.770334 0.733490 0.701622 0.673965 0.649911 0.628978 0.610777 0.594993 0.581369 772.500000 1.276029 0.828656
0.736827 0.735590 0.736128 0.738446 0.742574 0.748562 0.756484 0.766442 0.778566 0.793021 0.810012 0.829789 0.833169 0.822850 0.814722 0.808683 0.804656 0.802594 0.802470 0.804283 0.808056 0.813834 0.813139 0.770334 0.733490 0.701622 0.673965 0.649911 0.628978 0.610777 0.594993 0.581369 0.569697 0.559807 0.551560 0.544846 0.539578 0.535689 0.533131 0.531872 0.531649 0.531624 0.532882 0.535439 0.539326 0.544592 0.551302 0.559545 0.569431 0.581098 0.594715 0.610492 0.628684 0.649608 0.673650 0.701295 0.733148 0.769975 0.812759 0.862779 0.921725 0.991881 1.000000 0.959974 0.925172 0.894886 0.868546 0.845691 0.825947 0.809008 0.794626 0.782599 0.772764 0.764994 0.759189 0.755277 0.753210 0.752964 0.754535 0.756090 0.729209 0.705816 0.685478 0.667842 0.652625 0.639591 0.628553 0.619356 0.611877 0.606019 0.601708 0.598890 0.597532 0.597616 0.599144 0.602133 0.606622 0.612665 0.620339 0.629744 0.641007 0.654285 0.669772 0.673409 0.668098 0.664457 0.662443 0.662032 0.663218 0.666015 0.670458 0.676602 0.684523 0.694325 0.706138 0.720124 0.736485 0.755470 0.777382 0.802594 0.817454 0.799399 0.783972 0.770951 0.760157 0.751447 0.744707 0.739854 772.500000 1.276029 0.828656
0.606622 0.612665 0.620339 0.629744 0.641007 0.654285 0.669772 0.673409 0.668098 0.664457 0.662443 0.662032 0.663218 0.666015 0.670458 0.676602 0.684523 0.694325 0.706138 0.720124 0.736485 0.755470 0.777382 0.802594 0.817454 0.799399 0.783972 0.770951 0.760157 0.751447 0.744707 0.739854 0.736827 0.735590 0.736128 0.738446 0.742574 0.748562 0.756484 0.766442 0.778566 0.793021 0.810012 0.829789 0.833169 0.822850 0.814722 0.808683 0.804656 0.802594 0.802470 0.804283 0.808056 0.813834 0.813139 0.770334 0.733490 0.701622 0.673965 0.649911 0.628978 0.610777 0.594993 0.581369 0.569697 0.559807 0.551560 0.544846 0.539578 0.535689 0.533131 0.531872 0.531649 0.531624 0.532882 0.535439 0.539326 0.544592 0.551302 0.559545 0.569431 0.581098 0.594715 0.610492 0.628684 0.649608 0.673650 0.701295 0.733148 0.769975 0.812759 0.862779 0.921725 0.991881 1.000000 0.959974 0.925172 0.894886 0.868546 0.845691 0.825947 0.809008 0.794626 0.782599 0.772764 0.764994 0.759189 0.755277 0.753210 0.752964 0.754535 0.756090 0.729209 0.705816 0.685478 0.667842 0.652625 0.639591 0.628553 0.619356 0.611877 0.606019 0.601708 0.598890 0.597532 0.597616 0.599144 0.602133 772.500000 1.276029 0.828656
0.712558 0.708123 0.705429 0.696356 0.689153 0.683727 0.680012 0.677961 0.677550 0.678774 0.681647 0.686205 0.692504 0.700623 0.710667 0.722770 0.737098 0.753859 0.773306 0.731198 0.684089 0.644140 0.609988 0.580603 0.555196 0.533149 0.521613 0.517317 0.514319 0.512584 0.512090 0.512831 0.514817 0.518070 0.522633 0.528560 0.535930 0.544840 0.555411 0.567796 0.582180 0.598791 0.609477 0.608729 0.609449 0.611647 0.615348 0.620598 0.627463 0.636032 0.646416 0.658758 0.673235 0.690061 0.709504 0.731888 0.757615 0.787182 0.821209 0.860478 0.905983 0.959009 0.939695 0.897592 0.861085 0.829351 0.801736 0.777715 0.756861 0.738829 0.723339 0.710161 0.699108 0.690031 0.682811 0.677355 0.673595 0.671486 0.671001 0.672135 0.674902 0.679335 0.685488 0.693440 0.680031 0.637542 0.601413 0.570461 0.543784 0.520689 0.500633 0.483185 0.468003 0.454807 0.443374 0.433521 0.425098 0.417983 0.412080 0.407308 0.403607 0.400929 0.399242 0.398526 0.415131 0.436049 0.460355 0.488777 0.522281 0.562170 0.610248 0.669080 0.742446 0.836145 0.959557 1.000000 0.953987 0.914127 0.879498 0.849368 0.823152 0.800376 0.780657 0.763681 0.749195 0.736990 0.726900 0.718791 5984.000000 1.222172 0.684136
0.425098 0.417983 0.412080 0.407308 0.403607 0.400929 0.399242 0.398526 0.415131 0.436049 0.460355 0.488777 0.522281 0.562170 0.610248 0.669080 0.742446 0.836145 0.959557 1.000000 0.953987 0.914127 0.879498 0.849368 0.823152 0.800376 0.780657 0.763681 0.749195 0.736990 0.726900 0.718791 0.712558 0.708123 0.705429 0.696356 0.689153 0.683727 0.680012 0.677961 0.677550 0.678774 0.681647 0.686205 0.692504 0.700623 0.710667 0.722770 0.737098 0.753859 0.773306 0.731198 0.684089 0.644140 0.609988 0.580603 0.555196 0.533149 0.521613 0.517317 0.514319 0.512584 0.512090 0.512831 0.514817 0.518070 0.522633 0.528560 0.535930 0.544840 0.555411 0.567796 0.582180 0.598791 0.609477 0.608729 0.609449 0.611647 0.615348 0.620598 0.627463 0.636032 0.646416 0.658758 0.673235 0.690061 0.709504 0.731888 0.757615 0.787182 0.821209 0.860478 0.905983 0.959009 0.939695 0.897592 0.861085 0.829351 0.801736 0.777715 0.756861 0.738829 0.723339 0.710161 0.699108 0.690031 0.682811 0.677355 0.673595 0.671486 0.671001 0.672135 0.674902 0.679335 0.685488 0.693440 0.680031 0.637542 0.601413 0.570461 0.543784 0.520689 0.500633 0.483185 0.468003 0.454807 0.443374 0.433521 5984.000000 1.222172 0.684136
0.861085 0.829351 0.801736 0.777715 0.756861 0.738829 0.723339 0.710161 0.699108 0.690031 0.682811 0.677355 0.673595 0.671486 0.671001 0.672135 0.674902 0.679335 0.685488 0.693440 0.680031 0.637542 0.601413 0.570461 0.543784 0.520689 0.500633 0.483185 0.468003 0.454807 0.443374 0.433521 0.425098 0.417983 0.412080 0.407308 0.403607 0.400929 0.399242 0.398526 0.415131 0.436049 0.460355 0.488777 0.522281 0.562170 0.610248 0.669080 0.742446 0.836145 0.959557 1.000000 0.953987 0.914127 0.879498 0.849368 0.823152 0.800376 0.780657 0.763681 0.749195 0.736990 0.726900 0.718791 0.712558 0.708123 0.705429 0.696356 0.689153 0.683727 0.680012 0.677961 0.677550 0.678774 0.681647 0.686205 0.692504 0.700623 0.710667 0.722770 0.737098 0.753859 0.773306 0.731198 0.684089 0.644140 0.609988 0.580603 0.555196 0.533149 0.521613 0.517317 0.514319 0.512584 0.512090 0.512831 0.514817 0.518070 0.522633 0.528560 0.535930 0.544840 0.555411 0.567796 0.582180 0.598791 0.609477 0.608729 0.609449 0.611647 0.615348 0.620598 0.627463 0.636032 0.646416 0.658758 0.673235 0.690061 0.709504 0.731888 0.757615 0.787182 0.821209 0.860478 0.905983 0.959009 0.939695 0.897592 5984.000000 1.222172 0.684136
0.514817 0.518070 0.522633 0.528560 0.535930 0.544840 0.555411 0.567796 0.582180 0.598791 0.609477 0.608729 0.609449 0.611647 0.615348 0.620598 0.627463 0.636032 0.646416 0.658758 0.673235 0.690061 0.709504 0.731888 0.757615 0.787182 0.821209 0.860478 0.905983 0.959009 0.939695 0.897592 0.861085 0.829351 0.801736 0.777715 0.756861 0.738829 0.723339 0.710161 0.699108 0.690031 0.682811 0.677355 0.673595 0.671486 0.671001 0.672135 0.674902 0.679335 0.685488 0.693440 0.680031 0.637542 0.601413 0.570461 0.543784 0.520689 0.500633 0.483185 0.468003 0.454807 0.443374 0.433521 0.425098 0.417983 0.412080 0.407308 0.403607 0.400929 0.399242 0.398526 0.415131 0.436049 0.460355 0.488777 0.522281 0.562170 0.610248 0.669080 0.742446 0.836145 0.959557 1.000000 0.953987 0.914127 0.879498 0.849368 0.823152 0.800376 0.780657 0.763681 0.749195 0.736990 0.726900 0.718791 0.712558 0.708123 0.705429 0.696356 0.689153 0.683727 0.680012 0.677961 0.677550 0.678774 0.681647 0.686205 0.692504 0.700623 0.710667 0.722770 0.737098 0.753859 0.773306 0.731198 0.684089 0.644140 0.609988 0.580603 0.555196 0.533149 0.521613 0.517317 0.514319 0.512584 0.512090 0.512831 5984.000000 1.222172 0.684136
0.713020 0.720314 0.729535 0.740802 0.754268 0.757377 0.744306 0.733415 0.724559 0.717622 0.712517 0.709180 0.707572 0.707671 0.709480 0.713021 0.718336 0.725492 0.734579 0.745717 0.751612 0.732428 0.715881 0.701719 0.689735 0.679764 0.671672 0.665354 0.660732 0.657746 0.656362 0.656562 0.658348 0.661743 0.666787 0.673545 0.682100 0.692566 0.705083 0.719826 0.737013 0.756909 0.779840 0.806206 0.836503 0.871348 0.911513 0.957978 1.000000 0.950761 0.908230 0.871349 0.839290 0.811392 0.787124 0.766057 0.747844 0.732199 0.718892 0.707734 0.698575 0.691294 0.685798 0.682019 0.679910 0.679447 0.680622 0.683451 0.687967 0.694228 0.702310 0.712320 0.724389 0.738685 0.755412 0.774825 0.797233 0.792299 0.765003 0.741252 0.720614 0.702742 0.687351 0.674208 0.663127 0.653954 0.646567 0.640872 0.636798 0.634293 0.633328 0.633890 0.635987 0.639644 0.644905 0.651838 0.660529 0.671094 0.683677 0.698455 0.715648 0.735526 0.758418 0.784733 0.814973 0.849767 0.889904 0.936387 0.990512 0.961285 0.920097 0.884336 0.853230 0.826161 0.802630 0.782235 0.764648 0.749600 0.736873 0.726292 0.717716 0.711032 0.706157 0.703031 0.701615 0.701892 0.703866 0.707560 841.000000 1.170385 0.815677
0.660529 0.671094 0.683677 0.698455 0.715648 0.735526 0.758418 0.784733 0.814973 0.849767 0.889904 0.936387 0.990512 0.961285 0.920097 0.884336 0.853230 0.826161 0.802630 0.782235 0.764648 0.749600 0.736873 0.726292 0.717716 0.711032 0.706157 0.703031 0.701615 0.701892 0.703866 0.707560 0.713020 0.720314 0.729535 0.740802 0.754268 0.757377 0.744306 0.733415 0.724559 0.717622 0.712517 0.709180 0.707572 0.707671 0.709480 0.713021 0.718336 0.725492 0.734579 0.745717 0.751612 0.732428 0.715881 0.701719 0.689735 0.679764 0.671672 0.665354 0.660732 0.657746 0.656362 0.656562 0.658348 0.661743 0.666787 0.673545 0.682100 0.692566 0.705083 0.719826 0.737013 0.756909 0.779840 0.806206 0.836503 0.871348 0.911513 0.957978 1.000000 0.950761 0.908230 0.871349 0.839290 0.811392 0.787124 0.766057 0.747844 0.732199 0.718892 0.707734 0.698575 0.691294 0.685798 0.682019 0.679910 0.679447 0.680622 0.683451 0.687967 0.694228 0.702310 0.712320 0.724389 0.738685 0.755412 0.774825 0.797233 0.792299 0.765003 0.741252 0.720614 0.702742 0.687351 0.674208 0.663127 0.653954 0.646567 0.640872 0.636798 0.634293 0.633328 0.633890 0.635987 0.639644 0.644905 0.651838 841.000000 1.170385 0.815677
0.679910 0.679447 0.680622 0.683451 0.687967 0.694228 0.702310 0.712320 0.724389 0.738685 0.755412 0.774825 0.797233 0.792299 0.765003 0.741252 0.720614 0.702742 0.687351 0.674208 0.663127 0.653954 0.646567 0.640872 0.636798 0.634293 0.633328 0.633890 0.635987 0.639644 0.644905 0.651838 0.660529 0.671094 0.683677 0.698455 0.715648 0.735526 0.758418 0.784733 0.814973 0.849767 0.889904 0.936387 0.990512 0.961285 0.920097 0.884336 0.853230 0.826161 0.802630 0.782235 0.764648 0.749600 0.736873 0.726292 0.717716 0.711032 0.706157 0.703031 0.701615 0.701892 0.703866 0.707560 0.713020 0.720314 0.729535 0.740802 0.754268 0.757377 0.744306 0.733415 0.724559 0.717622 0.712517 0.709180 0.707572 0.707671 0.709480 0.713021 0.718336 0.725492 0.734579 0.745717 0.751612 0.732428 0.715881 0.701719 0.689735 0.679764 0.671672 0.665354 0.660732 0.657746 0.656362 0.656562 0.658348 0.661743 0.666787 0.673545 0.682100 0.692566 0.705083 0.719826 0.737013 0.756909 0.779840 0.806206 0.836503 0.871348 0.911513 0.957978 1.000000 0.950761 0.908230 0.871349 0.839290 0.811392 0.787124 0.766057 0.747844 0.732199 0.718892 0.707734 0.698575 0.691294 0.685798 0.682019 841.000000 1.170385 0.815677
0.658348 0.661743 0.666787 0.673545 0.682100 0.692566 0.705083 0.719826 0.737013 0.756909 0.779840 0.806206 0.836503 0.871348 0.911513 0.957978 1.000000 0.950761 0.908230 0.871349 0.839290 0.811392 0.787124 0.766057 0.747844 0.732199 0.718892 0.707734 0.698575 0.691294 0.685798 0.682019 0.679910 0.679447 0.680622 0.683451 0.687967 0.694228 0.702310 0.712320 0.724389 0.738685 0.755412 0.774825 0.797233 0.792299 0.765003 0.741252 0.720614 0.702742 0.687351 0.674208 0.663127 0.653954 0.646567 0.640872 0.636798 0.634293 0.633328 0.633890 0.635987 0.639644 0.644905 0.651838 0.660529 0.671094 0.683677 0.698455 0.715648 0.735526 0.758418 0.784733 0.814973 0.849767 0.889904 0.936387 0.990512 0.961285 0.920097 0.884336 0.853230 0.826161 0.802630 0.782235 0.764648 0.749600 0.736873 0.726292 0.717716 0.711032 0.706157 0.703031 0.701615 0.701892 0.703866 0.707560 0.713020 0.720314 0.729535 0.740802 0.754268 0.757377 0.744306 0.733415 0.724559 0.717622 0.712517 0.709180 0.707572 0.707671 0.709480 0.713021 0.718336 0.725492 0.734579 0.745717 0.751612 0.732428 0.715881 0.701719 0.689735 0.679764 0.671672 0.665354 0.660732 0.657746 0.656362 0.656562 841.000000 1.170385 0.815677
0.787038 0.860786 0.878167 0.824036 0.777956 0.738442 0.704363 0.674844 0.649201 0.626891 0.607478 0.590611 0.576005 0.563430 0.552694 0.543646 0.536159 0.530136 0.525499 0.522189 0.520165 0.519404 0.519896 0.521647 0.524677 0.529025 0.534745 0.541909 0.550613 0.560974 0.573140 0.587291 0.603650 0.622489 0.644144 0.669029 0.697663 0.730696 0.768958 0.794728 0.739629 0.693237 0.653803 0.620027 0.590923 0.565731 0.543856 0.524826 0.508267 0.493873 0.481401 0.470648 0.461453 0.453682 0.447229 0.442006 0.437946 0.434999 0.433128 0.432310 0.432535 0.433806 0.436138 0.439560 0.444114 0.449859 0.456870 0.465241 0.475090 0.486563 0.499838 0.515133 0.532718 0.552925 0.576168 0.602968 0.633983 0.670065 0.712321 0.762225 0.821777 0.893759 0.982154 1.000000 0.898629 0.817707 0.751817 0.697308 0.651633 0.612960 0.579938 0.551554 0.527028 0.505758 0.487266 0.471174 0.457176 0.445028 0.434528 0.425514 0.417852 0.411435 0.406176 0.402006 0.398872 0.396734 0.395568 0.395358 0.396101 0.397808 0.400498 0.404206 0.408977 0.414874 0.421975 0.430377 0.440204 0.451603 0.464757 0.479891 0.497283 0.517275 0.540299 0.566897 0.597764 0.633800 0.676194 0.726541 8216.500000 1.368963 0.583035
0.457176 0.445028 0.434528 0.425514 0.417852 0.411435 0.406176 0.402006 0.398872 0.396734 0.395568 0.395358 0.396101 0.397808 0.400498 0.404206 0.408977 0.414874 0.421975 0.430377 0.440204 0.451603 0.464757 0.479891 0.497283 0.517275 0.540299 0.566897 0.597764 0.633800 0.676194 0.726541 0.787038 0.860786 0.878167 0.824036 0.777956 0.738442 0.704363 0.674844 0.649201 0.626891 0.607478 0.590611 0.576005 0.563430 0.552694 0.543646 0.536159 0.530136 0.525499 0.522189 0.520165 0.519404 0.519896 0.521647 0.524677 0.529025 0.534745 0.541909 0.550613 0.560974 0.573140 0.587291 0.603650 0.622489 0.644144 0.669029 0.697663 0.730696 0.768958 0.794728 0.739629 0.693237 0.653803 0.620027 0.590923 0.565731 0.543856 0.524826 0.508267 0.493873 0.481401 0.470648 0.461453 0.453682 0.447229 0.442006 0.437946 0.434999 0.433128 0.432310 0.432535 0.433806 0.436138 0.439560 0.444114 0.449859 0.456870 0.465241 0.475090 0.486563 0.499838 0.515133 0.532718 0.552925 0.576168 0.602968 0.633983 0.670065 0.712321 0.762225 0.821777 0.893759 0.982154 1.000000 0.898629 0.817707 0.751817 0.697308 0.651633 0.612960 0.579938 0.551554 0.527028 0.505758 0.487266 0.471174 8216.500000 1.368963 0.583035
0.444114 0.449859 0.456870 0.465241 0.475090 0.486563 0.499838 0.515133 0.532718 0.552925 0.576168 0.602968 0.633983 0.670065 0.712321 0.762225 0.821777 0.893759 0.982154 1.000000 0.898629 0.817707 0.751817 0.697308 0.651633 0.612960 0.579938 0.551554 0.527028 0.505758 0.487266 0.471174 0.457176 0.445028 0.434528 0.425514 0.417852 0.411435 0.406176 0.402006 0.398872 0.396734 0.395568 0.395358 0.396101 0.397808 0.400498 0.404206 0.408977 0.414874 0.421975 0.430377 0.440204 0.451603 0.464757 0.479891 0.497283 0.517275 0.540299 0.566897 0.597764 0.633800 0.676194 0.726541 0.787038 0.860786 0.878167 0.824036 0.777956 0.738442 0.704363 0.674844 0.649201 0.626891 0.607478 0.590611 0.576005 0.563430 0.552694 0.543646 0.536159 0.530136 0.525499 0.522189 0.520165 0.519404 0.519896 0.521647 0.524677 0.529025 0.534745 0.541909 0.550613 0.560974 0.573140 0.587291 0.603650 0.622489 0.644144 0.669029 0.697663 0.730696 0.768958 0.794728 0.739629 0.693237 0.653803 0.620027 0.590923 0.565731 0.543856 0.524826 0.508267 0.493873 0.481401 0.470648 0.461453 0.453682 0.447229 0.442006 0.437946 0.434999 0.433128 0.432310 0.432535 0.433806 0.436138 0.439560 8216.500000 1.368963 0.583035
0.603650 0.622489 0.644144 0.669029 0.697663 0.730696 0.768958 0.794728 0.739629 0.693237 0.653803 0.620027 0.590923 0.565731 0.543856 0.524826 0.508267 0.493873 0.481401 0.470648 0.461453 0.453682 0.447229 0.442006 0.437946 0.434999 0.433128 0.432310 0.432535 0.433806 0.436138 0.439560 0.444114 0.449859 0.456870 0.465241 0.475090 0.486563 0.499838 0.515133 0.532718 0.552925 0.576168 0.602968 0.633983 0.670065 0.712321 0.762225 0.821777 0.893759 0.982154 1.000000 0.898629 0.817707 0.751817 0.697308 0.651633 0.612960 0.579938 0.551554 0.527028 0.505758 0.487266 0.471174 0.457176 0.445028 0.434528 0.425514 0.417852 0.411435 0.406176 0.402006 0.398872 0.396734 0.395568 0.395358 0.396101 0.397808 0.400498 0.404206 0.408977 0.414874 0.421975 0.430377 0.440204 0.451603 0.464757 0.479891 0.497283 0.517275 0.540299 0.566897 0.597764 0.633800 0.676194 0.726541 0.787038 0.860786 0.878167 0.824036 0.777956 0.738442 0.704363 0.674844 0.649201 0.626891 0.607478 0.590611 0.576005 0.563430 0.552694 0.543646 0.536159 0.530136 0.525499 0.522189 0.520165 0.519404 0.519896 0.521647 0.524677 0.529025 0.534745 0.541909 0.550613 0.560974 0.573140 0.587291 8216.500000 1.368963 0.583035
0.789643 0.811867 0.837454 0.866863 0.867216 0.865526 0.865924 0.868416 0.873032 0.879828 0.888889 0.900330 0.914301 0.930990 0.950632 0.973517 1.000000 0.969517 0.913937 0.866358 0.825377 0.789916 0.759129 0.732350 0.709047 0.688788 0.671228 0.656081 0.643119 0.632152 0.623028 0.615626 0.609850 0.605627 0.602904 0.601649 0.601846 0.603497 0.606622 0.611261 0.617470 0.618332 0.615835 0.614834 0.615316 0.617287 0.620771 0.625810 0.632469 0.640830 0.651006 0.663133 0.677383 0.693967 0.713146 0.735235 0.760629 0.789809 0.823381 0.862103 0.906939 0.959131 0.945112 0.915827 0.890382 0.868349 0.849377 0.833180 0.819527 0.808230 0.799138 0.792137 0.787136 0.784076 0.782918 0.783649 0.786277 0.790834 0.797376 0.805986 0.816772 0.829878 0.845481 0.863803 0.885116 0.909755 0.922994 0.876417 0.836232 0.801417 0.771169 0.744850 0.721950 0.702057 0.684837 0.670016 0.657374 0.646729 0.637935 0.630877 0.625464 0.621628 0.619321 0.618516 0.619203 0.621390 0.625103 0.630389 0.637314 0.645966 0.656460 0.668938 0.683578 0.700600 0.710523 0.704463 0.700178 0.697616 0.696744 0.697553 0.700052 0.704272 0.710264 0.718105 0.727893 0.739759 0.753864 0.770409 1144.500000 1.348948 0.827736
0.657374 0.646729 0.637935 0.630877 0.625464 0.621628 0.619321 0.618516 0.619203 0.621390 0.625103 0.630389 0.637314 0.645966 0.656460 0.668938 0.683578 0.700600 0.710523 0.704463 0.700178 0.697616 0.696744 0.697553 0.700052 0.704272 0.710264 0.718105 0.727893 0.739759 0.753864 0.770409 0.789643 0.811867 0.837454 0.866863 0.867216 0.865526 0.865924 0.868416 0.873032 0.879828 0.888889 0.900330 0.914301 0.930990 0.950632 0.973517 1.000000 0.969517 0.913937 0.866358 0.825377 0.789916 0.759129 0.732350 0.709047 0.688788 0.671228 0.656081 0.643119 0.632152 0.623028 0.615626 0.609850 0.605627 0.602904 0.601649 0.601846 0.603497 0.606622 0.611261 0.617470 0.618332 0.615835 0.614834 0.615316 0.617287 0.620771 0.625810 0.632469 0.640830 0.651006 0.663133 0.677383 0.693967 0.713146 0.735235 0.760629 0.789809 0.823381 0.862103 0.906939 0.959131 0.945112 0.915827 0.890382 0.868349 0.849377 0.833180 0.819527 0.808230 0.799138 0.792137 0.787136 0.784076 0.782918 0.783649 0.786277 0.790834 0.797376 0.805986 0.816772 0.829878 0.845481 0.863803 0.885116 0.909755 0.922994 0.876417 0.836232 0.801417 0.771169 0.744850 0.721950 0.702057 0.684837 0.670016 1144.500000 1.348948 0.827736
0.890382 0.868349 0.849377 0.833180 0.819527 0.808230 0.799138 0.792137 0.787136 0.784076 0.782918 0.783649 0.786277 0.790834 0.797376 0.805986 0.816772 0.829878 0.845481 0.863803 0.885116 0.909755 0.922994 0.876417 0.836232 0.801417 0.771169 0.744850 0.721950 0.702057 0.684837 0.670016 0.657374 0.646729 0.637935 0.630877 0.625464 0.621628 0.619321 0.618516 0.619203 0.621390 0.625103 0.630389 0.637314 0.645966 0.656460 0.668938 0.683578 0.700600 0.710523 0.704463 0.700178 0.697616 0.696744 0.697553 0.700052 0.704272 0.710264 0.718105 0.727893 0.739759 0.753864 0.770409 0.789643 0.811867 0.837454 0.866863 0.867216 0.865526 0.865924 0.868416 0.873032 0.879828 0.888889 0.900330 0.914301 0.930990 0.950632 0.973517 1.000000 0.969517 0.913937 0.866358 0.825377 0.789916 0.759129 0.732350 0.709047 0.688788 0.671228 0.656081 0.643119 0.632152 0.623028 0.615626 0.609850 0.605627 0.602904 0.601649 0.601846 0.603497 0.606622 0.611261 0.617470 0.618332 0.615835 0.614834 0.615316 0.617287 0.620771 0.625810 0.632469 0.640830 0.651006 0.663133 0.677383 0.693967 0.713146 0.735235 0.760629 0.789809 0.823381 0.862103 0.906939 0.959131 0.945112 0.915827 1144.500000 1.348948 0.827736
0.609850 0.605627 0.602904 0.601649 0.601846 0.603497 0.606622 0.611261 0.617470 0.618332 0.615835 0.614834 0.615316 0.617287 0.620771 0.625810 0.632469 0.640830 0.651006 0.663133 0.677383 0.693967 0.713146 0.735235 0.760629 0.789809 0.823381 0.862103 0.906939 0.959131 0.945112 0.915827 0.890382 0.868349 0.849377 0.833180 0.819527 0.808230 0.799138 0.792137 0.787136 0.784076 0.782918 0.783649 0.786277 0.790834 0.797376 0.805986 0.816772 0.829878 0.845481 0.863803 0.885116 0.909755 0.922994 0.876417 0.836232 0.801417 0.771169 0.744850 0.721950 0.702057 0.684837 0.670016 0.657374 0.646729 0.637935 0.630877 0.625464 0.621628 0.619321 0.618516 0.619203 0.621390 0.625103 0.630389 0.637314 0.645966 0.656460 0.668938 0.683578 0.700600 0.710523 0.704463 0.700178 0.697616 0.696744 0.697553 0.700052 0.704272 0.710264 0.718105 0.727893 0.739759 0.753864 0.770409 0.789643 0.811867 0.837454 0.866863 0.867216 0.865526 0.865924 0.868416 0.873032 0.879828 0.888889 0.900330 0.914301 0.930990 0.950632 0.973517 1.000000 0.969517 0.913937 0.866358 0.825377 0.789916 0.759129 0.732350 0.709047 0.688788 0.671228 0.656081 0.643119 0.632152 0.623028 0.615626 1144.500000 1.348948 0.827736
0.849048 0.793746 0.746898 0.706880 0.672469 0.642730 0.616933 0.594503 0.574984 0.558008 0.543276 0.530548 0.519626 0.510349 0.502586 0.496234 0.491210 0.487448 0.484903 0.483543 0.483352 0.484328 0.486481 0.489840 0.494444 0.500353 0.507642 0.516409 0.526776 0.538893 0.552943 0.569154 0.587802 0.609232 0.633867 0.662242 0.695029 0.733090 0.777543 0.829863 0.892035 0.954281 0.888632 0.833312 0.786260 0.745938 0.711180 0.681084 0.654946 0.632207 0.612420 0.595224 0.580327 0.567492 0.556523 0.547264 0.539587 0.533390 0.528592 0.525133 0.522971 0.522080 0.522448 0.524079 0.526995 0.531230 0.536838 0.543889 0.552477 0.562718 0.574757 0.588771 0.604980 0.623651 0.645115 0.669780 0.698155 0.730880 0.768766 0.812860 0.864529 0.925594 0.942689 0.871139 0.811501 0.761222 0.718440 0.681766 0.650144 0.622760 0.598974 0.578279 0.560272 0.544625 0.531072 0.519399 0.509429 0.501018 0.494052 0.488437 0.484101 0.480990 0.479066 0.478305 0.478698 0.480249 0.482977 0.486917 0.492117 0.498643 0.506581 0.516039 0.527152 0.540083 0.555036 0.572257 0.592054 0.614804 0.640978 0.671168 0.706128 0.746828 0.794539 0.850950 0.918366 1.000000 0.994662 0.915001 1652.000000 1.113862 0.601994
0.509429 0.501018 0.494052 0.488437 0.484101 0.480990 0.479066 0.478305 0.478698 0.480249 0.482977 0.486917 0.492117 0.498643 0.506581 0.516039 0.527152 0.540083 0.555036 0.572257 0.592054 0.614804 0.640978 0.671168 0.706128 0.746828 0.794539 0.850950 0.918366 1.000000 0.994662 0.915001 0.849048 0.793746 0.746898 0.706880 0.672469 0.642730 0.616933 0.594503 0.574984 0.558008 0.543276 0.530548 0.519626 0.510349 0.502586 0.496234 0.491210 0.487448 0.484903 0.483543 0.483352 0.484328 0.486481 0.489840 0.494444 0.500353 0.507642 0.516409 0.526776 0.538893 0.552943 0.569154 0.587802 0.609232 0.633867 0.662242 0.695029 0.733090 0.777543 0.829863 0.892035 0.954281 0.888632 0.833312 0.786260 0.745938 0.711180 0.681084 0.654946 0.632207 0.612420 0.595224 0.580327 0.567492 0.556523 0.547264 0.539587 0.533390 0.528592 0.525133 0.522971 0.522080 0.522448 0.524079 0.526995 0.531230 0.536838 0.543889 0.552477 0.562718 0.574757 0.588771 0.604980 0.623651 0.645115 0.669780 0.698155 0.730880 0.768766 0.812860 0.864529 0.925594 0.942689 0.871139 0.811501 0.761222 0.718440 0.681766 0.650144 0.622760 0.598974 0.578279 0.560272 0.544625 0.531072 0.519399 1652.000000 1.113862 0.601994
0.526995 0.531230 0.536838 0.543889 0.552477 0.562718 0.574757 0.588771 0.604980 0.623651 0.645115 0.669780 0.698155 0.730880 0.768766 0.812860 0.864529 0.925594 0.942689 0.871139 0.811501 0.761222 0.718440 0.681766 0.650144 0.622760 0.598974 0.578279 0.560272 0.544625 0.531072 0.519399 0.509429 0.501018 0.494052 0.488437 0.484101 0.480990 0.479066 0.478305 0.478698 0.480249 0.482977 0.486917 0.492117 0.498643 0.506581 0.516039 0.527152 0.540083 0.555036 0.572257 0.592054 0.614804 0.640978 0.671168 0.706128 0.746828 0.794539 0.850950 0.918366 1.000000 0.994662 0.915001 0.849048 0.793746 0.746898 0.706880 0.672469 0.642730 0.616933 0.594503 0.574984 0.558008 0.543276 0.530548 0.519626 0.510349 0.502586 0.496234 0.491210 0.487448 0.484903 0.483543 0.483352 0.484328 0.486481 0.489840 0.494444 0.500353 0.507642 0.516409 0.526776 0.538893 0.552943 0.569154 0.587802 0.609232 0.633867 0.662242 0.695029 0.733090 0.777543 0.829863 0.892035 0.954281 0.888632 0.833312 0.786260 0.745938 0.711180 0.681084 0.654946 0.632207 0.612420 0.595224 0.580327 0.567492 0.556523 0.547264 0.539587 0.533390 0.528592 0.525133 0.522971 0.522080 0.522448 0.524079 1652.000000 1.113862 0.601994
0.587802 0.609232 0.633867 0.662242 0.695029 0.733090 0.777543 0.829863 0.892035 0.954281 0.888632 0.833312 0.786260 0.745938 0.711180 0.681084 0.654946 0.632207 0.612420 0.595224 0.580327 0.567492 0.556523 0.547264 0.539587 0.533390 0.528592 0.525133 0.522971 0.522080 0.522448 0.524079 0.526995 0.531230 0.536838 0.543889 0.552477 0.562718 0.574757 0.588771 0.604980 0.623651 0.645115 0.669780 0.698155 0.730880 0.768766 0.812860 0.864529 0.925594 0.942689 0.871139 0.811501 0.761222 0.718440 0.681766 0.650144 0.622760 0.598974 0.578279 0.560272 0.544625 0.531072 0.519399 0.509429 0.501018 0.494052 0.488437 0.484101 0.480990 0.479066 0.478305 0.478698 0.480249 0.482977 0.486917 0.492117 0.498643 0.506581 0.516039 0.527152 0.540083 0.555036 0.572257 0.592054 0.614804 0.640978 0.671168 0.706128 0.746828 0.794539 0.850950 0.918366 1.000000 0.994662 0.915001 0.849048 0.793746 0.746898 0.706880 0.672469 0.642730 0.616933 0.594503 0.574984 0.558008 0.543276 0.530548 0.519626 0.510349 0.502586 0.496234 0.491210 0.487448 0.484903 0.483543 0.483352 0.484328 0.486481 0.489840 0.494444 0.500353 0.507642 0.516409 0.526776 0.538893 0.552943 0.569154 1652.000000 1.113862 0.601994
0.738714 0.720229 0.704302 0.690691 0.679202 0.669676 0.661986 0.656034 0.651743 0.649062 0.647957 0.648415 0.650443 0.654063 0.659321 0.666283 0.675037 0.685698 0.698410 0.698550 0.689780 0.682852 0.677678 0.674194 0.672357 0.672145 0.673555 0.676604 0.681331 0.687792 0.696070 0.706271 0.718533 0.733026 0.749959 0.769590 0.792237 0.804307 0.809409 0.816556 0.825837 0.837373 0.851315 0.867855 0.887230 0.909732 0.935718 0.965627 1.000000 0.999786 0.940295 0.889509 0.845861 0.808152 0.775451 0.747022 0.722283 0.700764 0.682086 0.665940 0.652075 0.640287 0.630410 0.622309 0.615878 0.615095 0.616482 0.619372 0.623798 0.629816 0.637502 0.646957 0.658305 0.671706 0.687354 0.705488 0.726403 0.750459 0.778102 0.809884 0.842697 0.818136 0.796832 0.778437 0.762668 0.749294 0.738129 0.729022 0.721855 0.716537 0.713001 0.711206 0.707338 0.701337 0.697103 0.694583 0.693747 0.694583 0.697103 0.701337 0.707338 0.715180 0.724963 0.736818 0.750906 0.767428 0.786631 0.808818 0.834362 0.863720 0.897461 0.936292 0.915597 0.894247 0.875932 0.860384 0.847384 0.836757 0.828363 0.822098 0.817882 0.815664 0.815417 0.817138 0.820848 0.812824 0.784607 0.760053 6598.500000 1.214356 0.841288
0.693747 0.694583 0.697103 0.701337 0.707338 0.715180 0.724963 0.736818 0.750906 0.767428 0.786631 0.808818 0.834362 0.863720 0.897461 0.936292 0.915597 0.894247 0.875932 0.860384 0.847384 0.836757 0.828363 0.822098 0.817882 0.815664 0.815417 0.817138 0.820848 0.812824 0.784607 0.760053 0.738714 0.720229 0.704302 0.690691 0.679202 0.669676 0.661986 0.656034 0.651743 0.649062 0.647957 0.648415 0.650443 0.654063 0.659321 0.666283 0.675037 0.685698 0.698410 0.698550 0.689780 0.682852 0.677678 0.674194 0.672357 0.672145 0.673555 0.676604 0.681331 0.687792 0.696070 0.706271 0.718533 0.733026 0.749959 0.769590 0.792237 0.804307 0.809409 0.816556 0.825837 0.837373 0.851315 0.867855 0.887230 0.909732 0.935718 0.965627 1.000000 0.999786 0.940295 0.889509 0.845861 0.808152 0.775451 0.747022 0.722283 0.700764 0.682086 0.665940 0.652075 0.640287 0.630410 0.622309 0.615878 0.615095 0.616482 0.619372 0.623798 0.629816 0.637502 0.646957 0.658305 0.671706 0.687354 0.705488 0.726403 0.750459 0.778102 0.809884 0.842697 0.818136 0.796832 0.778437 0.762668 0.749294 0.738129 0.729022 0.721855 0.716537 0.713001 0.711206 0.707338 0.701337 0.697103 0.694583 6598.500000 1.214356 0.841288
0.615878 0.615095 0.616482 0.619372 0.623798 0.629816 0.637502 0.646957 0.658305 0.671706 0.687354 0.705488 0.726403 0.750459 0.778102 0.809884 0.842697 0.818136 0.796832 0.778437 0.762668 0.749294 0.738129 0.729022 0.721855 0.716537 0.713001 0.711206 0.707338 0.701337 0.697103 0.694583 0.693747 0.694583 0.697103 0.701337 0.707338 0.715180 0.724963 0.736818 0.750906 0.767428 0.786631 0.808818 0.834362 0.863720 0.897461 0.936292 0.915597 0.894247 0.875932 0.860384 0.847384 0.836757 0.828363 0.822098 0.817882 0.815664 0.815417 0.817138 0.820848 0.812824 0.784607 0.760053 0.738714 0.720229 0.704302 0.690691 0.679202 0.669676 0.661986 0.656034 0.651743 0.649062 0.647957 0.648415 0.650443 0.654063 0.659321 0.666283 0.675037 0.685698 0.698410 0.698550 0.689780 0.682852 0.677678 0.674194 0.672357 0.672145 0.673555 0.676604 0.681331 0.687792 0.696070 0.706271 0.718533 0.733026 0.749959 0.769590 0.792237 0.804307 0.809409 0.816556 0.825837 0.837373 0.851315 0.867855 0.887230 0.909732 0.935718 0.965627 1.000000 0.999786 0.940295 0.889509 0.845861 0.808152 0.775451 0.747022 0.722283 0.700764 0.682086 0.665940 0.652075 0.640287 0.630410 0.622309 6598.500000 1.214356 0.841288
0.718533 0.733026 0.749959 0.769590 0.792237 0.804307 0.809409 0.816556 0.825837 0.837373 0.851315 0.867855 0.887230 0.909732 0.935718 0.965627 1.000000 0.999786 0.940295 0.889509 0.845861 0.808152 0.775451 0.747022 0.722283 0.700764 0.682086 0.665940 0.652075 0.640287 0.630410 0.622309 0.615878 0.615095 0.616482 0.619372 0.623798 0.629816 0.637502 0.646957 0.658305 0.671706 0.687354 0.705488 0.726403 0.750459 0.778102 0.809884 0.842697 0.818136 0.796832 0.778437 0.762668 0.749294 0.738129 0.729022 0.721855 0.716537 0.713001 0.711206 0.707338 0.701337 0.697103 0.694583 0.693747 0.694583 0.697103 0.701337 0.707338 0.715180 0.724963 0.736818 0.750906 0.767428 0.786631 0.808818 0.834362 0.863720 0.897461 0.936292 0.915597 0.894247 0.875932 0.860384 0.847384 0.836757 0.828363 0.822098 0.817882 0.815664 0.815417 0.817138 0.820848 0.812824 0.784607 0.760053 0.738714 0.720229 0.704302 0.690691 0.679202 0.669676 0.661986 0.656034 0.651743 0.649062 0.647957 0.648415 0.650443 0.654063 0.659321 0.666283 0.675037 0.685698 0.698410 0.698550 0.689780 0.682852 0.677678 0.674194 0.672357 0.672145 0.673555 0.676604 0.681331 0.687792 0.696070 0.706271 6598.500000 1.214356 0.841288
0.790086 0.810025 0.810546 0.813028 0.817501 0.824019 0.832664 0.843546 0.856807 0.872628 0.891232 0.912893 0.937950 0.966816 1.000000 0.958102 0.879605 0.814812 0.760616 0.714794 0.675715 0.642154 0.613177 0.588057 0.566225 0.547227 0.530700 0.516349 0.503935 0.493266 0.484180 0.476551 0.470274 0.464387 0.459678 0.456151 0.453764 0.452485 0.452300 0.453207 0.455216 0.458353 0.462655 0.468177 0.474991 0.483187 0.492879 0.504208 0.517345 0.532502 0.548967 0.567780 0.589399 0.614268 0.642945 0.676140 0.714764 0.760010 0.813464 0.877279 0.954454 0.956525 0.928147 0.903519 0.882234 0.863963 0.848435 0.835433 0.824780 0.816338 0.809998 0.805681 0.803336 0.802933 0.804467 0.807958 0.813447 0.821002 0.830720 0.842724 0.857176 0.874275 0.847459 0.778384 0.721328 0.673577 0.633187 0.598727 0.569124 0.543559 0.521394 0.506181 0.498838 0.492875 0.488216 0.484800 0.482587 0.481549 0.481673 0.482961 0.485428 0.489105 0.494037 0.500288 0.507938 0.517090 0.527874 0.540447 0.555002 0.571779 0.591071 0.613238 0.638732 0.668117 0.702109 0.706331 0.701927 0.699252 0.698274 0.698979 0.701378 0.705498 0.711391 0.719131 0.728815 0.740573 0.754564 0.770987 16776.500000 1.408813 0.729409
0.482587 0.481549 0.481673 0.482961 0.485428 0.489105 0.494037 0.500288 0.507938 0.517090 0.527874 0.540447 0.555002 0.571779 0.591071 0.613238 0.638732 0.668117 0.702109 0.706331 0.701927 0.699252 0.698274 0.698979 0.701378 0.705498 0.711391 0.719131 0.728815 0.740573 0.754564 0.770987 0.790086 0.810025 0.810546 0.813028 0.817501 0.824019 0.832664 0.843546 0.856807 0.872628 0.891232 0.912893 0.937950 0.966816 1.000000 0.958102 0.879605 0.814812 0.760616 0.714794 0.675715 0.642154 0.613177 0.588057 0.566225 0.547227 0.530700 0.516349 0.503935 0.493266 0.484180 0.476551 0.470274 0.464387 0.459678 0.456151 0.453764 0.452485 0.452300 0.453207 0.455216 0.458353 0.462655 0.468177 0.474991 0.483187 0.492879 0.504208 0.517345 0.532502 0.548967 0.567780 0.589399 0.614268 0.642945 0.676140 0.714764 0.760010 0.813464 0.877279 0.954454 0.956525 0.928147 0.903519 0.882234 0.863963 0.848435 0.835433 0.824780 0.816338 0.809998 0.805681 0.803336 0.802933 0.804467 0.807958 0.813447 0.821002 0.830720 0.842724 0.857176 0.874275 0.847459 0.778384 0.721328 0.673577 0.633187 0.598727 0.569124 0.543559 0.521394 0.506181 0.498838 0.492875 0.488216 0.484800 16776.500000 1.408813 0.729409
0.882234 0.863963 0.848435 0.835433 0.824780 0.816338 0.809998 0.805681 0.803336 0.802933 0.804467 0.807958 0.813447 0.821002 0.830720 0.842724 0.857176 0.874275 0.847459 0.778384 0.721328 0.673577 0.633187 0.598727 0.569124 0.543559 0.521394 0.506181 0.498838 0.492875 0.488216 0.484800 0.482587 0.481549 0.481673 0.482961 0.485428 0.489105 0.494037 0.500288 0.507938 0.517090 0.527874 0.540447 0.555002 0.571779 0.591071 0.613238 0.638732 0.668117 0.702109 0.706331 0.701927 0.699252 0.698274 0.698979 0.701378 0.705498 0.711391 0.719131 0.728815 0.740573 0.754564 0.770987 0.790086 0.810025 0.810546 0.813028 0.817501 0.824019 0.832664 0.843546 0.856807 0.872628 0.891232 0.912893 0.937950 0.966816 1.000000 0.958102 0.879605 0.814812 0.760616 0.714794 0.675715 0.642154 0.613177 0.588057 0.566225 0.547227 0.530700 0.516349 0.503935 0.493266 0.484180 0.476551 0.470274 0.464387 0.459678 0.456151 0.453764 0.452485 0.452300 0.453207 0.455216 0.458353 0.462655 0.468177 0.474991 0.483187 0.492879 0.504208 0.517345 0.532502 0.548967 0.567780 0.589399 0.614268 0.642945 0.676140 0.714764 0.760010 0.813464 0.877279 0.954454 0.956525 0.928147 0.903519 16776.500000 1.408813 0.729409
0.470274 0.464387 0.459678 0.456151 0.453764 0.452485 0.452300 0.453207 0.455216 0.458353 0.462655 0.468177 0.474991 0.483187 0.492879 0.504208 0.517345 0.532502 0.548967 0.567780 0.589399 0.614268 0.642945 0.676140 0.714764 0.760010 0.813464 0.877279 0.954454 0.956525 0.928147 0.903519 0.882234 0.863963 0.848435 0.835433 0.824780 0.816338 0.809998 0.805681 0.803336 0.802933 0.804467 0.807958 0.813447 0.821002 0.830720 0.842724 0.857176 0.874275 0.847459 0.778384 0.721328 0.673577 0.633187 0.598727 0.569124 0.543559 0.521394 0.506181 0.498838 0.492875 0.488216 0.484800 0.482587 0.481549 0.481673 0.482961 0.485428 0.489105 0.494037 0.500288 0.507938 0.517090 0.527874 0.540447 0.555002 0.571779 0.591071 0.613238 0.638732 0.668117 0.702109 0.706331 0.701927 0.699252 0.698274 0.698979 0.701378 0.705498 0.711391 0.719131 0.728815 0.740573 0.754564 0.770987 0.790086 0.810025 0.810546 0.813028 0.817501 0.824019 0.832664 0.843546 0.856807 0.872628 0.891232 0.912893 0.937950 0.966816 1.000000 0.958102 0.879605 0.814812 0.760616 0.714794 0.675715 0.642154 0.613177 0.588057 0.566225 0.547227 0.530700 0.516349 0.503935 0.493266 0.484180 0.476551 16776.500000 1.408813 0.729409
0.572590 0.573922 0.576652 0.580656 0.582118 0.585001 0.589339 0.595186 0.602617 0.611728 0.622642 0.635511 0.650524 0.667911 0.687956 0.711007 0.737495 0.767955 0.781534 0.778452 0.777258 0.777940 0.780504 0.784983 0.791432 0.799930 0.810586 0.823541 0.838971 0.857095 0.878181 0.902560 0.930637 0.962911 1.000000 0.968145 0.899276 0.841447 0.792399 0.750463 0.714377 0.683173 0.656095 0.632547 0.612055 0.597664 0.595459 0.594698 0.595371 0.597487 0.601071 0.606167 0.612840 0.621174 0.631280 0.643295 0.657392 0.673779 0.692716 0.710410 0.696374 0.684499 0.674620 0.666605 0.660351 0.655778 0.652830 0.651470 0.651683 0.653471 0.656856 0.661878 0.668601 0.677110 0.687516 0.699960 0.704261 0.699906 0.697274 0.696332 0.697070 0.699497 0.703642 0.709556 0.717312 0.727011 0.738780 0.752780 0.769209 0.788313 0.810392 0.835815 0.865036 0.898618 0.892469 0.868834 0.848409 0.830879 0.815984 0.803515 0.793304 0.785218 0.779152 0.775033 0.772808 0.772452 0.773960 0.777350 0.782664 0.789968 0.799352 0.810940 0.791770 0.757181 0.727165 0.701063 0.678347 0.658594 0.641461 0.626668 0.613987 0.603234 0.594258 0.586939 0.581181 0.576911 0.574076 0.572642 6896.500000 1.247786 0.825161
0.848409 0.830879 0.815984 0.803515 0.793304 0.785218 0.779152 0.775033 0.772808 0.772452 0.773960 0.777350 0.782664 0.789968 0.799352 0.810940 0.791770 0.757181 0.727165 0.701063 0.678347 0.658594 0.641461 0.626668 0.613987 0.603234 0.594258 0.586939 0.581181 0.576911 0.574076 0.572642 0.572590 0.573922 0.576652 0.580656 0.582118 0.585001 0.589339 0.595186 0.602617 0.611728 0.622642 0.635511 0.650524 0.667911 0.687956 0.711007 0.737495 0.767955 0.781534 0.778452 0.777258 0.777940 0.780504 0.784983 0.791432 0.799930 0.810586 0.823541 0.838971 0.857095 0.878181 0.902560 0.930637 0.962911 1.000000 0.968145 0.899276 0.841447 0.792399 0.750463 0.714377 0.683173 0.656095 0.632547 0.612055 0.597664 0.595459 0.594698 0.595371 0.597487 0.601071 0.606167 0.612840 0.621174 0.631280 0.643295 0.657392 0.673779 0.692716 0.710410 0.696374 0.684499 0.674620 0.666605 0.660351 0.655778 0.652830 0.651470 0.651683 0.653471 0.656856 0.661878 0.668601 0.677110 0.687516 0.699960 0.704261 0.699906 0.697274 0.696332 0.697070 0.699497 0.703642 0.709556 0.717312 0.727011 0.738780 0.752780 0.769209 0.788313 0.810392 0.835815 0.865036 0.898618 0.892469 0.868834 6896.500000 1.247786 0.825161
0.660351 0.655778 0.652830 0.651470 0.651683 0.653471 0.656856 0.661878 0.668601 0.677110 0.687516 0.699960 0.704261 0.699906 0.697274 0.696332 0.697070 0.699497 0.703642 0.709556 0.717312 0.727011 0.738780 0.752780 0.769209 0.788313 0.810392 0.835815 0.865036 0.898618 0.892469 0.868834 0.848409 0.830879 0.815984 0.803515 0.793304 0.785218 0.779152 0.775033 0.772808 0.772452 0.773960 0.777350 0.782664 0.789968 0.799352 0.810940 0.791770 0.757181 0.727165 0.701063 0.678347 0.658594 0.641461 0.626668 0.613987 0.603234 0.594258 0.586939 0.581181 0.576911 0.574076 0.572642 0.572590 0.573922 0.576652 0.580656 0.582118 0.585001 0.589339 0.595186 0.602617 0.611728 0.622642 0.635511 0.650524 0.667911 0.687956 0.711007 0.737495 0.767955 0.781534 0.778452 0.777258 0.777940 0.780504 0.784983 0.791432 0.799930 0.810586 0.823541 0.838971 0.857095 0.878181 0.902560 0.930637 0.962911 1.000000 0.968145 0.899276 0.841447 0.792399 0.750463 0.714377 0.683173 0.656095 0.632547 0.612055 0.597664 0.595459 0.594698 0.595371 0.597487 0.601071 0.606167 0.612840 0.621174 0.631280 0.643295 0.657392 0.673779 0.692716 0.710410 0.696374 0.684499 0.674620 0.666605 6896.500000 1.247786 0.825161
0.930637 0.962911 1.000000 0.968145 0.899276 0.841447 0.792399 0.750463 0.714377 0.683173 0.656095 0.632547 0.612055 0.597664 0.595459 0.594698 0.595371 0.597487 0.601071 0.606167 0.612840 0.621174 0.631280 0.643295 0.657392 0.673779 0.692716 0.710410 0.696374 0.684499 0.674620 0.666605 0.660351 0.655778 0.652830 0.651470 0.651683 0.653471 0.656856 0.661878 0.668601 0.677110 0.687516 0.699960 0.704261 0.699906 0.697274 0.696332 0.697070 0.699497 0.703642 0.709556 0.717312 0.727011 0.738780 0.752780 0.769209 0.788313 0.810392 0.835815 0.865036 0.898618 0.892469 0.868834 0.848409 0.830879 0.815984 0.803515 0.793304 0.785218 0.779152 0.775033 0.772808 0.772452 0.773960 0.777350 0.782664 0.789968 0.799352 0.810940 0.791770 0.757181 0.727165 0.701063 0.678347 0.658594 0.641461 0.626668 0.613987 0.603234 0.594258 0.586939 0.581181 0.576911 0.574076 0.572642 0.572590 0.573922 0.576652 0.580656 0.582118 0.585001 0.589339 0.595186 0.602617 0.611728 0.622642 0.635511 0.650524 0.667911 0.687956 0.711007 0.737495 0.767955 0.781534 0.778452 0.777258 0.777940 0.780504 0.784983 0.791432 0.799930 0.810586 0.823541 0.838971 0.857095 0.878181 0.902560 6896.500000 1.247786 0.825161
0.958285 0.913052 0.870551 0.833749 0.801787 0.773980 0.749783 0.728755 0.710540 0.694846 0.681437 0.670119 0.660737 0.653165 0.647308 0.643089 0.640458 0.639383 0.639850 0.641865 0.645453 0.648731 0.652368 0.657640 0.664611 0.673371 0.684035 0.696748 0.711689 0.729080 0.749193 0.772360 0.798992 0.813767 0.807340 0.802933 0.800492 0.799987 0.801413 0.804785 0.810146 0.817562 0.827126 0.838961 0.853225 0.870115 0.889874 0.912802 0.939265 0.969714 0.953220 0.917383 0.886201 0.859070 0.835504 0.815108 0.797559 0.782596 0.770005 0.759614 0.751285 0.744911 0.740414 0.737738 0.736849 0.734142 0.707505 0.684324 0.664164 0.646670 0.631557 0.618590 0.607580 0.598370 0.590838 0.584885 0.586394 0.590202 0.595503 0.602365 0.610876 0.621149 0.633325 0.647579 0.664126 0.683230 0.705215 0.730481 0.759521 0.792956 0.831566 0.876346 0.928589 0.989992 1.000000 0.958084 0.921672 0.889992 0.862425 0.838475 0.817735 0.799877 0.784633 0.771783 0.761151 0.752597 0.746010 0.741307 0.738432 0.731704 0.725142 0.720416 0.717469 0.716265 0.716788 0.719046 0.723065 0.728895 0.736609 0.746306 0.758111 0.772187 0.788731 0.807988 0.830260 0.855915 0.885406 0.919297 1593.000000 1.117935 0.805024
0.921672 0.889992 0.862425 0.838475 0.817735 0.799877 0.784633 0.771783 0.761151 0.752597 0.746010 0.741307 0.738432 0.731704 0.725142 0.720416 0.717469 0.716265 0.716788 0.719046 0.723065 0.728895 0.736609 0.746306 0.758111 0.772187 0.788731 0.807988 0.830260 0.855915 0.885406 0.919297 0.958285 0.913052 0.870551 0.833749 0.801787 0.773980 0.749783 0.728755 0.710540 0.694846 0.681437 0.670119 0.660737 0.653165 0.647308 0.643089 0.640458 0.639383 0.639850 0.641865 0.645453 0.648731 0.652368 0.657640 0.664611 0.673371 0.684035 0.696748 0.711689 0.729080 0.749193 0.772360 0.798992 0.813767 0.807340 0.802933 0.800492 0.799987 0.801413 0.804785 0.810146 0.817562 0.827126 0.838961 0.853225 0.870115 0.889874 0.912802 0.939265 0.969714 0.953220 0.917383 0.886201 0.859070 0.835504 0.815108 0.797559 0.782596 0.770005 0.759614 0.751285 0.744911 0.740414 0.737738 0.736849 0.734142 0.707505 0.684324 0.664164 0.646670 0.631557 0.618590 0.607580 0.598370 0.590838 0.584885 0.586394 0.590202 0.595503 0.602365 0.610876 0.621149 0.633325 0.647579 0.664126 0.683230 0.705215 0.730481 0.759521 0.792956 0.831566 0.876346 0.928589 0.989992 1.000000 0.958084 1593.000000 1.117935 0.805024
0.736849 0.734142 0.707505 0.684324 0.664164 0.646670 0.631557 0.618590 0.607580 0.598370 0.590838 0.584885 0.586394 0.590202 0.595503 0.602365 0.610876 0.621149 0.633325 0.647579 0.664126 0.683230 0.705215 0.730481 0.759521 0.792956 0.831566 0.876346 0.928589 0.989992 1.000000 0.958084 0.921672 0.889992 0.862425 0.838475 0.817735 0.799877 0.784633 0.771783 0.761151 0.752597 0.746010 0.741307 0.738432 0.731704 0.725142 0.720416 0.717469 0.716265 0.716788 0.719046 0.723065 0.728895 0.736609 0.746306 0.758111 0.772187 0.788731 0.807988 0.830260 0.855915 0.885406 0.919297 0.958285 0.913052 0.870551 0.833749 0.801787 0.773980 0.749783 0.728755 0.710540 0.694846 0.681437 0.670119 0.660737 0.653165 0.647308 0.643089 0.640458 0.639383 0.639850 0.641865 0.645453 0.648731 0.652368 0.657640 0.664611 0.673371 0.684035 0.696748 0.711689 0.729080 0.749193 0.772360 0.798992 0.813767 0.807340 0.802933 0.800492 0.799987 0.801413 0.804785 0.810146 0.817562 0.827126 0.838961 0.853225 0.870115 0.889874 0.912802 0.939265 0.969714 0.953220 0.917383 0.886201 0.859070 0.835504 0.815108 0.797559 0.782596 0.770005 0.759614 0.751285 0.744911 0.740414 0.737738 1593.000000 1.117935 0.805024
0.798992 0.813767 0.807340 0.802933 0.800492 0.799987 0.801413 0.804785 0.810146 0.817562 0.827126 0.838961 0.853225 0.870115 0.889874 0.912802 0.939265 0.969714 0.953220 0.917383 0.886201 0.859070 0.835504 0.815108 0.797559 0.782596 0.770005 0.759614 0.751285 0.744911 0.740414 0.737738 0.736849 0.734142 0.707505 0.684324 0.664164 0.646670 0.631557 0.618590 0.607580 0.598370 0.590838 0.584885 0.586394 0.590202 0.595503 0.602365 0.610876 0.621149 0.633325 0.647579 0.664126 0.683230 0.705215 0.730481 0.759521 0.792956 0.831566 0.876346 0.928589 0.989992 1.000000 0.958084 0.921672 0.889992 0.862425 0.838475 0.817735 0.799877 0.784633 0.771783 0.761151 0.752597 0.746010 0.741307 0.738432 0.731704 0.725142 0.720416 0.717469 0.716265 0.716788 0.719046 0.723065 0.728895 0.736609 0.746306 0.758111 0.772187 0.788731 0.807988 0.830260 0.855915 0.885406 0.919297 0.958285 0.913052 0.870551 0.833749 0.801787 0.773980 0.749783 0.728755 0.710540 0.694846 0.681437 0.670119 0.660737 0.653165 0.647308 0.643089 0.640458 0.639383 0.639850 0.641865 0.645453 0.648731 0.652368 0.657640 0.664611 0.673371 0.684035 0.696748 0.711689 0.729080 0.749193 0.772360 1593.000000 1.117935 0.805024
0.903651 0.867014 0.835167 0.807452 0.783345 0.762418 0.744327 0.728790 0.715577 0.704501 0.695413 0.688193 0.682750 0.679014 0.676942 0.676506 0.677703 0.680547 0.685072 0.691334 0.699412 0.701409 0.684132 0.669258 0.656567 0.645874 0.637034 0.629930 0.624470 0.620587 0.618232 0.617376 0.618009 0.620139 0.623792 0.629012 0.635866 0.644440 0.654847 0.667230 0.681764 0.698667 0.718203 0.740698 0.766555 0.777309 0.760765 0.746671 0.734828 0.725074 0.717281 0.711350 0.707205 0.704797 0.704095 0.705092 0.707799 0.712249 0.718498 0.726623 0.736729 0.748950 0.763454 0.780448 0.800187 0.822984 0.849225 0.879382 0.914043 0.953941 1.000000 0.952703 0.895555 0.846800 0.804919 0.768749 0.737391 0.710134 0.686415 0.665782 0.647868 0.632376 0.619065 0.607736 0.598230 0.590417 0.584194 0.579483 0.576225 0.574378 0.573922 0.574850 0.577174 0.580922 0.585514 0.586975 0.589868 0.594229 0.600111 0.607588 0.616760 0.627747 0.640705 0.655822 0.673332 0.693518 0.716732 0.743407 0.741071 0.734174 0.729144 0.725920 0.724461 0.724751 0.726793 0.730612 0.736253 0.743789 0.753314 0.764953 0.778862 0.795239 0.814322 0.836409 0.861861 0.891126 0.924753 0.945899 4607.500000 1.210472 0.822997
0.589868 0.594229 0.600111 0.607588 0.616760 0.627747 0.640705 0.655822 0.673332 0.693518 0.716732 0.743407 0.741071 0.734174 0.729144 0.725920 0.724461 0.724751 0.726793 0.730612 0.736253 0.743789 0.753314 0.764953 0.778862 0.795239 0.814322 0.836409 0.861861 0.891126 0.924753 0.945899 0.903651 0.867014 0.835167 0.807452 0.783345 0.762418 0.744327 0.728790 0.715577 0.704501 0.695413 0.688193 0.682750 0.679014 0.676942 0.676506 0.677703 0.680547 0.685072 0.691334 0.699412 0.701409 0.684132 0.669258 0.656567 0.645874 0.637034 0.629930 0.624470 0.620587 0.618232 0.617376 0.618009 0.620139 0.623792 0.629012 0.635866 0.644440 0.654847 0.667230 0.681764 0.698667 0.718203 0.740698 0.766555 0.777309 0.760765 0.746671 0.734828 0.725074 0.717281 0.711350 0.707205 0.704797 0.704095 0.705092 0.707799 0.712249 0.718498 0.726623 0.736729 0.748950 0.763454 0.780448 0.800187 0.822984 0.849225 0.879382 0.914043 0.953941 1.000000 0.952703 0.895555 0.846800 0.804919 0.768749 0.737391 0.710134 0.686415 0.665782 0.647868 0.632376 0.619065 0.607736 0.598230 0.590417 0.584194 0.579483 0.576225 0.574378 0.573922 0.574850 0.577174 0.580922 0.585514 0.586975 4607.500000 1.210472 0.822997
0.800187 0.822984 0.849225 0.879382 0.914043 0.953941 1.000000 0.952703 0.895555 0.846800 0.804919 0.768749 0.737391 0.710134 0.686415 0.665782 0.647868 0.632376 0.619065 0.607736 0.598230 0.590417 0.584194 0.579483 0.576225 0.574378 0.573922 0.574850 0.577174 0.580922 0.585514 0.586975 0.589868 0.594229 0.600111 0.607588 0.616760 0.627747 0.640705 0.655822 0.673332 0.693518 0.716732 0.743407 0.741071 0.734174 0.729144 0.725920 0.724461 0.724751 0.726793 0.730612 0.736253 0.743789 0.753314 0.764953 0.778862 0.795239 0.814322 0.836409 0.861861 0.891126 0.924753 0.945899 0.903651 0.867014 0.835167 0.807452 0.783345 0.762418 0.744327 0.728790 0.715577 0.704501 0.695413 0.688193 0.682750 0.679014 0.676942 0.676506 0.677703 0.680547 0.685072 0.691334 0.699412 0.701409 0.684132 0.669258 0.656567 0.645874 0.637034 0.629930 0.624470 0.620587 0.618232 0.617376 0.618009 0.620139 0.623792 0.629012 0.635866 0.644440 0.654847 0.667230 0.681764 0.698667 0.718203 0.740698 0.766555 0.777309 0.760765 0.746671 0.734828 0.725074 0.717281 0.711350 0.707205 0.704797 0.704095 0.705092 0.707799 0.712249 0.718498 0.726623 0.736729 0.748950 0.763454 0.780448 4607.500000 1.210472 0.822997
0.618009 0.620139 0.623792 0.629012 0.635866 0.644440 0.654847 0.667230 0.681764 0.698667 0.718203 0.740698 0.766555 0.777309 0.760765 0.746671 0.734828 0.725074 0.717281 0.711350 0.707205 0.704797 0.704095 0.705092 0.707799 0.712249 0.718498 0.726623 0.736729 0.748950 0.763454 0.780448 0.800187 0.822984 0.849225 0.879382 0.914043 0.953941 1.000000 0.952703 0.895555 0.846800 0.804919 0.768749 0.737391 0.710134 0.686415 0.665782 0.647868 0.632376 0.619065 0.607736 0.598230 0.590417 0.584194 0.579483 0.576225 0.574378 0.573922 0.574850 0.577174 0.580922 0.585514 0.586975 0.589868 0.594229 0.600111 0.607588 0.616760 0.627747 0.640705 0.655822 0.673332 0.693518 0.716732 0.743407 0.741071 0.734174 0.729144 0.725920 0.724461 0.724751 0.726793 0.730612 0.736253 0.743789 0.753314 0.764953 0.778862 0.795239 0.814322 0.836409 0.861861 0.891126 0.924753 0.945899 0.903651 0.867014 0.835167 0.807452 0.783345 0.762418 0.744327 0.728790 0.715577 0.704501 0.695413 0.688193 0.682750 0.679014 0.676942 0.676506 0.677703 0.680547 0.685072 0.691334 0.699412 0.701409 0.684132 0.669258 0.656567 0.645874 0.637034 0.629930 0.624470 0.620587 0.618232 0.617376 4607.500000 1.210472 0.822997
0.698453 0.687328 0.678159 0.670827 0.665237 0.661320 0.659026 0.658329 0.659220 0.661710 0.665829 0.671627 0.679178 0.688578 0.699952 0.713456 0.729282 0.747669 0.768907 0.793354 0.821451 0.853742 0.846107 0.835064 0.826270 0.819614 0.815012 0.812407 0.811768 0.813088 0.816382 0.821690 0.829078 0.838639 0.850496 0.864806 0.881766 0.901621 0.924669 0.951278 0.944499 0.891112 0.845365 0.805933 0.771792 0.742141 0.716346 0.693899 0.674392 0.657492 0.642929 0.630484 0.619976 0.611262 0.604224 0.598773 0.594839 0.592375 0.591349 0.604085 0.623851 0.646564 0.672676 0.702749 0.737497 0.777831 0.824935 0.880370 0.900594 0.886501 0.874917 0.865691 0.858704 0.853870 0.851129 0.850448 0.851818 0.847646 0.815749 0.787995 0.763846 0.742871 0.724715 0.709094 0.695772 0.684561 0.675306 0.667886 0.662205 0.660326 0.661615 0.664513 0.669056 0.675299 0.683321 0.693227 0.705147 0.719248 0.735733 0.754853 0.776914 0.802294 0.831460 0.864988 0.903603 0.948217 1.000000 0.991487 0.948190 0.910618 0.877945 0.849510 0.824785 0.803338 0.784822 0.768950 0.755492 0.744259 0.735099 0.727895 0.722555 0.719012 0.717223 0.717166 0.718840 0.722267 0.727219 0.711688 17542.000000 1.041326 0.794687
0.705147 0.719248 0.735733 0.754853 0.776914 0.802294 0.831460 0.864988 0.903603 0.948217 1.000000 0.991487 0.948190 0.910618 0.877945 0.849510 0.824785 0.803338 0.784822 0.768950 0.755492 0.744259 0.735099 0.727895 0.722555 0.719012 0.717223 0.717166 0.718840 0.722267 0.727219 0.711688 0.698453 0.687328 0.678159 0.670827 0.665237 0.661320 0.659026 0.658329 0.659220 0.661710 0.665829 0.671627 0.679178 0.688578 0.699952 0.713456 0.729282 0.747669 0.768907 0.793354 0.821451 0.853742 0.846107 0.835064 0.826270 0.819614 0.815012 0.812407 0.811768 0.813088 0.816382 0.821690 0.829078 0.838639 0.850496 0.864806 0.881766 0.901621 0.924669 0.951278 0.944499 0.891112 0.845365 0.805933 0.771792 0.742141 0.716346 0.693899 0.674392 0.657492 0.642929 0.630484 0.619976 0.611262 0.604224 0.598773 0.594839 0.592375 0.591349 0.604085 0.623851 0.646564 0.672676 0.702749 0.737497 0.777831 0.824935 0.880370 0.900594 0.886501 0.874917 0.865691 0.858704 0.853870 0.851129 0.850448 0.851818 0.847646 0.815749 0.787995 0.763846 0.742871 0.724715 0.709094 0.695772 0.684561 0.675306 0.667886 0.662205 0.660326 0.661615 0.664513 0.669056 0.675299 0.683321 0.693227 17542.000000 1.041326 0.794687
0.737497 0.777831 0.824935 0.880370 0.900594 0.886501 0.874917 0.865691 0.858704 0.853870 0.851129 0.850448 0.851818 0.847646 0.815749 0.787995 0.763846 0.742871 0.724715 0.709094 0.695772 0.684561 0.675306 0.667886 0.662205 0.660326 0.661615 0.664513 0.669056 0.675299 0.683321 0.693227 0.705147 0.719248 0.735733 0.754853 0.776914 0.802294 0.831460 0.864988 0.903603 0.948217 1.000000 0.991487 0.948190 0.910618 0.877945 0.849510 0.824785 0.803338 0.784822 0.768950 0.755492 0.744259 0.735099 0.727895 0.722555 0.719012 0.717223 0.717166 0.718840 0.722267 0.727219 0.711688 0.698453 0.687328 0.678159 0.670827 0.665237 0.661320 0.659026 0.658329 0.659220 0.661710 0.665829 0.671627 0.679178 0.688578 0.699952 0.713456 0.729282 0.747669 0.768907 0.793354 0.821451 0.853742 0.846107 0.835064 0.826270 0.819614 0.815012 0.812407 0.811768 0.813088 0.816382 0.821690 0.829078 0.838639 0.850496 0.864806 0.881766 0.901621 0.924669 0.951278 0.944499 0.891112 0.845365 0.805933 0.771792 0.742141 0.716346 0.693899 0.674392 0.657492 0.642929 0.630484 0.619976 0.611262 0.604224 0.598773 0.594839 0.592375 0.591349 0.604085 0.623851 0.646564 0.672676 0.702749 17542.000000 1.041326 0.794687
0.829078 0.838639 0.850496 0.864806 0.881766 0.901621 0.924669 0.951278 0.944499 0.891112 0.845365 0.805933 0.771792 0.742141 0.716346 0.693899 0.674392 0.657492 0.642929 0.630484 0.619976 0.611262 0.604224 0.598773 0.594839 0.592375 0.591349 0.604085 0.623851 0.646564 0.672676 0.702749 0.737497 0.777831 0.824935 0.880370 0.900594 0.886501 0.874917 0.865691 0.858704 0.853870 0.851129 0.850448 0.851818 0.847646 0.815749 0.787995 0.763846 0.742871 0.724715 0.709094 0.695772 0.684561 0.675306 0.667886 0.662205 0.660326 0.661615 0.664513 0.669056 0.675299 0.683321 0.693227 0.705147 0.719248 0.735733 0.754853 0.776914 0.802294 0.831460 0.864988 0.903603 0.948217 1.000000 0.991487 0.948190 0.910618 0.877945 0.849510 0.824785 0.803338 0.784822 0.768950 0.755492 0.744259 0.735099 0.727895 0.722555 0.719012 0.717223 0.717166 0.718840 0.722267 0.727219 0.711688 0.698453 0.687328 0.678159 0.670827 0.665237 0.661320 0.659026 0.658329 0.659220 0.661710 0.665829 0.671627 0.679178 0.688578 0.699952 0.713456 0.729282 0.747669 0.768907 0.793354 0.821451 0.853742 0.846107 0.835064 0.826270 0.819614 0.815012 0.812407 0.811768 0.813088 0.816382 0.821690 17542.000000 1.041326 0.794687
0.992560 1.000000 0.922043 0.857278 0.802821 0.756583 0.717014 0.682942 0.653464 0.627876 0.605620 0.586251 0.569413 0.554814 0.542219 0.531434 0.522304 0.514701 0.508524 0.503693 0.500146 0.497840 0.496746 0.496851 0.498156 0.500678 0.504447 0.509510 0.515931 0.523794 0.533204 0.544294 0.557227 0.572201 0.589461 0.609308 0.632114 0.658342 0.688570 0.723536 0.764182 0.811738 0.867836 0.934681 0.872959 0.819720 0.774360 0.735435 0.701846 0.672741 0.647452 0.625447 0.606301 0.589672 0.575279 0.562895 0.552336 0.543451 0.536119 0.530242 0.525745 0.522572 0.520685 0.520059 0.520687 0.522578 0.525753 0.530253 0.536133 0.543469 0.552357 0.562920 0.575308 0.589705 0.606340 0.625492 0.647503 0.672800 0.701914 0.735513 0.774451 0.819827 0.873085 0.936156 0.989162 0.907161 0.839583 0.783131 0.735453 0.694824 0.659956 0.629866 0.603790 0.581133 0.561417 0.544264 0.529365 0.516472 0.505380 0.495924 0.487969 0.481407 0.476151 0.472134 0.469305 0.467630 0.467087 0.467672 0.469390 0.472262 0.476325 0.481628 0.488241 0.496249 0.505764 0.516920 0.529884 0.544862 0.562105 0.581923 0.604699 0.630913 0.661167 0.696231 0.737097 0.785069 0.841890 0.909940 1782.000000 1.134143 0.601011
0.529365 0.516472 0.505380 0.495924 0.487969 0.481407 0.476151 0.472134 0.469305 0.467630 0.467087 0.467672 0.469390 0.472262 0.476325 0.481628 0.488241 0.496249 0.505764 0.516920 0.529884 0.544862 0.562105 0.581923 0.604699 0.630913 0.661167 0.696231 0.737097 0.785069 0.841890 0.909940 0.992560 1.000000 0.922043 0.857278 0.802821 0.756583 0.717014 0.682942 0.653464 0.627876 0.605620 0.586251 0.569413 0.554814 0.542219 0.531434 0.522304 0.514701 0.508524 0.503693 0.500146 0.497840 0.496746 0.496851 0.498156 0.500678 0.504447 0.509510 0.515931 0.523794 0.533204 0.544294 0.557227 0.572201 0.589461 0.609308 0.632114 0.658342 0.688570 0.723536 0.764182 0.811738 0.867836 0.934681 0.872959 0.819720 0.774360 0.735435 0.701846 0.672741 0.647452 0.625447 0.606301 0.589672 0.575279 0.562895 0.552336 0.543451 0.536119 0.530242 0.525745 0.522572 0.520685 0.520059 0.520687 0.522578 0.525753 0.530253 0.536133 0.543469 0.552357 0.562920 0.575308 0.589705 0.606340 0.625492 0.647503 0.672800 0.701914 0.735513 0.774451 0.819827 0.873085 0.936156 0.989162 0.907161 0.839583 0.783131 0.735453 0.694824 0.659956 0.629866 0.603790 0.581133 0.561417 0.544264 1782.000000 1.134143 0.601011
0.520687 0.522578 0.525753 0.530253 0.536133 0.543469 0.552357 0.562920 0.575308 0.589705 0.606340 0.625492 0.647503 0.672800 0.701914 0.735513 0.774451 0.819827 0.873085 0.936156 0.989162 0.907161 0.839583 0.783131 0.735453 0.694824 0.659956 0.629866 0.603790 0.581133 0.561417 0.544264 0.529365 0.516472 0.505380 0.495924 0.487969 0.481407 0.476151 0.472134 0.469305 0.467630 0.467087 0.467672 0.469390 0.472262 0.476325 0.481628 0.488241 0.496249 0.505764 0.516920 0.529884 0.544862 0.562105 0.581923 0.604699 0.630913 0.661167 0.696231 0.737097 0.785069 0.841890 0.909940 0.992560 1.000000 0.922043 0.857278 0.802821 0.756583 0.717014 0.682942 0.653464 0.627876 0.605620 0.586251 0.569413 0.554814 0.542219 0.531434 0.522304 0.514701 0.508524 0.503693 0.500146 0.497840 0.496746 0.496851 0.498156 0.500678 0.504447 0.509510 0.515931 0.523794 0.533204 0.544294 0.557227 0.572201 0.589461 0.609308 0.632114 0.658342 0.688570 0.723536 0.764182 0.811738 0.867836 0.934681 0.872959 0.819720 0.774360 0.735435 0.701846 0.672741 0.647452 0.625447 0.606301 0.589672 0.575279 0.562895 0.552336 0.543451 0.536119 0.530242 0.525745 0.522572 0.520685 0.520059 1782.000000 1.134143 0.601011
0.557227 0.572201 0.589461 0.609308 0.632114 0.658342 0.688570 0.723536 0.764182 0.811738 0.867836 0.934681 0.872959 0.819720 0.774360 0.735435 0.701846 0.672741 0.647452 0.625447 0.606301 0.589672 0.575279 0.562895 0.552336 0.543451 0.536119 0.530242 0.525745 0.522572 0.520685 0.520059 0.520687 0.522578 0.525753 0.530253 0.536133 0.543469 0.552357 0.562920 0.575308 0.589705 0.606340 0.625492 0.647503 0.672800 0.701914 0.735513 0.774451 0.819827 0.873085 0.936156 0.989162 0.907161 0.839583 0.783131 0.735453 0.694824 0.659956 0.629866 0.603790 0.581133 0.561417 0.544264 0.529365 0.516472 0.505380 0.495924 0.487969 0.481407 0.476151 0.472134 0.469305 0.467630 0.467087 0.467672 0.469390 0.472262 0.476325 0.481628 0.488241 0.496249 0.505764 0.516920 0.529884 0.544862 0.562105 0.581923 0.604699 0.630913 0.661167 0.696231 0.737097 0.785069 0.841890 0.909940 0.992560 1.000000 0.922043 0.857278 0.802821 0.756583 0.717014 0.682942 0.653464 0.627876 0.605620 0.586251 0.569413 0.554814 0.542219 0.531434 0.522304 0.514701 0.508524 0.503693 0.500146 0.497840 0.496746 0.496851 0.498156 0.500678 0.504447 0.509510 0.515931 0.523794 0.533204 0.544294 1782.000000 1.134143 0.601011
0.985511 1.000000 0.969027 0.942115 0.918812 0.898747 0.881618 0.867180 0.855234 0.845622 0.838221 0.832938 0.829707 0.828489 0.809769 0.782922 0.759570 0.739300 0.721777 0.706728 0.693932 0.683208 0.674410 0.667423 0.662159 0.658551 0.656555 0.656147 0.657322 0.660094 0.664498 0.670587 0.678438 0.688153 0.699861 0.709957 0.716031 0.723969 0.733873 0.745873 0.760134 0.776859 0.796299 0.818758 0.844616 0.874335 0.897048 0.888013 0.881260 0.876705 0.874292 0.873993 0.875802 0.879743 0.885863 0.894239 0.904975 0.918211 0.934124 0.952935 0.973487 0.942389 0.915353 0.891914 0.871693 0.854381 0.839727 0.827527 0.817618 0.809871 0.804189 0.800501 0.798763 0.798952 0.801072 0.805148 0.801647 0.783102 0.767203 0.753716 0.742453 0.733262 0.726023 0.720645 0.717061 0.715227 0.715121 0.716741 0.720107 0.725261 0.732265 0.741210 0.752210 0.765413 0.781003 0.789739 0.780484 0.773284 0.768050 0.764716 0.763242 0.763609 0.765823 0.769909 0.775919 0.783926 0.794034 0.806373 0.821112 0.838167 0.826301 0.816706 0.809259 0.803865 0.800458 0.798997 0.799464 0.801864 0.806227 0.812606 0.821080 0.831758 0.844779 0.860320 0.878600 0.899888 0.924516 0.952891 1320.500000 1.186769 0.905246
0.780484 0.773284 0.768050 0.764716 0.763242 0.763609 0.765823 0.769909 0.775919 0.783926 0.794034 0.806373 0.821112 0.838167 0.826301 0.816706 0.809259 0.803865 0.800458 0.798997 0.799464 0.801864 0.806227 0.812606 0.821080 0.831758 0.844779 0.860320 0.878600 0.899888 0.924516 0.952891 0.985511 1.000000 0.969027 0.942115 0.918812 0.898747 0.881618 0.867180 0.855234 0.845622 0.838221 0.832938 0.829707 0.828489 0.809769 0.782922 0.759570 0.739300 0.721777 0.706728 0.693932 0.683208 0.674410 0.667423 0.662159 0.658551 0.656555 0.656147 0.657322 0.660094 0.664498 0.670587 0.678438 0.688153 0.699861 0.709957 0.716031 0.723969 0.733873 0.745873 0.760134 0.776859 0.796299 0.818758 0.844616 0.874335 0.897048 0.888013 0.881260 0.876705 0.874292 0.873993 0.875802 0.879743 0.885863 0.894239 0.904975 0.918211 0.934124 0.952935 0.973487 0.942389 0.915353 0.891914 0.871693 0.854381 0.839727 0.827527 0.817618 0.809871 0.804189 0.800501 0.798763 0.798952 0.801072 0.805148 0.801647 0.783102 0.767203 0.753716 0.742453 0.733262 0.726023 0.720645 0.717061 0.715227 0.715121 0.716741 0.720107 0.725261 0.732265 0.741210 0.752210 0.765413 0.781003 0.789739 1320.500000 1.186769 0.905246
0.871693 0.854381 0.839727 0.827527 0.817618 0.809871 0.804189 0.800501 0.798763 0.798952 0.801072 0.805148 0.801647 0.783102 0.767203 0.753716 0.742453 0.733262 0.726023 0.720645 0.717061 0.715227 0.715121 0.716741 0.720107 0.725261 0.732265 0.741210 0.752210 0.765413 0.781003 0.789739 0.780484 0.773284 0.768050 0.764716 0.763242 0.763609 0.765823 0.769909 0.775919 0.783926 0.794034 0.806373 0.821112 0.838167 0.826301 0.816706 0.809259 0.803865 0.800458 0.798997 0.799464 0.801864 0.806227 0.812606 0.821080 0.831758 0.844779 0.860320 0.878600 0.899888 0.924516 0.952891 0.985511 1.000000 0.969027 0.942115 0.918812 0.898747 0.881618 0.867180 0.855234 0.845622 0.838221 0.832938 0.829707 0.828489 0.809769 0.782922 0.759570 0.739300 0.721777 0.706728 0.693932 0.683208 0.674410 0.667423 0.662159 0.658551 0.656555 0.656147 0.657322 0.660094 0.664498 0.670587 0.678438 0.688153 0.699861 0.709957 0.716031 0.723969 0.733873 0.745873 0.760134 0.776859 0.796299 0.818758 0.844616 0.874335 0.897048 0.888013 0.881260 0.876705 0.874292 0.873993 0.875802 0.879743 0.885863 0.894239 0.904975 0.918211 0.934124 0.952935 0.973487 0.942389 0.915353 0.891914 1320.500000 1.186769 0.905246
0.678438 0.688153 0.699861 0.709957 0.716031 0.723969 0.733873 0.745873 0.760134 0.776859 0.796299 0.818758 0.844616 0.874335 0.897048 0.888013 0.881260 0.876705 0.874292 0.873993 0.875802 0.879743 0.885863 0.894239 0.904975 0.918211 0.934124 0.952935 0.973487 0.942389 0.915353 0.891914 0.871693 0.854381 0.839727 0.827527 0.817618 0.809871 0.804189 0.800501 0.798763 0.798952 0.801072 0.805148 0.801647 0.783102 0.767203 0.753716 0.742453 0.733262 0.726023 0.720645 0.717061 0.715227 0.715121 0.716741 0.720107 0.725261 0.732265 0.741210 0.752210 0.765413 0.781003 0.789739 0.780484 0.773284 0.768050 0.764716 0.763242 0.763609 0.765823 0.769909 0.775919 0.783926 0.794034 0.806373 0.821112 0.838167 0.826301 0.816706 0.809259 0.803865 0.800458 0.798997 0.799464 0.801864 0.806227 0.812606 0.821080 0.831758 0.844779 0.860320 0.878600 0.899888 0.924516 0.952891 0.985511 1.000000 0.969027 0.942115 0.918812 0.898747 0.881618 0.867180 0.855234 0.845622 0.838221 0.832938 0.829707 0.828489 0.809769 0.782922 0.759570 0.739300 0.721777 0.706728 0.693932 0.683208 0.674410 0.667423 0.662159 0.658551 0.656555 0.656147 0.657322 0.660094 0.664498 0.670587 1320.500000 1.186769 0.905246
0.827305 0.883941 0.951362 1.000000 0.927683 0.867067 0.815732 0.771891 0.734201 0.701632 0.673383 0.648823 0.627450 0.608861 0.592728 0.578786 0.566819 0.556651 0.548138 0.541166 0.535643 0.531500 0.528684 0.527160 0.526912 0.527934 0.530241 0.533860 0.538835 0.545230 0.553127 0.562631 0.573875 0.587020 0.602266 0.619859 0.640098 0.656504 0.639999 0.625774 0.613614 0.603343 0.594820 0.587931 0.582587 0.578721 0.576285 0.575250 0.575602 0.577347 0.580505 0.585115 0.591235 0.598942 0.608338 0.619549 0.632734 0.648089 0.665850 0.686313 0.709838 0.736870 0.767967 0.803826 0.845333 0.893631 0.850883 0.811361 0.777136 0.747410 0.721549 0.699045 0.679489 0.662551 0.647960 0.635495 0.624978 0.616264 0.609238 0.603808 0.599906 0.597485 0.596514 0.596982 0.598895 0.602276 0.607166 0.613627 0.621741 0.631614 0.643380 0.657207 0.673299 0.691907 0.702855 0.672256 0.645701 0.622607 0.602510 0.585034 0.569878 0.556795 0.545584 0.536082 0.528155 0.521698 0.516627 0.512877 0.510401 0.509170 0.509169 0.510397 0.512870 0.516618 0.521687 0.528141 0.536064 0.545563 0.556771 0.569850 0.585001 0.602472 0.622564 0.645651 0.672198 0.702788 0.738158 0.779253 1846.500000 1.429382 0.732588
0.645701 0.622607 0.602510 0.585034 0.569878 0.556795 0.545584 0.536082 0.528155 0.521698 0.516627 0.512877 0.510401 0.509170 0.509169 0.510397 0.512870 0.516618 0.521687 0.528141 0.536064 0.545563 0.556771 0.569850 0.585001 0.602472 0.622564 0.645651 0.672198 0.702788 0.738158 0.779253 0.827305 0.883941 0.951362 1.000000 0.927683 0.867067 0.815732 0.771891 0.734201 0.701632 0.673383 0.648823 0.627450 0.608861 0.592728 0.578786 0.566819 0.556651 0.548138 0.541166 0.535643 0.531500 0.528684 0.527160 0.526912 0.527934 0.530241 0.533860 0.538835 0.545230 0.553127 0.562631 0.573875 0.587020 0.602266 0.619859 0.640098 0.656504 0.639999 0.625774 0.613614 0.603343 0.594820 0.587931 0.582587 0.578721 0.576285 0.575250 0.575602 0.577347 0.580505 0.585115 0.591235 0.598942 0.608338 0.619549 0.632734 0.648089 0.665850 0.686313 0.709838 0.736870 0.767967 0.803826 0.845333 0.893631 0.850883 0.811361 0.777136 0.747410 0.721549 0.699045 0.679489 0.662551 0.647960 0.635495 0.624978 0.616264 0.609238 0.603808 0.599906 0.597485 0.596514 0.596982 0.598895 0.602276 0.607166 0.613627 0.621741 0.631614 0.643380 0.657207 0.673299 0.691907 0.702855 0.672256 1846.500000 1.429382 0.732588
0.845333 0.893631 0.850883 0.811361 0.777136 0.747410 0.721549 0.699045 0.679489 0.662551 0.647960 0.635495 0.624978 0.616264 0.609238 0.603808 0.599906 0.597485 0.596514 0.596982 0.598895 0.602276 0.607166 0.613627 0.621741 0.631614 0.643380 0.657207 0.673299 0.691907 0.702855 0.672256 0.645701 0.622607 0.602510 0.585034 0.569878 0.556795 0.545584 0.536082 0.528155 0.521698 0.516627 0.512877 0.510401 0.509170 0.509169 0.510397 0.512870 0.516618 0.521687 0.528141 0.536064 0.545563 0.556771 0.569850 0.585001 0.602472 0.622564 0.645651 0.672198 0.702788 0.738158 0.779253 0.827305 0.883941 0.951362 1.000000 0.927683 0.867067 0.815732 0.771891 0.734201 0.701632 0.673383 0.648823 0.627450 0.608861 0.592728 0.578786 0.566819 0.556651 0.548138 0.541166 0.535643 0.531500 0.528684 0.527160 0.526912 0.527934 0.530241 0.533860 0.538835 0.545230 0.553127 0.562631 0.573875 0.587020 0.602266 0.619859 0.640098 0.656504 0.639999 0.625774 0.613614 0.603343 0.594820 0.587931 0.582587 0.578721 0.576285 0.575250 0.575602 0.577347 0.580505 0.585115 0.591235 0.598942 0.608338 0.619549 0.632734 0.648089 0.665850 0.686313 0.709838 0.736870 0.767967 0.803826 1846.500000 1.429382 0.732588
0.573875 0.587020 0.602266 0.619859 0.640098 0.656504 0.639999 0.625774 0.613614 0.603343 0.594820 0.587931 0.582587 0.578721 0.576285 0.575250 0.575602 0.577347 0.580505 0.585115 0.591235 0.598942 0.608338 0.619549 0.632734 0.648089 0.665850 0.686313 0.709838 0.736870 0.767967 0.803826 0.845333 0.893631 0.850883 0.811361 0.777136 0.747410 0.721549 0.699045 0.679489 0.662551 0.647960 0.635495 0.624978 0.616264 0.609238 0.603808 0.599906 0.597485 0.596514 0.596982 0.598895 0.602276 0.607166 0.613627 0.621741 0.631614 0.643380 0.657207 0.673299 0.691907 0.702855 0.672256 0.645701 0.622607 0.602510 0.585034 0.569878 0.556795 0.545584 0.536082 0.528155 0.521698 0.516627 0.512877 0.510401 0.509170 0.509169 0.510397 0.512870 0.516618 0.521687 0.528141 0.536064 0.545563 0.556771 0.569850 0.585001 0.602472 0.622564 0.645651 0.672198 0.702788 0.738158 0.779253 0.827305 0.883941 0.951362 1.000000 0.927683 0.867067 0.815732 0.771891 0.734201 0.701632 0.673383 0.648823 0.627450 0.608861 0.592728 0.578786 0.566819 0.556651 0.548138 0.541166 0.535643 0.531500 0.528684 0.527160 0.526912 0.527934 0.530241 0.533860 0.538835 0.545230 0.553127 0.562631 1846.500000 1.429382 0.732588
0.911208 0.957773 1.000000 0.966149 0.936697 0.911117 0.888983 0.869944 0.853717 0.840071 0.828820 0.819815 0.812942 0.808113 0.805269 0.804377 0.805425 0.808425 0.813415 0.820456 0.829636 0.841072 0.854917 0.871360 0.890635 0.913031 0.932848 0.899870 0.871171 0.846222 0.824594 0.805936 0.789966 0.776450 0.765201 0.756069 0.748935 0.743710 0.740328 0.738748 0.738952 0.740941 0.744740 0.750395 0.757977 0.767581 0.779334 0.793393 0.809956 0.829265 0.851619 0.864175 0.837581 0.814478 0.794478 0.777264 0.762579 0.750212 0.739994 0.731790 0.725494 0.721028 0.718337 0.717387 0.718168 0.720688 0.724979 0.731093 0.739107 0.749124 0.761274 0.775725 0.792682 0.812398 0.835182 0.861417 0.891571 0.926224 0.966103 0.995995 0.968235 0.944193 0.923487 0.905806 0.890894 0.878548 0.868603 0.860932 0.855437 0.852052 0.850736 0.851471 0.854267 0.859159 0.866205 0.875495 0.887146 0.898454 0.859909 0.826445 0.797336 0.772005 0.749985 0.730898 0.714437 0.700351 0.688437 0.678528 0.670493 0.664227 0.659652 0.656710 0.655367 0.655605 0.657428 0.660857 0.665935 0.672725 0.681314 0.691812 0.704362 0.719141 0.736365 0.756301 0.779277 0.805694 0.836049 0.870962 16496.500000 1.225650 0.846152
0.887146 0.898454 0.859909 0.826445 0.797336 0.772005 0.749985 0.730898 0.714437 0.700351 0.688437 0.678528 0.670493 0.664227 0.659652 0.656710 0.655367 0.655605 0.657428 0.660857 0.665935 0.672725 0.681314 0.691812 0.704362 0.719141 0.736365 0.756301 0.779277 0.805694 0.836049 0.870962 0.911208 0.957773 1.000000 0.966149 0.936697 0.911117 0.888983 0.869944 0.853717 0.840071 0.828820 0.819815 0.812942 0.808113 0.805269 0.804377 0.805425 0.808425 0.813415 0.820456 0.829636 0.841072 0.854917 0.871360 0.890635 0.913031 0.932848 0.899870 0.871171 0.846222 0.824594 0.805936 0.789966 0.776450 0.765201 0.756069 0.748935 0.743710 0.740328 0.738748 0.738952 0.740941 0.744740 0.750395 0.757977 0.767581 0.779334 0.793393 0.809956 0.829265 0.851619 0.864175 0.837581 0.814478 0.794478 0.777264 0.762579 0.750212 0.739994 0.731790 0.725494 0.721028 0.718337 0.717387 0.718168 0.720688 0.724979 0.731093 0.739107 0.749124 0.761274 0.775725 0.792682 0.812398 0.835182 0.861417 0.891571 0.926224 0.966103 0.995995 0.968235 0.944193 0.923487 0.905806 0.890894 0.878548 0.868603 0.860932 0.855437 0.852052 0.850736 0.851471 0.854267 0.859159 0.866205 0.875495 16496.500000 1.225650 0.846152
0.718168 0.720688 0.724979 0.731093 0.739107 0.749124 0.761274 0.775725 0.792682 0.812398 0.835182 0.861417 0.891571 0.926224 0.966103 0.995995 0.968235 0.944193 0.923487 0.905806 0.890894 0.878548 0.868603 0.860932 0.855437 0.852052 0.850736 0.851471 0.854267 0.859159 0.866205 0.875495 0.887146 0.898454 0.859909 0.826445 0.797336 0.772005 0.749985 0.730898 0.714437 0.700351 0.688437 0.678528 0.670493 0.664227 0.659652 0.656710 0.655367 0.655605 0.657428 0.660857 0.665935 0.672725 0.681314 0.691812 0.704362 0.719141 0.736365 0.756301 0.779277 0.805694 0.836049 0.870962 0.911208 0.957773 1.000000 0.966149 0.936697 0.911117 0.888983 0.869944 0.853717 0.840071 0.828820 0.819815 0.812942 0.808113 0.805269 0.804377 0.805425 0.808425 0.813415 0.820456 0.829636 0.841072 0.854917 0.871360 0.890635 0.913031 0.932848 0.899870 0.871171 0.846222 0.824594 0.805936 0.789966 0.776450 0.765201 0.756069 0.748935 0.743710 0.740328 0.738748 0.738952 0.740941 0.744740 0.750395 0.757977 0.767581 0.779334 0.793393 0.809956 0.829265 0.851619 0.864175 0.837581 0.814478 0.794478 0.777264 0.762579 0.750212 0.739994 0.731790 0.725494 0.721028 0.718337 0.717387 16496.500000 1.225650 0.846152
0.789966 0.776450 0.765201 0.756069 0.748935 0.743710 0.740328 0.738748 0.738952 0.740941 0.744740 0.750395 0.757977 0.767581 0.779334 0.793393 0.809956 0.829265 0.851619 0.864175 0.837581 0.814478 0.794478 0.777264 0.762579 0.750212 0.739994 0.731790 0.725494 0.721028 0.718337 0.717387 0.718168 0.720688 0.724979 0.731093 0.739107 0.749124 0.761274 0.775725 0.792682 0.812398 0.835182 0.861417 0.891571 0.926224 0.966103 0.995995 0.968235 0.944193 0.923487 0.905806 0.890894 0.878548 0.868603 0.860932 0.855437 0.852052 0.850736 0.851471 0.854267 0.859159 0.866205 0.875495 0.887146 0.898454 0.859909 0.826445 0.797336 0.772005 0.749985 0.730898 0.714437 0.700351 0.688437 0.678528 0.670493 0.664227 0.659652 0.656710 0.655367 0.655605 0.657428 0.660857 0.665935 0.672725 0.681314 0.691812 0.704362 0.719141 0.736365 0.756301 0.779277 0.805694 0.836049 0.870962 0.911208 0.957773 1.000000 0.966149 0.936697 0.911117 0.888983 0.869944 0.853717 0.840071 0.828820 0.819815 0.812942 0.808113 0.805269 0.804377 0.805425 0.808425 0.813415 0.820456 0.829636 0.841072 0.854917 0.871360 0.890635 0.913031 0.932848 0.899870 0.871171 0.846222 0.824594 0.805936 16496.500000 1.225650 0.846152
0.902003 1.000000 0.895970 0.813319 0.746276 0.690981 0.644762 0.605705 0.572411 0.543827 0.519154 0.497770 0.479186 0.463015 0.448947 0.436729 0.426158 0.417067 0.409322 0.402812 0.397449 0.393161 0.389893 0.387606 0.386271 0.385871 0.386402 0.387870 0.390293 0.393701 0.398136 0.403656 0.410334 0.418261 0.427551 0.438343 0.450807 0.447507 0.442946 0.439525 0.437201 0.435947 0.435747 0.436598 0.438511 0.441509 0.445629 0.450924 0.457461 0.465328 0.474633 0.485512 0.498130 0.512689 0.529438 0.548685 0.570812 0.596295 0.625737 0.659911 0.699816 0.746772 0.802556 0.855984 0.801995 0.756125 0.716853 0.683023 0.653746 0.628327 0.606216 0.586975 0.570249 0.555752 0.543250 0.532552 0.523505 0.515982 0.509884 0.505130 0.501662 0.499436 0.498425 0.498617 0.500014 0.502633 0.506507 0.511682 0.518227 0.515171 0.492460 0.472758 0.455627 0.440719 0.427754 0.416504 0.406786 0.398449 0.391370 0.385451 0.380612 0.376789 0.373934 0.372012 0.370998 0.370881 0.371659 0.373342 0.375950 0.379515 0.384083 0.389712 0.396478 0.404475 0.413818 0.424651 0.437147 0.451522 0.468040 0.487031 0.508905 0.534185 0.563535 0.597823 0.638190 0.686176 0.743903 0.814378 1600.000000 2.023495 0.620139
0.406786 0.398449 0.391370 0.385451 0.380612 0.376789 0.373934 0.372012 0.370998 0.370881 0.371659 0.373342 0.375950 0.379515 0.384083 0.389712 0.396478 0.404475 0.413818 0.424651 0.437147 0.451522 0.468040 0.487031 0.508905 0.534185 0.563535 0.597823 0.638190 0.686176 0.743903 0.814378 0.902003 1.000000 0.895970 0.813319 0.746276 0.690981 0.644762 0.605705 0.572411 0.543827 0.519154 0.497770 0.479186 0.463015 0.448947 0.436729 0.426158 0.417067 0.409322 0.402812 0.397449 0.393161 0.389893 0.387606 0.386271 0.385871 0.386402 0.387870 0.390293 0.393701 0.398136 0.403656 0.410334 0.418261 0.427551 0.438343 0.450807 0.447507 0.442946 0.439525 0.437201 0.435947 0.435747 0.436598 0.438511 0.441509 0.445629 0.450924 0.457461 0.465328 0.474633 0.485512 0.498130 0.512689 0.529438 0.548685 0.570812 0.596295 0.625737 0.659911 0.699816 0.746772 0.802556 0.855984 0.801995 0.756125 0.716853 0.683023 0.653746 0.628327 0.606216 0.586975 0.570249 0.555752 0.543250 0.532552 0.523505 0.515982 0.509884 0.505130 0.501662 0.499436 0.498425 0.498617 0.500014 0.502633 0.506507 0.511682 0.518227 0.515171 0.492460 0.472758 0.455627 0.440719 0.427754 0.416504 1600.000000 2.023495 0.620139
0.801995 0.756125 0.716853 0.683023 0.653746 0.628327 0.606216 0.586975 0.570249 0.555752 0.543250 0.532552 0.523505 0.515982 0.509884 0.505130 0.501662 0.499436 0.498425 0.498617 0.500014 0.502633 0.506507 0.511682 0.518227 0.515171 0.492460 0.472758 0.455627 0.440719 0.427754 0.416504 0.406786 0.398449 0.391370 0.385451 0.380612 0.376789 0.373934 0.372012 0.370998 0.370881 0.371659 0.373342 0.375950 0.379515 0.384083 0.389712 0.396478 0.404475 0.413818 0.424651 0.437147 0.451522 0.468040 0.487031 0.508905 0.534185 0.563535 0.597823 0.638190 0.686176 0.743903 0.814378 0.902003 1.000000 0.895970 0.813319 0.746276 0.690981 0.644762 0.605705 0.572411 0.543827 0.519154 0.497770 0.479186 0.463015 0.448947 0.436729 0.426158 0.417067 0.409322 0.402812 0.397449 0.393161 0.389893 0.387606 0.386271 0.385871 0.386402 0.387870 0.390293 0.393701 0.398136 0.403656 0.410334 0.418261 0.427551 0.438343 0.450807 0.447507 0.442946 0.439525 0.437201 0.435947 0.435747 0.436598 0.438511 0.441509 0.445629 0.450924 0.457461 0.465328 0.474633 0.485512 0.498130 0.512689 0.529438 0.548685 0.570812 0.596295 0.625737 0.659911 0.699816 0.746772 0.802556 0.855984 1600.000000 2.023495 0.620139
0.410334 0.418261 0.427551 0.438343 0.450807 0.447507 0.442946 0.439525 0.437201 0.435947 0.435747 0.436598 0.438511 0.441509 0.445629 0.450924 0.457461 0.465328 0.474633 0.485512 0.498130 0.512689 0.529438 0.548685 0.570812 0.596295 0.625737 0.659911 0.699816 0.746772 0.802556 0.855984 0.801995 0.756125 0.716853 0.683023 0.653746 0.628327 0.606216 0.586975 0.570249 0.555752 0.543250 0.532552 0.523505 0.515982 0.509884 0.505130 0.501662 0.499436 0.498425 0.498617 0.500014 0.502633 0.506507 0.511682 0.518227 0.515171 0.492460 0.472758 0.455627 0.440719 0.427754 0.416504 0.406786 0.398449 0.391370 0.385451 0.380612 0.376789 0.373934 0.372012 0.370998 0.370881 0.371659 0.373342 0.375950 0.379515 0.384083 0.389712 0.396478 0.404475 0.413818 0.424651 0.437147 0.451522 0.468040 0.487031 0.508905 0.534185 0.563535 0.597823 0.638190 0.686176 0.743903 0.814378 0.902003 1.000000 0.895970 0.813319 0.746276 0.690981 0.644762 0.605705 0.572411 0.543827 0.519154 0.497770 0.479186 0.463015 0.448947 0.436729 0.426158 0.417067 0.409322 0.402812 0.397449 0.393161 0.389893 0.387606 0.386271 0.385871 0.386402 0.387870 0.390293 0.393701 0.398136 0.403656 1600.000000 2.023495 0.620139
0.935721 1.000000 0.914653 0.844603 0.786279 0.737151 0.695378 0.659589 0.628745 0.602042 0.578852 0.558678 0.541123 0.525866 0.512647 0.501254 0.491515 0.483289 0.476463 0.470946 0.466666 0.463570 0.461620 0.460792 0.461075 0.462474 0.465004 0.468698 0.473601 0.479776 0.487304 0.496286 0.506849 0.519150 0.533379 0.549772 0.568619 0.590275 0.615188 0.643915 0.677168 0.715861 0.761189 0.814741 0.878675 0.955996 0.971603 0.899460 0.839172 0.788238 0.744824 0.707559 0.675394 0.647519 0.623296 0.602218 0.583879 0.567953 0.554171 0.542318 0.532217 0.523724 0.516723 0.511122 0.506849 0.503850 0.502090 0.501545 0.502211 0.504094 0.507217 0.511620 0.517358 0.524503 0.533151 0.543420 0.555457 0.569442 0.585596 0.604192 0.625564 0.650128 0.678400 0.711034 0.748861 0.792957 0.844734 0.906079 0.871084 0.815193 0.767780 0.727234 0.692341 0.662165 0.635977 0.613203 0.593384 0.576151 0.561204 0.548300 0.537242 0.527867 0.520046 0.513672 0.508663 0.504955 0.502503 0.501277 0.501261 0.502456 0.504875 0.508549 0.513523 0.519860 0.527642 0.536975 0.547987 0.560840 0.575730 0.592900 0.612647 0.635338 0.661429 0.691492 0.726250 0.766633 0.813847 0.869491 1075.000000 1.123017 0.601530
0.593384 0.576151 0.561204 0.548300 0.537242 0.527867 0.520046 0.513672 0.508663 0.504955 0.502503 0.501277 0.501261 0.502456 0.504875 0.508549 0.513523 0.519860 0.527642 0.536975 0.547987 0.560840 0.575730 0.592900 0.612647 0.635338 0.661429 0.691492 0.726250 0.766633 0.813847 0.869491 0.935721 1.000000 0.914653 0.844603 0.786279 0.737151 0.695378 0.659589 0.628745 0.602042 0.578852 0.558678 0.541123 0.525866 0.512647 0.501254 0.491515 0.483289 0.476463 0.470946 0.466666 0.463570 0.461620 0.460792 0.461075 0.462474 0.465004 0.468698 0.473601 0.479776 0.487304 0.496286 0.506849 0.519150 0.533379 0.549772 0.568619 0.590275 0.615188 0.643915 0.677168 0.715861 0.761189 0.814741 0.878675 0.955996 0.971603 0.899460 0.839172 0.788238 0.744824 0.707559 0.675394 0.647519 0.623296 0.602218 0.583879 0.567953 0.554171 0.542318 0.532217 0.523724 0.516723 0.511122 0.506849 0.503850 0.502090 0.501545 0.502211 0.504094 0.507217 0.511620 0.517358 0.524503 0.533151 0.543420 0.555457 0.569442 0.585596 0.604192 0.625564 0.650128 0.678400 0.711034 0.748861 0.792957 0.844734 0.906079 0.871084 0.815193 0.767780 0.727234 0.692341 0.662165 0.635977 0.613203 1075.000000 1.123017 0.601530
0.506849 0.503850 0.502090 0.501545 0.502211 0.504094 0.507217 0.511620 0.517358 0.524503 0.533151 0.543420 0.555457 0.569442 0.585596 0.604192 0.625564 0.650128 0.678400 0.711034 0.748861 0.792957 0.844734 0.906079 0.871084 0.815193 0.767780 0.727234 0.692341 0.662165 0.635977 0.613203 0.593384 0.576151 0.561204 0.548300 0.537242 0.527867 0.520046 0.513672 0.508663 0.504955 0.502503 0.501277 0.501261 0.502456 0.504875 0.508549 0.513523 0.519860 0.527642 0.536975 0.547987 0.560840 0.575730 0.592900 0.612647 0.635338 0.661429 0.691492 0.726250 0.766633 0.813847 0.869491 0.935721 1.000000 0.914653 0.844603 0.786279 0.737151 0.695378 0.659589 0.628745 0.602042 0.578852 0.558678 0.541123 0.525866 0.512647 0.501254 0.491515 0.483289 0.476463 0.470946 0.466666 0.463570 0.461620 0.460792 0.461075 0.462474 0.465004 0.468698 0.473601 0.479776 0.487304 0.496286 0.506849 0.519150 0.533379 0.549772 0.568619 0.590275 0.615188 0.643915 0.677168 0.715861 0.761189 0.814741 0.878675 0.955996 0.971603 0.899460 0.839172 0.788238 0.744824 0.707559 0.675394 0.647519 0.623296 0.602218 0.583879 0.567953 0.554171 0.542318 0.532217 0.523724 0.516723 0.511122 1075.000000 1.123017 0.601530
0.506849 0.519150 0.533379 0.549772 0.568619 0.590275 0.615188 0.643915 0.677168 0.715861 0.761189 0.814741 0.878675 0.955996 0.971603 0.899460 0.839172 0.788238 0.744824 0.707559 0.675394 0.647519 0.623296 0.602218 0.583879 0.567953 0.554171 0.542318 0.532217 0.523724 0.516723 0.511122 0.506849 0.503850 0.502090 0.501545 0.502211 0.504094 0.507217 0.511620 0.517358 0.524503 0.533151 0.543420 0.555457 0.569442 0.585596 0.604192 0.625564 0.650128 0.678400 0.711034 0.748861 0.792957 0.844734 0.906079 0.871084 0.815193 0.767780 0.727234 0.692341 0.662165 0.635977 0.613203 0.593384 0.576151 0.561204 0.548300 0.537242 0.527867 0.520046 0.513672 0.508663 0.504955 0.502503 0.501277 0.501261 0.502456 0.504875 0.508549 0.513523 0.519860 0.527642 0.536975 0.547987 0.560840 0.575730 0.592900 0.612647 0.635338 0.661429 0.691492 0.726250 0.766633 0.813847 0.869491 0.935721 1.000000 0.914653 0.844603 0.786279 0.737151 0.695378 0.659589 0.628745 0.602042 0.578852 0.558678 0.541123 0.525866 0.512647 0.501254 0.491515 0.483289 0.476463 0.470946 0.466666 0.463570 0.461620 0.460792 0.461075 0.462474 0.465004 0.468698 0.473601 0.479776 0.487304 0.496286 1075.000000 1.123017 0.601530
0.976771 0.969574 0.939047 0.912516 0.889526 0.869710 0.852767 0.838454 0.826571 0.816961 0.809499 0.804092 0.800673 0.799200 0.799656 0.802045 0.806397 0.812765 0.807492 0.790558 0.776151 0.764068 0.754144 0.746249 0.740283 0.736170 0.733862 0.733329 0.734565 0.737585 0.742426 0.749148 0.757835 0.768599 0.781583 0.796967 0.788177 0.775759 0.765543 0.757393 0.751205 0.746902 0.744432 0.743763 0.744889 0.747823 0.752600 0.759279 0.767945 0.778708 0.791712 0.807134 0.825197 0.846173 0.856080 0.839535 0.825569 0.813989 0.804640 0.797404 0.792188 0.788927 0.787583 0.788140 0.790603 0.795002 0.801392 0.809853 0.820492 0.833449 0.848899 0.867061 0.888204 0.912658 0.940827 0.973209 1.000000 0.956279 0.918340 0.885348 0.856637 0.831670 0.810013 0.791314 0.775284 0.761689 0.750339 0.741081 0.733796 0.728390 0.724796 0.722971 0.722892 0.724558 0.727990 0.719849 0.711918 0.705841 0.701543 0.698971 0.698093 0.698899 0.701399 0.705622 0.711622 0.719472 0.729274 0.741157 0.755284 0.771855 0.791117 0.785115 0.779231 0.775287 0.773237 0.773055 0.774740 0.778310 0.783811 0.791310 0.800902 0.812711 0.826896 0.843653 0.863225 0.885913 0.912082 0.942183 2450.000000 1.101970 0.892661
0.711918 0.705841 0.701543 0.698971 0.698093 0.698899 0.701399 0.705622 0.711622 0.719472 0.729274 0.741157 0.755284 0.771855 0.791117 0.785115 0.779231 0.775287 0.773237 0.773055 0.774740 0.778310 0.783811 0.791310 0.800902 0.812711 0.826896 0.843653 0.863225 0.885913 0.912082 0.942183 0.976771 0.969574 0.939047 0.912516 0.889526 0.869710 0.852767 0.838454 0.826571 0.816961 0.809499 0.804092 0.800673 0.799200 0.799656 0.802045 0.806397 0.812765 0.807492 0.790558 0.776151 0.764068 0.754144 0.746249 0.740283 0.736170 0.733862 0.733329 0.734565 0.737585 0.742426 0.749148 0.757835 0.768599 0.781583 0.796967 0.788177 0.775759 0.765543 0.757393 0.751205 0.746902 0.744432 0.743763 0.744889 0.747823 0.752600 0.759279 0.767945 0.778708 0.791712 0.807134 0.825197 0.846173 0.856080 0.839535 0.825569 0.813989 0.804640 0.797404 0.792188 0.788927 0.787583 0.788140 0.790603 0.795002 0.801392 0.809853 0.820492 0.833449 0.848899 0.867061 0.888204 0.912658 0.940827 0.973209 1.000000 0.956279 0.918340 0.885348 0.856637 0.831670 0.810013 0.791314 0.775284 0.761689 0.750339 0.741081 0.733796 0.728390 0.724796 0.722971 0.722892 0.724558 0.727990 0.719849 2450.000000 1.101970 0.892661
0.790603 0.795002 0.801392 0.809853 0.820492 0.833449 0.848899 0.867061 0.888204 0.912658 0.940827 0.973209 1.000000 0.956279 0.918340 0.885348 0.856637 0.831670 0.810013 0.791314 0.775284 0.761689 0.750339 0.741081 0.733796 0.728390 0.724796 0.722971 0.722892 0.724558 0.727990 0.719849 0.711918 0.705841 0.701543 0.698971 0.698093 0.698899 0.701399 0.705622 0.711622 0.719472 0.729274 0.741157 0.755284 0.771855 0.791117 0.785115 0.779231 0.775287 0.773237 0.773055 0.774740 0.778310 0.783811 0.791310 0.800902 0.812711 0.826896 0.843653 0.863225 0.885913 0.912082 0.942183 0.976771 0.969574 0.939047 0.912516 0.889526 0.869710 0.852767 0.838454 0.826571 0.816961 0.809499 0.804092 0.800673 0.799200 0.799656 0.802045 0.806397 0.812765 0.807492 0.790558 0.776151 0.764068 0.754144 0.746249 0.740283 0.736170 0.733862 0.733329 0.734565 0.737585 0.742426 0.749148 0.757835 0.768599 0.781583 0.796967 0.788177 0.775759 0.765543 0.757393 0.751205 0.746902 0.744432 0.743763 0.744889 0.747823 0.752600 0.759279 0.767945 0.778708 0.791712 0.807134 0.825197 0.846173 0.856080 0.839535 0.825569 0.813989 0.804640 0.797404 0.792188 0.788927 0.787583 0.788140 2450.000000 1.101970 0.892661
0.757835 0.768599 0.781583 0.796967 0.788177 0.775759 0.765543 0.757393 0.751205 0.746902 0.744432 0.743763 0.744889 0.747823 0.752600 0.759279 0.767945 0.778708 0.791712 0.807134 0.825197 0.846173 0.856080 0.839535 0.825569 0.813989 0.804640 0.797404 0.792188 0.788927 0.787583 0.788140 0.790603 0.795002 0.801392 0.809853 0.820492 0.833449 0.848899 0.867061 0.888204 0.912658 0.940827 0.973209 1.000000 0.956279 0.918340 0.885348 0.856637 0.831670 0.810013 0.791314 0.775284 0.761689 0.750339 0.741081 0.733796 0.728390 0.724796 0.722971 0.722892 0.724558 0.727990 0.719849 0.711918 0.705841 0.701543 0.698971 0.698093 0.698899 0.701399 0.705622 0.711622 0.719472 0.729274 0.741157 0.755284 0.771855 0.791117 0.785115 0.779231 0.775287 0.773237 0.773055 0.774740 0.778310 0.783811 0.791310 0.800902 0.812711 0.826896 0.843653 0.863225 0.885913 0.912082 0.942183 0.976771 0.969574 0.939047 0.912516 0.889526 0.869710 0.852767 0.838454 0.826571 0.816961 0.809499 0.804092 0.800673 0.799200 0.799656 0.802045 0.806397 0.812765 0.807492 0.790558 0.776151 0.764068 0.754144 0.746249 0.740283 0.736170 0.733862 0.733329 0.734565 0.737585 0.742426 0.749148 2450.000000 1.101970 0.892661
0.831242 0.764119 0.708605 0.662099 0.622729 0.589118 0.560229 0.535271 0.513626 0.494810 0.478435 0.464192 0.451829 0.441143 0.431967 0.424167 0.417631 0.412272 0.408019 0.404818 0.402630 0.401426 0.401194 0.401930 0.403642 0.406353 0.410094 0.414914 0.420875 0.428056 0.436555 0.446497 0.458031 0.471343 0.486659 0.504259 0.524492 0.547790 0.574703 0.605933 0.642388 0.685268 0.736181 0.797343 0.871878 0.964348 1.000000 0.909141 0.835262 0.774213 0.723103 0.679860 0.642959 0.611254 0.583870 0.560125 0.539485 0.521524 0.505900 0.492336 0.480608 0.470534 0.461963 0.454774 0.448871 0.444175 0.440627 0.438183 0.436812 0.436498 0.437237 0.439037 0.441922 0.445927 0.451101 0.457512 0.465244 0.474405 0.485127 0.497570 0.511935 0.528464 0.547460 0.569294 0.594434 0.623468 0.657149 0.696450 0.742654 0.797482 0.781182 0.740647 0.705728 0.675507 0.649268 0.626444 0.606582 0.589317 0.574353 0.561449 0.550409 0.541073 0.533312 0.527022 0.522122 0.518550 0.516261 0.515229 0.515440 0.516897 0.519617 0.523635 0.528999 0.535779 0.544062 0.553961 0.565615 0.579195 0.594911 0.613022 0.633846 0.657774 0.685296 0.717023 0.753736 0.796433 0.846419 0.905427 1063.000000 1.333618 0.586380
0.606582 0.589317 0.574353 0.561449 0.550409 0.541073 0.533312 0.527022 0.522122 0.518550 0.516261 0.515229 0.515440 0.516897 0.519617 0.523635 0.528999 0.535779 0.544062 0.553961 0.565615 0.579195 0.594911 0.613022 0.633846 0.657774 0.685296 0.717023 0.753736 0.796433 0.846419 0.905427 0.831242 0.764119 0.708605 0.662099 0.622729 0.589118 0.560229 0.535271 0.513626 0.494810 0.478435 0.464192 0.451829 0.441143 0.431967 0.424167 0.417631 0.412272 0.408019 0.404818 0.402630 0.401426 0.401194 0.401930 0.403642 0.406353 0.410094 0.414914 0.420875 0.428056 0.436555 0.446497 0.458031 0.471343 0.486659 0.504259 0.524492 0.547790 0.574703 0.605933 0.642388 0.685268 0.736181 0.797343 0.871878 0.964348 1.000000 0.909141 0.835262 0.774213 0.723103 0.679860 0.642959 0.611254 0.583870 0.560125 0.539485 0.521524 0.505900 0.492336 0.480608 0.470534 0.461963 0.454774 0.448871 0.444175 0.440627 0.438183 0.436812 0.436498 0.437237 0.439037 0.441922 0.445927 0.451101 0.457512 0.465244 0.474405 0.485127 0.497570 0.511935 0.528464 0.547460 0.569294 0.594434 0.623468 0.657149 0.696450 0.742654 0.797482 0.781182 0.740647 0.705728 0.675507 0.649268 0.626444 1063.000000 1.333618 0.586380
0.448871 0.444175 0.440627 0.438183 0.436812 0.436498 0.437237 0.439037 0.441922 0.445927 0.451101 0.457512 0.465244 0.474405 0.485127 0.497570 0.511935 0.528464 0.547460 0.569294 0.594434 0.623468 0.657149 0.696450 0.742654 0.797482 0.781182 0.740647 0.705728 0.675507 0.649268 0.626444 0.606582 0.589317 0.574353 0.561449 0.550409 0.541073 0.533312 0.527022 0.522122 0.518550 0.516261 0.515229 0.515440 0.516897 0.519617 0.523635 0.528999 0.535779 0.544062 0.553961 0.565615 0.579195 0.594911 0.613022 0.633846 0.657774 0.685296 0.717023 0.753736 0.796433 0.846419 0.905427 0.831242 0.764119 0.708605 0.662099 0.622729 0.589118 0.560229 0.535271 0.513626 0.494810 0.478435 0.464192 0.451829 0.441143 0.431967 0.424167 0.417631 0.412272 0.408019 0.404818 0.402630 0.401426 0.401194 0.401930 0.403642 0.406353 0.410094 0.414914 0.420875 0.428056 0.436555 0.446497 0.458031 0.471343 0.486659 0.504259 0.524492 0.547790 0.574703 0.605933 0.642388 0.685268 0.736181 0.797343 0.871878 0.964348 1.000000 0.909141 0.835262 0.774213 0.723103 0.679860 0.642959 0.611254 0.583870 0.560125 0.539485 0.521524 0.505900 0.492336 0.480608 0.470534 0.461963 0.454774 1063.000000 1.333618 0.586380
0.458031 0.471343 0.486659 0.504259 0.524492 0.547790 0.574703 0.605933 0.642388 0.685268 0.736181 0.797343 0.871878 0.964348 1.000000 0.909141 0.835262 0.774213 0.723103 0.679860 0.642959 0.611254 0.583870 0.560125 0.539485 0.521524 0.505900 0.492336 0.480608 0.470534 0.461963 0.454774 0.448871 0.444175 0.440627 0.438183 0.436812 0.436498 0.437237 0.439037 0.441922 0.445927 0.451101 0.457512 0.465244 0.474405 0.485127 0.497570 0.511935 0.528464 0.547460 0.569294 0.594434 0.623468 0.657149 0.696450 0.742654 0.797482 0.781182 0.740647 0.705728 0.675507 0.649268 0.626444 0.606582 0.589317 0.574353 0.561449 0.550409 0.541073 0.533312 0.527022 0.522122 0.518550 0.516261 0.515229 0.515440 0.516897 0.519617 0.523635 0.528999 0.535779 0.544062 0.553961 0.565615 0.579195 0.594911 0.613022 0.633846 0.657774 0.685296 0.717023 0.753736 0.796433 0.846419 0.905427 0.831242 0.764119 0.708605 0.662099 0.622729 0.589118 0.560229 0.535271 0.513626 0.494810 0.478435 0.464192 0.451829 0.441143 0.431967 0.424167 0.417631 0.412272 0.408019 0.404818 0.402630 0.401426 0.401194 0.401930 0.403642 0.406353 0.410094 0.414914 0.420875 0.428056 0.436555 0.446497 1063.000000 1.333618 0.586380
0.716252 0.755901 0.802243 0.856838 0.921788 1.000000 0.931651 0.873142 0.823415 0.780826 0.744130 0.712368 0.684788 0.660797 0.639920 0.621773 0.606047 0.592489 0.580893 0.571092 0.562949 0.556357 0.551231 0.547504 0.545133 0.544086 0.544353 0.545936 0.548854 0.553143 0.558857 0.566068 0.571613 0.561858 0.553742 0.547157 0.542017 0.538257 0.535831 0.534709 0.534878 0.536339 0.539111 0.543227 0.548738 0.555715 0.564249 0.574454 0.586474 0.600485 0.616704 0.635397 0.656890 0.681588 0.709993 0.742735 0.780615 0.824660 0.876209 0.871520 0.826476 0.787664 0.754069 0.724897 0.699521 0.677438 0.658244 0.641611 0.627271 0.615008 0.604644 0.596035 0.589067 0.583650 0.579716 0.577216 0.576119 0.576412 0.578099 0.581200 0.585753 0.591815 0.599464 0.608798 0.619945 0.633061 0.648339 0.666018 0.686388 0.709807 0.736718 0.767672 0.803362 0.808037 0.760839 0.720489 0.685773 0.655756 0.629710 0.607060 0.587349 0.570208 0.555339 0.542500 0.531492 0.522155 0.514359 0.507997 0.502988 0.499268 0.496790 0.495525 0.495456 0.496584 0.498922 0.502498 0.507357 0.513560 0.521188 0.530342 0.541151 0.553772 0.568397 0.585264 0.604664 0.626956 0.652587 0.682116 2301.000000 1.277369 0.704460
0.685773 0.655756 0.629710 0.607060 0.587349 0.570208 0.555339 0.542500 0.531492 0.522155 0.514359 0.507997 0.502988 0.499268 0.496790 0.495525 0.495456 0.496584 0.498922 0.502498 0.507357 0.513560 0.521188 0.530342 0.541151 0.553772 0.568397 0.585264 0.604664 0.626956 0.652587 0.682116 0.716252 0.755901 0.802243 0.856838 0.921788 1.000000 0.931651 0.873142 0.823415 0.780826 0.744130 0.712368 0.684788 0.660797 0.639920 0.621773 0.606047 0.592489 0.580893 0.571092 0.562949 0.556357 0.551231 0.547504 0.545133 0.544086 0.544353 0.545936 0.548854 0.553143 0.558857 0.566068 0.571613 0.561858 0.553742 0.547157 0.542017 0.538257 0.535831 0.534709 0.534878 0.536339 0.539111 0.543227 0.548738 0.555715 0.564249 0.574454 0.586474 0.600485 0.616704 0.635397 0.656890 0.681588 0.709993 0.742735 0.780615 0.824660 0.876209 0.871520 0.826476 0.787664 0.754069 0.724897 0.699521 0.677438 0.658244 0.641611 0.627271 0.615008 0.604644 0.596035 0.589067 0.583650 0.579716 0.577216 0.576119 0.576412 0.578099 0.581200 0.585753 0.591815 0.599464 0.608798 0.619945 0.633061 0.648339 0.666018 0.686388 0.709807 0.736718 0.767672 0.803362 0.808037 0.760839 0.720489 2301.000000 1.277369 0.704460
0.699521 0.677438 0.658244 0.641611 0.627271 0.615008 0.604644 0.596035 0.589067 0.583650 0.579716 0.577216 0.576119 0.576412 0.578099 0.581200 0.585753 0.591815 0.599464 0.608798 0.619945 0.633061 0.648339 0.666018 0.686388 0.709807 0.736718 0.767672 0.803362 0.808037 0.760839 0.720489 0.685773 0.655756 0.629710 0.607060 0.587349 0.570208 0.555339 0.542500 0.531492 0.522155 0.514359 0.507997 0.502988 0.499268 0.496790 0.495525 0.495456 0.496584 0.498922 0.502498 0.507357 0.513560 0.521188 0.530342 0.541151 0.553772 0.568397 0.585264 0.604664 0.626956 0.652587 0.682116 0.716252 0.755901 0.802243 0.856838 0.921788 1.000000 0.931651 0.873142 0.823415 0.780826 0.744130 0.712368 0.684788 0.660797 0.639920 0.621773 0.606047 0.592489 0.580893 0.571092 0.562949 0.556357 0.551231 0.547504 0.545133 0.544086 0.544353 0.545936 0.548854 0.553143 0.558857 0.566068 0.571613 0.561858 0.553742 0.547157 0.542017 0.538257 0.535831 0.534709 0.534878 0.536339 0.539111 0.543227 0.548738 0.555715 0.564249 0.574454 0.586474 0.600485 0.616704 0.635397 0.656890 0.681588 0.709993 0.742735 0.780615 0.824660 0.876209 0.871520 0.826476 0.787664 0.754069 0.724897 2301.000000 1.277369 0.704460
0.571613 0.561858 0.553742 0.547157 0.542017 0.538257 0.535831 0.534709 0.534878 0.536339 0.539111 0.543227 0.548738 0.555715 0.564249 0.574454 0.586474 0.600485 0.616704 0.635397 0.656890 0.681588 0.709993 0.742735 0.780615 0.824660 0.876209 0.871520 0.826476 0.787664 0.754069 0.724897 0.699521 0.677438 0.658244 0.641611 0.627271 0.615008 0.604644 0.596035 0.589067 0.583650 0.579716 0.577216 0.576119 0.576412 0.578099 0.581200 0.585753 0.591815 0.599464 0.608798 0.619945 0.633061 0.648339 0.666018 0.686388 0.709807 0.736718 0.767672 0.803362 0.808037 0.760839 0.720489 0.685773 0.655756 0.629710 0.607060 0.587349 0.570208 0.555339 0.542500 0.531492 0.522155 0.514359 0.507997 0.502988 0.499268 0.496790 0.495525 0.495456 0.496584 0.498922 0.502498 0.507357 0.513560 0.521188 0.530342 0.541151 0.553772 0.568397 0.585264 0.604664 0.626956 0.652587 0.682116 0.716252 0.755901 0.802243 0.856838 0.921788 1.000000 0.931651 0.873142 0.823415 0.780826 0.744130 0.712368 0.684788 0.660797 0.639920 0.621773 0.606047 0.592489 0.580893 0.571092 0.562949 0.556357 0.551231 0.547504 0.545133 0.544086 0.544353 0.545936 0.548854 0.553143 0.558857 0.566068 2301.000000 1.277369 0.704460
0.500983 0.516627 0.534610 0.555275 0.579053 0.606486 0.638260 0.675265 0.694419 0.679831 0.667418 0.657005 0.648450 0.641640 0.636490 0.632934 0.630930 0.630452 0.631494 0.634071 0.638212 0.643970 0.651415 0.660646 0.671783 0.684980 0.700428 0.718359 0.739060 0.762881 0.790256 0.809784 0.766237 0.728800 0.696450 0.668392 0.643999 0.622771 0.604307 0.588283 0.574434 0.562547 0.552446 0.543988 0.537060 0.531571 0.527451 0.524648 0.523128 0.522873 0.523880 0.526161 0.529743 0.534672 0.541008 0.548835 0.558256 0.569402 0.582433 0.597549 0.614991 0.601072 0.583149 0.567592 0.554143 0.542594 0.532774 0.524544 0.517793 0.512433 0.508394 0.505628 0.504099 0.503789 0.504694 0.506827 0.510211 0.514890 0.520922 0.528385 0.537379 0.548027 0.560483 0.574935 0.591616 0.610809 0.632865 0.658219 0.687414 0.721136 0.760265 0.805936 0.859648 0.923414 1.000000 0.922942 0.845409 0.781630 0.728431 0.683554 0.645350 0.612589 0.584332 0.559857 0.538594 0.520095 0.503999 0.490014 0.477904 0.467477 0.458577 0.451076 0.444870 0.439879 0.436037 0.433296 0.431623 0.430997 0.431411 0.432869 0.435390 0.439004 0.443756 0.449708 0.456937 0.465542 0.475646 0.487398 522.000000 1.544842 0.711833
0.845409 0.781630 0.728431 0.683554 0.645350 0.612589 0.584332 0.559857 0.538594 0.520095 0.503999 0.490014 0.477904 0.467477 0.458577 0.451076 0.444870 0.439879 0.436037 0.433296 0.431623 0.430997 0.431411 0.432869 0.435390 0.439004 0.443756 0.449708 0.456937 0.465542 0.475646 0.487398 0.500983 0.516627 0.534610 0.555275 0.579053 0.606486 0.638260 0.675265 0.694419 0.679831 0.667418 0.657005 0.648450 0.641640 0.636490 0.632934 0.630930 0.630452 0.631494 0.634071 0.638212 0.643970 0.651415 0.660646 0.671783 0.684980 0.700428 0.718359 0.739060 0.762881 0.790256 0.809784 0.766237 0.728800 0.696450 0.668392 0.643999 0.622771 0.604307 0.588283 0.574434 0.562547 0.552446 0.543988 0.537060 0.531571 0.527451 0.524648 0.523128 0.522873 0.523880 0.526161 0.529743 0.534672 0.541008 0.548835 0.558256 0.569402 0.582433 0.597549 0.614991 0.601072 0.583149 0.567592 0.554143 0.542594 0.532774 0.524544 0.517793 0.512433 0.508394 0.505628 0.504099 0.503789 0.504694 0.506827 0.510211 0.514890 0.520922 0.528385 0.537379 0.548027 0.560483 0.574935 0.591616 0.610809 0.632865 0.658219 0.687414 0.721136 0.760265 0.805936 0.859648 0.923414 1.000000 0.922942 522.000000 1.544842 0.711833
0.554143 0.542594 0.532774 0.524544 0.517793 0.512433 0.508394 0.505628 0.504099 0.503789 0.504694 0.506827 0.510211 0.514890 0.520922 0.528385 0.537379 0.548027 0.560483 0.574935 0.591616 0.610809 0.632865 0.658219 0.687414 0.721136 0.760265 0.805936 0.859648 0.923414 1.000000 0.922942 0.845409 0.781630 0.728431 0.683554 0.645350 0.612589 0.584332 0.559857 0.538594 0.520095 0.503999 0.490014 0.477904 0.467477 0.458577 0.451076 0.444870 0.439879 0.436037 0.433296 0.431623 0.430997 0.431411 0.432869 0.435390 0.439004 0.443756 0.449708 0.456937 0.465542 0.475646 0.487398 0.500983 0.516627 0.534610 0.555275 0.579053 0.606486 0.638260 0.675265 0.694419 0.679831 0.667418 0.657005 0.648450 0.641640 0.636490 0.632934 0.630930 0.630452 0.631494 0.634071 0.638212 0.643970 0.651415 0.660646 0.671783 0.684980 0.700428 0.718359 0.739060 0.762881 0.790256 0.809784 0.766237 0.728800 0.696450 0.668392 0.643999 0.622771 0.604307 0.588283 0.574434 0.562547 0.552446 0.543988 0.537060 0.531571 0.527451 0.524648 0.523128 0.522873 0.523880 0.526161 0.529743 0.534672 0.541008 0.548835 0.558256 0.569402 0.582433 0.597549 0.614991 0.601072 0.583149 0.567592 522.000000 1.544842 0.711833
0.766237 0.728800 0.696450 0.668392 0.643999 0.622771 0.604307 0.588283 0.574434 0.562547 0.552446 0.543988 0.537060 0.531571 0.527451 0.524648 0.523128 0.522873 0.523880 0.526161 0.529743 0.534672 0.541008 0.548835 0.558256 0.569402 0.582433 0.597549 0.614991 0.601072 0.583149 0.567592 0.554143 0.542594 0.532774 0.524544 0.517793 0.512433 0.508394 0.505628 0.504099 0.503789 0.504694 0.506827 0.510211 0.514890 0.520922 0.528385 0.537379 0.548027 0.560483 0.574935 0.591616 0.610809 0.632865 0.658219 0.687414 0.721136 0.760265 0.805936 0.859648 0.923414 1.000000 0.922942 0.845409 0.781630 0.728431 0.683554 0.645350 0.612589 0.584332 0.559857 0.538594 0.520095 0.503999 0.490014 0.477904 0.467477 0.458577 0.451076 0.444870 0.439879 0.436037 0.433296 0.431623 0.430997 0.431411 0.432869 0.435390 0.439004 0.443756 0.449708 0.456937 0.465542 0.475646 0.487398 0.500983 0.516627 0.534610 0.555275 0.579053 0.606486 0.638260 0.675265 0.694419 0.679831 0.667418 0.657005 0.648450 0.641640 0.636490 0.632934 0.630930 0.630452 0.631494 0.634071 0.638212 0.643970 0.651415 0.660646 0.671783 0.684980 0.700428 0.718359 0.739060 0.762881 0.790256 0.809784 522.000000 1.544842 0.711833
0.686527 0.673568 0.662655 0.653640 0.646403 0.640852 0.636917 0.634548 0.633719 0.634418 0.636654 0.640454 0.645866 0.652955 0.661815 0.672560 0.685339 0.700332 0.717764 0.737909 0.761104 0.787763 0.818401 0.853659 0.894343 0.941480 0.890386 0.827288 0.774282 0.729312 0.690851 0.657749 0.629120 0.604274 0.582667 0.563863 0.547513 0.533332 0.521092 0.510603 0.501713 0.494297 0.488257 0.483514 0.480006 0.477692 0.476543 0.476544 0.477697 0.480014 0.483524 0.488271 0.494314 0.501733 0.510627 0.521120 0.533365 0.547550 0.563906 0.582717 0.604332 0.629186 0.657825 0.690939 0.729414 0.774403 0.827430 0.890557 0.966632 1.000000 0.936609 0.882775 0.836700 0.797021 0.762689 0.732885 0.706962 0.684402 0.664790 0.647788 0.633121 0.620565 0.609938 0.601093 0.593911 0.588300 0.584187 0.581523 0.580274 0.580426 0.581981 0.584957 0.589391 0.595338 0.602873 0.612095 0.623128 0.636126 0.651281 0.668826 0.689048 0.712301 0.738263 0.715517 0.695756 0.678649 0.663924 0.651360 0.640778 0.632033 0.625008 0.619615 0.615784 0.613469 0.612642 0.613293 0.615429 0.619076 0.624281 0.631106 0.639641 0.649997 0.662315 0.676772 0.693582 0.713009 0.719371 0.701719 5118.000000 1.256960 0.718598
0.623128 0.636126 0.651281 0.668826 0.689048 0.712301 0.738263 0.715517 0.695756 0.678649 0.663924 0.651360 0.640778 0.632033 0.625008 0.619615 0.615784 0.613469 0.612642 0.613293 0.615429 0.619076 0.624281 0.631106 0.639641 0.649997 0.662315 0.676772 0.693582 0.713009 0.719371 0.701719 0.686527 0.673568 0.662655 0.653640 0.646403 0.640852 0.636917 0.634548 0.633719 0.634418 0.636654 0.640454 0.645866 0.652955 0.661815 0.672560 0.685339 0.700332 0.717764 0.737909 0.761104 0.787763 0.818401 0.853659 0.894343 0.941480 0.890386 0.827288 0.774282 0.729312 0.690851 0.657749 0.629120 0.604274 0.582667 0.563863 0.547513 0.533332 0.521092 0.510603 0.501713 0.494297 0.488257 0.483514 0.480006 0.477692 0.476543 0.476544 0.477697 0.480014 0.483524 0.488271 0.494314 0.501733 0.510627 0.521120 0.533365 0.547550 0.563906 0.582717 0.604332 0.629186 0.657825 0.690939 0.729414 0.774403 0.827430 0.890557 0.966632 1.000000 0.936609 0.882775 0.836700 0.797021 0.762689 0.732885 0.706962 0.684402 0.664790 0.647788 0.633121 0.620565 0.609938 0.601093 0.593911 0.588300 0.584187 0.581523 0.580274 0.580426 0.581981 0.584957 0.589391 0.595338 0.602873 0.612095 5118.000000 1.256960 0.718598
0.729414 0.774403 0.827430 0.890557 0.966632 1.000000 0.936609 0.882775 0.836700 0.797021 0.762689 0.732885 0.706962 0.684402 0.664790 0.647788 0.633121 0.620565 0.609938 0.601093 0.593911 0.588300 0.584187 0.581523 0.580274 0.580426 0.581981 0.584957 0.589391 0.595338 0.602873 0.612095 0.623128 0.636126 0.651281 0.668826 0.689048 0.712301 0.738263 0.715517 0.695756 0.678649 0.663924 0.651360 0.640778 0.632033 0.625008 0.619615 0.615784 0.613469 0.612642 0.613293 0.615429 0.619076 0.624281 0.631106 0.639641 0.649997 0.662315 0.676772 0.693582 0.713009 0.719371 0.701719 0.686527 0.673568 0.662655 0.653640 0.646403 0.640852 0.636917 0.634548 0.633719 0.634418 0.636654 0.640454 0.645866 0.652955 0.661815 0.672560 0.685339 0.700332 0.717764 0.737909 0.761104 0.787763 0.818401 0.853659 0.894343 0.941480 0.890386 0.827288 0.774282 0.729312 0.690851 0.657749 0.629120 0.604274 0.582667 0.563863 0.547513 0.533332 0.521092 0.510603 0.501713 0.494297 0.488257 0.483514 0.480006 0.477692 0.476543 0.476544 0.477697 0.480014 0.483524 0.488271 0.494314 0.501733 0.510627 0.521120 0.533365 0.547550 0.563906 0.582717 0.604332 0.629186 0.657825 0.690939 5118.000000 1.256960 0.718598
0.629120 0.604274 0.582667 0.563863 0.547513 0.533332 0.521092 0.510603 0.501713 0.494297 0.488257 0.483514 0.480006 0.477692 0.476543 0.476544 0.477697 0.480014 0.483524 0.488271 0.494314 0.501733 0.510627 0.521120 0.533365 0.547550 0.563906 0.582717 0.604332 0.629186 0.657825 0.690939 0.729414 0.774403 0.827430 0.890557 0.966632 1.000000 0.936609 0.882775 0.836700 0.797021 0.762689 0.732885 0.706962 0.684402 0.664790 0.647788 0.633121 0.620565 0.609938 0.601093 0.593911 0.588300 0.584187 0.581523 0.580274 0.580426 0.581981 0.584957 0.589391 0.595338 0.602873 0.612095 0.623128 0.636126 0.651281 0.668826 0.689048 0.712301 0.738263 0.715517 0.695756 0.678649 0.663924 0.651360 0.640778 0.632033 0.625008 0.619615 0.615784 0.613469 0.612642 0.613293 0.615429 0.619076 0.624281 0.631106 0.639641 0.649997 0.662315 0.676772 0.693582 0.713009 0.719371 0.701719 0.686527 0.673568 0.662655 0.653640 0.646403 0.640852 0.636917 0.634548 0.633719 0.634418 0.636654 0.640454 0.645866 0.652955 0.661815 0.672560 0.685339 0.700332 0.717764 0.737909 0.761104 0.787763 0.818401 0.853659 0.894343 0.941480 0.890386 0.827288 0.774282 0.729312 0.690851 0.657749 5118.000000 1.256960 0.718598
0.775813 0.754291 0.735655 0.719609 0.705912 0.694369 0.684821 0.677141 0.671230 0.667014 0.664442 0.663482 0.664122 0.666370 0.670254 0.675821 0.683141 0.692307 0.703440 0.716692 0.732251 0.750348 0.771267 0.795357 0.823048 0.797031 0.774325 0.754645 0.737674 0.723153 0.710872 0.700661 0.692383 0.685932 0.681226 0.678207 0.676838 0.677103 0.679004 0.682564 0.687828 0.694861 0.703752 0.714618 0.727604 0.742895 0.760713 0.781336 0.805102 0.832427 0.863826 0.899940 0.941573 0.989744 1.000000 0.955752 0.917371 0.884000 0.854960 0.829702 0.807784 0.788845 0.772593 0.758788 0.747236 0.737782 0.730301 0.724699 0.720905 0.718874 0.718580 0.720021 0.723213 0.728196 0.735031 0.743804 0.748896 0.732792 0.719063 0.707512 0.697980 0.690344 0.684503 0.680386 0.677942 0.677141 0.677972 0.680448 0.684596 0.690469 0.698141 0.707708 0.719299 0.733071 0.749221 0.767990 0.789675 0.794830 0.778333 0.764310 0.752565 0.742938 0.735303 0.729564 0.725647 0.723507 0.723115 0.724469 0.727584 0.732498 0.739272 0.747991 0.758768 0.771746 0.787105 0.805067 0.825904 0.849951 0.877617 0.909410 0.945957 0.988044 0.993346 0.942928 0.899443 0.861776 0.829055 0.800585 1712.500000 1.209305 0.824706
0.789675 0.794830 0.778333 0.764310 0.752565 0.742938 0.735303 0.729564 0.725647 0.723507 0.723115 0.724469 0.727584 0.732498 0.739272 0.747991 0.758768 0.771746 0.787105 0.805067 0.825904 0.849951 0.877617 0.909410 0.945957 0.988044 0.993346 0.942928 0.899443 0.861776 0.829055 0.800585 0.775813 0.754291 0.735655 0.719609 0.705912 0.694369 0.684821 0.677141 0.671230 0.667014 0.664442 0.663482 0.664122 0.666370 0.670254 0.675821 0.683141 0.692307 0.703440 0.716692 0.732251 0.750348 0.771267 0.795357 0.823048 0.797031 0.774325 0.754645 0.737674 0.723153 0.710872 0.700661 0.692383 0.685932 0.681226 0.678207 0.676838 0.677103 0.679004 0.682564 0.687828 0.694861 0.703752 0.714618 0.727604 0.742895 0.760713 0.781336 0.805102 0.832427 0.863826 0.899940 0.941573 0.989744 1.000000 0.955752 0.917371 0.884000 0.854960 0.829702 0.807784 0.788845 0.772593 0.758788 0.747236 0.737782 0.730301 0.724699 0.720905 0.718874 0.718580 0.720021 0.723213 0.728196 0.735031 0.743804 0.748896 0.732792 0.719063 0.707512 0.697980 0.690344 0.684503 0.680386 0.677942 0.677141 0.677972 0.680448 0.684596 0.690469 0.698141 0.707708 0.719299 0.733071 0.749221 0.767990 1712.500000 1.209305 0.824706
0.747236 0.737782 0.730301 0.724699 0.720905 0.718874 0.718580 0.720021 0.723213 0.728196 0.735031 0.743804 0.748896 0.732792 0.719063 0.707512 0.697980 0.690344 0.684503 0.680386 0.677942 0.677141 0.677972 0.680448 0.684596 0.690469 0.698141 0.707708 0.719299 0.733071 0.749221 0.767990 0.789675 0.794830 0.778333 0.764310 0.752565 0.742938 0.735303 0.729564 0.725647 0.723507 0.723115 0.724469 0.727584 0.732498 0.739272 0.747991 0.758768 0.771746 0.787105 0.805067 0.825904 0.849951 0.877617 0.909410 0.945957 0.988044 0.993346 0.942928 0.899443 0.861776 0.829055 0.800585 0.775813 0.754291 0.735655 0.719609 0.705912 0.694369 0.684821 0.677141 0.671230 0.667014 0.664442 0.663482 0.664122 0.666370 0.670254 0.675821 0.683141 0.692307 0.703440 0.716692 0.732251 0.750348 0.771267 0.795357 0.823048 0.797031 0.774325 0.754645 0.737674 0.723153 0.710872 0.700661 0.692383 0.685932 0.681226 0.678207 0.676838 0.677103 0.679004 0.682564 0.687828 0.694861 0.703752 0.714618 0.727604 0.742895 0.760713 0.781336 0.805102 0.832427 0.863826 0.899940 0.941573 0.989744 1.000000 0.955752 0.917371 0.884000 0.854960 0.829702 0.807784 0.788845 0.772593 0.758788 1712.500000 1.209305 0.824706
0.692383 0.685932 0.681226 0.678207 0.676838 0.677103 0.679004 0.682564 0.687828 0.694861 0.703752 0.714618 0.727604 0.742895 0.760713 0.781336 0.805102 0.832427 0.863826 0.899940 0.941573 0.989744 1.000000 0.955752 0.917371 0.884000 0.854960 0.829702 0.807784 0.788845 0.772593 0.758788 0.747236 0.737782 0.730301 0.724699 0.720905 0.718874 0.718580 0.720021 0.723213 0.728196 0.735031 0.743804 0.748896 0.732792 0.719063 0.707512 0.697980 0.690344 0.684503 0.680386 0.677942 0.677141 0.677972 0.680448 0.684596 0.690469 0.698141 0.707708 0.719299 0.733071 0.749221 0.767990 0.789675 0.794830 0.778333 0.764310 0.752565 0.742938 0.735303 0.729564 0.725647 0.723507 0.723115 0.724469 0.727584 0.732498 0.739272 0.747991 0.758768 0.771746 0.787105 0.805067 0.825904 0.849951 0.877617 0.909410 0.945957 0.988044 0.993346 0.942928 0.899443 0.861776 0.829055 0.800585 0.775813 0.754291 0.735655 0.719609 0.705912 0.694369 0.684821 0.677141 0.671230 0.667014 0.664442 0.663482 0.664122 0.666370 0.670254 0.675821 0.683141 0.692307 0.703440 0.716692 0.732251 0.750348 0.771267 0.795357 0.823048 0.797031 0.774325 0.754645 0.737674 0.723153 0.710872 0.700661 1712.500000 1.209305 0.824706
0.939895 0.877580 0.824877 0.779919 0.741301 0.707952 0.679041 0.653911 0.632043 0.613020 0.596503 0.582219 0.569944 0.559496 0.550727 0.543517 0.537773 0.533421 0.530406 0.528691 0.528256 0.529095 0.531219 0.534653 0.539439 0.545639 0.553331 0.562618 0.573628 0.586518 0.601483 0.618762 0.638647 0.661498 0.687765 0.718004 0.752922 0.757407 0.729882 0.705928 0.685095 0.667017 0.651397 0.637994 0.626611 0.617087 0.609294 0.603131 0.598518 0.595399 0.593735 0.593507 0.594710 0.597361 0.601491 0.607151 0.614413 0.623370 0.634143 0.646881 0.661768 0.679031 0.698947 0.721858 0.748186 0.778454 0.813315 0.799235 0.772068 0.748432 0.727901 0.710132 0.694843 0.681807 0.670837 0.661784 0.654528 0.648976 0.645058 0.642726 0.641951 0.642726 0.645058 0.648976 0.654528 0.661784 0.670837 0.681807 0.694843 0.710132 0.721555 0.688780 0.660374 0.635689 0.614210 0.595522 0.579292 0.565250 0.553172 0.542881 0.534229 0.527099 0.521396 0.517047 0.513998 0.512212 0.511666 0.512355 0.514286 0.517483 0.521985 0.527849 0.535151 0.543986 0.554476 0.566770 0.581054 0.597554 0.616546 0.638373 0.663460 0.692336 0.725667 0.764304 0.809346 0.862236 0.924907 1.000000 5803.500000 1.287972 0.743544
0.579292 0.565250 0.553172 0.542881 0.534229 0.527099 0.521396 0.517047 0.513998 0.512212 0.511666 0.512355 0.514286 0.517483 0.521985 0.527849 0.535151 0.543986 0.554476 0.566770 0.581054 0.597554 0.616546 0.638373 0.663460 0.692336 0.725667 0.764304 0.809346 0.862236 0.924907 1.000000 0.939895 0.877580 0.824877 0.779919 0.741301 0.707952 0.679041 0.653911 0.632043 0.613020 0.596503 0.582219 0.569944 0.559496 0.550727 0.543517 0.537773 0.533421 0.530406 0.528691 0.528256 0.529095 0.531219 0.534653 0.539439 0.545639 0.553331 0.562618 0.573628 0.586518 0.601483 0.618762 0.638647 0.661498 0.687765 0.718004 0.752922 0.757407 0.729882 0.705928 0.685095 0.667017 0.651397 0.637994 0.626611 0.617087 0.609294 0.603131 0.598518 0.595399 0.593735 0.593507 0.594710 0.597361 0.601491 0.607151 0.614413 0.623370 0.634143 0.646881 0.661768 0.679031 0.698947 0.721858 0.748186 0.778454 0.813315 0.799235 0.772068 0.748432 0.727901 0.710132 0.694843 0.681807 0.670837 0.661784 0.654528 0.648976 0.645058 0.642726 0.641951 0.642726 0.645058 0.648976 0.654528 0.661784 0.670837 0.681807 0.694843 0.710132 0.721555 0.688780 0.660374 0.635689 0.614210 0.595522 5803.500000 1.287972 0.743544
0.748186 0.778454 0.813315 0.799235 0.772068 0.748432 0.727901 0.710132 0.694843 0.681807 0.670837 0.661784 0.654528 0.648976 0.645058 0.642726 0.641951 0.642726 0.645058 0.648976 0.654528 0.661784 0.670837 0.681807 0.694843 0.710132 0.721555 0.688780 0.660374 0.635689 0.614210 0.595522 0.579292 0.565250 0.553172 0.542881 0.534229 0.527099 0.521396 0.517047 0.513998 0.512212 0.511666 0.512355 0.514286 0.517483 0.521985 0.527849 0.535151 0.543986 0.554476 0.566770 0.581054 0.597554 0.616546 0.638373 0.663460 0.692336 0.725667 0.764304 0.809346 0.862236 0.924907 1.000000 0.939895 0.877580 0.824877 0.779919 0.741301 0.707952 0.679041 0.653911 0.632043 0.613020 0.596503 0.582219 0.569944 0.559496 0.550727 0.543517 0.537773 0.533421 0.530406 0.528691 0.528256 0.529095 0.531219 0.534653 0.539439 0.545639 0.553331 0.562618 0.573628 0.586518 0.601483 0.618762 0.638647 0.661498 0.687765 0.718004 0.752922 0.757407 0.729882 0.705928 0.685095 0.667017 0.651397 0.637994 0.626611 0.617087 0.609294 0.603131 0.598518 0.595399 0.593735 0.593507 0.594710 0.597361 0.601491 0.607151 0.614413 0.623370 0.634143 0.646881 0.661768 0.679031 0.698947 0.721858 5803.500000 1.287972 0.743544
0.638647 0.661498 0.687765 0.718004 0.752922 0.757407 0.729882 0.705928 0.685095 0.667017 0.651397 0.637994 0.626611 0.617087 0.609294 0.603131 0.598518 0.595399 0.593735 0.593507 0.594710 0.597361 0.601491 0.607151 0.614413 0.623370 0.634143 0.646881 0.661768 0.679031 0.698947 0.721858 0.748186 0.778454 0.813315 0.799235 0.772068 0.748432 0.727901 0.710132 0.694843 0.681807 0.670837 0.661784 0.654528 0.648976 0.645058 0.642726 0.641951 0.642726 0.645058 0.648976 0.654528 0.661784 0.670837 0.681807 0.694843 0.710132 0.721555 0.688780 0.660374 0.635689 0.614210 0.595522 0.579292 0.565250 0.553172 0.542881 0.534229 0.527099 0.521396 0.517047 0.513998 0.512212 0.511666 0.512355 0.514286 0.517483 0.521985 0.527849 0.535151 0.543986 0.554476 0.566770 0.581054 0.597554 0.616546 0.638373 0.663460 0.692336 0.725667 0.764304 0.809346 0.862236 0.924907 1.000000 0.939895 0.877580 0.824877 0.779919 0.741301 0.707952 0.679041 0.653911 0.632043 0.613020 0.596503 0.582219 0.569944 0.559496 0.550727 0.543517 0.537773 0.533421 0.530406 0.528691 0.528256 0.529095 0.531219 0.534653 0.539439 0.545639 0.553331 0.562618 0.573628 0.586518 0.601483 0.618762 5803.500000 1.287972 0.743544
0.679103 0.686953 0.696685 0.708427 0.722342 0.738629 0.757535 0.779362 0.804478 0.833342 0.866520 0.904719 0.948832 1.000000 0.947015 0.890774 0.842756 0.801481 0.765820 0.734891 0.708004 0.684605 0.664253 0.646588 0.631320 0.618212 0.607069 0.597736 0.590085 0.584017 0.579454 0.576340 0.574635 0.574163 0.574959 0.577149 0.580761 0.585838 0.592445 0.600666 0.610610 0.622414 0.636246 0.652314 0.670872 0.692234 0.716785 0.745002 0.777482 0.814975 0.851424 0.854751 0.860185 0.867792 0.877668 0.889940 0.904770 0.922363 0.942971 0.966903 0.992390 0.934677 0.885323 0.842849 0.806116 0.774239 0.746518 0.722392 0.701415 0.683220 0.667513 0.654053 0.642642 0.633121 0.625363 0.619267 0.614755 0.611772 0.610280 0.610263 0.611718 0.612946 0.612852 0.614237 0.617118 0.621531 0.627530 0.635192 0.644614 0.655925 0.669280 0.684875 0.702948 0.723792 0.747766 0.775314 0.794767 0.789263 0.785714 0.784078 0.784335 0.786486 0.790560 0.796605 0.804696 0.814938 0.827462 0.842438 0.860077 0.866625 0.833266 0.804246 0.778993 0.757045 0.738030 0.721642 0.707634 0.695804 0.685988 0.678056 0.671906 0.667460 0.664663 0.663481 0.663900 0.665924 0.668669 0.673034 1997.500000 1.164401 0.790658
0.794767 0.789263 0.785714 0.784078 0.784335 0.786486 0.790560 0.796605 0.804696 0.814938 0.827462 0.842438 0.860077 0.866625 0.833266 0.804246 0.778993 0.757045 0.738030 0.721642 0.707634 0.695804 0.685988 0.678056 0.671906 0.667460 0.664663 0.663481 0.663900 0.665924 0.668669 0.673034 0.679103 0.686953 0.696685 0.708427 0.722342 0.738629 0.757535 0.779362 0.804478 0.833342 0.866520 0.904719 0.948832 1.000000 0.947015 0.890774 0.842756 0.801481 0.765820 0.734891 0.708004 0.684605 0.664253 0.646588 0.631320 0.618212 0.607069 0.597736 0.590085 0.584017 0.579454 0.576340 0.574635 0.574163 0.574959 0.577149 0.580761 0.585838 0.592445 0.600666 0.610610 0.622414 0.636246 0.652314 0.670872 0.692234 0.716785 0.745002 0.777482 0.814975 0.851424 0.854751 0.860185 0.867792 0.877668 0.889940 0.904770 0.922363 0.942971 0.966903 0.992390 0.934677 0.885323 0.842849 0.806116 0.774239 0.746518 0.722392 0.701415 0.683220 0.667513 0.654053 0.642642 0.633121 0.625363 0.619267 0.614755 0.611772 0.610280 0.610263 0.611718 0.612946 0.612852 0.614237 0.617118 0.621531 0.627530 0.635192 0.644614 0.655925 0.669280 0.684875 0.702948 0.723792 0.747766 0.775314 1997.500000 1.164401 0.790658
0.806116 0.774239 0.746518 0.722392 0.701415 0.683220 0.667513 0.654053 0.642642 0.633121 0.625363 0.619267 0.614755 0.611772 0.610280 0.610263 0.611718 0.612946 0.612852 0.614237 0.617118 0.621531 0.627530 0.635192 0.644614 0.655925 0.669280 0.684875 0.702948 0.723792 0.747766 0.775314 0.794767 0.789263 0.785714 0.784078 0.784335 0.786486 0.790560 0.796605 0.804696 0.814938 0.827462 0.842438 0.860077 0.866625 0.833266 0.804246 0.778993 0.757045 0.738030 0.721642 0.707634 0.695804 0.685988 0.678056 0.671906 0.667460 0.664663 0.663481 0.663900 0.665924 0.668669 0.673034 0.679103 0.686953 0.696685 0.708427 0.722342 0.738629 0.757535 0.779362 0.804478 0.833342 0.866520 0.904719 0.948832 1.000000 0.947015 0.890774 0.842756 0.801481 0.765820 0.734891 0.708004 0.684605 0.664253 0.646588 0.631320 0.618212 0.607069 0.597736 0.590085 0.584017 0.579454 0.576340 0.574635 0.574163 0.574959 0.577149 0.580761 0.585838 0.592445 0.600666 0.610610 0.622414 0.636246 0.652314 0.670872 0.692234 0.716785 0.745002 0.777482 0.814975 0.851424 0.854751 0.860185 0.867792 0.877668 0.889940 0.904770 0.922363 0.942971 0.966903 0.992390 0.934677 0.885323 0.842849 1997.500000 1.164401 0.790658
0.574635 0.574163 0.574959 0.577149 0.580761 0.585838 0.592445 0.600666 0.610610 0.622414 0.636246 0.652314 0.670872 0.692234 0.716785 0.745002 0.777482 0.814975 0.851424 0.854751 0.860185 0.867792 0.877668 0.889940 0.904770 0.922363 0.942971 0.966903 0.992390 0.934677 0.885323 0.842849 0.806116 0.774239 0.746518 0.722392 0.701415 0.683220 0.667513 0.654053 0.642642 0.633121 0.625363 0.619267 0.614755 0.611772 0.610280 0.610263 0.611718 0.612946 0.612852 0.614237 0.617118 0.621531 0.627530 0.635192 0.644614 0.655925 0.669280 0.684875 0.702948 0.723792 0.747766 0.775314 0.794767 0.789263 0.785714 0.784078 0.784335 0.786486 0.790560 0.796605 0.804696 0.814938 0.827462 0.842438 0.860077 0.866625 0.833266 0.804246 0.778993 0.757045 0.738030 0.721642 0.707634 0.695804 0.685988 0.678056 0.671906 0.667460 0.664663 0.663481 0.663900 0.665924 0.668669 0.673034 0.679103 0.686953 0.696685 0.708427 0.722342 0.738629 0.757535 0.779362 0.804478 0.833342 0.866520 0.904719 0.948832 1.000000 0.947015 0.890774 0.842756 0.801481 0.765820 0.734891 0.708004 0.684605 0.664253 0.646588 0.631320 0.618212 0.607069 0.597736 0.590085 0.584017 0.579454 0.576340 1997.500000 1.164401 0.790658
0.425793 0.436431 0.448723 0.462875 0.479141 0.497834 0.519347 0.544174 0.572943 0.606466 0.620184 0.608606 0.598870 0.590841 0.584414 0.579506 0.576056 0.574022 0.573379 0.574118 0.576249 0.579799 0.584810 0.591345 0.599488 0.609348 0.621058 0.634786 0.650739 0.669167 0.690381 0.714763 0.742784 0.775036 0.749719 0.711086 0.677793 0.648971 0.623942 0.602169 0.583222 0.566754 0.552486 0.540187 0.529673 0.520790 0.513417 0.507456 0.502828 0.499477 0.497360 0.496452 0.496742 0.498234 0.500944 0.504908 0.510173 0.516808 0.524899 0.521999 0.504507 0.489290 0.476078 0.464650 0.454828 0.446466 0.439446 0.433671 0.429067 0.425574 0.423148 0.421760 0.421393 0.422043 0.423716 0.426435 0.430232 0.435155 0.441267 0.448650 0.457404 0.467656 0.479560 0.493305 0.509124 0.527304 0.548199 0.572255 0.600030 0.632240 0.669809 0.713954 0.766305 0.829096 0.905472 1.000000 0.901679 0.817699 0.749681 0.693653 0.646867 0.607364 0.573711 0.544835 0.519919 0.498331 0.479572 0.463251 0.449050 0.436714 0.426038 0.416850 0.409016 0.402422 0.396978 0.392613 0.389271 0.386909 0.385499 0.385023 0.385476 0.386863 0.389201 0.392518 0.396858 0.402274 0.408838 0.416641 750.000000 1.734817 0.670288
0.901679 0.817699 0.749681 0.693653 0.646867 0.607364 0.573711 0.544835 0.519919 0.498331 0.479572 0.463251 0.449050 0.436714 0.426038 0.416850 0.409016 0.402422 0.396978 0.392613 0.389271 0.386909 0.385499 0.385023 0.385476 0.386863 0.389201 0.392518 0.396858 0.402274 0.408838 0.416641 0.425793 0.436431 0.448723 0.462875 0.479141 0.497834 0.519347 0.544174 0.572943 0.606466 0.620184 0.608606 0.598870 0.590841 0.584414 0.579506 0.576056 0.574022 0.573379 0.574118 0.576249 0.579799 0.584810 0.591345 0.599488 0.609348 0.621058 0.634786 0.650739 0.669167 0.690381 0.714763 0.742784 0.775036 0.749719 0.711086 0.677793 0.648971 0.623942 0.602169 0.583222 0.566754 0.552486 0.540187 0.529673 0.520790 0.513417 0.507456 0.502828 0.499477 0.497360 0.496452 0.496742 0.498234 0.500944 0.504908 0.510173 0.516808 0.524899 0.521999 0.504507 0.489290 0.476078 0.464650 0.454828 0.446466 0.439446 0.433671 0.429067 0.425574 0.423148 0.421760 0.421393 0.422043 0.423716 0.426435 0.430232 0.435155 0.441267 0.448650 0.457404 0.467656 0.479560 0.493305 0.509124 0.527304 0.548199 0.572255 0.600030 0.632240 0.669809 0.713954 0.766305 0.829096 0.905472 1.000000 750.000000 1.734817 0.670288
0.454828 0.446466 0.439446 0.433671 0.429067 0.425574 0.423148 0.421760 0.421393 0.422043 0.423716 0.426435 0.430232 0.435155 0.441267 0.448650 0.457404 0.467656 0.479560 0.493305 0.509124 0.527304 0.548199 0.572255 0.600030 0.632240 0.669809 0.713954 0.766305 0.829096 0.905472 1.000000 0.901679 0.817699 0.749681 0.693653 0.646867 0.607364 0.573711 0.544835 0.519919 0.498331 0.479572 0.463251 0.449050 0.436714 0.426038 0.416850 0.409016 0.402422 0.396978 0.392613 0.389271 0.386909 0.385499 0.385023 0.385476 0.386863 0.389201 0.392518 0.396858 0.402274 0.408838 0.416641 0.425793 0.436431 0.448723 0.462875 0.479141 0.497834 0.519347 0.544174 0.572943 0.606466 0.620184 0.608606 0.598870 0.590841 0.584414 0.579506 0.576056 0.574022 0.573379 0.574118 0.576249 0.579799 0.584810 0.591345 0.599488 0.609348 0.621058 0.634786 0.650739 0.669167 0.690381 0.714763 0.742784 0.775036 0.749719 0.711086 0.677793 0.648971 0.623942 0.602169 0.583222 0.566754 0.552486 0.540187 0.529673 0.520790 0.513417 0.507456 0.502828 0.499477 0.497360 0.496452 0.496742 0.498234 0.500944 0.504908 0.510173 0.516808 0.524899 0.521999 0.504507 0.489290 0.476078 0.464650 750.000000 1.734817 0.670288
0.742784 0.775036 0.749719 0.711086 0.677793 0.648971 0.623942 0.602169 0.583222 0.566754 0.552486 0.540187 0.529673 0.520790 0.513417 0.507456 0.502828 0.499477 0.497360 0.496452 0.496742 0.498234 0.500944 0.504908 0.510173 0.516808 0.524899 0.521999 0.504507 0.489290 0.476078 0.464650 0.454828 0.446466 0.439446 0.433671 0.429067 0.425574 0.423148 0.421760 0.421393 0.422043 0.423716 0.426435 0.430232 0.435155 0.441267 0.448650 0.457404 0.467656 0.479560 0.493305 0.509124 0.527304 0.548199 0.572255 0.600030 0.632240 0.669809 0.713954 0.766305 0.829096 0.905472 1.000000 0.901679 0.817699 0.749681 0.693653 0.646867 0.607364 0.573711 0.544835 0.519919 0.498331 0.479572 0.463251 0.449050 0.436714 0.426038 0.416850 0.409016 0.402422 0.396978 0.392613 0.389271 0.386909 0.385499 0.385023 0.385476 0.386863 0.389201 0.392518 0.396858 0.402274 0.408838 0.416641 0.425793 0.436431 0.448723 0.462875 0.479141 0.497834 0.519347 0.544174 0.572943 0.606466 0.620184 0.608606 0.598870 0.590841 0.584414 0.579506 0.576056 0.574022 0.573379 0.574118 0.576249 0.579799 0.584810 0.591345 0.599488 0.609348 0.621058 0.634786 0.650739 0.669167 0.690381 0.714763 750.000000 1.734817 0.670288
0.854698 0.906099 0.966557 1.000000 0.935572 0.880937 0.834230 0.794044 0.759296 0.729144 0.702925 0.680107 0.660265 0.643053 0.628191 0.613472 0.598002 0.584668 0.573266 0.563632 0.555633 0.549162 0.544136 0.540492 0.538183 0.537183 0.537480 0.539076 0.541991 0.546261 0.551939 0.559097 0.567829 0.578254 0.590518 0.604802 0.621327 0.614598 0.606567 0.600171 0.595327 0.591976 0.590076 0.589603 0.590553 0.592937 0.596784 0.602141 0.609076 0.617677 0.628060 0.640367 0.654775 0.671501 0.690812 0.713035 0.738573 0.747931 0.743224 0.740348 0.739269 0.739973 0.742468 0.746786 0.752978 0.761124 0.771325 0.783718 0.798471 0.815792 0.835940 0.813695 0.783132 0.756538 0.733400 0.713303 0.695910 0.680946 0.668187 0.657453 0.648597 0.641500 0.636073 0.632247 0.629976 0.629231 0.630004 0.632304 0.636159 0.641617 0.629755 0.614090 0.600598 0.589074 0.579354 0.571303 0.564815 0.559806 0.556214 0.553993 0.553117 0.553576 0.555374 0.558534 0.563095 0.569112 0.576665 0.575674 0.571153 0.568059 0.566357 0.566024 0.567056 0.569467 0.573285 0.578558 0.585353 0.593756 0.603880 0.615864 0.629883 0.646146 0.664917 0.686514 0.711332 0.739861 0.772714 0.810663 4771.500000 1.418981 0.812756
0.564815 0.559806 0.556214 0.553993 0.553117 0.553576 0.555374 0.558534 0.563095 0.569112 0.576665 0.575674 0.571153 0.568059 0.566357 0.566024 0.567056 0.569467 0.573285 0.578558 0.585353 0.593756 0.603880 0.615864 0.629883 0.646146 0.664917 0.686514 0.711332 0.739861 0.772714 0.810663 0.854698 0.906099 0.966557 1.000000 0.935572 0.880937 0.834230 0.794044 0.759296 0.729144 0.702925 0.680107 0.660265 0.643053 0.628191 0.613472 0.598002 0.584668 0.573266 0.563632 0.555633 0.549162 0.544136 0.540492 0.538183 0.537183 0.537480 0.539076 0.541991 0.546261 0.551939 0.559097 0.567829 0.578254 0.590518 0.604802 0.621327 0.614598 0.606567 0.600171 0.595327 0.591976 0.590076 0.589603 0.590553 0.592937 0.596784 0.602141 0.609076 0.617677 0.628060 0.640367 0.654775 0.671501 0.690812 0.713035 0.738573 0.747931 0.743224 0.740348 0.739269 0.739973 0.742468 0.746786 0.752978 0.761124 0.771325 0.783718 0.798471 0.815792 0.835940 0.813695 0.783132 0.756538 0.733400 0.713303 0.695910 0.680946 0.668187 0.657453 0.648597 0.641500 0.636073 0.632247 0.629976 0.629231 0.630004 0.632304 0.636159 0.641617 0.629755 0.614090 0.600598 0.589074 0.579354 0.571303 4771.500000 1.418981 0.812756
0.752978 0.761124 0.771325 0.783718 0.798471 0.815792 0.835940 0.813695 0.783132 0.756538 0.733400 0.713303 0.695910 0.680946 0.668187 0.657453 0.648597 0.641500 0.636073 0.632247 0.629976 0.629231 0.630004 0.632304 0.636159 0.641617 0.629755 0.614090 0.600598 0.589074 0.579354 0.571303 0.564815 0.559806 0.556214 0.553993 0.553117 0.553576 0.555374 0.558534 0.563095 0.569112 0.576665 0.575674 0.571153 0.568059 0.566357 0.566024 0.567056 0.569467 0.573285 0.578558 0.585353 0.593756 0.603880 0.615864 0.629883 0.646146 0.664917 0.686514 0.711332 0.739861 0.772714 0.810663 0.854698 0.906099 0.966557 1.000000 0.935572 0.880937 0.834230 0.794044 0.759296 0.729144 0.702925 0.680107 0.660265 0.643053 0.628191 0.613472 0.598002 0.584668 0.573266 0.563632 0.555633 0.549162 0.544136 0.540492 0.538183 0.537183 0.537480 0.539076 0.541991 0.546261 0.551939 0.559097 0.567829 0.578254 0.590518 0.604802 0.621327 0.614598 0.606567 0.600171 0.595327 0.591976 0.590076 0.589603 0.590553 0.592937 0.596784 0.602141 0.609076 0.617677 0.628060 0.640367 0.654775 0.671501 0.690812 0.713035 0.738573 0.747931 0.743224 0.740348 0.739269 0.739973 0.742468 0.746786 4771.500000 1.418981 0.812756
0.567829 0.578254 0.590518 0.604802 0.621327 0.614598 0.606567 0.600171 0.595327 0.591976 0.590076 0.589603 0.590553 0.592937 0.596784 0.602141 0.609076 0.617677 0.628060 0.640367 0.654775 0.671501 0.690812 0.713035 0.738573 0.747931 0.743224 0.740348 0.739269 0.739973 0.742468 0.746786 0.752978 0.761124 0.771325 0.783718 0.798471 0.815792 0.835940 0.813695 0.783132 0.756538 0.733400 0.713303 0.695910 0.680946 0.668187 0.657453 0.648597 0.641500 0.636073 0.632247 0.629976 0.629231 0.630004 0.632304 0.636159 0.641617 0.629755 0.614090 0.600598 0.589074 0.579354 0.571303 0.564815 0.559806 0.556214 0.553993 0.553117 0.553576 0.555374 0.558534 0.563095 0.569112 0.576665 0.575674 0.571153 0.568059 0.566357 0.566024 0.567056 0.569467 0.573285 0.578558 0.585353 0.593756 0.603880 0.615864 0.629883 0.646146 0.664917 0.686514 0.711332 0.739861 0.772714 0.810663 0.854698 0.906099 0.966557 1.000000 0.935572 0.880937 0.834230 0.794044 0.759296 0.729144 0.702925 0.680107 0.660265 0.643053 0.628191 0.613472 0.598002 0.584668 0.573266 0.563632 0.555633 0.549162 0.544136 0.540492 0.538183 0.537183 0.537480 0.539076 0.541991 0.546261 0.551939 0.559097 4771.500000 1.418981 0.812756
