0.732141 0.781986 0.841289 0.912704 1.000000 0.932354 0.864325 0.807360 0.759156 0.718016 0.682666 0.652130 0.625652 0.602635 0.582606 0.565183 0.550058 0.536982 0.525750 0.516196 0.508186 0.501611 0.496384 0.492439 0.489727 0.488214 0.487882 0.488727 0.490760 0.494005 0.498501 0.504307 0.511496 0.520164 0.530431 0.542444 0.556386 0.572478 0.590996 0.612276 0.636737 0.664902 0.697432 0.735170 0.779212 0.830996 0.892455 0.853121 0.800084 0.754969 0.716303 0.682970 0.654107 0.629039 0.607230 0.588252 0.571761 0.557475 0.545167 0.534651 0.525775 0.518418 0.512482 0.507889 0.504583 0.502523 0.501683 0.502053 0.503639 0.506458 0.510545 0.515953 0.522749 0.531022 0.540886 0.552479 0.565974 0.581580 0.599557 0.620223 0.643970 0.671291 0.702800 0.739281 0.781744 0.831507 0.890327 0.960592 0.921152 0.848252 0.787803 0.737054 0.694018 0.657227 0.625571 0.598200 0.574449 0.553795 0.535821 0.520191 0.506633 0.494926 0.484889 0.476376 0.469268 0.463469 0.458903 0.455514 0.453258 0.452108 0.452050 0.453083 0.455220 0.458488 0.462926 0.468590 0.475555 0.483914 0.493782 0.505304 0.518655 0.534053 0.551763 0.572114 0.595512 0.622470 0.653634 0.689832 2609.000000 1.136572 0.600871
0.574449 0.553795 0.535821 0.520191 0.506633 0.494926 0.484889 0.476376 0.469268 0.463469 0.458903 0.455514 0.453258 0.452108 0.452050 0.453083 0.455220 0.458488 0.462926 0.468590 0.475555 0.483914 0.493782 0.505304 0.518655 0.534053 0.551763 0.572114 0.595512 0.622470 0.653634 0.689832 0.732141 0.781986 0.841289 0.912704 1.000000 0.932354 0.864325 0.807360 0.759156 0.718016 0.682666 0.652130 0.625652 0.602635 0.582606 0.565183 0.550058 0.536982 0.525750 0.516196 0.508186 0.501611 0.496384 0.492439 0.489727 0.488214 0.487882 0.488727 0.490760 0.494005 0.498501 0.504307 0.511496 0.520164 0.530431 0.542444 0.556386 0.572478 0.590996 0.612276 0.636737 0.664902 0.697432 0.735170 0.779212 0.830996 0.892455 0.853121 0.800084 0.754969 0.716303 0.682970 0.654107 0.629039 0.607230 0.588252 0.571761 0.557475 0.545167 0.534651 0.525775 0.518418 0.512482 0.507889 0.504583 0.502523 0.501683 0.502053 0.503639 0.506458 0.510545 0.515953 0.522749 0.531022 0.540886 0.552479 0.565974 0.581580 0.599557 0.620223 0.643970 0.671291 0.702800 0.739281 0.781744 0.831507 0.890327 0.960592 0.921152 0.848252 0.787803 0.737054 0.694018 0.657227 0.625571 0.598200 2609.000000 1.136572 0.600871
0.504583 0.502523 0.501683 0.502053 0.503639 0.506458 0.510545 0.515953 0.522749 0.531022 0.540886 0.552479 0.565974 0.581580 0.599557 0.620223 0.643970 0.671291 0.702800 0.739281 0.781744 0.831507 0.890327 0.960592 0.921152 0.848252 0.787803 0.737054 0.694018 0.657227 0.625571 0.598200 0.574449 0.553795 0.535821 0.520191 0.506633 0.494926 0.484889 0.476376 0.469268 0.463469 0.458903 0.455514 0.453258 0.452108 0.452050 0.453083 0.455220 0.458488 0.462926 0.468590 0.475555 0.483914 0.493782 0.505304 0.518655 0.534053 0.551763 0.572114 0.595512 0.622470 0.653634 0.689832 0.732141 0.781986 0.841289 0.912704 1.000000 0.932354 0.864325 0.807360 0.759156 0.718016 0.682666 0.652130 0.625652 0.602635 0.582606 0.565183 0.550058 0.536982 0.525750 0.516196 0.508186 0.501611 0.496384 0.492439 0.489727 0.488214 0.487882 0.488727 0.490760 0.494005 0.498501 0.504307 0.511496 0.520164 0.530431 0.542444 0.556386 0.572478 0.590996 0.612276 0.636737 0.664902 0.697432 0.735170 0.779212 0.830996 0.892455 0.853121 0.800084 0.754969 0.716303 0.682970 0.654107 0.629039 0.607230 0.588252 0.571761 0.557475 0.545167 0.534651 0.525775 0.518418 0.512482 0.507889 2609.000000 1.136572 0.600871
0.511496 0.520164 0.530431 0.542444 0.556386 0.572478 0.590996 0.612276 0.636737 0.664902 0.697432 0.735170 0.779212 0.830996 0.892455 0.853121 0.800084 0.754969 0.716303 0.682970 0.654107 0.629039 0.607230 0.588252 0.571761 0.557475 0.545167 0.534651 0.525775 0.518418 0.512482 0.507889 0.504583 0.502523 0.501683 0.502053 0.503639 0.506458 0.510545 0.515953 0.522749 0.531022 0.540886 0.552479 0.565974 0.581580 0.599557 0.620223 0.643970 0.671291 0.702800 0.739281 0.781744 0.831507 0.890327 0.960592 0.921152 0.848252 0.787803 0.737054 0.694018 0.657227 0.625571 0.598200 0.574449 0.553795 0.535821 0.520191 0.506633 0.494926 0.484889 0.476376 0.469268 0.463469 0.458903 0.455514 0.453258 0.452108 0.452050 0.453083 0.455220 0.458488 0.462926 0.468590 0.475555 0.483914 0.493782 0.505304 0.518655 0.534053 0.551763 0.572114 0.595512 0.622470 0.653634 0.689832 0.732141 0.781986 0.841289 0.912704 1.000000 0.932354 0.864325 0.807360 0.759156 0.718016 0.682666 0.652130 0.625652 0.602635 0.582606 0.565183 0.550058 0.536982 0.525750 0.516196 0.508186 0.501611 0.496384 0.492439 0.489727 0.488214 0.487882 0.488727 0.490760 0.494005 0.498501 0.504307 2609.000000 1.136572 0.600871
0.942463 0.913676 0.888672 0.867034 0.848420 0.832551 0.819203 0.808192 0.799374 0.792634 0.784275 0.775089 0.767945 0.762751 0.759445 0.757986 0.758355 0.760558 0.764621 0.770595 0.778552 0.788596 0.800856 0.815499 0.832732 0.852807 0.876036 0.902803 0.927461 0.894476 0.865770 0.840812 0.819171 0.800496 0.784501 0.770954 0.759666 0.750486 0.743294 0.737999 0.734537 0.732864 0.728954 0.717956 0.708967 0.701871 0.696577 0.693019 0.691153 0.690958 0.692431 0.695589 0.700472 0.707139 0.715675 0.726190 0.738825 0.753756 0.771199 0.791420 0.814746 0.841578 0.872410 0.907858 0.920318 0.895045 0.873171 0.854349 0.838299 0.824791 0.813640 0.804700 0.797855 0.793020 0.790135 0.789166 0.790100 0.792949 0.797747 0.804553 0.813454 0.824562 0.838024 0.854025 0.872792 0.855381 0.840174 0.827458 0.817059 0.808843 0.802705 0.798569 0.796385 0.796124 0.797786 0.801388 0.806977 0.814620 0.824414 0.836487 0.850999 0.837809 0.805156 0.776754 0.752037 0.730551 0.711925 0.695861 0.682112 0.670480 0.660803 0.652953 0.646826 0.642347 0.639459 0.638128 0.638336 0.640088 0.652825 0.677175 0.705178 0.737449 0.774772 0.818150 0.868890 0.928726 1.000000 0.975550 1417.000000 1.065951 0.833860
0.806977 0.814620 0.824414 0.836487 0.850999 0.837809 0.805156 0.776754 0.752037 0.730551 0.711925 0.695861 0.682112 0.670480 0.660803 0.652953 0.646826 0.642347 0.639459 0.638128 0.638336 0.640088 0.652825 0.677175 0.705178 0.737449 0.774772 0.818150 0.868890 0.928726 1.000000 0.975550 0.942463 0.913676 0.888672 0.867034 0.848420 0.832551 0.819203 0.808192 0.799374 0.792634 0.784275 0.775089 0.767945 0.762751 0.759445 0.757986 0.758355 0.760558 0.764621 0.770595 0.778552 0.788596 0.800856 0.815499 0.832732 0.852807 0.876036 0.902803 0.927461 0.894476 0.865770 0.840812 0.819171 0.800496 0.784501 0.770954 0.759666 0.750486 0.743294 0.737999 0.734537 0.732864 0.728954 0.717956 0.708967 0.701871 0.696577 0.693019 0.691153 0.690958 0.692431 0.695589 0.700472 0.707139 0.715675 0.726190 0.738825 0.753756 0.771199 0.791420 0.814746 0.841578 0.872410 0.907858 0.920318 0.895045 0.873171 0.854349 0.838299 0.824791 0.813640 0.804700 0.797855 0.793020 0.790135 0.789166 0.790100 0.792949 0.797747 0.804553 0.813454 0.824562 0.838024 0.854025 0.872792 0.855381 0.840174 0.827458 0.817059 0.808843 0.802705 0.798569 0.796385 0.796124 0.797786 0.801388 1417.000000 1.065951 0.833860
0.920318 0.895045 0.873171 0.854349 0.838299 0.824791 0.813640 0.804700 0.797855 0.793020 0.790135 0.789166 0.790100 0.792949 0.797747 0.804553 0.813454 0.824562 0.838024 0.854025 0.872792 0.855381 0.840174 0.827458 0.817059 0.808843 0.802705 0.798569 0.796385 0.796124 0.797786 0.801388 0.806977 0.814620 0.824414 0.836487 0.850999 0.837809 0.805156 0.776754 0.752037 0.730551 0.711925 0.695861 0.682112 0.670480 0.660803 0.652953 0.646826 0.642347 0.639459 0.638128 0.638336 0.640088 0.652825 0.677175 0.705178 0.737449 0.774772 0.818150 0.868890 0.928726 1.000000 0.975550 0.942463 0.913676 0.888672 0.867034 0.848420 0.832551 0.819203 0.808192 0.799374 0.792634 0.784275 0.775089 0.767945 0.762751 0.759445 0.757986 0.758355 0.760558 0.764621 0.770595 0.778552 0.788596 0.800856 0.815499 0.832732 0.852807 0.876036 0.902803 0.927461 0.894476 0.865770 0.840812 0.819171 0.800496 0.784501 0.770954 0.759666 0.750486 0.743294 0.737999 0.734537 0.732864 0.728954 0.717956 0.708967 0.701871 0.696577 0.693019 0.691153 0.690958 0.692431 0.695589 0.700472 0.707139 0.715675 0.726190 0.738825 0.753756 0.771199 0.791420 0.814746 0.841578 0.872410 0.907858 1417.000000 1.065951 0.833860
0.819171 0.800496 0.784501 0.770954 0.759666 0.750486 0.743294 0.737999 0.734537 0.732864 0.728954 0.717956 0.708967 0.701871 0.696577 0.693019 0.691153 0.690958 0.692431 0.695589 0.700472 0.707139 0.715675 0.726190 0.738825 0.753756 0.771199 0.791420 0.814746 0.841578 0.872410 0.907858 0.920318 0.895045 0.873171 0.854349 0.838299 0.824791 0.813640 0.804700 0.797855 0.793020 0.790135 0.789166 0.790100 0.792949 0.797747 0.804553 0.813454 0.824562 0.838024 0.854025 0.872792 0.855381 0.840174 0.827458 0.817059 0.808843 0.802705 0.798569 0.796385 0.796124 0.797786 0.801388 0.806977 0.814620 0.824414 0.836487 0.850999 0.837809 0.805156 0.776754 0.752037 0.730551 0.711925 0.695861 0.682112 0.670480 0.660803 0.652953 0.646826 0.642347 0.639459 0.638128 0.638336 0.640088 0.652825 0.677175 0.705178 0.737449 0.774772 0.818150 0.868890 0.928726 1.000000 0.975550 0.942463 0.913676 0.888672 0.867034 0.848420 0.832551 0.819203 0.808192 0.799374 0.792634 0.784275 0.775089 0.767945 0.762751 0.759445 0.757986 0.758355 0.760558 0.764621 0.770595 0.778552 0.788596 0.800856 0.815499 0.832732 0.852807 0.876036 0.902803 0.927461 0.894476 0.865770 0.840812 1417.000000 1.065951 0.833860
0.787811 0.777981 0.770226 0.764448 0.760574 0.758558 0.758374 0.760021 0.763519 0.768910 0.776261 0.785665 0.797243 0.811152 0.827583 0.846776 0.869024 0.894686 0.924203 0.958122 0.886446 0.822698 0.769232 0.723929 0.685225 0.651940 0.623170 0.598213 0.576513 0.557628 0.541204 0.526953 0.514641 0.504078 0.495248 0.490888 0.487768 0.485851 0.485114 0.485546 0.487154 0.489957 0.493989 0.499301 0.505961 0.514056 0.523696 0.535018 0.548191 0.563420 0.580959 0.601119 0.624287 0.650944 0.681694 0.695250 0.687515 0.681575 0.677354 0.674801 0.673884 0.674593 0.676936 0.680941 0.686658 0.694158 0.703537 0.714920 0.728460 0.744351 0.762830 0.784186 0.808778 0.837043 0.869527 0.906906 0.950035 1.000000 0.949730 0.897170 0.852067 0.813147 0.779423 0.750120 0.724623 0.702439 0.683170 0.666493 0.652144 0.639909 0.629613 0.621116 0.604007 0.587876 0.573930 0.561953 0.551768 0.543231 0.536226 0.530662 0.526467 0.523590 0.521994 0.521662 0.522587 0.524783 0.528275 0.533107 0.539339 0.547052 0.556349 0.567357 0.580236 0.589847 0.590457 0.592497 0.595992 0.600985 0.607538 0.615735 0.625685 0.637522 0.651416 0.667573 0.686247 0.707750 0.732465 0.760869 3633.000000 1.393806 0.777263
0.551768 0.543231 0.536226 0.530662 0.526467 0.523590 0.521994 0.521662 0.522587 0.524783 0.528275 0.533107 0.539339 0.547052 0.556349 0.567357 0.580236 0.589847 0.590457 0.592497 0.595992 0.600985 0.607538 0.615735 0.625685 0.637522 0.651416 0.667573 0.686247 0.707750 0.732465 0.760869 0.787811 0.777981 0.770226 0.764448 0.760574 0.758558 0.758374 0.760021 0.763519 0.768910 0.776261 0.785665 0.797243 0.811152 0.827583 0.846776 0.869024 0.894686 0.924203 0.958122 0.886446 0.822698 0.769232 0.723929 0.685225 0.651940 0.623170 0.598213 0.576513 0.557628 0.541204 0.526953 0.514641 0.504078 0.495248 0.490888 0.487768 0.485851 0.485114 0.485546 0.487154 0.489957 0.493989 0.499301 0.505961 0.514056 0.523696 0.535018 0.548191 0.563420 0.580959 0.601119 0.624287 0.650944 0.681694 0.695250 0.687515 0.681575 0.677354 0.674801 0.673884 0.674593 0.676936 0.680941 0.686658 0.694158 0.703537 0.714920 0.728460 0.744351 0.762830 0.784186 0.808778 0.837043 0.869527 0.906906 0.950035 1.000000 0.949730 0.897170 0.852067 0.813147 0.779423 0.750120 0.724623 0.702439 0.683170 0.666493 0.652144 0.639909 0.629613 0.621116 0.604007 0.587876 0.573930 0.561953 3633.000000 1.393806 0.777263
0.686658 0.694158 0.703537 0.714920 0.728460 0.744351 0.762830 0.784186 0.808778 0.837043 0.869527 0.906906 0.950035 1.000000 0.949730 0.897170 0.852067 0.813147 0.779423 0.750120 0.724623 0.702439 0.683170 0.666493 0.652144 0.639909 0.629613 0.621116 0.604007 0.587876 0.573930 0.561953 0.551768 0.543231 0.536226 0.530662 0.526467 0.523590 0.521994 0.521662 0.522587 0.524783 0.528275 0.533107 0.539339 0.547052 0.556349 0.567357 0.580236 0.589847 0.590457 0.592497 0.595992 0.600985 0.607538 0.615735 0.625685 0.637522 0.651416 0.667573 0.686247 0.707750 0.732465 0.760869 0.787811 0.777981 0.770226 0.764448 0.760574 0.758558 0.758374 0.760021 0.763519 0.768910 0.776261 0.785665 0.797243 0.811152 0.827583 0.846776 0.869024 0.894686 0.924203 0.958122 0.886446 0.822698 0.769232 0.723929 0.685225 0.651940 0.623170 0.598213 0.576513 0.557628 0.541204 0.526953 0.514641 0.504078 0.495248 0.490888 0.487768 0.485851 0.485114 0.485546 0.487154 0.489957 0.493989 0.499301 0.505961 0.514056 0.523696 0.535018 0.548191 0.563420 0.580959 0.601119 0.624287 0.650944 0.681694 0.695250 0.687515 0.681575 0.677354 0.674801 0.673884 0.674593 0.676936 0.680941 3633.000000 1.393806 0.777263
0.514641 0.504078 0.495248 0.490888 0.487768 0.485851 0.485114 0.485546 0.487154 0.489957 0.493989 0.499301 0.505961 0.514056 0.523696 0.535018 0.548191 0.563420 0.580959 0.601119 0.624287 0.650944 0.681694 0.695250 0.687515 0.681575 0.677354 0.674801 0.673884 0.674593 0.676936 0.680941 0.686658 0.694158 0.703537 0.714920 0.728460 0.744351 0.762830 0.784186 0.808778 0.837043 0.869527 0.906906 0.950035 1.000000 0.949730 0.897170 0.852067 0.813147 0.779423 0.750120 0.724623 0.702439 0.683170 0.666493 0.652144 0.639909 0.629613 0.621116 0.604007 0.587876 0.573930 0.561953 0.551768 0.543231 0.536226 0.530662 0.526467 0.523590 0.521994 0.521662 0.522587 0.524783 0.528275 0.533107 0.539339 0.547052 0.556349 0.567357 0.580236 0.589847 0.590457 0.592497 0.595992 0.600985 0.607538 0.615735 0.625685 0.637522 0.651416 0.667573 0.686247 0.707750 0.732465 0.760869 0.787811 0.777981 0.770226 0.764448 0.760574 0.758558 0.758374 0.760021 0.763519 0.768910 0.776261 0.785665 0.797243 0.811152 0.827583 0.846776 0.869024 0.894686 0.924203 0.958122 0.886446 0.822698 0.769232 0.723929 0.685225 0.651940 0.623170 0.598213 0.576513 0.557628 0.541204 0.526953 3633.000000 1.393806 0.777263
0.931493 0.852468 0.787552 0.733465 0.687881 0.649103 0.615869 0.587218 0.562408 0.540861 0.522115 0.505802 0.491626 0.479347 0.468768 0.459729 0.452101 0.445779 0.440677 0.436732 0.433892 0.432123 0.431404 0.431726 0.433092 0.435519 0.439037 0.443691 0.449538 0.456657 0.465143 0.475117 0.486726 0.500152 0.515617 0.533394 0.553824 0.577327 0.604433 0.635818 0.672349 0.715161 0.765767 0.823007 0.775135 0.734198 0.698968 0.668500 0.642060 0.619066 0.599056 0.581656 0.566565 0.553536 0.542371 0.532906 0.525008 0.518573 0.513515 0.509771 0.507295 0.506055 0.506038 0.507243 0.509685 0.513393 0.518413 0.524809 0.532664 0.542084 0.553200 0.566173 0.581204 0.598535 0.618468 0.641372 0.667709 0.698055 0.733140 0.773903 0.821560 0.877726 0.826064 0.760893 0.706832 0.661430 0.622920 0.589990 0.561652 0.537146 0.515880 0.497387 0.481293 0.467298 0.455160 0.444680 0.435698 0.428083 0.421728 0.416547 0.412474 0.409457 0.407458 0.406453 0.406429 0.407387 0.409338 0.412306 0.416327 0.421453 0.427750 0.435302 0.444216 0.454620 0.466675 0.480575 0.496562 0.514933 0.536055 0.560393 0.588531 0.621220 0.659436 0.704470 0.758067 0.822635 0.901600 1.000000 6260.000000 1.288345 0.590470
0.435698 0.428083 0.421728 0.416547 0.412474 0.409457 0.407458 0.406453 0.406429 0.407387 0.409338 0.412306 0.416327 0.421453 0.427750 0.435302 0.444216 0.454620 0.466675 0.480575 0.496562 0.514933 0.536055 0.560393 0.588531 0.621220 0.659436 0.704470 0.758067 0.822635 0.901600 1.000000 0.931493 0.852468 0.787552 0.733465 0.687881 0.649103 0.615869 0.587218 0.562408 0.540861 0.522115 0.505802 0.491626 0.479347 0.468768 0.459729 0.452101 0.445779 0.440677 0.436732 0.433892 0.432123 0.431404 0.431726 0.433092 0.435519 0.439037 0.443691 0.449538 0.456657 0.465143 0.475117 0.486726 0.500152 0.515617 0.533394 0.553824 0.577327 0.604433 0.635818 0.672349 0.715161 0.765767 0.823007 0.775135 0.734198 0.698968 0.668500 0.642060 0.619066 0.599056 0.581656 0.566565 0.553536 0.542371 0.532906 0.525008 0.518573 0.513515 0.509771 0.507295 0.506055 0.506038 0.507243 0.509685 0.513393 0.518413 0.524809 0.532664 0.542084 0.553200 0.566173 0.581204 0.598535 0.618468 0.641372 0.667709 0.698055 0.733140 0.773903 0.821560 0.877726 0.826064 0.760893 0.706832 0.661430 0.622920 0.589990 0.561652 0.537146 0.515880 0.497387 0.481293 0.467298 0.455160 0.444680 6260.000000 1.288345 0.590470
0.509685 0.513393 0.518413 0.524809 0.532664 0.542084 0.553200 0.566173 0.581204 0.598535 0.618468 0.641372 0.667709 0.698055 0.733140 0.773903 0.821560 0.877726 0.826064 0.760893 0.706832 0.661430 0.622920 0.589990 0.561652 0.537146 0.515880 0.497387 0.481293 0.467298 0.455160 0.444680 0.435698 0.428083 0.421728 0.416547 0.412474 0.409457 0.407458 0.406453 0.406429 0.407387 0.409338 0.412306 0.416327 0.421453 0.427750 0.435302 0.444216 0.454620 0.466675 0.480575 0.496562 0.514933 0.536055 0.560393 0.588531 0.621220 0.659436 0.704470 0.758067 0.822635 0.901600 1.000000 0.931493 0.852468 0.787552 0.733465 0.687881 0.649103 0.615869 0.587218 0.562408 0.540861 0.522115 0.505802 0.491626 0.479347 0.468768 0.459729 0.452101 0.445779 0.440677 0.436732 0.433892 0.432123 0.431404 0.431726 0.433092 0.435519 0.439037 0.443691 0.449538 0.456657 0.465143 0.475117 0.486726 0.500152 0.515617 0.533394 0.553824 0.577327 0.604433 0.635818 0.672349 0.715161 0.765767 0.823007 0.775135 0.734198 0.698968 0.668500 0.642060 0.619066 0.599056 0.581656 0.566565 0.553536 0.542371 0.532906 0.525008 0.518573 0.513515 0.509771 0.507295 0.506055 0.506038 0.507243 6260.000000 1.288345 0.590470
0.486726 0.500152 0.515617 0.533394 0.553824 0.577327 0.604433 0.635818 0.672349 0.715161 0.765767 0.823007 0.775135 0.734198 0.698968 0.668500 0.642060 0.619066 0.599056 0.581656 0.566565 0.553536 0.542371 0.532906 0.525008 0.518573 0.513515 0.509771 0.507295 0.506055 0.506038 0.507243 0.509685 0.513393 0.518413 0.524809 0.532664 0.542084 0.553200 0.566173 0.581204 0.598535 0.618468 0.641372 0.667709 0.698055 0.733140 0.773903 0.821560 0.877726 0.826064 0.760893 0.706832 0.661430 0.622920 0.589990 0.561652 0.537146 0.515880 0.497387 0.481293 0.467298 0.455160 0.444680 0.435698 0.428083 0.421728 0.416547 0.412474 0.409457 0.407458 0.406453 0.406429 0.407387 0.409338 0.412306 0.416327 0.421453 0.427750 0.435302 0.444216 0.454620 0.466675 0.480575 0.496562 0.514933 0.536055 0.560393 0.588531 0.621220 0.659436 0.704470 0.758067 0.822635 0.901600 1.000000 0.931493 0.852468 0.787552 0.733465 0.687881 0.649103 0.615869 0.587218 0.562408 0.540861 0.522115 0.505802 0.491626 0.479347 0.468768 0.459729 0.452101 0.445779 0.440677 0.436732 0.433892 0.432123 0.431404 0.431726 0.433092 0.435519 0.439037 0.443691 0.449538 0.456657 0.465143 0.475117 6260.000000 1.288345 0.590470
0.752494 0.718924 0.689812 0.664505 0.642482 0.623325 0.606697 0.592323 0.579979 0.569483 0.560687 0.553471 0.547742 0.543426 0.540469 0.538835 0.538505 0.539473 0.541753 0.545372 0.550374 0.556822 0.564800 0.574414 0.585797 0.599112 0.614562 0.632393 0.652910 0.676488 0.703590 0.734799 0.770848 0.812676 0.861497 0.918915 0.960011 0.909199 0.865475 0.827666 0.794857 0.766325 0.741496 0.719904 0.701176 0.685006 0.671146 0.659392 0.649581 0.641580 0.635286 0.630619 0.627520 0.625953 0.625897 0.627353 0.630337 0.634887 0.641058 0.648930 0.658603 0.670208 0.683907 0.699899 0.718428 0.739796 0.764372 0.792612 0.812623 0.786466 0.763724 0.744002 0.726980 0.712397 0.700041 0.689740 0.681355 0.674778 0.669925 0.666736 0.665172 0.665214 0.666863 0.670138 0.675080 0.681751 0.690233 0.700639 0.713107 0.727813 0.744970 0.764843 0.747202 0.723267 0.702458 0.684416 0.668848 0.655516 0.644227 0.634824 0.627181 0.621198 0.616800 0.613933 0.612561 0.612668 0.614255 0.617341 0.621965 0.628183 0.636074 0.645742 0.657316 0.670958 0.686868 0.705292 0.726530 0.750952 0.779014 0.811286 0.848480 0.891499 0.941502 1.000000 0.952115 0.889537 0.836568 0.791353 1890.000000 1.111497 0.744056
0.668848 0.655516 0.644227 0.634824 0.627181 0.621198 0.616800 0.613933 0.612561 0.612668 0.614255 0.617341 0.621965 0.628183 0.636074 0.645742 0.657316 0.670958 0.686868 0.705292 0.726530 0.750952 0.779014 0.811286 0.848480 0.891499 0.941502 1.000000 0.952115 0.889537 0.836568 0.791353 0.752494 0.718924 0.689812 0.664505 0.642482 0.623325 0.606697 0.592323 0.579979 0.569483 0.560687 0.553471 0.547742 0.543426 0.540469 0.538835 0.538505 0.539473 0.541753 0.545372 0.550374 0.556822 0.564800 0.574414 0.585797 0.599112 0.614562 0.632393 0.652910 0.676488 0.703590 0.734799 0.770848 0.812676 0.861497 0.918915 0.960011 0.909199 0.865475 0.827666 0.794857 0.766325 0.741496 0.719904 0.701176 0.685006 0.671146 0.659392 0.649581 0.641580 0.635286 0.630619 0.627520 0.625953 0.625897 0.627353 0.630337 0.634887 0.641058 0.648930 0.658603 0.670208 0.683907 0.699899 0.718428 0.739796 0.764372 0.792612 0.812623 0.786466 0.763724 0.744002 0.726980 0.712397 0.700041 0.689740 0.681355 0.674778 0.669925 0.666736 0.665172 0.665214 0.666863 0.670138 0.675080 0.681751 0.690233 0.700639 0.713107 0.727813 0.744970 0.764843 0.747202 0.723267 0.702458 0.684416 1890.000000 1.111497 0.744056
0.718428 0.739796 0.764372 0.792612 0.812623 0.786466 0.763724 0.744002 0.726980 0.712397 0.700041 0.689740 0.681355 0.674778 0.669925 0.666736 0.665172 0.665214 0.666863 0.670138 0.675080 0.681751 0.690233 0.700639 0.713107 0.727813 0.744970 0.764843 0.747202 0.723267 0.702458 0.684416 0.668848 0.655516 0.644227 0.634824 0.627181 0.621198 0.616800 0.613933 0.612561 0.612668 0.614255 0.617341 0.621965 0.628183 0.636074 0.645742 0.657316 0.670958 0.686868 0.705292 0.726530 0.750952 0.779014 0.811286 0.848480 0.891499 0.941502 1.000000 0.952115 0.889537 0.836568 0.791353 0.752494 0.718924 0.689812 0.664505 0.642482 0.623325 0.606697 0.592323 0.579979 0.569483 0.560687 0.553471 0.547742 0.543426 0.540469 0.538835 0.538505 0.539473 0.541753 0.545372 0.550374 0.556822 0.564800 0.574414 0.585797 0.599112 0.614562 0.632393 0.652910 0.676488 0.703590 0.734799 0.770848 0.812676 0.861497 0.918915 0.960011 0.909199 0.865475 0.827666 0.794857 0.766325 0.741496 0.719904 0.701176 0.685006 0.671146 0.659392 0.649581 0.641580 0.635286 0.630619 0.627520 0.625953 0.625897 0.627353 0.630337 0.634887 0.641058 0.648930 0.658603 0.670208 0.683907 0.699899 1890.000000 1.111497 0.744056
0.770848 0.812676 0.861497 0.918915 0.960011 0.909199 0.865475 0.827666 0.794857 0.766325 0.741496 0.719904 0.701176 0.685006 0.671146 0.659392 0.649581 0.641580 0.635286 0.630619 0.627520 0.625953 0.625897 0.627353 0.630337 0.634887 0.641058 0.648930 0.658603 0.670208 0.683907 0.699899 0.718428 0.739796 0.764372 0.792612 0.812623 0.786466 0.763724 0.744002 0.726980 0.712397 0.700041 0.689740 0.681355 0.674778 0.669925 0.666736 0.665172 0.665214 0.666863 0.670138 0.675080 0.681751 0.690233 0.700639 0.713107 0.727813 0.744970 0.764843 0.747202 0.723267 0.702458 0.684416 0.668848 0.655516 0.644227 0.634824 0.627181 0.621198 0.616800 0.613933 0.612561 0.612668 0.614255 0.617341 0.621965 0.628183 0.636074 0.645742 0.657316 0.670958 0.686868 0.705292 0.726530 0.750952 0.779014 0.811286 0.848480 0.891499 0.941502 1.000000 0.952115 0.889537 0.836568 0.791353 0.752494 0.718924 0.689812 0.664505 0.642482 0.623325 0.606697 0.592323 0.579979 0.569483 0.560687 0.553471 0.547742 0.543426 0.540469 0.538835 0.538505 0.539473 0.541753 0.545372 0.550374 0.556822 0.564800 0.574414 0.585797 0.599112 0.614562 0.632393 0.652910 0.676488 0.703590 0.734799 1890.000000 1.111497 0.744056
0.842460 0.773716 0.716942 0.669432 0.629250 0.594970 0.565524 0.540095 0.518049 0.498887 0.482212 0.467707 0.455112 0.444221 0.434861 0.426895 0.420210 0.414715 0.410337 0.407021 0.404725 0.403422 0.403095 0.403740 0.405365 0.407991 0.411649 0.416385 0.422260 0.429353 0.437761 0.447605 0.459033 0.472227 0.487411 0.504860 0.524917 0.548008 0.574673 0.605598 0.641675 0.684075 0.734370 0.794713 0.859403 0.806292 0.761091 0.722336 0.688916 0.659971 0.634828 0.612953 0.593918 0.577380 0.563057 0.550722 0.540189 0.531308 0.523955 0.518035 0.513470 0.510203 0.508194 0.507418 0.507866 0.509544 0.512471 0.516685 0.522236 0.529197 0.537659 0.547737 0.559573 0.573345 0.589266 0.607603 0.628681 0.652903 0.680772 0.712920 0.750153 0.793505 0.798303 0.740066 0.691300 0.650033 0.614813 0.584549 0.558407 0.535739 0.516033 0.498886 0.483969 0.471021 0.459826 0.450210 0.442032 0.435175 0.429546 0.425072 0.421696 0.419375 0.418082 0.417799 0.418525 0.420268 0.423048 0.426901 0.431875 0.438033 0.445459 0.454253 0.464544 0.476486 0.490271 0.506133 0.524360 0.545313 0.569439 0.597304 0.629631 0.667357 0.711716 0.764364 0.827577 0.904564 1.000000 0.927062 11253.000000 1.312165 0.588509
0.442032 0.435175 0.429546 0.425072 0.421696 0.419375 0.418082 0.417799 0.418525 0.420268 0.423048 0.426901 0.431875 0.438033 0.445459 0.454253 0.464544 0.476486 0.490271 0.506133 0.524360 0.545313 0.569439 0.597304 0.629631 0.667357 0.711716 0.764364 0.827577 0.904564 1.000000 0.927062 0.842460 0.773716 0.716942 0.669432 0.629250 0.594970 0.565524 0.540095 0.518049 0.498887 0.482212 0.467707 0.455112 0.444221 0.434861 0.426895 0.420210 0.414715 0.410337 0.407021 0.404725 0.403422 0.403095 0.403740 0.405365 0.407991 0.411649 0.416385 0.422260 0.429353 0.437761 0.447605 0.459033 0.472227 0.487411 0.504860 0.524917 0.548008 0.574673 0.605598 0.641675 0.684075 0.734370 0.794713 0.859403 0.806292 0.761091 0.722336 0.688916 0.659971 0.634828 0.612953 0.593918 0.577380 0.563057 0.550722 0.540189 0.531308 0.523955 0.518035 0.513470 0.510203 0.508194 0.507418 0.507866 0.509544 0.512471 0.516685 0.522236 0.529197 0.537659 0.547737 0.559573 0.573345 0.589266 0.607603 0.628681 0.652903 0.680772 0.712920 0.750153 0.793505 0.798303 0.740066 0.691300 0.650033 0.614813 0.584549 0.558407 0.535739 0.516033 0.498886 0.483969 0.471021 0.459826 0.450210 11253.000000 1.312165 0.588509
0.507866 0.509544 0.512471 0.516685 0.522236 0.529197 0.537659 0.547737 0.559573 0.573345 0.589266 0.607603 0.628681 0.652903 0.680772 0.712920 0.750153 0.793505 0.798303 0.740066 0.691300 0.650033 0.614813 0.584549 0.558407 0.535739 0.516033 0.498886 0.483969 0.471021 0.459826 0.450210 0.442032 0.435175 0.429546 0.425072 0.421696 0.419375 0.418082 0.417799 0.418525 0.420268 0.423048 0.426901 0.431875 0.438033 0.445459 0.454253 0.464544 0.476486 0.490271 0.506133 0.524360 0.545313 0.569439 0.597304 0.629631 0.667357 0.711716 0.764364 0.827577 0.904564 1.000000 0.927062 0.842460 0.773716 0.716942 0.669432 0.629250 0.594970 0.565524 0.540095 0.518049 0.498887 0.482212 0.467707 0.455112 0.444221 0.434861 0.426895 0.420210 0.414715 0.410337 0.407021 0.404725 0.403422 0.403095 0.403740 0.405365 0.407991 0.411649 0.416385 0.422260 0.429353 0.437761 0.447605 0.459033 0.472227 0.487411 0.504860 0.524917 0.548008 0.574673 0.605598 0.641675 0.684075 0.734370 0.794713 0.859403 0.806292 0.761091 0.722336 0.688916 0.659971 0.634828 0.612953 0.593918 0.577380 0.563057 0.550722 0.540189 0.531308 0.523955 0.518035 0.513470 0.510203 0.508194 0.507418 11253.000000 1.312165 0.588509
0.459033 0.472227 0.487411 0.504860 0.524917 0.548008 0.574673 0.605598 0.641675 0.684075 0.734370 0.794713 0.859403 0.806292 0.761091 0.722336 0.688916 0.659971 0.634828 0.612953 0.593918 0.577380 0.563057 0.550722 0.540189 0.531308 0.523955 0.518035 0.513470 0.510203 0.508194 0.507418 0.507866 0.509544 0.512471 0.516685 0.522236 0.529197 0.537659 0.547737 0.559573 0.573345 0.589266 0.607603 0.628681 0.652903 0.680772 0.712920 0.750153 0.793505 0.798303 0.740066 0.691300 0.650033 0.614813 0.584549 0.558407 0.535739 0.516033 0.498886 0.483969 0.471021 0.459826 0.450210 0.442032 0.435175 0.429546 0.425072 0.421696 0.419375 0.418082 0.417799 0.418525 0.420268 0.423048 0.426901 0.431875 0.438033 0.445459 0.454253 0.464544 0.476486 0.490271 0.506133 0.524360 0.545313 0.569439 0.597304 0.629631 0.667357 0.711716 0.764364 0.827577 0.904564 1.000000 0.927062 0.842460 0.773716 0.716942 0.669432 0.629250 0.594970 0.565524 0.540095 0.518049 0.498887 0.482212 0.467707 0.455112 0.444221 0.434861 0.426895 0.420210 0.414715 0.410337 0.407021 0.404725 0.403422 0.403095 0.403740 0.405365 0.407991 0.411649 0.416385 0.422260 0.429353 0.437761 0.447605 11253.000000 1.312165 0.588509
0.865323 0.898041 0.935673 0.934522 0.895799 0.862151 0.832874 0.807401 0.785275 0.766126 0.749652 0.735606 0.723788 0.714038 0.706225 0.700250 0.696038 0.693537 0.692716 0.693567 0.696099 0.700343 0.706351 0.696638 0.680075 0.665848 0.653747 0.643600 0.635271 0.628650 0.623652 0.620215 0.618298 0.617876 0.618945 0.621517 0.625624 0.631317 0.638668 0.647770 0.658746 0.671746 0.686958 0.704611 0.724989 0.748436 0.775382 0.806356 0.842019 0.883210 0.930997 0.986763 1.000000 0.951524 0.909620 0.873266 0.841656 0.814148 0.790224 0.769467 0.751536 0.736156 0.723099 0.712183 0.703261 0.696216 0.690959 0.687425 0.685569 0.685370 0.686826 0.689953 0.694791 0.701398 0.709859 0.720283 0.732809 0.747612 0.764906 0.784954 0.808081 0.788345 0.766771 0.748101 0.732040 0.718349 0.706831 0.697331 0.689722 0.683907 0.679814 0.677391 0.676610 0.677461 0.679954 0.684119 0.690009 0.697696 0.707280 0.718886 0.732675 0.748842 0.767629 0.789334 0.814321 0.803776 0.783402 0.765835 0.750808 0.738103 0.727544 0.718991 0.712333 0.707486 0.704390 0.703007 0.703320 0.705334 0.709072 0.714581 0.721929 0.731209 0.742544 0.756085 0.772024 0.790595 0.812086 0.836851 3472.000000 1.145051 0.821604
0.690009 0.697696 0.707280 0.718886 0.732675 0.748842 0.767629 0.789334 0.814321 0.803776 0.783402 0.765835 0.750808 0.738103 0.727544 0.718991 0.712333 0.707486 0.704390 0.703007 0.703320 0.705334 0.709072 0.714581 0.721929 0.731209 0.742544 0.756085 0.772024 0.790595 0.812086 0.836851 0.865323 0.898041 0.935673 0.934522 0.895799 0.862151 0.832874 0.807401 0.785275 0.766126 0.749652 0.735606 0.723788 0.714038 0.706225 0.700250 0.696038 0.693537 0.692716 0.693567 0.696099 0.700343 0.706351 0.696638 0.680075 0.665848 0.653747 0.643600 0.635271 0.628650 0.623652 0.620215 0.618298 0.617876 0.618945 0.621517 0.625624 0.631317 0.638668 0.647770 0.658746 0.671746 0.686958 0.704611 0.724989 0.748436 0.775382 0.806356 0.842019 0.883210 0.930997 0.986763 1.000000 0.951524 0.909620 0.873266 0.841656 0.814148 0.790224 0.769467 0.751536 0.736156 0.723099 0.712183 0.703261 0.696216 0.690959 0.687425 0.685569 0.685370 0.686826 0.689953 0.694791 0.701398 0.709859 0.720283 0.732809 0.747612 0.764906 0.784954 0.808081 0.788345 0.766771 0.748101 0.732040 0.718349 0.706831 0.697331 0.689722 0.683907 0.679814 0.677391 0.676610 0.677461 0.679954 0.684119 3472.000000 1.145051 0.821604
0.703261 0.696216 0.690959 0.687425 0.685569 0.685370 0.686826 0.689953 0.694791 0.701398 0.709859 0.720283 0.732809 0.747612 0.764906 0.784954 0.808081 0.788345 0.766771 0.748101 0.732040 0.718349 0.706831 0.697331 0.689722 0.683907 0.679814 0.677391 0.676610 0.677461 0.679954 0.684119 0.690009 0.697696 0.707280 0.718886 0.732675 0.748842 0.767629 0.789334 0.814321 0.803776 0.783402 0.765835 0.750808 0.738103 0.727544 0.718991 0.712333 0.707486 0.704390 0.703007 0.703320 0.705334 0.709072 0.714581 0.721929 0.731209 0.742544 0.756085 0.772024 0.790595 0.812086 0.836851 0.865323 0.898041 0.935673 0.934522 0.895799 0.862151 0.832874 0.807401 0.785275 0.766126 0.749652 0.735606 0.723788 0.714038 0.706225 0.700250 0.696038 0.693537 0.692716 0.693567 0.696099 0.700343 0.706351 0.696638 0.680075 0.665848 0.653747 0.643600 0.635271 0.628650 0.623652 0.620215 0.618298 0.617876 0.618945 0.621517 0.625624 0.631317 0.638668 0.647770 0.658746 0.671746 0.686958 0.704611 0.724989 0.748436 0.775382 0.806356 0.842019 0.883210 0.930997 0.986763 1.000000 0.951524 0.909620 0.873266 0.841656 0.814148 0.790224 0.769467 0.751536 0.736156 0.723099 0.712183 3472.000000 1.145051 0.821604
0.618298 0.617876 0.618945 0.621517 0.625624 0.631317 0.638668 0.647770 0.658746 0.671746 0.686958 0.704611 0.724989 0.748436 0.775382 0.806356 0.842019 0.883210 0.930997 0.986763 1.000000 0.951524 0.909620 0.873266 0.841656 0.814148 0.790224 0.769467 0.751536 0.736156 0.723099 0.712183 0.703261 0.696216 0.690959 0.687425 0.685569 0.685370 0.686826 0.689953 0.694791 0.701398 0.709859 0.720283 0.732809 0.747612 0.764906 0.784954 0.808081 0.788345 0.766771 0.748101 0.732040 0.718349 0.706831 0.697331 0.689722 0.683907 0.679814 0.677391 0.676610 0.677461 0.679954 0.684119 0.690009 0.697696 0.707280 0.718886 0.732675 0.748842 0.767629 0.789334 0.814321 0.803776 0.783402 0.765835 0.750808 0.738103 0.727544 0.718991 0.712333 0.707486 0.704390 0.703007 0.703320 0.705334 0.709072 0.714581 0.721929 0.731209 0.742544 0.756085 0.772024 0.790595 0.812086 0.836851 0.865323 0.898041 0.935673 0.934522 0.895799 0.862151 0.832874 0.807401 0.785275 0.766126 0.749652 0.735606 0.723788 0.714038 0.706225 0.700250 0.696038 0.693537 0.692716 0.693567 0.696099 0.700343 0.706351 0.696638 0.680075 0.665848 0.653747 0.643600 0.635271 0.628650 0.623652 0.620215 3472.000000 1.145051 0.821604
0.932243 0.873590 0.823748 0.781067 0.744295 0.712469 0.684836 0.660798 0.639880 0.621697 0.605939 0.592351 0.580728 0.570901 0.562735 0.556119 0.550100 0.544888 0.541064 0.538582 0.537412 0.537539 0.538965 0.541706 0.545798 0.551290 0.558252 0.566775 0.576973 0.588991 0.603003 0.619227 0.614333 0.598606 0.585038 0.573422 0.563590 0.555405 0.548757 0.543561 0.539750 0.537277 0.536113 0.536242 0.537668 0.540406 0.544491 0.549973 0.556922 0.565429 0.575607 0.587600 0.601584 0.617774 0.636435 0.657893 0.682550 0.710907 0.743591 0.770020 0.765192 0.762249 0.761155 0.761897 0.764484 0.768948 0.775343 0.783749 0.794273 0.807055 0.822268 0.840129 0.808792 0.768086 0.732962 0.702528 0.676085 0.653076 0.633057 0.615667 0.600616 0.587665 0.576621 0.567325 0.559651 0.553498 0.548787 0.545457 0.543470 0.542799 0.543438 0.535433 0.523699 0.513679 0.505230 0.498235 0.492601 0.488257 0.485147 0.483234 0.482493 0.482916 0.484508 0.487288 0.491291 0.496566 0.503182 0.511224 0.520802 0.532052 0.545142 0.558814 0.565313 0.573361 0.583067 0.594565 0.608019 0.623633 0.641657 0.662397 0.686231 0.713628 0.745173 0.781606 0.823871 0.873192 0.931181 1.000000 5360.000000 1.514259 0.779480
0.492601 0.488257 0.485147 0.483234 0.482493 0.482916 0.484508 0.487288 0.491291 0.496566 0.503182 0.511224 0.520802 0.532052 0.545142 0.558814 0.565313 0.573361 0.583067 0.594565 0.608019 0.623633 0.641657 0.662397 0.686231 0.713628 0.745173 0.781606 0.823871 0.873192 0.931181 1.000000 0.932243 0.873590 0.823748 0.781067 0.744295 0.712469 0.684836 0.660798 0.639880 0.621697 0.605939 0.592351 0.580728 0.570901 0.562735 0.556119 0.550100 0.544888 0.541064 0.538582 0.537412 0.537539 0.538965 0.541706 0.545798 0.551290 0.558252 0.566775 0.576973 0.588991 0.603003 0.619227 0.614333 0.598606 0.585038 0.573422 0.563590 0.555405 0.548757 0.543561 0.539750 0.537277 0.536113 0.536242 0.537668 0.540406 0.544491 0.549973 0.556922 0.565429 0.575607 0.587600 0.601584 0.617774 0.636435 0.657893 0.682550 0.710907 0.743591 0.770020 0.765192 0.762249 0.761155 0.761897 0.764484 0.768948 0.775343 0.783749 0.794273 0.807055 0.822268 0.840129 0.808792 0.768086 0.732962 0.702528 0.676085 0.653076 0.633057 0.615667 0.600616 0.587665 0.576621 0.567325 0.559651 0.553498 0.548787 0.545457 0.543470 0.542799 0.543438 0.535433 0.523699 0.513679 0.505230 0.498235 5360.000000 1.514259 0.779480
0.764484 0.768948 0.775343 0.783749 0.794273 0.807055 0.822268 0.840129 0.808792 0.768086 0.732962 0.702528 0.676085 0.653076 0.633057 0.615667 0.600616 0.587665 0.576621 0.567325 0.559651 0.553498 0.548787 0.545457 0.543470 0.542799 0.543438 0.535433 0.523699 0.513679 0.505230 0.498235 0.492601 0.488257 0.485147 0.483234 0.482493 0.482916 0.484508 0.487288 0.491291 0.496566 0.503182 0.511224 0.520802 0.532052 0.545142 0.558814 0.565313 0.573361 0.583067 0.594565 0.608019 0.623633 0.641657 0.662397 0.686231 0.713628 0.745173 0.781606 0.823871 0.873192 0.931181 1.000000 0.932243 0.873590 0.823748 0.781067 0.744295 0.712469 0.684836 0.660798 0.639880 0.621697 0.605939 0.592351 0.580728 0.570901 0.562735 0.556119 0.550100 0.544888 0.541064 0.538582 0.537412 0.537539 0.538965 0.541706 0.545798 0.551290 0.558252 0.566775 0.576973 0.588991 0.603003 0.619227 0.614333 0.598606 0.585038 0.573422 0.563590 0.555405 0.548757 0.543561 0.539750 0.537277 0.536113 0.536242 0.537668 0.540406 0.544491 0.549973 0.556922 0.565429 0.575607 0.587600 0.601584 0.617774 0.636435 0.657893 0.682550 0.710907 0.743591 0.770020 0.765192 0.762249 0.761155 0.761897 5360.000000 1.514259 0.779480
0.614333 0.598606 0.585038 0.573422 0.563590 0.555405 0.548757 0.543561 0.539750 0.537277 0.536113 0.536242 0.537668 0.540406 0.544491 0.549973 0.556922 0.565429 0.575607 0.587600 0.601584 0.617774 0.636435 0.657893 0.682550 0.710907 0.743591 0.770020 0.765192 0.762249 0.761155 0.761897 0.764484 0.768948 0.775343 0.783749 0.794273 0.807055 0.822268 0.840129 0.808792 0.768086 0.732962 0.702528 0.676085 0.653076 0.633057 0.615667 0.600616 0.587665 0.576621 0.567325 0.559651 0.553498 0.548787 0.545457 0.543470 0.542799 0.543438 0.535433 0.523699 0.513679 0.505230 0.498235 0.492601 0.488257 0.485147 0.483234 0.482493 0.482916 0.484508 0.487288 0.491291 0.496566 0.503182 0.511224 0.520802 0.532052 0.545142 0.558814 0.565313 0.573361 0.583067 0.594565 0.608019 0.623633 0.641657 0.662397 0.686231 0.713628 0.745173 0.781606 0.823871 0.873192 0.931181 1.000000 0.932243 0.873590 0.823748 0.781067 0.744295 0.712469 0.684836 0.660798 0.639880 0.621697 0.605939 0.592351 0.580728 0.570901 0.562735 0.556119 0.550100 0.544888 0.541064 0.538582 0.537412 0.537539 0.538965 0.541706 0.545798 0.551290 0.558252 0.566775 0.576973 0.588991 0.603003 0.619227 5360.000000 1.514259 0.779480
0.963642 0.932002 0.904484 0.880604 0.859972 0.842266 0.827228 0.814645 0.804349 0.796203 0.790105 0.785979 0.783774 0.783464 0.785044 0.788534 0.793977 0.801440 0.811016 0.822830 0.837040 0.853843 0.873481 0.848219 0.822952 0.801022 0.782064 0.765786 0.751946 0.740349 0.730839 0.723290 0.717606 0.713718 0.711576 0.711155 0.712450 0.715476 0.720271 0.726893 0.735427 0.745543 0.740907 0.738095 0.737074 0.737831 0.740374 0.744736 0.750969 0.759152 0.769389 0.781815 0.796599 0.813952 0.834133 0.857457 0.884315 0.915187 0.950664 0.947176 0.932101 0.919678 0.909745 0.902175 0.896872 0.893772 0.892837 0.894055 0.897442 0.903038 0.898829 0.870690 0.846236 0.825052 0.806798 0.791199 0.778031 0.767112 0.758297 0.751471 0.746550 0.743473 0.742201 0.742720 0.745036 0.749177 0.755193 0.763161 0.773180 0.785384 0.799937 0.817045 0.816383 0.800463 0.787012 0.775844 0.766810 0.759793 0.754704 0.751482 0.750087 0.750502 0.752731 0.756802 0.762766 0.770695 0.780691 0.786807 0.777374 0.769998 0.764584 0.761068 0.759404 0.759573 0.761578 0.765442 0.771213 0.778963 0.788789 0.800821 0.815219 0.832187 0.851971 0.874879 0.901283 0.931645 0.966534 1.000000 13425.000000 1.156175 0.896312
0.766810 0.759793 0.754704 0.751482 0.750087 0.750502 0.752731 0.756802 0.762766 0.770695 0.780691 0.786807 0.777374 0.769998 0.764584 0.761068 0.759404 0.759573 0.761578 0.765442 0.771213 0.778963 0.788789 0.800821 0.815219 0.832187 0.851971 0.874879 0.901283 0.931645 0.966534 1.000000 0.963642 0.932002 0.904484 0.880604 0.859972 0.842266 0.827228 0.814645 0.804349 0.796203 0.790105 0.785979 0.783774 0.783464 0.785044 0.788534 0.793977 0.801440 0.811016 0.822830 0.837040 0.853843 0.873481 0.848219 0.822952 0.801022 0.782064 0.765786 0.751946 0.740349 0.730839 0.723290 0.717606 0.713718 0.711576 0.711155 0.712450 0.715476 0.720271 0.726893 0.735427 0.745543 0.740907 0.738095 0.737074 0.737831 0.740374 0.744736 0.750969 0.759152 0.769389 0.781815 0.796599 0.813952 0.834133 0.857457 0.884315 0.915187 0.950664 0.947176 0.932101 0.919678 0.909745 0.902175 0.896872 0.893772 0.892837 0.894055 0.897442 0.903038 0.898829 0.870690 0.846236 0.825052 0.806798 0.791199 0.778031 0.767112 0.758297 0.751471 0.746550 0.743473 0.742201 0.742720 0.745036 0.749177 0.755193 0.763161 0.773180 0.785384 0.799937 0.817045 0.816383 0.800463 0.787012 0.775844 13425.000000 1.156175 0.896312
0.896872 0.893772 0.892837 0.894055 0.897442 0.903038 0.898829 0.870690 0.846236 0.825052 0.806798 0.791199 0.778031 0.767112 0.758297 0.751471 0.746550 0.743473 0.742201 0.742720 0.745036 0.749177 0.755193 0.763161 0.773180 0.785384 0.799937 0.817045 0.816383 0.800463 0.787012 0.775844 0.766810 0.759793 0.754704 0.751482 0.750087 0.750502 0.752731 0.756802 0.762766 0.770695 0.780691 0.786807 0.777374 0.769998 0.764584 0.761068 0.759404 0.759573 0.761578 0.765442 0.771213 0.778963 0.788789 0.800821 0.815219 0.832187 0.851971 0.874879 0.901283 0.931645 0.966534 1.000000 0.963642 0.932002 0.904484 0.880604 0.859972 0.842266 0.827228 0.814645 0.804349 0.796203 0.790105 0.785979 0.783774 0.783464 0.785044 0.788534 0.793977 0.801440 0.811016 0.822830 0.837040 0.853843 0.873481 0.848219 0.822952 0.801022 0.782064 0.765786 0.751946 0.740349 0.730839 0.723290 0.717606 0.713718 0.711576 0.711155 0.712450 0.715476 0.720271 0.726893 0.735427 0.745543 0.740907 0.738095 0.737074 0.737831 0.740374 0.744736 0.750969 0.759152 0.769389 0.781815 0.796599 0.813952 0.834133 0.857457 0.884315 0.915187 0.950664 0.947176 0.932101 0.919678 0.909745 0.902175 13425.000000 1.156175 0.896312
0.717606 0.713718 0.711576 0.711155 0.712450 0.715476 0.720271 0.726893 0.735427 0.745543 0.740907 0.738095 0.737074 0.737831 0.740374 0.744736 0.750969 0.759152 0.769389 0.781815 0.796599 0.813952 0.834133 0.857457 0.884315 0.915187 0.950664 0.947176 0.932101 0.919678 0.909745 0.902175 0.896872 0.893772 0.892837 0.894055 0.897442 0.903038 0.898829 0.870690 0.846236 0.825052 0.806798 0.791199 0.778031 0.767112 0.758297 0.751471 0.746550 0.743473 0.742201 0.742720 0.745036 0.749177 0.755193 0.763161 0.773180 0.785384 0.799937 0.817045 0.816383 0.800463 0.787012 0.775844 0.766810 0.759793 0.754704 0.751482 0.750087 0.750502 0.752731 0.756802 0.762766 0.770695 0.780691 0.786807 0.777374 0.769998 0.764584 0.761068 0.759404 0.759573 0.761578 0.765442 0.771213 0.778963 0.788789 0.800821 0.815219 0.832187 0.851971 0.874879 0.901283 0.931645 0.966534 1.000000 0.963642 0.932002 0.904484 0.880604 0.859972 0.842266 0.827228 0.814645 0.804349 0.796203 0.790105 0.785979 0.783774 0.783464 0.785044 0.788534 0.793977 0.801440 0.811016 0.822830 0.837040 0.853843 0.873481 0.848219 0.822952 0.801022 0.782064 0.765786 0.751946 0.740349 0.730839 0.723290 13425.000000 1.156175 0.896312
0.933720 0.905199 0.880428 0.858990 0.840549 0.824828 0.811603 0.800694 0.791958 0.785281 0.780581 0.777799 0.776902 0.777879 0.780742 0.785525 0.792287 0.801114 0.812118 0.799186 0.785630 0.774360 0.765226 0.758111 0.752923 0.749600 0.748100 0.748406 0.750521 0.754470 0.760303 0.768091 0.777934 0.789960 0.804332 0.821252 0.840968 0.863787 0.890082 0.920316 0.928988 0.918548 0.910508 0.904769 0.901259 0.899936 0.900784 0.903813 0.909060 0.916589 0.926495 0.938903 0.953978 0.955370 0.929162 0.906480 0.886964 0.870323 0.856321 0.844764 0.835502 0.828414 0.823413 0.820436 0.819448 0.820436 0.823413 0.828414 0.835502 0.844764 0.856321 0.870323 0.885206 0.862929 0.843729 0.827314 0.813448 0.801939 0.792634 0.785413 0.780185 0.776885 0.775473 0.775933 0.778269 0.782510 0.788707 0.796939 0.807310 0.819956 0.835049 0.846585 0.833643 0.823044 0.814649 0.808351 0.804072 0.801759 0.801385 0.802945 0.806457 0.811965 0.819536 0.829266 0.841282 0.855743 0.872849 0.892847 0.916042 0.903903 0.891263 0.881065 0.873178 0.867502 0.863967 0.862530 0.863174 0.865907 0.870762 0.877797 0.887102 0.898795 0.913029 0.929998 0.949941 0.973154 1.000000 0.966500 610.000000 1.162161 0.916950
0.804072 0.801759 0.801385 0.802945 0.806457 0.811965 0.819536 0.829266 0.841282 0.855743 0.872849 0.892847 0.916042 0.903903 0.891263 0.881065 0.873178 0.867502 0.863967 0.862530 0.863174 0.865907 0.870762 0.877797 0.887102 0.898795 0.913029 0.929998 0.949941 0.973154 1.000000 0.966500 0.933720 0.905199 0.880428 0.858990 0.840549 0.824828 0.811603 0.800694 0.791958 0.785281 0.780581 0.777799 0.776902 0.777879 0.780742 0.785525 0.792287 0.801114 0.812118 0.799186 0.785630 0.774360 0.765226 0.758111 0.752923 0.749600 0.748100 0.748406 0.750521 0.754470 0.760303 0.768091 0.777934 0.789960 0.804332 0.821252 0.840968 0.863787 0.890082 0.920316 0.928988 0.918548 0.910508 0.904769 0.901259 0.899936 0.900784 0.903813 0.909060 0.916589 0.926495 0.938903 0.953978 0.955370 0.929162 0.906480 0.886964 0.870323 0.856321 0.844764 0.835502 0.828414 0.823413 0.820436 0.819448 0.820436 0.823413 0.828414 0.835502 0.844764 0.856321 0.870323 0.885206 0.862929 0.843729 0.827314 0.813448 0.801939 0.792634 0.785413 0.780185 0.776885 0.775473 0.775933 0.778269 0.782510 0.788707 0.796939 0.807310 0.819956 0.835049 0.846585 0.833643 0.823044 0.814649 0.808351 610.000000 1.162161 0.916950
0.819448 0.820436 0.823413 0.828414 0.835502 0.844764 0.856321 0.870323 0.885206 0.862929 0.843729 0.827314 0.813448 0.801939 0.792634 0.785413 0.780185 0.776885 0.775473 0.775933 0.778269 0.782510 0.788707 0.796939 0.807310 0.819956 0.835049 0.846585 0.833643 0.823044 0.814649 0.808351 0.804072 0.801759 0.801385 0.802945 0.806457 0.811965 0.819536 0.829266 0.841282 0.855743 0.872849 0.892847 0.916042 0.903903 0.891263 0.881065 0.873178 0.867502 0.863967 0.862530 0.863174 0.865907 0.870762 0.877797 0.887102 0.898795 0.913029 0.929998 0.949941 0.973154 1.000000 0.966500 0.933720 0.905199 0.880428 0.858990 0.840549 0.824828 0.811603 0.800694 0.791958 0.785281 0.780581 0.777799 0.776902 0.777879 0.780742 0.785525 0.792287 0.801114 0.812118 0.799186 0.785630 0.774360 0.765226 0.758111 0.752923 0.749600 0.748100 0.748406 0.750521 0.754470 0.760303 0.768091 0.777934 0.789960 0.804332 0.821252 0.840968 0.863787 0.890082 0.920316 0.928988 0.918548 0.910508 0.904769 0.901259 0.899936 0.900784 0.903813 0.909060 0.916589 0.926495 0.938903 0.953978 0.955370 0.929162 0.906480 0.886964 0.870323 0.856321 0.844764 0.835502 0.828414 0.823413 0.820436 610.000000 1.162161 0.916950
0.777934 0.789960 0.804332 0.821252 0.840968 0.863787 0.890082 0.920316 0.928988 0.918548 0.910508 0.904769 0.901259 0.899936 0.900784 0.903813 0.909060 0.916589 0.926495 0.938903 0.953978 0.955370 0.929162 0.906480 0.886964 0.870323 0.856321 0.844764 0.835502 0.828414 0.823413 0.820436 0.819448 0.820436 0.823413 0.828414 0.835502 0.844764 0.856321 0.870323 0.885206 0.862929 0.843729 0.827314 0.813448 0.801939 0.792634 0.785413 0.780185 0.776885 0.775473 0.775933 0.778269 0.782510 0.788707 0.796939 0.807310 0.819956 0.835049 0.846585 0.833643 0.823044 0.814649 0.808351 0.804072 0.801759 0.801385 0.802945 0.806457 0.811965 0.819536 0.829266 0.841282 0.855743 0.872849 0.892847 0.916042 0.903903 0.891263 0.881065 0.873178 0.867502 0.863967 0.862530 0.863174 0.865907 0.870762 0.877797 0.887102 0.898795 0.913029 0.929998 0.949941 0.973154 1.000000 0.966500 0.933720 0.905199 0.880428 0.858990 0.840549 0.824828 0.811603 0.800694 0.791958 0.785281 0.780581 0.777799 0.776902 0.777879 0.780742 0.785525 0.792287 0.801114 0.812118 0.799186 0.785630 0.774360 0.765226 0.758111 0.752923 0.749600 0.748100 0.748406 0.750521 0.754470 0.760303 0.768091 610.000000 1.162161 0.916950
0.849391 0.911476 0.965563 0.919456 0.879575 0.844960 0.814855 0.788656 0.765877 0.746124 0.729076 0.714473 0.702101 0.691789 0.683398 0.676819 0.671969 0.668788 0.667236 0.667296 0.668967 0.672270 0.677246 0.683956 0.692485 0.702944 0.715474 0.730250 0.747489 0.752286 0.712691 0.678609 0.649130 0.623545 0.601295 0.581931 0.565094 0.550493 0.537891 0.527094 0.517946 0.510318 0.504108 0.499236 0.495639 0.493274 0.492112 0.492137 0.493351 0.495769 0.499419 0.504348 0.510617 0.518308 0.527525 0.538397 0.551081 0.565773 0.582712 0.602193 0.624577 0.650318 0.679979 0.714279 0.754136 0.800747 0.855697 0.921127 1.000000 0.974230 0.925010 0.882548 0.845761 0.813800 0.785992 0.761796 0.740776 0.722579 0.706917 0.693555 0.682302 0.673004 0.665537 0.659807 0.655740 0.653288 0.652419 0.653125 0.655412 0.659310 0.664865 0.672148 0.681252 0.692296 0.674627 0.646945 0.622886 0.601952 0.583739 0.567923 0.554243 0.542482 0.532465 0.524052 0.517127 0.511599 0.507397 0.504469 0.502779 0.502306 0.503045 0.505004 0.508208 0.512696 0.518524 0.525768 0.534522 0.544908 0.557074 0.571204 0.587521 0.606301 0.627884 0.652691 0.681247 0.714216 0.752443 0.797022 6931.500000 1.541708 0.727889
0.622886 0.601952 0.583739 0.567923 0.554243 0.542482 0.532465 0.524052 0.517127 0.511599 0.507397 0.504469 0.502779 0.502306 0.503045 0.505004 0.508208 0.512696 0.518524 0.525768 0.534522 0.544908 0.557074 0.571204 0.587521 0.606301 0.627884 0.652691 0.681247 0.714216 0.752443 0.797022 0.849391 0.911476 0.965563 0.919456 0.879575 0.844960 0.814855 0.788656 0.765877 0.746124 0.729076 0.714473 0.702101 0.691789 0.683398 0.676819 0.671969 0.668788 0.667236 0.667296 0.668967 0.672270 0.677246 0.683956 0.692485 0.702944 0.715474 0.730250 0.747489 0.752286 0.712691 0.678609 0.649130 0.623545 0.601295 0.581931 0.565094 0.550493 0.537891 0.527094 0.517946 0.510318 0.504108 0.499236 0.495639 0.493274 0.492112 0.492137 0.493351 0.495769 0.499419 0.504348 0.510617 0.518308 0.527525 0.538397 0.551081 0.565773 0.582712 0.602193 0.624577 0.650318 0.679979 0.714279 0.754136 0.800747 0.855697 0.921127 1.000000 0.974230 0.925010 0.882548 0.845761 0.813800 0.785992 0.761796 0.740776 0.722579 0.706917 0.693555 0.682302 0.673004 0.665537 0.659807 0.655740 0.653288 0.652419 0.653125 0.655412 0.659310 0.664865 0.672148 0.681252 0.692296 0.674627 0.646945 6931.500000 1.541708 0.727889
0.754136 0.800747 0.855697 0.921127 1.000000 0.974230 0.925010 0.882548 0.845761 0.813800 0.785992 0.761796 0.740776 0.722579 0.706917 0.693555 0.682302 0.673004 0.665537 0.659807 0.655740 0.653288 0.652419 0.653125 0.655412 0.659310 0.664865 0.672148 0.681252 0.692296 0.674627 0.646945 0.622886 0.601952 0.583739 0.567923 0.554243 0.542482 0.532465 0.524052 0.517127 0.511599 0.507397 0.504469 0.502779 0.502306 0.503045 0.505004 0.508208 0.512696 0.518524 0.525768 0.534522 0.544908 0.557074 0.571204 0.587521 0.606301 0.627884 0.652691 0.681247 0.714216 0.752443 0.797022 0.849391 0.911476 0.965563 0.919456 0.879575 0.844960 0.814855 0.788656 0.765877 0.746124 0.729076 0.714473 0.702101 0.691789 0.683398 0.676819 0.671969 0.668788 0.667236 0.667296 0.668967 0.672270 0.677246 0.683956 0.692485 0.702944 0.715474 0.730250 0.747489 0.752286 0.712691 0.678609 0.649130 0.623545 0.601295 0.581931 0.565094 0.550493 0.537891 0.527094 0.517946 0.510318 0.504108 0.499236 0.495639 0.493274 0.492112 0.492137 0.493351 0.495769 0.499419 0.504348 0.510617 0.518308 0.527525 0.538397 0.551081 0.565773 0.582712 0.602193 0.624577 0.650318 0.679979 0.714279 6931.500000 1.541708 0.727889
0.649130 0.623545 0.601295 0.581931 0.565094 0.550493 0.537891 0.527094 0.517946 0.510318 0.504108 0.499236 0.495639 0.493274 0.492112 0.492137 0.493351 0.495769 0.499419 0.504348 0.510617 0.518308 0.527525 0.538397 0.551081 0.565773 0.582712 0.602193 0.624577 0.650318 0.679979 0.714279 0.754136 0.800747 0.855697 0.921127 1.000000 0.974230 0.925010 0.882548 0.845761 0.813800 0.785992 0.761796 0.740776 0.722579 0.706917 0.693555 0.682302 0.673004 0.665537 0.659807 0.655740 0.653288 0.652419 0.653125 0.655412 0.659310 0.664865 0.672148 0.681252 0.692296 0.674627 0.646945 0.622886 0.601952 0.583739 0.567923 0.554243 0.542482 0.532465 0.524052 0.517127 0.511599 0.507397 0.504469 0.502779 0.502306 0.503045 0.505004 0.508208 0.512696 0.518524 0.525768 0.534522 0.544908 0.557074 0.571204 0.587521 0.606301 0.627884 0.652691 0.681247 0.714216 0.752443 0.797022 0.849391 0.911476 0.965563 0.919456 0.879575 0.844960 0.814855 0.788656 0.765877 0.746124 0.729076 0.714473 0.702101 0.691789 0.683398 0.676819 0.671969 0.668788 0.667236 0.667296 0.668967 0.672270 0.677246 0.683956 0.692485 0.702944 0.715474 0.730250 0.747489 0.752286 0.712691 0.678609 6931.500000 1.541708 0.727889
0.906029 0.933098 0.964228 1.000000 0.958708 0.911842 0.871347 0.836224 0.805688 0.779115 0.756002 0.735942 0.718606 0.703725 0.691078 0.679972 0.669885 0.661664 0.655201 0.650415 0.647246 0.645656 0.645626 0.647154 0.650260 0.654981 0.661377 0.669527 0.679538 0.691544 0.705714 0.722252 0.741413 0.741946 0.736815 0.733509 0.731987 0.732233 0.734248 0.738058 0.743708 0.751269 0.760837 0.772537 0.786527 0.803003 0.822207 0.816470 0.802609 0.791086 0.781744 0.774465 0.769157 0.765752 0.764211 0.764514 0.766664 0.770689 0.776637 0.784583 0.794627 0.806900 0.821569 0.838839 0.858965 0.882258 0.909101 0.939963 0.975428 0.957261 0.911721 0.872323 0.838125 0.808380 0.782496 0.759991 0.740479 0.723643 0.709227 0.697020 0.686853 0.678589 0.672122 0.667369 0.664273 0.662794 0.663527 0.666319 0.670758 0.676898 0.684816 0.694615 0.706425 0.720409 0.736768 0.755751 0.746104 0.734123 0.724238 0.716319 0.710263 0.705996 0.703464 0.702637 0.703505 0.706078 0.710387 0.716486 0.724452 0.734385 0.746418 0.760714 0.777479 0.796962 0.800026 0.794226 0.790399 0.788500 0.788506 0.790415 0.794251 0.800062 0.807920 0.817923 0.830202 0.844921 0.862287 0.882553 3548.000000 1.118197 0.857860
0.746104 0.734123 0.724238 0.716319 0.710263 0.705996 0.703464 0.702637 0.703505 0.706078 0.710387 0.716486 0.724452 0.734385 0.746418 0.760714 0.777479 0.796962 0.800026 0.794226 0.790399 0.788500 0.788506 0.790415 0.794251 0.800062 0.807920 0.817923 0.830202 0.844921 0.862287 0.882553 0.906029 0.933098 0.964228 1.000000 0.958708 0.911842 0.871347 0.836224 0.805688 0.779115 0.756002 0.735942 0.718606 0.703725 0.691078 0.679972 0.669885 0.661664 0.655201 0.650415 0.647246 0.645656 0.645626 0.647154 0.650260 0.654981 0.661377 0.669527 0.679538 0.691544 0.705714 0.722252 0.741413 0.741946 0.736815 0.733509 0.731987 0.732233 0.734248 0.738058 0.743708 0.751269 0.760837 0.772537 0.786527 0.803003 0.822207 0.816470 0.802609 0.791086 0.781744 0.774465 0.769157 0.765752 0.764211 0.764514 0.766664 0.770689 0.776637 0.784583 0.794627 0.806900 0.821569 0.838839 0.858965 0.882258 0.909101 0.939963 0.975428 0.957261 0.911721 0.872323 0.838125 0.808380 0.782496 0.759991 0.740479 0.723643 0.709227 0.697020 0.686853 0.678589 0.672122 0.667369 0.664273 0.662794 0.663527 0.666319 0.670758 0.676898 0.684816 0.694615 0.706425 0.720409 0.736768 0.755751 3548.000000 1.118197 0.857860
0.858965 0.882258 0.909101 0.939963 0.975428 0.957261 0.911721 0.872323 0.838125 0.808380 0.782496 0.759991 0.740479 0.723643 0.709227 0.697020 0.686853 0.678589 0.672122 0.667369 0.664273 0.662794 0.663527 0.666319 0.670758 0.676898 0.684816 0.694615 0.706425 0.720409 0.736768 0.755751 0.746104 0.734123 0.724238 0.716319 0.710263 0.705996 0.703464 0.702637 0.703505 0.706078 0.710387 0.716486 0.724452 0.734385 0.746418 0.760714 0.777479 0.796962 0.800026 0.794226 0.790399 0.788500 0.788506 0.790415 0.794251 0.800062 0.807920 0.817923 0.830202 0.844921 0.862287 0.882553 0.906029 0.933098 0.964228 1.000000 0.958708 0.911842 0.871347 0.836224 0.805688 0.779115 0.756002 0.735942 0.718606 0.703725 0.691078 0.679972 0.669885 0.661664 0.655201 0.650415 0.647246 0.645656 0.645626 0.647154 0.650260 0.654981 0.661377 0.669527 0.679538 0.691544 0.705714 0.722252 0.741413 0.741946 0.736815 0.733509 0.731987 0.732233 0.734248 0.738058 0.743708 0.751269 0.760837 0.772537 0.786527 0.803003 0.822207 0.816470 0.802609 0.791086 0.781744 0.774465 0.769157 0.765752 0.764211 0.764514 0.766664 0.770689 0.776637 0.784583 0.794627 0.806900 0.821569 0.838839 3548.000000 1.118197 0.857860
0.741413 0.741946 0.736815 0.733509 0.731987 0.732233 0.734248 0.738058 0.743708 0.751269 0.760837 0.772537 0.786527 0.803003 0.822207 0.816470 0.802609 0.791086 0.781744 0.774465 0.769157 0.765752 0.764211 0.764514 0.766664 0.770689 0.776637 0.784583 0.794627 0.806900 0.821569 0.838839 0.858965 0.882258 0.909101 0.939963 0.975428 0.957261 0.911721 0.872323 0.838125 0.808380 0.782496 0.759991 0.740479 0.723643 0.709227 0.697020 0.686853 0.678589 0.672122 0.667369 0.664273 0.662794 0.663527 0.666319 0.670758 0.676898 0.684816 0.694615 0.706425 0.720409 0.736768 0.755751 0.746104 0.734123 0.724238 0.716319 0.710263 0.705996 0.703464 0.702637 0.703505 0.706078 0.710387 0.716486 0.724452 0.734385 0.746418 0.760714 0.777479 0.796962 0.800026 0.794226 0.790399 0.788500 0.788506 0.790415 0.794251 0.800062 0.807920 0.817923 0.830202 0.844921 0.862287 0.882553 0.906029 0.933098 0.964228 1.000000 0.958708 0.911842 0.871347 0.836224 0.805688 0.779115 0.756002 0.735942 0.718606 0.703725 0.691078 0.679972 0.669885 0.661664 0.655201 0.650415 0.647246 0.645656 0.645626 0.647154 0.650260 0.654981 0.661377 0.669527 0.679538 0.691544 0.705714 0.722252 3548.000000 1.118197 0.857860
1.000000 0.960456 0.926067 0.896139 0.870116 0.847545 0.828061 0.811363 0.797207 0.785397 0.775773 0.768211 0.762613 0.758912 0.757062 0.757040 0.758846 0.749706 0.735965 0.724432 0.714951 0.707397 0.701674 0.697709 0.695456 0.694886 0.695991 0.698787 0.703306 0.709605 0.717762 0.727883 0.740102 0.754587 0.771546 0.791235 0.813968 0.840129 0.843262 0.830499 0.820062 0.811816 0.805656 0.801505 0.799312 0.799051 0.800718 0.804334 0.809943 0.817614 0.827445 0.839561 0.854127 0.871342 0.891458 0.914781 0.941686 0.972635 0.949693 0.917281 0.889080 0.864582 0.843375 0.825123 0.809554 0.796445 0.785616 0.776924 0.770257 0.765533 0.762692 0.761701 0.762547 0.754748 0.742605 0.732583 0.724550 0.718404 0.714067 0.711485 0.710628 0.711485 0.714067 0.718404 0.724550 0.732583 0.742605 0.754748 0.769179 0.786103 0.805773 0.828500 0.854666 0.884738 0.919300 0.913857 0.882862 0.855895 0.832473 0.812203 0.794766 0.779901 0.767397 0.757082 0.748822 0.742509 0.738064 0.735434 0.734586 0.735510 0.738216 0.742739 0.749133 0.757479 0.767884 0.772520 0.775808 0.781014 0.788202 0.797463 0.808915 0.822713 0.839045 0.858149 0.880313 0.905892 0.935323 0.969144 3194.000000 1.180968 0.871157
0.882862 0.855895 0.832473 0.812203 0.794766 0.779901 0.767397 0.757082 0.748822 0.742509 0.738064 0.735434 0.734586 0.735510 0.738216 0.742739 0.749133 0.757479 0.767884 0.772520 0.775808 0.781014 0.788202 0.797463 0.808915 0.822713 0.839045 0.858149 0.880313 0.905892 0.935323 0.969144 1.000000 0.960456 0.926067 0.896139 0.870116 0.847545 0.828061 0.811363 0.797207 0.785397 0.775773 0.768211 0.762613 0.758912 0.757062 0.757040 0.758846 0.749706 0.735965 0.724432 0.714951 0.707397 0.701674 0.697709 0.695456 0.694886 0.695991 0.698787 0.703306 0.709605 0.717762 0.727883 0.740102 0.754587 0.771546 0.791235 0.813968 0.840129 0.843262 0.830499 0.820062 0.811816 0.805656 0.801505 0.799312 0.799051 0.800718 0.804334 0.809943 0.817614 0.827445 0.839561 0.854127 0.871342 0.891458 0.914781 0.941686 0.972635 0.949693 0.917281 0.889080 0.864582 0.843375 0.825123 0.809554 0.796445 0.785616 0.776924 0.770257 0.765533 0.762692 0.761701 0.762547 0.754748 0.742605 0.732583 0.724550 0.718404 0.714067 0.711485 0.710628 0.711485 0.714067 0.718404 0.724550 0.732583 0.742605 0.754748 0.769179 0.786103 0.805773 0.828500 0.854666 0.884738 0.919300 0.913857 3194.000000 1.180968 0.871157
0.809554 0.796445 0.785616 0.776924 0.770257 0.765533 0.762692 0.761701 0.762547 0.754748 0.742605 0.732583 0.724550 0.718404 0.714067 0.711485 0.710628 0.711485 0.714067 0.718404 0.724550 0.732583 0.742605 0.754748 0.769179 0.786103 0.805773 0.828500 0.854666 0.884738 0.919300 0.913857 0.882862 0.855895 0.832473 0.812203 0.794766 0.779901 0.767397 0.757082 0.748822 0.742509 0.738064 0.735434 0.734586 0.735510 0.738216 0.742739 0.749133 0.757479 0.767884 0.772520 0.775808 0.781014 0.788202 0.797463 0.808915 0.822713 0.839045 0.858149 0.880313 0.905892 0.935323 0.969144 1.000000 0.960456 0.926067 0.896139 0.870116 0.847545 0.828061 0.811363 0.797207 0.785397 0.775773 0.768211 0.762613 0.758912 0.757062 0.757040 0.758846 0.749706 0.735965 0.724432 0.714951 0.707397 0.701674 0.697709 0.695456 0.694886 0.695991 0.698787 0.703306 0.709605 0.717762 0.727883 0.740102 0.754587 0.771546 0.791235 0.813968 0.840129 0.843262 0.830499 0.820062 0.811816 0.805656 0.801505 0.799312 0.799051 0.800718 0.804334 0.809943 0.817614 0.827445 0.839561 0.854127 0.871342 0.891458 0.914781 0.941686 0.972635 0.949693 0.917281 0.889080 0.864582 0.843375 0.825123 3194.000000 1.180968 0.871157
0.740102 0.754587 0.771546 0.791235 0.813968 0.840129 0.843262 0.830499 0.820062 0.811816 0.805656 0.801505 0.799312 0.799051 0.800718 0.804334 0.809943 0.817614 0.827445 0.839561 0.854127 0.871342 0.891458 0.914781 0.941686 0.972635 0.949693 0.917281 0.889080 0.864582 0.843375 0.825123 0.809554 0.796445 0.785616 0.776924 0.770257 0.765533 0.762692 0.761701 0.762547 0.754748 0.742605 0.732583 0.724550 0.718404 0.714067 0.711485 0.710628 0.711485 0.714067 0.718404 0.724550 0.732583 0.742605 0.754748 0.769179 0.786103 0.805773 0.828500 0.854666 0.884738 0.919300 0.913857 0.882862 0.855895 0.832473 0.812203 0.794766 0.779901 0.767397 0.757082 0.748822 0.742509 0.738064 0.735434 0.734586 0.735510 0.738216 0.742739 0.749133 0.757479 0.767884 0.772520 0.775808 0.781014 0.788202 0.797463 0.808915 0.822713 0.839045 0.858149 0.880313 0.905892 0.935323 0.969144 1.000000 0.960456 0.926067 0.896139 0.870116 0.847545 0.828061 0.811363 0.797207 0.785397 0.775773 0.768211 0.762613 0.758912 0.757062 0.757040 0.758846 0.749706 0.735965 0.724432 0.714951 0.707397 0.701674 0.697709 0.695456 0.694886 0.695991 0.698787 0.703306 0.709605 0.717762 0.727883 3194.000000 1.180968 0.871157
1.000000 0.965648 0.927876 0.895024 0.866434 0.841578 0.820030 0.801440 0.785524 0.772052 0.760837 0.751727 0.744606 0.739383 0.735993 0.734396 0.734571 0.736521 0.740270 0.743572 0.715934 0.691885 0.670962 0.652794 0.637079 0.623569 0.612064 0.602401 0.594449 0.588101 0.583278 0.579920 0.577984 0.577448 0.578304 0.580564 0.584255 0.589422 0.596129 0.604465 0.614538 0.626488 0.640485 0.653878 0.645065 0.638004 0.632603 0.628794 0.626532 0.625788 0.626553 0.628837 0.632667 0.638092 0.645177 0.654015 0.664722 0.677445 0.692364 0.709704 0.729738 0.752802 0.779311 0.809776 0.844838 0.885303 0.932199 0.986851 0.982788 0.947193 0.916216 0.889275 0.865900 0.845708 0.828385 0.813680 0.801384 0.791332 0.783393 0.777466 0.773478 0.748422 0.716133 0.688103 0.663724 0.642509 0.624064 0.608073 0.594277 0.582465 0.572465 0.564140 0.557376 0.552087 0.548206 0.545685 0.544492 0.544613 0.546051 0.548821 0.552959 0.558516 0.565561 0.574188 0.584511 0.596677 0.610862 0.619937 0.616945 0.615457 0.615455 0.616940 0.619929 0.624459 0.630586 0.638387 0.647965 0.659447 0.672994 0.688803 0.707117 0.728234 0.752520 0.780427 0.812516 0.849491 0.892244 0.941918 5451.500000 1.522452 0.816333
0.544492 0.544613 0.546051 0.548821 0.552959 0.558516 0.565561 0.574188 0.584511 0.596677 0.610862 0.619937 0.616945 0.615457 0.615455 0.616940 0.619929 0.624459 0.630586 0.638387 0.647965 0.659447 0.672994 0.688803 0.707117 0.728234 0.752520 0.780427 0.812516 0.849491 0.892244 0.941918 1.000000 0.965648 0.927876 0.895024 0.866434 0.841578 0.820030 0.801440 0.785524 0.772052 0.760837 0.751727 0.744606 0.739383 0.735993 0.734396 0.734571 0.736521 0.740270 0.743572 0.715934 0.691885 0.670962 0.652794 0.637079 0.623569 0.612064 0.602401 0.594449 0.588101 0.583278 0.579920 0.577984 0.577448 0.578304 0.580564 0.584255 0.589422 0.596129 0.604465 0.614538 0.626488 0.640485 0.653878 0.645065 0.638004 0.632603 0.628794 0.626532 0.625788 0.626553 0.628837 0.632667 0.638092 0.645177 0.654015 0.664722 0.677445 0.692364 0.709704 0.729738 0.752802 0.779311 0.809776 0.844838 0.885303 0.932199 0.986851 0.982788 0.947193 0.916216 0.889275 0.865900 0.845708 0.828385 0.813680 0.801384 0.791332 0.783393 0.777466 0.773478 0.748422 0.716133 0.688103 0.663724 0.642509 0.624064 0.608073 0.594277 0.582465 0.572465 0.564140 0.557376 0.552087 0.548206 0.545685 5451.500000 1.522452 0.816333
0.844838 0.885303 0.932199 0.986851 0.982788 0.947193 0.916216 0.889275 0.865900 0.845708 0.828385 0.813680 0.801384 0.791332 0.783393 0.777466 0.773478 0.748422 0.716133 0.688103 0.663724 0.642509 0.624064 0.608073 0.594277 0.582465 0.572465 0.564140 0.557376 0.552087 0.548206 0.545685 0.544492 0.544613 0.546051 0.548821 0.552959 0.558516 0.565561 0.574188 0.584511 0.596677 0.610862 0.619937 0.616945 0.615457 0.615455 0.616940 0.619929 0.624459 0.630586 0.638387 0.647965 0.659447 0.672994 0.688803 0.707117 0.728234 0.752520 0.780427 0.812516 0.849491 0.892244 0.941918 1.000000 0.965648 0.927876 0.895024 0.866434 0.841578 0.820030 0.801440 0.785524 0.772052 0.760837 0.751727 0.744606 0.739383 0.735993 0.734396 0.734571 0.736521 0.740270 0.743572 0.715934 0.691885 0.670962 0.652794 0.637079 0.623569 0.612064 0.602401 0.594449 0.588101 0.583278 0.579920 0.577984 0.577448 0.578304 0.580564 0.584255 0.589422 0.596129 0.604465 0.614538 0.626488 0.640485 0.653878 0.645065 0.638004 0.632603 0.628794 0.626532 0.625788 0.626553 0.628837 0.632667 0.638092 0.645177 0.654015 0.664722 0.677445 0.692364 0.709704 0.729738 0.752802 0.779311 0.809776 5451.500000 1.522452 0.816333
0.577984 0.577448 0.578304 0.580564 0.584255 0.589422 0.596129 0.604465 0.614538 0.626488 0.640485 0.653878 0.645065 0.638004 0.632603 0.628794 0.626532 0.625788 0.626553 0.628837 0.632667 0.638092 0.645177 0.654015 0.664722 0.677445 0.692364 0.709704 0.729738 0.752802 0.779311 0.809776 0.844838 0.885303 0.932199 0.986851 0.982788 0.947193 0.916216 0.889275 0.865900 0.845708 0.828385 0.813680 0.801384 0.791332 0.783393 0.777466 0.773478 0.748422 0.716133 0.688103 0.663724 0.642509 0.624064 0.608073 0.594277 0.582465 0.572465 0.564140 0.557376 0.552087 0.548206 0.545685 0.544492 0.544613 0.546051 0.548821 0.552959 0.558516 0.565561 0.574188 0.584511 0.596677 0.610862 0.619937 0.616945 0.615457 0.615455 0.616940 0.619929 0.624459 0.630586 0.638387 0.647965 0.659447 0.672994 0.688803 0.707117 0.728234 0.752520 0.780427 0.812516 0.849491 0.892244 0.941918 1.000000 0.965648 0.927876 0.895024 0.866434 0.841578 0.820030 0.801440 0.785524 0.772052 0.760837 0.751727 0.744606 0.739383 0.735993 0.734396 0.734571 0.736521 0.740270 0.743572 0.715934 0.691885 0.670962 0.652794 0.637079 0.623569 0.612064 0.602401 0.594449 0.588101 0.583278 0.579920 5451.500000 1.522452 0.816333
1.000000 0.926698 0.843874 0.776356 0.720449 0.673567 0.633847 0.599916 0.570738 0.545520 0.523644 0.504624 0.488072 0.473676 0.461184 0.450392 0.441131 0.433266 0.426687 0.421304 0.417047 0.413863 0.411711 0.410566 0.410413 0.411250 0.413088 0.415949 0.419869 0.424896 0.431097 0.438553 0.447368 0.457671 0.469617 0.483399 0.499253 0.517472 0.538417 0.562541 0.590418 0.622781 0.660580 0.705073 0.757949 0.821540 0.879933 0.823450 0.775536 0.734564 0.699305 0.668812 0.642350 0.619338 0.599312 0.581898 0.566794 0.553755 0.542580 0.533106 0.525201 0.518758 0.513694 0.509944 0.507463 0.506219 0.506197 0.507398 0.509836 0.513541 0.518558 0.524951 0.532804 0.542221 0.553334 0.566305 0.581333 0.598661 0.618590 0.641491 0.667823 0.698163 0.733242 0.773996 0.821642 0.783063 0.729787 0.684844 0.646582 0.613770 0.585469 0.560955 0.539660 0.521131 0.505009 0.491002 0.478873 0.468431 0.459517 0.452005 0.445792 0.440794 0.436948 0.434206 0.432533 0.431910 0.432329 0.433794 0.436324 0.439950 0.444717 0.450686 0.457936 0.466565 0.476696 0.488480 0.502101 0.517787 0.535817 0.556537 0.580379 0.607885 0.639745 0.676851 0.720368 0.771853 0.833425 0.908051 2463.500000 1.275669 0.591551
0.478873 0.468431 0.459517 0.452005 0.445792 0.440794 0.436948 0.434206 0.432533 0.431910 0.432329 0.433794 0.436324 0.439950 0.444717 0.450686 0.457936 0.466565 0.476696 0.488480 0.502101 0.517787 0.535817 0.556537 0.580379 0.607885 0.639745 0.676851 0.720368 0.771853 0.833425 0.908051 1.000000 0.926698 0.843874 0.776356 0.720449 0.673567 0.633847 0.599916 0.570738 0.545520 0.523644 0.504624 0.488072 0.473676 0.461184 0.450392 0.441131 0.433266 0.426687 0.421304 0.417047 0.413863 0.411711 0.410566 0.410413 0.411250 0.413088 0.415949 0.419869 0.424896 0.431097 0.438553 0.447368 0.457671 0.469617 0.483399 0.499253 0.517472 0.538417 0.562541 0.590418 0.622781 0.660580 0.705073 0.757949 0.821540 0.879933 0.823450 0.775536 0.734564 0.699305 0.668812 0.642350 0.619338 0.599312 0.581898 0.566794 0.553755 0.542580 0.533106 0.525201 0.518758 0.513694 0.509944 0.507463 0.506219 0.506197 0.507398 0.509836 0.513541 0.518558 0.524951 0.532804 0.542221 0.553334 0.566305 0.581333 0.598661 0.618590 0.641491 0.667823 0.698163 0.733242 0.773996 0.821642 0.783063 0.729787 0.684844 0.646582 0.613770 0.585469 0.560955 0.539660 0.521131 0.505009 0.491002 2463.500000 1.275669 0.591551
0.507463 0.506219 0.506197 0.507398 0.509836 0.513541 0.518558 0.524951 0.532804 0.542221 0.553334 0.566305 0.581333 0.598661 0.618590 0.641491 0.667823 0.698163 0.733242 0.773996 0.821642 0.783063 0.729787 0.684844 0.646582 0.613770 0.585469 0.560955 0.539660 0.521131 0.505009 0.491002 0.478873 0.468431 0.459517 0.452005 0.445792 0.440794 0.436948 0.434206 0.432533 0.431910 0.432329 0.433794 0.436324 0.439950 0.444717 0.450686 0.457936 0.466565 0.476696 0.488480 0.502101 0.517787 0.535817 0.556537 0.580379 0.607885 0.639745 0.676851 0.720368 0.771853 0.833425 0.908051 1.000000 0.926698 0.843874 0.776356 0.720449 0.673567 0.633847 0.599916 0.570738 0.545520 0.523644 0.504624 0.488072 0.473676 0.461184 0.450392 0.441131 0.433266 0.426687 0.421304 0.417047 0.413863 0.411711 0.410566 0.410413 0.411250 0.413088 0.415949 0.419869 0.424896 0.431097 0.438553 0.447368 0.457671 0.469617 0.483399 0.499253 0.517472 0.538417 0.562541 0.590418 0.622781 0.660580 0.705073 0.757949 0.821540 0.879933 0.823450 0.775536 0.734564 0.699305 0.668812 0.642350 0.619338 0.599312 0.581898 0.566794 0.553755 0.542580 0.533106 0.525201 0.518758 0.513694 0.509944 2463.500000 1.275669 0.591551
0.447368 0.457671 0.469617 0.483399 0.499253 0.517472 0.538417 0.562541 0.590418 0.622781 0.660580 0.705073 0.757949 0.821540 0.879933 0.823450 0.775536 0.734564 0.699305 0.668812 0.642350 0.619338 0.599312 0.581898 0.566794 0.553755 0.542580 0.533106 0.525201 0.518758 0.513694 0.509944 0.507463 0.506219 0.506197 0.507398 0.509836 0.513541 0.518558 0.524951 0.532804 0.542221 0.553334 0.566305 0.581333 0.598661 0.618590 0.641491 0.667823 0.698163 0.733242 0.773996 0.821642 0.783063 0.729787 0.684844 0.646582 0.613770 0.585469 0.560955 0.539660 0.521131 0.505009 0.491002 0.478873 0.468431 0.459517 0.452005 0.445792 0.440794 0.436948 0.434206 0.432533 0.431910 0.432329 0.433794 0.436324 0.439950 0.444717 0.450686 0.457936 0.466565 0.476696 0.488480 0.502101 0.517787 0.535817 0.556537 0.580379 0.607885 0.639745 0.676851 0.720368 0.771853 0.833425 0.908051 1.000000 0.926698 0.843874 0.776356 0.720449 0.673567 0.633847 0.599916 0.570738 0.545520 0.523644 0.504624 0.488072 0.473676 0.461184 0.450392 0.441131 0.433266 0.426687 0.421304 0.417047 0.413863 0.411711 0.410566 0.410413 0.411250 0.413088 0.415949 0.419869 0.424896 0.431097 0.438553 2463.500000 1.275669 0.591551
0.629795 0.608933 0.590786 0.575035 0.561419 0.549727 0.539786 0.531455 0.524623 0.519198 0.515114 0.512317 0.510774 0.510467 0.511392 0.513559 0.516995 0.521743 0.527863 0.535433 0.544554 0.555353 0.567984 0.582640 0.599555 0.619017 0.641382 0.667091 0.696696 0.730892 0.770572 0.816887 0.871360 0.936034 0.956623 0.899475 0.850705 0.808799 0.772603 0.741216 0.713933 0.690190 0.669537 0.651609 0.636108 0.622792 0.611466 0.601969 0.594171 0.587972 0.583291 0.580070 0.578271 0.577870 0.578863 0.581263 0.585098 0.590415 0.597283 0.605788 0.616045 0.621790 0.599652 0.580387 0.563636 0.549111 0.536576 0.525839 0.516744 0.509164 0.502997 0.498164 0.494603 0.492270 0.491136 0.491188 0.492427 0.494867 0.498538 0.503487 0.509775 0.517484 0.526719 0.537607 0.550310 0.565021 0.581981 0.601484 0.623895 0.649666 0.679366 0.713712 0.753629 0.800317 0.855369 0.920937 1.000000 0.940903 0.883666 0.834889 0.793026 0.756897 0.725589 0.698383 0.674711 0.654114 0.636226 0.620745 0.607428 0.596077 0.586529 0.578654 0.572349 0.567532 0.564143 0.562140 0.561500 0.562213 0.564290 0.567755 0.572651 0.579040 0.587002 0.596644 0.608098 0.621526 0.637130 0.653768 12521.000000 1.586830 0.709561
1.000000 0.940903 0.883666 0.834889 0.793026 0.756897 0.725589 0.698383 0.674711 0.654114 0.636226 0.620745 0.607428 0.596077 0.586529 0.578654 0.572349 0.567532 0.564143 0.562140 0.561500 0.562213 0.564290 0.567755 0.572651 0.579040 0.587002 0.596644 0.608098 0.621526 0.637130 0.653768 0.629795 0.608933 0.590786 0.575035 0.561419 0.549727 0.539786 0.531455 0.524623 0.519198 0.515114 0.512317 0.510774 0.510467 0.511392 0.513559 0.516995 0.521743 0.527863 0.535433 0.544554 0.555353 0.567984 0.582640 0.599555 0.619017 0.641382 0.667091 0.696696 0.730892 0.770572 0.816887 0.871360 0.936034 0.956623 0.899475 0.850705 0.808799 0.772603 0.741216 0.713933 0.690190 0.669537 0.651609 0.636108 0.622792 0.611466 0.601969 0.594171 0.587972 0.583291 0.580070 0.578271 0.577870 0.578863 0.581263 0.585098 0.590415 0.597283 0.605788 0.616045 0.621790 0.599652 0.580387 0.563636 0.549111 0.536576 0.525839 0.516744 0.509164 0.502997 0.498164 0.494603 0.492270 0.491136 0.491188 0.492427 0.494867 0.498538 0.503487 0.509775 0.517484 0.526719 0.537607 0.550310 0.565021 0.581981 0.601484 0.623895 0.649666 0.679366 0.713712 0.753629 0.800317 0.855369 0.920937 12521.000000 1.586830 0.709561
0.563636 0.549111 0.536576 0.525839 0.516744 0.509164 0.502997 0.498164 0.494603 0.492270 0.491136 0.491188 0.492427 0.494867 0.498538 0.503487 0.509775 0.517484 0.526719 0.537607 0.550310 0.565021 0.581981 0.601484 0.623895 0.649666 0.679366 0.713712 0.753629 0.800317 0.855369 0.920937 1.000000 0.940903 0.883666 0.834889 0.793026 0.756897 0.725589 0.698383 0.674711 0.654114 0.636226 0.620745 0.607428 0.596077 0.586529 0.578654 0.572349 0.567532 0.564143 0.562140 0.561500 0.562213 0.564290 0.567755 0.572651 0.579040 0.587002 0.596644 0.608098 0.621526 0.637130 0.653768 0.629795 0.608933 0.590786 0.575035 0.561419 0.549727 0.539786 0.531455 0.524623 0.519198 0.515114 0.512317 0.510774 0.510467 0.511392 0.513559 0.516995 0.521743 0.527863 0.535433 0.544554 0.555353 0.567984 0.582640 0.599555 0.619017 0.641382 0.667091 0.696696 0.730892 0.770572 0.816887 0.871360 0.936034 0.956623 0.899475 0.850705 0.808799 0.772603 0.741216 0.713933 0.690190 0.669537 0.651609 0.636108 0.622792 0.611466 0.601969 0.594171 0.587972 0.583291 0.580070 0.578271 0.577870 0.578863 0.581263 0.585098 0.590415 0.597283 0.605788 0.616045 0.621790 0.599652 0.580387 12521.000000 1.586830 0.709561
0.871360 0.936034 0.956623 0.899475 0.850705 0.808799 0.772603 0.741216 0.713933 0.690190 0.669537 0.651609 0.636108 0.622792 0.611466 0.601969 0.594171 0.587972 0.583291 0.580070 0.578271 0.577870 0.578863 0.581263 0.585098 0.590415 0.597283 0.605788 0.616045 0.621790 0.599652 0.580387 0.563636 0.549111 0.536576 0.525839 0.516744 0.509164 0.502997 0.498164 0.494603 0.492270 0.491136 0.491188 0.492427 0.494867 0.498538 0.503487 0.509775 0.517484 0.526719 0.537607 0.550310 0.565021 0.581981 0.601484 0.623895 0.649666 0.679366 0.713712 0.753629 0.800317 0.855369 0.920937 1.000000 0.940903 0.883666 0.834889 0.793026 0.756897 0.725589 0.698383 0.674711 0.654114 0.636226 0.620745 0.607428 0.596077 0.586529 0.578654 0.572349 0.567532 0.564143 0.562140 0.561500 0.562213 0.564290 0.567755 0.572651 0.579040 0.587002 0.596644 0.608098 0.621526 0.637130 0.653768 0.629795 0.608933 0.590786 0.575035 0.561419 0.549727 0.539786 0.531455 0.524623 0.519198 0.515114 0.512317 0.510774 0.510467 0.511392 0.513559 0.516995 0.521743 0.527863 0.535433 0.544554 0.555353 0.567984 0.582640 0.599555 0.619017 0.641382 0.667091 0.696696 0.730892 0.770572 0.816887 12521.000000 1.586830 0.709561
0.945522 1.000000 0.982678 0.938448 0.900103 0.866774 0.837772 0.812542 0.790636 0.771691 0.755410 0.741551 0.729918 0.720353 0.712730 0.706952 0.702947 0.700666 0.700080 0.701183 0.703988 0.687235 0.662416 0.640817 0.622033 0.605736 0.591661 0.579590 0.569345 0.560784 0.553791 0.548275 0.544165 0.541412 0.539980 0.539853 0.541029 0.543523 0.547364 0.552601 0.560047 0.571395 0.584649 0.600012 0.617733 0.638116 0.661539 0.688468 0.719490 0.755345 0.796982 0.845633 0.869252 0.849614 0.832805 0.818582 0.806748 0.797144 0.789647 0.784160 0.780617 0.778973 0.779210 0.781330 0.785359 0.791345 0.799364 0.809518 0.821938 0.836793 0.854291 0.874688 0.858321 0.823169 0.792618 0.766033 0.742905 0.722822 0.705452 0.690522 0.677809 0.667134 0.658352 0.651346 0.646029 0.642332 0.640210 0.639639 0.640610 0.643137 0.647248 0.652996 0.660452 0.669713 0.680900 0.687519 0.670878 0.656567 0.644374 0.634126 0.625682 0.618932 0.613788 0.610188 0.608085 0.607456 0.608291 0.610602 0.614417 0.619782 0.626764 0.635455 0.641109 0.643181 0.646829 0.652099 0.659056 0.667790 0.678414 0.691074 0.705948 0.723258 0.743273 0.766326 0.792826 0.823278 0.858314 0.898726 6994.500000 1.262291 0.821202
0.670878 0.656567 0.644374 0.634126 0.625682 0.618932 0.613788 0.610188 0.608085 0.607456 0.608291 0.610602 0.614417 0.619782 0.626764 0.635455 0.641109 0.643181 0.646829 0.652099 0.659056 0.667790 0.678414 0.691074 0.705948 0.723258 0.743273 0.766326 0.792826 0.823278 0.858314 0.898726 0.945522 1.000000 0.982678 0.938448 0.900103 0.866774 0.837772 0.812542 0.790636 0.771691 0.755410 0.741551 0.729918 0.720353 0.712730 0.706952 0.702947 0.700666 0.700080 0.701183 0.703988 0.687235 0.662416 0.640817 0.622033 0.605736 0.591661 0.579590 0.569345 0.560784 0.553791 0.548275 0.544165 0.541412 0.539980 0.539853 0.541029 0.543523 0.547364 0.552601 0.560047 0.571395 0.584649 0.600012 0.617733 0.638116 0.661539 0.688468 0.719490 0.755345 0.796982 0.845633 0.869252 0.849614 0.832805 0.818582 0.806748 0.797144 0.789647 0.784160 0.780617 0.778973 0.779210 0.781330 0.785359 0.791345 0.799364 0.809518 0.821938 0.836793 0.854291 0.874688 0.858321 0.823169 0.792618 0.766033 0.742905 0.722822 0.705452 0.690522 0.677809 0.667134 0.658352 0.651346 0.646029 0.642332 0.640210 0.639639 0.640610 0.643137 0.647248 0.652996 0.660452 0.669713 0.680900 0.687519 6994.500000 1.262291 0.821202
0.785359 0.791345 0.799364 0.809518 0.821938 0.836793 0.854291 0.874688 0.858321 0.823169 0.792618 0.766033 0.742905 0.722822 0.705452 0.690522 0.677809 0.667134 0.658352 0.651346 0.646029 0.642332 0.640210 0.639639 0.640610 0.643137 0.647248 0.652996 0.660452 0.669713 0.680900 0.687519 0.670878 0.656567 0.644374 0.634126 0.625682 0.618932 0.613788 0.610188 0.608085 0.607456 0.608291 0.610602 0.614417 0.619782 0.626764 0.635455 0.641109 0.643181 0.646829 0.652099 0.659056 0.667790 0.678414 0.691074 0.705948 0.723258 0.743273 0.766326 0.792826 0.823278 0.858314 0.898726 0.945522 1.000000 0.982678 0.938448 0.900103 0.866774 0.837772 0.812542 0.790636 0.771691 0.755410 0.741551 0.729918 0.720353 0.712730 0.706952 0.702947 0.700666 0.700080 0.701183 0.703988 0.687235 0.662416 0.640817 0.622033 0.605736 0.591661 0.579590 0.569345 0.560784 0.553791 0.548275 0.544165 0.541412 0.539980 0.539853 0.541029 0.543523 0.547364 0.552601 0.560047 0.571395 0.584649 0.600012 0.617733 0.638116 0.661539 0.688468 0.719490 0.755345 0.796982 0.845633 0.869252 0.849614 0.832805 0.818582 0.806748 0.797144 0.789647 0.784160 0.780617 0.778973 0.779210 0.781330 6994.500000 1.262291 0.821202
0.544165 0.541412 0.539980 0.539853 0.541029 0.543523 0.547364 0.552601 0.560047 0.571395 0.584649 0.600012 0.617733 0.638116 0.661539 0.688468 0.719490 0.755345 0.796982 0.845633 0.869252 0.849614 0.832805 0.818582 0.806748 0.797144 0.789647 0.784160 0.780617 0.778973 0.779210 0.781330 0.785359 0.791345 0.799364 0.809518 0.821938 0.836793 0.854291 0.874688 0.858321 0.823169 0.792618 0.766033 0.742905 0.722822 0.705452 0.690522 0.677809 0.667134 0.658352 0.651346 0.646029 0.642332 0.640210 0.639639 0.640610 0.643137 0.647248 0.652996 0.660452 0.669713 0.680900 0.687519 0.670878 0.656567 0.644374 0.634126 0.625682 0.618932 0.613788 0.610188 0.608085 0.607456 0.608291 0.610602 0.614417 0.619782 0.626764 0.635455 0.641109 0.643181 0.646829 0.652099 0.659056 0.667790 0.678414 0.691074 0.705948 0.723258 0.743273 0.766326 0.792826 0.823278 0.858314 0.898726 0.945522 1.000000 0.982678 0.938448 0.900103 0.866774 0.837772 0.812542 0.790636 0.771691 0.755410 0.741551 0.729918 0.720353 0.712730 0.706952 0.702947 0.700666 0.700080 0.701183 0.703988 0.687235 0.662416 0.640817 0.622033 0.605736 0.591661 0.579590 0.569345 0.560784 0.553791 0.548275 6994.500000 1.262291 0.821202
0.876871 0.893607 0.893008 0.859435 0.830222 0.804805 0.782728 0.763620 0.747180 0.733162 0.721366 0.711631 0.703829 0.697858 0.693645 0.691137 0.690305 0.691137 0.693645 0.697858 0.703829 0.701017 0.697208 0.695105 0.694684 0.695938 0.698884 0.703557 0.710015 0.718340 0.728638 0.741046 0.755737 0.772922 0.792861 0.815874 0.842352 0.807230 0.767314 0.732842 0.702955 0.676977 0.654371 0.634706 0.617633 0.602868 0.590181 0.579385 0.570326 0.568878 0.574108 0.580847 0.589183 0.599227 0.611116 0.625023 0.641158 0.659780 0.681207 0.705829 0.734132 0.766725 0.804374 0.848060 0.899054 0.959031 1.000000 0.965146 0.934816 0.908456 0.885617 0.865933 0.849106 0.834894 0.823099 0.813567 0.806172 0.800822 0.797451 0.796019 0.796506 0.798921 0.803291 0.797615 0.760796 0.728906 0.701202 0.677099 0.656126 0.637903 0.622124 0.608537 0.596939 0.587162 0.579073 0.572564 0.567552 0.563974 0.562764 0.562919 0.564434 0.567328 0.571636 0.577412 0.584728 0.593681 0.604391 0.617008 0.631718 0.648747 0.668374 0.690942 0.716876 0.746700 0.781078 0.820847 0.851424 0.842063 0.834895 0.829830 0.826806 0.825787 0.826759 0.829734 0.834750 0.841866 0.851174 0.862791 1073.500000 1.160264 0.803198
0.567552 0.563974 0.562764 0.562919 0.564434 0.567328 0.571636 0.577412 0.584728 0.593681 0.604391 0.617008 0.631718 0.648747 0.668374 0.690942 0.716876 0.746700 0.781078 0.820847 0.851424 0.842063 0.834895 0.829830 0.826806 0.825787 0.826759 0.829734 0.834750 0.841866 0.851174 0.862791 0.876871 0.893607 0.893008 0.859435 0.830222 0.804805 0.782728 0.763620 0.747180 0.733162 0.721366 0.711631 0.703829 0.697858 0.693645 0.691137 0.690305 0.691137 0.693645 0.697858 0.703829 0.701017 0.697208 0.695105 0.694684 0.695938 0.698884 0.703557 0.710015 0.718340 0.728638 0.741046 0.755737 0.772922 0.792861 0.815874 0.842352 0.807230 0.767314 0.732842 0.702955 0.676977 0.654371 0.634706 0.617633 0.602868 0.590181 0.579385 0.570326 0.568878 0.574108 0.580847 0.589183 0.599227 0.611116 0.625023 0.641158 0.659780 0.681207 0.705829 0.734132 0.766725 0.804374 0.848060 0.899054 0.959031 1.000000 0.965146 0.934816 0.908456 0.885617 0.865933 0.849106 0.834894 0.823099 0.813567 0.806172 0.800822 0.797451 0.796019 0.796506 0.798921 0.803291 0.797615 0.760796 0.728906 0.701202 0.677099 0.656126 0.637903 0.622124 0.608537 0.596939 0.587162 0.579073 0.572564 1073.500000 1.160264 0.803198
0.899054 0.959031 1.000000 0.965146 0.934816 0.908456 0.885617 0.865933 0.849106 0.834894 0.823099 0.813567 0.806172 0.800822 0.797451 0.796019 0.796506 0.798921 0.803291 0.797615 0.760796 0.728906 0.701202 0.677099 0.656126 0.637903 0.622124 0.608537 0.596939 0.587162 0.579073 0.572564 0.567552 0.563974 0.562764 0.562919 0.564434 0.567328 0.571636 0.577412 0.584728 0.593681 0.604391 0.617008 0.631718 0.648747 0.668374 0.690942 0.716876 0.746700 0.781078 0.820847 0.851424 0.842063 0.834895 0.829830 0.826806 0.825787 0.826759 0.829734 0.834750 0.841866 0.851174 0.862791 0.876871 0.893607 0.893008 0.859435 0.830222 0.804805 0.782728 0.763620 0.747180 0.733162 0.721366 0.711631 0.703829 0.697858 0.693645 0.691137 0.690305 0.691137 0.693645 0.697858 0.703829 0.701017 0.697208 0.695105 0.694684 0.695938 0.698884 0.703557 0.710015 0.718340 0.728638 0.741046 0.755737 0.772922 0.792861 0.815874 0.842352 0.807230 0.767314 0.732842 0.702955 0.676977 0.654371 0.634706 0.617633 0.602868 0.590181 0.579385 0.570326 0.568878 0.574108 0.580847 0.589183 0.599227 0.611116 0.625023 0.641158 0.659780 0.681207 0.705829 0.734132 0.766725 0.804374 0.848060 1073.500000 1.160264 0.803198
0.755737 0.772922 0.792861 0.815874 0.842352 0.807230 0.767314 0.732842 0.702955 0.676977 0.654371 0.634706 0.617633 0.602868 0.590181 0.579385 0.570326 0.568878 0.574108 0.580847 0.589183 0.599227 0.611116 0.625023 0.641158 0.659780 0.681207 0.705829 0.734132 0.766725 0.804374 0.848060 0.899054 0.959031 1.000000 0.965146 0.934816 0.908456 0.885617 0.865933 0.849106 0.834894 0.823099 0.813567 0.806172 0.800822 0.797451 0.796019 0.796506 0.798921 0.803291 0.797615 0.760796 0.728906 0.701202 0.677099 0.656126 0.637903 0.622124 0.608537 0.596939 0.587162 0.579073 0.572564 0.567552 0.563974 0.562764 0.562919 0.564434 0.567328 0.571636 0.577412 0.584728 0.593681 0.604391 0.617008 0.631718 0.648747 0.668374 0.690942 0.716876 0.746700 0.781078 0.820847 0.851424 0.842063 0.834895 0.829830 0.826806 0.825787 0.826759 0.829734 0.834750 0.841866 0.851174 0.862791 0.876871 0.893607 0.893008 0.859435 0.830222 0.804805 0.782728 0.763620 0.747180 0.733162 0.721366 0.711631 0.703829 0.697858 0.693645 0.691137 0.690305 0.691137 0.693645 0.697858 0.703829 0.701017 0.697208 0.695105 0.694684 0.695938 0.698884 0.703557 0.710015 0.718340 0.728638 0.741046 1073.500000 1.160264 0.803198
0.957213 0.923096 0.893406 0.867591 0.845205 0.825884 0.809334 0.795312 0.783623 0.774111 0.766652 0.761151 0.757541 0.755777 0.755837 0.757724 0.761458 0.759468 0.748131 0.738881 0.731598 0.726189 0.722588 0.720750 0.720653 0.722297 0.725699 0.730904 0.737974 0.746999 0.758097 0.771416 0.787141 0.805502 0.826779 0.851318 0.879541 0.911972 0.949261 0.940733 0.897472 0.859996 0.827438 0.799109 0.774461 0.753047 0.734508 0.718548 0.704930 0.693458 0.683975 0.676355 0.670500 0.666337 0.663815 0.662904 0.663591 0.665885 0.669814 0.675427 0.682794 0.692008 0.703192 0.716498 0.732114 0.750275 0.771265 0.795434 0.804596 0.799533 0.796440 0.795279 0.796036 0.798721 0.803366 0.810028 0.818790 0.829765 0.843097 0.858968 0.877602 0.899277 0.924333 0.953188 0.986354 1.000000 0.948084 0.903361 0.864657 0.831053 0.801822 0.776385 0.754273 0.735108 0.718581 0.704440 0.692481 0.682539 0.674479 0.668199 0.663619 0.660681 0.659351 0.659613 0.661468 0.664941 0.670073 0.676928 0.685594 0.686680 0.684524 0.684024 0.685174 0.687989 0.692502 0.698769 0.706869 0.716906 0.729014 0.743359 0.760149 0.779636 0.802132 0.828018 0.857767 0.891961 0.931332 0.976801 1738.500000 1.158811 0.828744
0.692481 0.682539 0.674479 0.668199 0.663619 0.660681 0.659351 0.659613 0.661468 0.664941 0.670073 0.676928 0.685594 0.686680 0.684524 0.684024 0.685174 0.687989 0.692502 0.698769 0.706869 0.716906 0.729014 0.743359 0.760149 0.779636 0.802132 0.828018 0.857767 0.891961 0.931332 0.976801 0.957213 0.923096 0.893406 0.867591 0.845205 0.825884 0.809334 0.795312 0.783623 0.774111 0.766652 0.761151 0.757541 0.755777 0.755837 0.757724 0.761458 0.759468 0.748131 0.738881 0.731598 0.726189 0.722588 0.720750 0.720653 0.722297 0.725699 0.730904 0.737974 0.746999 0.758097 0.771416 0.787141 0.805502 0.826779 0.851318 0.879541 0.911972 0.949261 0.940733 0.897472 0.859996 0.827438 0.799109 0.774461 0.753047 0.734508 0.718548 0.704930 0.693458 0.683975 0.676355 0.670500 0.666337 0.663815 0.662904 0.663591 0.665885 0.669814 0.675427 0.682794 0.692008 0.703192 0.716498 0.732114 0.750275 0.771265 0.795434 0.804596 0.799533 0.796440 0.795279 0.796036 0.798721 0.803366 0.810028 0.818790 0.829765 0.843097 0.858968 0.877602 0.899277 0.924333 0.953188 0.986354 1.000000 0.948084 0.903361 0.864657 0.831053 0.801822 0.776385 0.754273 0.735108 0.718581 0.704440 1738.500000 1.158811 0.828744
0.732114 0.750275 0.771265 0.795434 0.804596 0.799533 0.796440 0.795279 0.796036 0.798721 0.803366 0.810028 0.818790 0.829765 0.843097 0.858968 0.877602 0.899277 0.924333 0.953188 0.986354 1.000000 0.948084 0.903361 0.864657 0.831053 0.801822 0.776385 0.754273 0.735108 0.718581 0.704440 0.692481 0.682539 0.674479 0.668199 0.663619 0.660681 0.659351 0.659613 0.661468 0.664941 0.670073 0.676928 0.685594 0.686680 0.684524 0.684024 0.685174 0.687989 0.692502 0.698769 0.706869 0.716906 0.729014 0.743359 0.760149 0.779636 0.802132 0.828018 0.857767 0.891961 0.931332 0.976801 0.957213 0.923096 0.893406 0.867591 0.845205 0.825884 0.809334 0.795312 0.783623 0.774111 0.766652 0.761151 0.757541 0.755777 0.755837 0.757724 0.761458 0.759468 0.748131 0.738881 0.731598 0.726189 0.722588 0.720750 0.720653 0.722297 0.725699 0.730904 0.737974 0.746999 0.758097 0.771416 0.787141 0.805502 0.826779 0.851318 0.879541 0.911972 0.949261 0.940733 0.897472 0.859996 0.827438 0.799109 0.774461 0.753047 0.734508 0.718548 0.704930 0.693458 0.683975 0.676355 0.670500 0.666337 0.663815 0.662904 0.663591 0.665885 0.669814 0.675427 0.682794 0.692008 0.703192 0.716498 1738.500000 1.158811 0.828744
0.787141 0.805502 0.826779 0.851318 0.879541 0.911972 0.949261 0.940733 0.897472 0.859996 0.827438 0.799109 0.774461 0.753047 0.734508 0.718548 0.704930 0.693458 0.683975 0.676355 0.670500 0.666337 0.663815 0.662904 0.663591 0.665885 0.669814 0.675427 0.682794 0.692008 0.703192 0.716498 0.732114 0.750275 0.771265 0.795434 0.804596 0.799533 0.796440 0.795279 0.796036 0.798721 0.803366 0.810028 0.818790 0.829765 0.843097 0.858968 0.877602 0.899277 0.924333 0.953188 0.986354 1.000000 0.948084 0.903361 0.864657 0.831053 0.801822 0.776385 0.754273 0.735108 0.718581 0.704440 0.692481 0.682539 0.674479 0.668199 0.663619 0.660681 0.659351 0.659613 0.661468 0.664941 0.670073 0.676928 0.685594 0.686680 0.684524 0.684024 0.685174 0.687989 0.692502 0.698769 0.706869 0.716906 0.729014 0.743359 0.760149 0.779636 0.802132 0.828018 0.857767 0.891961 0.931332 0.976801 0.957213 0.923096 0.893406 0.867591 0.845205 0.825884 0.809334 0.795312 0.783623 0.774111 0.766652 0.761151 0.757541 0.755777 0.755837 0.757724 0.761458 0.759468 0.748131 0.738881 0.731598 0.726189 0.722588 0.720750 0.720653 0.722297 0.725699 0.730904 0.737974 0.746999 0.758097 0.771416 1738.500000 1.158811 0.828744
0.816015 0.866430 0.925861 0.996624 1.000000 0.933888 0.877960 0.830239 0.789241 0.753833 0.723132 0.696447 0.673225 0.653024 0.635486 0.620321 0.607292 0.596206 0.586906 0.579265 0.573184 0.568585 0.565411 0.563622 0.563196 0.564130 0.566433 0.570134 0.575279 0.581933 0.590181 0.600132 0.611924 0.625727 0.641748 0.645428 0.627050 0.611121 0.597384 0.585631 0.575692 0.567429 0.560731 0.555512 0.551706 0.549267 0.548163 0.548383 0.549928 0.552817 0.557086 0.562788 0.569995 0.578801 0.589326 0.601718 0.616157 0.632869 0.652128 0.674271 0.699715 0.728980 0.762718 0.801755 0.847154 0.900303 0.963043 0.976308 0.917313 0.867011 0.823821 0.786534 0.754215 0.726127 0.701686 0.680423 0.661958 0.645984 0.632250 0.620551 0.610722 0.602629 0.596165 0.591248 0.587815 0.585825 0.585254 0.586095 0.588357 0.592069 0.597276 0.604043 0.612458 0.622632 0.634704 0.648848 0.665276 0.674974 0.650878 0.629908 0.611675 0.595863 0.582215 0.570522 0.560614 0.552351 0.545624 0.540345 0.536447 0.533882 0.532618 0.532641 0.533950 0.536561 0.540506 0.545834 0.552613 0.560931 0.570900 0.582658 0.596378 0.612270 0.630593 0.651665 0.675878 0.703721 0.735805 0.772905 1774.000000 1.541021 0.717164
0.665276 0.674974 0.650878 0.629908 0.611675 0.595863 0.582215 0.570522 0.560614 0.552351 0.545624 0.540345 0.536447 0.533882 0.532618 0.532641 0.533950 0.536561 0.540506 0.545834 0.552613 0.560931 0.570900 0.582658 0.596378 0.612270 0.630593 0.651665 0.675878 0.703721 0.735805 0.772905 0.816015 0.866430 0.925861 0.996624 1.000000 0.933888 0.877960 0.830239 0.789241 0.753833 0.723132 0.696447 0.673225 0.653024 0.635486 0.620321 0.607292 0.596206 0.586906 0.579265 0.573184 0.568585 0.565411 0.563622 0.563196 0.564130 0.566433 0.570134 0.575279 0.581933 0.590181 0.600132 0.611924 0.625727 0.641748 0.645428 0.627050 0.611121 0.597384 0.585631 0.575692 0.567429 0.560731 0.555512 0.551706 0.549267 0.548163 0.548383 0.549928 0.552817 0.557086 0.562788 0.569995 0.578801 0.589326 0.601718 0.616157 0.632869 0.652128 0.674271 0.699715 0.728980 0.762718 0.801755 0.847154 0.900303 0.963043 0.976308 0.917313 0.867011 0.823821 0.786534 0.754215 0.726127 0.701686 0.680423 0.661958 0.645984 0.632250 0.620551 0.610722 0.602629 0.596165 0.591248 0.587815 0.585825 0.585254 0.586095 0.588357 0.592069 0.597276 0.604043 0.612458 0.622632 0.634704 0.648848 1774.000000 1.541021 0.717164
0.847154 0.900303 0.963043 0.976308 0.917313 0.867011 0.823821 0.786534 0.754215 0.726127 0.701686 0.680423 0.661958 0.645984 0.632250 0.620551 0.610722 0.602629 0.596165 0.591248 0.587815 0.585825 0.585254 0.586095 0.588357 0.592069 0.597276 0.604043 0.612458 0.622632 0.634704 0.648848 0.665276 0.674974 0.650878 0.629908 0.611675 0.595863 0.582215 0.570522 0.560614 0.552351 0.545624 0.540345 0.536447 0.533882 0.532618 0.532641 0.533950 0.536561 0.540506 0.545834 0.552613 0.560931 0.570900 0.582658 0.596378 0.612270 0.630593 0.651665 0.675878 0.703721 0.735805 0.772905 0.816015 0.866430 0.925861 0.996624 1.000000 0.933888 0.877960 0.830239 0.789241 0.753833 0.723132 0.696447 0.673225 0.653024 0.635486 0.620321 0.607292 0.596206 0.586906 0.579265 0.573184 0.568585 0.565411 0.563622 0.563196 0.564130 0.566433 0.570134 0.575279 0.581933 0.590181 0.600132 0.611924 0.625727 0.641748 0.645428 0.627050 0.611121 0.597384 0.585631 0.575692 0.567429 0.560731 0.555512 0.551706 0.549267 0.548163 0.548383 0.549928 0.552817 0.557086 0.562788 0.569995 0.578801 0.589326 0.601718 0.616157 0.632869 0.652128 0.674271 0.699715 0.728980 0.762718 0.801755 1774.000000 1.541021 0.717164
0.611924 0.625727 0.641748 0.645428 0.627050 0.611121 0.597384 0.585631 0.575692 0.567429 0.560731 0.555512 0.551706 0.549267 0.548163 0.548383 0.549928 0.552817 0.557086 0.562788 0.569995 0.578801 0.589326 0.601718 0.616157 0.632869 0.652128 0.674271 0.699715 0.728980 0.762718 0.801755 0.847154 0.900303 0.963043 0.976308 0.917313 0.867011 0.823821 0.786534 0.754215 0.726127 0.701686 0.680423 0.661958 0.645984 0.632250 0.620551 0.610722 0.602629 0.596165 0.591248 0.587815 0.585825 0.585254 0.586095 0.588357 0.592069 0.597276 0.604043 0.612458 0.622632 0.634704 0.648848 0.665276 0.674974 0.650878 0.629908 0.611675 0.595863 0.582215 0.570522 0.560614 0.552351 0.545624 0.540345 0.536447 0.533882 0.532618 0.532641 0.533950 0.536561 0.540506 0.545834 0.552613 0.560931 0.570900 0.582658 0.596378 0.612270 0.630593 0.651665 0.675878 0.703721 0.735805 0.772905 0.816015 0.866430 0.925861 0.996624 1.000000 0.933888 0.877960 0.830239 0.789241 0.753833 0.723132 0.696447 0.673225 0.653024 0.635486 0.620321 0.607292 0.596206 0.586906 0.579265 0.573184 0.568585 0.565411 0.563622 0.563196 0.564130 0.566433 0.570134 0.575279 0.581933 0.590181 0.600132 1774.000000 1.541021 0.717164
0.779174 0.747267 0.719536 0.695404 0.674411 0.656183 0.640416 0.626864 0.615325 0.605636 0.597665 0.591307 0.586481 0.583126 0.581202 0.580685 0.581568 0.583214 0.581762 0.581715 0.583073 0.585852 0.590086 0.595827 0.603149 0.612145 0.622938 0.635677 0.650548 0.658836 0.647442 0.637947 0.630222 0.624168 0.619708 0.616787 0.615368 0.615435 0.616989 0.620048 0.624650 0.630852 0.638733 0.648395 0.659967 0.673613 0.689531 0.703951 0.698675 0.695139 0.693301 0.693138 0.694648 0.697849 0.702781 0.709505 0.718105 0.728694 0.741412 0.756437 0.773986 0.794328 0.817792 0.844781 0.875794 0.911450 0.952525 1.000000 0.990539 0.917412 0.856261 0.804570 0.760492 0.722644 0.689967 0.661643 0.637027 0.615606 0.596971 0.580789 0.566790 0.554755 0.544506 0.535895 0.525230 0.514085 0.504593 0.496620 0.490057 0.484818 0.480836 0.478062 0.476460 0.476012 0.476712 0.478569 0.481606 0.485859 0.491382 0.498246 0.506542 0.514382 0.522893 0.532996 0.544835 0.558589 0.574475 0.592760 0.613776 0.637929 0.665731 0.697824 0.735028 0.778404 0.829344 0.889587 0.887541 0.887638 0.889879 0.894291 0.900929 0.909874 0.921240 0.935175 0.951866 0.908243 0.858608 0.815981 1426.000000 1.355556 0.778003
0.481606 0.485859 0.491382 0.498246 0.506542 0.514382 0.522893 0.532996 0.544835 0.558589 0.574475 0.592760 0.613776 0.637929 0.665731 0.697824 0.735028 0.778404 0.829344 0.889587 0.887541 0.887638 0.889879 0.894291 0.900929 0.909874 0.921240 0.935175 0.951866 0.908243 0.858608 0.815981 0.779174 0.747267 0.719536 0.695404 0.674411 0.656183 0.640416 0.626864 0.615325 0.605636 0.597665 0.591307 0.586481 0.583126 0.581202 0.580685 0.581568 0.583214 0.581762 0.581715 0.583073 0.585852 0.590086 0.595827 0.603149 0.612145 0.622938 0.635677 0.650548 0.658836 0.647442 0.637947 0.630222 0.624168 0.619708 0.616787 0.615368 0.615435 0.616989 0.620048 0.624650 0.630852 0.638733 0.648395 0.659967 0.673613 0.689531 0.703951 0.698675 0.695139 0.693301 0.693138 0.694648 0.697849 0.702781 0.709505 0.718105 0.728694 0.741412 0.756437 0.773986 0.794328 0.817792 0.844781 0.875794 0.911450 0.952525 1.000000 0.990539 0.917412 0.856261 0.804570 0.760492 0.722644 0.689967 0.661643 0.637027 0.615606 0.596971 0.580789 0.566790 0.554755 0.544506 0.535895 0.525230 0.514085 0.504593 0.496620 0.490057 0.484818 0.480836 0.478062 0.476460 0.476012 0.476712 0.478569 1426.000000 1.355556 0.778003
0.875794 0.911450 0.952525 1.000000 0.990539 0.917412 0.856261 0.804570 0.760492 0.722644 0.689967 0.661643 0.637027 0.615606 0.596971 0.580789 0.566790 0.554755 0.544506 0.535895 0.525230 0.514085 0.504593 0.496620 0.490057 0.484818 0.480836 0.478062 0.476460 0.476012 0.476712 0.478569 0.481606 0.485859 0.491382 0.498246 0.506542 0.514382 0.522893 0.532996 0.544835 0.558589 0.574475 0.592760 0.613776 0.637929 0.665731 0.697824 0.735028 0.778404 0.829344 0.889587 0.887541 0.887638 0.889879 0.894291 0.900929 0.909874 0.921240 0.935175 0.951866 0.908243 0.858608 0.815981 0.779174 0.747267 0.719536 0.695404 0.674411 0.656183 0.640416 0.626864 0.615325 0.605636 0.597665 0.591307 0.586481 0.583126 0.581202 0.580685 0.581568 0.583214 0.581762 0.581715 0.583073 0.585852 0.590086 0.595827 0.603149 0.612145 0.622938 0.635677 0.650548 0.658836 0.647442 0.637947 0.630222 0.624168 0.619708 0.616787 0.615368 0.615435 0.616989 0.620048 0.624650 0.630852 0.638733 0.648395 0.659967 0.673613 0.689531 0.703951 0.698675 0.695139 0.693301 0.693138 0.694648 0.697849 0.702781 0.709505 0.718105 0.728694 0.741412 0.756437 0.773986 0.794328 0.817792 0.844781 1426.000000 1.355556 0.778003
0.630222 0.624168 0.619708 0.616787 0.615368 0.615435 0.616989 0.620048 0.624650 0.630852 0.638733 0.648395 0.659967 0.673613 0.689531 0.703951 0.698675 0.695139 0.693301 0.693138 0.694648 0.697849 0.702781 0.709505 0.718105 0.728694 0.741412 0.756437 0.773986 0.794328 0.817792 0.844781 0.875794 0.911450 0.952525 1.000000 0.990539 0.917412 0.856261 0.804570 0.760492 0.722644 0.689967 0.661643 0.637027 0.615606 0.596971 0.580789 0.566790 0.554755 0.544506 0.535895 0.525230 0.514085 0.504593 0.496620 0.490057 0.484818 0.480836 0.478062 0.476460 0.476012 0.476712 0.478569 0.481606 0.485859 0.491382 0.498246 0.506542 0.514382 0.522893 0.532996 0.544835 0.558589 0.574475 0.592760 0.613776 0.637929 0.665731 0.697824 0.735028 0.778404 0.829344 0.889587 0.887541 0.887638 0.889879 0.894291 0.900929 0.909874 0.921240 0.935175 0.951866 0.908243 0.858608 0.815981 0.779174 0.747267 0.719536 0.695404 0.674411 0.656183 0.640416 0.626864 0.615325 0.605636 0.597665 0.591307 0.586481 0.583126 0.581202 0.580685 0.581568 0.583214 0.581762 0.581715 0.583073 0.585852 0.590086 0.595827 0.603149 0.612145 0.622938 0.635677 0.650548 0.658836 0.647442 0.637947 1426.000000 1.355556 0.778003
0.897213 0.925578 0.888581 0.855174 0.826106 0.800816 0.778848 0.759835 0.743476 0.729528 0.717790 0.708103 0.700339 0.694398 0.690206 0.687711 0.686882 0.687711 0.690206 0.694398 0.700339 0.708103 0.717790 0.726946 0.725160 0.725125 0.726841 0.730329 0.735631 0.742813 0.751966 0.763209 0.776694 0.792607 0.811180 0.832700 0.857514 0.886053 0.918846 0.956553 1.000000 0.989332 0.955919 0.926849 0.901603 0.879759 0.860973 0.844966 0.831510 0.820422 0.811554 0.804795 0.800058 0.797287 0.796446 0.797527 0.800542 0.805528 0.812545 0.809225 0.785616 0.765136 0.747452 0.732291 0.719432 0.708694 0.699934 0.693036 0.687915 0.684505 0.682766 0.682676 0.684234 0.687460 0.692391 0.699091 0.707643 0.718158 0.730777 0.745676 0.763073 0.783232 0.806480 0.833220 0.863947 0.899276 0.888508 0.866818 0.848156 0.832244 0.818854 0.807803 0.798945 0.792168 0.787385 0.784539 0.783594 0.784539 0.787385 0.792168 0.798945 0.807803 0.818854 0.832244 0.848156 0.866818 0.888508 0.872148 0.850881 0.832585 0.816986 0.803861 0.793032 0.784355 0.777719 0.773042 0.770264 0.769354 0.770299 0.773111 0.777825 0.784498 0.793214 0.804085 0.817253 0.832901 0.851250 0.872575 646.000000 1.158565 0.867851
0.783594 0.784539 0.787385 0.792168 0.798945 0.807803 0.818854 0.832244 0.848156 0.866818 0.888508 0.872148 0.850881 0.832585 0.816986 0.803861 0.793032 0.784355 0.777719 0.773042 0.770264 0.769354 0.770299 0.773111 0.777825 0.784498 0.793214 0.804085 0.817253 0.832901 0.851250 0.872575 0.897213 0.925578 0.888581 0.855174 0.826106 0.800816 0.778848 0.759835 0.743476 0.729528 0.717790 0.708103 0.700339 0.694398 0.690206 0.687711 0.686882 0.687711 0.690206 0.694398 0.700339 0.708103 0.717790 0.726946 0.725160 0.725125 0.726841 0.730329 0.735631 0.742813 0.751966 0.763209 0.776694 0.792607 0.811180 0.832700 0.857514 0.886053 0.918846 0.956553 1.000000 0.989332 0.955919 0.926849 0.901603 0.879759 0.860973 0.844966 0.831510 0.820422 0.811554 0.804795 0.800058 0.797287 0.796446 0.797527 0.800542 0.805528 0.812545 0.809225 0.785616 0.765136 0.747452 0.732291 0.719432 0.708694 0.699934 0.693036 0.687915 0.684505 0.682766 0.682676 0.684234 0.687460 0.692391 0.699091 0.707643 0.718158 0.730777 0.745676 0.763073 0.783232 0.806480 0.833220 0.863947 0.899276 0.888508 0.866818 0.848156 0.832244 0.818854 0.807803 0.798945 0.792168 0.787385 0.784539 646.000000 1.158565 0.867851
0.719432 0.708694 0.699934 0.693036 0.687915 0.684505 0.682766 0.682676 0.684234 0.687460 0.692391 0.699091 0.707643 0.718158 0.730777 0.745676 0.763073 0.783232 0.806480 0.833220 0.863947 0.899276 0.888508 0.866818 0.848156 0.832244 0.818854 0.807803 0.798945 0.792168 0.787385 0.784539 0.783594 0.784539 0.787385 0.792168 0.798945 0.807803 0.818854 0.832244 0.848156 0.866818 0.888508 0.872148 0.850881 0.832585 0.816986 0.803861 0.793032 0.784355 0.777719 0.773042 0.770264 0.769354 0.770299 0.773111 0.777825 0.784498 0.793214 0.804085 0.817253 0.832901 0.851250 0.872575 0.897213 0.925578 0.888581 0.855174 0.826106 0.800816 0.778848 0.759835 0.743476 0.729528 0.717790 0.708103 0.700339 0.694398 0.690206 0.687711 0.686882 0.687711 0.690206 0.694398 0.700339 0.708103 0.717790 0.726946 0.725160 0.725125 0.726841 0.730329 0.735631 0.742813 0.751966 0.763209 0.776694 0.792607 0.811180 0.832700 0.857514 0.886053 0.918846 0.956553 1.000000 0.989332 0.955919 0.926849 0.901603 0.879759 0.860973 0.844966 0.831510 0.820422 0.811554 0.804795 0.800058 0.797287 0.796446 0.797527 0.800542 0.805528 0.812545 0.809225 0.785616 0.765136 0.747452 0.732291 646.000000 1.158565 0.867851
0.776694 0.792607 0.811180 0.832700 0.857514 0.886053 0.918846 0.956553 1.000000 0.989332 0.955919 0.926849 0.901603 0.879759 0.860973 0.844966 0.831510 0.820422 0.811554 0.804795 0.800058 0.797287 0.796446 0.797527 0.800542 0.805528 0.812545 0.809225 0.785616 0.765136 0.747452 0.732291 0.719432 0.708694 0.699934 0.693036 0.687915 0.684505 0.682766 0.682676 0.684234 0.687460 0.692391 0.699091 0.707643 0.718158 0.730777 0.745676 0.763073 0.783232 0.806480 0.833220 0.863947 0.899276 0.888508 0.866818 0.848156 0.832244 0.818854 0.807803 0.798945 0.792168 0.787385 0.784539 0.783594 0.784539 0.787385 0.792168 0.798945 0.807803 0.818854 0.832244 0.848156 0.866818 0.888508 0.872148 0.850881 0.832585 0.816986 0.803861 0.793032 0.784355 0.777719 0.773042 0.770264 0.769354 0.770299 0.773111 0.777825 0.784498 0.793214 0.804085 0.817253 0.832901 0.851250 0.872575 0.897213 0.925578 0.888581 0.855174 0.826106 0.800816 0.778848 0.759835 0.743476 0.729528 0.717790 0.708103 0.700339 0.694398 0.690206 0.687711 0.686882 0.687711 0.690206 0.694398 0.700339 0.708103 0.717790 0.726946 0.725160 0.725125 0.726841 0.730329 0.735631 0.742813 0.751966 0.763209 646.000000 1.158565 0.867851
0.777684 0.742162 0.711382 0.684637 0.661366 0.641119 0.623532 0.608310 0.595214 0.584047 0.574650 0.566895 0.560679 0.555923 0.552567 0.550569 0.549906 0.550569 0.552567 0.555923 0.560679 0.566895 0.574650 0.584047 0.595214 0.608310 0.623532 0.641119 0.661366 0.684637 0.711382 0.742162 0.777684 0.818850 0.866822 0.923127 0.989805 1.000000 0.940471 0.889654 0.845981 0.808251 0.775532 0.747088 0.722335 0.700804 0.682116 0.665961 0.652087 0.640292 0.630407 0.622299 0.615862 0.611013 0.607693 0.605860 0.605493 0.606587 0.609154 0.613227 0.618856 0.626112 0.635088 0.645903 0.658708 0.673686 0.691065 0.711123 0.722757 0.710674 0.700649 0.692548 0.686266 0.681725 0.678868 0.677661 0.678088 0.680156 0.683889 0.689333 0.696556 0.705650 0.716734 0.729959 0.745510 0.763618 0.784565 0.808696 0.836438 0.868318 0.853789 0.815546 0.782386 0.753561 0.728478 0.706658 0.687716 0.671338 0.657269 0.645300 0.635262 0.627019 0.620462 0.615509 0.612098 0.610185 0.609749 0.610784 0.613303 0.617336 0.622932 0.630164 0.639123 0.649928 0.662730 0.677711 0.695098 0.715169 0.738266 0.764808 0.795317 0.830445 0.871014 0.918077 0.972994 0.923127 0.866822 0.818850 527.500000 1.084391 0.731919
0.687716 0.671338 0.657269 0.645300 0.635262 0.627019 0.620462 0.615509 0.612098 0.610185 0.609749 0.610784 0.613303 0.617336 0.622932 0.630164 0.639123 0.649928 0.662730 0.677711 0.695098 0.715169 0.738266 0.764808 0.795317 0.830445 0.871014 0.918077 0.972994 0.923127 0.866822 0.818850 0.777684 0.742162 0.711382 0.684637 0.661366 0.641119 0.623532 0.608310 0.595214 0.584047 0.574650 0.566895 0.560679 0.555923 0.552567 0.550569 0.549906 0.550569 0.552567 0.555923 0.560679 0.566895 0.574650 0.584047 0.595214 0.608310 0.623532 0.641119 0.661366 0.684637 0.711382 0.742162 0.777684 0.818850 0.866822 0.923127 0.989805 1.000000 0.940471 0.889654 0.845981 0.808251 0.775532 0.747088 0.722335 0.700804 0.682116 0.665961 0.652087 0.640292 0.630407 0.622299 0.615862 0.611013 0.607693 0.605860 0.605493 0.606587 0.609154 0.613227 0.618856 0.626112 0.635088 0.645903 0.658708 0.673686 0.691065 0.711123 0.722757 0.710674 0.700649 0.692548 0.686266 0.681725 0.678868 0.677661 0.678088 0.680156 0.683889 0.689333 0.696556 0.705650 0.716734 0.729959 0.745510 0.763618 0.784565 0.808696 0.836438 0.868318 0.853789 0.815546 0.782386 0.753561 0.728478 0.706658 527.500000 1.084391 0.731919
0.658708 0.673686 0.691065 0.711123 0.722757 0.710674 0.700649 0.692548 0.686266 0.681725 0.678868 0.677661 0.678088 0.680156 0.683889 0.689333 0.696556 0.705650 0.716734 0.729959 0.745510 0.763618 0.784565 0.808696 0.836438 0.868318 0.853789 0.815546 0.782386 0.753561 0.728478 0.706658 0.687716 0.671338 0.657269 0.645300 0.635262 0.627019 0.620462 0.615509 0.612098 0.610185 0.609749 0.610784 0.613303 0.617336 0.622932 0.630164 0.639123 0.649928 0.662730 0.677711 0.695098 0.715169 0.738266 0.764808 0.795317 0.830445 0.871014 0.918077 0.972994 0.923127 0.866822 0.818850 0.777684 0.742162 0.711382 0.684637 0.661366 0.641119 0.623532 0.608310 0.595214 0.584047 0.574650 0.566895 0.560679 0.555923 0.552567 0.550569 0.549906 0.550569 0.552567 0.555923 0.560679 0.566895 0.574650 0.584047 0.595214 0.608310 0.623532 0.641119 0.661366 0.684637 0.711382 0.742162 0.777684 0.818850 0.866822 0.923127 0.989805 1.000000 0.940471 0.889654 0.845981 0.808251 0.775532 0.747088 0.722335 0.700804 0.682116 0.665961 0.652087 0.640292 0.630407 0.622299 0.615862 0.611013 0.607693 0.605860 0.605493 0.606587 0.609154 0.613227 0.618856 0.626112 0.635088 0.645903 527.500000 1.084391 0.731919
0.777684 0.818850 0.866822 0.923127 0.989805 1.000000 0.940471 0.889654 0.845981 0.808251 0.775532 0.747088 0.722335 0.700804 0.682116 0.665961 0.652087 0.640292 0.630407 0.622299 0.615862 0.611013 0.607693 0.605860 0.605493 0.606587 0.609154 0.613227 0.618856 0.626112 0.635088 0.645903 0.658708 0.673686 0.691065 0.711123 0.722757 0.710674 0.700649 0.692548 0.686266 0.681725 0.678868 0.677661 0.678088 0.680156 0.683889 0.689333 0.696556 0.705650 0.716734 0.729959 0.745510 0.763618 0.784565 0.808696 0.836438 0.868318 0.853789 0.815546 0.782386 0.753561 0.728478 0.706658 0.687716 0.671338 0.657269 0.645300 0.635262 0.627019 0.620462 0.615509 0.612098 0.610185 0.609749 0.610784 0.613303 0.617336 0.622932 0.630164 0.639123 0.649928 0.662730 0.677711 0.695098 0.715169 0.738266 0.764808 0.795317 0.830445 0.871014 0.918077 0.972994 0.923127 0.866822 0.818850 0.777684 0.742162 0.711382 0.684637 0.661366 0.641119 0.623532 0.608310 0.595214 0.584047 0.574650 0.566895 0.560679 0.555923 0.552567 0.550569 0.549906 0.550569 0.552567 0.555923 0.560679 0.566895 0.574650 0.584047 0.595214 0.608310 0.623532 0.641119 0.661366 0.684637 0.711382 0.742162 527.500000 1.084391 0.731919
0.903060 1.000000 0.899512 0.819169 0.753668 0.699427 0.653938 0.615397 0.582472 0.554158 0.529686 0.508457 0.489999 0.473936 0.459965 0.447843 0.437370 0.428384 0.420753 0.414369 0.409148 0.405020 0.401933 0.399849 0.398742 0.398599 0.399418 0.401208 0.403993 0.407805 0.412694 0.418723 0.425972 0.434541 0.444555 0.456167 0.469563 0.484973 0.502681 0.523039 0.546488 0.573585 0.605043 0.641787 0.685040 0.696184 0.664821 0.637631 0.614000 0.593436 0.575546 0.560013 0.546579 0.535032 0.525203 0.516951 0.510165 0.504754 0.500651 0.497803 0.496176 0.495750 0.496520 0.498495 0.501700 0.506173 0.511971 0.519169 0.527862 0.538169 0.550239 0.564254 0.580435 0.599058 0.620461 0.645060 0.673380 0.706079 0.744001 0.788234 0.840210 0.815976 0.739709 0.677974 0.627144 0.584714 0.548901 0.518398 0.492231 0.469655 0.450096 0.433103 0.418317 0.405452 0.394276 0.384601 0.376275 0.369172 0.363191 0.358250 0.354284 0.351241 0.349084 0.347786 0.347331 0.347715 0.348940 0.351023 0.353989 0.357875 0.362730 0.368620 0.375623 0.383841 0.393395 0.404436 0.417149 0.431761 0.448553 0.467877 0.490175 0.516011 0.546110 0.581425 0.623229 0.673257 0.733941 0.808789 1262.500000 1.513177 0.567577
0.376275 0.369172 0.363191 0.358250 0.354284 0.351241 0.349084 0.347786 0.347331 0.347715 0.348940 0.351023 0.353989 0.357875 0.362730 0.368620 0.375623 0.383841 0.393395 0.404436 0.417149 0.431761 0.448553 0.467877 0.490175 0.516011 0.546110 0.581425 0.623229 0.673257 0.733941 0.808789 0.903060 1.000000 0.899512 0.819169 0.753668 0.699427 0.653938 0.615397 0.582472 0.554158 0.529686 0.508457 0.489999 0.473936 0.459965 0.447843 0.437370 0.428384 0.420753 0.414369 0.409148 0.405020 0.401933 0.399849 0.398742 0.398599 0.399418 0.401208 0.403993 0.407805 0.412694 0.418723 0.425972 0.434541 0.444555 0.456167 0.469563 0.484973 0.502681 0.523039 0.546488 0.573585 0.605043 0.641787 0.685040 0.696184 0.664821 0.637631 0.614000 0.593436 0.575546 0.560013 0.546579 0.535032 0.525203 0.516951 0.510165 0.504754 0.500651 0.497803 0.496176 0.495750 0.496520 0.498495 0.501700 0.506173 0.511971 0.519169 0.527862 0.538169 0.550239 0.564254 0.580435 0.599058 0.620461 0.645060 0.673380 0.706079 0.744001 0.788234 0.840210 0.815976 0.739709 0.677974 0.627144 0.584714 0.548901 0.518398 0.492231 0.469655 0.450096 0.433103 0.418317 0.405452 0.394276 0.384601 1262.500000 1.513177 0.567577
0.501700 0.506173 0.511971 0.519169 0.527862 0.538169 0.550239 0.564254 0.580435 0.599058 0.620461 0.645060 0.673380 0.706079 0.744001 0.788234 0.840210 0.815976 0.739709 0.677974 0.627144 0.584714 0.548901 0.518398 0.492231 0.469655 0.450096 0.433103 0.418317 0.405452 0.394276 0.384601 0.376275 0.369172 0.363191 0.358250 0.354284 0.351241 0.349084 0.347786 0.347331 0.347715 0.348940 0.351023 0.353989 0.357875 0.362730 0.368620 0.375623 0.383841 0.393395 0.404436 0.417149 0.431761 0.448553 0.467877 0.490175 0.516011 0.546110 0.581425 0.623229 0.673257 0.733941 0.808789 0.903060 1.000000 0.899512 0.819169 0.753668 0.699427 0.653938 0.615397 0.582472 0.554158 0.529686 0.508457 0.489999 0.473936 0.459965 0.447843 0.437370 0.428384 0.420753 0.414369 0.409148 0.405020 0.401933 0.399849 0.398742 0.398599 0.399418 0.401208 0.403993 0.407805 0.412694 0.418723 0.425972 0.434541 0.444555 0.456167 0.469563 0.484973 0.502681 0.523039 0.546488 0.573585 0.605043 0.641787 0.685040 0.696184 0.664821 0.637631 0.614000 0.593436 0.575546 0.560013 0.546579 0.535032 0.525203 0.516951 0.510165 0.504754 0.500651 0.497803 0.496176 0.495750 0.496520 0.498495 1262.500000 1.513177 0.567577
0.425972 0.434541 0.444555 0.456167 0.469563 0.484973 0.502681 0.523039 0.546488 0.573585 0.605043 0.641787 0.685040 0.696184 0.664821 0.637631 0.614000 0.593436 0.575546 0.560013 0.546579 0.535032 0.525203 0.516951 0.510165 0.504754 0.500651 0.497803 0.496176 0.495750 0.496520 0.498495 0.501700 0.506173 0.511971 0.519169 0.527862 0.538169 0.550239 0.564254 0.580435 0.599058 0.620461 0.645060 0.673380 0.706079 0.744001 0.788234 0.840210 0.815976 0.739709 0.677974 0.627144 0.584714 0.548901 0.518398 0.492231 0.469655 0.450096 0.433103 0.418317 0.405452 0.394276 0.384601 0.376275 0.369172 0.363191 0.358250 0.354284 0.351241 0.349084 0.347786 0.347331 0.347715 0.348940 0.351023 0.353989 0.357875 0.362730 0.368620 0.375623 0.383841 0.393395 0.404436 0.417149 0.431761 0.448553 0.467877 0.490175 0.516011 0.546110 0.581425 0.623229 0.673257 0.733941 0.808789 0.903060 1.000000 0.899512 0.819169 0.753668 0.699427 0.653938 0.615397 0.582472 0.554158 0.529686 0.508457 0.489999 0.473936 0.459965 0.447843 0.437370 0.428384 0.420753 0.414369 0.409148 0.405020 0.401933 0.399849 0.398742 0.398599 0.399418 0.401208 0.403993 0.407805 0.412694 0.418723 1262.500000 1.513177 0.567577
0.807705 0.882007 0.973949 1.000000 0.916822 0.848305 0.791090 0.742782 0.701627 0.666314 0.635844 0.609443 0.586503 0.566543 0.549176 0.534091 0.521034 0.509799 0.500218 0.492154 0.485497 0.480160 0.476072 0.473184 0.471460 0.470878 0.471433 0.473129 0.475989 0.480047 0.485355 0.491979 0.500008 0.509551 0.520745 0.533756 0.548790 0.566098 0.585992 0.608855 0.635167 0.665531 0.700718 0.741719 0.789837 0.806771 0.762092 0.723754 0.690673 0.662009 0.637103 0.615432 0.596577 0.580198 0.566023 0.553825 0.543424 0.534671 0.527446 0.521653 0.517219 0.514088 0.512221 0.511595 0.512203 0.514053 0.517166 0.521582 0.527355 0.534559 0.543290 0.553667 0.565838 0.579984 0.596330 0.615148 0.636777 0.661634 0.690241 0.723254 0.761512 0.806092 0.858414 0.920370 0.948531 0.861609 0.791026 0.732763 0.684029 0.642825 0.607684 0.577505 0.551447 0.528859 0.509226 0.492142 0.477280 0.464375 0.453213 0.443618 0.435448 0.428588 0.422944 0.418441 0.415022 0.412645 0.411280 0.410911 0.411533 0.413154 0.415793 0.419483 0.424271 0.430217 0.437401 0.445922 0.455902 0.467490 0.480871 0.496272 0.513971 0.534315 0.557734 0.584773 0.616127 0.652696 0.695662 0.746608 876.000000 1.305463 0.588613
0.477280 0.464375 0.453213 0.443618 0.435448 0.428588 0.422944 0.418441 0.415022 0.412645 0.411280 0.410911 0.411533 0.413154 0.415793 0.419483 0.424271 0.430217 0.437401 0.445922 0.455902 0.467490 0.480871 0.496272 0.513971 0.534315 0.557734 0.584773 0.616127 0.652696 0.695662 0.746608 0.807705 0.882007 0.973949 1.000000 0.916822 0.848305 0.791090 0.742782 0.701627 0.666314 0.635844 0.609443 0.586503 0.566543 0.549176 0.534091 0.521034 0.509799 0.500218 0.492154 0.485497 0.480160 0.476072 0.473184 0.471460 0.470878 0.471433 0.473129 0.475989 0.480047 0.485355 0.491979 0.500008 0.509551 0.520745 0.533756 0.548790 0.566098 0.585992 0.608855 0.635167 0.665531 0.700718 0.741719 0.789837 0.806771 0.762092 0.723754 0.690673 0.662009 0.637103 0.615432 0.596577 0.580198 0.566023 0.553825 0.543424 0.534671 0.527446 0.521653 0.517219 0.514088 0.512221 0.511595 0.512203 0.514053 0.517166 0.521582 0.527355 0.534559 0.543290 0.553667 0.565838 0.579984 0.596330 0.615148 0.636777 0.661634 0.690241 0.723254 0.761512 0.806092 0.858414 0.920370 0.948531 0.861609 0.791026 0.732763 0.684029 0.642825 0.607684 0.577505 0.551447 0.528859 0.509226 0.492142 876.000000 1.305463 0.588613
0.512203 0.514053 0.517166 0.521582 0.527355 0.534559 0.543290 0.553667 0.565838 0.579984 0.596330 0.615148 0.636777 0.661634 0.690241 0.723254 0.761512 0.806092 0.858414 0.920370 0.948531 0.861609 0.791026 0.732763 0.684029 0.642825 0.607684 0.577505 0.551447 0.528859 0.509226 0.492142 0.477280 0.464375 0.453213 0.443618 0.435448 0.428588 0.422944 0.418441 0.415022 0.412645 0.411280 0.410911 0.411533 0.413154 0.415793 0.419483 0.424271 0.430217 0.437401 0.445922 0.455902 0.467490 0.480871 0.496272 0.513971 0.534315 0.557734 0.584773 0.616127 0.652696 0.695662 0.746608 0.807705 0.882007 0.973949 1.000000 0.916822 0.848305 0.791090 0.742782 0.701627 0.666314 0.635844 0.609443 0.586503 0.566543 0.549176 0.534091 0.521034 0.509799 0.500218 0.492154 0.485497 0.480160 0.476072 0.473184 0.471460 0.470878 0.471433 0.473129 0.475989 0.480047 0.485355 0.491979 0.500008 0.509551 0.520745 0.533756 0.548790 0.566098 0.585992 0.608855 0.635167 0.665531 0.700718 0.741719 0.789837 0.806771 0.762092 0.723754 0.690673 0.662009 0.637103 0.615432 0.596577 0.580198 0.566023 0.553825 0.543424 0.534671 0.527446 0.521653 0.517219 0.514088 0.512221 0.511595 876.000000 1.305463 0.588613
0.500008 0.509551 0.520745 0.533756 0.548790 0.566098 0.585992 0.608855 0.635167 0.665531 0.700718 0.741719 0.789837 0.806771 0.762092 0.723754 0.690673 0.662009 0.637103 0.615432 0.596577 0.580198 0.566023 0.553825 0.543424 0.534671 0.527446 0.521653 0.517219 0.514088 0.512221 0.511595 0.512203 0.514053 0.517166 0.521582 0.527355 0.534559 0.543290 0.553667 0.565838 0.579984 0.596330 0.615148 0.636777 0.661634 0.690241 0.723254 0.761512 0.806092 0.858414 0.920370 0.948531 0.861609 0.791026 0.732763 0.684029 0.642825 0.607684 0.577505 0.551447 0.528859 0.509226 0.492142 0.477280 0.464375 0.453213 0.443618 0.435448 0.428588 0.422944 0.418441 0.415022 0.412645 0.411280 0.410911 0.411533 0.413154 0.415793 0.419483 0.424271 0.430217 0.437401 0.445922 0.455902 0.467490 0.480871 0.496272 0.513971 0.534315 0.557734 0.584773 0.616127 0.652696 0.695662 0.746608 0.807705 0.882007 0.973949 1.000000 0.916822 0.848305 0.791090 0.742782 0.701627 0.666314 0.635844 0.609443 0.586503 0.566543 0.549176 0.534091 0.521034 0.509799 0.500218 0.492154 0.485497 0.480160 0.476072 0.473184 0.471460 0.470878 0.471433 0.473129 0.475989 0.480047 0.485355 0.491979 876.000000 1.305463 0.588613
0.682744 0.701036 0.722124 0.736564 0.735946 0.737104 0.740050 0.744822 0.751478 0.760102 0.770804 0.783728 0.799049 0.816989 0.837818 0.861868 0.889545 0.921352 0.957911 1.000000 0.958227 0.899046 0.848676 0.805488 0.768243 0.735986 0.707965 0.683586 0.662372 0.643941 0.627979 0.614233 0.602496 0.592601 0.584410 0.577816 0.572733 0.569098 0.566866 0.566009 0.568009 0.571675 0.576788 0.583411 0.591630 0.601553 0.613318 0.627093 0.643086 0.661551 0.682802 0.707224 0.735294 0.767611 0.804927 0.848204 0.898688 0.875760 0.838717 0.806545 0.778557 0.754201 0.733036 0.714701 0.698904 0.685405 0.674011 0.664564 0.656939 0.651037 0.646785 0.644130 0.645770 0.653263 0.662545 0.673742 0.687008 0.702533 0.720551 0.741352 0.765287 0.792793 0.824410 0.860814 0.902857 0.927567 0.889928 0.857210 0.828737 0.803970 0.782470 0.763883 0.747918 0.734340 0.722957 0.713614 0.706189 0.700587 0.696739 0.694597 0.694135 0.695348 0.698251 0.702878 0.709287 0.717558 0.727799 0.719297 0.698580 0.680618 0.665118 0.651844 0.640602 0.631237 0.623622 0.617659 0.613272 0.610407 0.609029 0.609122 0.610686 0.613741 0.618323 0.624490 0.632320 0.641915 0.653404 0.666947 14421.500000 1.242998 0.776842
0.706189 0.700587 0.696739 0.694597 0.694135 0.695348 0.698251 0.702878 0.709287 0.717558 0.727799 0.719297 0.698580 0.680618 0.665118 0.651844 0.640602 0.631237 0.623622 0.617659 0.613272 0.610407 0.609029 0.609122 0.610686 0.613741 0.618323 0.624490 0.632320 0.641915 0.653404 0.666947 0.682744 0.701036 0.722124 0.736564 0.735946 0.737104 0.740050 0.744822 0.751478 0.760102 0.770804 0.783728 0.799049 0.816989 0.837818 0.861868 0.889545 0.921352 0.957911 1.000000 0.958227 0.899046 0.848676 0.805488 0.768243 0.735986 0.707965 0.683586 0.662372 0.643941 0.627979 0.614233 0.602496 0.592601 0.584410 0.577816 0.572733 0.569098 0.566866 0.566009 0.568009 0.571675 0.576788 0.583411 0.591630 0.601553 0.613318 0.627093 0.643086 0.661551 0.682802 0.707224 0.735294 0.767611 0.804927 0.848204 0.898688 0.875760 0.838717 0.806545 0.778557 0.754201 0.733036 0.714701 0.698904 0.685405 0.674011 0.664564 0.656939 0.651037 0.646785 0.644130 0.645770 0.653263 0.662545 0.673742 0.687008 0.702533 0.720551 0.741352 0.765287 0.792793 0.824410 0.860814 0.902857 0.927567 0.889928 0.857210 0.828737 0.803970 0.782470 0.763883 0.747918 0.734340 0.722957 0.713614 14421.500000 1.242998 0.776842
0.698904 0.685405 0.674011 0.664564 0.656939 0.651037 0.646785 0.644130 0.645770 0.653263 0.662545 0.673742 0.687008 0.702533 0.720551 0.741352 0.765287 0.792793 0.824410 0.860814 0.902857 0.927567 0.889928 0.857210 0.828737 0.803970 0.782470 0.763883 0.747918 0.734340 0.722957 0.713614 0.706189 0.700587 0.696739 0.694597 0.694135 0.695348 0.698251 0.702878 0.709287 0.717558 0.727799 0.719297 0.698580 0.680618 0.665118 0.651844 0.640602 0.631237 0.623622 0.617659 0.613272 0.610407 0.609029 0.609122 0.610686 0.613741 0.618323 0.624490 0.632320 0.641915 0.653404 0.666947 0.682744 0.701036 0.722124 0.736564 0.735946 0.737104 0.740050 0.744822 0.751478 0.760102 0.770804 0.783728 0.799049 0.816989 0.837818 0.861868 0.889545 0.921352 0.957911 1.000000 0.958227 0.899046 0.848676 0.805488 0.768243 0.735986 0.707965 0.683586 0.662372 0.643941 0.627979 0.614233 0.602496 0.592601 0.584410 0.577816 0.572733 0.569098 0.566866 0.566009 0.568009 0.571675 0.576788 0.583411 0.591630 0.601553 0.613318 0.627093 0.643086 0.661551 0.682802 0.707224 0.735294 0.767611 0.804927 0.848204 0.898688 0.875760 0.838717 0.806545 0.778557 0.754201 0.733036 0.714701 14421.500000 1.242998 0.776842
0.602496 0.592601 0.584410 0.577816 0.572733 0.569098 0.566866 0.566009 0.568009 0.571675 0.576788 0.583411 0.591630 0.601553 0.613318 0.627093 0.643086 0.661551 0.682802 0.707224 0.735294 0.767611 0.804927 0.848204 0.898688 0.875760 0.838717 0.806545 0.778557 0.754201 0.733036 0.714701 0.698904 0.685405 0.674011 0.664564 0.656939 0.651037 0.646785 0.644130 0.645770 0.653263 0.662545 0.673742 0.687008 0.702533 0.720551 0.741352 0.765287 0.792793 0.824410 0.860814 0.902857 0.927567 0.889928 0.857210 0.828737 0.803970 0.782470 0.763883 0.747918 0.734340 0.722957 0.713614 0.706189 0.700587 0.696739 0.694597 0.694135 0.695348 0.698251 0.702878 0.709287 0.717558 0.727799 0.719297 0.698580 0.680618 0.665118 0.651844 0.640602 0.631237 0.623622 0.617659 0.613272 0.610407 0.609029 0.609122 0.610686 0.613741 0.618323 0.624490 0.632320 0.641915 0.653404 0.666947 0.682744 0.701036 0.722124 0.736564 0.735946 0.737104 0.740050 0.744822 0.751478 0.760102 0.770804 0.783728 0.799049 0.816989 0.837818 0.861868 0.889545 0.921352 0.957911 1.000000 0.958227 0.899046 0.848676 0.805488 0.768243 0.735986 0.707965 0.683586 0.662372 0.643941 0.627979 0.614233 14421.500000 1.242998 0.776842
0.855558 0.819969 0.789048 0.762143 0.738734 0.718399 0.700797 0.685649 0.672728 0.661850 0.652866 0.645658 0.640132 0.636220 0.633872 0.633062 0.633779 0.636031 0.639846 0.645271 0.652375 0.661246 0.665848 0.652851 0.641868 0.632748 0.625369 0.619636 0.615476 0.612838 0.611690 0.612018 0.613825 0.617135 0.621987 0.628442 0.636582 0.646513 0.658371 0.672321 0.688570 0.707371 0.729033 0.753936 0.782554 0.815471 0.853426 0.897354 0.948458 0.942200 0.898748 0.861109 0.828412 0.799964 0.775211 0.753704 0.735082 0.719049 0.705362 0.693828 0.684286 0.676612 0.670705 0.666492 0.663922 0.662962 0.663601 0.665847 0.669728 0.675290 0.682604 0.691762 0.702886 0.716127 0.731673 0.749755 0.770658 0.794728 0.822396 0.854192 0.862610 0.824818 0.792026 0.763511 0.738696 0.717116 0.698396 0.682230 0.668370 0.656611 0.646791 0.638776 0.632462 0.627770 0.624640 0.623035 0.622935 0.624339 0.627264 0.631745 0.637839 0.645621 0.651915 0.646203 0.642124 0.639627 0.638683 0.639279 0.641422 0.645140 0.650477 0.657501 0.666300 0.676991 0.689720 0.704666 0.722053 0.742153 0.765300 0.791906 0.822482 0.857663 0.898249 0.945258 1.000000 0.999734 0.944243 0.896634 5398.000000 1.178982 0.782735
0.622935 0.624339 0.627264 0.631745 0.637839 0.645621 0.651915 0.646203 0.642124 0.639627 0.638683 0.639279 0.641422 0.645140 0.650477 0.657501 0.666300 0.676991 0.689720 0.704666 0.722053 0.742153 0.765300 0.791906 0.822482 0.857663 0.898249 0.945258 1.000000 0.999734 0.944243 0.896634 0.855558 0.819969 0.789048 0.762143 0.738734 0.718399 0.700797 0.685649 0.672728 0.661850 0.652866 0.645658 0.640132 0.636220 0.633872 0.633062 0.633779 0.636031 0.639846 0.645271 0.652375 0.661246 0.665848 0.652851 0.641868 0.632748 0.625369 0.619636 0.615476 0.612838 0.611690 0.612018 0.613825 0.617135 0.621987 0.628442 0.636582 0.646513 0.658371 0.672321 0.688570 0.707371 0.729033 0.753936 0.782554 0.815471 0.853426 0.897354 0.948458 0.942200 0.898748 0.861109 0.828412 0.799964 0.775211 0.753704 0.735082 0.719049 0.705362 0.693828 0.684286 0.676612 0.670705 0.666492 0.663922 0.662962 0.663601 0.665847 0.669728 0.675290 0.682604 0.691762 0.702886 0.716127 0.731673 0.749755 0.770658 0.794728 0.822396 0.854192 0.862610 0.824818 0.792026 0.763511 0.738696 0.717116 0.698396 0.682230 0.668370 0.656611 0.646791 0.638776 0.632462 0.627770 0.624640 0.623035 5398.000000 1.178982 0.782735
0.663922 0.662962 0.663601 0.665847 0.669728 0.675290 0.682604 0.691762 0.702886 0.716127 0.731673 0.749755 0.770658 0.794728 0.822396 0.854192 0.862610 0.824818 0.792026 0.763511 0.738696 0.717116 0.698396 0.682230 0.668370 0.656611 0.646791 0.638776 0.632462 0.627770 0.624640 0.623035 0.622935 0.624339 0.627264 0.631745 0.637839 0.645621 0.651915 0.646203 0.642124 0.639627 0.638683 0.639279 0.641422 0.645140 0.650477 0.657501 0.666300 0.676991 0.689720 0.704666 0.722053 0.742153 0.765300 0.791906 0.822482 0.857663 0.898249 0.945258 1.000000 0.999734 0.944243 0.896634 0.855558 0.819969 0.789048 0.762143 0.738734 0.718399 0.700797 0.685649 0.672728 0.661850 0.652866 0.645658 0.640132 0.636220 0.633872 0.633062 0.633779 0.636031 0.639846 0.645271 0.652375 0.661246 0.665848 0.652851 0.641868 0.632748 0.625369 0.619636 0.615476 0.612838 0.611690 0.612018 0.613825 0.617135 0.621987 0.628442 0.636582 0.646513 0.658371 0.672321 0.688570 0.707371 0.729033 0.753936 0.782554 0.815471 0.853426 0.897354 0.948458 0.942200 0.898748 0.861109 0.828412 0.799964 0.775211 0.753704 0.735082 0.719049 0.705362 0.693828 0.684286 0.676612 0.670705 0.666492 5398.000000 1.178982 0.782735
0.613825 0.617135 0.621987 0.628442 0.636582 0.646513 0.658371 0.672321 0.688570 0.707371 0.729033 0.753936 0.782554 0.815471 0.853426 0.897354 0.948458 0.942200 0.898748 0.861109 0.828412 0.799964 0.775211 0.753704 0.735082 0.719049 0.705362 0.693828 0.684286 0.676612 0.670705 0.666492 0.663922 0.662962 0.663601 0.665847 0.669728 0.675290 0.682604 0.691762 0.702886 0.716127 0.731673 0.749755 0.770658 0.794728 0.822396 0.854192 0.862610 0.824818 0.792026 0.763511 0.738696 0.717116 0.698396 0.682230 0.668370 0.656611 0.646791 0.638776 0.632462 0.627770 0.624640 0.623035 0.622935 0.624339 0.627264 0.631745 0.637839 0.645621 0.651915 0.646203 0.642124 0.639627 0.638683 0.639279 0.641422 0.645140 0.650477 0.657501 0.666300 0.676991 0.689720 0.704666 0.722053 0.742153 0.765300 0.791906 0.822482 0.857663 0.898249 0.945258 1.000000 0.999734 0.944243 0.896634 0.855558 0.819969 0.789048 0.762143 0.738734 0.718399 0.700797 0.685649 0.672728 0.661850 0.652866 0.645658 0.640132 0.636220 0.633872 0.633062 0.633779 0.636031 0.639846 0.645271 0.652375 0.661246 0.665848 0.652851 0.641868 0.632748 0.625369 0.619636 0.615476 0.612838 0.611690 0.612018 5398.000000 1.178982 0.782735
0.735634 0.724222 0.703353 0.685258 0.669643 0.656270 0.644943 0.635507 0.627833 0.621822 0.617398 0.614507 0.613113 0.613200 0.614767 0.617835 0.622441 0.628641 0.636516 0.646166 0.657723 0.671347 0.687238 0.705641 0.726856 0.751252 0.779284 0.811521 0.848674 0.891641 0.941582 1.000000 0.976452 0.918411 0.868859 0.826269 0.789472 0.757560 0.729818 0.705676 0.684676 0.666449 0.650695 0.637168 0.625668 0.616034 0.608134 0.601867 0.597151 0.593928 0.592159 0.591822 0.592912 0.595444 0.599448 0.604973 0.612090 0.620889 0.631489 0.644036 0.658710 0.675734 0.695381 0.717986 0.743963 0.773825 0.752213 0.728544 0.707972 0.690147 0.674784 0.661649 0.650553 0.641342 0.633894 0.628113 0.623927 0.621282 0.620147 0.620509 0.622371 0.625757 0.630707 0.637284 0.645571 0.655677 0.667738 0.681925 0.698447 0.717562 0.739584 0.764901 0.793993 0.827459 0.866048 0.910713 0.962681 0.983173 0.925738 0.876638 0.834393 0.797866 0.766172 0.738610 0.714625 0.693767 0.675674 0.660050 0.646655 0.635293 0.625805 0.618063 0.611967 0.607439 0.604423 0.602881 0.602797 0.604167 0.607009 0.611359 0.617268 0.624813 0.634091 0.645227 0.658375 0.673727 0.691518 0.712035 600.000000 1.334063 0.752981
0.962681 0.983173 0.925738 0.876638 0.834393 0.797866 0.766172 0.738610 0.714625 0.693767 0.675674 0.660050 0.646655 0.635293 0.625805 0.618063 0.611967 0.607439 0.604423 0.602881 0.602797 0.604167 0.607009 0.611359 0.617268 0.624813 0.634091 0.645227 0.658375 0.673727 0.691518 0.712035 0.735634 0.724222 0.703353 0.685258 0.669643 0.656270 0.644943 0.635507 0.627833 0.621822 0.617398 0.614507 0.613113 0.613200 0.614767 0.617835 0.622441 0.628641 0.636516 0.646166 0.657723 0.671347 0.687238 0.705641 0.726856 0.751252 0.779284 0.811521 0.848674 0.891641 0.941582 1.000000 0.976452 0.918411 0.868859 0.826269 0.789472 0.757560 0.729818 0.705676 0.684676 0.666449 0.650695 0.637168 0.625668 0.616034 0.608134 0.601867 0.597151 0.593928 0.592159 0.591822 0.592912 0.595444 0.599448 0.604973 0.612090 0.620889 0.631489 0.644036 0.658710 0.675734 0.695381 0.717986 0.743963 0.773825 0.752213 0.728544 0.707972 0.690147 0.674784 0.661649 0.650553 0.641342 0.633894 0.628113 0.623927 0.621282 0.620147 0.620509 0.622371 0.625757 0.630707 0.637284 0.645571 0.655677 0.667738 0.681925 0.698447 0.717562 0.739584 0.764901 0.793993 0.827459 0.866048 0.910713 600.000000 1.334063 0.752981
0.743963 0.773825 0.752213 0.728544 0.707972 0.690147 0.674784 0.661649 0.650553 0.641342 0.633894 0.628113 0.623927 0.621282 0.620147 0.620509 0.622371 0.625757 0.630707 0.637284 0.645571 0.655677 0.667738 0.681925 0.698447 0.717562 0.739584 0.764901 0.793993 0.827459 0.866048 0.910713 0.962681 0.983173 0.925738 0.876638 0.834393 0.797866 0.766172 0.738610 0.714625 0.693767 0.675674 0.660050 0.646655 0.635293 0.625805 0.618063 0.611967 0.607439 0.604423 0.602881 0.602797 0.604167 0.607009 0.611359 0.617268 0.624813 0.634091 0.645227 0.658375 0.673727 0.691518 0.712035 0.735634 0.724222 0.703353 0.685258 0.669643 0.656270 0.644943 0.635507 0.627833 0.621822 0.617398 0.614507 0.613113 0.613200 0.614767 0.617835 0.622441 0.628641 0.636516 0.646166 0.657723 0.671347 0.687238 0.705641 0.726856 0.751252 0.779284 0.811521 0.848674 0.891641 0.941582 1.000000 0.976452 0.918411 0.868859 0.826269 0.789472 0.757560 0.729818 0.705676 0.684676 0.666449 0.650695 0.637168 0.625668 0.616034 0.608134 0.601867 0.597151 0.593928 0.592159 0.591822 0.592912 0.595444 0.599448 0.604973 0.612090 0.620889 0.631489 0.644036 0.658710 0.675734 0.695381 0.717986 600.000000 1.334063 0.752981
0.976452 0.918411 0.868859 0.826269 0.789472 0.757560 0.729818 0.705676 0.684676 0.666449 0.650695 0.637168 0.625668 0.616034 0.608134 0.601867 0.597151 0.593928 0.592159 0.591822 0.592912 0.595444 0.599448 0.604973 0.612090 0.620889 0.631489 0.644036 0.658710 0.675734 0.695381 0.717986 0.743963 0.773825 0.752213 0.728544 0.707972 0.690147 0.674784 0.661649 0.650553 0.641342 0.633894 0.628113 0.623927 0.621282 0.620147 0.620509 0.622371 0.625757 0.630707 0.637284 0.645571 0.655677 0.667738 0.681925 0.698447 0.717562 0.739584 0.764901 0.793993 0.827459 0.866048 0.910713 0.962681 0.983173 0.925738 0.876638 0.834393 0.797866 0.766172 0.738610 0.714625 0.693767 0.675674 0.660050 0.646655 0.635293 0.625805 0.618063 0.611967 0.607439 0.604423 0.602881 0.602797 0.604167 0.607009 0.611359 0.617268 0.624813 0.634091 0.645227 0.658375 0.673727 0.691518 0.712035 0.735634 0.724222 0.703353 0.685258 0.669643 0.656270 0.644943 0.635507 0.627833 0.621822 0.617398 0.614507 0.613113 0.613200 0.614767 0.617835 0.622441 0.628641 0.636516 0.646166 0.657723 0.671347 0.687238 0.705641 0.726856 0.751252 0.779284 0.811521 0.848674 0.891641 0.941582 1.000000 600.000000 1.334063 0.752981
0.877670 0.873365 0.871191 0.871121 0.873154 0.877316 0.883656 0.892254 0.903218 0.916690 0.932852 0.951928 0.974197 1.000000 0.984636 0.930144 0.883384 0.843033 0.808070 0.777690 0.751256 0.728257 0.708279 0.690989 0.676113 0.663428 0.652754 0.643945 0.636884 0.631481 0.627669 0.625400 0.626619 0.631809 0.638637 0.647190 0.657581 0.669952 0.684477 0.701374 0.720906 0.743400 0.769255 0.798968 0.833157 0.872598 0.918281 0.950474 0.928809 0.910253 0.894537 0.881442 0.870792 0.862450 0.856309 0.852294 0.850355 0.850469 0.852638 0.856887 0.863269 0.871863 0.882778 0.896156 0.912176 0.931064 0.953096 0.950760 0.930348 0.912948 0.898311 0.886236 0.876566 0.869176 0.863974 0.860895 0.859902 0.860984 0.849071 0.824594 0.803371 0.785056 0.769370 0.756084 0.745013 0.736010 0.728957 0.723765 0.720369 0.718728 0.718823 0.720654 0.724244 0.723637 0.719269 0.716668 0.715805 0.716668 0.719269 0.723637 0.729828 0.737920 0.748014 0.760246 0.774782 0.791829 0.811643 0.834536 0.860891 0.883272 0.867270 0.853858 0.842854 0.834114 0.827527 0.823010 0.820507 0.819990 0.821451 0.824908 0.830403 0.838004 0.847807 0.859938 0.874558 0.891871 0.892910 0.884158 982.000000 1.162922 0.866898
0.715805 0.716668 0.719269 0.723637 0.729828 0.737920 0.748014 0.760246 0.774782 0.791829 0.811643 0.834536 0.860891 0.883272 0.867270 0.853858 0.842854 0.834114 0.827527 0.823010 0.820507 0.819990 0.821451 0.824908 0.830403 0.838004 0.847807 0.859938 0.874558 0.891871 0.892910 0.884158 0.877670 0.873365 0.871191 0.871121 0.873154 0.877316 0.883656 0.892254 0.903218 0.916690 0.932852 0.951928 0.974197 1.000000 0.984636 0.930144 0.883384 0.843033 0.808070 0.777690 0.751256 0.728257 0.708279 0.690989 0.676113 0.663428 0.652754 0.643945 0.636884 0.631481 0.627669 0.625400 0.626619 0.631809 0.638637 0.647190 0.657581 0.669952 0.684477 0.701374 0.720906 0.743400 0.769255 0.798968 0.833157 0.872598 0.918281 0.950474 0.928809 0.910253 0.894537 0.881442 0.870792 0.862450 0.856309 0.852294 0.850355 0.850469 0.852638 0.856887 0.863269 0.871863 0.882778 0.896156 0.912176 0.931064 0.953096 0.950760 0.930348 0.912948 0.898311 0.886236 0.876566 0.869176 0.863974 0.860895 0.859902 0.860984 0.849071 0.824594 0.803371 0.785056 0.769370 0.756084 0.745013 0.736010 0.728957 0.723765 0.720369 0.718728 0.718823 0.720654 0.724244 0.723637 0.719269 0.716668 982.000000 1.162922 0.866898
0.912176 0.931064 0.953096 0.950760 0.930348 0.912948 0.898311 0.886236 0.876566 0.869176 0.863974 0.860895 0.859902 0.860984 0.849071 0.824594 0.803371 0.785056 0.769370 0.756084 0.745013 0.736010 0.728957 0.723765 0.720369 0.718728 0.718823 0.720654 0.724244 0.723637 0.719269 0.716668 0.715805 0.716668 0.719269 0.723637 0.729828 0.737920 0.748014 0.760246 0.774782 0.791829 0.811643 0.834536 0.860891 0.883272 0.867270 0.853858 0.842854 0.834114 0.827527 0.823010 0.820507 0.819990 0.821451 0.824908 0.830403 0.838004 0.847807 0.859938 0.874558 0.891871 0.892910 0.884158 0.877670 0.873365 0.871191 0.871121 0.873154 0.877316 0.883656 0.892254 0.903218 0.916690 0.932852 0.951928 0.974197 1.000000 0.984636 0.930144 0.883384 0.843033 0.808070 0.777690 0.751256 0.728257 0.708279 0.690989 0.676113 0.663428 0.652754 0.643945 0.636884 0.631481 0.627669 0.625400 0.626619 0.631809 0.638637 0.647190 0.657581 0.669952 0.684477 0.701374 0.720906 0.743400 0.769255 0.798968 0.833157 0.872598 0.918281 0.950474 0.928809 0.910253 0.894537 0.881442 0.870792 0.862450 0.856309 0.852294 0.850355 0.850469 0.852638 0.856887 0.863269 0.871863 0.882778 0.896156 982.000000 1.162922 0.866898
0.626619 0.631809 0.638637 0.647190 0.657581 0.669952 0.684477 0.701374 0.720906 0.743400 0.769255 0.798968 0.833157 0.872598 0.918281 0.950474 0.928809 0.910253 0.894537 0.881442 0.870792 0.862450 0.856309 0.852294 0.850355 0.850469 0.852638 0.856887 0.863269 0.871863 0.882778 0.896156 0.912176 0.931064 0.953096 0.950760 0.930348 0.912948 0.898311 0.886236 0.876566 0.869176 0.863974 0.860895 0.859902 0.860984 0.849071 0.824594 0.803371 0.785056 0.769370 0.756084 0.745013 0.736010 0.728957 0.723765 0.720369 0.718728 0.718823 0.720654 0.724244 0.723637 0.719269 0.716668 0.715805 0.716668 0.719269 0.723637 0.729828 0.737920 0.748014 0.760246 0.774782 0.791829 0.811643 0.834536 0.860891 0.883272 0.867270 0.853858 0.842854 0.834114 0.827527 0.823010 0.820507 0.819990 0.821451 0.824908 0.830403 0.838004 0.847807 0.859938 0.874558 0.891871 0.892910 0.884158 0.877670 0.873365 0.871191 0.871121 0.873154 0.877316 0.883656 0.892254 0.903218 0.916690 0.932852 0.951928 0.974197 1.000000 0.984636 0.930144 0.883384 0.843033 0.808070 0.777690 0.751256 0.728257 0.708279 0.690989 0.676113 0.663428 0.652754 0.643945 0.636884 0.631481 0.627669 0.625400 982.000000 1.162922 0.866898
0.574708 0.575401 0.577488 0.580996 0.585967 0.592463 0.600568 0.610389 0.622059 0.635746 0.651654 0.670034 0.691195 0.715516 0.743467 0.775635 0.812759 0.855781 0.905917 0.964761 1.000000 0.925906 0.863972 0.811637 0.767023 0.728722 0.695660 0.667005 0.642103 0.620435 0.601583 0.585211 0.571046 0.558865 0.548487 0.539763 0.532576 0.526830 0.522452 0.519985 0.518856 0.518979 0.520356 0.523004 0.526954 0.532257 0.538980 0.547209 0.557056 0.568660 0.582190 0.597854 0.615909 0.611604 0.603076 0.596198 0.590884 0.587065 0.584694 0.583744 0.584201 0.586072 0.589380 0.594165 0.600486 0.608425 0.618086 0.629600 0.643129 0.658875 0.677084 0.698057 0.722166 0.749871 0.735842 0.723526 0.713305 0.705044 0.698636 0.694000 0.691079 0.689838 0.690261 0.692353 0.696141 0.701669 0.709008 0.718251 0.729518 0.742963 0.758776 0.777189 0.798489 0.823028 0.846239 0.799406 0.759219 0.724540 0.694491 0.668381 0.645662 0.625896 0.608726 0.593866 0.581081 0.570179 0.561005 0.553434 0.547366 0.542723 0.532419 0.523418 0.515939 0.509881 0.505167 0.501737 0.499549 0.498576 0.498805 0.500241 0.502899 0.506814 0.512034 0.518624 0.526672 0.536285 0.547600 0.560783 2515.000000 1.304301 0.776372
0.759219 0.724540 0.694491 0.668381 0.645662 0.625896 0.608726 0.593866 0.581081 0.570179 0.561005 0.553434 0.547366 0.542723 0.532419 0.523418 0.515939 0.509881 0.505167 0.501737 0.499549 0.498576 0.498805 0.500241 0.502899 0.506814 0.512034 0.518624 0.526672 0.536285 0.547600 0.560783 0.574708 0.575401 0.577488 0.580996 0.585967 0.592463 0.600568 0.610389 0.622059 0.635746 0.651654 0.670034 0.691195 0.715516 0.743467 0.775635 0.812759 0.855781 0.905917 0.964761 1.000000 0.925906 0.863972 0.811637 0.767023 0.728722 0.695660 0.667005 0.642103 0.620435 0.601583 0.585211 0.571046 0.558865 0.548487 0.539763 0.532576 0.526830 0.522452 0.519985 0.518856 0.518979 0.520356 0.523004 0.526954 0.532257 0.538980 0.547209 0.557056 0.568660 0.582190 0.597854 0.615909 0.611604 0.603076 0.596198 0.590884 0.587065 0.584694 0.583744 0.584201 0.586072 0.589380 0.594165 0.600486 0.608425 0.618086 0.629600 0.643129 0.658875 0.677084 0.698057 0.722166 0.749871 0.735842 0.723526 0.713305 0.705044 0.698636 0.694000 0.691079 0.689838 0.690261 0.692353 0.696141 0.701669 0.709008 0.718251 0.729518 0.742963 0.758776 0.777189 0.798489 0.823028 0.846239 0.799406 2515.000000 1.304301 0.776372
0.600486 0.608425 0.618086 0.629600 0.643129 0.658875 0.677084 0.698057 0.722166 0.749871 0.735842 0.723526 0.713305 0.705044 0.698636 0.694000 0.691079 0.689838 0.690261 0.692353 0.696141 0.701669 0.709008 0.718251 0.729518 0.742963 0.758776 0.777189 0.798489 0.823028 0.846239 0.799406 0.759219 0.724540 0.694491 0.668381 0.645662 0.625896 0.608726 0.593866 0.581081 0.570179 0.561005 0.553434 0.547366 0.542723 0.532419 0.523418 0.515939 0.509881 0.505167 0.501737 0.499549 0.498576 0.498805 0.500241 0.502899 0.506814 0.512034 0.518624 0.526672 0.536285 0.547600 0.560783 0.574708 0.575401 0.577488 0.580996 0.585967 0.592463 0.600568 0.610389 0.622059 0.635746 0.651654 0.670034 0.691195 0.715516 0.743467 0.775635 0.812759 0.855781 0.905917 0.964761 1.000000 0.925906 0.863972 0.811637 0.767023 0.728722 0.695660 0.667005 0.642103 0.620435 0.601583 0.585211 0.571046 0.558865 0.548487 0.539763 0.532576 0.526830 0.522452 0.519985 0.518856 0.518979 0.520356 0.523004 0.526954 0.532257 0.538980 0.547209 0.557056 0.568660 0.582190 0.597854 0.615909 0.611604 0.603076 0.596198 0.590884 0.587065 0.584694 0.583744 0.584201 0.586072 0.589380 0.594165 2515.000000 1.304301 0.776372
0.571046 0.558865 0.548487 0.539763 0.532576 0.526830 0.522452 0.519985 0.518856 0.518979 0.520356 0.523004 0.526954 0.532257 0.538980 0.547209 0.557056 0.568660 0.582190 0.597854 0.615909 0.611604 0.603076 0.596198 0.590884 0.587065 0.584694 0.583744 0.584201 0.586072 0.589380 0.594165 0.600486 0.608425 0.618086 0.629600 0.643129 0.658875 0.677084 0.698057 0.722166 0.749871 0.735842 0.723526 0.713305 0.705044 0.698636 0.694000 0.691079 0.689838 0.690261 0.692353 0.696141 0.701669 0.709008 0.718251 0.729518 0.742963 0.758776 0.777189 0.798489 0.823028 0.846239 0.799406 0.759219 0.724540 0.694491 0.668381 0.645662 0.625896 0.608726 0.593866 0.581081 0.570179 0.561005 0.553434 0.547366 0.542723 0.532419 0.523418 0.515939 0.509881 0.505167 0.501737 0.499549 0.498576 0.498805 0.500241 0.502899 0.506814 0.512034 0.518624 0.526672 0.536285 0.547600 0.560783 0.574708 0.575401 0.577488 0.580996 0.585967 0.592463 0.600568 0.610389 0.622059 0.635746 0.651654 0.670034 0.691195 0.715516 0.743467 0.775635 0.812759 0.855781 0.905917 0.964761 1.000000 0.925906 0.863972 0.811637 0.767023 0.728722 0.695660 0.667005 0.642103 0.620435 0.601583 0.585211 2515.000000 1.304301 0.776372
0.497049 0.476898 0.459380 0.444136 0.430876 0.419365 0.409414 0.400868 0.393600 0.387508 0.382509 0.378538 0.375544 0.373489 0.372349 0.372110 0.372768 0.374332 0.376821 0.380265 0.384709 0.390208 0.396837 0.404687 0.413871 0.424528 0.436828 0.450981 0.467246 0.485941 0.507469 0.532335 0.561185 0.594855 0.634451 0.681452 0.737894 0.806649 0.891902 1.000000 0.948484 0.823188 0.728683 0.655058 0.596251 0.548344 0.508698 0.475466 0.447321 0.423285 0.402621 0.384764 0.369276 0.355811 0.344092 0.333900 0.325055 0.317411 0.310850 0.305275 0.300609 0.296787 0.293759 0.291488 0.289945 0.289111 0.288976 0.289539 0.290805 0.292791 0.295522 0.299030 0.303363 0.308578 0.314746 0.321957 0.330321 0.339973 0.351076 0.363835 0.378503 0.395395 0.414912 0.437565 0.464017 0.495142 0.532117 0.576561 0.630764 0.698072 0.783573 0.895401 0.843553 0.788955 0.742676 0.703125 0.669105 0.639694 0.614178 0.591990 0.572681 0.555889 0.541320 0.528737 0.517945 0.508786 0.501132 0.494879 0.489945 0.486270 0.483805 0.482522 0.482405 0.483453 0.485678 0.489106 0.493782 0.499764 0.507129 0.515976 0.526427 0.538636 0.552787 0.569110 0.587886 0.578492 0.547188 0.520288 842.500000 1.914547 0.517503
0.669105 0.639694 0.614178 0.591990 0.572681 0.555889 0.541320 0.528737 0.517945 0.508786 0.501132 0.494879 0.489945 0.486270 0.483805 0.482522 0.482405 0.483453 0.485678 0.489106 0.493782 0.499764 0.507129 0.515976 0.526427 0.538636 0.552787 0.569110 0.587886 0.578492 0.547188 0.520288 0.497049 0.476898 0.459380 0.444136 0.430876 0.419365 0.409414 0.400868 0.393600 0.387508 0.382509 0.378538 0.375544 0.373489 0.372349 0.372110 0.372768 0.374332 0.376821 0.380265 0.384709 0.390208 0.396837 0.404687 0.413871 0.424528 0.436828 0.450981 0.467246 0.485941 0.507469 0.532335 0.561185 0.594855 0.634451 0.681452 0.737894 0.806649 0.891902 1.000000 0.948484 0.823188 0.728683 0.655058 0.596251 0.548344 0.508698 0.475466 0.447321 0.423285 0.402621 0.384764 0.369276 0.355811 0.344092 0.333900 0.325055 0.317411 0.310850 0.305275 0.300609 0.296787 0.293759 0.291488 0.289945 0.289111 0.288976 0.289539 0.290805 0.292791 0.295522 0.299030 0.303363 0.308578 0.314746 0.321957 0.330321 0.339973 0.351076 0.363835 0.378503 0.395395 0.414912 0.437565 0.464017 0.495142 0.532117 0.576561 0.630764 0.698072 0.783573 0.895401 0.843553 0.788955 0.742676 0.703125 842.500000 1.914547 0.517503
0.289945 0.289111 0.288976 0.289539 0.290805 0.292791 0.295522 0.299030 0.303363 0.308578 0.314746 0.321957 0.330321 0.339973 0.351076 0.363835 0.378503 0.395395 0.414912 0.437565 0.464017 0.495142 0.532117 0.576561 0.630764 0.698072 0.783573 0.895401 0.843553 0.788955 0.742676 0.703125 0.669105 0.639694 0.614178 0.591990 0.572681 0.555889 0.541320 0.528737 0.517945 0.508786 0.501132 0.494879 0.489945 0.486270 0.483805 0.482522 0.482405 0.483453 0.485678 0.489106 0.493782 0.499764 0.507129 0.515976 0.526427 0.538636 0.552787 0.569110 0.587886 0.578492 0.547188 0.520288 0.497049 0.476898 0.459380 0.444136 0.430876 0.419365 0.409414 0.400868 0.393600 0.387508 0.382509 0.378538 0.375544 0.373489 0.372349 0.372110 0.372768 0.374332 0.376821 0.380265 0.384709 0.390208 0.396837 0.404687 0.413871 0.424528 0.436828 0.450981 0.467246 0.485941 0.507469 0.532335 0.561185 0.594855 0.634451 0.681452 0.737894 0.806649 0.891902 1.000000 0.948484 0.823188 0.728683 0.655058 0.596251 0.548344 0.508698 0.475466 0.447321 0.423285 0.402621 0.384764 0.369276 0.355811 0.344092 0.333900 0.325055 0.317411 0.310850 0.305275 0.300609 0.296787 0.293759 0.291488 842.500000 1.914547 0.517503
0.561185 0.594855 0.634451 0.681452 0.737894 0.806649 0.891902 1.000000 0.948484 0.823188 0.728683 0.655058 0.596251 0.548344 0.508698 0.475466 0.447321 0.423285 0.402621 0.384764 0.369276 0.355811 0.344092 0.333900 0.325055 0.317411 0.310850 0.305275 0.300609 0.296787 0.293759 0.291488 0.289945 0.289111 0.288976 0.289539 0.290805 0.292791 0.295522 0.299030 0.303363 0.308578 0.314746 0.321957 0.330321 0.339973 0.351076 0.363835 0.378503 0.395395 0.414912 0.437565 0.464017 0.495142 0.532117 0.576561 0.630764 0.698072 0.783573 0.895401 0.843553 0.788955 0.742676 0.703125 0.669105 0.639694 0.614178 0.591990 0.572681 0.555889 0.541320 0.528737 0.517945 0.508786 0.501132 0.494879 0.489945 0.486270 0.483805 0.482522 0.482405 0.483453 0.485678 0.489106 0.493782 0.499764 0.507129 0.515976 0.526427 0.538636 0.552787 0.569110 0.587886 0.578492 0.547188 0.520288 0.497049 0.476898 0.459380 0.444136 0.430876 0.419365 0.409414 0.400868 0.393600 0.387508 0.382509 0.378538 0.375544 0.373489 0.372349 0.372110 0.372768 0.374332 0.376821 0.380265 0.384709 0.390208 0.396837 0.404687 0.413871 0.424528 0.436828 0.450981 0.467246 0.485941 0.507469 0.532335 842.500000 1.914547 0.517503
0.960342 1.000000 0.908029 0.833389 0.771806 0.720314 0.676792 0.639682 0.607819 0.580311 0.556467 0.535746 0.517714 0.502027 0.488405 0.476620 0.466488 0.457858 0.450607 0.444636 0.439868 0.436241 0.433709 0.432242 0.431821 0.432442 0.434112 0.436852 0.440695 0.445689 0.451899 0.459406 0.468315 0.478752 0.490875 0.504875 0.520990 0.539509 0.560794 0.585296 0.613583 0.646378 0.684620 0.729540 0.734526 0.699550 0.669293 0.643029 0.620186 0.600307 0.583024 0.568039 0.555108 0.544034 0.534656 0.526844 0.520493 0.515520 0.511863 0.509475 0.508330 0.508411 0.509720 0.512274 0.516102 0.521254 0.527794 0.535807 0.545402 0.556712 0.569903 0.585178 0.602787 0.623036 0.646304 0.673061 0.703899 0.739565 0.781021 0.829517 0.886713 0.879662 0.796848 0.729893 0.674816 0.628877 0.590126 0.557137 0.528847 0.504449 0.483315 0.464956 0.448983 0.435084 0.423008 0.412551 0.403548 0.395863 0.389385 0.384026 0.379715 0.376397 0.374029 0.372583 0.372041 0.372396 0.373653 0.375827 0.378944 0.383045 0.388180 0.394418 0.401844 0.410562 0.420704 0.432427 0.445927 0.461445 0.479278 0.499798 0.523470 0.550890 0.582823 0.620271 0.664573 0.717553 0.781757 0.860858 12791.000000 1.447039 0.574605
0.403548 0.395863 0.389385 0.384026 0.379715 0.376397 0.374029 0.372583 0.372041 0.372396 0.373653 0.375827 0.378944 0.383045 0.388180 0.394418 0.401844 0.410562 0.420704 0.432427 0.445927 0.461445 0.479278 0.499798 0.523470 0.550890 0.582823 0.620271 0.664573 0.717553 0.781757 0.860858 0.960342 1.000000 0.908029 0.833389 0.771806 0.720314 0.676792 0.639682 0.607819 0.580311 0.556467 0.535746 0.517714 0.502027 0.488405 0.476620 0.466488 0.457858 0.450607 0.444636 0.439868 0.436241 0.433709 0.432242 0.431821 0.432442 0.434112 0.436852 0.440695 0.445689 0.451899 0.459406 0.468315 0.478752 0.490875 0.504875 0.520990 0.539509 0.560794 0.585296 0.613583 0.646378 0.684620 0.729540 0.734526 0.699550 0.669293 0.643029 0.620186 0.600307 0.583024 0.568039 0.555108 0.544034 0.534656 0.526844 0.520493 0.515520 0.511863 0.509475 0.508330 0.508411 0.509720 0.512274 0.516102 0.521254 0.527794 0.535807 0.545402 0.556712 0.569903 0.585178 0.602787 0.623036 0.646304 0.673061 0.703899 0.739565 0.781021 0.829517 0.886713 0.879662 0.796848 0.729893 0.674816 0.628877 0.590126 0.557137 0.528847 0.504449 0.483315 0.464956 0.448983 0.435084 0.423008 0.412551 12791.000000 1.447039 0.574605
0.516102 0.521254 0.527794 0.535807 0.545402 0.556712 0.569903 0.585178 0.602787 0.623036 0.646304 0.673061 0.703899 0.739565 0.781021 0.829517 0.886713 0.879662 0.796848 0.729893 0.674816 0.628877 0.590126 0.557137 0.528847 0.504449 0.483315 0.464956 0.448983 0.435084 0.423008 0.412551 0.403548 0.395863 0.389385 0.384026 0.379715 0.376397 0.374029 0.372583 0.372041 0.372396 0.373653 0.375827 0.378944 0.383045 0.388180 0.394418 0.401844 0.410562 0.420704 0.432427 0.445927 0.461445 0.479278 0.499798 0.523470 0.550890 0.582823 0.620271 0.664573 0.717553 0.781757 0.860858 0.960342 1.000000 0.908029 0.833389 0.771806 0.720314 0.676792 0.639682 0.607819 0.580311 0.556467 0.535746 0.517714 0.502027 0.488405 0.476620 0.466488 0.457858 0.450607 0.444636 0.439868 0.436241 0.433709 0.432242 0.431821 0.432442 0.434112 0.436852 0.440695 0.445689 0.451899 0.459406 0.468315 0.478752 0.490875 0.504875 0.520990 0.539509 0.560794 0.585296 0.613583 0.646378 0.684620 0.729540 0.734526 0.699550 0.669293 0.643029 0.620186 0.600307 0.583024 0.568039 0.555108 0.544034 0.534656 0.526844 0.520493 0.515520 0.511863 0.509475 0.508330 0.508411 0.509720 0.512274 12791.000000 1.447039 0.574605
0.468315 0.478752 0.490875 0.504875 0.520990 0.539509 0.560794 0.585296 0.613583 0.646378 0.684620 0.729540 0.734526 0.699550 0.669293 0.643029 0.620186 0.600307 0.583024 0.568039 0.555108 0.544034 0.534656 0.526844 0.520493 0.515520 0.511863 0.509475 0.508330 0.508411 0.509720 0.512274 0.516102 0.521254 0.527794 0.535807 0.545402 0.556712 0.569903 0.585178 0.602787 0.623036 0.646304 0.673061 0.703899 0.739565 0.781021 0.829517 0.886713 0.879662 0.796848 0.729893 0.674816 0.628877 0.590126 0.557137 0.528847 0.504449 0.483315 0.464956 0.448983 0.435084 0.423008 0.412551 0.403548 0.395863 0.389385 0.384026 0.379715 0.376397 0.374029 0.372583 0.372041 0.372396 0.373653 0.375827 0.378944 0.383045 0.388180 0.394418 0.401844 0.410562 0.420704 0.432427 0.445927 0.461445 0.479278 0.499798 0.523470 0.550890 0.582823 0.620271 0.664573 0.717553 0.781757 0.860858 0.960342 1.000000 0.908029 0.833389 0.771806 0.720314 0.676792 0.639682 0.607819 0.580311 0.556467 0.535746 0.517714 0.502027 0.488405 0.476620 0.466488 0.457858 0.450607 0.444636 0.439868 0.436241 0.433709 0.432242 0.431821 0.432442 0.434112 0.436852 0.440695 0.445689 0.451899 0.459406 12791.000000 1.447039 0.574605
0.959998 1.000000 0.941422 0.860308 0.793823 0.738528 0.691993 0.652454 0.618599 0.589433 0.564193 0.542277 0.523214 0.506625 0.492205 0.479706 0.468929 0.459708 0.451910 0.449459 0.449281 0.450188 0.452190 0.455311 0.459591 0.465083 0.471859 0.480008 0.489644 0.500907 0.510210 0.517001 0.525257 0.535091 0.546642 0.560082 0.575622 0.593518 0.614091 0.637732 0.664932 0.696308 0.732645 0.774952 0.824553 0.883211 0.953326 0.933090 0.902694 0.876260 0.853328 0.833522 0.816537 0.802124 0.790082 0.780248 0.772493 0.766721 0.762857 0.760857 0.760695 0.762369 0.765900 0.771330 0.778727 0.788185 0.799826 0.797129 0.763555 0.734392 0.709020 0.686943 0.667759 0.651144 0.636832 0.624608 0.614297 0.605756 0.598872 0.593557 0.589744 0.587385 0.586453 0.579857 0.568963 0.559795 0.552227 0.546159 0.541514 0.538232 0.536274 0.535616 0.536250 0.538276 0.541738 0.546570 0.552832 0.560606 0.569995 0.581127 0.594163 0.609298 0.626774 0.646887 0.670000 0.696567 0.727152 0.762468 0.791417 0.779983 0.770704 0.763462 0.758164 0.754744 0.753162 0.753397 0.755453 0.759355 0.765150 0.772910 0.782735 0.794751 0.809123 0.826050 0.845781 0.868622 0.894947 0.925216 5131.000000 1.195948 0.754292
0.552832 0.560606 0.569995 0.581127 0.594163 0.609298 0.626774 0.646887 0.670000 0.696567 0.727152 0.762468 0.791417 0.779983 0.770704 0.763462 0.758164 0.754744 0.753162 0.753397 0.755453 0.759355 0.765150 0.772910 0.782735 0.794751 0.809123 0.826050 0.845781 0.868622 0.894947 0.925216 0.959998 1.000000 0.941422 0.860308 0.793823 0.738528 0.691993 0.652454 0.618599 0.589433 0.564193 0.542277 0.523214 0.506625 0.492205 0.479706 0.468929 0.459708 0.451910 0.449459 0.449281 0.450188 0.452190 0.455311 0.459591 0.465083 0.471859 0.480008 0.489644 0.500907 0.510210 0.517001 0.525257 0.535091 0.546642 0.560082 0.575622 0.593518 0.614091 0.637732 0.664932 0.696308 0.732645 0.774952 0.824553 0.883211 0.953326 0.933090 0.902694 0.876260 0.853328 0.833522 0.816537 0.802124 0.790082 0.780248 0.772493 0.766721 0.762857 0.760857 0.760695 0.762369 0.765900 0.771330 0.778727 0.788185 0.799826 0.797129 0.763555 0.734392 0.709020 0.686943 0.667759 0.651144 0.636832 0.624608 0.614297 0.605756 0.598872 0.593557 0.589744 0.587385 0.586453 0.579857 0.568963 0.559795 0.552227 0.546159 0.541514 0.538232 0.536274 0.535616 0.536250 0.538276 0.541738 0.546570 5131.000000 1.195948 0.754292
0.778727 0.788185 0.799826 0.797129 0.763555 0.734392 0.709020 0.686943 0.667759 0.651144 0.636832 0.624608 0.614297 0.605756 0.598872 0.593557 0.589744 0.587385 0.586453 0.579857 0.568963 0.559795 0.552227 0.546159 0.541514 0.538232 0.536274 0.535616 0.536250 0.538276 0.541738 0.546570 0.552832 0.560606 0.569995 0.581127 0.594163 0.609298 0.626774 0.646887 0.670000 0.696567 0.727152 0.762468 0.791417 0.779983 0.770704 0.763462 0.758164 0.754744 0.753162 0.753397 0.755453 0.759355 0.765150 0.772910 0.782735 0.794751 0.809123 0.826050 0.845781 0.868622 0.894947 0.925216 0.959998 1.000000 0.941422 0.860308 0.793823 0.738528 0.691993 0.652454 0.618599 0.589433 0.564193 0.542277 0.523214 0.506625 0.492205 0.479706 0.468929 0.459708 0.451910 0.449459 0.449281 0.450188 0.452190 0.455311 0.459591 0.465083 0.471859 0.480008 0.489644 0.500907 0.510210 0.517001 0.525257 0.535091 0.546642 0.560082 0.575622 0.593518 0.614091 0.637732 0.664932 0.696308 0.732645 0.774952 0.824553 0.883211 0.953326 0.933090 0.902694 0.876260 0.853328 0.833522 0.816537 0.802124 0.790082 0.780248 0.772493 0.766721 0.762857 0.760857 0.760695 0.762369 0.765900 0.771330 5131.000000 1.195948 0.754292
0.525257 0.535091 0.546642 0.560082 0.575622 0.593518 0.614091 0.637732 0.664932 0.696308 0.732645 0.774952 0.824553 0.883211 0.953326 0.933090 0.902694 0.876260 0.853328 0.833522 0.816537 0.802124 0.790082 0.780248 0.772493 0.766721 0.762857 0.760857 0.760695 0.762369 0.765900 0.771330 0.778727 0.788185 0.799826 0.797129 0.763555 0.734392 0.709020 0.686943 0.667759 0.651144 0.636832 0.624608 0.614297 0.605756 0.598872 0.593557 0.589744 0.587385 0.586453 0.579857 0.568963 0.559795 0.552227 0.546159 0.541514 0.538232 0.536274 0.535616 0.536250 0.538276 0.541738 0.546570 0.552832 0.560606 0.569995 0.581127 0.594163 0.609298 0.626774 0.646887 0.670000 0.696567 0.727152 0.762468 0.791417 0.779983 0.770704 0.763462 0.758164 0.754744 0.753162 0.753397 0.755453 0.759355 0.765150 0.772910 0.782735 0.794751 0.809123 0.826050 0.845781 0.868622 0.894947 0.925216 0.959998 1.000000 0.941422 0.860308 0.793823 0.738528 0.691993 0.652454 0.618599 0.589433 0.564193 0.542277 0.523214 0.506625 0.492205 0.479706 0.468929 0.459708 0.451910 0.449459 0.449281 0.450188 0.452190 0.455311 0.459591 0.465083 0.471859 0.480008 0.489644 0.500907 0.510210 0.517001 5131.000000 1.195948 0.754292
0.833243 0.907942 1.000000 0.912586 0.836678 0.774151 0.721937 0.677852 0.640295 0.608069 0.580262 0.556169 0.535234 0.517019 0.501171 0.487404 0.475488 0.465235 0.456492 0.449133 0.443058 0.438187 0.434457 0.431821 0.430248 0.429717 0.430223 0.431771 0.434381 0.438084 0.442928 0.448973 0.456300 0.465009 0.475224 0.487098 0.500818 0.516613 0.534768 0.555632 0.579644 0.607354 0.639465 0.676882 0.720794 0.772790 0.835039 0.849667 0.797142 0.752441 0.714116 0.681067 0.652444 0.627580 0.605949 0.587126 0.570771 0.556607 0.544409 0.533992 0.525209 0.517937 0.512081 0.507564 0.504332 0.502342 0.501572 0.502011 0.503666 0.506556 0.510717 0.516201 0.523078 0.531437 0.541394 0.553089 0.566696 0.582428 0.600546 0.621372 0.645306 0.672842 0.704607 0.741394 0.784228 0.834447 0.845340 0.781660 0.728534 0.683712 0.645551 0.612823 0.584594 0.560141 0.538897 0.520414 0.504332 0.490359 0.478261 0.467846 0.458956 0.451466 0.445271 0.440291 0.436460 0.433732 0.432072 0.431460 0.431888 0.433363 0.435901 0.439535 0.444309 0.450284 0.457540 0.466175 0.476311 0.488100 0.501727 0.517419 0.535456 0.556184 0.580034 0.607552 0.639428 0.676553 0.720097 0.771619 768.000000 1.214910 0.596232
0.504332 0.490359 0.478261 0.467846 0.458956 0.451466 0.445271 0.440291 0.436460 0.433732 0.432072 0.431460 0.431888 0.433363 0.435901 0.439535 0.444309 0.450284 0.457540 0.466175 0.476311 0.488100 0.501727 0.517419 0.535456 0.556184 0.580034 0.607552 0.639428 0.676553 0.720097 0.771619 0.833243 0.907942 1.000000 0.912586 0.836678 0.774151 0.721937 0.677852 0.640295 0.608069 0.580262 0.556169 0.535234 0.517019 0.501171 0.487404 0.475488 0.465235 0.456492 0.449133 0.443058 0.438187 0.434457 0.431821 0.430248 0.429717 0.430223 0.431771 0.434381 0.438084 0.442928 0.448973 0.456300 0.465009 0.475224 0.487098 0.500818 0.516613 0.534768 0.555632 0.579644 0.607354 0.639465 0.676882 0.720794 0.772790 0.835039 0.849667 0.797142 0.752441 0.714116 0.681067 0.652444 0.627580 0.605949 0.587126 0.570771 0.556607 0.544409 0.533992 0.525209 0.517937 0.512081 0.507564 0.504332 0.502342 0.501572 0.502011 0.503666 0.506556 0.510717 0.516201 0.523078 0.531437 0.541394 0.553089 0.566696 0.582428 0.600546 0.621372 0.645306 0.672842 0.704607 0.741394 0.784228 0.834447 0.845340 0.781660 0.728534 0.683712 0.645551 0.612823 0.584594 0.560141 0.538897 0.520414 768.000000 1.214910 0.596232
0.504332 0.502342 0.501572 0.502011 0.503666 0.506556 0.510717 0.516201 0.523078 0.531437 0.541394 0.553089 0.566696 0.582428 0.600546 0.621372 0.645306 0.672842 0.704607 0.741394 0.784228 0.834447 0.845340 0.781660 0.728534 0.683712 0.645551 0.612823 0.584594 0.560141 0.538897 0.520414 0.504332 0.490359 0.478261 0.467846 0.458956 0.451466 0.445271 0.440291 0.436460 0.433732 0.432072 0.431460 0.431888 0.433363 0.435901 0.439535 0.444309 0.450284 0.457540 0.466175 0.476311 0.488100 0.501727 0.517419 0.535456 0.556184 0.580034 0.607552 0.639428 0.676553 0.720097 0.771619 0.833243 0.907942 1.000000 0.912586 0.836678 0.774151 0.721937 0.677852 0.640295 0.608069 0.580262 0.556169 0.535234 0.517019 0.501171 0.487404 0.475488 0.465235 0.456492 0.449133 0.443058 0.438187 0.434457 0.431821 0.430248 0.429717 0.430223 0.431771 0.434381 0.438084 0.442928 0.448973 0.456300 0.465009 0.475224 0.487098 0.500818 0.516613 0.534768 0.555632 0.579644 0.607354 0.639465 0.676882 0.720794 0.772790 0.835039 0.849667 0.797142 0.752441 0.714116 0.681067 0.652444 0.627580 0.605949 0.587126 0.570771 0.556607 0.544409 0.533992 0.525209 0.517937 0.512081 0.507564 768.000000 1.214910 0.596232
0.456300 0.465009 0.475224 0.487098 0.500818 0.516613 0.534768 0.555632 0.579644 0.607354 0.639465 0.676882 0.720794 0.772790 0.835039 0.849667 0.797142 0.752441 0.714116 0.681067 0.652444 0.627580 0.605949 0.587126 0.570771 0.556607 0.544409 0.533992 0.525209 0.517937 0.512081 0.507564 0.504332 0.502342 0.501572 0.502011 0.503666 0.506556 0.510717 0.516201 0.523078 0.531437 0.541394 0.553089 0.566696 0.582428 0.600546 0.621372 0.645306 0.672842 0.704607 0.741394 0.784228 0.834447 0.845340 0.781660 0.728534 0.683712 0.645551 0.612823 0.584594 0.560141 0.538897 0.520414 0.504332 0.490359 0.478261 0.467846 0.458956 0.451466 0.445271 0.440291 0.436460 0.433732 0.432072 0.431460 0.431888 0.433363 0.435901 0.439535 0.444309 0.450284 0.457540 0.466175 0.476311 0.488100 0.501727 0.517419 0.535456 0.556184 0.580034 0.607552 0.639428 0.676553 0.720097 0.771619 0.833243 0.907942 1.000000 0.912586 0.836678 0.774151 0.721937 0.677852 0.640295 0.608069 0.580262 0.556169 0.535234 0.517019 0.501171 0.487404 0.475488 0.465235 0.456492 0.449133 0.443058 0.438187 0.434457 0.431821 0.430248 0.429717 0.430223 0.431771 0.434381 0.438084 0.442928 0.448973 768.000000 1.214910 0.596232
0.820786 0.837199 0.856388 0.878642 0.882863 0.867160 0.854027 0.843287 0.834799 0.828457 0.824181 0.821919 0.821644 0.823351 0.827062 0.832822 0.840703 0.850803 0.863254 0.852555 0.818352 0.788614 0.762734 0.740226 0.720694 0.703818 0.689338 0.677039 0.666750 0.658331 0.651672 0.646690 0.643320 0.641523 0.641277 0.642578 0.645443 0.649906 0.656023 0.663870 0.673550 0.685191 0.698955 0.715042 0.730002 0.732634 0.737067 0.743356 0.751579 0.761842 0.774281 0.789065 0.806405 0.826560 0.849848 0.867302 0.862053 0.858924 0.857878 0.858900 0.862004 0.867227 0.874634 0.884317 0.896401 0.911045 0.928449 0.948861 0.972587 1.000000 0.954547 0.909573 0.870650 0.836854 0.807456 0.781874 0.759636 0.740363 0.723744 0.709527 0.697505 0.687513 0.679416 0.673111 0.668517 0.665578 0.664259 0.658339 0.651302 0.645954 0.642227 0.640076 0.639475 0.640417 0.642912 0.646992 0.652706 0.660127 0.669349 0.680495 0.693718 0.709208 0.727197 0.747972 0.771882 0.799361 0.830944 0.867301 0.909276 0.915135 0.888035 0.864517 0.844194 0.826751 0.811930 0.799523 0.789363 0.781316 0.775281 0.771182 0.768969 0.768614 0.770115 0.773488 0.778776 0.786043 0.795381 0.806911 5237.000000 1.248263 0.865252
0.652706 0.660127 0.669349 0.680495 0.693718 0.709208 0.727197 0.747972 0.771882 0.799361 0.830944 0.867301 0.909276 0.915135 0.888035 0.864517 0.844194 0.826751 0.811930 0.799523 0.789363 0.781316 0.775281 0.771182 0.768969 0.768614 0.770115 0.773488 0.778776 0.786043 0.795381 0.806911 0.820786 0.837199 0.856388 0.878642 0.882863 0.867160 0.854027 0.843287 0.834799 0.828457 0.824181 0.821919 0.821644 0.823351 0.827062 0.832822 0.840703 0.850803 0.863254 0.852555 0.818352 0.788614 0.762734 0.740226 0.720694 0.703818 0.689338 0.677039 0.666750 0.658331 0.651672 0.646690 0.643320 0.641523 0.641277 0.642578 0.645443 0.649906 0.656023 0.663870 0.673550 0.685191 0.698955 0.715042 0.730002 0.732634 0.737067 0.743356 0.751579 0.761842 0.774281 0.789065 0.806405 0.826560 0.849848 0.867302 0.862053 0.858924 0.857878 0.858900 0.862004 0.867227 0.874634 0.884317 0.896401 0.911045 0.928449 0.948861 0.972587 1.000000 0.954547 0.909573 0.870650 0.836854 0.807456 0.781874 0.759636 0.740363 0.723744 0.709527 0.697505 0.687513 0.679416 0.673111 0.668517 0.665578 0.664259 0.658339 0.651302 0.645954 0.642227 0.640076 0.639475 0.640417 0.642912 0.646992 5237.000000 1.248263 0.865252
0.896401 0.911045 0.928449 0.948861 0.972587 1.000000 0.954547 0.909573 0.870650 0.836854 0.807456 0.781874 0.759636 0.740363 0.723744 0.709527 0.697505 0.687513 0.679416 0.673111 0.668517 0.665578 0.664259 0.658339 0.651302 0.645954 0.642227 0.640076 0.639475 0.640417 0.642912 0.646992 0.652706 0.660127 0.669349 0.680495 0.693718 0.709208 0.727197 0.747972 0.771882 0.799361 0.830944 0.867301 0.909276 0.915135 0.888035 0.864517 0.844194 0.826751 0.811930 0.799523 0.789363 0.781316 0.775281 0.771182 0.768969 0.768614 0.770115 0.773488 0.778776 0.786043 0.795381 0.806911 0.820786 0.837199 0.856388 0.878642 0.882863 0.867160 0.854027 0.843287 0.834799 0.828457 0.824181 0.821919 0.821644 0.823351 0.827062 0.832822 0.840703 0.850803 0.863254 0.852555 0.818352 0.788614 0.762734 0.740226 0.720694 0.703818 0.689338 0.677039 0.666750 0.658331 0.651672 0.646690 0.643320 0.641523 0.641277 0.642578 0.645443 0.649906 0.656023 0.663870 0.673550 0.685191 0.698955 0.715042 0.730002 0.732634 0.737067 0.743356 0.751579 0.761842 0.774281 0.789065 0.806405 0.826560 0.849848 0.867302 0.862053 0.858924 0.857878 0.858900 0.862004 0.867227 0.874634 0.884317 5237.000000 1.248263 0.865252
0.643320 0.641523 0.641277 0.642578 0.645443 0.649906 0.656023 0.663870 0.673550 0.685191 0.698955 0.715042 0.730002 0.732634 0.737067 0.743356 0.751579 0.761842 0.774281 0.789065 0.806405 0.826560 0.849848 0.867302 0.862053 0.858924 0.857878 0.858900 0.862004 0.867227 0.874634 0.884317 0.896401 0.911045 0.928449 0.948861 0.972587 1.000000 0.954547 0.909573 0.870650 0.836854 0.807456 0.781874 0.759636 0.740363 0.723744 0.709527 0.697505 0.687513 0.679416 0.673111 0.668517 0.665578 0.664259 0.658339 0.651302 0.645954 0.642227 0.640076 0.639475 0.640417 0.642912 0.646992 0.652706 0.660127 0.669349 0.680495 0.693718 0.709208 0.727197 0.747972 0.771882 0.799361 0.830944 0.867301 0.909276 0.915135 0.888035 0.864517 0.844194 0.826751 0.811930 0.799523 0.789363 0.781316 0.775281 0.771182 0.768969 0.768614 0.770115 0.773488 0.778776 0.786043 0.795381 0.806911 0.820786 0.837199 0.856388 0.878642 0.882863 0.867160 0.854027 0.843287 0.834799 0.828457 0.824181 0.821919 0.821644 0.823351 0.827062 0.832822 0.840703 0.850803 0.863254 0.852555 0.818352 0.788614 0.762734 0.740226 0.720694 0.703818 0.689338 0.677039 0.666750 0.658331 0.651672 0.646690 5237.000000 1.248263 0.865252
