0.971383 1.000000 0.898782 0.817961 0.752138 0.697675 0.652032 0.613381 0.580376 0.552004 0.527488 0.506224 0.487738 0.471651 0.457658 0.445514 0.435019 0.426009 0.418353 0.411942 0.406689 0.402526 0.399400 0.397271 0.396115 0.395916 0.396673 0.398394 0.401101 0.404826 0.409618 0.415537 0.422663 0.431094 0.440953 0.452388 0.465584 0.480766 0.498211 0.518267 0.541363 0.568046 0.599014 0.635172 0.677713 0.728241 0.709240 0.678884 0.652528 0.629602 0.609651 0.592308 0.577277 0.564316 0.553228 0.543852 0.536059 0.529743 0.524825 0.521241 0.518947 0.517916 0.518135 0.519606 0.522348 0.526393 0.531793 0.538615 0.546950 0.556910 0.568634 0.582295 0.598106 0.616325 0.637272 0.661343 0.689029 0.720946 0.757879 0.800834 0.851124 0.800601 0.729246 0.671054 0.622853 0.582420 0.548158 0.518883 0.493705 0.471942 0.453063 0.436647 0.422361 0.409936 0.399156 0.389843 0.381854 0.375071 0.369400 0.364762 0.361100 0.358364 0.356522 0.355552 0.355440 0.356186 0.357800 0.360299 0.363717 0.368095 0.373491 0.379976 0.387640 0.396596 0.406978 0.418956 0.432733 0.448565 0.466767 0.487733 0.511962 0.540094 0.572958 0.611649 0.657643 0.712974 0.780524 0.864515 7286.000000 1.540685 0.564913
0.381854 0.375071 0.369400 0.364762 0.361100 0.358364 0.356522 0.355552 0.355440 0.356186 0.357800 0.360299 0.363717 0.368095 0.373491 0.379976 0.387640 0.396596 0.406978 0.418956 0.432733 0.448565 0.466767 0.487733 0.511962 0.540094 0.572958 0.611649 0.657643 0.712974 0.780524 0.864515 0.971383 1.000000 0.898782 0.817961 0.752138 0.697675 0.652032 0.613381 0.580376 0.552004 0.527488 0.506224 0.487738 0.471651 0.457658 0.445514 0.435019 0.426009 0.418353 0.411942 0.406689 0.402526 0.399400 0.397271 0.396115 0.395916 0.396673 0.398394 0.401101 0.404826 0.409618 0.415537 0.422663 0.431094 0.440953 0.452388 0.465584 0.480766 0.498211 0.518267 0.541363 0.568046 0.599014 0.635172 0.677713 0.728241 0.709240 0.678884 0.652528 0.629602 0.609651 0.592308 0.577277 0.564316 0.553228 0.543852 0.536059 0.529743 0.524825 0.521241 0.518947 0.517916 0.518135 0.519606 0.522348 0.526393 0.531793 0.538615 0.546950 0.556910 0.568634 0.582295 0.598106 0.616325 0.637272 0.661343 0.689029 0.720946 0.757879 0.800834 0.851124 0.800601 0.729246 0.671054 0.622853 0.582420 0.548158 0.518883 0.493705 0.471942 0.453063 0.436647 0.422361 0.409936 0.399156 0.389843 7286.000000 1.540685 0.564913
0.522348 0.526393 0.531793 0.538615 0.546950 0.556910 0.568634 0.582295 0.598106 0.616325 0.637272 0.661343 0.689029 0.720946 0.757879 0.800834 0.851124 0.800601 0.729246 0.671054 0.622853 0.582420 0.548158 0.518883 0.493705 0.471942 0.453063 0.436647 0.422361 0.409936 0.399156 0.389843 0.381854 0.375071 0.369400 0.364762 0.361100 0.358364 0.356522 0.355552 0.355440 0.356186 0.357800 0.360299 0.363717 0.368095 0.373491 0.379976 0.387640 0.396596 0.406978 0.418956 0.432733 0.448565 0.466767 0.487733 0.511962 0.540094 0.572958 0.611649 0.657643 0.712974 0.780524 0.864515 0.971383 1.000000 0.898782 0.817961 0.752138 0.697675 0.652032 0.613381 0.580376 0.552004 0.527488 0.506224 0.487738 0.471651 0.457658 0.445514 0.435019 0.426009 0.418353 0.411942 0.406689 0.402526 0.399400 0.397271 0.396115 0.395916 0.396673 0.398394 0.401101 0.404826 0.409618 0.415537 0.422663 0.431094 0.440953 0.452388 0.465584 0.480766 0.498211 0.518267 0.541363 0.568046 0.599014 0.635172 0.677713 0.728241 0.709240 0.678884 0.652528 0.629602 0.609651 0.592308 0.577277 0.564316 0.553228 0.543852 0.536059 0.529743 0.524825 0.521241 0.518947 0.517916 0.518135 0.519606 7286.000000 1.540685 0.564913
0.422663 0.431094 0.440953 0.452388 0.465584 0.480766 0.498211 0.518267 0.541363 0.568046 0.599014 0.635172 0.677713 0.728241 0.709240 0.678884 0.652528 0.629602 0.609651 0.592308 0.577277 0.564316 0.553228 0.543852 0.536059 0.529743 0.524825 0.521241 0.518947 0.517916 0.518135 0.519606 0.522348 0.526393 0.531793 0.538615 0.546950 0.556910 0.568634 0.582295 0.598106 0.616325 0.637272 0.661343 0.689029 0.720946 0.757879 0.800834 0.851124 0.800601 0.729246 0.671054 0.622853 0.582420 0.548158 0.518883 0.493705 0.471942 0.453063 0.436647 0.422361 0.409936 0.399156 0.389843 0.381854 0.375071 0.369400 0.364762 0.361100 0.358364 0.356522 0.355552 0.355440 0.356186 0.357800 0.360299 0.363717 0.368095 0.373491 0.379976 0.387640 0.396596 0.406978 0.418956 0.432733 0.448565 0.466767 0.487733 0.511962 0.540094 0.572958 0.611649 0.657643 0.712974 0.780524 0.864515 0.971383 1.000000 0.898782 0.817961 0.752138 0.697675 0.652032 0.613381 0.580376 0.552004 0.527488 0.506224 0.487738 0.471651 0.457658 0.445514 0.435019 0.426009 0.418353 0.411942 0.406689 0.402526 0.399400 0.397271 0.396115 0.395916 0.396673 0.398394 0.401101 0.404826 0.409618 0.415537 7286.000000 1.540685 0.564913
0.983165 1.000000 0.940330 0.889402 0.845640 0.807837 0.775056 0.746561 0.721764 0.700193 0.681469 0.665281 0.651377 0.639551 0.629637 0.621500 0.615034 0.610155 0.606804 0.604938 0.604536 0.594542 0.583210 0.573659 0.565757 0.559398 0.554502 0.551007 0.548870 0.548064 0.548580 0.550425 0.553620 0.558206 0.564238 0.571795 0.580975 0.591905 0.604738 0.603473 0.600642 0.599274 0.599353 0.600880 0.603873 0.608369 0.614423 0.622113 0.631539 0.642828 0.656136 0.671660 0.689638 0.710363 0.734195 0.761581 0.760769 0.759036 0.759136 0.761070 0.764861 0.770555 0.778224 0.787964 0.799903 0.814201 0.831057 0.850720 0.873490 0.899740 0.861579 0.821729 0.787216 0.757235 0.731151 0.708454 0.688733 0.671654 0.656947 0.644388 0.633800 0.625035 0.617977 0.612536 0.608644 0.606252 0.605332 0.605871 0.607878 0.611375 0.614899 0.599849 0.586899 0.575854 0.566557 0.558880 0.552722 0.548005 0.544668 0.542671 0.541989 0.542615 0.544556 0.547835 0.552492 0.558587 0.566198 0.575423 0.586391 0.599256 0.603812 0.605318 0.608302 0.612799 0.618864 0.626576 0.636034 0.647365 0.660728 0.676317 0.694374 0.715191 0.739131 0.766639 0.798272 0.834725 0.876881 0.925869 1069.500000 1.401319 0.817749
0.552722 0.548005 0.544668 0.542671 0.541989 0.542615 0.544556 0.547835 0.552492 0.558587 0.566198 0.575423 0.586391 0.599256 0.603812 0.605318 0.608302 0.612799 0.618864 0.626576 0.636034 0.647365 0.660728 0.676317 0.694374 0.715191 0.739131 0.766639 0.798272 0.834725 0.876881 0.925869 0.983165 1.000000 0.940330 0.889402 0.845640 0.807837 0.775056 0.746561 0.721764 0.700193 0.681469 0.665281 0.651377 0.639551 0.629637 0.621500 0.615034 0.610155 0.606804 0.604938 0.604536 0.594542 0.583210 0.573659 0.565757 0.559398 0.554502 0.551007 0.548870 0.548064 0.548580 0.550425 0.553620 0.558206 0.564238 0.571795 0.580975 0.591905 0.604738 0.603473 0.600642 0.599274 0.599353 0.600880 0.603873 0.608369 0.614423 0.622113 0.631539 0.642828 0.656136 0.671660 0.689638 0.710363 0.734195 0.761581 0.760769 0.759036 0.759136 0.761070 0.764861 0.770555 0.778224 0.787964 0.799903 0.814201 0.831057 0.850720 0.873490 0.899740 0.861579 0.821729 0.787216 0.757235 0.731151 0.708454 0.688733 0.671654 0.656947 0.644388 0.633800 0.625035 0.617977 0.612536 0.608644 0.606252 0.605332 0.605871 0.607878 0.611375 0.614899 0.599849 0.586899 0.575854 0.566557 0.558880 1069.500000 1.401319 0.817749
0.799903 0.814201 0.831057 0.850720 0.873490 0.899740 0.861579 0.821729 0.787216 0.757235 0.731151 0.708454 0.688733 0.671654 0.656947 0.644388 0.633800 0.625035 0.617977 0.612536 0.608644 0.606252 0.605332 0.605871 0.607878 0.611375 0.614899 0.599849 0.586899 0.575854 0.566557 0.558880 0.552722 0.548005 0.544668 0.542671 0.541989 0.542615 0.544556 0.547835 0.552492 0.558587 0.566198 0.575423 0.586391 0.599256 0.603812 0.605318 0.608302 0.612799 0.618864 0.626576 0.636034 0.647365 0.660728 0.676317 0.694374 0.715191 0.739131 0.766639 0.798272 0.834725 0.876881 0.925869 0.983165 1.000000 0.940330 0.889402 0.845640 0.807837 0.775056 0.746561 0.721764 0.700193 0.681469 0.665281 0.651377 0.639551 0.629637 0.621500 0.615034 0.610155 0.606804 0.604938 0.604536 0.594542 0.583210 0.573659 0.565757 0.559398 0.554502 0.551007 0.548870 0.548064 0.548580 0.550425 0.553620 0.558206 0.564238 0.571795 0.580975 0.591905 0.604738 0.603473 0.600642 0.599274 0.599353 0.600880 0.603873 0.608369 0.614423 0.622113 0.631539 0.642828 0.656136 0.671660 0.689638 0.710363 0.734195 0.761581 0.760769 0.759036 0.759136 0.761070 0.764861 0.770555 0.778224 0.787964 1069.500000 1.401319 0.817749
0.553620 0.558206 0.564238 0.571795 0.580975 0.591905 0.604738 0.603473 0.600642 0.599274 0.599353 0.600880 0.603873 0.608369 0.614423 0.622113 0.631539 0.642828 0.656136 0.671660 0.689638 0.710363 0.734195 0.761581 0.760769 0.759036 0.759136 0.761070 0.764861 0.770555 0.778224 0.787964 0.799903 0.814201 0.831057 0.850720 0.873490 0.899740 0.861579 0.821729 0.787216 0.757235 0.731151 0.708454 0.688733 0.671654 0.656947 0.644388 0.633800 0.625035 0.617977 0.612536 0.608644 0.606252 0.605332 0.605871 0.607878 0.611375 0.614899 0.599849 0.586899 0.575854 0.566557 0.558880 0.552722 0.548005 0.544668 0.542671 0.541989 0.542615 0.544556 0.547835 0.552492 0.558587 0.566198 0.575423 0.586391 0.599256 0.603812 0.605318 0.608302 0.612799 0.618864 0.626576 0.636034 0.647365 0.660728 0.676317 0.694374 0.715191 0.739131 0.766639 0.798272 0.834725 0.876881 0.925869 0.983165 1.000000 0.940330 0.889402 0.845640 0.807837 0.775056 0.746561 0.721764 0.700193 0.681469 0.665281 0.651377 0.639551 0.629637 0.621500 0.615034 0.610155 0.606804 0.604938 0.604536 0.594542 0.583210 0.573659 0.565757 0.559398 0.554502 0.551007 0.548870 0.548064 0.548580 0.550425 1069.500000 1.401319 0.817749
0.817078 0.770403 0.730438 0.696008 0.666211 0.640340 0.617836 0.598252 0.581228 0.566474 0.553751 0.542866 0.533662 0.526011 0.519810 0.514981 0.511461 0.509207 0.508192 0.508403 0.509843 0.512530 0.516496 0.521790 0.528481 0.536655 0.546423 0.557922 0.570262 0.571447 0.574023 0.578020 0.583490 0.590500 0.599141 0.609530 0.621809 0.636158 0.652794 0.671985 0.694063 0.719432 0.748598 0.782192 0.821015 0.824149 0.792623 0.765195 0.741329 0.720589 0.702625 0.687150 0.673931 0.662777 0.653535 0.646082 0.640323 0.636185 0.633616 0.632586 0.633081 0.635109 0.638694 0.643879 0.650729 0.659332 0.669452 0.665016 0.662223 0.661039 0.661450 0.663461 0.667096 0.672399 0.679438 0.688302 0.699106 0.711998 0.727158 0.744812 0.765233 0.752650 0.719162 0.690118 0.664868 0.642895 0.623783 0.607194 0.592857 0.580547 0.570083 0.561319 0.554134 0.548436 0.544151 0.541226 0.539625 0.539330 0.540336 0.542655 0.546316 0.551365 0.557863 0.565897 0.563874 0.562950 0.563383 0.565179 0.568361 0.572967 0.579054 0.586701 0.596008 0.607100 0.620136 0.635308 0.652853 0.673062 0.696294 0.722990 0.753703 0.789127 0.830144 0.877889 0.933848 1.000000 0.937278 0.872009 1959.000000 1.223823 0.769260
0.539625 0.539330 0.540336 0.542655 0.546316 0.551365 0.557863 0.565897 0.563874 0.562950 0.563383 0.565179 0.568361 0.572967 0.579054 0.586701 0.596008 0.607100 0.620136 0.635308 0.652853 0.673062 0.696294 0.722990 0.753703 0.789127 0.830144 0.877889 0.933848 1.000000 0.937278 0.872009 0.817078 0.770403 0.730438 0.696008 0.666211 0.640340 0.617836 0.598252 0.581228 0.566474 0.553751 0.542866 0.533662 0.526011 0.519810 0.514981 0.511461 0.509207 0.508192 0.508403 0.509843 0.512530 0.516496 0.521790 0.528481 0.536655 0.546423 0.557922 0.570262 0.571447 0.574023 0.578020 0.583490 0.590500 0.599141 0.609530 0.621809 0.636158 0.652794 0.671985 0.694063 0.719432 0.748598 0.782192 0.821015 0.824149 0.792623 0.765195 0.741329 0.720589 0.702625 0.687150 0.673931 0.662777 0.653535 0.646082 0.640323 0.636185 0.633616 0.632586 0.633081 0.635109 0.638694 0.643879 0.650729 0.659332 0.669452 0.665016 0.662223 0.661039 0.661450 0.663461 0.667096 0.672399 0.679438 0.688302 0.699106 0.711998 0.727158 0.744812 0.765233 0.752650 0.719162 0.690118 0.664868 0.642895 0.623783 0.607194 0.592857 0.580547 0.570083 0.561319 0.554134 0.548436 0.544151 0.541226 1959.000000 1.223823 0.769260
0.650729 0.659332 0.669452 0.665016 0.662223 0.661039 0.661450 0.663461 0.667096 0.672399 0.679438 0.688302 0.699106 0.711998 0.727158 0.744812 0.765233 0.752650 0.719162 0.690118 0.664868 0.642895 0.623783 0.607194 0.592857 0.580547 0.570083 0.561319 0.554134 0.548436 0.544151 0.541226 0.539625 0.539330 0.540336 0.542655 0.546316 0.551365 0.557863 0.565897 0.563874 0.562950 0.563383 0.565179 0.568361 0.572967 0.579054 0.586701 0.596008 0.607100 0.620136 0.635308 0.652853 0.673062 0.696294 0.722990 0.753703 0.789127 0.830144 0.877889 0.933848 1.000000 0.937278 0.872009 0.817078 0.770403 0.730438 0.696008 0.666211 0.640340 0.617836 0.598252 0.581228 0.566474 0.553751 0.542866 0.533662 0.526011 0.519810 0.514981 0.511461 0.509207 0.508192 0.508403 0.509843 0.512530 0.516496 0.521790 0.528481 0.536655 0.546423 0.557922 0.570262 0.571447 0.574023 0.578020 0.583490 0.590500 0.599141 0.609530 0.621809 0.636158 0.652794 0.671985 0.694063 0.719432 0.748598 0.782192 0.821015 0.824149 0.792623 0.765195 0.741329 0.720589 0.702625 0.687150 0.673931 0.662777 0.653535 0.646082 0.640323 0.636185 0.633616 0.632586 0.633081 0.635109 0.638694 0.643879 1959.000000 1.223823 0.769260
0.583490 0.590500 0.599141 0.609530 0.621809 0.636158 0.652794 0.671985 0.694063 0.719432 0.748598 0.782192 0.821015 0.824149 0.792623 0.765195 0.741329 0.720589 0.702625 0.687150 0.673931 0.662777 0.653535 0.646082 0.640323 0.636185 0.633616 0.632586 0.633081 0.635109 0.638694 0.643879 0.650729 0.659332 0.669452 0.665016 0.662223 0.661039 0.661450 0.663461 0.667096 0.672399 0.679438 0.688302 0.699106 0.711998 0.727158 0.744812 0.765233 0.752650 0.719162 0.690118 0.664868 0.642895 0.623783 0.607194 0.592857 0.580547 0.570083 0.561319 0.554134 0.548436 0.544151 0.541226 0.539625 0.539330 0.540336 0.542655 0.546316 0.551365 0.557863 0.565897 0.563874 0.562950 0.563383 0.565179 0.568361 0.572967 0.579054 0.586701 0.596008 0.607100 0.620136 0.635308 0.652853 0.673062 0.696294 0.722990 0.753703 0.789127 0.830144 0.877889 0.933848 1.000000 0.937278 0.872009 0.817078 0.770403 0.730438 0.696008 0.666211 0.640340 0.617836 0.598252 0.581228 0.566474 0.553751 0.542866 0.533662 0.526011 0.519810 0.514981 0.511461 0.509207 0.508192 0.508403 0.509843 0.512530 0.516496 0.521790 0.528481 0.536655 0.546423 0.557922 0.570262 0.571447 0.574023 0.578020 1959.000000 1.223823 0.769260
0.542250 0.562079 0.584877 0.611137 0.641483 0.676717 0.678703 0.670329 0.663739 0.658849 0.655598 0.653947 0.653876 0.655383 0.658488 0.663227 0.669660 0.677868 0.687957 0.700064 0.714356 0.731041 0.750376 0.772673 0.798318 0.827786 0.861668 0.900706 0.863420 0.807452 0.760019 0.719486 0.684623 0.654487 0.628342 0.605608 0.585824 0.568618 0.553690 0.540795 0.529734 0.520345 0.512497 0.506082 0.501018 0.497241 0.494703 0.493373 0.493236 0.494289 0.496545 0.500032 0.504793 0.510889 0.518397 0.527419 0.538080 0.550534 0.564972 0.581626 0.600784 0.622798 0.648107 0.658261 0.641319 0.626698 0.614176 0.603570 0.594733 0.587546 0.581915 0.577770 0.575060 0.573750 0.573826 0.575287 0.578153 0.582457 0.588254 0.595617 0.604641 0.615449 0.628191 0.643053 0.660265 0.680107 0.702925 0.729144 0.759296 0.794044 0.834231 0.880937 0.935572 1.000000 0.914289 0.841297 0.780839 0.730130 0.687159 0.650446 0.618871 0.591580 0.567904 0.547318 0.529403 0.513822 0.500303 0.488624 0.478605 0.470098 0.462984 0.457167 0.452571 0.449138 0.446825 0.445604 0.445459 0.446390 0.448407 0.451535 0.455813 0.461295 0.468051 0.476172 0.485772 0.496988 0.509991 0.524993 1167.000000 1.591139 0.715481
0.780839 0.730130 0.687159 0.650446 0.618871 0.591580 0.567904 0.547318 0.529403 0.513822 0.500303 0.488624 0.478605 0.470098 0.462984 0.457167 0.452571 0.449138 0.446825 0.445604 0.445459 0.446390 0.448407 0.451535 0.455813 0.461295 0.468051 0.476172 0.485772 0.496988 0.509991 0.524993 0.542250 0.562079 0.584877 0.611137 0.641483 0.676717 0.678703 0.670329 0.663739 0.658849 0.655598 0.653947 0.653876 0.655383 0.658488 0.663227 0.669660 0.677868 0.687957 0.700064 0.714356 0.731041 0.750376 0.772673 0.798318 0.827786 0.861668 0.900706 0.863420 0.807452 0.760019 0.719486 0.684623 0.654487 0.628342 0.605608 0.585824 0.568618 0.553690 0.540795 0.529734 0.520345 0.512497 0.506082 0.501018 0.497241 0.494703 0.493373 0.493236 0.494289 0.496545 0.500032 0.504793 0.510889 0.518397 0.527419 0.538080 0.550534 0.564972 0.581626 0.600784 0.622798 0.648107 0.658261 0.641319 0.626698 0.614176 0.603570 0.594733 0.587546 0.581915 0.577770 0.575060 0.573750 0.573826 0.575287 0.578153 0.582457 0.588254 0.595617 0.604641 0.615449 0.628191 0.643053 0.660265 0.680107 0.702925 0.729144 0.759296 0.794044 0.834231 0.880937 0.935572 1.000000 0.914289 0.841297 1167.000000 1.591139 0.715481
0.641319 0.626698 0.614176 0.603570 0.594733 0.587546 0.581915 0.577770 0.575060 0.573750 0.573826 0.575287 0.578153 0.582457 0.588254 0.595617 0.604641 0.615449 0.628191 0.643053 0.660265 0.680107 0.702925 0.729144 0.759296 0.794044 0.834231 0.880937 0.935572 1.000000 0.914289 0.841297 0.780839 0.730130 0.687159 0.650446 0.618871 0.591580 0.567904 0.547318 0.529403 0.513822 0.500303 0.488624 0.478605 0.470098 0.462984 0.457167 0.452571 0.449138 0.446825 0.445604 0.445459 0.446390 0.448407 0.451535 0.455813 0.461295 0.468051 0.476172 0.485772 0.496988 0.509991 0.524993 0.542250 0.562079 0.584877 0.611137 0.641483 0.676717 0.678703 0.670329 0.663739 0.658849 0.655598 0.653947 0.653876 0.655383 0.658488 0.663227 0.669660 0.677868 0.687957 0.700064 0.714356 0.731041 0.750376 0.772673 0.798318 0.827786 0.861668 0.900706 0.863420 0.807452 0.760019 0.719486 0.684623 0.654487 0.628342 0.605608 0.585824 0.568618 0.553690 0.540795 0.529734 0.520345 0.512497 0.506082 0.501018 0.497241 0.494703 0.493373 0.493236 0.494289 0.496545 0.500032 0.504793 0.510889 0.518397 0.527419 0.538080 0.550534 0.564972 0.581626 0.600784 0.622798 0.648107 0.658261 1167.000000 1.591139 0.715481
0.684623 0.654487 0.628342 0.605608 0.585824 0.568618 0.553690 0.540795 0.529734 0.520345 0.512497 0.506082 0.501018 0.497241 0.494703 0.493373 0.493236 0.494289 0.496545 0.500032 0.504793 0.510889 0.518397 0.527419 0.538080 0.550534 0.564972 0.581626 0.600784 0.622798 0.648107 0.658261 0.641319 0.626698 0.614176 0.603570 0.594733 0.587546 0.581915 0.577770 0.575060 0.573750 0.573826 0.575287 0.578153 0.582457 0.588254 0.595617 0.604641 0.615449 0.628191 0.643053 0.660265 0.680107 0.702925 0.729144 0.759296 0.794044 0.834231 0.880937 0.935572 1.000000 0.914289 0.841297 0.780839 0.730130 0.687159 0.650446 0.618871 0.591580 0.567904 0.547318 0.529403 0.513822 0.500303 0.488624 0.478605 0.470098 0.462984 0.457167 0.452571 0.449138 0.446825 0.445604 0.445459 0.446390 0.448407 0.451535 0.455813 0.461295 0.468051 0.476172 0.485772 0.496988 0.509991 0.524993 0.542250 0.562079 0.584877 0.611137 0.641483 0.676717 0.678703 0.670329 0.663739 0.658849 0.655598 0.653947 0.653876 0.655383 0.658488 0.663227 0.669660 0.677868 0.687957 0.700064 0.714356 0.731041 0.750376 0.772673 0.798318 0.827786 0.861668 0.900706 0.863420 0.807452 0.760019 0.719486 1167.000000 1.591139 0.715481
0.596314 0.655781 0.730376 0.826367 0.954053 1.000000 0.892871 0.808233 0.739880 0.683705 0.636885 0.597413 0.563827 0.535037 0.510214 0.488717 0.470045 0.453800 0.439664 0.427381 0.416742 0.407578 0.399751 0.393148 0.387678 0.383269 0.379864 0.377421 0.375908 0.375308 0.375613 0.376828 0.378966 0.382054 0.386131 0.391248 0.397474 0.404892 0.413607 0.423749 0.435477 0.448984 0.464511 0.482355 0.502883 0.526562 0.553981 0.585902 0.573454 0.556115 0.541058 0.528034 0.516837 0.507303 0.499295 0.492704 0.487445 0.483448 0.480665 0.479062 0.478618 0.479329 0.481203 0.484263 0.488546 0.494107 0.501017 0.509368 0.519273 0.530876 0.544351 0.559911 0.577820 0.598402 0.622059 0.649291 0.680732 0.717188 0.759704 0.809652 0.868870 0.877465 0.769225 0.686228 0.620747 0.567923 0.524549 0.488423 0.457985 0.432098 0.409915 0.390795 0.374240 0.359862 0.347354 0.336470 0.327011 0.318816 0.311755 0.305720 0.300625 0.296399 0.292987 0.290343 0.288436 0.287241 0.286744 0.286938 0.287827 0.289421 0.291739 0.294810 0.298674 0.303381 0.308996 0.315596 0.323281 0.332169 0.342409 0.354180 0.367706 0.383267 0.401212 0.421986 0.446163 0.474491 0.507967 0.547946 4568.000000 1.939716 0.513981
0.327011 0.318816 0.311755 0.305720 0.300625 0.296399 0.292987 0.290343 0.288436 0.287241 0.286744 0.286938 0.287827 0.289421 0.291739 0.294810 0.298674 0.303381 0.308996 0.315596 0.323281 0.332169 0.342409 0.354180 0.367706 0.383267 0.401212 0.421986 0.446163 0.474491 0.507967 0.547946 0.596314 0.655781 0.730376 0.826367 0.954053 1.000000 0.892871 0.808233 0.739880 0.683705 0.636885 0.597413 0.563827 0.535037 0.510214 0.488717 0.470045 0.453800 0.439664 0.427381 0.416742 0.407578 0.399751 0.393148 0.387678 0.383269 0.379864 0.377421 0.375908 0.375308 0.375613 0.376828 0.378966 0.382054 0.386131 0.391248 0.397474 0.404892 0.413607 0.423749 0.435477 0.448984 0.464511 0.482355 0.502883 0.526562 0.553981 0.585902 0.573454 0.556115 0.541058 0.528034 0.516837 0.507303 0.499295 0.492704 0.487445 0.483448 0.480665 0.479062 0.478618 0.479329 0.481203 0.484263 0.488546 0.494107 0.501017 0.509368 0.519273 0.530876 0.544351 0.559911 0.577820 0.598402 0.622059 0.649291 0.680732 0.717188 0.759704 0.809652 0.868870 0.877465 0.769225 0.686228 0.620747 0.567923 0.524549 0.488423 0.457985 0.432098 0.409915 0.390795 0.374240 0.359862 0.347354 0.336470 4568.000000 1.939716 0.513981
0.488546 0.494107 0.501017 0.509368 0.519273 0.530876 0.544351 0.559911 0.577820 0.598402 0.622059 0.649291 0.680732 0.717188 0.759704 0.809652 0.868870 0.877465 0.769225 0.686228 0.620747 0.567923 0.524549 0.488423 0.457985 0.432098 0.409915 0.390795 0.374240 0.359862 0.347354 0.336470 0.327011 0.318816 0.311755 0.305720 0.300625 0.296399 0.292987 0.290343 0.288436 0.287241 0.286744 0.286938 0.287827 0.289421 0.291739 0.294810 0.298674 0.303381 0.308996 0.315596 0.323281 0.332169 0.342409 0.354180 0.367706 0.383267 0.401212 0.421986 0.446163 0.474491 0.507967 0.547946 0.596314 0.655781 0.730376 0.826367 0.954053 1.000000 0.892871 0.808233 0.739880 0.683705 0.636885 0.597413 0.563827 0.535037 0.510214 0.488717 0.470045 0.453800 0.439664 0.427381 0.416742 0.407578 0.399751 0.393148 0.387678 0.383269 0.379864 0.377421 0.375908 0.375308 0.375613 0.376828 0.378966 0.382054 0.386131 0.391248 0.397474 0.404892 0.413607 0.423749 0.435477 0.448984 0.464511 0.482355 0.502883 0.526562 0.553981 0.585902 0.573454 0.556115 0.541058 0.528034 0.516837 0.507303 0.499295 0.492704 0.487445 0.483448 0.480665 0.479062 0.478618 0.479329 0.481203 0.484263 4568.000000 1.939716 0.513981
0.378966 0.382054 0.386131 0.391248 0.397474 0.404892 0.413607 0.423749 0.435477 0.448984 0.464511 0.482355 0.502883 0.526562 0.553981 0.585902 0.573454 0.556115 0.541058 0.528034 0.516837 0.507303 0.499295 0.492704 0.487445 0.483448 0.480665 0.479062 0.478618 0.479329 0.481203 0.484263 0.488546 0.494107 0.501017 0.509368 0.519273 0.530876 0.544351 0.559911 0.577820 0.598402 0.622059 0.649291 0.680732 0.717188 0.759704 0.809652 0.868870 0.877465 0.769225 0.686228 0.620747 0.567923 0.524549 0.488423 0.457985 0.432098 0.409915 0.390795 0.374240 0.359862 0.347354 0.336470 0.327011 0.318816 0.311755 0.305720 0.300625 0.296399 0.292987 0.290343 0.288436 0.287241 0.286744 0.286938 0.287827 0.289421 0.291739 0.294810 0.298674 0.303381 0.308996 0.315596 0.323281 0.332169 0.342409 0.354180 0.367706 0.383267 0.401212 0.421986 0.446163 0.474491 0.507967 0.547946 0.596314 0.655781 0.730376 0.826367 0.954053 1.000000 0.892871 0.808233 0.739880 0.683705 0.636885 0.597413 0.563827 0.535037 0.510214 0.488717 0.470045 0.453800 0.439664 0.427381 0.416742 0.407578 0.399751 0.393148 0.387678 0.383269 0.379864 0.377421 0.375908 0.375308 0.375613 0.376828 4568.000000 1.939716 0.513981
0.767423 0.713800 0.668687 0.630366 0.597561 0.569305 0.544854 0.523626 0.505161 0.489093 0.479733 0.480548 0.482529 0.485702 0.490105 0.495795 0.502843 0.511345 0.521416 0.533203 0.546883 0.562675 0.580846 0.601729 0.625732 0.653370 0.685289 0.722317 0.765524 0.816320 0.876599 0.948958 1.000000 0.940768 0.890186 0.846701 0.809125 0.776533 0.748199 0.723541 0.702093 0.683480 0.667395 0.653588 0.641855 0.632032 0.623985 0.617610 0.612826 0.613898 0.618166 0.624008 0.631497 0.640731 0.651832 0.664955 0.680290 0.698070 0.718582 0.742178 0.769292 0.800465 0.836370 0.877862 0.926032 0.982300 0.950769 0.904324 0.864191 0.829382 0.799119 0.772783 0.749876 0.729996 0.712816 0.698069 0.685537 0.675046 0.666452 0.659643 0.654533 0.651058 0.649175 0.637032 0.621686 0.608494 0.597259 0.587822 0.580054 0.573853 0.569140 0.565856 0.563960 0.563430 0.564258 0.566456 0.570050 0.575084 0.581148 0.587970 0.596408 0.606575 0.618610 0.632688 0.649021 0.667871 0.689560 0.714484 0.743135 0.776128 0.814238 0.858460 0.910079 0.919942 0.906107 0.894806 0.885891 0.879249 0.874798 0.872483 0.872276 0.874174 0.878201 0.884406 0.892866 0.903687 0.910657 0.831924 1331.000000 1.192363 0.692822
0.570050 0.575084 0.581148 0.587970 0.596408 0.606575 0.618610 0.632688 0.649021 0.667871 0.689560 0.714484 0.743135 0.776128 0.814238 0.858460 0.910079 0.919942 0.906107 0.894806 0.885891 0.879249 0.874798 0.872483 0.872276 0.874174 0.878201 0.884406 0.892866 0.903687 0.910657 0.831924 0.767423 0.713800 0.668687 0.630366 0.597561 0.569305 0.544854 0.523626 0.505161 0.489093 0.479733 0.480548 0.482529 0.485702 0.490105 0.495795 0.502843 0.511345 0.521416 0.533203 0.546883 0.562675 0.580846 0.601729 0.625732 0.653370 0.685289 0.722317 0.765524 0.816320 0.876599 0.948958 1.000000 0.940768 0.890186 0.846701 0.809125 0.776533 0.748199 0.723541 0.702093 0.683480 0.667395 0.653588 0.641855 0.632032 0.623985 0.617610 0.612826 0.613898 0.618166 0.624008 0.631497 0.640731 0.651832 0.664955 0.680290 0.698070 0.718582 0.742178 0.769292 0.800465 0.836370 0.877862 0.926032 0.982300 0.950769 0.904324 0.864191 0.829382 0.799119 0.772783 0.749876 0.729996 0.712816 0.698069 0.685537 0.675046 0.666452 0.659643 0.654533 0.651058 0.649175 0.637032 0.621686 0.608494 0.597259 0.587822 0.580054 0.573853 0.569140 0.565856 0.563960 0.563430 0.564258 0.566456 1331.000000 1.192363 0.692822
0.926032 0.982300 0.950769 0.904324 0.864191 0.829382 0.799119 0.772783 0.749876 0.729996 0.712816 0.698069 0.685537 0.675046 0.666452 0.659643 0.654533 0.651058 0.649175 0.637032 0.621686 0.608494 0.597259 0.587822 0.580054 0.573853 0.569140 0.565856 0.563960 0.563430 0.564258 0.566456 0.570050 0.575084 0.581148 0.587970 0.596408 0.606575 0.618610 0.632688 0.649021 0.667871 0.689560 0.714484 0.743135 0.776128 0.814238 0.858460 0.910079 0.919942 0.906107 0.894806 0.885891 0.879249 0.874798 0.872483 0.872276 0.874174 0.878201 0.884406 0.892866 0.903687 0.910657 0.831924 0.767423 0.713800 0.668687 0.630366 0.597561 0.569305 0.544854 0.523626 0.505161 0.489093 0.479733 0.480548 0.482529 0.485702 0.490105 0.495795 0.502843 0.511345 0.521416 0.533203 0.546883 0.562675 0.580846 0.601729 0.625732 0.653370 0.685289 0.722317 0.765524 0.816320 0.876599 0.948958 1.000000 0.940768 0.890186 0.846701 0.809125 0.776533 0.748199 0.723541 0.702093 0.683480 0.667395 0.653588 0.641855 0.632032 0.623985 0.617610 0.612826 0.613898 0.618166 0.624008 0.631497 0.640731 0.651832 0.664955 0.680290 0.698070 0.718582 0.742178 0.769292 0.800465 0.836370 0.877862 1331.000000 1.192363 0.692822
1.000000 0.940768 0.890186 0.846701 0.809125 0.776533 0.748199 0.723541 0.702093 0.683480 0.667395 0.653588 0.641855 0.632032 0.623985 0.617610 0.612826 0.613898 0.618166 0.624008 0.631497 0.640731 0.651832 0.664955 0.680290 0.698070 0.718582 0.742178 0.769292 0.800465 0.836370 0.877862 0.926032 0.982300 0.950769 0.904324 0.864191 0.829382 0.799119 0.772783 0.749876 0.729996 0.712816 0.698069 0.685537 0.675046 0.666452 0.659643 0.654533 0.651058 0.649175 0.637032 0.621686 0.608494 0.597259 0.587822 0.580054 0.573853 0.569140 0.565856 0.563960 0.563430 0.564258 0.566456 0.570050 0.575084 0.581148 0.587970 0.596408 0.606575 0.618610 0.632688 0.649021 0.667871 0.689560 0.714484 0.743135 0.776128 0.814238 0.858460 0.910079 0.919942 0.906107 0.894806 0.885891 0.879249 0.874798 0.872483 0.872276 0.874174 0.878201 0.884406 0.892866 0.903687 0.910657 0.831924 0.767423 0.713800 0.668687 0.630366 0.597561 0.569305 0.544854 0.523626 0.505161 0.489093 0.479733 0.480548 0.482529 0.485702 0.490105 0.495795 0.502843 0.511345 0.521416 0.533203 0.546883 0.562675 0.580846 0.601729 0.625732 0.653370 0.685289 0.722317 0.765524 0.816320 0.876599 0.948958 1331.000000 1.192363 0.692822
1.000000 0.968176 0.940511 0.916529 0.895845 0.878142 0.863165 0.850705 0.840596 0.832707 0.826938 0.823218 0.821502 0.794668 0.769166 0.746992 0.727766 0.711175 0.696965 0.684929 0.674901 0.666745 0.660355 0.655652 0.652576 0.651089 0.651175 0.652834 0.656086 0.660970 0.667548 0.675904 0.686144 0.693202 0.691562 0.691591 0.693291 0.696682 0.701806 0.708725 0.717528 0.728328 0.741273 0.756541 0.774356 0.794991 0.818783 0.846145 0.877585 0.897265 0.875337 0.856469 0.840378 0.826837 0.815659 0.806696 0.799834 0.794987 0.792095 0.791124 0.792060 0.794916 0.799726 0.806549 0.815471 0.826607 0.840103 0.856143 0.874957 0.896826 0.922094 0.951185 0.982403 0.936893 0.897480 0.863244 0.833458 0.807540 0.785019 0.765515 0.748716 0.734370 0.722270 0.712251 0.704179 0.697951 0.693488 0.690735 0.689659 0.690246 0.692504 0.696461 0.702164 0.709685 0.719120 0.730593 0.736070 0.721574 0.709314 0.699120 0.690855 0.684413 0.679713 0.676695 0.675324 0.675583 0.677475 0.681023 0.686270 0.693281 0.702147 0.712981 0.725932 0.741181 0.758951 0.779519 0.803222 0.813722 0.819081 0.826516 0.836119 0.848015 0.862363 0.879359 0.899248 0.922331 0.948977 0.979639 11238.000000 1.270256 0.873453
0.736070 0.721574 0.709314 0.699120 0.690855 0.684413 0.679713 0.676695 0.675324 0.675583 0.677475 0.681023 0.686270 0.693281 0.702147 0.712981 0.725932 0.741181 0.758951 0.779519 0.803222 0.813722 0.819081 0.826516 0.836119 0.848015 0.862363 0.879359 0.899248 0.922331 0.948977 0.979639 1.000000 0.968176 0.940511 0.916529 0.895845 0.878142 0.863165 0.850705 0.840596 0.832707 0.826938 0.823218 0.821502 0.794668 0.769166 0.746992 0.727766 0.711175 0.696965 0.684929 0.674901 0.666745 0.660355 0.655652 0.652576 0.651089 0.651175 0.652834 0.656086 0.660970 0.667548 0.675904 0.686144 0.693202 0.691562 0.691591 0.693291 0.696682 0.701806 0.708725 0.717528 0.728328 0.741273 0.756541 0.774356 0.794991 0.818783 0.846145 0.877585 0.897265 0.875337 0.856469 0.840378 0.826837 0.815659 0.806696 0.799834 0.794987 0.792095 0.791124 0.792060 0.794916 0.799726 0.806549 0.815471 0.826607 0.840103 0.856143 0.874957 0.896826 0.922094 0.951185 0.982403 0.936893 0.897480 0.863244 0.833458 0.807540 0.785019 0.765515 0.748716 0.734370 0.722270 0.712251 0.704179 0.697951 0.693488 0.690735 0.689659 0.690246 0.692504 0.696461 0.702164 0.709685 0.719120 0.730593 11238.000000 1.270256 0.873453
0.815471 0.826607 0.840103 0.856143 0.874957 0.896826 0.922094 0.951185 0.982403 0.936893 0.897480 0.863244 0.833458 0.807540 0.785019 0.765515 0.748716 0.734370 0.722270 0.712251 0.704179 0.697951 0.693488 0.690735 0.689659 0.690246 0.692504 0.696461 0.702164 0.709685 0.719120 0.730593 0.736070 0.721574 0.709314 0.699120 0.690855 0.684413 0.679713 0.676695 0.675324 0.675583 0.677475 0.681023 0.686270 0.693281 0.702147 0.712981 0.725932 0.741181 0.758951 0.779519 0.803222 0.813722 0.819081 0.826516 0.836119 0.848015 0.862363 0.879359 0.899248 0.922331 0.948977 0.979639 1.000000 0.968176 0.940511 0.916529 0.895845 0.878142 0.863165 0.850705 0.840596 0.832707 0.826938 0.823218 0.821502 0.794668 0.769166 0.746992 0.727766 0.711175 0.696965 0.684929 0.674901 0.666745 0.660355 0.655652 0.652576 0.651089 0.651175 0.652834 0.656086 0.660970 0.667548 0.675904 0.686144 0.693202 0.691562 0.691591 0.693291 0.696682 0.701806 0.708725 0.717528 0.728328 0.741273 0.756541 0.774356 0.794991 0.818783 0.846145 0.877585 0.897265 0.875337 0.856469 0.840378 0.826837 0.815659 0.806696 0.799834 0.794987 0.792095 0.791124 0.792060 0.794916 0.799726 0.806549 11238.000000 1.270256 0.873453
0.686144 0.693202 0.691562 0.691591 0.693291 0.696682 0.701806 0.708725 0.717528 0.728328 0.741273 0.756541 0.774356 0.794991 0.818783 0.846145 0.877585 0.897265 0.875337 0.856469 0.840378 0.826837 0.815659 0.806696 0.799834 0.794987 0.792095 0.791124 0.792060 0.794916 0.799726 0.806549 0.815471 0.826607 0.840103 0.856143 0.874957 0.896826 0.922094 0.951185 0.982403 0.936893 0.897480 0.863244 0.833458 0.807540 0.785019 0.765515 0.748716 0.734370 0.722270 0.712251 0.704179 0.697951 0.693488 0.690735 0.689659 0.690246 0.692504 0.696461 0.702164 0.709685 0.719120 0.730593 0.736070 0.721574 0.709314 0.699120 0.690855 0.684413 0.679713 0.676695 0.675324 0.675583 0.677475 0.681023 0.686270 0.693281 0.702147 0.712981 0.725932 0.741181 0.758951 0.779519 0.803222 0.813722 0.819081 0.826516 0.836119 0.848015 0.862363 0.879359 0.899248 0.922331 0.948977 0.979639 1.000000 0.968176 0.940511 0.916529 0.895845 0.878142 0.863165 0.850705 0.840596 0.832707 0.826938 0.823218 0.821502 0.794668 0.769166 0.746992 0.727766 0.711175 0.696965 0.684929 0.674901 0.666745 0.660355 0.655652 0.652576 0.651089 0.651175 0.652834 0.656086 0.660970 0.667548 0.675904 11238.000000 1.270256 0.873453
0.576644 0.618730 0.669182 0.730508 0.806348 0.770281 0.732764 0.700341 0.672217 0.647764 0.626484 0.607976 0.591915 0.578038 0.566129 0.556013 0.547548 0.540620 0.535139 0.531033 0.528254 0.526765 0.526550 0.527606 0.529945 0.533596 0.538604 0.545033 0.552965 0.562507 0.573790 0.586978 0.602272 0.619918 0.640218 0.663544 0.690361 0.721248 0.693465 0.643065 0.600845 0.565104 0.534592 0.508368 0.485712 0.466065 0.448984 0.434120 0.421191 0.409969 0.400268 0.391939 0.384857 0.378923 0.374057 0.370195 0.367287 0.365299 0.364204 0.363990 0.364654 0.366204 0.368660 0.372051 0.376420 0.381824 0.388335 0.396042 0.405056 0.415515 0.427586 0.441475 0.457435 0.475781 0.496908 0.521312 0.549630 0.582686 0.621565 0.667726 0.723177 0.790749 0.874573 0.980921 1.000000 0.881896 0.790446 0.717746 0.658746 0.610068 0.569366 0.534963 0.505630 0.480443 0.458699 0.439852 0.423473 0.409220 0.396820 0.386052 0.376737 0.368728 0.361906 0.356174 0.351455 0.347686 0.344819 0.342817 0.341657 0.341325 0.341815 0.343135 0.345301 0.348338 0.352285 0.357194 0.363128 0.370169 0.378419 0.388001 0.399067 0.411804 0.426442 0.443266 0.462632 0.484990 0.510912 0.541139 1857.500000 1.645873 0.553557
0.423473 0.409220 0.396820 0.386052 0.376737 0.368728 0.361906 0.356174 0.351455 0.347686 0.344819 0.342817 0.341657 0.341325 0.341815 0.343135 0.345301 0.348338 0.352285 0.357194 0.363128 0.370169 0.378419 0.388001 0.399067 0.411804 0.426442 0.443266 0.462632 0.484990 0.510912 0.541139 0.576644 0.618730 0.669182 0.730508 0.806348 0.770281 0.732764 0.700341 0.672217 0.647764 0.626484 0.607976 0.591915 0.578038 0.566129 0.556013 0.547548 0.540620 0.535139 0.531033 0.528254 0.526765 0.526550 0.527606 0.529945 0.533596 0.538604 0.545033 0.552965 0.562507 0.573790 0.586978 0.602272 0.619918 0.640218 0.663544 0.690361 0.721248 0.693465 0.643065 0.600845 0.565104 0.534592 0.508368 0.485712 0.466065 0.448984 0.434120 0.421191 0.409969 0.400268 0.391939 0.384857 0.378923 0.374057 0.370195 0.367287 0.365299 0.364204 0.363990 0.364654 0.366204 0.368660 0.372051 0.376420 0.381824 0.388335 0.396042 0.405056 0.415515 0.427586 0.441475 0.457435 0.475781 0.496908 0.521312 0.549630 0.582686 0.621565 0.667726 0.723177 0.790749 0.874573 0.980921 1.000000 0.881896 0.790446 0.717746 0.658746 0.610068 0.569366 0.534963 0.505630 0.480443 0.458699 0.439852 1857.500000 1.645873 0.553557
0.376420 0.381824 0.388335 0.396042 0.405056 0.415515 0.427586 0.441475 0.457435 0.475781 0.496908 0.521312 0.549630 0.582686 0.621565 0.667726 0.723177 0.790749 0.874573 0.980921 1.000000 0.881896 0.790446 0.717746 0.658746 0.610068 0.569366 0.534963 0.505630 0.480443 0.458699 0.439852 0.423473 0.409220 0.396820 0.386052 0.376737 0.368728 0.361906 0.356174 0.351455 0.347686 0.344819 0.342817 0.341657 0.341325 0.341815 0.343135 0.345301 0.348338 0.352285 0.357194 0.363128 0.370169 0.378419 0.388001 0.399067 0.411804 0.426442 0.443266 0.462632 0.484990 0.510912 0.541139 0.576644 0.618730 0.669182 0.730508 0.806348 0.770281 0.732764 0.700341 0.672217 0.647764 0.626484 0.607976 0.591915 0.578038 0.566129 0.556013 0.547548 0.540620 0.535139 0.531033 0.528254 0.526765 0.526550 0.527606 0.529945 0.533596 0.538604 0.545033 0.552965 0.562507 0.573790 0.586978 0.602272 0.619918 0.640218 0.663544 0.690361 0.721248 0.693465 0.643065 0.600845 0.565104 0.534592 0.508368 0.485712 0.466065 0.448984 0.434120 0.421191 0.409969 0.400268 0.391939 0.384857 0.378923 0.374057 0.370195 0.367287 0.365299 0.364204 0.363990 0.364654 0.366204 0.368660 0.372051 1857.500000 1.645873 0.553557
0.602272 0.619918 0.640218 0.663544 0.690361 0.721248 0.693465 0.643065 0.600845 0.565104 0.534592 0.508368 0.485712 0.466065 0.448984 0.434120 0.421191 0.409969 0.400268 0.391939 0.384857 0.378923 0.374057 0.370195 0.367287 0.365299 0.364204 0.363990 0.364654 0.366204 0.368660 0.372051 0.376420 0.381824 0.388335 0.396042 0.405056 0.415515 0.427586 0.441475 0.457435 0.475781 0.496908 0.521312 0.549630 0.582686 0.621565 0.667726 0.723177 0.790749 0.874573 0.980921 1.000000 0.881896 0.790446 0.717746 0.658746 0.610068 0.569366 0.534963 0.505630 0.480443 0.458699 0.439852 0.423473 0.409220 0.396820 0.386052 0.376737 0.368728 0.361906 0.356174 0.351455 0.347686 0.344819 0.342817 0.341657 0.341325 0.341815 0.343135 0.345301 0.348338 0.352285 0.357194 0.363128 0.370169 0.378419 0.388001 0.399067 0.411804 0.426442 0.443266 0.462632 0.484990 0.510912 0.541139 0.576644 0.618730 0.669182 0.730508 0.806348 0.770281 0.732764 0.700341 0.672217 0.647764 0.626484 0.607976 0.591915 0.578038 0.566129 0.556013 0.547548 0.540620 0.535139 0.531033 0.528254 0.526765 0.526550 0.527606 0.529945 0.533596 0.538604 0.545033 0.552965 0.562507 0.573790 0.586978 1857.500000 1.645873 0.553557
0.756039 0.718142 0.685436 0.657093 0.632465 0.611034 0.592389 0.576195 0.562181 0.550126 0.539851 0.531209 0.524082 0.518375 0.514017 0.510952 0.509143 0.508567 0.509218 0.511104 0.514247 0.518686 0.524477 0.531694 0.521980 0.512187 0.503946 0.497145 0.491694 0.487523 0.484580 0.482828 0.482246 0.482828 0.484580 0.487523 0.491694 0.497145 0.503189 0.506663 0.511425 0.517537 0.525077 0.534145 0.544868 0.557400 0.571933 0.588701 0.607990 0.630155 0.655637 0.684986 0.718899 0.758267 0.804247 0.858363 0.922672 1.000000 0.937146 0.871159 0.815689 0.768601 0.728312 0.693624 0.663616 0.637569 0.614915 0.595200 0.578060 0.563198 0.550374 0.538058 0.516450 0.497664 0.481315 0.467096 0.454756 0.444095 0.434945 0.427173 0.420670 0.415348 0.411136 0.407982 0.405846 0.404703 0.404538 0.405349 0.407146 0.409951 0.413799 0.418738 0.424832 0.432274 0.441395 0.452021 0.464317 0.478486 0.494777 0.513496 0.535027 0.559851 0.588577 0.621990 0.661113 0.707307 0.762416 0.789906 0.768284 0.749572 0.733475 0.719752 0.708208 0.698685 0.691057 0.685227 0.681122 0.678691 0.677905 0.678753 0.681248 0.685417 0.691314 0.699012 0.708610 0.720234 0.734043 0.750235 1871.500000 1.435404 0.723913
0.464317 0.478486 0.494777 0.513496 0.535027 0.559851 0.588577 0.621990 0.661113 0.707307 0.762416 0.789906 0.768284 0.749572 0.733475 0.719752 0.708208 0.698685 0.691057 0.685227 0.681122 0.678691 0.677905 0.678753 0.681248 0.685417 0.691314 0.699012 0.708610 0.720234 0.734043 0.750235 0.756039 0.718142 0.685436 0.657093 0.632465 0.611034 0.592389 0.576195 0.562181 0.550126 0.539851 0.531209 0.524082 0.518375 0.514017 0.510952 0.509143 0.508567 0.509218 0.511104 0.514247 0.518686 0.524477 0.531694 0.521980 0.512187 0.503946 0.497145 0.491694 0.487523 0.484580 0.482828 0.482246 0.482828 0.484580 0.487523 0.491694 0.497145 0.503189 0.506663 0.511425 0.517537 0.525077 0.534145 0.544868 0.557400 0.571933 0.588701 0.607990 0.630155 0.655637 0.684986 0.718899 0.758267 0.804247 0.858363 0.922672 1.000000 0.937146 0.871159 0.815689 0.768601 0.728312 0.693624 0.663616 0.637569 0.614915 0.595200 0.578060 0.563198 0.550374 0.538058 0.516450 0.497664 0.481315 0.467096 0.454756 0.444095 0.434945 0.427173 0.420670 0.415348 0.411136 0.407982 0.405846 0.404703 0.404538 0.405349 0.407146 0.409951 0.413799 0.418738 0.424832 0.432274 0.441395 0.452021 1871.500000 1.435404 0.723913
0.663616 0.637569 0.614915 0.595200 0.578060 0.563198 0.550374 0.538058 0.516450 0.497664 0.481315 0.467096 0.454756 0.444095 0.434945 0.427173 0.420670 0.415348 0.411136 0.407982 0.405846 0.404703 0.404538 0.405349 0.407146 0.409951 0.413799 0.418738 0.424832 0.432274 0.441395 0.452021 0.464317 0.478486 0.494777 0.513496 0.535027 0.559851 0.588577 0.621990 0.661113 0.707307 0.762416 0.789906 0.768284 0.749572 0.733475 0.719752 0.708208 0.698685 0.691057 0.685227 0.681122 0.678691 0.677905 0.678753 0.681248 0.685417 0.691314 0.699012 0.708610 0.720234 0.734043 0.750235 0.756039 0.718142 0.685436 0.657093 0.632465 0.611034 0.592389 0.576195 0.562181 0.550126 0.539851 0.531209 0.524082 0.518375 0.514017 0.510952 0.509143 0.508567 0.509218 0.511104 0.514247 0.518686 0.524477 0.531694 0.521980 0.512187 0.503946 0.497145 0.491694 0.487523 0.484580 0.482828 0.482246 0.482828 0.484580 0.487523 0.491694 0.497145 0.503189 0.506663 0.511425 0.517537 0.525077 0.534145 0.544868 0.557400 0.571933 0.588701 0.607990 0.630155 0.655637 0.684986 0.718899 0.758267 0.804247 0.858363 0.922672 1.000000 0.937146 0.871159 0.815689 0.768601 0.728312 0.693624 1871.500000 1.435404 0.723913
0.482246 0.482828 0.484580 0.487523 0.491694 0.497145 0.503189 0.506663 0.511425 0.517537 0.525077 0.534145 0.544868 0.557400 0.571933 0.588701 0.607990 0.630155 0.655637 0.684986 0.718899 0.758267 0.804247 0.858363 0.922672 1.000000 0.937146 0.871159 0.815689 0.768601 0.728312 0.693624 0.663616 0.637569 0.614915 0.595200 0.578060 0.563198 0.550374 0.538058 0.516450 0.497664 0.481315 0.467096 0.454756 0.444095 0.434945 0.427173 0.420670 0.415348 0.411136 0.407982 0.405846 0.404703 0.404538 0.405349 0.407146 0.409951 0.413799 0.418738 0.424832 0.432274 0.441395 0.452021 0.464317 0.478486 0.494777 0.513496 0.535027 0.559851 0.588577 0.621990 0.661113 0.707307 0.762416 0.789906 0.768284 0.749572 0.733475 0.719752 0.708208 0.698685 0.691057 0.685227 0.681122 0.678691 0.677905 0.678753 0.681248 0.685417 0.691314 0.699012 0.708610 0.720234 0.734043 0.750235 0.756039 0.718142 0.685436 0.657093 0.632465 0.611034 0.592389 0.576195 0.562181 0.550126 0.539851 0.531209 0.524082 0.518375 0.514017 0.510952 0.509143 0.508567 0.509218 0.511104 0.514247 0.518686 0.524477 0.531694 0.521980 0.512187 0.503946 0.497145 0.491694 0.487523 0.484580 0.482828 1871.500000 1.435404 0.723913
0.771421 0.761134 0.752907 0.746636 0.742242 0.739671 0.738891 0.739894 0.742691 0.747316 0.753827 0.762305 0.772858 0.785628 0.800787 0.818555 0.839196 0.863038 0.890482 0.922023 0.958274 1.000000 0.995256 0.949822 0.910452 0.876243 0.846477 0.820579 0.798084 0.778615 0.761865 0.747584 0.735568 0.725652 0.717706 0.711628 0.707342 0.704795 0.703956 0.704815 0.707383 0.711690 0.717789 0.725757 0.735697 0.747739 0.762048 0.778829 0.798331 0.820864 0.814339 0.797361 0.782924 0.770824 0.760898 0.753015 0.747075 0.743005 0.740753 0.740292 0.741618 0.744746 0.749715 0.756585 0.765443 0.776403 0.789612 0.796104 0.791632 0.789100 0.788477 0.789757 0.792954 0.798108 0.805282 0.814566 0.826080 0.839977 0.856448 0.875729 0.898113 0.920348 0.892502 0.868321 0.847404 0.829422 0.814108 0.801244 0.790656 0.782204 0.775779 0.771303 0.768719 0.767996 0.769126 0.772122 0.777020 0.783882 0.792793 0.803867 0.817253 0.833132 0.851733 0.844210 0.820383 0.799737 0.781943 0.766730 0.753879 0.743213 0.734589 0.727897 0.723052 0.719994 0.718685 0.719111 0.721276 0.725206 0.730950 0.738580 0.748191 0.759911 0.773898 0.790349 0.809507 0.816183 0.798755 0.783905 1678.000000 1.124715 0.876687
0.777020 0.783882 0.792793 0.803867 0.817253 0.833132 0.851733 0.844210 0.820383 0.799737 0.781943 0.766730 0.753879 0.743213 0.734589 0.727897 0.723052 0.719994 0.718685 0.719111 0.721276 0.725206 0.730950 0.738580 0.748191 0.759911 0.773898 0.790349 0.809507 0.816183 0.798755 0.783905 0.771421 0.761134 0.752907 0.746636 0.742242 0.739671 0.738891 0.739894 0.742691 0.747316 0.753827 0.762305 0.772858 0.785628 0.800787 0.818555 0.839196 0.863038 0.890482 0.922023 0.958274 1.000000 0.995256 0.949822 0.910452 0.876243 0.846477 0.820579 0.798084 0.778615 0.761865 0.747584 0.735568 0.725652 0.717706 0.711628 0.707342 0.704795 0.703956 0.704815 0.707383 0.711690 0.717789 0.725757 0.735697 0.747739 0.762048 0.778829 0.798331 0.820864 0.814339 0.797361 0.782924 0.770824 0.760898 0.753015 0.747075 0.743005 0.740753 0.740292 0.741618 0.744746 0.749715 0.756585 0.765443 0.776403 0.789612 0.796104 0.791632 0.789100 0.788477 0.789757 0.792954 0.798108 0.805282 0.814566 0.826080 0.839977 0.856448 0.875729 0.898113 0.920348 0.892502 0.868321 0.847404 0.829422 0.814108 0.801244 0.790656 0.782204 0.775779 0.771303 0.768719 0.767996 0.769126 0.772122 1678.000000 1.124715 0.876687
0.765443 0.776403 0.789612 0.796104 0.791632 0.789100 0.788477 0.789757 0.792954 0.798108 0.805282 0.814566 0.826080 0.839977 0.856448 0.875729 0.898113 0.920348 0.892502 0.868321 0.847404 0.829422 0.814108 0.801244 0.790656 0.782204 0.775779 0.771303 0.768719 0.767996 0.769126 0.772122 0.777020 0.783882 0.792793 0.803867 0.817253 0.833132 0.851733 0.844210 0.820383 0.799737 0.781943 0.766730 0.753879 0.743213 0.734589 0.727897 0.723052 0.719994 0.718685 0.719111 0.721276 0.725206 0.730950 0.738580 0.748191 0.759911 0.773898 0.790349 0.809507 0.816183 0.798755 0.783905 0.771421 0.761134 0.752907 0.746636 0.742242 0.739671 0.738891 0.739894 0.742691 0.747316 0.753827 0.762305 0.772858 0.785628 0.800787 0.818555 0.839196 0.863038 0.890482 0.922023 0.958274 1.000000 0.995256 0.949822 0.910452 0.876243 0.846477 0.820579 0.798084 0.778615 0.761865 0.747584 0.735568 0.725652 0.717706 0.711628 0.707342 0.704795 0.703956 0.704815 0.707383 0.711690 0.717789 0.725757 0.735697 0.747739 0.762048 0.778829 0.798331 0.820864 0.814339 0.797361 0.782924 0.770824 0.760898 0.753015 0.747075 0.743005 0.740753 0.740292 0.741618 0.744746 0.749715 0.756585 1678.000000 1.124715 0.876687
0.735568 0.725652 0.717706 0.711628 0.707342 0.704795 0.703956 0.704815 0.707383 0.711690 0.717789 0.725757 0.735697 0.747739 0.762048 0.778829 0.798331 0.820864 0.814339 0.797361 0.782924 0.770824 0.760898 0.753015 0.747075 0.743005 0.740753 0.740292 0.741618 0.744746 0.749715 0.756585 0.765443 0.776403 0.789612 0.796104 0.791632 0.789100 0.788477 0.789757 0.792954 0.798108 0.805282 0.814566 0.826080 0.839977 0.856448 0.875729 0.898113 0.920348 0.892502 0.868321 0.847404 0.829422 0.814108 0.801244 0.790656 0.782204 0.775779 0.771303 0.768719 0.767996 0.769126 0.772122 0.777020 0.783882 0.792793 0.803867 0.817253 0.833132 0.851733 0.844210 0.820383 0.799737 0.781943 0.766730 0.753879 0.743213 0.734589 0.727897 0.723052 0.719994 0.718685 0.719111 0.721276 0.725206 0.730950 0.738580 0.748191 0.759911 0.773898 0.790349 0.809507 0.816183 0.798755 0.783905 0.771421 0.761134 0.752907 0.746636 0.742242 0.739671 0.738891 0.739894 0.742691 0.747316 0.753827 0.762305 0.772858 0.785628 0.800787 0.818555 0.839196 0.863038 0.890482 0.922023 0.958274 1.000000 0.995256 0.949822 0.910452 0.876243 0.846477 0.820579 0.798084 0.778615 0.761865 0.747584 1678.000000 1.124715 0.876687
0.789275 0.752720 0.721061 0.693562 0.669636 0.648818 0.630728 0.615061 0.601568 0.590045 0.580327 0.572281 0.565798 0.560797 0.557214 0.555005 0.554144 0.554619 0.556436 0.559618 0.564204 0.570251 0.577836 0.587058 0.598044 0.610949 0.625964 0.643325 0.663320 0.686304 0.712716 0.718096 0.687515 0.660959 0.637858 0.617755 0.600282 0.585142 0.572091 0.560931 0.551501 0.543671 0.537337 0.532417 0.528848 0.526587 0.525607 0.525894 0.527453 0.530303 0.534478 0.540031 0.547032 0.555573 0.565769 0.577765 0.591737 0.607902 0.626527 0.647939 0.672545 0.700848 0.733482 0.771253 0.815196 0.866663 0.927451 1.000000 0.957333 0.888886 0.831444 0.782746 0.741123 0.705317 0.674361 0.647503 0.624148 0.603823 0.586148 0.570814 0.557571 0.546214 0.536578 0.528527 0.521953 0.516770 0.512912 0.510332 0.508998 0.508894 0.510018 0.512384 0.516021 0.520975 0.527307 0.535099 0.544457 0.555510 0.568419 0.564871 0.557630 0.551885 0.547562 0.544609 0.542988 0.542681 0.543683 0.546006 0.549680 0.554748 0.561276 0.569347 0.579069 0.590576 0.604034 0.619648 0.637668 0.658400 0.682225 0.709612 0.741150 0.777583 0.819859 0.869212 0.927263 0.939222 0.881117 0.831668 7854.000000 1.462784 0.701324
0.544457 0.555510 0.568419 0.564871 0.557630 0.551885 0.547562 0.544609 0.542988 0.542681 0.543683 0.546006 0.549680 0.554748 0.561276 0.569347 0.579069 0.590576 0.604034 0.619648 0.637668 0.658400 0.682225 0.709612 0.741150 0.777583 0.819859 0.869212 0.927263 0.939222 0.881117 0.831668 0.789275 0.752720 0.721061 0.693562 0.669636 0.648818 0.630728 0.615061 0.601568 0.590045 0.580327 0.572281 0.565798 0.560797 0.557214 0.555005 0.554144 0.554619 0.556436 0.559618 0.564204 0.570251 0.577836 0.587058 0.598044 0.610949 0.625964 0.643325 0.663320 0.686304 0.712716 0.718096 0.687515 0.660959 0.637858 0.617755 0.600282 0.585142 0.572091 0.560931 0.551501 0.543671 0.537337 0.532417 0.528848 0.526587 0.525607 0.525894 0.527453 0.530303 0.534478 0.540031 0.547032 0.555573 0.565769 0.577765 0.591737 0.607902 0.626527 0.647939 0.672545 0.700848 0.733482 0.771253 0.815196 0.866663 0.927451 1.000000 0.957333 0.888886 0.831444 0.782746 0.741123 0.705317 0.674361 0.647503 0.624148 0.603823 0.586148 0.570814 0.557571 0.546214 0.536578 0.528527 0.521953 0.516770 0.512912 0.510332 0.508998 0.508894 0.510018 0.512384 0.516021 0.520975 0.527307 0.535099 7854.000000 1.462784 0.701324
0.815196 0.866663 0.927451 1.000000 0.957333 0.888886 0.831444 0.782746 0.741123 0.705317 0.674361 0.647503 0.624148 0.603823 0.586148 0.570814 0.557571 0.546214 0.536578 0.528527 0.521953 0.516770 0.512912 0.510332 0.508998 0.508894 0.510018 0.512384 0.516021 0.520975 0.527307 0.535099 0.544457 0.555510 0.568419 0.564871 0.557630 0.551885 0.547562 0.544609 0.542988 0.542681 0.543683 0.546006 0.549680 0.554748 0.561276 0.569347 0.579069 0.590576 0.604034 0.619648 0.637668 0.658400 0.682225 0.709612 0.741150 0.777583 0.819859 0.869212 0.927263 0.939222 0.881117 0.831668 0.789275 0.752720 0.721061 0.693562 0.669636 0.648818 0.630728 0.615061 0.601568 0.590045 0.580327 0.572281 0.565798 0.560797 0.557214 0.555005 0.554144 0.554619 0.556436 0.559618 0.564204 0.570251 0.577836 0.587058 0.598044 0.610949 0.625964 0.643325 0.663320 0.686304 0.712716 0.718096 0.687515 0.660959 0.637858 0.617755 0.600282 0.585142 0.572091 0.560931 0.551501 0.543671 0.537337 0.532417 0.528848 0.526587 0.525607 0.525894 0.527453 0.530303 0.534478 0.540031 0.547032 0.555573 0.565769 0.577765 0.591737 0.607902 0.626527 0.647939 0.672545 0.700848 0.733482 0.771253 7854.000000 1.462784 0.701324
0.687515 0.660959 0.637858 0.617755 0.600282 0.585142 0.572091 0.560931 0.551501 0.543671 0.537337 0.532417 0.528848 0.526587 0.525607 0.525894 0.527453 0.530303 0.534478 0.540031 0.547032 0.555573 0.565769 0.577765 0.591737 0.607902 0.626527 0.647939 0.672545 0.700848 0.733482 0.771253 0.815196 0.866663 0.927451 1.000000 0.957333 0.888886 0.831444 0.782746 0.741123 0.705317 0.674361 0.647503 0.624148 0.603823 0.586148 0.570814 0.557571 0.546214 0.536578 0.528527 0.521953 0.516770 0.512912 0.510332 0.508998 0.508894 0.510018 0.512384 0.516021 0.520975 0.527307 0.535099 0.544457 0.555510 0.568419 0.564871 0.557630 0.551885 0.547562 0.544609 0.542988 0.542681 0.543683 0.546006 0.549680 0.554748 0.561276 0.569347 0.579069 0.590576 0.604034 0.619648 0.637668 0.658400 0.682225 0.709612 0.741150 0.777583 0.819859 0.869212 0.927263 0.939222 0.881117 0.831668 0.789275 0.752720 0.721061 0.693562 0.669636 0.648818 0.630728 0.615061 0.601568 0.590045 0.580327 0.572281 0.565798 0.560797 0.557214 0.555005 0.554144 0.554619 0.556436 0.559618 0.564204 0.570251 0.577836 0.587058 0.598044 0.610949 0.625964 0.643325 0.663320 0.686304 0.712716 0.718096 7854.000000 1.462784 0.701324
0.852878 0.846971 0.843164 0.841408 0.841683 0.843992 0.848363 0.854850 0.863533 0.874523 0.887963 0.904035 0.922963 0.945026 0.970566 1.000000 0.999111 0.953475 0.913931 0.879571 0.849674 0.823662 0.801067 0.781512 0.764687 0.750340 0.738268 0.730425 0.726961 0.725268 0.725326 0.727136 0.730720 0.736122 0.743408 0.752672 0.764033 0.777644 0.793696 0.812423 0.834114 0.859120 0.887878 0.919319 0.886767 0.858439 0.833812 0.812461 0.794041 0.778271 0.764922 0.753809 0.744783 0.737726 0.732551 0.729191 0.727608 0.727780 0.729711 0.733424 0.738965 0.746401 0.755828 0.767369 0.781178 0.797450 0.816423 0.838389 0.863055 0.850126 0.839572 0.831254 0.825068 0.820936 0.818808 0.818658 0.820484 0.824309 0.830179 0.838167 0.848374 0.860932 0.876010 0.893816 0.905878 0.891281 0.879232 0.869571 0.862174 0.856949 0.853832 0.852784 0.853794 0.856872 0.862057 0.869412 0.879030 0.891033 0.905581 0.922872 0.900618 0.860789 0.826239 0.796201 0.770059 0.747323 0.727594 0.710547 0.695919 0.683495 0.673099 0.664592 0.657862 0.652825 0.649416 0.647595 0.650948 0.658165 0.667168 0.678078 0.691043 0.706248 0.723920 0.744338 0.767846 0.794863 0.825914 0.860955 1188.000000 1.179881 0.859231
0.879030 0.891033 0.905581 0.922872 0.900618 0.860789 0.826239 0.796201 0.770059 0.747323 0.727594 0.710547 0.695919 0.683495 0.673099 0.664592 0.657862 0.652825 0.649416 0.647595 0.650948 0.658165 0.667168 0.678078 0.691043 0.706248 0.723920 0.744338 0.767846 0.794863 0.825914 0.860955 0.852878 0.846971 0.843164 0.841408 0.841683 0.843992 0.848363 0.854850 0.863533 0.874523 0.887963 0.904035 0.922963 0.945026 0.970566 1.000000 0.999111 0.953475 0.913931 0.879571 0.849674 0.823662 0.801067 0.781512 0.764687 0.750340 0.738268 0.730425 0.726961 0.725268 0.725326 0.727136 0.730720 0.736122 0.743408 0.752672 0.764033 0.777644 0.793696 0.812423 0.834114 0.859120 0.887878 0.919319 0.886767 0.858439 0.833812 0.812461 0.794041 0.778271 0.764922 0.753809 0.744783 0.737726 0.732551 0.729191 0.727608 0.727780 0.729711 0.733424 0.738965 0.746401 0.755828 0.767369 0.781178 0.797450 0.816423 0.838389 0.863055 0.850126 0.839572 0.831254 0.825068 0.820936 0.818808 0.818658 0.820484 0.824309 0.830179 0.838167 0.848374 0.860932 0.876010 0.893816 0.905878 0.891281 0.879232 0.869571 0.862174 0.856949 0.853832 0.852784 0.853794 0.856872 0.862057 0.869412 1188.000000 1.179881 0.859231
0.781178 0.797450 0.816423 0.838389 0.863055 0.850126 0.839572 0.831254 0.825068 0.820936 0.818808 0.818658 0.820484 0.824309 0.830179 0.838167 0.848374 0.860932 0.876010 0.893816 0.905878 0.891281 0.879232 0.869571 0.862174 0.856949 0.853832 0.852784 0.853794 0.856872 0.862057 0.869412 0.879030 0.891033 0.905581 0.922872 0.900618 0.860789 0.826239 0.796201 0.770059 0.747323 0.727594 0.710547 0.695919 0.683495 0.673099 0.664592 0.657862 0.652825 0.649416 0.647595 0.650948 0.658165 0.667168 0.678078 0.691043 0.706248 0.723920 0.744338 0.767846 0.794863 0.825914 0.860955 0.852878 0.846971 0.843164 0.841408 0.841683 0.843992 0.848363 0.854850 0.863533 0.874523 0.887963 0.904035 0.922963 0.945026 0.970566 1.000000 0.999111 0.953475 0.913931 0.879571 0.849674 0.823662 0.801067 0.781512 0.764687 0.750340 0.738268 0.730425 0.726961 0.725268 0.725326 0.727136 0.730720 0.736122 0.743408 0.752672 0.764033 0.777644 0.793696 0.812423 0.834114 0.859120 0.887878 0.919319 0.886767 0.858439 0.833812 0.812461 0.794041 0.778271 0.764922 0.753809 0.744783 0.737726 0.732551 0.729191 0.727608 0.727780 0.729711 0.733424 0.738965 0.746401 0.755828 0.767369 1188.000000 1.179881 0.859231
0.730720 0.736122 0.743408 0.752672 0.764033 0.777644 0.793696 0.812423 0.834114 0.859120 0.887878 0.919319 0.886767 0.858439 0.833812 0.812461 0.794041 0.778271 0.764922 0.753809 0.744783 0.737726 0.732551 0.729191 0.727608 0.727780 0.729711 0.733424 0.738965 0.746401 0.755828 0.767369 0.781178 0.797450 0.816423 0.838389 0.863055 0.850126 0.839572 0.831254 0.825068 0.820936 0.818808 0.818658 0.820484 0.824309 0.830179 0.838167 0.848374 0.860932 0.876010 0.893816 0.905878 0.891281 0.879232 0.869571 0.862174 0.856949 0.853832 0.852784 0.853794 0.856872 0.862057 0.869412 0.879030 0.891033 0.905581 0.922872 0.900618 0.860789 0.826239 0.796201 0.770059 0.747323 0.727594 0.710547 0.695919 0.683495 0.673099 0.664592 0.657862 0.652825 0.649416 0.647595 0.650948 0.658165 0.667168 0.678078 0.691043 0.706248 0.723920 0.744338 0.767846 0.794863 0.825914 0.860955 0.852878 0.846971 0.843164 0.841408 0.841683 0.843992 0.848363 0.854850 0.863533 0.874523 0.887963 0.904035 0.922963 0.945026 0.970566 1.000000 0.999111 0.953475 0.913931 0.879571 0.849674 0.823662 0.801067 0.781512 0.764687 0.750340 0.738268 0.730425 0.726961 0.725268 0.725326 0.727136 1188.000000 1.179881 0.859231
0.852310 0.848129 0.846018 0.845950 0.847925 0.851966 0.858123 0.866472 0.877119 0.890202 0.905897 0.924423 0.946048 0.971105 1.000000 0.936412 0.867059 0.809085 0.760094 0.718330 0.682474 0.651522 0.624696 0.601383 0.581097 0.563448 0.548121 0.534861 0.523458 0.513743 0.505577 0.498850 0.494144 0.491650 0.490357 0.490249 0.491324 0.493596 0.497091 0.501855 0.507946 0.515443 0.524448 0.535085 0.547509 0.561909 0.578518 0.597623 0.619576 0.644817 0.673893 0.707501 0.746529 0.792135 0.845846 0.874891 0.860772 0.849114 0.839764 0.832601 0.827537 0.824507 0.823477 0.824433 0.827386 0.832374 0.839456 0.848722 0.860291 0.874314 0.890985 0.910540 0.933271 0.901646 0.859899 0.823744 0.792338 0.765014 0.741238 0.720579 0.702687 0.687278 0.674119 0.663022 0.653834 0.646433 0.640724 0.636636 0.634117 0.633137 0.633685 0.635766 0.639407 0.644652 0.651566 0.660237 0.670781 0.683339 0.695429 0.677713 0.662434 0.649358 0.638296 0.629095 0.621632 0.615810 0.611555 0.608816 0.607558 0.607766 0.609444 0.612610 0.617305 0.623585 0.631533 0.641250 0.647345 0.653615 0.661618 0.671457 0.683263 0.697202 0.713476 0.732334 0.754083 0.779096 0.807840 0.840888 18776.000000 1.390908 0.799843
0.670781 0.683339 0.695429 0.677713 0.662434 0.649358 0.638296 0.629095 0.621632 0.615810 0.611555 0.608816 0.607558 0.607766 0.609444 0.612610 0.617305 0.623585 0.631533 0.641250 0.647345 0.653615 0.661618 0.671457 0.683263 0.697202 0.713476 0.732334 0.754083 0.779096 0.807840 0.840888 0.852310 0.848129 0.846018 0.845950 0.847925 0.851966 0.858123 0.866472 0.877119 0.890202 0.905897 0.924423 0.946048 0.971105 1.000000 0.936412 0.867059 0.809085 0.760094 0.718330 0.682474 0.651522 0.624696 0.601383 0.581097 0.563448 0.548121 0.534861 0.523458 0.513743 0.505577 0.498850 0.494144 0.491650 0.490357 0.490249 0.491324 0.493596 0.497091 0.501855 0.507946 0.515443 0.524448 0.535085 0.547509 0.561909 0.578518 0.597623 0.619576 0.644817 0.673893 0.707501 0.746529 0.792135 0.845846 0.874891 0.860772 0.849114 0.839764 0.832601 0.827537 0.824507 0.823477 0.824433 0.827386 0.832374 0.839456 0.848722 0.860291 0.874314 0.890985 0.910540 0.933271 0.901646 0.859899 0.823744 0.792338 0.765014 0.741238 0.720579 0.702687 0.687278 0.674119 0.663022 0.653834 0.646433 0.640724 0.636636 0.634117 0.633137 0.633685 0.635766 0.639407 0.644652 0.651566 0.660237 18776.000000 1.390908 0.799843
0.827386 0.832374 0.839456 0.848722 0.860291 0.874314 0.890985 0.910540 0.933271 0.901646 0.859899 0.823744 0.792338 0.765014 0.741238 0.720579 0.702687 0.687278 0.674119 0.663022 0.653834 0.646433 0.640724 0.636636 0.634117 0.633137 0.633685 0.635766 0.639407 0.644652 0.651566 0.660237 0.670781 0.683339 0.695429 0.677713 0.662434 0.649358 0.638296 0.629095 0.621632 0.615810 0.611555 0.608816 0.607558 0.607766 0.609444 0.612610 0.617305 0.623585 0.631533 0.641250 0.647345 0.653615 0.661618 0.671457 0.683263 0.697202 0.713476 0.732334 0.754083 0.779096 0.807840 0.840888 0.852310 0.848129 0.846018 0.845950 0.847925 0.851966 0.858123 0.866472 0.877119 0.890202 0.905897 0.924423 0.946048 0.971105 1.000000 0.936412 0.867059 0.809085 0.760094 0.718330 0.682474 0.651522 0.624696 0.601383 0.581097 0.563448 0.548121 0.534861 0.523458 0.513743 0.505577 0.498850 0.494144 0.491650 0.490357 0.490249 0.491324 0.493596 0.497091 0.501855 0.507946 0.515443 0.524448 0.535085 0.547509 0.561909 0.578518 0.597623 0.619576 0.644817 0.673893 0.707501 0.746529 0.792135 0.845846 0.874891 0.860772 0.849114 0.839764 0.832601 0.827537 0.824507 0.823477 0.824433 18776.000000 1.390908 0.799843
0.494144 0.491650 0.490357 0.490249 0.491324 0.493596 0.497091 0.501855 0.507946 0.515443 0.524448 0.535085 0.547509 0.561909 0.578518 0.597623 0.619576 0.644817 0.673893 0.707501 0.746529 0.792135 0.845846 0.874891 0.860772 0.849114 0.839764 0.832601 0.827537 0.824507 0.823477 0.824433 0.827386 0.832374 0.839456 0.848722 0.860291 0.874314 0.890985 0.910540 0.933271 0.901646 0.859899 0.823744 0.792338 0.765014 0.741238 0.720579 0.702687 0.687278 0.674119 0.663022 0.653834 0.646433 0.640724 0.636636 0.634117 0.633137 0.633685 0.635766 0.639407 0.644652 0.651566 0.660237 0.670781 0.683339 0.695429 0.677713 0.662434 0.649358 0.638296 0.629095 0.621632 0.615810 0.611555 0.608816 0.607558 0.607766 0.609444 0.612610 0.617305 0.623585 0.631533 0.641250 0.647345 0.653615 0.661618 0.671457 0.683263 0.697202 0.713476 0.732334 0.754083 0.779096 0.807840 0.840888 0.852310 0.848129 0.846018 0.845950 0.847925 0.851966 0.858123 0.866472 0.877119 0.890202 0.905897 0.924423 0.946048 0.971105 1.000000 0.936412 0.867059 0.809085 0.760094 0.718330 0.682474 0.651522 0.624696 0.601383 0.581097 0.563448 0.548121 0.534861 0.523458 0.513743 0.505577 0.498850 18776.000000 1.390908 0.799843
0.821186 0.847807 0.878399 0.855803 0.833648 0.814524 0.798138 0.784250 0.772666 0.763232 0.755824 0.750349 0.746739 0.744949 0.744959 0.746767 0.750396 0.755891 0.763319 0.772775 0.784381 0.798294 0.814707 0.833861 0.856048 0.881631 0.911052 0.941052 0.905747 0.875026 0.848298 0.825083 0.804993 0.787710 0.772977 0.760583 0.750360 0.742172 0.735915 0.731510 0.728902 0.728061 0.728976 0.731659 0.736141 0.742478 0.750749 0.761061 0.773550 0.788386 0.805782 0.804018 0.781253 0.761527 0.744521 0.729979 0.717689 0.707483 0.699224 0.692805 0.688145 0.685188 0.683896 0.684255 0.686268 0.689960 0.695376 0.702584 0.711676 0.722769 0.736016 0.751601 0.769756 0.790761 0.814963 0.842788 0.874762 0.911540 0.953945 1.000000 0.957906 0.921342 0.889531 0.861851 0.837798 0.816967 0.799024 0.783700 0.770775 0.760071 0.751445 0.744787 0.740013 0.737064 0.735904 0.736520 0.738918 0.743128 0.749202 0.757214 0.767269 0.779497 0.794065 0.811180 0.831095 0.834660 0.809754 0.788135 0.769445 0.753395 0.739746 0.728306 0.718920 0.711465 0.705846 0.701993 0.699859 0.699418 0.700664 0.703612 0.708299 0.714783 0.723144 0.733491 0.745962 0.760729 0.778004 0.798050 6965.500000 1.120114 0.851629
0.738918 0.743128 0.749202 0.757214 0.767269 0.779497 0.794065 0.811180 0.831095 0.834660 0.809754 0.788135 0.769445 0.753395 0.739746 0.728306 0.718920 0.711465 0.705846 0.701993 0.699859 0.699418 0.700664 0.703612 0.708299 0.714783 0.723144 0.733491 0.745962 0.760729 0.778004 0.798050 0.821186 0.847807 0.878399 0.855803 0.833648 0.814524 0.798138 0.784250 0.772666 0.763232 0.755824 0.750349 0.746739 0.744949 0.744959 0.746767 0.750396 0.755891 0.763319 0.772775 0.784381 0.798294 0.814707 0.833861 0.856048 0.881631 0.911052 0.941052 0.905747 0.875026 0.848298 0.825083 0.804993 0.787710 0.772977 0.760583 0.750360 0.742172 0.735915 0.731510 0.728902 0.728061 0.728976 0.731659 0.736141 0.742478 0.750749 0.761061 0.773550 0.788386 0.805782 0.804018 0.781253 0.761527 0.744521 0.729979 0.717689 0.707483 0.699224 0.692805 0.688145 0.685188 0.683896 0.684255 0.686268 0.689960 0.695376 0.702584 0.711676 0.722769 0.736016 0.751601 0.769756 0.790761 0.814963 0.842788 0.874762 0.911540 0.953945 1.000000 0.957906 0.921342 0.889531 0.861851 0.837798 0.816967 0.799024 0.783700 0.770775 0.760071 0.751445 0.744787 0.740013 0.737064 0.735904 0.736520 6965.500000 1.120114 0.851629
0.686268 0.689960 0.695376 0.702584 0.711676 0.722769 0.736016 0.751601 0.769756 0.790761 0.814963 0.842788 0.874762 0.911540 0.953945 1.000000 0.957906 0.921342 0.889531 0.861851 0.837798 0.816967 0.799024 0.783700 0.770775 0.760071 0.751445 0.744787 0.740013 0.737064 0.735904 0.736520 0.738918 0.743128 0.749202 0.757214 0.767269 0.779497 0.794065 0.811180 0.831095 0.834660 0.809754 0.788135 0.769445 0.753395 0.739746 0.728306 0.718920 0.711465 0.705846 0.701993 0.699859 0.699418 0.700664 0.703612 0.708299 0.714783 0.723144 0.733491 0.745962 0.760729 0.778004 0.798050 0.821186 0.847807 0.878399 0.855803 0.833648 0.814524 0.798138 0.784250 0.772666 0.763232 0.755824 0.750349 0.746739 0.744949 0.744959 0.746767 0.750396 0.755891 0.763319 0.772775 0.784381 0.798294 0.814707 0.833861 0.856048 0.881631 0.911052 0.941052 0.905747 0.875026 0.848298 0.825083 0.804993 0.787710 0.772977 0.760583 0.750360 0.742172 0.735915 0.731510 0.728902 0.728061 0.728976 0.731659 0.736141 0.742478 0.750749 0.761061 0.773550 0.788386 0.805782 0.804018 0.781253 0.761527 0.744521 0.729979 0.717689 0.707483 0.699224 0.692805 0.688145 0.685188 0.683896 0.684255 6965.500000 1.120114 0.851629
0.804993 0.787710 0.772977 0.760583 0.750360 0.742172 0.735915 0.731510 0.728902 0.728061 0.728976 0.731659 0.736141 0.742478 0.750749 0.761061 0.773550 0.788386 0.805782 0.804018 0.781253 0.761527 0.744521 0.729979 0.717689 0.707483 0.699224 0.692805 0.688145 0.685188 0.683896 0.684255 0.686268 0.689960 0.695376 0.702584 0.711676 0.722769 0.736016 0.751601 0.769756 0.790761 0.814963 0.842788 0.874762 0.911540 0.953945 1.000000 0.957906 0.921342 0.889531 0.861851 0.837798 0.816967 0.799024 0.783700 0.770775 0.760071 0.751445 0.744787 0.740013 0.737064 0.735904 0.736520 0.738918 0.743128 0.749202 0.757214 0.767269 0.779497 0.794065 0.811180 0.831095 0.834660 0.809754 0.788135 0.769445 0.753395 0.739746 0.728306 0.718920 0.711465 0.705846 0.701993 0.699859 0.699418 0.700664 0.703612 0.708299 0.714783 0.723144 0.733491 0.745962 0.760729 0.778004 0.798050 0.821186 0.847807 0.878399 0.855803 0.833648 0.814524 0.798138 0.784250 0.772666 0.763232 0.755824 0.750349 0.746739 0.744949 0.744959 0.746767 0.750396 0.755891 0.763319 0.772775 0.784381 0.798294 0.814707 0.833861 0.856048 0.881631 0.911052 0.941052 0.905747 0.875026 0.848298 0.825083 6965.500000 1.120114 0.851629
0.514142 0.517071 0.521297 0.526872 0.533868 0.542377 0.552513 0.564422 0.578278 0.594301 0.612754 0.633966 0.658343 0.686389 0.718739 0.756201 0.799817 0.850946 0.911405 0.983663 1.000000 0.941603 0.891680 0.848725 0.811584 0.779357 0.751332 0.726943 0.705734 0.687337 0.671451 0.657831 0.642969 0.629989 0.618985 0.609802 0.602317 0.596434 0.592077 0.589192 0.587744 0.587716 0.589106 0.591933 0.596231 0.602052 0.609471 0.618583 0.629512 0.622793 0.613178 0.605292 0.599031 0.594315 0.591085 0.589303 0.588945 0.590009 0.592507 0.596468 0.601943 0.609001 0.614309 0.612089 0.611351 0.612089 0.614309 0.618041 0.623328 0.630239 0.638860 0.649307 0.661722 0.676282 0.693204 0.712756 0.735266 0.761137 0.782545 0.770314 0.760263 0.752259 0.746201 0.742014 0.739644 0.739065 0.740269 0.743270 0.748105 0.754834 0.763541 0.774338 0.787370 0.787766 0.763422 0.742271 0.723958 0.708192 0.694736 0.683397 0.674020 0.666481 0.660683 0.656553 0.654040 0.653113 0.653762 0.655995 0.659837 0.665337 0.672563 0.681609 0.685067 0.657195 0.632967 0.611884 0.593543 0.577622 0.563855 0.552028 0.541965 0.533526 0.526594 0.521079 0.516911 0.514038 0.512424 0.512473 1963.000000 1.291127 0.807131
0.723958 0.708192 0.694736 0.683397 0.674020 0.666481 0.660683 0.656553 0.654040 0.653113 0.653762 0.655995 0.659837 0.665337 0.672563 0.681609 0.685067 0.657195 0.632967 0.611884 0.593543 0.577622 0.563855 0.552028 0.541965 0.533526 0.526594 0.521079 0.516911 0.514038 0.512424 0.512473 0.514142 0.517071 0.521297 0.526872 0.533868 0.542377 0.552513 0.564422 0.578278 0.594301 0.612754 0.633966 0.658343 0.686389 0.718739 0.756201 0.799817 0.850946 0.911405 0.983663 1.000000 0.941603 0.891680 0.848725 0.811584 0.779357 0.751332 0.726943 0.705734 0.687337 0.671451 0.657831 0.642969 0.629989 0.618985 0.609802 0.602317 0.596434 0.592077 0.589192 0.587744 0.587716 0.589106 0.591933 0.596231 0.602052 0.609471 0.618583 0.629512 0.622793 0.613178 0.605292 0.599031 0.594315 0.591085 0.589303 0.588945 0.590009 0.592507 0.596468 0.601943 0.609001 0.614309 0.612089 0.611351 0.612089 0.614309 0.618041 0.623328 0.630239 0.638860 0.649307 0.661722 0.676282 0.693204 0.712756 0.735266 0.761137 0.782545 0.770314 0.760263 0.752259 0.746201 0.742014 0.739644 0.739065 0.740269 0.743270 0.748105 0.754834 0.763541 0.774338 0.787370 0.787766 0.763422 0.742271 1963.000000 1.291127 0.807131
0.611351 0.612089 0.614309 0.618041 0.623328 0.630239 0.638860 0.649307 0.661722 0.676282 0.693204 0.712756 0.735266 0.761137 0.782545 0.770314 0.760263 0.752259 0.746201 0.742014 0.739644 0.739065 0.740269 0.743270 0.748105 0.754834 0.763541 0.774338 0.787370 0.787766 0.763422 0.742271 0.723958 0.708192 0.694736 0.683397 0.674020 0.666481 0.660683 0.656553 0.654040 0.653113 0.653762 0.655995 0.659837 0.665337 0.672563 0.681609 0.685067 0.657195 0.632967 0.611884 0.593543 0.577622 0.563855 0.552028 0.541965 0.533526 0.526594 0.521079 0.516911 0.514038 0.512424 0.512473 0.514142 0.517071 0.521297 0.526872 0.533868 0.542377 0.552513 0.564422 0.578278 0.594301 0.612754 0.633966 0.658343 0.686389 0.718739 0.756201 0.799817 0.850946 0.911405 0.983663 1.000000 0.941603 0.891680 0.848725 0.811584 0.779357 0.751332 0.726943 0.705734 0.687337 0.671451 0.657831 0.642969 0.629989 0.618985 0.609802 0.602317 0.596434 0.592077 0.589192 0.587744 0.587716 0.589106 0.591933 0.596231 0.602052 0.609471 0.618583 0.629512 0.622793 0.613178 0.605292 0.599031 0.594315 0.591085 0.589303 0.588945 0.590009 0.592507 0.596468 0.601943 0.609001 0.614309 0.612089 1963.000000 1.291127 0.807131
0.642969 0.629989 0.618985 0.609802 0.602317 0.596434 0.592077 0.589192 0.587744 0.587716 0.589106 0.591933 0.596231 0.602052 0.609471 0.618583 0.629512 0.622793 0.613178 0.605292 0.599031 0.594315 0.591085 0.589303 0.588945 0.590009 0.592507 0.596468 0.601943 0.609001 0.614309 0.612089 0.611351 0.612089 0.614309 0.618041 0.623328 0.630239 0.638860 0.649307 0.661722 0.676282 0.693204 0.712756 0.735266 0.761137 0.782545 0.770314 0.760263 0.752259 0.746201 0.742014 0.739644 0.739065 0.740269 0.743270 0.748105 0.754834 0.763541 0.774338 0.787370 0.787766 0.763422 0.742271 0.723958 0.708192 0.694736 0.683397 0.674020 0.666481 0.660683 0.656553 0.654040 0.653113 0.653762 0.655995 0.659837 0.665337 0.672563 0.681609 0.685067 0.657195 0.632967 0.611884 0.593543 0.577622 0.563855 0.552028 0.541965 0.533526 0.526594 0.521079 0.516911 0.514038 0.512424 0.512473 0.514142 0.517071 0.521297 0.526872 0.533868 0.542377 0.552513 0.564422 0.578278 0.594301 0.612754 0.633966 0.658343 0.686389 0.718739 0.756201 0.799817 0.850946 0.911405 0.983663 1.000000 0.941603 0.891680 0.848725 0.811584 0.779357 0.751332 0.726943 0.705734 0.687337 0.671451 0.657831 1963.000000 1.291127 0.807131
0.951036 1.000000 0.975125 0.936201 0.902355 0.872900 0.847285 0.825060 0.805864 0.789399 0.775424 0.763744 0.754200 0.746668 0.741052 0.737284 0.735316 0.735125 0.736708 0.740084 0.745296 0.752407 0.761507 0.772715 0.786179 0.802088 0.820671 0.842214 0.867063 0.895646 0.928490 0.966252 0.963574 0.920758 0.883624 0.851341 0.823246 0.798810 0.777601 0.759272 0.743537 0.730164 0.718965 0.709788 0.702514 0.697050 0.693327 0.691301 0.690946 0.692258 0.695254 0.699969 0.706462 0.714814 0.725135 0.737560 0.752263 0.769455 0.789398 0.812411 0.838888 0.869314 0.904290 0.944570 0.991104 0.969969 0.930882 0.896900 0.867327 0.841606 0.819282 0.799990 0.783430 0.769357 0.757574 0.747920 0.740271 0.734528 0.730620 0.728499 0.728140 0.729537 0.732709 0.737693 0.744551 0.753370 0.764264 0.777378 0.792893 0.811033 0.832075 0.856355 0.884290 0.916390 0.953292 0.995790 0.977092 0.931267 0.891599 0.857153 0.827188 0.801113 0.778449 0.758810 0.741881 0.727404 0.715172 0.705015 0.696798 0.690413 0.685782 0.682847 0.681572 0.681941 0.683959 0.687651 0.693062 0.700258 0.709333 0.720404 0.733622 0.749172 0.767284 0.788240 0.812384 0.840142 0.872040 0.908731 9860.000000 1.066675 0.784308
0.977092 0.931267 0.891599 0.857153 0.827188 0.801113 0.778449 0.758810 0.741881 0.727404 0.715172 0.705015 0.696798 0.690413 0.685782 0.682847 0.681572 0.681941 0.683959 0.687651 0.693062 0.700258 0.709333 0.720404 0.733622 0.749172 0.767284 0.788240 0.812384 0.840142 0.872040 0.908731 0.951036 1.000000 0.975125 0.936201 0.902355 0.872900 0.847285 0.825060 0.805864 0.789399 0.775424 0.763744 0.754200 0.746668 0.741052 0.737284 0.735316 0.735125 0.736708 0.740084 0.745296 0.752407 0.761507 0.772715 0.786179 0.802088 0.820671 0.842214 0.867063 0.895646 0.928490 0.966252 0.963574 0.920758 0.883624 0.851341 0.823246 0.798810 0.777601 0.759272 0.743537 0.730164 0.718965 0.709788 0.702514 0.697050 0.693327 0.691301 0.690946 0.692258 0.695254 0.699969 0.706462 0.714814 0.725135 0.737560 0.752263 0.769455 0.789398 0.812411 0.838888 0.869314 0.904290 0.944570 0.991104 0.969969 0.930882 0.896900 0.867327 0.841606 0.819282 0.799990 0.783430 0.769357 0.757574 0.747920 0.740271 0.734528 0.730620 0.728499 0.728140 0.729537 0.732709 0.737693 0.744551 0.753370 0.764264 0.777378 0.792893 0.811033 0.832075 0.856355 0.884290 0.916390 0.953292 0.995790 9860.000000 1.066675 0.784308
0.991104 0.969969 0.930882 0.896900 0.867327 0.841606 0.819282 0.799990 0.783430 0.769357 0.757574 0.747920 0.740271 0.734528 0.730620 0.728499 0.728140 0.729537 0.732709 0.737693 0.744551 0.753370 0.764264 0.777378 0.792893 0.811033 0.832075 0.856355 0.884290 0.916390 0.953292 0.995790 0.977092 0.931267 0.891599 0.857153 0.827188 0.801113 0.778449 0.758810 0.741881 0.727404 0.715172 0.705015 0.696798 0.690413 0.685782 0.682847 0.681572 0.681941 0.683959 0.687651 0.693062 0.700258 0.709333 0.720404 0.733622 0.749172 0.767284 0.788240 0.812384 0.840142 0.872040 0.908731 0.951036 1.000000 0.975125 0.936201 0.902355 0.872900 0.847285 0.825060 0.805864 0.789399 0.775424 0.763744 0.754200 0.746668 0.741052 0.737284 0.735316 0.735125 0.736708 0.740084 0.745296 0.752407 0.761507 0.772715 0.786179 0.802088 0.820671 0.842214 0.867063 0.895646 0.928490 0.966252 0.963574 0.920758 0.883624 0.851341 0.823246 0.798810 0.777601 0.759272 0.743537 0.730164 0.718965 0.709788 0.702514 0.697050 0.693327 0.691301 0.690946 0.692258 0.695254 0.699969 0.706462 0.714814 0.725135 0.737560 0.752263 0.769455 0.789398 0.812411 0.838888 0.869314 0.904290 0.944570 9860.000000 1.066675 0.784308
0.963574 0.920758 0.883624 0.851341 0.823246 0.798810 0.777601 0.759272 0.743537 0.730164 0.718965 0.709788 0.702514 0.697050 0.693327 0.691301 0.690946 0.692258 0.695254 0.699969 0.706462 0.714814 0.725135 0.737560 0.752263 0.769455 0.789398 0.812411 0.838888 0.869314 0.904290 0.944570 0.991104 0.969969 0.930882 0.896900 0.867327 0.841606 0.819282 0.799990 0.783430 0.769357 0.757574 0.747920 0.740271 0.734528 0.730620 0.728499 0.728140 0.729537 0.732709 0.737693 0.744551 0.753370 0.764264 0.777378 0.792893 0.811033 0.832075 0.856355 0.884290 0.916390 0.953292 0.995790 0.977092 0.931267 0.891599 0.857153 0.827188 0.801113 0.778449 0.758810 0.741881 0.727404 0.715172 0.705015 0.696798 0.690413 0.685782 0.682847 0.681572 0.681941 0.683959 0.687651 0.693062 0.700258 0.709333 0.720404 0.733622 0.749172 0.767284 0.788240 0.812384 0.840142 0.872040 0.908731 0.951036 1.000000 0.975125 0.936201 0.902355 0.872900 0.847285 0.825060 0.805864 0.789399 0.775424 0.763744 0.754200 0.746668 0.741052 0.737284 0.735316 0.735125 0.736708 0.740084 0.745296 0.752407 0.761507 0.772715 0.786179 0.802088 0.820671 0.842214 0.867063 0.895646 0.928490 0.966252 9860.000000 1.066675 0.784308
1.000000 0.910665 0.837835 0.777526 0.726950 0.684099 0.647492 0.616012 0.588804 0.565202 0.544681 0.526822 0.511290 0.497812 0.486168 0.476177 0.467693 0.460595 0.454790 0.450199 0.446766 0.444448 0.443216 0.443055 0.443963 0.445952 0.449045 0.453281 0.458713 0.465412 0.473467 0.482989 0.494118 0.507021 0.521908 0.539033 0.558712 0.581335 0.607393 0.637505 0.672462 0.713294 0.761357 0.818480 0.869010 0.813242 0.765933 0.725478 0.690662 0.660554 0.634425 0.611703 0.591928 0.574733 0.559820 0.546945 0.535911 0.526557 0.518752 0.512391 0.507393 0.503692 0.501244 0.500018 0.500000 0.501189 0.503600 0.507263 0.512222 0.518540 0.526300 0.535606 0.546587 0.559403 0.574252 0.591374 0.611066 0.633694 0.659713 0.689692 0.724353 0.764623 0.811704 0.867189 0.857075 0.792003 0.737768 0.692044 0.653139 0.619789 0.591034 0.566133 0.544503 0.525686 0.509311 0.495082 0.482759 0.472143 0.463076 0.455428 0.449092 0.443985 0.440040 0.437210 0.435458 0.434763 0.435117 0.436524 0.439001 0.442578 0.447301 0.453230 0.460442 0.469035 0.479131 0.490880 0.504466 0.520114 0.538101 0.558772 0.582553 0.609984 0.641748 0.678727 0.722073 0.773325 0.834571 0.908731 3612.000000 1.183873 0.598272
0.482759 0.472143 0.463076 0.455428 0.449092 0.443985 0.440040 0.437210 0.435458 0.434763 0.435117 0.436524 0.439001 0.442578 0.447301 0.453230 0.460442 0.469035 0.479131 0.490880 0.504466 0.520114 0.538101 0.558772 0.582553 0.609984 0.641748 0.678727 0.722073 0.773325 0.834571 0.908731 1.000000 0.910665 0.837835 0.777526 0.726950 0.684099 0.647492 0.616012 0.588804 0.565202 0.544681 0.526822 0.511290 0.497812 0.486168 0.476177 0.467693 0.460595 0.454790 0.450199 0.446766 0.444448 0.443216 0.443055 0.443963 0.445952 0.449045 0.453281 0.458713 0.465412 0.473467 0.482989 0.494118 0.507021 0.521908 0.539033 0.558712 0.581335 0.607393 0.637505 0.672462 0.713294 0.761357 0.818480 0.869010 0.813242 0.765933 0.725478 0.690662 0.660554 0.634425 0.611703 0.591928 0.574733 0.559820 0.546945 0.535911 0.526557 0.518752 0.512391 0.507393 0.503692 0.501244 0.500018 0.500000 0.501189 0.503600 0.507263 0.512222 0.518540 0.526300 0.535606 0.546587 0.559403 0.574252 0.591374 0.611066 0.633694 0.659713 0.689692 0.724353 0.764623 0.811704 0.867189 0.857075 0.792003 0.737768 0.692044 0.653139 0.619789 0.591034 0.566133 0.544503 0.525686 0.509311 0.495082 3612.000000 1.183873 0.598272
0.500000 0.501189 0.503600 0.507263 0.512222 0.518540 0.526300 0.535606 0.546587 0.559403 0.574252 0.591374 0.611066 0.633694 0.659713 0.689692 0.724353 0.764623 0.811704 0.867189 0.857075 0.792003 0.737768 0.692044 0.653139 0.619789 0.591034 0.566133 0.544503 0.525686 0.509311 0.495082 0.482759 0.472143 0.463076 0.455428 0.449092 0.443985 0.440040 0.437210 0.435458 0.434763 0.435117 0.436524 0.439001 0.442578 0.447301 0.453230 0.460442 0.469035 0.479131 0.490880 0.504466 0.520114 0.538101 0.558772 0.582553 0.609984 0.641748 0.678727 0.722073 0.773325 0.834571 0.908731 1.000000 0.910665 0.837835 0.777526 0.726950 0.684099 0.647492 0.616012 0.588804 0.565202 0.544681 0.526822 0.511290 0.497812 0.486168 0.476177 0.467693 0.460595 0.454790 0.450199 0.446766 0.444448 0.443216 0.443055 0.443963 0.445952 0.449045 0.453281 0.458713 0.465412 0.473467 0.482989 0.494118 0.507021 0.521908 0.539033 0.558712 0.581335 0.607393 0.637505 0.672462 0.713294 0.761357 0.818480 0.869010 0.813242 0.765933 0.725478 0.690662 0.660554 0.634425 0.611703 0.591928 0.574733 0.559820 0.546945 0.535911 0.526557 0.518752 0.512391 0.507393 0.503692 0.501244 0.500018 3612.000000 1.183873 0.598272
0.494118 0.507021 0.521908 0.539033 0.558712 0.581335 0.607393 0.637505 0.672462 0.713294 0.761357 0.818480 0.869010 0.813242 0.765933 0.725478 0.690662 0.660554 0.634425 0.611703 0.591928 0.574733 0.559820 0.546945 0.535911 0.526557 0.518752 0.512391 0.507393 0.503692 0.501244 0.500018 0.500000 0.501189 0.503600 0.507263 0.512222 0.518540 0.526300 0.535606 0.546587 0.559403 0.574252 0.591374 0.611066 0.633694 0.659713 0.689692 0.724353 0.764623 0.811704 0.867189 0.857075 0.792003 0.737768 0.692044 0.653139 0.619789 0.591034 0.566133 0.544503 0.525686 0.509311 0.495082 0.482759 0.472143 0.463076 0.455428 0.449092 0.443985 0.440040 0.437210 0.435458 0.434763 0.435117 0.436524 0.439001 0.442578 0.447301 0.453230 0.460442 0.469035 0.479131 0.490880 0.504466 0.520114 0.538101 0.558772 0.582553 0.609984 0.641748 0.678727 0.722073 0.773325 0.834571 0.908731 1.000000 0.910665 0.837835 0.777526 0.726950 0.684099 0.647492 0.616012 0.588804 0.565202 0.544681 0.526822 0.511290 0.497812 0.486168 0.476177 0.467693 0.460595 0.454790 0.450199 0.446766 0.444448 0.443216 0.443055 0.443963 0.445952 0.449045 0.453281 0.458713 0.465412 0.473467 0.482989 3612.000000 1.183873 0.598272
0.771910 0.802329 0.758938 0.721648 0.689434 0.661499 0.637215 0.616082 0.597700 0.581744 0.567950 0.556104 0.546031 0.537588 0.530661 0.525159 0.521012 0.518170 0.516595 0.516270 0.517191 0.519369 0.522830 0.527616 0.533789 0.541429 0.550635 0.561537 0.574290 0.589088 0.606168 0.625820 0.648404 0.674365 0.704258 0.738786 0.778848 0.825607 0.880596 0.945874 0.896627 0.818107 0.753901 0.700605 0.655822 0.617820 0.585313 0.557332 0.533129 0.512124 0.493855 0.477957 0.464134 0.452146 0.441800 0.432936 0.425426 0.419164 0.414067 0.410069 0.407118 0.405179 0.404228 0.404252 0.405253 0.407242 0.410244 0.414296 0.419450 0.425772 0.433347 0.442282 0.452706 0.464780 0.478701 0.494711 0.513107 0.534260 0.558637 0.586826 0.619582 0.657891 0.703054 0.756833 0.821663 0.901016 1.000000 0.992473 0.909032 0.840401 0.783159 0.734876 0.693775 0.658530 0.628133 0.601804 0.578932 0.559033 0.541718 0.526673 0.513646 0.502429 0.492854 0.484782 0.478104 0.472731 0.468593 0.465640 0.463833 0.463153 0.463589 0.465148 0.467848 0.471723 0.476821 0.483207 0.490965 0.500201 0.511046 0.523661 0.538245 0.555039 0.574343 0.596528 0.622054 0.651501 0.685609 0.725330 2114.000000 1.340623 0.585396
0.578932 0.559033 0.541718 0.526673 0.513646 0.502429 0.492854 0.484782 0.478104 0.472731 0.468593 0.465640 0.463833 0.463153 0.463589 0.465148 0.467848 0.471723 0.476821 0.483207 0.490965 0.500201 0.511046 0.523661 0.538245 0.555039 0.574343 0.596528 0.622054 0.651501 0.685609 0.725330 0.771910 0.802329 0.758938 0.721648 0.689434 0.661499 0.637215 0.616082 0.597700 0.581744 0.567950 0.556104 0.546031 0.537588 0.530661 0.525159 0.521012 0.518170 0.516595 0.516270 0.517191 0.519369 0.522830 0.527616 0.533789 0.541429 0.550635 0.561537 0.574290 0.589088 0.606168 0.625820 0.648404 0.674365 0.704258 0.738786 0.778848 0.825607 0.880596 0.945874 0.896627 0.818107 0.753901 0.700605 0.655822 0.617820 0.585313 0.557332 0.533129 0.512124 0.493855 0.477957 0.464134 0.452146 0.441800 0.432936 0.425426 0.419164 0.414067 0.410069 0.407118 0.405179 0.404228 0.404252 0.405253 0.407242 0.410244 0.414296 0.419450 0.425772 0.433347 0.442282 0.452706 0.464780 0.478701 0.494711 0.513107 0.534260 0.558637 0.586826 0.619582 0.657891 0.703054 0.756833 0.821663 0.901016 1.000000 0.992473 0.909032 0.840401 0.783159 0.734876 0.693775 0.658530 0.628133 0.601804 2114.000000 1.340623 0.585396
0.405253 0.407242 0.410244 0.414296 0.419450 0.425772 0.433347 0.442282 0.452706 0.464780 0.478701 0.494711 0.513107 0.534260 0.558637 0.586826 0.619582 0.657891 0.703054 0.756833 0.821663 0.901016 1.000000 0.992473 0.909032 0.840401 0.783159 0.734876 0.693775 0.658530 0.628133 0.601804 0.578932 0.559033 0.541718 0.526673 0.513646 0.502429 0.492854 0.484782 0.478104 0.472731 0.468593 0.465640 0.463833 0.463153 0.463589 0.465148 0.467848 0.471723 0.476821 0.483207 0.490965 0.500201 0.511046 0.523661 0.538245 0.555039 0.574343 0.596528 0.622054 0.651501 0.685609 0.725330 0.771910 0.802329 0.758938 0.721648 0.689434 0.661499 0.637215 0.616082 0.597700 0.581744 0.567950 0.556104 0.546031 0.537588 0.530661 0.525159 0.521012 0.518170 0.516595 0.516270 0.517191 0.519369 0.522830 0.527616 0.533789 0.541429 0.550635 0.561537 0.574290 0.589088 0.606168 0.625820 0.648404 0.674365 0.704258 0.738786 0.778848 0.825607 0.880596 0.945874 0.896627 0.818107 0.753901 0.700605 0.655822 0.617820 0.585313 0.557332 0.533129 0.512124 0.493855 0.477957 0.464134 0.452146 0.441800 0.432936 0.425426 0.419164 0.414067 0.410069 0.407118 0.405179 0.404228 0.404252 2114.000000 1.340623 0.585396
0.648404 0.674365 0.704258 0.738786 0.778848 0.825607 0.880596 0.945874 0.896627 0.818107 0.753901 0.700605 0.655822 0.617820 0.585313 0.557332 0.533129 0.512124 0.493855 0.477957 0.464134 0.452146 0.441800 0.432936 0.425426 0.419164 0.414067 0.410069 0.407118 0.405179 0.404228 0.404252 0.405253 0.407242 0.410244 0.414296 0.419450 0.425772 0.433347 0.442282 0.452706 0.464780 0.478701 0.494711 0.513107 0.534260 0.558637 0.586826 0.619582 0.657891 0.703054 0.756833 0.821663 0.901016 1.000000 0.992473 0.909032 0.840401 0.783159 0.734876 0.693775 0.658530 0.628133 0.601804 0.578932 0.559033 0.541718 0.526673 0.513646 0.502429 0.492854 0.484782 0.478104 0.472731 0.468593 0.465640 0.463833 0.463153 0.463589 0.465148 0.467848 0.471723 0.476821 0.483207 0.490965 0.500201 0.511046 0.523661 0.538245 0.555039 0.574343 0.596528 0.622054 0.651501 0.685609 0.725330 0.771910 0.802329 0.758938 0.721648 0.689434 0.661499 0.637215 0.616082 0.597700 0.581744 0.567950 0.556104 0.546031 0.537588 0.530661 0.525159 0.521012 0.518170 0.516595 0.516270 0.517191 0.519369 0.522830 0.527616 0.533789 0.541429 0.550635 0.561537 0.574290 0.589088 0.606168 0.625820 2114.000000 1.340623 0.585396
0.821770 0.901080 1.000000 0.916600 0.833237 0.765464 0.709468 0.662592 0.622935 0.589096 0.560024 0.534914 0.513142 0.494218 0.477749 0.463424 0.450987 0.440233 0.430994 0.423133 0.416540 0.411124 0.406814 0.403556 0.401309 0.400045 0.399749 0.400418 0.402059 0.404692 0.408351 0.413080 0.418941 0.426013 0.434391 0.444197 0.455579 0.468718 0.483838 0.501214 0.521187 0.544183 0.570740 0.601546 0.637490 0.679745 0.729882 0.790059 0.816652 0.769609 0.729353 0.694689 0.664699 0.638667 0.616024 0.596320 0.579189 0.564337 0.551522 0.540550 0.531261 0.523526 0.517241 0.512324 0.508715 0.506367 0.505252 0.505357 0.506683 0.509246 0.513077 0.518224 0.524753 0.532748 0.542317 0.553594 0.566744 0.581971 0.599522 0.619705 0.642896 0.669566 0.700305 0.735861 0.777192 0.818971 0.754661 0.701282 0.656432 0.618375 0.585822 0.557802 0.533566 0.512533 0.494240 0.478320 0.464479 0.452475 0.442114 0.433237 0.425716 0.419444 0.414338 0.410331 0.407373 0.405428 0.404470 0.404489 0.405485 0.407471 0.410469 0.414518 0.419668 0.425987 0.433560 0.442493 0.452915 0.464987 0.478906 0.494913 0.513306 0.534457 0.558829 0.587012 0.619762 0.658060 0.703209 0.756968 1031.000000 1.331666 0.586824
0.464479 0.452475 0.442114 0.433237 0.425716 0.419444 0.414338 0.410331 0.407373 0.405428 0.404470 0.404489 0.405485 0.407471 0.410469 0.414518 0.419668 0.425987 0.433560 0.442493 0.452915 0.464987 0.478906 0.494913 0.513306 0.534457 0.558829 0.587012 0.619762 0.658060 0.703209 0.756968 0.821770 0.901080 1.000000 0.916600 0.833237 0.765464 0.709468 0.662592 0.622935 0.589096 0.560024 0.534914 0.513142 0.494218 0.477749 0.463424 0.450987 0.440233 0.430994 0.423133 0.416540 0.411124 0.406814 0.403556 0.401309 0.400045 0.399749 0.400418 0.402059 0.404692 0.408351 0.413080 0.418941 0.426013 0.434391 0.444197 0.455579 0.468718 0.483838 0.501214 0.521187 0.544183 0.570740 0.601546 0.637490 0.679745 0.729882 0.790059 0.816652 0.769609 0.729353 0.694689 0.664699 0.638667 0.616024 0.596320 0.579189 0.564337 0.551522 0.540550 0.531261 0.523526 0.517241 0.512324 0.508715 0.506367 0.505252 0.505357 0.506683 0.509246 0.513077 0.518224 0.524753 0.532748 0.542317 0.553594 0.566744 0.581971 0.599522 0.619705 0.642896 0.669566 0.700305 0.735861 0.777192 0.818971 0.754661 0.701282 0.656432 0.618375 0.585822 0.557802 0.533566 0.512533 0.494240 0.478320 1031.000000 1.331666 0.586824
0.508715 0.506367 0.505252 0.505357 0.506683 0.509246 0.513077 0.518224 0.524753 0.532748 0.542317 0.553594 0.566744 0.581971 0.599522 0.619705 0.642896 0.669566 0.700305 0.735861 0.777192 0.818971 0.754661 0.701282 0.656432 0.618375 0.585822 0.557802 0.533566 0.512533 0.494240 0.478320 0.464479 0.452475 0.442114 0.433237 0.425716 0.419444 0.414338 0.410331 0.407373 0.405428 0.404470 0.404489 0.405485 0.407471 0.410469 0.414518 0.419668 0.425987 0.433560 0.442493 0.452915 0.464987 0.478906 0.494913 0.513306 0.534457 0.558829 0.587012 0.619762 0.658060 0.703209 0.756968 0.821770 0.901080 1.000000 0.916600 0.833237 0.765464 0.709468 0.662592 0.622935 0.589096 0.560024 0.534914 0.513142 0.494218 0.477749 0.463424 0.450987 0.440233 0.430994 0.423133 0.416540 0.411124 0.406814 0.403556 0.401309 0.400045 0.399749 0.400418 0.402059 0.404692 0.408351 0.413080 0.418941 0.426013 0.434391 0.444197 0.455579 0.468718 0.483838 0.501214 0.521187 0.544183 0.570740 0.601546 0.637490 0.679745 0.729882 0.790059 0.816652 0.769609 0.729353 0.694689 0.664699 0.638667 0.616024 0.596320 0.579189 0.564337 0.551522 0.540550 0.531261 0.523526 0.517241 0.512324 1031.000000 1.331666 0.586824
0.418941 0.426013 0.434391 0.444197 0.455579 0.468718 0.483838 0.501214 0.521187 0.544183 0.570740 0.601546 0.637490 0.679745 0.729882 0.790059 0.816652 0.769609 0.729353 0.694689 0.664699 0.638667 0.616024 0.596320 0.579189 0.564337 0.551522 0.540550 0.531261 0.523526 0.517241 0.512324 0.508715 0.506367 0.505252 0.505357 0.506683 0.509246 0.513077 0.518224 0.524753 0.532748 0.542317 0.553594 0.566744 0.581971 0.599522 0.619705 0.642896 0.669566 0.700305 0.735861 0.777192 0.818971 0.754661 0.701282 0.656432 0.618375 0.585822 0.557802 0.533566 0.512533 0.494240 0.478320 0.464479 0.452475 0.442114 0.433237 0.425716 0.419444 0.414338 0.410331 0.407373 0.405428 0.404470 0.404489 0.405485 0.407471 0.410469 0.414518 0.419668 0.425987 0.433560 0.442493 0.452915 0.464987 0.478906 0.494913 0.513306 0.534457 0.558829 0.587012 0.619762 0.658060 0.703209 0.756968 0.821770 0.901080 1.000000 0.916600 0.833237 0.765464 0.709468 0.662592 0.622935 0.589096 0.560024 0.534914 0.513142 0.494218 0.477749 0.463424 0.450987 0.440233 0.430994 0.423133 0.416540 0.411124 0.406814 0.403556 0.401309 0.400045 0.399749 0.400418 0.402059 0.404692 0.408351 0.413080 1031.000000 1.331666 0.586824
0.725972 0.752230 0.712597 0.678483 0.648979 0.623373 0.601104 0.581724 0.564873 0.550259 0.537645 0.526837 0.517678 0.510039 0.503818 0.498935 0.495328 0.492951 0.491776 0.491789 0.492989 0.495392 0.499026 0.503937 0.510187 0.517857 0.527050 0.537895 0.550549 0.565208 0.582110 0.601547 0.623882 0.649565 0.679160 0.713381 0.753143 0.799641 0.854451 0.919707 0.950010 0.854976 0.778932 0.716897 0.665499 0.622376 0.585828 0.554596 0.527732 0.504510 0.484364 0.466846 0.451600 0.438342 0.426839 0.416903 0.408380 0.401146 0.395099 0.390158 0.386258 0.383349 0.381396 0.380374 0.380271 0.381086 0.382829 0.385521 0.389196 0.393899 0.399692 0.406652 0.414876 0.424483 0.435620 0.448467 0.463244 0.480225 0.499747 0.522236 0.548227 0.578407 0.613668 0.655188 0.704554 0.763957 0.836499 0.926730 1.000000 0.915518 0.846078 0.788194 0.739390 0.697861 0.662260 0.631562 0.604977 0.581885 0.561794 0.544312 0.529122 0.515965 0.504633 0.494955 0.486792 0.480032 0.474584 0.470379 0.467364 0.465501 0.464769 0.465158 0.466672 0.469331 0.473167 0.478228 0.484578 0.492301 0.501501 0.512310 0.524888 0.539431 0.556180 0.575434 0.597560 0.623017 0.652380 0.686384 3410.000000 1.405306 0.578569
0.604977 0.581885 0.561794 0.544312 0.529122 0.515965 0.504633 0.494955 0.486792 0.480032 0.474584 0.470379 0.467364 0.465501 0.464769 0.465158 0.466672 0.469331 0.473167 0.478228 0.484578 0.492301 0.501501 0.512310 0.524888 0.539431 0.556180 0.575434 0.597560 0.623017 0.652380 0.686384 0.725972 0.752230 0.712597 0.678483 0.648979 0.623373 0.601104 0.581724 0.564873 0.550259 0.537645 0.526837 0.517678 0.510039 0.503818 0.498935 0.495328 0.492951 0.491776 0.491789 0.492989 0.495392 0.499026 0.503937 0.510187 0.517857 0.527050 0.537895 0.550549 0.565208 0.582110 0.601547 0.623882 0.649565 0.679160 0.713381 0.753143 0.799641 0.854451 0.919707 0.950010 0.854976 0.778932 0.716897 0.665499 0.622376 0.585828 0.554596 0.527732 0.504510 0.484364 0.466846 0.451600 0.438342 0.426839 0.416903 0.408380 0.401146 0.395099 0.390158 0.386258 0.383349 0.381396 0.380374 0.380271 0.381086 0.382829 0.385521 0.389196 0.393899 0.399692 0.406652 0.414876 0.424483 0.435620 0.448467 0.463244 0.480225 0.499747 0.522236 0.548227 0.578407 0.613668 0.655188 0.704554 0.763957 0.836499 0.926730 1.000000 0.915518 0.846078 0.788194 0.739390 0.697861 0.662260 0.631562 3410.000000 1.405306 0.578569
0.380271 0.381086 0.382829 0.385521 0.389196 0.393899 0.399692 0.406652 0.414876 0.424483 0.435620 0.448467 0.463244 0.480225 0.499747 0.522236 0.548227 0.578407 0.613668 0.655188 0.704554 0.763957 0.836499 0.926730 1.000000 0.915518 0.846078 0.788194 0.739390 0.697861 0.662260 0.631562 0.604977 0.581885 0.561794 0.544312 0.529122 0.515965 0.504633 0.494955 0.486792 0.480032 0.474584 0.470379 0.467364 0.465501 0.464769 0.465158 0.466672 0.469331 0.473167 0.478228 0.484578 0.492301 0.501501 0.512310 0.524888 0.539431 0.556180 0.575434 0.597560 0.623017 0.652380 0.686384 0.725972 0.752230 0.712597 0.678483 0.648979 0.623373 0.601104 0.581724 0.564873 0.550259 0.537645 0.526837 0.517678 0.510039 0.503818 0.498935 0.495328 0.492951 0.491776 0.491789 0.492989 0.495392 0.499026 0.503937 0.510187 0.517857 0.527050 0.537895 0.550549 0.565208 0.582110 0.601547 0.623882 0.649565 0.679160 0.713381 0.753143 0.799641 0.854451 0.919707 0.950010 0.854976 0.778932 0.716897 0.665499 0.622376 0.585828 0.554596 0.527732 0.504510 0.484364 0.466846 0.451600 0.438342 0.426839 0.416903 0.408380 0.401146 0.395099 0.390158 0.386258 0.383349 0.381396 0.380374 3410.000000 1.405306 0.578569
0.623882 0.649565 0.679160 0.713381 0.753143 0.799641 0.854451 0.919707 0.950010 0.854976 0.778932 0.716897 0.665499 0.622376 0.585828 0.554596 0.527732 0.504510 0.484364 0.466846 0.451600 0.438342 0.426839 0.416903 0.408380 0.401146 0.395099 0.390158 0.386258 0.383349 0.381396 0.380374 0.380271 0.381086 0.382829 0.385521 0.389196 0.393899 0.399692 0.406652 0.414876 0.424483 0.435620 0.448467 0.463244 0.480225 0.499747 0.522236 0.548227 0.578407 0.613668 0.655188 0.704554 0.763957 0.836499 0.926730 1.000000 0.915518 0.846078 0.788194 0.739390 0.697861 0.662260 0.631562 0.604977 0.581885 0.561794 0.544312 0.529122 0.515965 0.504633 0.494955 0.486792 0.480032 0.474584 0.470379 0.467364 0.465501 0.464769 0.465158 0.466672 0.469331 0.473167 0.478228 0.484578 0.492301 0.501501 0.512310 0.524888 0.539431 0.556180 0.575434 0.597560 0.623017 0.652380 0.686384 0.725972 0.752230 0.712597 0.678483 0.648979 0.623373 0.601104 0.581724 0.564873 0.550259 0.537645 0.526837 0.517678 0.510039 0.503818 0.498935 0.495328 0.492951 0.491776 0.491789 0.492989 0.495392 0.499026 0.503937 0.510187 0.517857 0.527050 0.537895 0.550549 0.565208 0.582110 0.601547 3410.000000 1.405306 0.578569
0.939047 0.888085 0.844299 0.806480 0.773687 0.745182 0.720377 0.698799 0.680067 0.663870 0.649957 0.638120 0.628193 0.620041 0.613557 0.608659 0.605285 0.603393 0.602961 0.603984 0.606474 0.610462 0.615996 0.623146 0.632004 0.642689 0.655347 0.670160 0.687353 0.707200 0.730038 0.756284 0.786451 0.821187 0.861303 0.907839 0.962141 0.994152 0.942135 0.897345 0.858595 0.824958 0.795702 0.770242 0.748107 0.728916 0.712358 0.698180 0.686176 0.676179 0.668056 0.661701 0.657034 0.653996 0.652552 0.652682 0.654390 0.657695 0.662637 0.669280 0.677706 0.688026 0.697028 0.683594 0.672258 0.662862 0.655282 0.649420 0.645202 0.642577 0.641513 0.641996 0.644033 0.647648 0.652885 0.659810 0.668512 0.679104 0.691730 0.706569 0.723840 0.743815 0.766822 0.793270 0.823663 0.858629 0.898957 0.945650 1.000000 0.993123 0.932988 0.881723 0.837711 0.799718 0.766790 0.738174 0.713273 0.691610 0.672796 0.656519 0.642522 0.630597 0.620574 0.612317 0.605717 0.600689 0.597171 0.595119 0.594509 0.595333 0.597600 0.601339 0.606596 0.613436 0.621948 0.632243 0.644464 0.658786 0.675422 0.694637 0.716755 0.742174 0.771389 0.805018 0.843837 0.888840 0.941309 0.998765 6966.000000 1.072311 0.724769
0.713273 0.691610 0.672796 0.656519 0.642522 0.630597 0.620574 0.612317 0.605717 0.600689 0.597171 0.595119 0.594509 0.595333 0.597600 0.601339 0.606596 0.613436 0.621948 0.632243 0.644464 0.658786 0.675422 0.694637 0.716755 0.742174 0.771389 0.805018 0.843837 0.888840 0.941309 0.998765 0.939047 0.888085 0.844299 0.806480 0.773687 0.745182 0.720377 0.698799 0.680067 0.663870 0.649957 0.638120 0.628193 0.620041 0.613557 0.608659 0.605285 0.603393 0.602961 0.603984 0.606474 0.610462 0.615996 0.623146 0.632004 0.642689 0.655347 0.670160 0.687353 0.707200 0.730038 0.756284 0.786451 0.821187 0.861303 0.907839 0.962141 0.994152 0.942135 0.897345 0.858595 0.824958 0.795702 0.770242 0.748107 0.728916 0.712358 0.698180 0.686176 0.676179 0.668056 0.661701 0.657034 0.653996 0.652552 0.652682 0.654390 0.657695 0.662637 0.669280 0.677706 0.688026 0.697028 0.683594 0.672258 0.662862 0.655282 0.649420 0.645202 0.642577 0.641513 0.641996 0.644033 0.647648 0.652885 0.659810 0.668512 0.679104 0.691730 0.706569 0.723840 0.743815 0.766822 0.793270 0.823663 0.858629 0.898957 0.945650 1.000000 0.993123 0.932988 0.881723 0.837711 0.799718 0.766790 0.738174 6966.000000 1.072311 0.724769
0.672258 0.662862 0.655282 0.649420 0.645202 0.642577 0.641513 0.641996 0.644033 0.647648 0.652885 0.659810 0.668512 0.679104 0.691730 0.706569 0.723840 0.743815 0.766822 0.793270 0.823663 0.858629 0.898957 0.945650 1.000000 0.993123 0.932988 0.881723 0.837711 0.799718 0.766790 0.738174 0.713273 0.691610 0.672796 0.656519 0.642522 0.630597 0.620574 0.612317 0.605717 0.600689 0.597171 0.595119 0.594509 0.595333 0.597600 0.601339 0.606596 0.613436 0.621948 0.632243 0.644464 0.658786 0.675422 0.694637 0.716755 0.742174 0.771389 0.805018 0.843837 0.888840 0.941309 0.998765 0.939047 0.888085 0.844299 0.806480 0.773687 0.745182 0.720377 0.698799 0.680067 0.663870 0.649957 0.638120 0.628193 0.620041 0.613557 0.608659 0.605285 0.603393 0.602961 0.603984 0.606474 0.610462 0.615996 0.623146 0.632004 0.642689 0.655347 0.670160 0.687353 0.707200 0.730038 0.756284 0.786451 0.821187 0.861303 0.907839 0.962141 0.994152 0.942135 0.897345 0.858595 0.824958 0.795702 0.770242 0.748107 0.728916 0.712358 0.698180 0.686176 0.676179 0.668056 0.661701 0.657034 0.653996 0.652552 0.652682 0.654390 0.657695 0.662637 0.669280 0.677706 0.688026 0.697028 0.683594 6966.000000 1.072311 0.724769
0.786451 0.821187 0.861303 0.907839 0.962141 0.994152 0.942135 0.897345 0.858595 0.824958 0.795702 0.770242 0.748107 0.728916 0.712358 0.698180 0.686176 0.676179 0.668056 0.661701 0.657034 0.653996 0.652552 0.652682 0.654390 0.657695 0.662637 0.669280 0.677706 0.688026 0.697028 0.683594 0.672258 0.662862 0.655282 0.649420 0.645202 0.642577 0.641513 0.641996 0.644033 0.647648 0.652885 0.659810 0.668512 0.679104 0.691730 0.706569 0.723840 0.743815 0.766822 0.793270 0.823663 0.858629 0.898957 0.945650 1.000000 0.993123 0.932988 0.881723 0.837711 0.799718 0.766790 0.738174 0.713273 0.691610 0.672796 0.656519 0.642522 0.630597 0.620574 0.612317 0.605717 0.600689 0.597171 0.595119 0.594509 0.595333 0.597600 0.601339 0.606596 0.613436 0.621948 0.632243 0.644464 0.658786 0.675422 0.694637 0.716755 0.742174 0.771389 0.805018 0.843837 0.888840 0.941309 0.998765 0.939047 0.888085 0.844299 0.806480 0.773687 0.745182 0.720377 0.698799 0.680067 0.663870 0.649957 0.638120 0.628193 0.620041 0.613557 0.608659 0.605285 0.603393 0.602961 0.603984 0.606474 0.610462 0.615996 0.623146 0.632004 0.642689 0.655347 0.670160 0.687353 0.707200 0.730038 0.756284 6966.000000 1.072311 0.724769
0.760944 0.794383 0.832994 0.877774 0.930010 0.991396 0.949474 0.900661 0.858590 0.822165 0.790533 0.763014 0.739068 0.718256 0.700225 0.684686 0.671405 0.660189 0.650884 0.643366 0.637537 0.633326 0.630679 0.629565 0.629970 0.631898 0.635374 0.640439 0.647157 0.655614 0.663057 0.647259 0.633687 0.622141 0.612457 0.604504 0.598177 0.593397 0.590102 0.588253 0.587827 0.588820 0.591242 0.595124 0.600514 0.607479 0.616110 0.626520 0.638853 0.653287 0.670040 0.689380 0.711634 0.737208 0.766605 0.800452 0.839541 0.884886 0.937797 1.000000 0.973294 0.915437 0.866041 0.823586 0.786906 0.755095 0.727441 0.703375 0.682442 0.664274 0.648569 0.635084 0.623621 0.614017 0.606142 0.599894 0.595193 0.591979 0.590215 0.589877 0.590963 0.593486 0.597475 0.602981 0.610073 0.618842 0.629406 0.641909 0.656533 0.673500 0.693080 0.715609 0.741498 0.771258 0.805528 0.845117 0.891055 0.863338 0.820568 0.783634 0.751615 0.723785 0.699567 0.678499 0.660207 0.644387 0.630792 0.619219 0.609505 0.601518 0.595153 0.590328 0.586984 0.585079 0.584590 0.585511 0.587853 0.591646 0.596935 0.603787 0.612290 0.622558 0.634731 0.648984 0.665532 0.684639 0.706628 0.731898 7047.000000 1.196222 0.727043
0.891055 0.863338 0.820568 0.783634 0.751615 0.723785 0.699567 0.678499 0.660207 0.644387 0.630792 0.619219 0.609505 0.601518 0.595153 0.590328 0.586984 0.585079 0.584590 0.585511 0.587853 0.591646 0.596935 0.603787 0.612290 0.622558 0.634731 0.648984 0.665532 0.684639 0.706628 0.731898 0.760944 0.794383 0.832994 0.877774 0.930010 0.991396 0.949474 0.900661 0.858590 0.822165 0.790533 0.763014 0.739068 0.718256 0.700225 0.684686 0.671405 0.660189 0.650884 0.643366 0.637537 0.633326 0.630679 0.629565 0.629970 0.631898 0.635374 0.640439 0.647157 0.655614 0.663057 0.647259 0.633687 0.622141 0.612457 0.604504 0.598177 0.593397 0.590102 0.588253 0.587827 0.588820 0.591242 0.595124 0.600514 0.607479 0.616110 0.626520 0.638853 0.653287 0.670040 0.689380 0.711634 0.737208 0.766605 0.800452 0.839541 0.884886 0.937797 1.000000 0.973294 0.915437 0.866041 0.823586 0.786906 0.755095 0.727441 0.703375 0.682442 0.664274 0.648569 0.635084 0.623621 0.614017 0.606142 0.599894 0.595193 0.591979 0.590215 0.589877 0.590963 0.593486 0.597475 0.602981 0.610073 0.618842 0.629406 0.641909 0.656533 0.673500 0.693080 0.715609 0.741498 0.771258 0.805528 0.845117 7047.000000 1.196222 0.727043
0.786906 0.755095 0.727441 0.703375 0.682442 0.664274 0.648569 0.635084 0.623621 0.614017 0.606142 0.599894 0.595193 0.591979 0.590215 0.589877 0.590963 0.593486 0.597475 0.602981 0.610073 0.618842 0.629406 0.641909 0.656533 0.673500 0.693080 0.715609 0.741498 0.771258 0.805528 0.845117 0.891055 0.863338 0.820568 0.783634 0.751615 0.723785 0.699567 0.678499 0.660207 0.644387 0.630792 0.619219 0.609505 0.601518 0.595153 0.590328 0.586984 0.585079 0.584590 0.585511 0.587853 0.591646 0.596935 0.603787 0.612290 0.622558 0.634731 0.648984 0.665532 0.684639 0.706628 0.731898 0.760944 0.794383 0.832994 0.877774 0.930010 0.991396 0.949474 0.900661 0.858590 0.822165 0.790533 0.763014 0.739068 0.718256 0.700225 0.684686 0.671405 0.660189 0.650884 0.643366 0.637537 0.633326 0.630679 0.629565 0.629970 0.631898 0.635374 0.640439 0.647157 0.655614 0.663057 0.647259 0.633687 0.622141 0.612457 0.604504 0.598177 0.593397 0.590102 0.588253 0.587827 0.588820 0.591242 0.595124 0.600514 0.607479 0.616110 0.626520 0.638853 0.653287 0.670040 0.689380 0.711634 0.737208 0.766605 0.800452 0.839541 0.884886 0.937797 1.000000 0.973294 0.915437 0.866041 0.823586 7047.000000 1.196222 0.727043
0.633687 0.622141 0.612457 0.604504 0.598177 0.593397 0.590102 0.588253 0.587827 0.588820 0.591242 0.595124 0.600514 0.607479 0.616110 0.626520 0.638853 0.653287 0.670040 0.689380 0.711634 0.737208 0.766605 0.800452 0.839541 0.884886 0.937797 1.000000 0.973294 0.915437 0.866041 0.823586 0.786906 0.755095 0.727441 0.703375 0.682442 0.664274 0.648569 0.635084 0.623621 0.614017 0.606142 0.599894 0.595193 0.591979 0.590215 0.589877 0.590963 0.593486 0.597475 0.602981 0.610073 0.618842 0.629406 0.641909 0.656533 0.673500 0.693080 0.715609 0.741498 0.771258 0.805528 0.845117 0.891055 0.863338 0.820568 0.783634 0.751615 0.723785 0.699567 0.678499 0.660207 0.644387 0.630792 0.619219 0.609505 0.601518 0.595153 0.590328 0.586984 0.585079 0.584590 0.585511 0.587853 0.591646 0.596935 0.603787 0.612290 0.622558 0.634731 0.648984 0.665532 0.684639 0.706628 0.731898 0.760944 0.794383 0.832994 0.877774 0.930010 0.991396 0.949474 0.900661 0.858590 0.822165 0.790533 0.763014 0.739068 0.718256 0.700225 0.684686 0.671405 0.660189 0.650884 0.643366 0.637537 0.633326 0.630679 0.629565 0.629970 0.631898 0.635374 0.640439 0.647157 0.655614 0.663057 0.647259 7047.000000 1.196222 0.727043
0.757137 0.660679 0.587276 0.529701 0.483468 0.445644 0.414236 0.387835 0.365426 0.346254 0.329748 0.315469 0.303076 0.292297 0.282916 0.274760 0.267688 0.261586 0.256359 0.251932 0.248243 0.245243 0.242893 0.241163 0.240032 0.239485 0.239517 0.240127 0.241323 0.243120 0.245539 0.248612 0.252379 0.256890 0.262209 0.268412 0.275597 0.283879 0.293403 0.304347 0.316932 0.331436 0.348210 0.367706 0.390511 0.417403 0.449436 0.488068 0.535377 0.594427 0.655993 0.632619 0.612277 0.594590 0.579253 0.566016 0.554678 0.545072 0.537064 0.530549 0.525440 0.521673 0.519202 0.517996 0.518041 0.519337 0.521901 0.525762 0.530970 0.537590 0.545708 0.555434 0.566903 0.580284 0.595781 0.613648 0.580483 0.526046 0.482006 0.445761 0.415516 0.389995 0.368264 0.349624 0.333545 0.319616 0.307515 0.296986 0.287825 0.279866 0.272975 0.267044 0.261982 0.257718 0.254193 0.251361 0.249184 0.247637 0.246699 0.246360 0.246615 0.247467 0.248927 0.251013 0.253750 0.257174 0.261330 0.266274 0.272077 0.278825 0.286625 0.295606 0.305930 0.317793 0.331445 0.347196 0.365443 0.386698 0.411631 0.441136 0.476434 0.519232 0.571993 0.638400 0.724225 0.839047 1.000000 0.889084 1495.000000 2.400691 0.469018
0.249184 0.247637 0.246699 0.246360 0.246615 0.247467 0.248927 0.251013 0.253750 0.257174 0.261330 0.266274 0.272077 0.278825 0.286625 0.295606 0.305930 0.317793 0.331445 0.347196 0.365443 0.386698 0.411631 0.441136 0.476434 0.519232 0.571993 0.638400 0.724225 0.839047 1.000000 0.889084 0.757137 0.660679 0.587276 0.529701 0.483468 0.445644 0.414236 0.387835 0.365426 0.346254 0.329748 0.315469 0.303076 0.292297 0.282916 0.274760 0.267688 0.261586 0.256359 0.251932 0.248243 0.245243 0.242893 0.241163 0.240032 0.239485 0.239517 0.240127 0.241323 0.243120 0.245539 0.248612 0.252379 0.256890 0.262209 0.268412 0.275597 0.283879 0.293403 0.304347 0.316932 0.331436 0.348210 0.367706 0.390511 0.417403 0.449436 0.488068 0.535377 0.594427 0.655993 0.632619 0.612277 0.594590 0.579253 0.566016 0.554678 0.545072 0.537064 0.530549 0.525440 0.521673 0.519202 0.517996 0.518041 0.519337 0.521901 0.525762 0.530970 0.537590 0.545708 0.555434 0.566903 0.580284 0.595781 0.613648 0.580483 0.526046 0.482006 0.445761 0.415516 0.389995 0.368264 0.349624 0.333545 0.319616 0.307515 0.296986 0.287825 0.279866 0.272975 0.267044 0.261982 0.257718 0.254193 0.251361 1495.000000 2.400691 0.469018
0.518041 0.519337 0.521901 0.525762 0.530970 0.537590 0.545708 0.555434 0.566903 0.580284 0.595781 0.613648 0.580483 0.526046 0.482006 0.445761 0.415516 0.389995 0.368264 0.349624 0.333545 0.319616 0.307515 0.296986 0.287825 0.279866 0.272975 0.267044 0.261982 0.257718 0.254193 0.251361 0.249184 0.247637 0.246699 0.246360 0.246615 0.247467 0.248927 0.251013 0.253750 0.257174 0.261330 0.266274 0.272077 0.278825 0.286625 0.295606 0.305930 0.317793 0.331445 0.347196 0.365443 0.386698 0.411631 0.441136 0.476434 0.519232 0.571993 0.638400 0.724225 0.839047 1.000000 0.889084 0.757137 0.660679 0.587276 0.529701 0.483468 0.445644 0.414236 0.387835 0.365426 0.346254 0.329748 0.315469 0.303076 0.292297 0.282916 0.274760 0.267688 0.261586 0.256359 0.251932 0.248243 0.245243 0.242893 0.241163 0.240032 0.239485 0.239517 0.240127 0.241323 0.243120 0.245539 0.248612 0.252379 0.256890 0.262209 0.268412 0.275597 0.283879 0.293403 0.304347 0.316932 0.331436 0.348210 0.367706 0.390511 0.417403 0.449436 0.488068 0.535377 0.594427 0.655993 0.632619 0.612277 0.594590 0.579253 0.566016 0.554678 0.545072 0.537064 0.530549 0.525440 0.521673 0.519202 0.517996 1495.000000 2.400691 0.469018
0.252379 0.256890 0.262209 0.268412 0.275597 0.283879 0.293403 0.304347 0.316932 0.331436 0.348210 0.367706 0.390511 0.417403 0.449436 0.488068 0.535377 0.594427 0.655993 0.632619 0.612277 0.594590 0.579253 0.566016 0.554678 0.545072 0.537064 0.530549 0.525440 0.521673 0.519202 0.517996 0.518041 0.519337 0.521901 0.525762 0.530970 0.537590 0.545708 0.555434 0.566903 0.580284 0.595781 0.613648 0.580483 0.526046 0.482006 0.445761 0.415516 0.389995 0.368264 0.349624 0.333545 0.319616 0.307515 0.296986 0.287825 0.279866 0.272975 0.267044 0.261982 0.257718 0.254193 0.251361 0.249184 0.247637 0.246699 0.246360 0.246615 0.247467 0.248927 0.251013 0.253750 0.257174 0.261330 0.266274 0.272077 0.278825 0.286625 0.295606 0.305930 0.317793 0.331445 0.347196 0.365443 0.386698 0.411631 0.441136 0.476434 0.519232 0.571993 0.638400 0.724225 0.839047 1.000000 0.889084 0.757137 0.660679 0.587276 0.529701 0.483468 0.445644 0.414236 0.387835 0.365426 0.346254 0.329748 0.315469 0.303076 0.292297 0.282916 0.274760 0.267688 0.261586 0.256359 0.251932 0.248243 0.245243 0.242893 0.241163 0.240032 0.239485 0.239517 0.240127 0.241323 0.243120 0.245539 0.248612 1495.000000 2.400691 0.469018
0.891593 0.837791 0.791912 0.752515 0.718502 0.689018 0.663394 0.641097 0.621698 0.604854 0.590283 0.577756 0.567088 0.558127 0.550751 0.544862 0.540387 0.537268 0.535467 0.534963 0.535750 0.537836 0.541248 0.546027 0.552233 0.559947 0.569269 0.580330 0.593286 0.606447 0.611135 0.617395 0.625307 0.634974 0.646526 0.660126 0.675975 0.694316 0.713019 0.713585 0.715879 0.719928 0.725781 0.733511 0.743218 0.755028 0.769102 0.785640 0.804886 0.827142 0.852776 0.882244 0.916106 0.955065 1.000000 0.936378 0.882274 0.835984 0.796133 0.761659 0.731736 0.705712 0.683064 0.663373 0.646299 0.631565 0.617008 0.604016 0.592958 0.583679 0.576052 0.569978 0.565378 0.562195 0.560390 0.559942 0.560844 0.563108 0.566761 0.571849 0.578434 0.586603 0.596464 0.608151 0.621834 0.637719 0.656058 0.677163 0.701417 0.729295 0.761391 0.776924 0.754257 0.734595 0.717617 0.703061 0.690715 0.680406 0.671995 0.665373 0.660456 0.657183 0.655513 0.655427 0.656923 0.660019 0.664754 0.671186 0.679397 0.689492 0.701608 0.715912 0.732614 0.751969 0.752579 0.753431 0.756109 0.760645 0.767095 0.775539 0.786086 0.798876 0.814082 0.831921 0.852659 0.876624 0.904216 0.935930 844.500000 1.392035 0.797318
0.690715 0.680406 0.671995 0.665373 0.660456 0.657183 0.655513 0.655427 0.656923 0.660019 0.664754 0.671186 0.679397 0.689492 0.701608 0.715912 0.732614 0.751969 0.752579 0.753431 0.756109 0.760645 0.767095 0.775539 0.786086 0.798876 0.814082 0.831921 0.852659 0.876624 0.904216 0.935930 0.891593 0.837791 0.791912 0.752515 0.718502 0.689018 0.663394 0.641097 0.621698 0.604854 0.590283 0.577756 0.567088 0.558127 0.550751 0.544862 0.540387 0.537268 0.535467 0.534963 0.535750 0.537836 0.541248 0.546027 0.552233 0.559947 0.569269 0.580330 0.593286 0.606447 0.611135 0.617395 0.625307 0.634974 0.646526 0.660126 0.675975 0.694316 0.713019 0.713585 0.715879 0.719928 0.725781 0.733511 0.743218 0.755028 0.769102 0.785640 0.804886 0.827142 0.852776 0.882244 0.916106 0.955065 1.000000 0.936378 0.882274 0.835984 0.796133 0.761659 0.731736 0.705712 0.683064 0.663373 0.646299 0.631565 0.617008 0.604016 0.592958 0.583679 0.576052 0.569978 0.565378 0.562195 0.560390 0.559942 0.560844 0.563108 0.566761 0.571849 0.578434 0.586603 0.596464 0.608151 0.621834 0.637719 0.656058 0.677163 0.701417 0.729295 0.761391 0.776924 0.754257 0.734595 0.717617 0.703061 844.500000 1.392035 0.797318
0.646299 0.631565 0.617008 0.604016 0.592958 0.583679 0.576052 0.569978 0.565378 0.562195 0.560390 0.559942 0.560844 0.563108 0.566761 0.571849 0.578434 0.586603 0.596464 0.608151 0.621834 0.637719 0.656058 0.677163 0.701417 0.729295 0.761391 0.776924 0.754257 0.734595 0.717617 0.703061 0.690715 0.680406 0.671995 0.665373 0.660456 0.657183 0.655513 0.655427 0.656923 0.660019 0.664754 0.671186 0.679397 0.689492 0.701608 0.715912 0.732614 0.751969 0.752579 0.753431 0.756109 0.760645 0.767095 0.775539 0.786086 0.798876 0.814082 0.831921 0.852659 0.876624 0.904216 0.935930 0.891593 0.837791 0.791912 0.752515 0.718502 0.689018 0.663394 0.641097 0.621698 0.604854 0.590283 0.577756 0.567088 0.558127 0.550751 0.544862 0.540387 0.537268 0.535467 0.534963 0.535750 0.537836 0.541248 0.546027 0.552233 0.559947 0.569269 0.580330 0.593286 0.606447 0.611135 0.617395 0.625307 0.634974 0.646526 0.660126 0.675975 0.694316 0.713019 0.713585 0.715879 0.719928 0.725781 0.733511 0.743218 0.755028 0.769102 0.785640 0.804886 0.827142 0.852776 0.882244 0.916106 0.955065 1.000000 0.936378 0.882274 0.835984 0.796133 0.761659 0.731736 0.705712 0.683064 0.663373 844.500000 1.392035 0.797318
0.625307 0.634974 0.646526 0.660126 0.675975 0.694316 0.713019 0.713585 0.715879 0.719928 0.725781 0.733511 0.743218 0.755028 0.769102 0.785640 0.804886 0.827142 0.852776 0.882244 0.916106 0.955065 1.000000 0.936378 0.882274 0.835984 0.796133 0.761659 0.731736 0.705712 0.683064 0.663373 0.646299 0.631565 0.617008 0.604016 0.592958 0.583679 0.576052 0.569978 0.565378 0.562195 0.560390 0.559942 0.560844 0.563108 0.566761 0.571849 0.578434 0.586603 0.596464 0.608151 0.621834 0.637719 0.656058 0.677163 0.701417 0.729295 0.761391 0.776924 0.754257 0.734595 0.717617 0.703061 0.690715 0.680406 0.671995 0.665373 0.660456 0.657183 0.655513 0.655427 0.656923 0.660019 0.664754 0.671186 0.679397 0.689492 0.701608 0.715912 0.732614 0.751969 0.752579 0.753431 0.756109 0.760645 0.767095 0.775539 0.786086 0.798876 0.814082 0.831921 0.852659 0.876624 0.904216 0.935930 0.891593 0.837791 0.791912 0.752515 0.718502 0.689018 0.663394 0.641097 0.621698 0.604854 0.590283 0.577756 0.567088 0.558127 0.550751 0.544862 0.540387 0.537268 0.535467 0.534963 0.535750 0.537836 0.541248 0.546027 0.552233 0.559947 0.569269 0.580330 0.593286 0.606447 0.611135 0.617395 844.500000 1.392035 0.797318
0.898463 0.921683 0.948481 0.933478 0.905117 0.880488 0.859178 0.840853 0.825240 0.812117 0.801305 0.792662 0.786077 0.781467 0.778776 0.777972 0.779044 0.782005 0.786892 0.793765 0.802710 0.799891 0.792520 0.787163 0.783753 0.782249 0.782633 0.784908 0.789104 0.795271 0.803485 0.813853 0.826509 0.841624 0.859411 0.880132 0.904109 0.931737 0.963500 1.000000 0.977174 0.951441 0.929209 0.910135 0.893939 0.880393 0.869315 0.860559 0.854015 0.849601 0.847262 0.846972 0.848726 0.852545 0.858476 0.866592 0.876997 0.889824 0.905245 0.923473 0.919886 0.887625 0.859551 0.835149 0.814001 0.795767 0.780171 0.766986 0.756031 0.747159 0.740255 0.735233 0.732030 0.730607 0.730947 0.733055 0.736955 0.742696 0.750348 0.760010 0.771808 0.785901 0.802487 0.821811 0.844173 0.869940 0.899565 0.933607 0.972762 0.970376 0.944192 0.921547 0.902085 0.885517 0.871608 0.860170 0.851052 0.844137 0.839339 0.836600 0.835886 0.837188 0.840523 0.845930 0.853476 0.863257 0.875398 0.890059 0.907444 0.909028 0.887538 0.869087 0.853401 0.840260 0.829485 0.820936 0.814503 0.810107 0.807693 0.807233 0.808720 0.812173 0.817634 0.825170 0.834877 0.846879 0.861336 0.878449 6189.000000 1.104054 0.884224
0.851052 0.844137 0.839339 0.836600 0.835886 0.837188 0.840523 0.845930 0.853476 0.863257 0.875398 0.890059 0.907444 0.909028 0.887538 0.869087 0.853401 0.840260 0.829485 0.820936 0.814503 0.810107 0.807693 0.807233 0.808720 0.812173 0.817634 0.825170 0.834877 0.846879 0.861336 0.878449 0.898463 0.921683 0.948481 0.933478 0.905117 0.880488 0.859178 0.840853 0.825240 0.812117 0.801305 0.792662 0.786077 0.781467 0.778776 0.777972 0.779044 0.782005 0.786892 0.793765 0.802710 0.799891 0.792520 0.787163 0.783753 0.782249 0.782633 0.784908 0.789104 0.795271 0.803485 0.813853 0.826509 0.841624 0.859411 0.880132 0.904109 0.931737 0.963500 1.000000 0.977174 0.951441 0.929209 0.910135 0.893939 0.880393 0.869315 0.860559 0.854015 0.849601 0.847262 0.846972 0.848726 0.852545 0.858476 0.866592 0.876997 0.889824 0.905245 0.923473 0.919886 0.887625 0.859551 0.835149 0.814001 0.795767 0.780171 0.766986 0.756031 0.747159 0.740255 0.735233 0.732030 0.730607 0.730947 0.733055 0.736955 0.742696 0.750348 0.760010 0.771808 0.785901 0.802487 0.821811 0.844173 0.869940 0.899565 0.933607 0.972762 0.970376 0.944192 0.921547 0.902085 0.885517 0.871608 0.860170 6189.000000 1.104054 0.884224
0.814001 0.795767 0.780171 0.766986 0.756031 0.747159 0.740255 0.735233 0.732030 0.730607 0.730947 0.733055 0.736955 0.742696 0.750348 0.760010 0.771808 0.785901 0.802487 0.821811 0.844173 0.869940 0.899565 0.933607 0.972762 0.970376 0.944192 0.921547 0.902085 0.885517 0.871608 0.860170 0.851052 0.844137 0.839339 0.836600 0.835886 0.837188 0.840523 0.845930 0.853476 0.863257 0.875398 0.890059 0.907444 0.909028 0.887538 0.869087 0.853401 0.840260 0.829485 0.820936 0.814503 0.810107 0.807693 0.807233 0.808720 0.812173 0.817634 0.825170 0.834877 0.846879 0.861336 0.878449 0.898463 0.921683 0.948481 0.933478 0.905117 0.880488 0.859178 0.840853 0.825240 0.812117 0.801305 0.792662 0.786077 0.781467 0.778776 0.777972 0.779044 0.782005 0.786892 0.793765 0.802710 0.799891 0.792520 0.787163 0.783753 0.782249 0.782633 0.784908 0.789104 0.795271 0.803485 0.813853 0.826509 0.841624 0.859411 0.880132 0.904109 0.931737 0.963500 1.000000 0.977174 0.951441 0.929209 0.910135 0.893939 0.880393 0.869315 0.860559 0.854015 0.849601 0.847262 0.846972 0.848726 0.852545 0.858476 0.866592 0.876997 0.889824 0.905245 0.923473 0.919886 0.887625 0.859551 0.835149 6189.000000 1.104054 0.884224
0.826509 0.841624 0.859411 0.880132 0.904109 0.931737 0.963500 1.000000 0.977174 0.951441 0.929209 0.910135 0.893939 0.880393 0.869315 0.860559 0.854015 0.849601 0.847262 0.846972 0.848726 0.852545 0.858476 0.866592 0.876997 0.889824 0.905245 0.923473 0.919886 0.887625 0.859551 0.835149 0.814001 0.795767 0.780171 0.766986 0.756031 0.747159 0.740255 0.735233 0.732030 0.730607 0.730947 0.733055 0.736955 0.742696 0.750348 0.760010 0.771808 0.785901 0.802487 0.821811 0.844173 0.869940 0.899565 0.933607 0.972762 0.970376 0.944192 0.921547 0.902085 0.885517 0.871608 0.860170 0.851052 0.844137 0.839339 0.836600 0.835886 0.837188 0.840523 0.845930 0.853476 0.863257 0.875398 0.890059 0.907444 0.909028 0.887538 0.869087 0.853401 0.840260 0.829485 0.820936 0.814503 0.810107 0.807693 0.807233 0.808720 0.812173 0.817634 0.825170 0.834877 0.846879 0.861336 0.878449 0.898463 0.921683 0.948481 0.933478 0.905117 0.880488 0.859178 0.840853 0.825240 0.812117 0.801305 0.792662 0.786077 0.781467 0.778776 0.777972 0.779044 0.782005 0.786892 0.793765 0.802710 0.799891 0.792520 0.787163 0.783753 0.782249 0.782633 0.784908 0.789104 0.795271 0.803485 0.813853 6189.000000 1.104054 0.884224
0.573985 0.600569 0.631329 0.667104 0.708988 0.758434 0.817409 0.888651 0.944487 0.897276 0.856525 0.821208 0.790516 0.763810 0.740575 0.720397 0.702937 0.687921 0.675126 0.664370 0.655505 0.648416 0.643010 0.639222 0.637003 0.636327 0.637186 0.639590 0.643569 0.649171 0.656467 0.665551 0.676542 0.689592 0.704886 0.705799 0.679460 0.656541 0.636601 0.619285 0.604303 0.591420 0.580444 0.571219 0.563620 0.557545 0.552918 0.549680 0.547792 0.547230 0.547989 0.550077 0.553519 0.558358 0.564655 0.572491 0.581968 0.593218 0.606401 0.621716 0.639404 0.659764 0.660211 0.645958 0.633802 0.623569 0.615120 0.608343 0.603151 0.599479 0.597281 0.596531 0.597220 0.599356 0.602966 0.608093 0.614801 0.623178 0.633332 0.645404 0.659564 0.676025 0.695046 0.716946 0.742116 0.771043 0.804333 0.842750 0.887264 0.939132 1.000000 0.943633 0.862359 0.795740 0.740332 0.693700 0.654076 0.620148 0.590920 0.565624 0.543660 0.524555 0.507930 0.493478 0.480952 0.470152 0.460911 0.453097 0.446602 0.441339 0.437239 0.434251 0.432339 0.431478 0.431658 0.432881 0.435163 0.438532 0.443028 0.448710 0.455651 0.463946 0.473710 0.485089 0.498257 0.513431 0.530878 0.550926 1732.000000 1.430073 0.702249
0.654076 0.620148 0.590920 0.565624 0.543660 0.524555 0.507930 0.493478 0.480952 0.470152 0.460911 0.453097 0.446602 0.441339 0.437239 0.434251 0.432339 0.431478 0.431658 0.432881 0.435163 0.438532 0.443028 0.448710 0.455651 0.463946 0.473710 0.485089 0.498257 0.513431 0.530878 0.550926 0.573985 0.600569 0.631329 0.667104 0.708988 0.758434 0.817409 0.888651 0.944487 0.897276 0.856525 0.821208 0.790516 0.763810 0.740575 0.720397 0.702937 0.687921 0.675126 0.664370 0.655505 0.648416 0.643010 0.639222 0.637003 0.636327 0.637186 0.639590 0.643569 0.649171 0.656467 0.665551 0.676542 0.689592 0.704886 0.705799 0.679460 0.656541 0.636601 0.619285 0.604303 0.591420 0.580444 0.571219 0.563620 0.557545 0.552918 0.549680 0.547792 0.547230 0.547989 0.550077 0.553519 0.558358 0.564655 0.572491 0.581968 0.593218 0.606401 0.621716 0.639404 0.659764 0.660211 0.645958 0.633802 0.623569 0.615120 0.608343 0.603151 0.599479 0.597281 0.596531 0.597220 0.599356 0.602966 0.608093 0.614801 0.623178 0.633332 0.645404 0.659564 0.676025 0.695046 0.716946 0.742116 0.771043 0.804333 0.842750 0.887264 0.939132 1.000000 0.943633 0.862359 0.795740 0.740332 0.693700 1732.000000 1.430073 0.702249
0.633802 0.623569 0.615120 0.608343 0.603151 0.599479 0.597281 0.596531 0.597220 0.599356 0.602966 0.608093 0.614801 0.623178 0.633332 0.645404 0.659564 0.676025 0.695046 0.716946 0.742116 0.771043 0.804333 0.842750 0.887264 0.939132 1.000000 0.943633 0.862359 0.795740 0.740332 0.693700 0.654076 0.620148 0.590920 0.565624 0.543660 0.524555 0.507930 0.493478 0.480952 0.470152 0.460911 0.453097 0.446602 0.441339 0.437239 0.434251 0.432339 0.431478 0.431658 0.432881 0.435163 0.438532 0.443028 0.448710 0.455651 0.463946 0.473710 0.485089 0.498257 0.513431 0.530878 0.550926 0.573985 0.600569 0.631329 0.667104 0.708988 0.758434 0.817409 0.888651 0.944487 0.897276 0.856525 0.821208 0.790516 0.763810 0.740575 0.720397 0.702937 0.687921 0.675126 0.664370 0.655505 0.648416 0.643010 0.639222 0.637003 0.636327 0.637186 0.639590 0.643569 0.649171 0.656467 0.665551 0.676542 0.689592 0.704886 0.705799 0.679460 0.656541 0.636601 0.619285 0.604303 0.591420 0.580444 0.571219 0.563620 0.557545 0.552918 0.549680 0.547792 0.547230 0.547989 0.550077 0.553519 0.558358 0.564655 0.572491 0.581968 0.593218 0.606401 0.621716 0.639404 0.659764 0.660211 0.645958 1732.000000 1.430073 0.702249
0.676542 0.689592 0.704886 0.705799 0.679460 0.656541 0.636601 0.619285 0.604303 0.591420 0.580444 0.571219 0.563620 0.557545 0.552918 0.549680 0.547792 0.547230 0.547989 0.550077 0.553519 0.558358 0.564655 0.572491 0.581968 0.593218 0.606401 0.621716 0.639404 0.659764 0.660211 0.645958 0.633802 0.623569 0.615120 0.608343 0.603151 0.599479 0.597281 0.596531 0.597220 0.599356 0.602966 0.608093 0.614801 0.623178 0.633332 0.645404 0.659564 0.676025 0.695046 0.716946 0.742116 0.771043 0.804333 0.842750 0.887264 0.939132 1.000000 0.943633 0.862359 0.795740 0.740332 0.693700 0.654076 0.620148 0.590920 0.565624 0.543660 0.524555 0.507930 0.493478 0.480952 0.470152 0.460911 0.453097 0.446602 0.441339 0.437239 0.434251 0.432339 0.431478 0.431658 0.432881 0.435163 0.438532 0.443028 0.448710 0.455651 0.463946 0.473710 0.485089 0.498257 0.513431 0.530878 0.550926 0.573985 0.600569 0.631329 0.667104 0.708988 0.758434 0.817409 0.888651 0.944487 0.897276 0.856525 0.821208 0.790516 0.763810 0.740575 0.720397 0.702937 0.687921 0.675126 0.664370 0.655505 0.648416 0.643010 0.639222 0.637003 0.636327 0.637186 0.639590 0.643569 0.649171 0.656467 0.665551 1732.000000 1.430073 0.702249
0.580606 0.569452 0.560043 0.552248 0.545964 0.541111 0.537627 0.535469 0.534611 0.535043 0.536770 0.539813 0.544209 0.550013 0.557299 0.566163 0.576725 0.589136 0.603578 0.620278 0.639513 0.641825 0.635448 0.630700 0.627523 0.625879 0.625746 0.627124 0.630030 0.634498 0.640584 0.648365 0.657942 0.669443 0.683028 0.698895 0.708156 0.718645 0.731237 0.746108 0.763473 0.783599 0.806811 0.833510 0.864189 0.899462 0.940099 0.987072 1.000000 0.947169 0.901704 0.862386 0.828266 0.798593 0.772771 0.750316 0.730841 0.714028 0.699619 0.687403 0.677209 0.668902 0.662372 0.657537 0.637040 0.614583 0.595040 0.578052 0.563326 0.550625 0.539756 0.530561 0.522913 0.516710 0.511870 0.508334 0.506056 0.505011 0.505184 0.506578 0.509210 0.513112 0.516290 0.519426 0.523870 0.529677 0.536923 0.545703 0.556137 0.568374 0.582596 0.599028 0.617946 0.639690 0.664679 0.693438 0.726628 0.765091 0.792155 0.790099 0.789953 0.791713 0.795401 0.801063 0.808769 0.818615 0.830730 0.845276 0.862455 0.882517 0.905769 0.932586 0.963432 0.966893 0.910181 0.861713 0.820022 0.783980 0.752710 0.725520 0.701858 0.681279 0.663426 0.648006 0.634781 0.623557 0.608824 0.593664 13275.000000 1.510704 0.800769
0.726628 0.765091 0.792155 0.790099 0.789953 0.791713 0.795401 0.801063 0.808769 0.818615 0.830730 0.845276 0.862455 0.882517 0.905769 0.932586 0.963432 0.966893 0.910181 0.861713 0.820022 0.783980 0.752710 0.725520 0.701858 0.681279 0.663426 0.648006 0.634781 0.623557 0.608824 0.593664 0.580606 0.569452 0.560043 0.552248 0.545964 0.541111 0.537627 0.535469 0.534611 0.535043 0.536770 0.539813 0.544209 0.550013 0.557299 0.566163 0.576725 0.589136 0.603578 0.620278 0.639513 0.641825 0.635448 0.630700 0.627523 0.625879 0.625746 0.627124 0.630030 0.634498 0.640584 0.648365 0.657942 0.669443 0.683028 0.698895 0.708156 0.718645 0.731237 0.746108 0.763473 0.783599 0.806811 0.833510 0.864189 0.899462 0.940099 0.987072 1.000000 0.947169 0.901704 0.862386 0.828266 0.798593 0.772771 0.750316 0.730841 0.714028 0.699619 0.687403 0.677209 0.668902 0.662372 0.657537 0.637040 0.614583 0.595040 0.578052 0.563326 0.550625 0.539756 0.530561 0.522913 0.516710 0.511870 0.508334 0.506056 0.505011 0.505184 0.506578 0.509210 0.513112 0.516290 0.519426 0.523870 0.529677 0.536923 0.545703 0.556137 0.568374 0.582596 0.599028 0.617946 0.639690 0.664679 0.693438 13275.000000 1.510704 0.800769
0.637040 0.614583 0.595040 0.578052 0.563326 0.550625 0.539756 0.530561 0.522913 0.516710 0.511870 0.508334 0.506056 0.505011 0.505184 0.506578 0.509210 0.513112 0.516290 0.519426 0.523870 0.529677 0.536923 0.545703 0.556137 0.568374 0.582596 0.599028 0.617946 0.639690 0.664679 0.693438 0.726628 0.765091 0.792155 0.790099 0.789953 0.791713 0.795401 0.801063 0.808769 0.818615 0.830730 0.845276 0.862455 0.882517 0.905769 0.932586 0.963432 0.966893 0.910181 0.861713 0.820022 0.783980 0.752710 0.725520 0.701858 0.681279 0.663426 0.648006 0.634781 0.623557 0.608824 0.593664 0.580606 0.569452 0.560043 0.552248 0.545964 0.541111 0.537627 0.535469 0.534611 0.535043 0.536770 0.539813 0.544209 0.550013 0.557299 0.566163 0.576725 0.589136 0.603578 0.620278 0.639513 0.641825 0.635448 0.630700 0.627523 0.625879 0.625746 0.627124 0.630030 0.634498 0.640584 0.648365 0.657942 0.669443 0.683028 0.698895 0.708156 0.718645 0.731237 0.746108 0.763473 0.783599 0.806811 0.833510 0.864189 0.899462 0.940099 0.987072 1.000000 0.947169 0.901704 0.862386 0.828266 0.798593 0.772771 0.750316 0.730841 0.714028 0.699619 0.687403 0.677209 0.668902 0.662372 0.657537 13275.000000 1.510704 0.800769
0.657942 0.669443 0.683028 0.698895 0.708156 0.718645 0.731237 0.746108 0.763473 0.783599 0.806811 0.833510 0.864189 0.899462 0.940099 0.987072 1.000000 0.947169 0.901704 0.862386 0.828266 0.798593 0.772771 0.750316 0.730841 0.714028 0.699619 0.687403 0.677209 0.668902 0.662372 0.657537 0.637040 0.614583 0.595040 0.578052 0.563326 0.550625 0.539756 0.530561 0.522913 0.516710 0.511870 0.508334 0.506056 0.505011 0.505184 0.506578 0.509210 0.513112 0.516290 0.519426 0.523870 0.529677 0.536923 0.545703 0.556137 0.568374 0.582596 0.599028 0.617946 0.639690 0.664679 0.693438 0.726628 0.765091 0.792155 0.790099 0.789953 0.791713 0.795401 0.801063 0.808769 0.818615 0.830730 0.845276 0.862455 0.882517 0.905769 0.932586 0.963432 0.966893 0.910181 0.861713 0.820022 0.783980 0.752710 0.725520 0.701858 0.681279 0.663426 0.648006 0.634781 0.623557 0.608824 0.593664 0.580606 0.569452 0.560043 0.552248 0.545964 0.541111 0.537627 0.535469 0.534611 0.535043 0.536770 0.539813 0.544209 0.550013 0.557299 0.566163 0.576725 0.589136 0.603578 0.620278 0.639513 0.641825 0.635448 0.630700 0.627523 0.625879 0.625746 0.627124 0.630030 0.634498 0.640584 0.648365 13275.000000 1.510704 0.800769
0.834782 0.839915 0.847165 0.856623 0.868410 0.882682 0.899635 0.919510 0.942605 0.969286 1.000000 0.990108 0.954739 0.923959 0.897195 0.873985 0.853951 0.836785 0.822237 0.810105 0.800226 0.792471 0.786742 0.782967 0.781102 0.781123 0.783030 0.786847 0.792619 0.800420 0.810348 0.787969 0.763227 0.741723 0.723093 0.707037 0.693312 0.681722 0.672105 0.664333 0.658308 0.653951 0.651211 0.650053 0.650463 0.652447 0.652384 0.648444 0.646098 0.645318 0.646094 0.648437 0.652374 0.657954 0.665246 0.674345 0.685369 0.698472 0.713838 0.731697 0.752333 0.776090 0.803394 0.834775 0.870890 0.912569 0.935854 0.919693 0.906227 0.895276 0.886696 0.880380 0.876250 0.874254 0.874369 0.876597 0.880963 0.887522 0.896355 0.907574 0.921325 0.937793 0.957208 0.979855 0.966692 0.917563 0.875193 0.838494 0.806614 0.778877 0.754742 0.733772 0.715614 0.699978 0.686629 0.675377 0.666066 0.658574 0.652803 0.648682 0.646159 0.643303 0.637707 0.633720 0.631295 0.630400 0.631027 0.633181 0.636890 0.642199 0.649174 0.657905 0.668506 0.681122 0.695932 0.712256 0.712156 0.713775 0.717133 0.722271 0.729253 0.738167 0.749128 0.762284 0.777817 0.795954 0.816973 0.831702 5648.500000 1.240053 0.868237
0.666066 0.658574 0.652803 0.648682 0.646159 0.643303 0.637707 0.633720 0.631295 0.630400 0.631027 0.633181 0.636890 0.642199 0.649174 0.657905 0.668506 0.681122 0.695932 0.712256 0.712156 0.713775 0.717133 0.722271 0.729253 0.738167 0.749128 0.762284 0.777817 0.795954 0.816973 0.831702 0.834782 0.839915 0.847165 0.856623 0.868410 0.882682 0.899635 0.919510 0.942605 0.969286 1.000000 0.990108 0.954739 0.923959 0.897195 0.873985 0.853951 0.836785 0.822237 0.810105 0.800226 0.792471 0.786742 0.782967 0.781102 0.781123 0.783030 0.786847 0.792619 0.800420 0.810348 0.787969 0.763227 0.741723 0.723093 0.707037 0.693312 0.681722 0.672105 0.664333 0.658308 0.653951 0.651211 0.650053 0.650463 0.652447 0.652384 0.648444 0.646098 0.645318 0.646094 0.648437 0.652374 0.657954 0.665246 0.674345 0.685369 0.698472 0.713838 0.731697 0.752333 0.776090 0.803394 0.834775 0.870890 0.912569 0.935854 0.919693 0.906227 0.895276 0.886696 0.880380 0.876250 0.874254 0.874369 0.876597 0.880963 0.887522 0.896355 0.907574 0.921325 0.937793 0.957208 0.979855 0.966692 0.917563 0.875193 0.838494 0.806614 0.778877 0.754742 0.733772 0.715614 0.699978 0.686629 0.675377 5648.500000 1.240053 0.868237
0.870890 0.912569 0.935854 0.919693 0.906227 0.895276 0.886696 0.880380 0.876250 0.874254 0.874369 0.876597 0.880963 0.887522 0.896355 0.907574 0.921325 0.937793 0.957208 0.979855 0.966692 0.917563 0.875193 0.838494 0.806614 0.778877 0.754742 0.733772 0.715614 0.699978 0.686629 0.675377 0.666066 0.658574 0.652803 0.648682 0.646159 0.643303 0.637707 0.633720 0.631295 0.630400 0.631027 0.633181 0.636890 0.642199 0.649174 0.657905 0.668506 0.681122 0.695932 0.712256 0.712156 0.713775 0.717133 0.722271 0.729253 0.738167 0.749128 0.762284 0.777817 0.795954 0.816973 0.831702 0.834782 0.839915 0.847165 0.856623 0.868410 0.882682 0.899635 0.919510 0.942605 0.969286 1.000000 0.990108 0.954739 0.923959 0.897195 0.873985 0.853951 0.836785 0.822237 0.810105 0.800226 0.792471 0.786742 0.782967 0.781102 0.781123 0.783030 0.786847 0.792619 0.800420 0.810348 0.787969 0.763227 0.741723 0.723093 0.707037 0.693312 0.681722 0.672105 0.664333 0.658308 0.653951 0.651211 0.650053 0.650463 0.652447 0.652384 0.648444 0.646098 0.645318 0.646094 0.648437 0.652374 0.657954 0.665246 0.674345 0.685369 0.698472 0.713838 0.731697 0.752333 0.776090 0.803394 0.834775 5648.500000 1.240053 0.868237
0.763227 0.741723 0.723093 0.707037 0.693312 0.681722 0.672105 0.664333 0.658308 0.653951 0.651211 0.650053 0.650463 0.652447 0.652384 0.648444 0.646098 0.645318 0.646094 0.648437 0.652374 0.657954 0.665246 0.674345 0.685369 0.698472 0.713838 0.731697 0.752333 0.776090 0.803394 0.834775 0.870890 0.912569 0.935854 0.919693 0.906227 0.895276 0.886696 0.880380 0.876250 0.874254 0.874369 0.876597 0.880963 0.887522 0.896355 0.907574 0.921325 0.937793 0.957208 0.979855 0.966692 0.917563 0.875193 0.838494 0.806614 0.778877 0.754742 0.733772 0.715614 0.699978 0.686629 0.675377 0.666066 0.658574 0.652803 0.648682 0.646159 0.643303 0.637707 0.633720 0.631295 0.630400 0.631027 0.633181 0.636890 0.642199 0.649174 0.657905 0.668506 0.681122 0.695932 0.712256 0.712156 0.713775 0.717133 0.722271 0.729253 0.738167 0.749128 0.762284 0.777817 0.795954 0.816973 0.831702 0.834782 0.839915 0.847165 0.856623 0.868410 0.882682 0.899635 0.919510 0.942605 0.969286 1.000000 0.990108 0.954739 0.923959 0.897195 0.873985 0.853951 0.836785 0.822237 0.810105 0.800226 0.792471 0.786742 0.782967 0.781102 0.781123 0.783030 0.786847 0.792619 0.800420 0.810348 0.787969 5648.500000 1.240053 0.868237
0.732977 0.770805 0.814819 0.866378 0.927288 1.000000 0.945975 0.888209 0.838997 0.796770 0.760334 0.728764 0.701333 0.677465 0.656698 0.638659 0.623046 0.609611 0.598154 0.588512 0.580552 0.574169 0.569281 0.565827 0.563766 0.563070 0.563733 0.565762 0.569182 0.574034 0.580381 0.588302 0.597903 0.609315 0.622700 0.638258 0.656236 0.676933 0.697381 0.685418 0.675459 0.667369 0.661045 0.656406 0.653394 0.651974 0.652127 0.653856 0.657182 0.662145 0.668807 0.677252 0.687591 0.699964 0.714542 0.731541 0.751222 0.773907 0.799992 0.829966 0.809810 0.775439 0.745590 0.719624 0.697027 0.677389 0.660375 0.645711 0.633177 0.622592 0.613809 0.606712 0.601209 0.597230 0.594727 0.593670 0.594044 0.595856 0.599126 0.603896 0.610223 0.618190 0.627901 0.639486 0.653110 0.668974 0.687324 0.708465 0.732768 0.760696 0.792823 0.829871 0.872756 0.895710 0.839709 0.792094 0.751302 0.716146 0.685712 0.659282 0.636291 0.616283 0.598894 0.583827 0.570842 0.559740 0.550363 0.542580 0.536288 0.531406 0.527873 0.525644 0.524692 0.525006 0.526590 0.529464 0.533661 0.539235 0.546256 0.554817 0.565033 0.577049 0.591042 0.607229 0.625879 0.647319 0.671956 0.700297 1794.000000 1.132866 0.732160
0.751302 0.716146 0.685712 0.659282 0.636291 0.616283 0.598894 0.583827 0.570842 0.559740 0.550363 0.542580 0.536288 0.531406 0.527873 0.525644 0.524692 0.525006 0.526590 0.529464 0.533661 0.539235 0.546256 0.554817 0.565033 0.577049 0.591042 0.607229 0.625879 0.647319 0.671956 0.700297 0.732977 0.770805 0.814819 0.866378 0.927288 1.000000 0.945975 0.888209 0.838997 0.796770 0.760334 0.728764 0.701333 0.677465 0.656698 0.638659 0.623046 0.609611 0.598154 0.588512 0.580552 0.574169 0.569281 0.565827 0.563766 0.563070 0.563733 0.565762 0.569182 0.574034 0.580381 0.588302 0.597903 0.609315 0.622700 0.638258 0.656236 0.676933 0.697381 0.685418 0.675459 0.667369 0.661045 0.656406 0.653394 0.651974 0.652127 0.653856 0.657182 0.662145 0.668807 0.677252 0.687591 0.699964 0.714542 0.731541 0.751222 0.773907 0.799992 0.829966 0.809810 0.775439 0.745590 0.719624 0.697027 0.677389 0.660375 0.645711 0.633177 0.622592 0.613809 0.606712 0.601209 0.597230 0.594727 0.593670 0.594044 0.595856 0.599126 0.603896 0.610223 0.618190 0.627901 0.639486 0.653110 0.668974 0.687324 0.708465 0.732768 0.760696 0.792823 0.829871 0.872756 0.895710 0.839709 0.792094 1794.000000 1.132866 0.732160
0.697027 0.677389 0.660375 0.645711 0.633177 0.622592 0.613809 0.606712 0.601209 0.597230 0.594727 0.593670 0.594044 0.595856 0.599126 0.603896 0.610223 0.618190 0.627901 0.639486 0.653110 0.668974 0.687324 0.708465 0.732768 0.760696 0.792823 0.829871 0.872756 0.895710 0.839709 0.792094 0.751302 0.716146 0.685712 0.659282 0.636291 0.616283 0.598894 0.583827 0.570842 0.559740 0.550363 0.542580 0.536288 0.531406 0.527873 0.525644 0.524692 0.525006 0.526590 0.529464 0.533661 0.539235 0.546256 0.554817 0.565033 0.577049 0.591042 0.607229 0.625879 0.647319 0.671956 0.700297 0.732977 0.770805 0.814819 0.866378 0.927288 1.000000 0.945975 0.888209 0.838997 0.796770 0.760334 0.728764 0.701333 0.677465 0.656698 0.638659 0.623046 0.609611 0.598154 0.588512 0.580552 0.574169 0.569281 0.565827 0.563766 0.563070 0.563733 0.565762 0.569182 0.574034 0.580381 0.588302 0.597903 0.609315 0.622700 0.638258 0.656236 0.676933 0.697381 0.685418 0.675459 0.667369 0.661045 0.656406 0.653394 0.651974 0.652127 0.653856 0.657182 0.662145 0.668807 0.677252 0.687591 0.699964 0.714542 0.731541 0.751222 0.773907 0.799992 0.829966 0.809810 0.775439 0.745590 0.719624 1794.000000 1.132866 0.732160
0.597903 0.609315 0.622700 0.638258 0.656236 0.676933 0.697381 0.685418 0.675459 0.667369 0.661045 0.656406 0.653394 0.651974 0.652127 0.653856 0.657182 0.662145 0.668807 0.677252 0.687591 0.699964 0.714542 0.731541 0.751222 0.773907 0.799992 0.829966 0.809810 0.775439 0.745590 0.719624 0.697027 0.677389 0.660375 0.645711 0.633177 0.622592 0.613809 0.606712 0.601209 0.597230 0.594727 0.593670 0.594044 0.595856 0.599126 0.603896 0.610223 0.618190 0.627901 0.639486 0.653110 0.668974 0.687324 0.708465 0.732768 0.760696 0.792823 0.829871 0.872756 0.895710 0.839709 0.792094 0.751302 0.716146 0.685712 0.659282 0.636291 0.616283 0.598894 0.583827 0.570842 0.559740 0.550363 0.542580 0.536288 0.531406 0.527873 0.525644 0.524692 0.525006 0.526590 0.529464 0.533661 0.539235 0.546256 0.554817 0.565033 0.577049 0.591042 0.607229 0.625879 0.647319 0.671956 0.700297 0.732977 0.770805 0.814819 0.866378 0.927288 1.000000 0.945975 0.888209 0.838997 0.796770 0.760334 0.728764 0.701333 0.677465 0.656698 0.638659 0.623046 0.609611 0.598154 0.588512 0.580552 0.574169 0.569281 0.565827 0.563766 0.563070 0.563733 0.565762 0.569182 0.574034 0.580381 0.588302 1794.000000 1.132866 0.732160
0.804996 0.867209 0.942303 1.000000 0.926278 0.864620 0.812493 0.768039 0.729865 0.696905 0.668333 0.643502 0.621894 0.603095 0.586772 0.572653 0.560515 0.550180 0.541499 0.534356 0.528655 0.524325 0.511371 0.497230 0.484987 0.474448 0.465455 0.457879 0.451616 0.446584 0.442717 0.439968 0.438302 0.437698 0.438151 0.439665 0.442258 0.445963 0.450826 0.456909 0.464292 0.473076 0.483386 0.495375 0.509233 0.525189 0.543529 0.564606 0.588859 0.616843 0.631180 0.630586 0.631513 0.633972 0.637994 0.643627 0.650943 0.660035 0.671025 0.684062 0.699334 0.717071 0.737553 0.761128 0.788222 0.819362 0.808323 0.775592 0.747139 0.722378 0.700840 0.682145 0.665984 0.652105 0.640305 0.630415 0.622303 0.615862 0.611010 0.607686 0.605850 0.605478 0.606568 0.609132 0.613201 0.618826 0.626077 0.619096 0.598006 0.579657 0.563718 0.549921 0.538048 0.527923 0.519399 0.512362 0.506716 0.502391 0.499332 0.497501 0.496877 0.491630 0.483224 0.476227 0.470548 0.466113 0.462865 0.460764 0.459785 0.459916 0.461158 0.463527 0.467051 0.471774 0.477756 0.485076 0.493831 0.504146 0.516170 0.530091 0.546135 0.564583 0.585782 0.610162 0.638263 0.670773 0.708570 0.752804 742.500000 1.526322 0.744320
0.506716 0.502391 0.499332 0.497501 0.496877 0.491630 0.483224 0.476227 0.470548 0.466113 0.462865 0.460764 0.459785 0.459916 0.461158 0.463527 0.467051 0.471774 0.477756 0.485076 0.493831 0.504146 0.516170 0.530091 0.546135 0.564583 0.585782 0.610162 0.638263 0.670773 0.708570 0.752804 0.804996 0.867209 0.942303 1.000000 0.926278 0.864620 0.812493 0.768039 0.729865 0.696905 0.668333 0.643502 0.621894 0.603095 0.586772 0.572653 0.560515 0.550180 0.541499 0.534356 0.528655 0.524325 0.511371 0.497230 0.484987 0.474448 0.465455 0.457879 0.451616 0.446584 0.442717 0.439968 0.438302 0.437698 0.438151 0.439665 0.442258 0.445963 0.450826 0.456909 0.464292 0.473076 0.483386 0.495375 0.509233 0.525189 0.543529 0.564606 0.588859 0.616843 0.631180 0.630586 0.631513 0.633972 0.637994 0.643627 0.650943 0.660035 0.671025 0.684062 0.699334 0.717071 0.737553 0.761128 0.788222 0.819362 0.808323 0.775592 0.747139 0.722378 0.700840 0.682145 0.665984 0.652105 0.640305 0.630415 0.622303 0.615862 0.611010 0.607686 0.605850 0.605478 0.606568 0.609132 0.613201 0.618826 0.626077 0.619096 0.598006 0.579657 0.563718 0.549921 0.538048 0.527923 0.519399 0.512362 742.500000 1.526322 0.744320
0.788222 0.819362 0.808323 0.775592 0.747139 0.722378 0.700840 0.682145 0.665984 0.652105 0.640305 0.630415 0.622303 0.615862 0.611010 0.607686 0.605850 0.605478 0.606568 0.609132 0.613201 0.618826 0.626077 0.619096 0.598006 0.579657 0.563718 0.549921 0.538048 0.527923 0.519399 0.512362 0.506716 0.502391 0.499332 0.497501 0.496877 0.491630 0.483224 0.476227 0.470548 0.466113 0.462865 0.460764 0.459785 0.459916 0.461158 0.463527 0.467051 0.471774 0.477756 0.485076 0.493831 0.504146 0.516170 0.530091 0.546135 0.564583 0.585782 0.610162 0.638263 0.670773 0.708570 0.752804 0.804996 0.867209 0.942303 1.000000 0.926278 0.864620 0.812493 0.768039 0.729865 0.696905 0.668333 0.643502 0.621894 0.603095 0.586772 0.572653 0.560515 0.550180 0.541499 0.534356 0.528655 0.524325 0.511371 0.497230 0.484987 0.474448 0.465455 0.457879 0.451616 0.446584 0.442717 0.439968 0.438302 0.437698 0.438151 0.439665 0.442258 0.445963 0.450826 0.456909 0.464292 0.473076 0.483386 0.495375 0.509233 0.525189 0.543529 0.564606 0.588859 0.616843 0.631180 0.630586 0.631513 0.633972 0.637994 0.643627 0.650943 0.660035 0.671025 0.684062 0.699334 0.717071 0.737553 0.761128 742.500000 1.526322 0.744320
0.438302 0.437698 0.438151 0.439665 0.442258 0.445963 0.450826 0.456909 0.464292 0.473076 0.483386 0.495375 0.509233 0.525189 0.543529 0.564606 0.588859 0.616843 0.631180 0.630586 0.631513 0.633972 0.637994 0.643627 0.650943 0.660035 0.671025 0.684062 0.699334 0.717071 0.737553 0.761128 0.788222 0.819362 0.808323 0.775592 0.747139 0.722378 0.700840 0.682145 0.665984 0.652105 0.640305 0.630415 0.622303 0.615862 0.611010 0.607686 0.605850 0.605478 0.606568 0.609132 0.613201 0.618826 0.626077 0.619096 0.598006 0.579657 0.563718 0.549921 0.538048 0.527923 0.519399 0.512362 0.506716 0.502391 0.499332 0.497501 0.496877 0.491630 0.483224 0.476227 0.470548 0.466113 0.462865 0.460764 0.459785 0.459916 0.461158 0.463527 0.467051 0.471774 0.477756 0.485076 0.493831 0.504146 0.516170 0.530091 0.546135 0.564583 0.585782 0.610162 0.638263 0.670773 0.708570 0.752804 0.804996 0.867209 0.942303 1.000000 0.926278 0.864620 0.812493 0.768039 0.729865 0.696905 0.668333 0.643502 0.621894 0.603095 0.586772 0.572653 0.560515 0.550180 0.541499 0.534356 0.528655 0.524325 0.511371 0.497230 0.484987 0.474448 0.465455 0.457879 0.451616 0.446584 0.442717 0.439968 742.500000 1.526322 0.744320
0.812823 0.831505 0.853169 0.847226 0.824987 0.805777 0.789300 0.775313 0.763621 0.754067 0.746524 0.740898 0.737119 0.735140 0.734938 0.736509 0.739874 0.745072 0.752169 0.761254 0.772445 0.785891 0.801780 0.782207 0.765367 0.751008 0.738925 0.728953 0.720960 0.714844 0.710528 0.707960 0.707107 0.707960 0.710528 0.714844 0.720960 0.728953 0.738925 0.751008 0.765367 0.782207 0.801780 0.824395 0.850430 0.880354 0.914744 0.954323 1.000000 0.994303 0.948695 0.909182 0.874852 0.844981 0.818991 0.796414 0.776869 0.760048 0.745698 0.733614 0.723632 0.715618 0.709470 0.705111 0.702487 0.701567 0.702339 0.704813 0.709018 0.715006 0.722853 0.732658 0.744551 0.758695 0.775291 0.794586 0.816884 0.842557 0.853620 0.826554 0.803027 0.782635 0.765051 0.750006 0.737284 0.726708 0.718136 0.711459 0.706590 0.703472 0.702064 0.702351 0.704336 0.708042 0.713516 0.720824 0.730062 0.741348 0.754835 0.770714 0.789217 0.810632 0.835309 0.863682 0.896286 0.933785 0.952271 0.917630 0.887484 0.861264 0.838511 0.818852 0.801981 0.787650 0.775658 0.765843 0.758077 0.752261 0.748323 0.746214 0.745908 0.747403 0.750716 0.755888 0.762982 0.772088 0.783324 0.796840 1878.500000 1.098441 0.842839
0.730062 0.741348 0.754835 0.770714 0.789217 0.810632 0.835309 0.863682 0.896286 0.933785 0.952271 0.917630 0.887484 0.861264 0.838511 0.818852 0.801981 0.787650 0.775658 0.765843 0.758077 0.752261 0.748323 0.746214 0.745908 0.747403 0.750716 0.755888 0.762982 0.772088 0.783324 0.796840 0.812823 0.831505 0.853169 0.847226 0.824987 0.805777 0.789300 0.775313 0.763621 0.754067 0.746524 0.740898 0.737119 0.735140 0.734938 0.736509 0.739874 0.745072 0.752169 0.761254 0.772445 0.785891 0.801780 0.782207 0.765367 0.751008 0.738925 0.728953 0.720960 0.714844 0.710528 0.707960 0.707107 0.707960 0.710528 0.714844 0.720960 0.728953 0.738925 0.751008 0.765367 0.782207 0.801780 0.824395 0.850430 0.880354 0.914744 0.954323 1.000000 0.994303 0.948695 0.909182 0.874852 0.844981 0.818991 0.796414 0.776869 0.760048 0.745698 0.733614 0.723632 0.715618 0.709470 0.705111 0.702487 0.701567 0.702339 0.704813 0.709018 0.715006 0.722853 0.732658 0.744551 0.758695 0.775291 0.794586 0.816884 0.842557 0.853620 0.826554 0.803027 0.782635 0.765051 0.750006 0.737284 0.726708 0.718136 0.711459 0.706590 0.703472 0.702064 0.702351 0.704336 0.708042 0.713516 0.720824 1878.500000 1.098441 0.842839
0.702487 0.701567 0.702339 0.704813 0.709018 0.715006 0.722853 0.732658 0.744551 0.758695 0.775291 0.794586 0.816884 0.842557 0.853620 0.826554 0.803027 0.782635 0.765051 0.750006 0.737284 0.726708 0.718136 0.711459 0.706590 0.703472 0.702064 0.702351 0.704336 0.708042 0.713516 0.720824 0.730062 0.741348 0.754835 0.770714 0.789217 0.810632 0.835309 0.863682 0.896286 0.933785 0.952271 0.917630 0.887484 0.861264 0.838511 0.818852 0.801981 0.787650 0.775658 0.765843 0.758077 0.752261 0.748323 0.746214 0.745908 0.747403 0.750716 0.755888 0.762982 0.772088 0.783324 0.796840 0.812823 0.831505 0.853169 0.847226 0.824987 0.805777 0.789300 0.775313 0.763621 0.754067 0.746524 0.740898 0.737119 0.735140 0.734938 0.736509 0.739874 0.745072 0.752169 0.761254 0.772445 0.785891 0.801780 0.782207 0.765367 0.751008 0.738925 0.728953 0.720960 0.714844 0.710528 0.707960 0.707107 0.707960 0.710528 0.714844 0.720960 0.728953 0.738925 0.751008 0.765367 0.782207 0.801780 0.824395 0.850430 0.880354 0.914744 0.954323 1.000000 0.994303 0.948695 0.909182 0.874852 0.844981 0.818991 0.796414 0.776869 0.760048 0.745698 0.733614 0.723632 0.715618 0.709470 0.705111 1878.500000 1.098441 0.842839
0.707107 0.707960 0.710528 0.714844 0.720960 0.728953 0.738925 0.751008 0.765367 0.782207 0.801780 0.824395 0.850430 0.880354 0.914744 0.954323 1.000000 0.994303 0.948695 0.909182 0.874852 0.844981 0.818991 0.796414 0.776869 0.760048 0.745698 0.733614 0.723632 0.715618 0.709470 0.705111 0.702487 0.701567 0.702339 0.704813 0.709018 0.715006 0.722853 0.732658 0.744551 0.758695 0.775291 0.794586 0.816884 0.842557 0.853620 0.826554 0.803027 0.782635 0.765051 0.750006 0.737284 0.726708 0.718136 0.711459 0.706590 0.703472 0.702064 0.702351 0.704336 0.708042 0.713516 0.720824 0.730062 0.741348 0.754835 0.770714 0.789217 0.810632 0.835309 0.863682 0.896286 0.933785 0.952271 0.917630 0.887484 0.861264 0.838511 0.818852 0.801981 0.787650 0.775658 0.765843 0.758077 0.752261 0.748323 0.746214 0.745908 0.747403 0.750716 0.755888 0.762982 0.772088 0.783324 0.796840 0.812823 0.831505 0.853169 0.847226 0.824987 0.805777 0.789300 0.775313 0.763621 0.754067 0.746524 0.740898 0.737119 0.735140 0.734938 0.736509 0.739874 0.745072 0.752169 0.761254 0.772445 0.785891 0.801780 0.782207 0.765367 0.751008 0.738925 0.728953 0.720960 0.714844 0.710528 0.707960 1878.500000 1.098441 0.842839
0.800712 0.810086 0.821684 0.835662 0.818733 0.802299 0.788374 0.776763 0.767311 0.759894 0.754420 0.750820 0.749050 0.749089 0.750937 0.753154 0.753390 0.755446 0.759348 0.765144 0.772905 0.782730 0.794747 0.809118 0.826046 0.845778 0.868619 0.894945 0.925214 0.959997 1.000000 0.967033 0.926326 0.890968 0.860206 0.833438 0.810179 0.790034 0.772683 0.757864 0.745365 0.735013 0.726672 0.720233 0.715617 0.712765 0.711644 0.712239 0.714558 0.718629 0.724503 0.732251 0.741974 0.745800 0.739629 0.735316 0.732808 0.732074 0.733107 0.735918 0.740541 0.747034 0.755478 0.765981 0.778683 0.793758 0.811421 0.831938 0.855634 0.882910 0.914256 0.950284 0.991755 0.989485 0.949747 0.915198 0.885132 0.858982 0.836289 0.816682 0.799855 0.785562 0.773602 0.763814 0.756068 0.750268 0.746339 0.744236 0.743932 0.745422 0.748726 0.753884 0.760960 0.770042 0.781248 0.794728 0.796185 0.785402 0.776753 0.770128 0.765444 0.762642 0.761689 0.762574 0.765306 0.769919 0.776470 0.785041 0.795742 0.808714 0.824134 0.842222 0.863248 0.887543 0.882778 0.861852 0.843882 0.828601 0.815795 0.805288 0.796944 0.790657 0.786347 0.783963 0.783475 0.784877 0.788186 0.793443 19803.000000 1.082638 0.868000
0.796185 0.785402 0.776753 0.770128 0.765444 0.762642 0.761689 0.762574 0.765306 0.769919 0.776470 0.785041 0.795742 0.808714 0.824134 0.842222 0.863248 0.887543 0.882778 0.861852 0.843882 0.828601 0.815795 0.805288 0.796944 0.790657 0.786347 0.783963 0.783475 0.784877 0.788186 0.793443 0.800712 0.810086 0.821684 0.835662 0.818733 0.802299 0.788374 0.776763 0.767311 0.759894 0.754420 0.750820 0.749050 0.749089 0.750937 0.753154 0.753390 0.755446 0.759348 0.765144 0.772905 0.782730 0.794747 0.809118 0.826046 0.845778 0.868619 0.894945 0.925214 0.959997 1.000000 0.967033 0.926326 0.890968 0.860206 0.833438 0.810179 0.790034 0.772683 0.757864 0.745365 0.735013 0.726672 0.720233 0.715617 0.712765 0.711644 0.712239 0.714558 0.718629 0.724503 0.732251 0.741974 0.745800 0.739629 0.735316 0.732808 0.732074 0.733107 0.735918 0.740541 0.747034 0.755478 0.765981 0.778683 0.793758 0.811421 0.831938 0.855634 0.882910 0.914256 0.950284 0.991755 0.989485 0.949747 0.915198 0.885132 0.858982 0.836289 0.816682 0.799855 0.785562 0.773602 0.763814 0.756068 0.750268 0.746339 0.744236 0.743932 0.745422 0.748726 0.753884 0.760960 0.770042 0.781248 0.794728 19803.000000 1.082638 0.868000
0.778683 0.793758 0.811421 0.831938 0.855634 0.882910 0.914256 0.950284 0.991755 0.989485 0.949747 0.915198 0.885132 0.858982 0.836289 0.816682 0.799855 0.785562 0.773602 0.763814 0.756068 0.750268 0.746339 0.744236 0.743932 0.745422 0.748726 0.753884 0.760960 0.770042 0.781248 0.794728 0.796185 0.785402 0.776753 0.770128 0.765444 0.762642 0.761689 0.762574 0.765306 0.769919 0.776470 0.785041 0.795742 0.808714 0.824134 0.842222 0.863248 0.887543 0.882778 0.861852 0.843882 0.828601 0.815795 0.805288 0.796944 0.790657 0.786347 0.783963 0.783475 0.784877 0.788186 0.793443 0.800712 0.810086 0.821684 0.835662 0.818733 0.802299 0.788374 0.776763 0.767311 0.759894 0.754420 0.750820 0.749050 0.749089 0.750937 0.753154 0.753390 0.755446 0.759348 0.765144 0.772905 0.782730 0.794747 0.809118 0.826046 0.845778 0.868619 0.894945 0.925214 0.959997 1.000000 0.967033 0.926326 0.890968 0.860206 0.833438 0.810179 0.790034 0.772683 0.757864 0.745365 0.735013 0.726672 0.720233 0.715617 0.712765 0.711644 0.712239 0.714558 0.718629 0.724503 0.732251 0.741974 0.745800 0.739629 0.735316 0.732808 0.732074 0.733107 0.735918 0.740541 0.747034 0.755478 0.765981 19803.000000 1.082638 0.868000
0.926326 0.890968 0.860206 0.833438 0.810179 0.790034 0.772683 0.757864 0.745365 0.735013 0.726672 0.720233 0.715617 0.712765 0.711644 0.712239 0.714558 0.718629 0.724503 0.732251 0.741974 0.745800 0.739629 0.735316 0.732808 0.732074 0.733107 0.735918 0.740541 0.747034 0.755478 0.765981 0.778683 0.793758 0.811421 0.831938 0.855634 0.882910 0.914256 0.950284 0.991755 0.989485 0.949747 0.915198 0.885132 0.858982 0.836289 0.816682 0.799855 0.785562 0.773602 0.763814 0.756068 0.750268 0.746339 0.744236 0.743932 0.745422 0.748726 0.753884 0.760960 0.770042 0.781248 0.794728 0.796185 0.785402 0.776753 0.770128 0.765444 0.762642 0.761689 0.762574 0.765306 0.769919 0.776470 0.785041 0.795742 0.808714 0.824134 0.842222 0.863248 0.887543 0.882778 0.861852 0.843882 0.828601 0.815795 0.805288 0.796944 0.790657 0.786347 0.783963 0.783475 0.784877 0.788186 0.793443 0.800712 0.810086 0.821684 0.835662 0.818733 0.802299 0.788374 0.776763 0.767311 0.759894 0.754420 0.750820 0.749050 0.749089 0.750937 0.753154 0.753390 0.755446 0.759348 0.765144 0.772905 0.782730 0.794747 0.809118 0.826046 0.845778 0.868619 0.894945 0.925214 0.959997 1.000000 0.967033 19803.000000 1.082638 0.868000
0.625626 0.615387 0.606916 0.600102 0.594856 0.591112 0.588825 0.587967 0.588527 0.590512 0.593946 0.598871 0.605350 0.608918 0.610357 0.613283 0.617732 0.623761 0.631444 0.640882 0.652202 0.665561 0.681154 0.699220 0.720052 0.744011 0.771542 0.803199 0.839673 0.881844 0.930835 0.958836 0.924075 0.893825 0.867516 0.844688 0.824967 0.808049 0.793684 0.781671 0.771848 0.764086 0.758288 0.754381 0.752317 0.752071 0.736402 0.723072 0.711900 0.702736 0.695459 0.689976 0.686219 0.684142 0.683720 0.684947 0.687839 0.692430 0.698778 0.706963 0.717089 0.729292 0.743741 0.760642 0.780254 0.802889 0.828933 0.856088 0.822062 0.792474 0.766724 0.744332 0.724908 0.708134 0.693752 0.681552 0.671363 0.663048 0.656499 0.651632 0.648388 0.646726 0.646626 0.648088 0.651128 0.655256 0.653591 0.653505 0.654996 0.658084 0.662805 0.669218 0.677404 0.687470 0.699550 0.713813 0.730466 0.742904 0.741954 0.742795 0.745435 0.749907 0.756265 0.764591 0.774989 0.787598 0.802589 0.820176 0.840622 0.864248 0.891451 0.922717 0.958649 1.000000 0.960932 0.909965 0.866114 0.828199 0.795299 0.766690 0.741793 0.720142 0.701361 0.685143 0.671239 0.659445 0.649596 0.637774 1277.500000 1.165339 0.824641
0.730466 0.742904 0.741954 0.742795 0.745435 0.749907 0.756265 0.764591 0.774989 0.787598 0.802589 0.820176 0.840622 0.864248 0.891451 0.922717 0.958649 1.000000 0.960932 0.909965 0.866114 0.828199 0.795299 0.766690 0.741793 0.720142 0.701361 0.685143 0.671239 0.659445 0.649596 0.637774 0.625626 0.615387 0.606916 0.600102 0.594856 0.591112 0.588825 0.587967 0.588527 0.590512 0.593946 0.598871 0.605350 0.608918 0.610357 0.613283 0.617732 0.623761 0.631444 0.640882 0.652202 0.665561 0.681154 0.699220 0.720052 0.744011 0.771542 0.803199 0.839673 0.881844 0.930835 0.958836 0.924075 0.893825 0.867516 0.844688 0.824967 0.808049 0.793684 0.781671 0.771848 0.764086 0.758288 0.754381 0.752317 0.752071 0.736402 0.723072 0.711900 0.702736 0.695459 0.689976 0.686219 0.684142 0.683720 0.684947 0.687839 0.692430 0.698778 0.706963 0.717089 0.729292 0.743741 0.760642 0.780254 0.802889 0.828933 0.856088 0.822062 0.792474 0.766724 0.744332 0.724908 0.708134 0.693752 0.681552 0.671363 0.663048 0.656499 0.651632 0.648388 0.646726 0.646626 0.648088 0.651128 0.655256 0.653591 0.653505 0.654996 0.658084 0.662805 0.669218 0.677404 0.687470 0.699550 0.713813 1277.500000 1.165339 0.824641
0.780254 0.802889 0.828933 0.856088 0.822062 0.792474 0.766724 0.744332 0.724908 0.708134 0.693752 0.681552 0.671363 0.663048 0.656499 0.651632 0.648388 0.646726 0.646626 0.648088 0.651128 0.655256 0.653591 0.653505 0.654996 0.658084 0.662805 0.669218 0.677404 0.687470 0.699550 0.713813 0.730466 0.742904 0.741954 0.742795 0.745435 0.749907 0.756265 0.764591 0.774989 0.787598 0.802589 0.820176 0.840622 0.864248 0.891451 0.922717 0.958649 1.000000 0.960932 0.909965 0.866114 0.828199 0.795299 0.766690 0.741793 0.720142 0.701361 0.685143 0.671239 0.659445 0.649596 0.637774 0.625626 0.615387 0.606916 0.600102 0.594856 0.591112 0.588825 0.587967 0.588527 0.590512 0.593946 0.598871 0.605350 0.608918 0.610357 0.613283 0.617732 0.623761 0.631444 0.640882 0.652202 0.665561 0.681154 0.699220 0.720052 0.744011 0.771542 0.803199 0.839673 0.881844 0.930835 0.958836 0.924075 0.893825 0.867516 0.844688 0.824967 0.808049 0.793684 0.781671 0.771848 0.764086 0.758288 0.754381 0.752317 0.752071 0.736402 0.723072 0.711900 0.702736 0.695459 0.689976 0.686219 0.684142 0.683720 0.684947 0.687839 0.692430 0.698778 0.706963 0.717089 0.729292 0.743741 0.760642 1277.500000 1.165339 0.824641
0.924075 0.893825 0.867516 0.844688 0.824967 0.808049 0.793684 0.781671 0.771848 0.764086 0.758288 0.754381 0.752317 0.752071 0.736402 0.723072 0.711900 0.702736 0.695459 0.689976 0.686219 0.684142 0.683720 0.684947 0.687839 0.692430 0.698778 0.706963 0.717089 0.729292 0.743741 0.760642 0.780254 0.802889 0.828933 0.856088 0.822062 0.792474 0.766724 0.744332 0.724908 0.708134 0.693752 0.681552 0.671363 0.663048 0.656499 0.651632 0.648388 0.646726 0.646626 0.648088 0.651128 0.655256 0.653591 0.653505 0.654996 0.658084 0.662805 0.669218 0.677404 0.687470 0.699550 0.713813 0.730466 0.742904 0.741954 0.742795 0.745435 0.749907 0.756265 0.764591 0.774989 0.787598 0.802589 0.820176 0.840622 0.864248 0.891451 0.922717 0.958649 1.000000 0.960932 0.909965 0.866114 0.828199 0.795299 0.766690 0.741793 0.720142 0.701361 0.685143 0.671239 0.659445 0.649596 0.637774 0.625626 0.615387 0.606916 0.600102 0.594856 0.591112 0.588825 0.587967 0.588527 0.590512 0.593946 0.598871 0.605350 0.608918 0.610357 0.613283 0.617732 0.623761 0.631444 0.640882 0.652202 0.665561 0.681154 0.699220 0.720052 0.744011 0.771542 0.803199 0.839673 0.881844 0.930835 0.958836 1277.500000 1.165339 0.824641
0.677121 0.687317 0.699536 0.713948 0.723602 0.719388 0.716940 0.716229 0.717245 0.720001 0.724530 0.730888 0.739156 0.749439 0.761873 0.776630 0.793920 0.814002 0.837197 0.860611 0.850982 0.843576 0.838300 0.835089 0.833903 0.834729 0.837577 0.842480 0.849500 0.858724 0.870270 0.884290 0.900976 0.920563 0.943344 0.969677 1.000000 0.956056 0.898416 0.849262 0.807050 0.770604 0.739011 0.711554 0.687661 0.666874 0.648825 0.633212 0.619791 0.608363 0.598764 0.592094 0.589512 0.588363 0.588634 0.590328 0.593465 0.598085 0.604244 0.612022 0.621519 0.632863 0.646216 0.661773 0.679775 0.700519 0.724369 0.751774 0.783297 0.819639 0.861695 0.860345 0.844931 0.832028 0.821462 0.813096 0.806823 0.802564 0.800268 0.799906 0.801475 0.804993 0.810503 0.818073 0.827800 0.839808 0.854257 0.871349 0.871925 0.852607 0.836098 0.822158 0.810597 0.801260 0.794026 0.788806 0.785533 0.784169 0.784697 0.787123 0.791477 0.797811 0.806206 0.816768 0.829636 0.844984 0.863029 0.884037 0.860893 0.826955 0.797440 0.771755 0.749421 0.730054 0.713337 0.699015 0.686879 0.676759 0.668521 0.662056 0.657284 0.654145 0.652600 0.652631 0.654238 0.657441 0.662278 0.668811 6868.500000 1.209307 0.849242
0.785533 0.784169 0.784697 0.787123 0.791477 0.797811 0.806206 0.816768 0.829636 0.844984 0.863029 0.884037 0.860893 0.826955 0.797440 0.771755 0.749421 0.730054 0.713337 0.699015 0.686879 0.676759 0.668521 0.662056 0.657284 0.654145 0.652600 0.652631 0.654238 0.657441 0.662278 0.668811 0.677121 0.687317 0.699536 0.713948 0.723602 0.719388 0.716940 0.716229 0.717245 0.720001 0.724530 0.730888 0.739156 0.749439 0.761873 0.776630 0.793920 0.814002 0.837197 0.860611 0.850982 0.843576 0.838300 0.835089 0.833903 0.834729 0.837577 0.842480 0.849500 0.858724 0.870270 0.884290 0.900976 0.920563 0.943344 0.969677 1.000000 0.956056 0.898416 0.849262 0.807050 0.770604 0.739011 0.711554 0.687661 0.666874 0.648825 0.633212 0.619791 0.608363 0.598764 0.592094 0.589512 0.588363 0.588634 0.590328 0.593465 0.598085 0.604244 0.612022 0.621519 0.632863 0.646216 0.661773 0.679775 0.700519 0.724369 0.751774 0.783297 0.819639 0.861695 0.860345 0.844931 0.832028 0.821462 0.813096 0.806823 0.802564 0.800268 0.799906 0.801475 0.804993 0.810503 0.818073 0.827800 0.839808 0.854257 0.871349 0.871925 0.852607 0.836098 0.822158 0.810597 0.801260 0.794026 0.788806 6868.500000 1.209307 0.849242
0.679775 0.700519 0.724369 0.751774 0.783297 0.819639 0.861695 0.860345 0.844931 0.832028 0.821462 0.813096 0.806823 0.802564 0.800268 0.799906 0.801475 0.804993 0.810503 0.818073 0.827800 0.839808 0.854257 0.871349 0.871925 0.852607 0.836098 0.822158 0.810597 0.801260 0.794026 0.788806 0.785533 0.784169 0.784697 0.787123 0.791477 0.797811 0.806206 0.816768 0.829636 0.844984 0.863029 0.884037 0.860893 0.826955 0.797440 0.771755 0.749421 0.730054 0.713337 0.699015 0.686879 0.676759 0.668521 0.662056 0.657284 0.654145 0.652600 0.652631 0.654238 0.657441 0.662278 0.668811 0.677121 0.687317 0.699536 0.713948 0.723602 0.719388 0.716940 0.716229 0.717245 0.720001 0.724530 0.730888 0.739156 0.749439 0.761873 0.776630 0.793920 0.814002 0.837197 0.860611 0.850982 0.843576 0.838300 0.835089 0.833903 0.834729 0.837577 0.842480 0.849500 0.858724 0.870270 0.884290 0.900976 0.920563 0.943344 0.969677 1.000000 0.956056 0.898416 0.849262 0.807050 0.770604 0.739011 0.711554 0.687661 0.666874 0.648825 0.633212 0.619791 0.608363 0.598764 0.592094 0.589512 0.588363 0.588634 0.590328 0.593465 0.598085 0.604244 0.612022 0.621519 0.632863 0.646216 0.661773 6868.500000 1.209307 0.849242
0.900976 0.920563 0.943344 0.969677 1.000000 0.956056 0.898416 0.849262 0.807050 0.770604 0.739011 0.711554 0.687661 0.666874 0.648825 0.633212 0.619791 0.608363 0.598764 0.592094 0.589512 0.588363 0.588634 0.590328 0.593465 0.598085 0.604244 0.612022 0.621519 0.632863 0.646216 0.661773 0.679775 0.700519 0.724369 0.751774 0.783297 0.819639 0.861695 0.860345 0.844931 0.832028 0.821462 0.813096 0.806823 0.802564 0.800268 0.799906 0.801475 0.804993 0.810503 0.818073 0.827800 0.839808 0.854257 0.871349 0.871925 0.852607 0.836098 0.822158 0.810597 0.801260 0.794026 0.788806 0.785533 0.784169 0.784697 0.787123 0.791477 0.797811 0.806206 0.816768 0.829636 0.844984 0.863029 0.884037 0.860893 0.826955 0.797440 0.771755 0.749421 0.730054 0.713337 0.699015 0.686879 0.676759 0.668521 0.662056 0.657284 0.654145 0.652600 0.652631 0.654238 0.657441 0.662278 0.668811 0.677121 0.687317 0.699536 0.713948 0.723602 0.719388 0.716940 0.716229 0.717245 0.720001 0.724530 0.730888 0.739156 0.749439 0.761873 0.776630 0.793920 0.814002 0.837197 0.860611 0.850982 0.843576 0.838300 0.835089 0.833903 0.834729 0.837577 0.842480 0.849500 0.858724 0.870270 0.884290 6868.500000 1.209307 0.849242
0.370240 0.371761 0.374200 0.377586 0.381963 0.387387 0.393929 0.401681 0.410753 0.421283 0.433439 0.447427 0.463502 0.481979 0.503253 0.527823 0.556323 0.589579 0.628674 0.675064 0.730746 0.798537 0.844079 0.808807 0.778164 0.751502 0.728304 0.708149 0.690700 0.675678 0.662858 0.652058 0.643128 0.635951 0.630435 0.626509 0.624127 0.623258 0.623893 0.626039 0.629722 0.634987 0.641900 0.650550 0.661051 0.673545 0.688211 0.662905 0.636427 0.613404 0.593369 0.575944 0.560826 0.547767 0.536566 0.527058 0.519110 0.512614 0.507487 0.503662 0.501093 0.499748 0.499610 0.500679 0.501486 0.491193 0.482453 0.475143 0.469165 0.464440 0.460909 0.458528 0.457267 0.457110 0.458058 0.460120 0.463321 0.467703 0.473319 0.480242 0.488566 0.498405 0.509902 0.523233 0.538611 0.556302 0.562336 0.568869 0.576962 0.586722 0.598285 0.611816 0.627519 0.645647 0.666507 0.690478 0.718033 0.749759 0.786400 0.828907 0.878509 0.936825 1.000000 0.891283 0.805637 0.736627 0.680016 0.632902 0.593229 0.559505 0.530619 0.505727 0.484180 0.465470 0.449194 0.435030 0.422720 0.412052 0.402856 0.394993 0.388348 0.382830 0.378366 0.374897 0.372380 0.370784 0.369889 0.369618 4355.500000 1.483701 0.680642
0.718033 0.749759 0.786400 0.828907 0.878509 0.936825 1.000000 0.891283 0.805637 0.736627 0.680016 0.632902 0.593229 0.559505 0.530619 0.505727 0.484180 0.465470 0.449194 0.435030 0.422720 0.412052 0.402856 0.394993 0.388348 0.382830 0.378366 0.374897 0.372380 0.370784 0.369889 0.369618 0.370240 0.371761 0.374200 0.377586 0.381963 0.387387 0.393929 0.401681 0.410753 0.421283 0.433439 0.447427 0.463502 0.481979 0.503253 0.527823 0.556323 0.589579 0.628674 0.675064 0.730746 0.798537 0.844079 0.808807 0.778164 0.751502 0.728304 0.708149 0.690700 0.675678 0.662858 0.652058 0.643128 0.635951 0.630435 0.626509 0.624127 0.623258 0.623893 0.626039 0.629722 0.634987 0.641900 0.650550 0.661051 0.673545 0.688211 0.662905 0.636427 0.613404 0.593369 0.575944 0.560826 0.547767 0.536566 0.527058 0.519110 0.512614 0.507487 0.503662 0.501093 0.499748 0.499610 0.500679 0.501486 0.491193 0.482453 0.475143 0.469165 0.464440 0.460909 0.458528 0.457267 0.457110 0.458058 0.460120 0.463321 0.467703 0.473319 0.480242 0.488566 0.498405 0.509902 0.523233 0.538611 0.556302 0.562336 0.568869 0.576962 0.586722 0.598285 0.611816 0.627519 0.645647 0.666507 0.690478 4355.500000 1.483701 0.680642
0.501486 0.491193 0.482453 0.475143 0.469165 0.464440 0.460909 0.458528 0.457267 0.457110 0.458058 0.460120 0.463321 0.467703 0.473319 0.480242 0.488566 0.498405 0.509902 0.523233 0.538611 0.556302 0.562336 0.568869 0.576962 0.586722 0.598285 0.611816 0.627519 0.645647 0.666507 0.690478 0.718033 0.749759 0.786400 0.828907 0.878509 0.936825 1.000000 0.891283 0.805637 0.736627 0.680016 0.632902 0.593229 0.559505 0.530619 0.505727 0.484180 0.465470 0.449194 0.435030 0.422720 0.412052 0.402856 0.394993 0.388348 0.382830 0.378366 0.374897 0.372380 0.370784 0.369889 0.369618 0.370240 0.371761 0.374200 0.377586 0.381963 0.387387 0.393929 0.401681 0.410753 0.421283 0.433439 0.447427 0.463502 0.481979 0.503253 0.527823 0.556323 0.589579 0.628674 0.675064 0.730746 0.798537 0.844079 0.808807 0.778164 0.751502 0.728304 0.708149 0.690700 0.675678 0.662858 0.652058 0.643128 0.635951 0.630435 0.626509 0.624127 0.623258 0.623893 0.626039 0.629722 0.634987 0.641900 0.650550 0.661051 0.673545 0.688211 0.662905 0.636427 0.613404 0.593369 0.575944 0.560826 0.547767 0.536566 0.527058 0.519110 0.512614 0.507487 0.503662 0.501093 0.499748 0.499610 0.500679 4355.500000 1.483701 0.680642
0.643128 0.635951 0.630435 0.626509 0.624127 0.623258 0.623893 0.626039 0.629722 0.634987 0.641900 0.650550 0.661051 0.673545 0.688211 0.662905 0.636427 0.613404 0.593369 0.575944 0.560826 0.547767 0.536566 0.527058 0.519110 0.512614 0.507487 0.503662 0.501093 0.499748 0.499610 0.500679 0.501486 0.491193 0.482453 0.475143 0.469165 0.464440 0.460909 0.458528 0.457267 0.457110 0.458058 0.460120 0.463321 0.467703 0.473319 0.480242 0.488566 0.498405 0.509902 0.523233 0.538611 0.556302 0.562336 0.568869 0.576962 0.586722 0.598285 0.611816 0.627519 0.645647 0.666507 0.690478 0.718033 0.749759 0.786400 0.828907 0.878509 0.936825 1.000000 0.891283 0.805637 0.736627 0.680016 0.632902 0.593229 0.559505 0.530619 0.505727 0.484180 0.465470 0.449194 0.435030 0.422720 0.412052 0.402856 0.394993 0.388348 0.382830 0.378366 0.374897 0.372380 0.370784 0.369889 0.369618 0.370240 0.371761 0.374200 0.377586 0.381963 0.387387 0.393929 0.401681 0.410753 0.421283 0.433439 0.447427 0.463502 0.481979 0.503253 0.527823 0.556323 0.589579 0.628674 0.675064 0.730746 0.798537 0.844079 0.808807 0.778164 0.751502 0.728304 0.708149 0.690700 0.675678 0.662858 0.652058 4355.500000 1.483701 0.680642
0.910266 0.955803 1.000000 0.951582 0.909726 0.873413 0.841837 0.814359 0.790461 0.769728 0.751819 0.736459 0.723422 0.712525 0.703621 0.696594 0.691356 0.687840 0.677433 0.656547 0.638403 0.622695 0.609174 0.597636 0.587917 0.579884 0.573431 0.568473 0.564951 0.562819 0.562052 0.560309 0.555867 0.552818 0.551121 0.550758 0.551724 0.554030 0.557705 0.562794 0.569360 0.577490 0.587290 0.598896 0.612476 0.628234 0.646422 0.667352 0.691403 0.719049 0.750883 0.787652 0.812194 0.799974 0.789992 0.782117 0.776250 0.772316 0.770268 0.770081 0.771753 0.775305 0.780778 0.788242 0.797791 0.809548 0.823671 0.840355 0.859844 0.882435 0.852490 0.824218 0.799625 0.778279 0.759825 0.743977 0.730500 0.719204 0.709937 0.702577 0.697030 0.693227 0.691120 0.690686 0.691918 0.684213 0.667837 0.653765 0.641788 0.631736 0.623474 0.616891 0.611905 0.608453 0.606493 0.605735 0.596033 0.588030 0.581623 0.576728 0.573284 0.571250 0.570599 0.571325 0.573435 0.576957 0.581932 0.588425 0.596516 0.606315 0.617954 0.631600 0.647458 0.661274 0.662774 0.665888 0.670656 0.677135 0.685408 0.695581 0.707793 0.722212 0.739047 0.758558 0.781059 0.806940 0.836679 0.870872 16293.000000 1.282959 0.850188
0.596033 0.588030 0.581623 0.576728 0.573284 0.571250 0.570599 0.571325 0.573435 0.576957 0.581932 0.588425 0.596516 0.606315 0.617954 0.631600 0.647458 0.661274 0.662774 0.665888 0.670656 0.677135 0.685408 0.695581 0.707793 0.722212 0.739047 0.758558 0.781059 0.806940 0.836679 0.870872 0.910266 0.955803 1.000000 0.951582 0.909726 0.873413 0.841837 0.814359 0.790461 0.769728 0.751819 0.736459 0.723422 0.712525 0.703621 0.696594 0.691356 0.687840 0.677433 0.656547 0.638403 0.622695 0.609174 0.597636 0.587917 0.579884 0.573431 0.568473 0.564951 0.562819 0.562052 0.560309 0.555867 0.552818 0.551121 0.550758 0.551724 0.554030 0.557705 0.562794 0.569360 0.577490 0.587290 0.598896 0.612476 0.628234 0.646422 0.667352 0.691403 0.719049 0.750883 0.787652 0.812194 0.799974 0.789992 0.782117 0.776250 0.772316 0.770268 0.770081 0.771753 0.775305 0.780778 0.788242 0.797791 0.809548 0.823671 0.840355 0.859844 0.882435 0.852490 0.824218 0.799625 0.778279 0.759825 0.743977 0.730500 0.719204 0.709937 0.702577 0.697030 0.693227 0.691120 0.690686 0.691918 0.684213 0.667837 0.653765 0.641788 0.631736 0.623474 0.616891 0.611905 0.608453 0.606493 0.605735 16293.000000 1.282959 0.850188
0.797791 0.809548 0.823671 0.840355 0.859844 0.882435 0.852490 0.824218 0.799625 0.778279 0.759825 0.743977 0.730500 0.719204 0.709937 0.702577 0.697030 0.693227 0.691120 0.690686 0.691918 0.684213 0.667837 0.653765 0.641788 0.631736 0.623474 0.616891 0.611905 0.608453 0.606493 0.605735 0.596033 0.588030 0.581623 0.576728 0.573284 0.571250 0.570599 0.571325 0.573435 0.576957 0.581932 0.588425 0.596516 0.606315 0.617954 0.631600 0.647458 0.661274 0.662774 0.665888 0.670656 0.677135 0.685408 0.695581 0.707793 0.722212 0.739047 0.758558 0.781059 0.806940 0.836679 0.870872 0.910266 0.955803 1.000000 0.951582 0.909726 0.873413 0.841837 0.814359 0.790461 0.769728 0.751819 0.736459 0.723422 0.712525 0.703621 0.696594 0.691356 0.687840 0.677433 0.656547 0.638403 0.622695 0.609174 0.597636 0.587917 0.579884 0.573431 0.568473 0.564951 0.562819 0.562052 0.560309 0.555867 0.552818 0.551121 0.550758 0.551724 0.554030 0.557705 0.562794 0.569360 0.577490 0.587290 0.598896 0.612476 0.628234 0.646422 0.667352 0.691403 0.719049 0.750883 0.787652 0.812194 0.799974 0.789992 0.782117 0.776250 0.772316 0.770268 0.770081 0.771753 0.775305 0.780778 0.788242 16293.000000 1.282959 0.850188
0.555867 0.552818 0.551121 0.550758 0.551724 0.554030 0.557705 0.562794 0.569360 0.577490 0.587290 0.598896 0.612476 0.628234 0.646422 0.667352 0.691403 0.719049 0.750883 0.787652 0.812194 0.799974 0.789992 0.782117 0.776250 0.772316 0.770268 0.770081 0.771753 0.775305 0.780778 0.788242 0.797791 0.809548 0.823671 0.840355 0.859844 0.882435 0.852490 0.824218 0.799625 0.778279 0.759825 0.743977 0.730500 0.719204 0.709937 0.702577 0.697030 0.693227 0.691120 0.690686 0.691918 0.684213 0.667837 0.653765 0.641788 0.631736 0.623474 0.616891 0.611905 0.608453 0.606493 0.605735 0.596033 0.588030 0.581623 0.576728 0.573284 0.571250 0.570599 0.571325 0.573435 0.576957 0.581932 0.588425 0.596516 0.606315 0.617954 0.631600 0.647458 0.661274 0.662774 0.665888 0.670656 0.677135 0.685408 0.695581 0.707793 0.722212 0.739047 0.758558 0.781059 0.806940 0.836679 0.870872 0.910266 0.955803 1.000000 0.951582 0.909726 0.873413 0.841837 0.814359 0.790461 0.769728 0.751819 0.736459 0.723422 0.712525 0.703621 0.696594 0.691356 0.687840 0.677433 0.656547 0.638403 0.622695 0.609174 0.597636 0.587917 0.579884 0.573431 0.568473 0.564951 0.562819 0.562052 0.560309 16293.000000 1.282959 0.850188
1.000000 0.945166 0.898084 0.857438 0.822207 0.791588 0.764945 0.741765 0.721637 0.704223 0.689252 0.676500 0.665785 0.656963 0.649917 0.644557 0.640816 0.638647 0.638025 0.638942 0.641409 0.645456 0.651133 0.658511 0.667686 0.666467 0.645126 0.626572 0.610485 0.596605 0.584720 0.574656 0.566273 0.559461 0.554129 0.550211 0.547658 0.546439 0.546539 0.547959 0.550717 0.554846 0.560398 0.567443 0.576073 0.586404 0.598581 0.612781 0.629225 0.648180 0.669976 0.695022 0.723825 0.757021 0.795416 0.813730 0.796211 0.781273 0.768703 0.758329 0.750014 0.743652 0.739162 0.736490 0.735603 0.736490 0.739162 0.743652 0.750014 0.758329 0.768703 0.781273 0.796211 0.813730 0.834091 0.857617 0.830958 0.792300 0.758827 0.729753 0.704460 0.682451 0.663325 0.646757 0.632483 0.620288 0.609995 0.601465 0.594582 0.589258 0.585427 0.583040 0.582070 0.582504 0.584347 0.587622 0.592369 0.598648 0.606537 0.610648 0.598119 0.587480 0.578583 0.571307 0.565557 0.561260 0.558363 0.556831 0.556644 0.557801 0.560315 0.564217 0.569556 0.576399 0.584834 0.594974 0.606961 0.620966 0.637205 0.655939 0.677489 0.702252 0.730722 0.763514 0.801409 0.845406 0.896799 0.957302 2956.000000 1.420263 0.798784
0.592369 0.598648 0.606537 0.610648 0.598119 0.587480 0.578583 0.571307 0.565557 0.561260 0.558363 0.556831 0.556644 0.557801 0.560315 0.564217 0.569556 0.576399 0.584834 0.594974 0.606961 0.620966 0.637205 0.655939 0.677489 0.702252 0.730722 0.763514 0.801409 0.845406 0.896799 0.957302 1.000000 0.945166 0.898084 0.857438 0.822207 0.791588 0.764945 0.741765 0.721637 0.704223 0.689252 0.676500 0.665785 0.656963 0.649917 0.644557 0.640816 0.638647 0.638025 0.638942 0.641409 0.645456 0.651133 0.658511 0.667686 0.666467 0.645126 0.626572 0.610485 0.596605 0.584720 0.574656 0.566273 0.559461 0.554129 0.550211 0.547658 0.546439 0.546539 0.547959 0.550717 0.554846 0.560398 0.567443 0.576073 0.586404 0.598581 0.612781 0.629225 0.648180 0.669976 0.695022 0.723825 0.757021 0.795416 0.813730 0.796211 0.781273 0.768703 0.758329 0.750014 0.743652 0.739162 0.736490 0.735603 0.736490 0.739162 0.743652 0.750014 0.758329 0.768703 0.781273 0.796211 0.813730 0.834091 0.857617 0.830958 0.792300 0.758827 0.729753 0.704460 0.682451 0.663325 0.646757 0.632483 0.620288 0.609995 0.601465 0.594582 0.589258 0.585427 0.583040 0.582070 0.582504 0.584347 0.587622 2956.000000 1.420263 0.798784
0.735603 0.736490 0.739162 0.743652 0.750014 0.758329 0.768703 0.781273 0.796211 0.813730 0.834091 0.857617 0.830958 0.792300 0.758827 0.729753 0.704460 0.682451 0.663325 0.646757 0.632483 0.620288 0.609995 0.601465 0.594582 0.589258 0.585427 0.583040 0.582070 0.582504 0.584347 0.587622 0.592369 0.598648 0.606537 0.610648 0.598119 0.587480 0.578583 0.571307 0.565557 0.561260 0.558363 0.556831 0.556644 0.557801 0.560315 0.564217 0.569556 0.576399 0.584834 0.594974 0.606961 0.620966 0.637205 0.655939 0.677489 0.702252 0.730722 0.763514 0.801409 0.845406 0.896799 0.957302 1.000000 0.945166 0.898084 0.857438 0.822207 0.791588 0.764945 0.741765 0.721637 0.704223 0.689252 0.676500 0.665785 0.656963 0.649917 0.644557 0.640816 0.638647 0.638025 0.638942 0.641409 0.645456 0.651133 0.658511 0.667686 0.666467 0.645126 0.626572 0.610485 0.596605 0.584720 0.574656 0.566273 0.559461 0.554129 0.550211 0.547658 0.546439 0.546539 0.547959 0.550717 0.554846 0.560398 0.567443 0.576073 0.586404 0.598581 0.612781 0.629225 0.648180 0.669976 0.695022 0.723825 0.757021 0.795416 0.813730 0.796211 0.781273 0.768703 0.758329 0.750014 0.743652 0.739162 0.736490 2956.000000 1.420263 0.798784
0.566273 0.559461 0.554129 0.550211 0.547658 0.546439 0.546539 0.547959 0.550717 0.554846 0.560398 0.567443 0.576073 0.586404 0.598581 0.612781 0.629225 0.648180 0.669976 0.695022 0.723825 0.757021 0.795416 0.813730 0.796211 0.781273 0.768703 0.758329 0.750014 0.743652 0.739162 0.736490 0.735603 0.736490 0.739162 0.743652 0.750014 0.758329 0.768703 0.781273 0.796211 0.813730 0.834091 0.857617 0.830958 0.792300 0.758827 0.729753 0.704460 0.682451 0.663325 0.646757 0.632483 0.620288 0.609995 0.601465 0.594582 0.589258 0.585427 0.583040 0.582070 0.582504 0.584347 0.587622 0.592369 0.598648 0.606537 0.610648 0.598119 0.587480 0.578583 0.571307 0.565557 0.561260 0.558363 0.556831 0.556644 0.557801 0.560315 0.564217 0.569556 0.576399 0.584834 0.594974 0.606961 0.620966 0.637205 0.655939 0.677489 0.702252 0.730722 0.763514 0.801409 0.845406 0.896799 0.957302 1.000000 0.945166 0.898084 0.857438 0.822207 0.791588 0.764945 0.741765 0.721637 0.704223 0.689252 0.676500 0.665785 0.656963 0.649917 0.644557 0.640816 0.638647 0.638025 0.638942 0.641409 0.645456 0.651133 0.658511 0.667686 0.666467 0.645126 0.626572 0.610485 0.596605 0.584720 0.574656 2956.000000 1.420263 0.798784
0.786659 0.828300 0.876826 0.933780 0.949160 0.939003 0.931280 0.925895 0.922783 0.921905 0.923251 0.926837 0.932706 0.940932 0.951617 0.964898 0.980953 1.000000 0.958697 0.893585 0.838647 0.791870 0.751751 0.717145 0.687168 0.661125 0.638466 0.618750 0.602226 0.588107 0.575990 0.565698 0.557086 0.550038 0.544460 0.540284 0.537455 0.535941 0.535722 0.536796 0.539176 0.542891 0.547986 0.554527 0.562597 0.572305 0.583785 0.597203 0.607554 0.613769 0.621625 0.631226 0.642700 0.656210 0.671953 0.690174 0.711171 0.735313 0.763055 0.794962 0.831745 0.874306 0.923803 0.924654 0.901935 0.882381 0.865697 0.851647 0.840037 0.830713 0.823556 0.818477 0.815412 0.814324 0.815201 0.818053 0.822913 0.829843 0.838929 0.850288 0.864068 0.880458 0.899692 0.922055 0.912210 0.872276 0.837626 0.807494 0.781272 0.758469 0.738688 0.721607 0.706963 0.694542 0.684169 0.675705 0.669040 0.664090 0.660792 0.659107 0.659014 0.648518 0.630728 0.615331 0.602083 0.590787 0.581282 0.573437 0.567150 0.562339 0.558944 0.556923 0.556252 0.556923 0.558944 0.562339 0.567150 0.573437 0.581282 0.590787 0.602083 0.615331 0.630728 0.648518 0.668999 0.692539 0.719592 0.750727 1070.500000 1.338777 0.804233
0.669040 0.664090 0.660792 0.659107 0.659014 0.648518 0.630728 0.615331 0.602083 0.590787 0.581282 0.573437 0.567150 0.562339 0.558944 0.556923 0.556252 0.556923 0.558944 0.562339 0.567150 0.573437 0.581282 0.590787 0.602083 0.615331 0.630728 0.648518 0.668999 0.692539 0.719592 0.750727 0.786659 0.828300 0.876826 0.933780 0.949160 0.939003 0.931280 0.925895 0.922783 0.921905 0.923251 0.926837 0.932706 0.940932 0.951617 0.964898 0.980953 1.000000 0.958697 0.893585 0.838647 0.791870 0.751751 0.717145 0.687168 0.661125 0.638466 0.618750 0.602226 0.588107 0.575990 0.565698 0.557086 0.550038 0.544460 0.540284 0.537455 0.535941 0.535722 0.536796 0.539176 0.542891 0.547986 0.554527 0.562597 0.572305 0.583785 0.597203 0.607554 0.613769 0.621625 0.631226 0.642700 0.656210 0.671953 0.690174 0.711171 0.735313 0.763055 0.794962 0.831745 0.874306 0.923803 0.924654 0.901935 0.882381 0.865697 0.851647 0.840037 0.830713 0.823556 0.818477 0.815412 0.814324 0.815201 0.818053 0.822913 0.829843 0.838929 0.850288 0.864068 0.880458 0.899692 0.922055 0.912210 0.872276 0.837626 0.807494 0.781272 0.758469 0.738688 0.721607 0.706963 0.694542 0.684169 0.675705 1070.500000 1.338777 0.804233
0.901935 0.882381 0.865697 0.851647 0.840037 0.830713 0.823556 0.818477 0.815412 0.814324 0.815201 0.818053 0.822913 0.829843 0.838929 0.850288 0.864068 0.880458 0.899692 0.922055 0.912210 0.872276 0.837626 0.807494 0.781272 0.758469 0.738688 0.721607 0.706963 0.694542 0.684169 0.675705 0.669040 0.664090 0.660792 0.659107 0.659014 0.648518 0.630728 0.615331 0.602083 0.590787 0.581282 0.573437 0.567150 0.562339 0.558944 0.556923 0.556252 0.556923 0.558944 0.562339 0.567150 0.573437 0.581282 0.590787 0.602083 0.615331 0.630728 0.648518 0.668999 0.692539 0.719592 0.750727 0.786659 0.828300 0.876826 0.933780 0.949160 0.939003 0.931280 0.925895 0.922783 0.921905 0.923251 0.926837 0.932706 0.940932 0.951617 0.964898 0.980953 1.000000 0.958697 0.893585 0.838647 0.791870 0.751751 0.717145 0.687168 0.661125 0.638466 0.618750 0.602226 0.588107 0.575990 0.565698 0.557086 0.550038 0.544460 0.540284 0.537455 0.535941 0.535722 0.536796 0.539176 0.542891 0.547986 0.554527 0.562597 0.572305 0.583785 0.597203 0.607554 0.613769 0.621625 0.631226 0.642700 0.656210 0.671953 0.690174 0.711171 0.735313 0.763055 0.794962 0.831745 0.874306 0.923803 0.924654 1070.500000 1.338777 0.804233
0.557086 0.550038 0.544460 0.540284 0.537455 0.535941 0.535722 0.536796 0.539176 0.542891 0.547986 0.554527 0.562597 0.572305 0.583785 0.597203 0.607554 0.613769 0.621625 0.631226 0.642700 0.656210 0.671953 0.690174 0.711171 0.735313 0.763055 0.794962 0.831745 0.874306 0.923803 0.924654 0.901935 0.882381 0.865697 0.851647 0.840037 0.830713 0.823556 0.818477 0.815412 0.814324 0.815201 0.818053 0.822913 0.829843 0.838929 0.850288 0.864068 0.880458 0.899692 0.922055 0.912210 0.872276 0.837626 0.807494 0.781272 0.758469 0.738688 0.721607 0.706963 0.694542 0.684169 0.675705 0.669040 0.664090 0.660792 0.659107 0.659014 0.648518 0.630728 0.615331 0.602083 0.590787 0.581282 0.573437 0.567150 0.562339 0.558944 0.556923 0.556252 0.556923 0.558944 0.562339 0.567150 0.573437 0.581282 0.590787 0.602083 0.615331 0.630728 0.648518 0.668999 0.692539 0.719592 0.750727 0.786659 0.828300 0.876826 0.933780 0.949160 0.939003 0.931280 0.925895 0.922783 0.921905 0.923251 0.926837 0.932706 0.940932 0.951617 0.964898 0.980953 1.000000 0.958697 0.893585 0.838647 0.791870 0.751751 0.717145 0.687168 0.661125 0.638466 0.618750 0.602226 0.588107 0.575990 0.565698 1070.500000 1.338777 0.804233
0.754207 0.776405 0.801941 0.831283 0.865018 0.903876 0.947230 0.892875 0.846349 0.806278 0.771604 0.741502 0.715320 0.692534 0.672726 0.655556 0.640745 0.628068 0.617341 0.608416 0.601173 0.595518 0.591379 0.588707 0.585563 0.582564 0.580988 0.580817 0.582047 0.584694 0.588790 0.594386 0.601553 0.610383 0.620994 0.633534 0.648184 0.665169 0.684762 0.707299 0.733197 0.762972 0.797269 0.836906 0.882928 0.936695 1.000000 0.951449 0.901920 0.859260 0.822345 0.790296 0.762420 0.738161 0.717072 0.698792 0.683025 0.669531 0.658115 0.648618 0.640913 0.634901 0.630505 0.627671 0.626365 0.626571 0.628291 0.631546 0.636376 0.642841 0.651023 0.661030 0.672995 0.687087 0.703513 0.722527 0.744441 0.769637 0.798590 0.831889 0.803815 0.779263 0.757937 0.739482 0.723607 0.710073 0.698688 0.689297 0.681776 0.676028 0.671982 0.669587 0.668815 0.669656 0.672120 0.676238 0.682060 0.689658 0.699132 0.710604 0.724234 0.740214 0.758785 0.780240 0.804939 0.809142 0.782671 0.759650 0.739675 0.722420 0.707617 0.695049 0.684541 0.675949 0.669163 0.664095 0.660684 0.658886 0.658681 0.660065 0.663056 0.667691 0.674025 0.682140 0.692141 0.704160 0.718366 0.734964 2829.000000 1.025039 0.772976
0.682060 0.689658 0.699132 0.710604 0.724234 0.740214 0.758785 0.780240 0.804939 0.809142 0.782671 0.759650 0.739675 0.722420 0.707617 0.695049 0.684541 0.675949 0.669163 0.664095 0.660684 0.658886 0.658681 0.660065 0.663056 0.667691 0.674025 0.682140 0.692141 0.704160 0.718366 0.734964 0.754207 0.776405 0.801941 0.831283 0.865018 0.903876 0.947230 0.892875 0.846349 0.806278 0.771604 0.741502 0.715320 0.692534 0.672726 0.655556 0.640745 0.628068 0.617341 0.608416 0.601173 0.595518 0.591379 0.588707 0.585563 0.582564 0.580988 0.580817 0.582047 0.584694 0.588790 0.594386 0.601553 0.610383 0.620994 0.633534 0.648184 0.665169 0.684762 0.707299 0.733197 0.762972 0.797269 0.836906 0.882928 0.936695 1.000000 0.951449 0.901920 0.859260 0.822345 0.790296 0.762420 0.738161 0.717072 0.698792 0.683025 0.669531 0.658115 0.648618 0.640913 0.634901 0.630505 0.627671 0.626365 0.626571 0.628291 0.631546 0.636376 0.642841 0.651023 0.661030 0.672995 0.687087 0.703513 0.722527 0.744441 0.769637 0.798590 0.831889 0.803815 0.779263 0.757937 0.739482 0.723607 0.710073 0.698688 0.689297 0.681776 0.676028 0.671982 0.669587 0.668815 0.669656 0.672120 0.676238 2829.000000 1.025039 0.772976
0.626365 0.626571 0.628291 0.631546 0.636376 0.642841 0.651023 0.661030 0.672995 0.687087 0.703513 0.722527 0.744441 0.769637 0.798590 0.831889 0.803815 0.779263 0.757937 0.739482 0.723607 0.710073 0.698688 0.689297 0.681776 0.676028 0.671982 0.669587 0.668815 0.669656 0.672120 0.676238 0.682060 0.689658 0.699132 0.710604 0.724234 0.740214 0.758785 0.780240 0.804939 0.809142 0.782671 0.759650 0.739675 0.722420 0.707617 0.695049 0.684541 0.675949 0.669163 0.664095 0.660684 0.658886 0.658681 0.660065 0.663056 0.667691 0.674025 0.682140 0.692141 0.704160 0.718366 0.734964 0.754207 0.776405 0.801941 0.831283 0.865018 0.903876 0.947230 0.892875 0.846349 0.806278 0.771604 0.741502 0.715320 0.692534 0.672726 0.655556 0.640745 0.628068 0.617341 0.608416 0.601173 0.595518 0.591379 0.588707 0.585563 0.582564 0.580988 0.580817 0.582047 0.584694 0.588790 0.594386 0.601553 0.610383 0.620994 0.633534 0.648184 0.665169 0.684762 0.707299 0.733197 0.762972 0.797269 0.836906 0.882928 0.936695 1.000000 0.951449 0.901920 0.859260 0.822345 0.790296 0.762420 0.738161 0.717072 0.698792 0.683025 0.669531 0.658115 0.648618 0.640913 0.634901 0.630505 0.627671 2829.000000 1.025039 0.772976
0.601553 0.610383 0.620994 0.633534 0.648184 0.665169 0.684762 0.707299 0.733197 0.762972 0.797269 0.836906 0.882928 0.936695 1.000000 0.951449 0.901920 0.859260 0.822345 0.790296 0.762420 0.738161 0.717072 0.698792 0.683025 0.669531 0.658115 0.648618 0.640913 0.634901 0.630505 0.627671 0.626365 0.626571 0.628291 0.631546 0.636376 0.642841 0.651023 0.661030 0.672995 0.687087 0.703513 0.722527 0.744441 0.769637 0.798590 0.831889 0.803815 0.779263 0.757937 0.739482 0.723607 0.710073 0.698688 0.689297 0.681776 0.676028 0.671982 0.669587 0.668815 0.669656 0.672120 0.676238 0.682060 0.689658 0.699132 0.710604 0.724234 0.740214 0.758785 0.780240 0.804939 0.809142 0.782671 0.759650 0.739675 0.722420 0.707617 0.695049 0.684541 0.675949 0.669163 0.664095 0.660684 0.658886 0.658681 0.660065 0.663056 0.667691 0.674025 0.682140 0.692141 0.704160 0.718366 0.734964 0.754207 0.776405 0.801941 0.831283 0.865018 0.903876 0.947230 0.892875 0.846349 0.806278 0.771604 0.741502 0.715320 0.692534 0.672726 0.655556 0.640745 0.628068 0.617341 0.608416 0.601173 0.595518 0.591379 0.588707 0.585563 0.582564 0.580988 0.580817 0.582047 0.584694 0.588790 0.594386 2829.000000 1.025039 0.772976
0.862766 0.836954 0.814548 0.795175 0.778535 0.764381 0.752512 0.742769 0.735022 0.729174 0.725152 0.722906 0.722408 0.723654 0.726657 0.731455 0.738106 0.746695 0.757333 0.770160 0.785353 0.803132 0.823764 0.847581 0.874987 0.886115 0.853448 0.825021 0.800292 0.778824 0.760261 0.744314 0.730747 0.719368 0.710021 0.702585 0.696965 0.693091 0.690915 0.690410 0.691572 0.694412 0.698967 0.705293 0.713468 0.723599 0.735820 0.750299 0.767245 0.786914 0.797667 0.779880 0.764670 0.751818 0.741148 0.732516 0.725811 0.720949 0.717870 0.716535 0.716930 0.719058 0.722946 0.728640 0.736213 0.745761 0.757408 0.771312 0.787670 0.806721 0.828763 0.854160 0.883357 0.916908 0.955501 1.000000 0.962588 0.917051 0.877647 0.843437 0.813681 0.787787 0.765276 0.745763 0.728932 0.714528 0.702341 0.692203 0.683977 0.677558 0.672864 0.669838 0.668441 0.668658 0.670491 0.673961 0.679113 0.686009 0.694738 0.705413 0.718178 0.733213 0.750738 0.771024 0.786486 0.771077 0.758052 0.747229 0.738466 0.731647 0.726688 0.723527 0.722126 0.722467 0.724555 0.728415 0.734094 0.741663 0.751219 0.762885 0.776821 0.793222 0.812330 0.834440 0.859918 0.889210 0.922870 0.892438 5126.500000 1.109572 0.844044
0.679113 0.686009 0.694738 0.705413 0.718178 0.733213 0.750738 0.771024 0.786486 0.771077 0.758052 0.747229 0.738466 0.731647 0.726688 0.723527 0.722126 0.722467 0.724555 0.728415 0.734094 0.741663 0.751219 0.762885 0.776821 0.793222 0.812330 0.834440 0.859918 0.889210 0.922870 0.892438 0.862766 0.836954 0.814548 0.795175 0.778535 0.764381 0.752512 0.742769 0.735022 0.729174 0.725152 0.722906 0.722408 0.723654 0.726657 0.731455 0.738106 0.746695 0.757333 0.770160 0.785353 0.803132 0.823764 0.847581 0.874987 0.886115 0.853448 0.825021 0.800292 0.778824 0.760261 0.744314 0.730747 0.719368 0.710021 0.702585 0.696965 0.693091 0.690915 0.690410 0.691572 0.694412 0.698967 0.705293 0.713468 0.723599 0.735820 0.750299 0.767245 0.786914 0.797667 0.779880 0.764670 0.751818 0.741148 0.732516 0.725811 0.720949 0.717870 0.716535 0.716930 0.719058 0.722946 0.728640 0.736213 0.745761 0.757408 0.771312 0.787670 0.806721 0.828763 0.854160 0.883357 0.916908 0.955501 1.000000 0.962588 0.917051 0.877647 0.843437 0.813681 0.787787 0.765276 0.745763 0.728932 0.714528 0.702341 0.692203 0.683977 0.677558 0.672864 0.669838 0.668441 0.668658 0.670491 0.673961 5126.500000 1.109572 0.844044
0.736213 0.745761 0.757408 0.771312 0.787670 0.806721 0.828763 0.854160 0.883357 0.916908 0.955501 1.000000 0.962588 0.917051 0.877647 0.843437 0.813681 0.787787 0.765276 0.745763 0.728932 0.714528 0.702341 0.692203 0.683977 0.677558 0.672864 0.669838 0.668441 0.668658 0.670491 0.673961 0.679113 0.686009 0.694738 0.705413 0.718178 0.733213 0.750738 0.771024 0.786486 0.771077 0.758052 0.747229 0.738466 0.731647 0.726688 0.723527 0.722126 0.722467 0.724555 0.728415 0.734094 0.741663 0.751219 0.762885 0.776821 0.793222 0.812330 0.834440 0.859918 0.889210 0.922870 0.892438 0.862766 0.836954 0.814548 0.795175 0.778535 0.764381 0.752512 0.742769 0.735022 0.729174 0.725152 0.722906 0.722408 0.723654 0.726657 0.731455 0.738106 0.746695 0.757333 0.770160 0.785353 0.803132 0.823764 0.847581 0.874987 0.886115 0.853448 0.825021 0.800292 0.778824 0.760261 0.744314 0.730747 0.719368 0.710021 0.702585 0.696965 0.693091 0.690915 0.690410 0.691572 0.694412 0.698967 0.705293 0.713468 0.723599 0.735820 0.750299 0.767245 0.786914 0.797667 0.779880 0.764670 0.751818 0.741148 0.732516 0.725811 0.720949 0.717870 0.716535 0.716930 0.719058 0.722946 0.728640 5126.500000 1.109572 0.844044
0.730747 0.719368 0.710021 0.702585 0.696965 0.693091 0.690915 0.690410 0.691572 0.694412 0.698967 0.705293 0.713468 0.723599 0.735820 0.750299 0.767245 0.786914 0.797667 0.779880 0.764670 0.751818 0.741148 0.732516 0.725811 0.720949 0.717870 0.716535 0.716930 0.719058 0.722946 0.728640 0.736213 0.745761 0.757408 0.771312 0.787670 0.806721 0.828763 0.854160 0.883357 0.916908 0.955501 1.000000 0.962588 0.917051 0.877647 0.843437 0.813681 0.787787 0.765276 0.745763 0.728932 0.714528 0.702341 0.692203 0.683977 0.677558 0.672864 0.669838 0.668441 0.668658 0.670491 0.673961 0.679113 0.686009 0.694738 0.705413 0.718178 0.733213 0.750738 0.771024 0.786486 0.771077 0.758052 0.747229 0.738466 0.731647 0.726688 0.723527 0.722126 0.722467 0.724555 0.728415 0.734094 0.741663 0.751219 0.762885 0.776821 0.793222 0.812330 0.834440 0.859918 0.889210 0.922870 0.892438 0.862766 0.836954 0.814548 0.795175 0.778535 0.764381 0.752512 0.742769 0.735022 0.729174 0.725152 0.722906 0.722408 0.723654 0.726657 0.731455 0.738106 0.746695 0.757333 0.770160 0.785353 0.803132 0.823764 0.847581 0.874987 0.886115 0.853448 0.825021 0.800292 0.778824 0.760261 0.744314 5126.500000 1.109572 0.844044
0.726648 0.737547 0.750613 0.766029 0.784020 0.804861 0.828893 0.856531 0.888289 0.924807 0.966885 1.000000 0.957345 0.920306 0.888086 0.860048 0.835678 0.814558 0.796352 0.780781 0.767621 0.756690 0.747843 0.740964 0.735968 0.732792 0.731398 0.731768 0.733908 0.737844 0.743623 0.751317 0.761025 0.772873 0.787022 0.803671 0.823065 0.804808 0.788056 0.773813 0.761879 0.752091 0.744322 0.738473 0.734471 0.732267 0.731833 0.733165 0.736279 0.741213 0.730970 0.720976 0.712946 0.706777 0.702392 0.699736 0.698777 0.699503 0.701924 0.706068 0.711988 0.719755 0.729471 0.741263 0.755292 0.771758 0.790905 0.809379 0.808967 0.810508 0.814019 0.819543 0.827149 0.836933 0.849021 0.863574 0.880794 0.900929 0.924285 0.951237 0.982245 0.949920 0.907298 0.870343 0.838221 0.810268 0.785951 0.764841 0.746586 0.730902 0.717557 0.706361 0.697164 0.689843 0.684305 0.680483 0.678327 0.677813 0.678935 0.684420 0.696565 0.710892 0.727611 0.746977 0.769307 0.794987 0.824496 0.858428 0.836128 0.811003 0.789190 0.770327 0.754119 0.740326 0.728752 0.719241 0.711667 0.705934 0.701970 0.699727 0.699177 0.700314 0.700565 0.700560 0.702248 0.705647 0.710800 0.717771 7775.500000 1.043414 0.847798
0.678327 0.677813 0.678935 0.684420 0.696565 0.710892 0.727611 0.746977 0.769307 0.794987 0.824496 0.858428 0.836128 0.811003 0.789190 0.770327 0.754119 0.740326 0.728752 0.719241 0.711667 0.705934 0.701970 0.699727 0.699177 0.700314 0.700565 0.700560 0.702248 0.705647 0.710800 0.717771 0.726648 0.737547 0.750613 0.766029 0.784020 0.804861 0.828893 0.856531 0.888289 0.924807 0.966885 1.000000 0.957345 0.920306 0.888086 0.860048 0.835678 0.814558 0.796352 0.780781 0.767621 0.756690 0.747843 0.740964 0.735968 0.732792 0.731398 0.731768 0.733908 0.737844 0.743623 0.751317 0.761025 0.772873 0.787022 0.803671 0.823065 0.804808 0.788056 0.773813 0.761879 0.752091 0.744322 0.738473 0.734471 0.732267 0.731833 0.733165 0.736279 0.741213 0.730970 0.720976 0.712946 0.706777 0.702392 0.699736 0.698777 0.699503 0.701924 0.706068 0.711988 0.719755 0.729471 0.741263 0.755292 0.771758 0.790905 0.809379 0.808967 0.810508 0.814019 0.819543 0.827149 0.836933 0.849021 0.863574 0.880794 0.900929 0.924285 0.951237 0.982245 0.949920 0.907298 0.870343 0.838221 0.810268 0.785951 0.764841 0.746586 0.730902 0.717557 0.706361 0.697164 0.689843 0.684305 0.680483 7775.500000 1.043414 0.847798
0.755292 0.771758 0.790905 0.809379 0.808967 0.810508 0.814019 0.819543 0.827149 0.836933 0.849021 0.863574 0.880794 0.900929 0.924285 0.951237 0.982245 0.949920 0.907298 0.870343 0.838221 0.810268 0.785951 0.764841 0.746586 0.730902 0.717557 0.706361 0.697164 0.689843 0.684305 0.680483 0.678327 0.677813 0.678935 0.684420 0.696565 0.710892 0.727611 0.746977 0.769307 0.794987 0.824496 0.858428 0.836128 0.811003 0.789190 0.770327 0.754119 0.740326 0.728752 0.719241 0.711667 0.705934 0.701970 0.699727 0.699177 0.700314 0.700565 0.700560 0.702248 0.705647 0.710800 0.717771 0.726648 0.737547 0.750613 0.766029 0.784020 0.804861 0.828893 0.856531 0.888289 0.924807 0.966885 1.000000 0.957345 0.920306 0.888086 0.860048 0.835678 0.814558 0.796352 0.780781 0.767621 0.756690 0.747843 0.740964 0.735968 0.732792 0.731398 0.731768 0.733908 0.737844 0.743623 0.751317 0.761025 0.772873 0.787022 0.803671 0.823065 0.804808 0.788056 0.773813 0.761879 0.752091 0.744322 0.738473 0.734471 0.732267 0.731833 0.733165 0.736279 0.741213 0.730970 0.720976 0.712946 0.706777 0.702392 0.699736 0.698777 0.699503 0.701924 0.706068 0.711988 0.719755 0.729471 0.741263 7775.500000 1.043414 0.847798
0.761025 0.772873 0.787022 0.803671 0.823065 0.804808 0.788056 0.773813 0.761879 0.752091 0.744322 0.738473 0.734471 0.732267 0.731833 0.733165 0.736279 0.741213 0.730970 0.720976 0.712946 0.706777 0.702392 0.699736 0.698777 0.699503 0.701924 0.706068 0.711988 0.719755 0.729471 0.741263 0.755292 0.771758 0.790905 0.809379 0.808967 0.810508 0.814019 0.819543 0.827149 0.836933 0.849021 0.863574 0.880794 0.900929 0.924285 0.951237 0.982245 0.949920 0.907298 0.870343 0.838221 0.810268 0.785951 0.764841 0.746586 0.730902 0.717557 0.706361 0.697164 0.689843 0.684305 0.680483 0.678327 0.677813 0.678935 0.684420 0.696565 0.710892 0.727611 0.746977 0.769307 0.794987 0.824496 0.858428 0.836128 0.811003 0.789190 0.770327 0.754119 0.740326 0.728752 0.719241 0.711667 0.705934 0.701970 0.699727 0.699177 0.700314 0.700565 0.700560 0.702248 0.705647 0.710800 0.717771 0.726648 0.737547 0.750613 0.766029 0.784020 0.804861 0.828893 0.856531 0.888289 0.924807 0.966885 1.000000 0.957345 0.920306 0.888086 0.860048 0.835678 0.814558 0.796352 0.780781 0.767621 0.756690 0.747843 0.740964 0.735968 0.732792 0.731398 0.731768 0.733908 0.737844 0.743623 0.751317 7775.500000 1.043414 0.847798
0.940335 0.961467 0.887989 0.826794 0.775238 0.731392 0.693823 0.661440 0.633403 0.609054 0.587871 0.569438 0.553419 0.539540 0.527581 0.517359 0.508729 0.501570 0.495787 0.491306 0.488071 0.486042 0.485193 0.485515 0.487012 0.489701 0.493616 0.498805 0.505334 0.513290 0.522780 0.533938 0.546929 0.561956 0.579266 0.599167 0.622035 0.648341 0.678679 0.713798 0.754669 0.769221 0.725873 0.688721 0.656692 0.628958 0.604869 0.583912 0.565676 0.549829 0.536101 0.524275 0.514172 0.505645 0.498578 0.492877 0.488469 0.485297 0.483323 0.482523 0.482887 0.484419 0.487139 0.491078 0.496288 0.502833 0.510801 0.520298 0.531460 0.544452 0.559477 0.576783 0.596678 0.619539 0.645841 0.676175 0.711298 0.752181 0.800095 0.856733 0.924397 1.000000 0.897914 0.816526 0.750322 0.695600 0.649775 0.610997 0.577899 0.549459 0.524893 0.503590 0.485072 0.468957 0.454939 0.442771 0.432251 0.423215 0.415529 0.409086 0.403798 0.399594 0.396423 0.394244 0.393030 0.392767 0.393452 0.395092 0.397709 0.401333 0.406011 0.411804 0.418788 0.427059 0.436736 0.447967 0.460931 0.475847 0.492989 0.512693 0.535381 0.561586 0.591987 0.627467 0.669186 0.718702 0.778155 0.850567 5955.000000 1.354353 0.583768
0.432251 0.423215 0.415529 0.409086 0.403798 0.399594 0.396423 0.394244 0.393030 0.392767 0.393452 0.395092 0.397709 0.401333 0.406011 0.411804 0.418788 0.427059 0.436736 0.447967 0.460931 0.475847 0.492989 0.512693 0.535381 0.561586 0.591987 0.627467 0.669186 0.718702 0.778155 0.850567 0.940335 0.961467 0.887989 0.826794 0.775238 0.731392 0.693823 0.661440 0.633403 0.609054 0.587871 0.569438 0.553419 0.539540 0.527581 0.517359 0.508729 0.501570 0.495787 0.491306 0.488071 0.486042 0.485193 0.485515 0.487012 0.489701 0.493616 0.498805 0.505334 0.513290 0.522780 0.533938 0.546929 0.561956 0.579266 0.599167 0.622035 0.648341 0.678679 0.713798 0.754669 0.769221 0.725873 0.688721 0.656692 0.628958 0.604869 0.583912 0.565676 0.549829 0.536101 0.524275 0.514172 0.505645 0.498578 0.492877 0.488469 0.485297 0.483323 0.482523 0.482887 0.484419 0.487139 0.491078 0.496288 0.502833 0.510801 0.520298 0.531460 0.544452 0.559477 0.576783 0.596678 0.619539 0.645841 0.676175 0.711298 0.752181 0.800095 0.856733 0.924397 1.000000 0.897914 0.816526 0.750322 0.695600 0.649775 0.610997 0.577899 0.549459 0.524893 0.503590 0.485072 0.468957 0.454939 0.442771 5955.000000 1.354353 0.583768
0.496288 0.502833 0.510801 0.520298 0.531460 0.544452 0.559477 0.576783 0.596678 0.619539 0.645841 0.676175 0.711298 0.752181 0.800095 0.856733 0.924397 1.000000 0.897914 0.816526 0.750322 0.695600 0.649775 0.610997 0.577899 0.549459 0.524893 0.503590 0.485072 0.468957 0.454939 0.442771 0.432251 0.423215 0.415529 0.409086 0.403798 0.399594 0.396423 0.394244 0.393030 0.392767 0.393452 0.395092 0.397709 0.401333 0.406011 0.411804 0.418788 0.427059 0.436736 0.447967 0.460931 0.475847 0.492989 0.512693 0.535381 0.561586 0.591987 0.627467 0.669186 0.718702 0.778155 0.850567 0.940335 0.961467 0.887989 0.826794 0.775238 0.731392 0.693823 0.661440 0.633403 0.609054 0.587871 0.569438 0.553419 0.539540 0.527581 0.517359 0.508729 0.501570 0.495787 0.491306 0.488071 0.486042 0.485193 0.485515 0.487012 0.489701 0.493616 0.498805 0.505334 0.513290 0.522780 0.533938 0.546929 0.561956 0.579266 0.599167 0.622035 0.648341 0.678679 0.713798 0.754669 0.769221 0.725873 0.688721 0.656692 0.628958 0.604869 0.583912 0.565676 0.549829 0.536101 0.524275 0.514172 0.505645 0.498578 0.492877 0.488469 0.485297 0.483323 0.482523 0.482887 0.484419 0.487139 0.491078 5955.000000 1.354353 0.583768
0.546929 0.561956 0.579266 0.599167 0.622035 0.648341 0.678679 0.713798 0.754669 0.769221 0.725873 0.688721 0.656692 0.628958 0.604869 0.583912 0.565676 0.549829 0.536101 0.524275 0.514172 0.505645 0.498578 0.492877 0.488469 0.485297 0.483323 0.482523 0.482887 0.484419 0.487139 0.491078 0.496288 0.502833 0.510801 0.520298 0.531460 0.544452 0.559477 0.576783 0.596678 0.619539 0.645841 0.676175 0.711298 0.752181 0.800095 0.856733 0.924397 1.000000 0.897914 0.816526 0.750322 0.695600 0.649775 0.610997 0.577899 0.549459 0.524893 0.503590 0.485072 0.468957 0.454939 0.442771 0.432251 0.423215 0.415529 0.409086 0.403798 0.399594 0.396423 0.394244 0.393030 0.392767 0.393452 0.395092 0.397709 0.401333 0.406011 0.411804 0.418788 0.427059 0.436736 0.447967 0.460931 0.475847 0.492989 0.512693 0.535381 0.561586 0.591987 0.627467 0.669186 0.718702 0.778155 0.850567 0.940335 0.961467 0.887989 0.826794 0.775238 0.731392 0.693823 0.661440 0.633403 0.609054 0.587871 0.569438 0.553419 0.539540 0.527581 0.517359 0.508729 0.501570 0.495787 0.491306 0.488071 0.486042 0.485193 0.485515 0.487012 0.489701 0.493616 0.498805 0.505334 0.513290 0.522780 0.533938 5955.000000 1.354353 0.583768
0.528086 0.501297 0.478191 0.458177 0.440789 0.425662 0.412499 0.401062 0.391160 0.382635 0.375358 0.369226 0.364154 0.360075 0.356937 0.354700 0.353337 0.352831 0.353176 0.354377 0.356447 0.359413 0.363311 0.368191 0.374118 0.381172 0.389453 0.399085 0.410218 0.423039 0.437776 0.454712 0.474199 0.496682 0.522724 0.553055 0.588627 0.630714 0.681050 0.742060 0.817239 0.911812 1.000000 0.880753 0.788613 0.715487 0.656217 0.607368 0.566558 0.532087 0.502713 0.477502 0.455744 0.436890 0.420506 0.406250 0.393847 0.383074 0.373751 0.365731 0.358895 0.353145 0.348402 0.344604 0.341702 0.339661 0.338454 0.338067 0.338495 0.339744 0.341829 0.344776 0.348620 0.353413 0.359216 0.366110 0.374193 0.383586 0.394437 0.406929 0.421286 0.437787 0.456778 0.478697 0.504101 0.533710 0.568470 0.609644 0.658960 0.718841 0.765497 0.726125 0.692190 0.662812 0.637298 0.615103 0.595789 0.579003 0.564460 0.551926 0.541213 0.532165 0.524657 0.518591 0.513887 0.510486 0.508347 0.507443 0.507764 0.509312 0.512107 0.516184 0.521593 0.528402 0.536702 0.546605 0.558250 0.571810 0.587495 0.605565 0.626339 0.650210 0.677671 0.709338 0.691641 0.639505 0.596014 0.559323 5784.000000 1.604177 0.558470
0.595789 0.579003 0.564460 0.551926 0.541213 0.532165 0.524657 0.518591 0.513887 0.510486 0.508347 0.507443 0.507764 0.509312 0.512107 0.516184 0.521593 0.528402 0.536702 0.546605 0.558250 0.571810 0.587495 0.605565 0.626339 0.650210 0.677671 0.709338 0.691641 0.639505 0.596014 0.559323 0.528086 0.501297 0.478191 0.458177 0.440789 0.425662 0.412499 0.401062 0.391160 0.382635 0.375358 0.369226 0.364154 0.360075 0.356937 0.354700 0.353337 0.352831 0.353176 0.354377 0.356447 0.359413 0.363311 0.368191 0.374118 0.381172 0.389453 0.399085 0.410218 0.423039 0.437776 0.454712 0.474199 0.496682 0.522724 0.553055 0.588627 0.630714 0.681050 0.742060 0.817239 0.911812 1.000000 0.880753 0.788613 0.715487 0.656217 0.607368 0.566558 0.532087 0.502713 0.477502 0.455744 0.436890 0.420506 0.406250 0.393847 0.383074 0.373751 0.365731 0.358895 0.353145 0.348402 0.344604 0.341702 0.339661 0.338454 0.338067 0.338495 0.339744 0.341829 0.344776 0.348620 0.353413 0.359216 0.366110 0.374193 0.383586 0.394437 0.406929 0.421286 0.437787 0.456778 0.478697 0.504101 0.533710 0.568470 0.609644 0.658960 0.718841 0.765497 0.726125 0.692190 0.662812 0.637298 0.615103 5784.000000 1.604177 0.558470
0.341702 0.339661 0.338454 0.338067 0.338495 0.339744 0.341829 0.344776 0.348620 0.353413 0.359216 0.366110 0.374193 0.383586 0.394437 0.406929 0.421286 0.437787 0.456778 0.478697 0.504101 0.533710 0.568470 0.609644 0.658960 0.718841 0.765497 0.726125 0.692190 0.662812 0.637298 0.615103 0.595789 0.579003 0.564460 0.551926 0.541213 0.532165 0.524657 0.518591 0.513887 0.510486 0.508347 0.507443 0.507764 0.509312 0.512107 0.516184 0.521593 0.528402 0.536702 0.546605 0.558250 0.571810 0.587495 0.605565 0.626339 0.650210 0.677671 0.709338 0.691641 0.639505 0.596014 0.559323 0.528086 0.501297 0.478191 0.458177 0.440789 0.425662 0.412499 0.401062 0.391160 0.382635 0.375358 0.369226 0.364154 0.360075 0.356937 0.354700 0.353337 0.352831 0.353176 0.354377 0.356447 0.359413 0.363311 0.368191 0.374118 0.381172 0.389453 0.399085 0.410218 0.423039 0.437776 0.454712 0.474199 0.496682 0.522724 0.553055 0.588627 0.630714 0.681050 0.742060 0.817239 0.911812 1.000000 0.880753 0.788613 0.715487 0.656217 0.607368 0.566558 0.532087 0.502713 0.477502 0.455744 0.436890 0.420506 0.406250 0.393847 0.383074 0.373751 0.365731 0.358895 0.353145 0.348402 0.344604 5784.000000 1.604177 0.558470
0.474199 0.496682 0.522724 0.553055 0.588627 0.630714 0.681050 0.742060 0.817239 0.911812 1.000000 0.880753 0.788613 0.715487 0.656217 0.607368 0.566558 0.532087 0.502713 0.477502 0.455744 0.436890 0.420506 0.406250 0.393847 0.383074 0.373751 0.365731 0.358895 0.353145 0.348402 0.344604 0.341702 0.339661 0.338454 0.338067 0.338495 0.339744 0.341829 0.344776 0.348620 0.353413 0.359216 0.366110 0.374193 0.383586 0.394437 0.406929 0.421286 0.437787 0.456778 0.478697 0.504101 0.533710 0.568470 0.609644 0.658960 0.718841 0.765497 0.726125 0.692190 0.662812 0.637298 0.615103 0.595789 0.579003 0.564460 0.551926 0.541213 0.532165 0.524657 0.518591 0.513887 0.510486 0.508347 0.507443 0.507764 0.509312 0.512107 0.516184 0.521593 0.528402 0.536702 0.546605 0.558250 0.571810 0.587495 0.605565 0.626339 0.650210 0.677671 0.709338 0.691641 0.639505 0.596014 0.559323 0.528086 0.501297 0.478191 0.458177 0.440789 0.425662 0.412499 0.401062 0.391160 0.382635 0.375358 0.369226 0.364154 0.360075 0.356937 0.354700 0.353337 0.352831 0.353176 0.354377 0.356447 0.359413 0.363311 0.368191 0.374118 0.381172 0.389453 0.399085 0.410218 0.423039 0.437776 0.454712 5784.000000 1.604177 0.558470
0.773696 0.744815 0.719684 0.697819 0.678831 0.662403 0.648275 0.636239 0.626122 0.617787 0.611124 0.606047 0.602494 0.600420 0.599800 0.600627 0.602911 0.606679 0.611979 0.618876 0.627458 0.637841 0.650165 0.664608 0.681386 0.700765 0.723071 0.748707 0.778172 0.747924 0.716969 0.690071 0.666667 0.646303 0.628617 0.613311 0.600143 0.588919 0.579477 0.571688 0.565450 0.560683 0.557327 0.555341 0.554700 0.555398 0.557442 0.560857 0.565685 0.571988 0.579844 0.589360 0.600664 0.613918 0.629320 0.647114 0.667599 0.691143 0.718201 0.749343 0.785286 0.826944 0.875495 0.932491 1.000000 0.957219 0.898397 0.848311 0.805353 0.768297 0.736197 0.708309 0.684045 0.662933 0.644591 0.628711 0.615040 0.603374 0.593545 0.585419 0.578889 0.573869 0.570299 0.568132 0.567344 0.567924 0.569879 0.573234 0.578029 0.584325 0.592202 0.601763 0.613140 0.626494 0.642023 0.659972 0.676659 0.660231 0.646101 0.634060 0.623934 0.615586 0.608907 0.603809 0.600231 0.598127 0.597472 0.598258 0.600495 0.604209 0.609447 0.616275 0.624779 0.635073 0.647297 0.661626 0.678275 0.697507 0.719646 0.745090 0.774333 0.807992 0.846842 0.891874 0.941439 0.889696 0.845275 0.806930 10245.000000 1.330441 0.743532
0.676659 0.660231 0.646101 0.634060 0.623934 0.615586 0.608907 0.603809 0.600231 0.598127 0.597472 0.598258 0.600495 0.604209 0.609447 0.616275 0.624779 0.635073 0.647297 0.661626 0.678275 0.697507 0.719646 0.745090 0.774333 0.807992 0.846842 0.891874 0.941439 0.889696 0.845275 0.806930 0.773696 0.744815 0.719684 0.697819 0.678831 0.662403 0.648275 0.636239 0.626122 0.617787 0.611124 0.606047 0.602494 0.600420 0.599800 0.600627 0.602911 0.606679 0.611979 0.618876 0.627458 0.637841 0.650165 0.664608 0.681386 0.700765 0.723071 0.748707 0.778172 0.747924 0.716969 0.690071 0.666667 0.646303 0.628617 0.613311 0.600143 0.588919 0.579477 0.571688 0.565450 0.560683 0.557327 0.555341 0.554700 0.555398 0.557442 0.560857 0.565685 0.571988 0.579844 0.589360 0.600664 0.613918 0.629320 0.647114 0.667599 0.691143 0.718201 0.749343 0.785286 0.826944 0.875495 0.932491 1.000000 0.957219 0.898397 0.848311 0.805353 0.768297 0.736197 0.708309 0.684045 0.662933 0.644591 0.628711 0.615040 0.603374 0.593545 0.585419 0.578889 0.573869 0.570299 0.568132 0.567344 0.567924 0.569879 0.573234 0.578029 0.584325 0.592202 0.601763 0.613140 0.626494 0.642023 0.659972 10245.000000 1.330441 0.743532
1.000000 0.957219 0.898397 0.848311 0.805353 0.768297 0.736197 0.708309 0.684045 0.662933 0.644591 0.628711 0.615040 0.603374 0.593545 0.585419 0.578889 0.573869 0.570299 0.568132 0.567344 0.567924 0.569879 0.573234 0.578029 0.584325 0.592202 0.601763 0.613140 0.626494 0.642023 0.659972 0.676659 0.660231 0.646101 0.634060 0.623934 0.615586 0.608907 0.603809 0.600231 0.598127 0.597472 0.598258 0.600495 0.604209 0.609447 0.616275 0.624779 0.635073 0.647297 0.661626 0.678275 0.697507 0.719646 0.745090 0.774333 0.807992 0.846842 0.891874 0.941439 0.889696 0.845275 0.806930 0.773696 0.744815 0.719684 0.697819 0.678831 0.662403 0.648275 0.636239 0.626122 0.617787 0.611124 0.606047 0.602494 0.600420 0.599800 0.600627 0.602911 0.606679 0.611979 0.618876 0.627458 0.637841 0.650165 0.664608 0.681386 0.700765 0.723071 0.748707 0.778172 0.747924 0.716969 0.690071 0.666667 0.646303 0.628617 0.613311 0.600143 0.588919 0.579477 0.571688 0.565450 0.560683 0.557327 0.555341 0.554700 0.555398 0.557442 0.560857 0.565685 0.571988 0.579844 0.589360 0.600664 0.613918 0.629320 0.647114 0.667599 0.691143 0.718201 0.749343 0.785286 0.826944 0.875495 0.932491 10245.000000 1.330441 0.743532
0.666667 0.646303 0.628617 0.613311 0.600143 0.588919 0.579477 0.571688 0.565450 0.560683 0.557327 0.555341 0.554700 0.555398 0.557442 0.560857 0.565685 0.571988 0.579844 0.589360 0.600664 0.613918 0.629320 0.647114 0.667599 0.691143 0.718201 0.749343 0.785286 0.826944 0.875495 0.932491 1.000000 0.957219 0.898397 0.848311 0.805353 0.768297 0.736197 0.708309 0.684045 0.662933 0.644591 0.628711 0.615040 0.603374 0.593545 0.585419 0.578889 0.573869 0.570299 0.568132 0.567344 0.567924 0.569879 0.573234 0.578029 0.584325 0.592202 0.601763 0.613140 0.626494 0.642023 0.659972 0.676659 0.660231 0.646101 0.634060 0.623934 0.615586 0.608907 0.603809 0.600231 0.598127 0.597472 0.598258 0.600495 0.604209 0.609447 0.616275 0.624779 0.635073 0.647297 0.661626 0.678275 0.697507 0.719646 0.745090 0.774333 0.807992 0.846842 0.891874 0.941439 0.889696 0.845275 0.806930 0.773696 0.744815 0.719684 0.697819 0.678831 0.662403 0.648275 0.636239 0.626122 0.617787 0.611124 0.606047 0.602494 0.600420 0.599800 0.600627 0.602911 0.606679 0.611979 0.618876 0.627458 0.637841 0.650165 0.664608 0.681386 0.700765 0.723071 0.748707 0.778172 0.747924 0.716969 0.690071 10245.000000 1.330441 0.743532
0.810537 0.796835 0.785449 0.776227 0.769051 0.763830 0.760498 0.759017 0.759366 0.761552 0.765600 0.771560 0.779506 0.789539 0.801791 0.816427 0.833652 0.853722 0.876946 0.871598 0.830889 0.795645 0.765037 0.738409 0.715238 0.695101 0.677654 0.662619 0.649768 0.638915 0.629912 0.622639 0.617000 0.612927 0.610367 0.609291 0.609684 0.610714 0.611708 0.614188 0.618184 0.623744 0.630939 0.639861 0.650629 0.663392 0.678332 0.695674 0.715697 0.738738 0.765218 0.795654 0.830696 0.871161 0.918097 0.972855 1.000000 0.956369 0.918505 0.885578 0.856923 0.832006 0.810394 0.791736 0.775744 0.762185 0.750870 0.741647 0.734395 0.729022 0.725463 0.723674 0.723632 0.725337 0.728811 0.734094 0.741254 0.749350 0.738742 0.730164 0.723506 0.718684 0.715638 0.714332 0.714749 0.716895 0.720795 0.726498 0.734074 0.743621 0.755262 0.769156 0.785499 0.804532 0.790068 0.769329 0.751415 0.736049 0.723006 0.712103 0.703193 0.696159 0.690913 0.687389 0.685543 0.685354 0.686820 0.689957 0.694805 0.701423 0.705584 0.705339 0.706797 0.709974 0.714911 0.721667 0.730329 0.741007 0.753846 0.769023 0.786757 0.807320 0.831042 0.858331 0.889689 0.867671 0.845694 0.826745 2365.500000 1.088679 0.841363
0.751415 0.736049 0.723006 0.712103 0.703193 0.696159 0.690913 0.687389 0.685543 0.685354 0.686820 0.689957 0.694805 0.701423 0.705584 0.705339 0.706797 0.709974 0.714911 0.721667 0.730329 0.741007 0.753846 0.769023 0.786757 0.807320 0.831042 0.858331 0.889689 0.867671 0.845694 0.826745 0.810537 0.796835 0.785449 0.776227 0.769051 0.763830 0.760498 0.759017 0.759366 0.761552 0.765600 0.771560 0.779506 0.789539 0.801791 0.816427 0.833652 0.853722 0.876946 0.871598 0.830889 0.795645 0.765037 0.738409 0.715238 0.695101 0.677654 0.662619 0.649768 0.638915 0.629912 0.622639 0.617000 0.612927 0.610367 0.609291 0.609684 0.610714 0.611708 0.614188 0.618184 0.623744 0.630939 0.639861 0.650629 0.663392 0.678332 0.695674 0.715697 0.738738 0.765218 0.795654 0.830696 0.871161 0.918097 0.972855 1.000000 0.956369 0.918505 0.885578 0.856923 0.832006 0.810394 0.791736 0.775744 0.762185 0.750870 0.741647 0.734395 0.729022 0.725463 0.723674 0.723632 0.725337 0.728811 0.734094 0.741254 0.749350 0.738742 0.730164 0.723506 0.718684 0.715638 0.714332 0.714749 0.716895 0.720795 0.726498 0.734074 0.743621 0.755262 0.769156 0.785499 0.804532 0.790068 0.769329 2365.500000 1.088679 0.841363
0.775744 0.762185 0.750870 0.741647 0.734395 0.729022 0.725463 0.723674 0.723632 0.725337 0.728811 0.734094 0.741254 0.749350 0.738742 0.730164 0.723506 0.718684 0.715638 0.714332 0.714749 0.716895 0.720795 0.726498 0.734074 0.743621 0.755262 0.769156 0.785499 0.804532 0.790068 0.769329 0.751415 0.736049 0.723006 0.712103 0.703193 0.696159 0.690913 0.687389 0.685543 0.685354 0.686820 0.689957 0.694805 0.701423 0.705584 0.705339 0.706797 0.709974 0.714911 0.721667 0.730329 0.741007 0.753846 0.769023 0.786757 0.807320 0.831042 0.858331 0.889689 0.867671 0.845694 0.826745 0.810537 0.796835 0.785449 0.776227 0.769051 0.763830 0.760498 0.759017 0.759366 0.761552 0.765600 0.771560 0.779506 0.789539 0.801791 0.816427 0.833652 0.853722 0.876946 0.871598 0.830889 0.795645 0.765037 0.738409 0.715238 0.695101 0.677654 0.662619 0.649768 0.638915 0.629912 0.622639 0.617000 0.612927 0.610367 0.609291 0.609684 0.610714 0.611708 0.614188 0.618184 0.623744 0.630939 0.639861 0.650629 0.663392 0.678332 0.695674 0.715697 0.738738 0.765218 0.795654 0.830696 0.871161 0.918097 0.972855 1.000000 0.956369 0.918505 0.885578 0.856923 0.832006 0.810394 0.791736 2365.500000 1.088679 0.841363
0.617000 0.612927 0.610367 0.609291 0.609684 0.610714 0.611708 0.614188 0.618184 0.623744 0.630939 0.639861 0.650629 0.663392 0.678332 0.695674 0.715697 0.738738 0.765218 0.795654 0.830696 0.871161 0.918097 0.972855 1.000000 0.956369 0.918505 0.885578 0.856923 0.832006 0.810394 0.791736 0.775744 0.762185 0.750870 0.741647 0.734395 0.729022 0.725463 0.723674 0.723632 0.725337 0.728811 0.734094 0.741254 0.749350 0.738742 0.730164 0.723506 0.718684 0.715638 0.714332 0.714749 0.716895 0.720795 0.726498 0.734074 0.743621 0.755262 0.769156 0.785499 0.804532 0.790068 0.769329 0.751415 0.736049 0.723006 0.712103 0.703193 0.696159 0.690913 0.687389 0.685543 0.685354 0.686820 0.689957 0.694805 0.701423 0.705584 0.705339 0.706797 0.709974 0.714911 0.721667 0.730329 0.741007 0.753846 0.769023 0.786757 0.807320 0.831042 0.858331 0.889689 0.867671 0.845694 0.826745 0.810537 0.796835 0.785449 0.776227 0.769051 0.763830 0.760498 0.759017 0.759366 0.761552 0.765600 0.771560 0.779506 0.789539 0.801791 0.816427 0.833652 0.853722 0.876946 0.871598 0.830889 0.795645 0.765037 0.738409 0.715238 0.695101 0.677654 0.662619 0.649768 0.638915 0.629912 0.622639 2365.500000 1.088679 0.841363
0.943368 0.915873 0.892024 0.871431 0.853778 0.838807 0.826307 0.816113 0.808089 0.802136 0.798178 0.796168 0.796081 0.797917 0.801696 0.807466 0.815298 0.825291 0.837575 0.852314 0.864981 0.840945 0.820130 0.802207 0.786906 0.774008 0.763334 0.754745 0.748129 0.743403 0.740510 0.739413 0.740099 0.742578 0.746879 0.753054 0.761182 0.771365 0.783739 0.798470 0.815769 0.828603 0.829813 0.833036 0.838311 0.845704 0.855308 0.867245 0.881675 0.898794 0.918849 0.942141 0.969040 1.000000 0.997774 0.970974 0.947800 0.927889 0.910947 0.896734 0.885057 0.875763 0.868734 0.863881 0.861144 0.860492 0.861916 0.865432 0.871085 0.878943 0.889105 0.901703 0.916904 0.931092 0.897611 0.868473 0.843135 0.821156 0.802177 0.785906 0.772106 0.760582 0.751180 0.743778 0.738281 0.734622 0.732755 0.732659 0.734331 0.737792 0.743085 0.750275 0.759453 0.765091 0.762567 0.761888 0.763047 0.766058 0.770958 0.777806 0.786689 0.797722 0.811050 0.826857 0.845370 0.866866 0.891689 0.920257 0.945816 0.927404 0.911851 0.898941 0.888502 0.880399 0.874530 0.870823 0.869232 0.869739 0.872349 0.877094 0.884033 0.893251 0.904867 0.919031 0.935937 0.955822 0.978980 0.974986 1721.500000 1.171380 0.901442
0.763047 0.766058 0.770958 0.777806 0.786689 0.797722 0.811050 0.826857 0.845370 0.866866 0.891689 0.920257 0.945816 0.927404 0.911851 0.898941 0.888502 0.880399 0.874530 0.870823 0.869232 0.869739 0.872349 0.877094 0.884033 0.893251 0.904867 0.919031 0.935937 0.955822 0.978980 0.974986 0.943368 0.915873 0.892024 0.871431 0.853778 0.838807 0.826307 0.816113 0.808089 0.802136 0.798178 0.796168 0.796081 0.797917 0.801696 0.807466 0.815298 0.825291 0.837575 0.852314 0.864981 0.840945 0.820130 0.802207 0.786906 0.774008 0.763334 0.754745 0.748129 0.743403 0.740510 0.739413 0.740099 0.742578 0.746879 0.753054 0.761182 0.771365 0.783739 0.798470 0.815769 0.828603 0.829813 0.833036 0.838311 0.845704 0.855308 0.867245 0.881675 0.898794 0.918849 0.942141 0.969040 1.000000 0.997774 0.970974 0.947800 0.927889 0.910947 0.896734 0.885057 0.875763 0.868734 0.863881 0.861144 0.860492 0.861916 0.865432 0.871085 0.878943 0.889105 0.901703 0.916904 0.931092 0.897611 0.868473 0.843135 0.821156 0.802177 0.785906 0.772106 0.760582 0.751180 0.743778 0.738281 0.734622 0.732755 0.732659 0.734331 0.737792 0.743085 0.750275 0.759453 0.765091 0.762567 0.761888 1721.500000 1.171380 0.901442
0.861144 0.860492 0.861916 0.865432 0.871085 0.878943 0.889105 0.901703 0.916904 0.931092 0.897611 0.868473 0.843135 0.821156 0.802177 0.785906 0.772106 0.760582 0.751180 0.743778 0.738281 0.734622 0.732755 0.732659 0.734331 0.737792 0.743085 0.750275 0.759453 0.765091 0.762567 0.761888 0.763047 0.766058 0.770958 0.777806 0.786689 0.797722 0.811050 0.826857 0.845370 0.866866 0.891689 0.920257 0.945816 0.927404 0.911851 0.898941 0.888502 0.880399 0.874530 0.870823 0.869232 0.869739 0.872349 0.877094 0.884033 0.893251 0.904867 0.919031 0.935937 0.955822 0.978980 0.974986 0.943368 0.915873 0.892024 0.871431 0.853778 0.838807 0.826307 0.816113 0.808089 0.802136 0.798178 0.796168 0.796081 0.797917 0.801696 0.807466 0.815298 0.825291 0.837575 0.852314 0.864981 0.840945 0.820130 0.802207 0.786906 0.774008 0.763334 0.754745 0.748129 0.743403 0.740510 0.739413 0.740099 0.742578 0.746879 0.753054 0.761182 0.771365 0.783739 0.798470 0.815769 0.828603 0.829813 0.833036 0.838311 0.845704 0.855308 0.867245 0.881675 0.898794 0.918849 0.942141 0.969040 1.000000 0.997774 0.970974 0.947800 0.927889 0.910947 0.896734 0.885057 0.875763 0.868734 0.863881 1721.500000 1.171380 0.901442
0.740099 0.742578 0.746879 0.753054 0.761182 0.771365 0.783739 0.798470 0.815769 0.828603 0.829813 0.833036 0.838311 0.845704 0.855308 0.867245 0.881675 0.898794 0.918849 0.942141 0.969040 1.000000 0.997774 0.970974 0.947800 0.927889 0.910947 0.896734 0.885057 0.875763 0.868734 0.863881 0.861144 0.860492 0.861916 0.865432 0.871085 0.878943 0.889105 0.901703 0.916904 0.931092 0.897611 0.868473 0.843135 0.821156 0.802177 0.785906 0.772106 0.760582 0.751180 0.743778 0.738281 0.734622 0.732755 0.732659 0.734331 0.737792 0.743085 0.750275 0.759453 0.765091 0.762567 0.761888 0.763047 0.766058 0.770958 0.777806 0.786689 0.797722 0.811050 0.826857 0.845370 0.866866 0.891689 0.920257 0.945816 0.927404 0.911851 0.898941 0.888502 0.880399 0.874530 0.870823 0.869232 0.869739 0.872349 0.877094 0.884033 0.893251 0.904867 0.919031 0.935937 0.955822 0.978980 0.974986 0.943368 0.915873 0.892024 0.871431 0.853778 0.838807 0.826307 0.816113 0.808089 0.802136 0.798178 0.796168 0.796081 0.797917 0.801696 0.807466 0.815298 0.825291 0.837575 0.852314 0.864981 0.840945 0.820130 0.802207 0.786906 0.774008 0.763334 0.754745 0.748129 0.743403 0.740510 0.739413 1721.500000 1.171380 0.901442
0.875053 0.910914 0.952232 1.000000 0.993419 0.958182 0.927517 0.900856 0.877741 0.857797 0.840720 0.826261 0.814220 0.804434 0.796778 0.791154 0.787492 0.785749 0.785902 0.787954 0.791930 0.797878 0.805872 0.816014 0.828435 0.829663 0.796076 0.766879 0.741471 0.719369 0.700186 0.683602 0.669362 0.657254 0.647107 0.638784 0.632176 0.627199 0.623791 0.621910 0.621533 0.622470 0.624793 0.628653 0.634099 0.641198 0.650042 0.660746 0.673459 0.688362 0.705678 0.725680 0.748706 0.775170 0.805585 0.840591 0.849811 0.848232 0.848700 0.851220 0.855823 0.862565 0.871531 0.882834 0.896623 0.913084 0.932449 0.955003 0.977956 0.939435 0.905933 0.876778 0.851428 0.829445 0.810472 0.794218 0.780446 0.768965 0.759620 0.752290 0.746882 0.743329 0.741588 0.741638 0.743479 0.747134 0.752646 0.760086 0.769546 0.781151 0.776857 0.761007 0.747556 0.736315 0.727133 0.719890 0.714494 0.710879 0.708999 0.708832 0.710376 0.713650 0.718694 0.725570 0.734365 0.745193 0.756093 0.740801 0.727835 0.717012 0.708187 0.701246 0.696100 0.692686 0.690962 0.690906 0.692519 0.695819 0.700848 0.707667 0.716363 0.727048 0.739866 0.754996 0.772658 0.793123 0.816722 0.843864 7878.500000 1.164653 0.863704
0.714494 0.710879 0.708999 0.708832 0.710376 0.713650 0.718694 0.725570 0.734365 0.745193 0.756093 0.740801 0.727835 0.717012 0.708187 0.701246 0.696100 0.692686 0.690962 0.690906 0.692519 0.695819 0.700848 0.707667 0.716363 0.727048 0.739866 0.754996 0.772658 0.793123 0.816722 0.843864 0.875053 0.910914 0.952232 1.000000 0.993419 0.958182 0.927517 0.900856 0.877741 0.857797 0.840720 0.826261 0.814220 0.804434 0.796778 0.791154 0.787492 0.785749 0.785902 0.787954 0.791930 0.797878 0.805872 0.816014 0.828435 0.829663 0.796076 0.766879 0.741471 0.719369 0.700186 0.683602 0.669362 0.657254 0.647107 0.638784 0.632176 0.627199 0.623791 0.621910 0.621533 0.622470 0.624793 0.628653 0.634099 0.641198 0.650042 0.660746 0.673459 0.688362 0.705678 0.725680 0.748706 0.775170 0.805585 0.840591 0.849811 0.848232 0.848700 0.851220 0.855823 0.862565 0.871531 0.882834 0.896623 0.913084 0.932449 0.955003 0.977956 0.939435 0.905933 0.876778 0.851428 0.829445 0.810472 0.794218 0.780446 0.768965 0.759620 0.752290 0.746882 0.743329 0.741588 0.741638 0.743479 0.747134 0.752646 0.760086 0.769546 0.781151 0.776857 0.761007 0.747556 0.736315 0.727133 0.719890 7878.500000 1.164653 0.863704
0.896623 0.913084 0.932449 0.955003 0.977956 0.939435 0.905933 0.876778 0.851428 0.829445 0.810472 0.794218 0.780446 0.768965 0.759620 0.752290 0.746882 0.743329 0.741588 0.741638 0.743479 0.747134 0.752646 0.760086 0.769546 0.781151 0.776857 0.761007 0.747556 0.736315 0.727133 0.719890 0.714494 0.710879 0.708999 0.708832 0.710376 0.713650 0.718694 0.725570 0.734365 0.745193 0.756093 0.740801 0.727835 0.717012 0.708187 0.701246 0.696100 0.692686 0.690962 0.690906 0.692519 0.695819 0.700848 0.707667 0.716363 0.727048 0.739866 0.754996 0.772658 0.793123 0.816722 0.843864 0.875053 0.910914 0.952232 1.000000 0.993419 0.958182 0.927517 0.900856 0.877741 0.857797 0.840720 0.826261 0.814220 0.804434 0.796778 0.791154 0.787492 0.785749 0.785902 0.787954 0.791930 0.797878 0.805872 0.816014 0.828435 0.829663 0.796076 0.766879 0.741471 0.719369 0.700186 0.683602 0.669362 0.657254 0.647107 0.638784 0.632176 0.627199 0.623791 0.621910 0.621533 0.622470 0.624793 0.628653 0.634099 0.641198 0.650042 0.660746 0.673459 0.688362 0.705678 0.725680 0.748706 0.775170 0.805585 0.840591 0.849811 0.848232 0.848700 0.851220 0.855823 0.862565 0.871531 0.882834 7878.500000 1.164653 0.863704
0.669362 0.657254 0.647107 0.638784 0.632176 0.627199 0.623791 0.621910 0.621533 0.622470 0.624793 0.628653 0.634099 0.641198 0.650042 0.660746 0.673459 0.688362 0.705678 0.725680 0.748706 0.775170 0.805585 0.840591 0.849811 0.848232 0.848700 0.851220 0.855823 0.862565 0.871531 0.882834 0.896623 0.913084 0.932449 0.955003 0.977956 0.939435 0.905933 0.876778 0.851428 0.829445 0.810472 0.794218 0.780446 0.768965 0.759620 0.752290 0.746882 0.743329 0.741588 0.741638 0.743479 0.747134 0.752646 0.760086 0.769546 0.781151 0.776857 0.761007 0.747556 0.736315 0.727133 0.719890 0.714494 0.710879 0.708999 0.708832 0.710376 0.713650 0.718694 0.725570 0.734365 0.745193 0.756093 0.740801 0.727835 0.717012 0.708187 0.701246 0.696100 0.692686 0.690962 0.690906 0.692519 0.695819 0.700848 0.707667 0.716363 0.727048 0.739866 0.754996 0.772658 0.793123 0.816722 0.843864 0.875053 0.910914 0.952232 1.000000 0.993419 0.958182 0.927517 0.900856 0.877741 0.857797 0.840720 0.826261 0.814220 0.804434 0.796778 0.791154 0.787492 0.785749 0.785902 0.787954 0.791930 0.797878 0.805872 0.816014 0.828435 0.829663 0.796076 0.766879 0.741471 0.719369 0.700186 0.683602 7878.500000 1.164653 0.863704
0.819571 0.754177 0.700010 0.654573 0.616069 0.583170 0.554876 0.530419 0.509202 0.490753 0.474699 0.460736 0.448621 0.438155 0.429177 0.421555 0.415181 0.409971 0.405855 0.402781 0.400712 0.399622 0.399497 0.400337 0.402151 0.404962 0.408804 0.413725 0.419791 0.427081 0.435697 0.445764 0.457435 0.470898 0.486386 0.504182 0.524643 0.548211 0.575447 0.607070 0.644012 0.687506 0.739210 0.801410 0.877347 0.971768 0.978432 0.904558 0.842944 0.790972 0.746732 0.708795 0.676076 0.647737 0.623118 0.601699 0.583062 0.566868 0.552846 0.540772 0.530465 0.521777 0.514589 0.508805 0.504351 0.501172 0.499227 0.498494 0.498963 0.500640 0.503546 0.507716 0.513202 0.520075 0.528424 0.538364 0.550036 0.563613 0.579308 0.597383 0.618159 0.642035 0.669506 0.701199 0.737907 0.780656 0.769546 0.727584 0.691541 0.660416 0.633433 0.609980 0.589571 0.571817 0.556402 0.543070 0.531613 0.521861 0.513675 0.506945 0.501581 0.497515 0.494697 0.493093 0.492681 0.493458 0.495433 0.498630 0.503088 0.508864 0.516031 0.524685 0.534945 0.546959 0.560906 0.577010 0.595544 0.616842 0.641323 0.669507 0.702051 0.739794 0.783821 0.835560 0.896926 0.970544 1.000000 0.899755 766.500000 1.370163 0.582171
0.531613 0.521861 0.513675 0.506945 0.501581 0.497515 0.494697 0.493093 0.492681 0.493458 0.495433 0.498630 0.503088 0.508864 0.516031 0.524685 0.534945 0.546959 0.560906 0.577010 0.595544 0.616842 0.641323 0.669507 0.702051 0.739794 0.783821 0.835560 0.896926 0.970544 1.000000 0.899755 0.819571 0.754177 0.700010 0.654573 0.616069 0.583170 0.554876 0.530419 0.509202 0.490753 0.474699 0.460736 0.448621 0.438155 0.429177 0.421555 0.415181 0.409971 0.405855 0.402781 0.400712 0.399622 0.399497 0.400337 0.402151 0.404962 0.408804 0.413725 0.419791 0.427081 0.435697 0.445764 0.457435 0.470898 0.486386 0.504182 0.524643 0.548211 0.575447 0.607070 0.644012 0.687506 0.739210 0.801410 0.877347 0.971768 0.978432 0.904558 0.842944 0.790972 0.746732 0.708795 0.676076 0.647737 0.623118 0.601699 0.583062 0.566868 0.552846 0.540772 0.530465 0.521777 0.514589 0.508805 0.504351 0.501172 0.499227 0.498494 0.498963 0.500640 0.503546 0.507716 0.513202 0.520075 0.528424 0.538364 0.550036 0.563613 0.579308 0.597383 0.618159 0.642035 0.669506 0.701199 0.737907 0.780656 0.769546 0.727584 0.691541 0.660416 0.633433 0.609980 0.589571 0.571817 0.556402 0.543070 766.500000 1.370163 0.582171
0.504351 0.501172 0.499227 0.498494 0.498963 0.500640 0.503546 0.507716 0.513202 0.520075 0.528424 0.538364 0.550036 0.563613 0.579308 0.597383 0.618159 0.642035 0.669506 0.701199 0.737907 0.780656 0.769546 0.727584 0.691541 0.660416 0.633433 0.609980 0.589571 0.571817 0.556402 0.543070 0.531613 0.521861 0.513675 0.506945 0.501581 0.497515 0.494697 0.493093 0.492681 0.493458 0.495433 0.498630 0.503088 0.508864 0.516031 0.524685 0.534945 0.546959 0.560906 0.577010 0.595544 0.616842 0.641323 0.669507 0.702051 0.739794 0.783821 0.835560 0.896926 0.970544 1.000000 0.899755 0.819571 0.754177 0.700010 0.654573 0.616069 0.583170 0.554876 0.530419 0.509202 0.490753 0.474699 0.460736 0.448621 0.438155 0.429177 0.421555 0.415181 0.409971 0.405855 0.402781 0.400712 0.399622 0.399497 0.400337 0.402151 0.404962 0.408804 0.413725 0.419791 0.427081 0.435697 0.445764 0.457435 0.470898 0.486386 0.504182 0.524643 0.548211 0.575447 0.607070 0.644012 0.687506 0.739210 0.801410 0.877347 0.971768 0.978432 0.904558 0.842944 0.790972 0.746732 0.708795 0.676076 0.647737 0.623118 0.601699 0.583062 0.566868 0.552846 0.540772 0.530465 0.521777 0.514589 0.508805 766.500000 1.370163 0.582171
0.457435 0.470898 0.486386 0.504182 0.524643 0.548211 0.575447 0.607070 0.644012 0.687506 0.739210 0.801410 0.877347 0.971768 0.978432 0.904558 0.842944 0.790972 0.746732 0.708795 0.676076 0.647737 0.623118 0.601699 0.583062 0.566868 0.552846 0.540772 0.530465 0.521777 0.514589 0.508805 0.504351 0.501172 0.499227 0.498494 0.498963 0.500640 0.503546 0.507716 0.513202 0.520075 0.528424 0.538364 0.550036 0.563613 0.579308 0.597383 0.618159 0.642035 0.669506 0.701199 0.737907 0.780656 0.769546 0.727584 0.691541 0.660416 0.633433 0.609980 0.589571 0.571817 0.556402 0.543070 0.531613 0.521861 0.513675 0.506945 0.501581 0.497515 0.494697 0.493093 0.492681 0.493458 0.495433 0.498630 0.503088 0.508864 0.516031 0.524685 0.534945 0.546959 0.560906 0.577010 0.595544 0.616842 0.641323 0.669507 0.702051 0.739794 0.783821 0.835560 0.896926 0.970544 1.000000 0.899755 0.819571 0.754177 0.700010 0.654573 0.616069 0.583170 0.554876 0.530419 0.509202 0.490753 0.474699 0.460736 0.448621 0.438155 0.429177 0.421555 0.415181 0.409971 0.405855 0.402781 0.400712 0.399622 0.399497 0.400337 0.402151 0.404962 0.408804 0.413725 0.419791 0.427081 0.435697 0.445764 766.500000 1.370163 0.582171
0.861952 0.757003 0.676288 0.612461 0.560877 0.518460 0.483089 0.453258 0.427868 0.406098 0.387324 0.371064 0.356939 0.344650 0.333957 0.324665 0.316619 0.309691 0.303775 0.298787 0.294658 0.291335 0.288774 0.286942 0.285818 0.285387 0.285645 0.286594 0.288247 0.290622 0.293751 0.297673 0.302439 0.308115 0.314781 0.322536 0.331501 0.341826 0.353695 0.367334 0.383026 0.401129 0.422095 0.446509 0.475136 0.508994 0.549474 0.598515 0.658911 0.734832 0.832796 0.799601 0.749844 0.707522 0.671253 0.639988 0.612916 0.589404 0.568950 0.551150 0.535682 0.522282 0.510737 0.500872 0.492544 0.485640 0.480067 0.475754 0.472646 0.470705 0.469907 0.470243 0.471717 0.474346 0.478164 0.483216 0.489569 0.497305 0.506529 0.517372 0.529993 0.544591 0.561407 0.580737 0.576286 0.543065 0.514638 0.490161 0.468985 0.450604 0.434616 0.420703 0.408607 0.398120 0.389071 0.381322 0.374762 0.369298 0.364857 0.361382 0.358829 0.357166 0.356374 0.356441 0.357370 0.359170 0.361866 0.365489 0.370086 0.375717 0.382458 0.390402 0.399667 0.410395 0.422761 0.436982 0.453322 0.472113 0.493771 0.518821 0.547939 0.582005 0.622187 0.670062 0.727818 0.798575 0.886939 1.000000 887.500000 1.843809 0.526962
0.374762 0.369298 0.364857 0.361382 0.358829 0.357166 0.356374 0.356441 0.357370 0.359170 0.361866 0.365489 0.370086 0.375717 0.382458 0.390402 0.399667 0.410395 0.422761 0.436982 0.453322 0.472113 0.493771 0.518821 0.547939 0.582005 0.622187 0.670062 0.727818 0.798575 0.886939 1.000000 0.861952 0.757003 0.676288 0.612461 0.560877 0.518460 0.483089 0.453258 0.427868 0.406098 0.387324 0.371064 0.356939 0.344650 0.333957 0.324665 0.316619 0.309691 0.303775 0.298787 0.294658 0.291335 0.288774 0.286942 0.285818 0.285387 0.285645 0.286594 0.288247 0.290622 0.293751 0.297673 0.302439 0.308115 0.314781 0.322536 0.331501 0.341826 0.353695 0.367334 0.383026 0.401129 0.422095 0.446509 0.475136 0.508994 0.549474 0.598515 0.658911 0.734832 0.832796 0.799601 0.749844 0.707522 0.671253 0.639988 0.612916 0.589404 0.568950 0.551150 0.535682 0.522282 0.510737 0.500872 0.492544 0.485640 0.480067 0.475754 0.472646 0.470705 0.469907 0.470243 0.471717 0.474346 0.478164 0.483216 0.489569 0.497305 0.506529 0.517372 0.529993 0.544591 0.561407 0.580737 0.576286 0.543065 0.514638 0.490161 0.468985 0.450604 0.434616 0.420703 0.408607 0.398120 0.389071 0.381322 887.500000 1.843809 0.526962
0.492544 0.485640 0.480067 0.475754 0.472646 0.470705 0.469907 0.470243 0.471717 0.474346 0.478164 0.483216 0.489569 0.497305 0.506529 0.517372 0.529993 0.544591 0.561407 0.580737 0.576286 0.543065 0.514638 0.490161 0.468985 0.450604 0.434616 0.420703 0.408607 0.398120 0.389071 0.381322 0.374762 0.369298 0.364857 0.361382 0.358829 0.357166 0.356374 0.356441 0.357370 0.359170 0.361866 0.365489 0.370086 0.375717 0.382458 0.390402 0.399667 0.410395 0.422761 0.436982 0.453322 0.472113 0.493771 0.518821 0.547939 0.582005 0.622187 0.670062 0.727818 0.798575 0.886939 1.000000 0.861952 0.757003 0.676288 0.612461 0.560877 0.518460 0.483089 0.453258 0.427868 0.406098 0.387324 0.371064 0.356939 0.344650 0.333957 0.324665 0.316619 0.309691 0.303775 0.298787 0.294658 0.291335 0.288774 0.286942 0.285818 0.285387 0.285645 0.286594 0.288247 0.290622 0.293751 0.297673 0.302439 0.308115 0.314781 0.322536 0.331501 0.341826 0.353695 0.367334 0.383026 0.401129 0.422095 0.446509 0.475136 0.508994 0.549474 0.598515 0.658911 0.734832 0.832796 0.799601 0.749844 0.707522 0.671253 0.639988 0.612916 0.589404 0.568950 0.551150 0.535682 0.522282 0.510737 0.500872 887.500000 1.843809 0.526962
0.302439 0.308115 0.314781 0.322536 0.331501 0.341826 0.353695 0.367334 0.383026 0.401129 0.422095 0.446509 0.475136 0.508994 0.549474 0.598515 0.658911 0.734832 0.832796 0.799601 0.749844 0.707522 0.671253 0.639988 0.612916 0.589404 0.568950 0.551150 0.535682 0.522282 0.510737 0.500872 0.492544 0.485640 0.480067 0.475754 0.472646 0.470705 0.469907 0.470243 0.471717 0.474346 0.478164 0.483216 0.489569 0.497305 0.506529 0.517372 0.529993 0.544591 0.561407 0.580737 0.576286 0.543065 0.514638 0.490161 0.468985 0.450604 0.434616 0.420703 0.408607 0.398120 0.389071 0.381322 0.374762 0.369298 0.364857 0.361382 0.358829 0.357166 0.356374 0.356441 0.357370 0.359170 0.361866 0.365489 0.370086 0.375717 0.382458 0.390402 0.399667 0.410395 0.422761 0.436982 0.453322 0.472113 0.493771 0.518821 0.547939 0.582005 0.622187 0.670062 0.727818 0.798575 0.886939 1.000000 0.861952 0.757003 0.676288 0.612461 0.560877 0.518460 0.483089 0.453258 0.427868 0.406098 0.387324 0.371064 0.356939 0.344650 0.333957 0.324665 0.316619 0.309691 0.303775 0.298787 0.294658 0.291335 0.288774 0.286942 0.285818 0.285387 0.285645 0.286594 0.288247 0.290622 0.293751 0.297673 887.500000 1.843809 0.526962
0.806435 0.834747 0.867284 0.904729 0.927330 0.906422 0.888530 0.873394 0.860804 0.850591 0.842625 0.836803 0.833055 0.831333 0.831619 0.833914 0.795325 0.752391 0.715490 0.683610 0.655962 0.631927 0.611011 0.592818 0.577026 0.563376 0.551656 0.541691 0.533342 0.526496 0.524153 0.523116 0.523341 0.524832 0.527606 0.531697 0.537156 0.544052 0.552477 0.562542 0.574391 0.588197 0.604175 0.622587 0.643755 0.655703 0.649823 0.645588 0.642947 0.641867 0.642336 0.644359 0.647961 0.653186 0.660099 0.668788 0.679367 0.691981 0.706806 0.724064 0.744022 0.767012 0.793440 0.823811 0.858749 0.899045 0.945698 1.000000 0.969497 0.933599 0.902361 0.875186 0.851591 0.831186 0.813649 0.798721 0.786192 0.775889 0.767679 0.761455 0.757142 0.720149 0.688106 0.660317 0.636157 0.615133 0.596846 0.580974 0.567256 0.555477 0.545466 0.537079 0.530602 0.528353 0.527388 0.527695 0.529279 0.532158 0.536368 0.541961 0.549009 0.557603 0.567860 0.579925 0.593976 0.610231 0.628959 0.650490 0.675231 0.703691 0.701411 0.691907 0.684283 0.678442 0.674311 0.671839 0.670995 0.671770 0.674172 0.678232 0.683998 0.691544 0.700966 0.712387 0.725965 0.741893 0.760408 0.781803 6557.000000 1.419694 0.814605
0.529279 0.532158 0.536368 0.541961 0.549009 0.557603 0.567860 0.579925 0.593976 0.610231 0.628959 0.650490 0.675231 0.703691 0.701411 0.691907 0.684283 0.678442 0.674311 0.671839 0.670995 0.671770 0.674172 0.678232 0.683998 0.691544 0.700966 0.712387 0.725965 0.741893 0.760408 0.781803 0.806435 0.834747 0.867284 0.904729 0.927330 0.906422 0.888530 0.873394 0.860804 0.850591 0.842625 0.836803 0.833055 0.831333 0.831619 0.833914 0.795325 0.752391 0.715490 0.683610 0.655962 0.631927 0.611011 0.592818 0.577026 0.563376 0.551656 0.541691 0.533342 0.526496 0.524153 0.523116 0.523341 0.524832 0.527606 0.531697 0.537156 0.544052 0.552477 0.562542 0.574391 0.588197 0.604175 0.622587 0.643755 0.655703 0.649823 0.645588 0.642947 0.641867 0.642336 0.644359 0.647961 0.653186 0.660099 0.668788 0.679367 0.691981 0.706806 0.724064 0.744022 0.767012 0.793440 0.823811 0.858749 0.899045 0.945698 1.000000 0.969497 0.933599 0.902361 0.875186 0.851591 0.831186 0.813649 0.798721 0.786192 0.775889 0.767679 0.761455 0.757142 0.720149 0.688106 0.660317 0.636157 0.615133 0.596846 0.580974 0.567256 0.555477 0.545466 0.537079 0.530602 0.528353 0.527388 0.527695 6557.000000 1.419694 0.814605
0.858749 0.899045 0.945698 1.000000 0.969497 0.933599 0.902361 0.875186 0.851591 0.831186 0.813649 0.798721 0.786192 0.775889 0.767679 0.761455 0.757142 0.720149 0.688106 0.660317 0.636157 0.615133 0.596846 0.580974 0.567256 0.555477 0.545466 0.537079 0.530602 0.528353 0.527388 0.527695 0.529279 0.532158 0.536368 0.541961 0.549009 0.557603 0.567860 0.579925 0.593976 0.610231 0.628959 0.650490 0.675231 0.703691 0.701411 0.691907 0.684283 0.678442 0.674311 0.671839 0.670995 0.671770 0.674172 0.678232 0.683998 0.691544 0.700966 0.712387 0.725965 0.741893 0.760408 0.781803 0.806435 0.834747 0.867284 0.904729 0.927330 0.906422 0.888530 0.873394 0.860804 0.850591 0.842625 0.836803 0.833055 0.831333 0.831619 0.833914 0.795325 0.752391 0.715490 0.683610 0.655962 0.631927 0.611011 0.592818 0.577026 0.563376 0.551656 0.541691 0.533342 0.526496 0.524153 0.523116 0.523341 0.524832 0.527606 0.531697 0.537156 0.544052 0.552477 0.562542 0.574391 0.588197 0.604175 0.622587 0.643755 0.655703 0.649823 0.645588 0.642947 0.641867 0.642336 0.644359 0.647961 0.653186 0.660099 0.668788 0.679367 0.691981 0.706806 0.724064 0.744022 0.767012 0.793440 0.823811 6557.000000 1.419694 0.814605
0.523341 0.524832 0.527606 0.531697 0.537156 0.544052 0.552477 0.562542 0.574391 0.588197 0.604175 0.622587 0.643755 0.655703 0.649823 0.645588 0.642947 0.641867 0.642336 0.644359 0.647961 0.653186 0.660099 0.668788 0.679367 0.691981 0.706806 0.724064 0.744022 0.767012 0.793440 0.823811 0.858749 0.899045 0.945698 1.000000 0.969497 0.933599 0.902361 0.875186 0.851591 0.831186 0.813649 0.798721 0.786192 0.775889 0.767679 0.761455 0.757142 0.720149 0.688106 0.660317 0.636157 0.615133 0.596846 0.580974 0.567256 0.555477 0.545466 0.537079 0.530602 0.528353 0.527388 0.527695 0.529279 0.532158 0.536368 0.541961 0.549009 0.557603 0.567860 0.579925 0.593976 0.610231 0.628959 0.650490 0.675231 0.703691 0.701411 0.691907 0.684283 0.678442 0.674311 0.671839 0.670995 0.671770 0.674172 0.678232 0.683998 0.691544 0.700966 0.712387 0.725965 0.741893 0.760408 0.781803 0.806435 0.834747 0.867284 0.904729 0.927330 0.906422 0.888530 0.873394 0.860804 0.850591 0.842625 0.836803 0.833055 0.831333 0.831619 0.833914 0.795325 0.752391 0.715490 0.683610 0.655962 0.631927 0.611011 0.592818 0.577026 0.563376 0.551656 0.541691 0.533342 0.526496 0.524153 0.523116 6557.000000 1.419694 0.814605
0.749082 0.716664 0.688526 0.664053 0.642755 0.624238 0.608182 0.594327 0.582462 0.572413 0.564040 0.557232 0.551901 0.547977 0.545414 0.544180 0.544259 0.545654 0.548379 0.552470 0.557977 0.564969 0.573538 0.583799 0.595896 0.610005 0.626344 0.638817 0.618174 0.600225 0.584657 0.571218 0.559701 0.549938 0.541792 0.535155 0.529939 0.526079 0.523528 0.522252 0.522238 0.523486 0.526009 0.529840 0.535025 0.541630 0.549741 0.559468 0.570945 0.584339 0.599858 0.617751 0.638331 0.661978 0.689169 0.720499 0.756724 0.798810 0.848017 0.906010 0.975038 1.000000 0.915826 0.846604 0.788878 0.740190 0.698749 0.663215 0.632570 0.606028 0.582971 0.562911 0.545456 0.530290 0.517156 0.505847 0.496191 0.488051 0.481314 0.475892 0.471714 0.468729 0.466898 0.466201 0.466628 0.468185 0.470890 0.474778 0.479896 0.486309 0.494103 0.503384 0.514282 0.526960 0.541617 0.558496 0.577899 0.600196 0.625851 0.655446 0.688822 0.673895 0.661161 0.650436 0.641575 0.634460 0.629000 0.625126 0.622791 0.621966 0.622641 0.624825 0.628543 0.633842 0.640788 0.649470 0.660003 0.672529 0.687228 0.704318 0.724069 0.746810 0.772949 0.802988 0.837556 0.877443 0.830083 0.786556 6860.500000 1.526829 0.717433
0.577899 0.600196 0.625851 0.655446 0.688822 0.673895 0.661161 0.650436 0.641575 0.634460 0.629000 0.625126 0.622791 0.621966 0.622641 0.624825 0.628543 0.633842 0.640788 0.649470 0.660003 0.672529 0.687228 0.704318 0.724069 0.746810 0.772949 0.802988 0.837556 0.877443 0.830083 0.786556 0.749082 0.716664 0.688526 0.664053 0.642755 0.624238 0.608182 0.594327 0.582462 0.572413 0.564040 0.557232 0.551901 0.547977 0.545414 0.544180 0.544259 0.545654 0.548379 0.552470 0.557977 0.564969 0.573538 0.583799 0.595896 0.610005 0.626344 0.638817 0.618174 0.600225 0.584657 0.571218 0.559701 0.549938 0.541792 0.535155 0.529939 0.526079 0.523528 0.522252 0.522238 0.523486 0.526009 0.529840 0.535025 0.541630 0.549741 0.559468 0.570945 0.584339 0.599858 0.617751 0.638331 0.661978 0.689169 0.720499 0.756724 0.798810 0.848017 0.906010 0.975038 1.000000 0.915826 0.846604 0.788878 0.740190 0.698749 0.663215 0.632570 0.606028 0.582971 0.562911 0.545456 0.530290 0.517156 0.505847 0.496191 0.488051 0.481314 0.475892 0.471714 0.468729 0.466898 0.466201 0.466628 0.468185 0.470890 0.474778 0.479896 0.486309 0.494103 0.503384 0.514282 0.526960 0.541617 0.558496 6860.500000 1.526829 0.717433
0.788878 0.740190 0.698749 0.663215 0.632570 0.606028 0.582971 0.562911 0.545456 0.530290 0.517156 0.505847 0.496191 0.488051 0.481314 0.475892 0.471714 0.468729 0.466898 0.466201 0.466628 0.468185 0.470890 0.474778 0.479896 0.486309 0.494103 0.503384 0.514282 0.526960 0.541617 0.558496 0.577899 0.600196 0.625851 0.655446 0.688822 0.673895 0.661161 0.650436 0.641575 0.634460 0.629000 0.625126 0.622791 0.621966 0.622641 0.624825 0.628543 0.633842 0.640788 0.649470 0.660003 0.672529 0.687228 0.704318 0.724069 0.746810 0.772949 0.802988 0.837556 0.877443 0.830083 0.786556 0.749082 0.716664 0.688526 0.664053 0.642755 0.624238 0.608182 0.594327 0.582462 0.572413 0.564040 0.557232 0.551901 0.547977 0.545414 0.544180 0.544259 0.545654 0.548379 0.552470 0.557977 0.564969 0.573538 0.583799 0.595896 0.610005 0.626344 0.638817 0.618174 0.600225 0.584657 0.571218 0.559701 0.549938 0.541792 0.535155 0.529939 0.526079 0.523528 0.522252 0.522238 0.523486 0.526009 0.529840 0.535025 0.541630 0.549741 0.559468 0.570945 0.584339 0.599858 0.617751 0.638331 0.661978 0.689169 0.720499 0.756724 0.798810 0.848017 0.906010 0.975038 1.000000 0.915826 0.846604 6860.500000 1.526829 0.717433
0.559701 0.549938 0.541792 0.535155 0.529939 0.526079 0.523528 0.522252 0.522238 0.523486 0.526009 0.529840 0.535025 0.541630 0.549741 0.559468 0.570945 0.584339 0.599858 0.617751 0.638331 0.661978 0.689169 0.720499 0.756724 0.798810 0.848017 0.906010 0.975038 1.000000 0.915826 0.846604 0.788878 0.740190 0.698749 0.663215 0.632570 0.606028 0.582971 0.562911 0.545456 0.530290 0.517156 0.505847 0.496191 0.488051 0.481314 0.475892 0.471714 0.468729 0.466898 0.466201 0.466628 0.468185 0.470890 0.474778 0.479896 0.486309 0.494103 0.503384 0.514282 0.526960 0.541617 0.558496 0.577899 0.600196 0.625851 0.655446 0.688822 0.673895 0.661161 0.650436 0.641575 0.634460 0.629000 0.625126 0.622791 0.621966 0.622641 0.624825 0.628543 0.633842 0.640788 0.649470 0.660003 0.672529 0.687228 0.704318 0.724069 0.746810 0.772949 0.802988 0.837556 0.877443 0.830083 0.786556 0.749082 0.716664 0.688526 0.664053 0.642755 0.624238 0.608182 0.594327 0.582462 0.572413 0.564040 0.557232 0.551901 0.547977 0.545414 0.544180 0.544259 0.545654 0.548379 0.552470 0.557977 0.564969 0.573538 0.583799 0.595896 0.610005 0.626344 0.638817 0.618174 0.600225 0.584657 0.571218 6860.500000 1.526829 0.717433
0.871145 0.856958 0.833506 0.813211 0.795752 0.780869 0.768349 0.758022 0.749751 0.743430 0.738980 0.736347 0.735498 0.736423 0.739133 0.743661 0.750063 0.758419 0.768837 0.781454 0.765367 0.745011 0.727416 0.712310 0.699470 0.688713 0.679896 0.672902 0.667643 0.664053 0.662087 0.661723 0.662955 0.665799 0.670289 0.676481 0.684453 0.694307 0.706175 0.720221 0.736648 0.755705 0.777698 0.756544 0.726823 0.700973 0.678477 0.658918 0.641959 0.627324 0.614789 0.604173 0.595327 0.588132 0.582496 0.578347 0.575634 0.574323 0.574398 0.575862 0.578730 0.583039 0.588720 0.589792 0.592297 0.596266 0.601748 0.608812 0.617549 0.628076 0.640538 0.655115 0.672027 0.691545 0.714003 0.739811 0.761433 0.767102 0.774736 0.784433 0.796318 0.810552 0.827333 0.846907 0.869576 0.895708 0.925759 0.960290 1.000000 0.942384 0.870907 0.811324 0.761088 0.718340 0.681694 0.650095 0.622730 0.598960 0.578280 0.560285 0.544649 0.531106 0.519442 0.509480 0.501077 0.494118 0.488511 0.484182 0.483225 0.483832 0.485613 0.488588 0.492794 0.498284 0.505129 0.513418 0.523265 0.534812 0.548229 0.563731 0.581576 0.602086 0.625658 0.652787 0.684099 0.720388 0.762684 0.812335 541.500000 1.277312 0.780354
0.622730 0.598960 0.578280 0.560285 0.544649 0.531106 0.519442 0.509480 0.501077 0.494118 0.488511 0.484182 0.483225 0.483832 0.485613 0.488588 0.492794 0.498284 0.505129 0.513418 0.523265 0.534812 0.548229 0.563731 0.581576 0.602086 0.625658 0.652787 0.684099 0.720388 0.762684 0.812335 0.871145 0.856958 0.833506 0.813211 0.795752 0.780869 0.768349 0.758022 0.749751 0.743430 0.738980 0.736347 0.735498 0.736423 0.739133 0.743661 0.750063 0.758419 0.768837 0.781454 0.765367 0.745011 0.727416 0.712310 0.699470 0.688713 0.679896 0.672902 0.667643 0.664053 0.662087 0.661723 0.662955 0.665799 0.670289 0.676481 0.684453 0.694307 0.706175 0.720221 0.736648 0.755705 0.777698 0.756544 0.726823 0.700973 0.678477 0.658918 0.641959 0.627324 0.614789 0.604173 0.595327 0.588132 0.582496 0.578347 0.575634 0.574323 0.574398 0.575862 0.578730 0.583039 0.588720 0.589792 0.592297 0.596266 0.601748 0.608812 0.617549 0.628076 0.640538 0.655115 0.672027 0.691545 0.714003 0.739811 0.761433 0.767102 0.774736 0.784433 0.796318 0.810552 0.827333 0.846907 0.869576 0.895708 0.925759 0.960290 1.000000 0.942384 0.870907 0.811324 0.761088 0.718340 0.681694 0.650095 541.500000 1.277312 0.780354
0.592297 0.596266 0.601748 0.608812 0.617549 0.628076 0.640538 0.655115 0.672027 0.691545 0.714003 0.739811 0.761433 0.767102 0.774736 0.784433 0.796318 0.810552 0.827333 0.846907 0.869576 0.895708 0.925759 0.960290 1.000000 0.942384 0.870907 0.811324 0.761088 0.718340 0.681694 0.650095 0.622730 0.598960 0.578280 0.560285 0.544649 0.531106 0.519442 0.509480 0.501077 0.494118 0.488511 0.484182 0.483225 0.483832 0.485613 0.488588 0.492794 0.498284 0.505129 0.513418 0.523265 0.534812 0.548229 0.563731 0.581576 0.602086 0.625658 0.652787 0.684099 0.720388 0.762684 0.812335 0.871145 0.856958 0.833506 0.813211 0.795752 0.780869 0.768349 0.758022 0.749751 0.743430 0.738980 0.736347 0.735498 0.736423 0.739133 0.743661 0.750063 0.758419 0.768837 0.781454 0.765367 0.745011 0.727416 0.712310 0.699470 0.688713 0.679896 0.672902 0.667643 0.664053 0.662087 0.661723 0.662955 0.665799 0.670289 0.676481 0.684453 0.694307 0.706175 0.720221 0.736648 0.755705 0.777698 0.756544 0.726823 0.700973 0.678477 0.658918 0.641959 0.627324 0.614789 0.604173 0.595327 0.588132 0.582496 0.578347 0.575634 0.574323 0.574398 0.575862 0.578730 0.583039 0.588720 0.589792 541.500000 1.277312 0.780354
0.662955 0.665799 0.670289 0.676481 0.684453 0.694307 0.706175 0.720221 0.736648 0.755705 0.777698 0.756544 0.726823 0.700973 0.678477 0.658918 0.641959 0.627324 0.614789 0.604173 0.595327 0.588132 0.582496 0.578347 0.575634 0.574323 0.574398 0.575862 0.578730 0.583039 0.588720 0.589792 0.592297 0.596266 0.601748 0.608812 0.617549 0.628076 0.640538 0.655115 0.672027 0.691545 0.714003 0.739811 0.761433 0.767102 0.774736 0.784433 0.796318 0.810552 0.827333 0.846907 0.869576 0.895708 0.925759 0.960290 1.000000 0.942384 0.870907 0.811324 0.761088 0.718340 0.681694 0.650095 0.622730 0.598960 0.578280 0.560285 0.544649 0.531106 0.519442 0.509480 0.501077 0.494118 0.488511 0.484182 0.483225 0.483832 0.485613 0.488588 0.492794 0.498284 0.505129 0.513418 0.523265 0.534812 0.548229 0.563731 0.581576 0.602086 0.625658 0.652787 0.684099 0.720388 0.762684 0.812335 0.871145 0.856958 0.833506 0.813211 0.795752 0.780869 0.768349 0.758022 0.749751 0.743430 0.738980 0.736347 0.735498 0.736423 0.739133 0.743661 0.750063 0.758419 0.768837 0.781454 0.765367 0.745011 0.727416 0.712310 0.699470 0.688713 0.679896 0.672902 0.667643 0.664053 0.662087 0.661723 541.500000 1.277312 0.780354
0.738979 0.740110 0.727416 0.716848 0.708264 0.701553 0.696631 0.693437 0.691931 0.692095 0.693931 0.697462 0.702731 0.709803 0.718767 0.729742 0.742874 0.758348 0.776391 0.797281 0.821359 0.849046 0.859070 0.807209 0.762987 0.725014 0.692230 0.663813 0.639116 0.617626 0.598929 0.582694 0.568649 0.556575 0.546292 0.537653 0.530542 0.524864 0.520547 0.517538 0.515798 0.515307 0.516060 0.518064 0.523832 0.533393 0.544647 0.557759 0.572932 0.590415 0.610516 0.633614 0.660182 0.690813 0.726259 0.767488 0.815763 0.872763 0.940763 1.000000 0.958602 0.922629 0.891329 0.864096 0.840442 0.819971 0.802361 0.787349 0.774720 0.764302 0.755957 0.749579 0.745087 0.742428 0.741567 0.742494 0.745222 0.746835 0.701282 0.662472 0.629168 0.600429 0.575528 0.553890 0.535063 0.518683 0.504454 0.500816 0.501293 0.502984 0.505909 0.510104 0.515622 0.522534 0.530929 0.540923 0.552658 0.566308 0.582086 0.600257 0.621143 0.645146 0.672764 0.704625 0.741530 0.784509 0.834911 0.894538 0.870380 0.840528 0.814552 0.791985 0.772446 0.755624 0.741266 0.729168 0.719163 0.711119 0.704933 0.700526 0.697845 0.696856 0.697549 0.699930 0.704030 0.709899 0.717609 0.727260 702.000000 1.139436 0.740835
0.552658 0.566308 0.582086 0.600257 0.621143 0.645146 0.672764 0.704625 0.741530 0.784509 0.834911 0.894538 0.870380 0.840528 0.814552 0.791985 0.772446 0.755624 0.741266 0.729168 0.719163 0.711119 0.704933 0.700526 0.697845 0.696856 0.697549 0.699930 0.704030 0.709899 0.717609 0.727260 0.738979 0.740110 0.727416 0.716848 0.708264 0.701553 0.696631 0.693437 0.691931 0.692095 0.693931 0.697462 0.702731 0.709803 0.718767 0.729742 0.742874 0.758348 0.776391 0.797281 0.821359 0.849046 0.859070 0.807209 0.762987 0.725014 0.692230 0.663813 0.639116 0.617626 0.598929 0.582694 0.568649 0.556575 0.546292 0.537653 0.530542 0.524864 0.520547 0.517538 0.515798 0.515307 0.516060 0.518064 0.523832 0.533393 0.544647 0.557759 0.572932 0.590415 0.610516 0.633614 0.660182 0.690813 0.726259 0.767488 0.815763 0.872763 0.940763 1.000000 0.958602 0.922629 0.891329 0.864096 0.840442 0.819971 0.802361 0.787349 0.774720 0.764302 0.755957 0.749579 0.745087 0.742428 0.741567 0.742494 0.745222 0.746835 0.701282 0.662472 0.629168 0.600429 0.575528 0.553890 0.535063 0.518683 0.504454 0.500816 0.501293 0.502984 0.505909 0.510104 0.515622 0.522534 0.530929 0.540923 702.000000 1.139436 0.740835
0.840442 0.819971 0.802361 0.787349 0.774720 0.764302 0.755957 0.749579 0.745087 0.742428 0.741567 0.742494 0.745222 0.746835 0.701282 0.662472 0.629168 0.600429 0.575528 0.553890 0.535063 0.518683 0.504454 0.500816 0.501293 0.502984 0.505909 0.510104 0.515622 0.522534 0.530929 0.540923 0.552658 0.566308 0.582086 0.600257 0.621143 0.645146 0.672764 0.704625 0.741530 0.784509 0.834911 0.894538 0.870380 0.840528 0.814552 0.791985 0.772446 0.755624 0.741266 0.729168 0.719163 0.711119 0.704933 0.700526 0.697845 0.696856 0.697549 0.699930 0.704030 0.709899 0.717609 0.727260 0.738979 0.740110 0.727416 0.716848 0.708264 0.701553 0.696631 0.693437 0.691931 0.692095 0.693931 0.697462 0.702731 0.709803 0.718767 0.729742 0.742874 0.758348 0.776391 0.797281 0.821359 0.849046 0.859070 0.807209 0.762987 0.725014 0.692230 0.663813 0.639116 0.617626 0.598929 0.582694 0.568649 0.556575 0.546292 0.537653 0.530542 0.524864 0.520547 0.517538 0.515798 0.515307 0.516060 0.518064 0.523832 0.533393 0.544647 0.557759 0.572932 0.590415 0.610516 0.633614 0.660182 0.690813 0.726259 0.767488 0.815763 0.872763 0.940763 1.000000 0.958602 0.922629 0.891329 0.864096 702.000000 1.139436 0.740835
0.568649 0.556575 0.546292 0.537653 0.530542 0.524864 0.520547 0.517538 0.515798 0.515307 0.516060 0.518064 0.523832 0.533393 0.544647 0.557759 0.572932 0.590415 0.610516 0.633614 0.660182 0.690813 0.726259 0.767488 0.815763 0.872763 0.940763 1.000000 0.958602 0.922629 0.891329 0.864096 0.840442 0.819971 0.802361 0.787349 0.774720 0.764302 0.755957 0.749579 0.745087 0.742428 0.741567 0.742494 0.745222 0.746835 0.701282 0.662472 0.629168 0.600429 0.575528 0.553890 0.535063 0.518683 0.504454 0.500816 0.501293 0.502984 0.505909 0.510104 0.515622 0.522534 0.530929 0.540923 0.552658 0.566308 0.582086 0.600257 0.621143 0.645146 0.672764 0.704625 0.741530 0.784509 0.834911 0.894538 0.870380 0.840528 0.814552 0.791985 0.772446 0.755624 0.741266 0.729168 0.719163 0.711119 0.704933 0.700526 0.697845 0.696856 0.697549 0.699930 0.704030 0.709899 0.717609 0.727260 0.738979 0.740110 0.727416 0.716848 0.708264 0.701553 0.696631 0.693437 0.691931 0.692095 0.693931 0.697462 0.702731 0.709803 0.718767 0.729742 0.742874 0.758348 0.776391 0.797281 0.821359 0.849046 0.859070 0.807209 0.762987 0.725014 0.692230 0.663813 0.639116 0.617626 0.598929 0.582694 702.000000 1.139436 0.740835
0.777787 0.734960 0.698198 0.666466 0.638967 0.615069 0.594275 0.576183 0.560471 0.546876 0.535183 0.525219 0.516841 0.509935 0.504411 0.500197 0.497241 0.495507 0.494972 0.495632 0.497494 0.500580 0.504928 0.510594 0.517649 0.526188 0.536327 0.548210 0.562017 0.577966 0.596325 0.617424 0.641675 0.669587 0.701805 0.739151 0.782687 0.833807 0.894376 0.966946 1.000000 0.915518 0.846078 0.788194 0.739390 0.697861 0.662260 0.631562 0.604977 0.581885 0.561794 0.544312 0.529122 0.515965 0.504633 0.494955 0.486792 0.480032 0.474584 0.470379 0.467364 0.465501 0.464769 0.465158 0.466672 0.469331 0.473167 0.478228 0.484578 0.492301 0.501501 0.512310 0.524888 0.539430 0.556180 0.575434 0.597560 0.623017 0.652380 0.686384 0.725972 0.772381 0.827258 0.892845 0.972271 0.940612 0.875536 0.820731 0.774139 0.734226 0.699830 0.670054 0.644198 0.621704 0.602131 0.585118 0.570377 0.557671 0.546808 0.537630 0.530010 0.523848 0.519064 0.515597 0.513405 0.512461 0.512753 0.514286 0.517076 0.521160 0.526587 0.533428 0.541770 0.551728 0.563442 0.577084 0.592867 0.611051 0.631956 0.655979 0.683613 0.715476 0.752356 0.795264 0.845523 0.904890 0.887504 0.828033 1182.500000 1.123253 0.601532
0.570377 0.557671 0.546808 0.537630 0.530010 0.523848 0.519064 0.515597 0.513405 0.512461 0.512753 0.514286 0.517076 0.521160 0.526587 0.533428 0.541770 0.551728 0.563442 0.577084 0.592867 0.611051 0.631956 0.655979 0.683613 0.715476 0.752356 0.795264 0.845523 0.904890 0.887504 0.828033 0.777787 0.734960 0.698198 0.666466 0.638967 0.615069 0.594275 0.576183 0.560471 0.546876 0.535183 0.525219 0.516841 0.509935 0.504411 0.500197 0.497241 0.495507 0.494972 0.495632 0.497494 0.500580 0.504928 0.510594 0.517649 0.526188 0.536327 0.548210 0.562017 0.577966 0.596325 0.617424 0.641675 0.669587 0.701805 0.739151 0.782687 0.833807 0.894376 0.966946 1.000000 0.915518 0.846078 0.788194 0.739390 0.697861 0.662260 0.631562 0.604977 0.581885 0.561794 0.544312 0.529122 0.515965 0.504633 0.494955 0.486792 0.480032 0.474584 0.470379 0.467364 0.465501 0.464769 0.465158 0.466672 0.469331 0.473167 0.478228 0.484578 0.492301 0.501501 0.512310 0.524888 0.539430 0.556180 0.575434 0.597560 0.623017 0.652380 0.686384 0.725972 0.772381 0.827258 0.892845 0.972271 0.940612 0.875536 0.820731 0.774139 0.734226 0.699830 0.670054 0.644198 0.621704 0.602131 0.585118 1182.500000 1.123253 0.601532
0.466672 0.469331 0.473167 0.478228 0.484578 0.492301 0.501501 0.512310 0.524888 0.539430 0.556180 0.575434 0.597560 0.623017 0.652380 0.686384 0.725972 0.772381 0.827258 0.892845 0.972271 0.940612 0.875536 0.820731 0.774139 0.734226 0.699830 0.670054 0.644198 0.621704 0.602131 0.585118 0.570377 0.557671 0.546808 0.537630 0.530010 0.523848 0.519064 0.515597 0.513405 0.512461 0.512753 0.514286 0.517076 0.521160 0.526587 0.533428 0.541770 0.551728 0.563442 0.577084 0.592867 0.611051 0.631956 0.655979 0.683613 0.715476 0.752356 0.795264 0.845523 0.904890 0.887504 0.828033 0.777787 0.734960 0.698198 0.666466 0.638967 0.615069 0.594275 0.576183 0.560471 0.546876 0.535183 0.525219 0.516841 0.509935 0.504411 0.500197 0.497241 0.495507 0.494972 0.495632 0.497494 0.500580 0.504928 0.510594 0.517649 0.526188 0.536327 0.548210 0.562017 0.577966 0.596325 0.617424 0.641675 0.669587 0.701805 0.739151 0.782687 0.833807 0.894376 0.966946 1.000000 0.915518 0.846078 0.788194 0.739390 0.697861 0.662260 0.631562 0.604977 0.581885 0.561794 0.544312 0.529122 0.515965 0.504633 0.494955 0.486792 0.480032 0.474584 0.470379 0.467364 0.465501 0.464769 0.465158 1182.500000 1.123253 0.601532
0.641675 0.669587 0.701805 0.739151 0.782687 0.833807 0.894376 0.966946 1.000000 0.915518 0.846078 0.788194 0.739390 0.697861 0.662260 0.631562 0.604977 0.581885 0.561794 0.544312 0.529122 0.515965 0.504633 0.494955 0.486792 0.480032 0.474584 0.470379 0.467364 0.465501 0.464769 0.465158 0.466672 0.469331 0.473167 0.478228 0.484578 0.492301 0.501501 0.512310 0.524888 0.539430 0.556180 0.575434 0.597560 0.623017 0.652380 0.686384 0.725972 0.772381 0.827258 0.892845 0.972271 0.940612 0.875536 0.820731 0.774139 0.734226 0.699830 0.670054 0.644198 0.621704 0.602131 0.585118 0.570377 0.557671 0.546808 0.537630 0.530010 0.523848 0.519064 0.515597 0.513405 0.512461 0.512753 0.514286 0.517076 0.521160 0.526587 0.533428 0.541770 0.551728 0.563442 0.577084 0.592867 0.611051 0.631956 0.655979 0.683613 0.715476 0.752356 0.795264 0.845523 0.904890 0.887504 0.828033 0.777787 0.734960 0.698198 0.666466 0.638967 0.615069 0.594275 0.576183 0.560471 0.546876 0.535183 0.525219 0.516841 0.509935 0.504411 0.500197 0.497241 0.495507 0.494972 0.495632 0.497494 0.500580 0.504928 0.510594 0.517649 0.526188 0.536327 0.548210 0.562017 0.577966 0.596325 0.617424 1182.500000 1.123253 0.601532
0.767777 0.829614 0.904654 0.917456 0.853533 0.799738 0.754031 0.714895 0.681181 0.652004 0.626671 0.604636 0.585460 0.568791 0.554343 0.541885 0.531225 0.522211 0.514717 0.508643 0.503910 0.500459 0.498248 0.497248 0.497448 0.498851 0.501474 0.505347 0.510521 0.517060 0.525050 0.534599 0.545842 0.558942 0.574104 0.591577 0.611666 0.634751 0.661302 0.691910 0.727327 0.768517 0.816738 0.837109 0.781241 0.734022 0.693761 0.659192 0.629350 0.603483 0.581003 0.561441 0.544423 0.529645 0.516859 0.505867 0.496504 0.488636 0.482158 0.476983 0.473045 0.470296 0.468701 0.468241 0.468911 0.470718 0.473685 0.477848 0.483259 0.489988 0.498124 0.507778 0.519090 0.532228 0.547402 0.564867 0.584939 0.608009 0.634565 0.665222 0.700765 0.742210 0.790891 0.848594 0.917764 1.000000 0.906853 0.831412 0.769270 0.717379 0.673567 0.636243 0.604217 0.576583 0.552639 0.531835 0.513733 0.497983 0.484302 0.472461 0.462272 0.453582 0.446269 0.440231 0.435390 0.431682 0.429062 0.427497 0.426968 0.427470 0.429007 0.431599 0.435277 0.440088 0.446093 0.453372 0.462023 0.472171 0.483967 0.497596 0.513288 0.531324 0.552051 0.575905 0.603433 0.635332 0.672503 0.716125 9768.000000 1.198778 0.597163
0.513733 0.497983 0.484302 0.472461 0.462272 0.453582 0.446269 0.440231 0.435390 0.431682 0.429062 0.427497 0.426968 0.427470 0.429007 0.431599 0.435277 0.440088 0.446093 0.453372 0.462023 0.472171 0.483967 0.497596 0.513288 0.531324 0.552051 0.575905 0.603433 0.635332 0.672503 0.716125 0.767777 0.829614 0.904654 0.917456 0.853533 0.799738 0.754031 0.714895 0.681181 0.652004 0.626671 0.604636 0.585460 0.568791 0.554343 0.541885 0.531225 0.522211 0.514717 0.508643 0.503910 0.500459 0.498248 0.497248 0.497448 0.498851 0.501474 0.505347 0.510521 0.517060 0.525050 0.534599 0.545842 0.558942 0.574104 0.591577 0.611666 0.634751 0.661302 0.691910 0.727327 0.768517 0.816738 0.837109 0.781241 0.734022 0.693761 0.659192 0.629350 0.603483 0.581003 0.561441 0.544423 0.529645 0.516859 0.505867 0.496504 0.488636 0.482158 0.476983 0.473045 0.470296 0.468701 0.468241 0.468911 0.470718 0.473685 0.477848 0.483259 0.489988 0.498124 0.507778 0.519090 0.532228 0.547402 0.564867 0.584939 0.608009 0.634565 0.665222 0.700765 0.742210 0.790891 0.848594 0.917764 1.000000 0.906853 0.831412 0.769270 0.717379 0.673567 0.636243 0.604217 0.576583 0.552639 0.531835 9768.000000 1.198778 0.597163
0.468911 0.470718 0.473685 0.477848 0.483259 0.489988 0.498124 0.507778 0.519090 0.532228 0.547402 0.564867 0.584939 0.608009 0.634565 0.665222 0.700765 0.742210 0.790891 0.848594 0.917764 1.000000 0.906853 0.831412 0.769270 0.717379 0.673567 0.636243 0.604217 0.576583 0.552639 0.531835 0.513733 0.497983 0.484302 0.472461 0.462272 0.453582 0.446269 0.440231 0.435390 0.431682 0.429062 0.427497 0.426968 0.427470 0.429007 0.431599 0.435277 0.440088 0.446093 0.453372 0.462023 0.472171 0.483967 0.497596 0.513288 0.531324 0.552051 0.575905 0.603433 0.635332 0.672503 0.716125 0.767777 0.829614 0.904654 0.917456 0.853533 0.799738 0.754031 0.714895 0.681181 0.652004 0.626671 0.604636 0.585460 0.568791 0.554343 0.541885 0.531225 0.522211 0.514717 0.508643 0.503910 0.500459 0.498248 0.497248 0.497448 0.498851 0.501474 0.505347 0.510521 0.517060 0.525050 0.534599 0.545842 0.558942 0.574104 0.591577 0.611666 0.634751 0.661302 0.691910 0.727327 0.768517 0.816738 0.837109 0.781241 0.734022 0.693761 0.659192 0.629350 0.603483 0.581003 0.561441 0.544423 0.529645 0.516859 0.505867 0.496504 0.488636 0.482158 0.476983 0.473045 0.470296 0.468701 0.468241 9768.000000 1.198778 0.597163
0.545842 0.558942 0.574104 0.591577 0.611666 0.634751 0.661302 0.691910 0.727327 0.768517 0.816738 0.837109 0.781241 0.734022 0.693761 0.659192 0.629350 0.603483 0.581003 0.561441 0.544423 0.529645 0.516859 0.505867 0.496504 0.488636 0.482158 0.476983 0.473045 0.470296 0.468701 0.468241 0.468911 0.470718 0.473685 0.477848 0.483259 0.489988 0.498124 0.507778 0.519090 0.532228 0.547402 0.564867 0.584939 0.608009 0.634565 0.665222 0.700765 0.742210 0.790891 0.848594 0.917764 1.000000 0.906853 0.831412 0.769270 0.717379 0.673567 0.636243 0.604217 0.576583 0.552639 0.531835 0.513733 0.497983 0.484302 0.472461 0.462272 0.453582 0.446269 0.440231 0.435390 0.431682 0.429062 0.427497 0.426968 0.427470 0.429007 0.431599 0.435277 0.440088 0.446093 0.453372 0.462023 0.472171 0.483967 0.497596 0.513288 0.531324 0.552051 0.575905 0.603433 0.635332 0.672503 0.716125 0.767777 0.829614 0.904654 0.917456 0.853533 0.799738 0.754031 0.714895 0.681181 0.652004 0.626671 0.604636 0.585460 0.568791 0.554343 0.541885 0.531225 0.522211 0.514717 0.508643 0.503910 0.500459 0.498248 0.497248 0.497448 0.498851 0.501474 0.505347 0.510521 0.517060 0.525050 0.534599 9768.000000 1.198778 0.597163
