0.627040 0.607591 0.590692 0.576058 0.563456 0.552697 0.543626 0.536118 0.530075 0.525418 0.522089 0.520047 0.519267 0.519740 0.521470 0.524481 0.528807 0.534504 0.541644 0.550320 0.560652 0.572786 0.586902 0.603221 0.622015 0.643618 0.668444 0.697008 0.729960 0.768124 0.812564 0.864674 0.926309 1.000000 0.943156 0.880776 0.828007 0.782984 0.744304 0.710899 0.681935 0.656760 0.634852 0.615794 0.599248 0.584941 0.572648 0.562188 0.553412 0.546202 0.540463 0.536121 0.533122 0.531430 0.531024 0.531898 0.534065 0.537549 0.542395 0.548662 0.556432 0.565808 0.576919 0.589925 0.605022 0.622451 0.642507 0.665556 0.692050 0.722552 0.757778 0.798636 0.791495 0.761049 0.734563 0.711514 0.691483 0.674129 0.659174 0.646391 0.635596 0.626641 0.619406 0.613799 0.609747 0.607202 0.606133 0.606525 0.608385 0.611734 0.616615 0.623087 0.631233 0.641159 0.653002 0.666927 0.683140 0.701895 0.723500 0.748338 0.776880 0.759701 0.739604 0.722237 0.707333 0.694671 0.684073 0.675396 0.668527 0.663379 0.659887 0.658008 0.657720 0.659019 0.661921 0.666461 0.672696 0.680704 0.690589 0.702482 0.716548 0.732992 0.752062 0.774065 0.738803 0.704657 0.675083 0.649392 16049.000000 1.218347 0.743355
0.683140 0.701895 0.723500 0.748338 0.776880 0.759701 0.739604 0.722237 0.707333 0.694671 0.684073 0.675396 0.668527 0.663379 0.659887 0.658008 0.657720 0.659019 0.661921 0.666461 0.672696 0.680704 0.690589 0.702482 0.716548 0.732992 0.752062 0.774065 0.738803 0.704657 0.675083 0.649392 0.627040 0.607591 0.590692 0.576058 0.563456 0.552697 0.543626 0.536118 0.530075 0.525418 0.522089 0.520047 0.519267 0.519740 0.521470 0.524481 0.528807 0.534504 0.541644 0.550320 0.560652 0.572786 0.586902 0.603221 0.622015 0.643618 0.668444 0.697008 0.729960 0.768124 0.812564 0.864674 0.926309 1.000000 0.943156 0.880776 0.828007 0.782984 0.744304 0.710899 0.681935 0.656760 0.634852 0.615794 0.599248 0.584941 0.572648 0.562188 0.553412 0.546202 0.540463 0.536121 0.533122 0.531430 0.531024 0.531898 0.534065 0.537549 0.542395 0.548662 0.556432 0.565808 0.576919 0.589925 0.605022 0.622451 0.642507 0.665556 0.692050 0.722552 0.757778 0.798636 0.791495 0.761049 0.734563 0.711514 0.691483 0.674129 0.659174 0.646391 0.635596 0.626641 0.619406 0.613799 0.609747 0.607202 0.606133 0.606525 0.608385 0.611734 0.616615 0.623087 0.631233 0.641159 0.653002 0.666927 16049.000000 1.218347 0.743355
0.605022 0.622451 0.642507 0.665556 0.692050 0.722552 0.757778 0.798636 0.791495 0.761049 0.734563 0.711514 0.691483 0.674129 0.659174 0.646391 0.635596 0.626641 0.619406 0.613799 0.609747 0.607202 0.606133 0.606525 0.608385 0.611734 0.616615 0.623087 0.631233 0.641159 0.653002 0.666927 0.683140 0.701895 0.723500 0.748338 0.776880 0.759701 0.739604 0.722237 0.707333 0.694671 0.684073 0.675396 0.668527 0.663379 0.659887 0.658008 0.657720 0.659019 0.661921 0.666461 0.672696 0.680704 0.690589 0.702482 0.716548 0.732992 0.752062 0.774065 0.738803 0.704657 0.675083 0.649392 0.627040 0.607591 0.590692 0.576058 0.563456 0.552697 0.543626 0.536118 0.530075 0.525418 0.522089 0.520047 0.519267 0.519740 0.521470 0.524481 0.528807 0.534504 0.541644 0.550320 0.560652 0.572786 0.586902 0.603221 0.622015 0.643618 0.668444 0.697008 0.729960 0.768124 0.812564 0.864674 0.926309 1.000000 0.943156 0.880776 0.828007 0.782984 0.744304 0.710899 0.681935 0.656760 0.634852 0.615794 0.599248 0.584941 0.572648 0.562188 0.553412 0.546202 0.540463 0.536121 0.533122 0.531430 0.531024 0.531898 0.534065 0.537549 0.542395 0.548662 0.556432 0.565808 0.576919 0.589925 16049.000000 1.218347 0.743355
0.926309 1.000000 0.943156 0.880776 0.828007 0.782984 0.744304 0.710899 0.681935 0.656760 0.634852 0.615794 0.599248 0.584941 0.572648 0.562188 0.553412 0.546202 0.540463 0.536121 0.533122 0.531430 0.531024 0.531898 0.534065 0.537549 0.542395 0.548662 0.556432 0.565808 0.576919 0.589925 0.605022 0.622451 0.642507 0.665556 0.692050 0.722552 0.757778 0.798636 0.791495 0.761049 0.734563 0.711514 0.691483 0.674129 0.659174 0.646391 0.635596 0.626641 0.619406 0.613799 0.609747 0.607202 0.606133 0.606525 0.608385 0.611734 0.616615 0.623087 0.631233 0.641159 0.653002 0.666927 0.683140 0.701895 0.723500 0.748338 0.776880 0.759701 0.739604 0.722237 0.707333 0.694671 0.684073 0.675396 0.668527 0.663379 0.659887 0.658008 0.657720 0.659019 0.661921 0.666461 0.672696 0.680704 0.690589 0.702482 0.716548 0.732992 0.752062 0.774065 0.738803 0.704657 0.675083 0.649392 0.627040 0.607591 0.590692 0.576058 0.563456 0.552697 0.543626 0.536118 0.530075 0.525418 0.522089 0.520047 0.519267 0.519740 0.521470 0.524481 0.528807 0.534504 0.541644 0.550320 0.560652 0.572786 0.586902 0.603221 0.622015 0.643618 0.668444 0.697008 0.729960 0.768124 0.812564 0.864674 16049.000000 1.218347 0.743355
0.605263 0.596229 0.588859 0.583056 0.578747 0.575879 0.574416 0.574340 0.575651 0.578364 0.582514 0.588150 0.595345 0.604191 0.614808 0.627343 0.641978 0.658938 0.678497 0.700994 0.726844 0.756567 0.790810 0.830396 0.876375 0.930118 0.993432 1.000000 0.927751 0.867187 0.815891 0.772080 0.734414 0.701864 0.673631 0.649085 0.627724 0.609145 0.593021 0.579088 0.567130 0.556970 0.548466 0.541502 0.535989 0.531855 0.529048 0.527536 0.527299 0.528334 0.530654 0.534288 0.539279 0.545692 0.553609 0.563136 0.574404 0.587577 0.602855 0.620483 0.640763 0.664068 0.690859 0.721714 0.757365 0.798744 0.768742 0.741948 0.718632 0.698368 0.680811 0.665679 0.652743 0.641818 0.632751 0.625423 0.619738 0.615625 0.613034 0.611933 0.612308 0.614164 0.617523 0.622427 0.628937 0.637136 0.647130 0.659057 0.673083 0.689416 0.708311 0.730078 0.755103 0.783860 0.816939 0.855085 0.899239 0.947397 0.889490 0.840163 0.797839 0.761322 0.729682 0.702191 0.678271 0.657459 0.639380 0.623731 0.610266 0.598781 0.589113 0.581131 0.574728 0.569822 0.566353 0.564276 0.563568 0.564218 0.566236 0.569646 0.574489 0.580827 0.588740 0.598333 0.609737 0.623115 0.628836 0.616082 1323.500000 1.366344 0.725456
0.899239 0.947397 0.889490 0.840163 0.797839 0.761322 0.729682 0.702191 0.678271 0.657459 0.639380 0.623731 0.610266 0.598781 0.589113 0.581131 0.574728 0.569822 0.566353 0.564276 0.563568 0.564218 0.566236 0.569646 0.574489 0.580827 0.588740 0.598333 0.609737 0.623115 0.628836 0.616082 0.605263 0.596229 0.588859 0.583056 0.578747 0.575879 0.574416 0.574340 0.575651 0.578364 0.582514 0.588150 0.595345 0.604191 0.614808 0.627343 0.641978 0.658938 0.678497 0.700994 0.726844 0.756567 0.790810 0.830396 0.876375 0.930118 0.993432 1.000000 0.927751 0.867187 0.815891 0.772080 0.734414 0.701864 0.673631 0.649085 0.627724 0.609145 0.593021 0.579088 0.567130 0.556970 0.548466 0.541502 0.535989 0.531855 0.529048 0.527536 0.527299 0.528334 0.530654 0.534288 0.539279 0.545692 0.553609 0.563136 0.574404 0.587577 0.602855 0.620483 0.640763 0.664068 0.690859 0.721714 0.757365 0.798744 0.768742 0.741948 0.718632 0.698368 0.680811 0.665679 0.652743 0.641818 0.632751 0.625423 0.619738 0.615625 0.613034 0.611933 0.612308 0.614164 0.617523 0.622427 0.628937 0.637136 0.647130 0.659057 0.673083 0.689416 0.708311 0.730078 0.755103 0.783860 0.816939 0.855085 1323.500000 1.366344 0.725456
0.757365 0.798744 0.768742 0.741948 0.718632 0.698368 0.680811 0.665679 0.652743 0.641818 0.632751 0.625423 0.619738 0.615625 0.613034 0.611933 0.612308 0.614164 0.617523 0.622427 0.628937 0.637136 0.647130 0.659057 0.673083 0.689416 0.708311 0.730078 0.755103 0.783860 0.816939 0.855085 0.899239 0.947397 0.889490 0.840163 0.797839 0.761322 0.729682 0.702191 0.678271 0.657459 0.639380 0.623731 0.610266 0.598781 0.589113 0.581131 0.574728 0.569822 0.566353 0.564276 0.563568 0.564218 0.566236 0.569646 0.574489 0.580827 0.588740 0.598333 0.609737 0.623115 0.628836 0.616082 0.605263 0.596229 0.588859 0.583056 0.578747 0.575879 0.574416 0.574340 0.575651 0.578364 0.582514 0.588150 0.595345 0.604191 0.614808 0.627343 0.641978 0.658938 0.678497 0.700994 0.726844 0.756567 0.790810 0.830396 0.876375 0.930118 0.993432 1.000000 0.927751 0.867187 0.815891 0.772080 0.734414 0.701864 0.673631 0.649085 0.627724 0.609145 0.593021 0.579088 0.567130 0.556970 0.548466 0.541502 0.535989 0.531855 0.529048 0.527536 0.527299 0.528334 0.530654 0.534288 0.539279 0.545692 0.553609 0.563136 0.574404 0.587577 0.602855 0.620483 0.640763 0.664068 0.690859 0.721714 1323.500000 1.366344 0.725456
0.734414 0.701864 0.673631 0.649085 0.627724 0.609145 0.593021 0.579088 0.567130 0.556970 0.548466 0.541502 0.535989 0.531855 0.529048 0.527536 0.527299 0.528334 0.530654 0.534288 0.539279 0.545692 0.553609 0.563136 0.574404 0.587577 0.602855 0.620483 0.640763 0.664068 0.690859 0.721714 0.757365 0.798744 0.768742 0.741948 0.718632 0.698368 0.680811 0.665679 0.652743 0.641818 0.632751 0.625423 0.619738 0.615625 0.613034 0.611933 0.612308 0.614164 0.617523 0.622427 0.628937 0.637136 0.647130 0.659057 0.673083 0.689416 0.708311 0.730078 0.755103 0.783860 0.816939 0.855085 0.899239 0.947397 0.889490 0.840163 0.797839 0.761322 0.729682 0.702191 0.678271 0.657459 0.639380 0.623731 0.610266 0.598781 0.589113 0.581131 0.574728 0.569822 0.566353 0.564276 0.563568 0.564218 0.566236 0.569646 0.574489 0.580827 0.588740 0.598333 0.609737 0.623115 0.628836 0.616082 0.605263 0.596229 0.588859 0.583056 0.578747 0.575879 0.574416 0.574340 0.575651 0.578364 0.582514 0.588150 0.595345 0.604191 0.614808 0.627343 0.641978 0.658938 0.678497 0.700994 0.726844 0.756567 0.790810 0.830396 0.876375 0.930118 0.993432 1.000000 0.927751 0.867187 0.815891 0.772080 1323.500000 1.366344 0.725456
0.739865 0.747347 0.756824 0.768419 0.782289 0.782612 0.780624 0.780521 0.782303 0.785990 0.791629 0.799289 0.809066 0.821088 0.835516 0.852551 0.872440 0.895489 0.903073 0.879568 0.859273 0.841875 0.827122 0.814806 0.804761 0.796857 0.790994 0.787099 0.785125 0.785047 0.786864 0.790599 0.796297 0.804028 0.813892 0.826015 0.840560 0.857729 0.877774 0.896302 0.873899 0.854597 0.838105 0.824185 0.812646 0.803334 0.796129 0.790941 0.787705 0.786383 0.786957 0.789436 0.793849 0.800250 0.808719 0.819365 0.832326 0.847779 0.865943 0.887086 0.911538 0.904747 0.876419 0.851801 0.830474 0.812097 0.796394 0.783137 0.772143 0.763268 0.756396 0.751440 0.748340 0.747058 0.747578 0.749907 0.754073 0.760126 0.768143 0.778226 0.790507 0.805152 0.822369 0.842412 0.865593 0.853434 0.834902 0.819089 0.805769 0.794760 0.785915 0.779121 0.774292 0.771370 0.770319 0.771126 0.773801 0.778376 0.784907 0.793477 0.804195 0.817202 0.832676 0.850836 0.871954 0.896360 0.924464 0.956767 0.993890 1.000000 0.956962 0.919600 0.887103 0.858823 0.834237 0.812924 0.794539 0.778802 0.765485 0.754402 0.745406 0.738379 0.733234 0.729907 0.728356 0.728563 0.730530 0.734282 3225.500000 1.011896 0.880996
0.773801 0.778376 0.784907 0.793477 0.804195 0.817202 0.832676 0.850836 0.871954 0.896360 0.924464 0.956767 0.993890 1.000000 0.956962 0.919600 0.887103 0.858823 0.834237 0.812924 0.794539 0.778802 0.765485 0.754402 0.745406 0.738379 0.733234 0.729907 0.728356 0.728563 0.730530 0.734282 0.739865 0.747347 0.756824 0.768419 0.782289 0.782612 0.780624 0.780521 0.782303 0.785990 0.791629 0.799289 0.809066 0.821088 0.835516 0.852551 0.872440 0.895489 0.903073 0.879568 0.859273 0.841875 0.827122 0.814806 0.804761 0.796857 0.790994 0.787099 0.785125 0.785047 0.786864 0.790599 0.796297 0.804028 0.813892 0.826015 0.840560 0.857729 0.877774 0.896302 0.873899 0.854597 0.838105 0.824185 0.812646 0.803334 0.796129 0.790941 0.787705 0.786383 0.786957 0.789436 0.793849 0.800250 0.808719 0.819365 0.832326 0.847779 0.865943 0.887086 0.911538 0.904747 0.876419 0.851801 0.830474 0.812097 0.796394 0.783137 0.772143 0.763268 0.756396 0.751440 0.748340 0.747058 0.747578 0.749907 0.754073 0.760126 0.768143 0.778226 0.790507 0.805152 0.822369 0.842412 0.865593 0.853434 0.834902 0.819089 0.805769 0.794760 0.785915 0.779121 0.774292 0.771370 0.770319 0.771126 3225.500000 1.011896 0.880996
0.830474 0.812097 0.796394 0.783137 0.772143 0.763268 0.756396 0.751440 0.748340 0.747058 0.747578 0.749907 0.754073 0.760126 0.768143 0.778226 0.790507 0.805152 0.822369 0.842412 0.865593 0.853434 0.834902 0.819089 0.805769 0.794760 0.785915 0.779121 0.774292 0.771370 0.770319 0.771126 0.773801 0.778376 0.784907 0.793477 0.804195 0.817202 0.832676 0.850836 0.871954 0.896360 0.924464 0.956767 0.993890 1.000000 0.956962 0.919600 0.887103 0.858823 0.834237 0.812924 0.794539 0.778802 0.765485 0.754402 0.745406 0.738379 0.733234 0.729907 0.728356 0.728563 0.730530 0.734282 0.739865 0.747347 0.756824 0.768419 0.782289 0.782612 0.780624 0.780521 0.782303 0.785990 0.791629 0.799289 0.809066 0.821088 0.835516 0.852551 0.872440 0.895489 0.903073 0.879568 0.859273 0.841875 0.827122 0.814806 0.804761 0.796857 0.790994 0.787099 0.785125 0.785047 0.786864 0.790599 0.796297 0.804028 0.813892 0.826015 0.840560 0.857729 0.877774 0.896302 0.873899 0.854597 0.838105 0.824185 0.812646 0.803334 0.796129 0.790941 0.787705 0.786383 0.786957 0.789436 0.793849 0.800250 0.808719 0.819365 0.832326 0.847779 0.865943 0.887086 0.911538 0.904747 0.876419 0.851801 3225.500000 1.011896 0.880996
0.796297 0.804028 0.813892 0.826015 0.840560 0.857729 0.877774 0.896302 0.873899 0.854597 0.838105 0.824185 0.812646 0.803334 0.796129 0.790941 0.787705 0.786383 0.786957 0.789436 0.793849 0.800250 0.808719 0.819365 0.832326 0.847779 0.865943 0.887086 0.911538 0.904747 0.876419 0.851801 0.830474 0.812097 0.796394 0.783137 0.772143 0.763268 0.756396 0.751440 0.748340 0.747058 0.747578 0.749907 0.754073 0.760126 0.768143 0.778226 0.790507 0.805152 0.822369 0.842412 0.865593 0.853434 0.834902 0.819089 0.805769 0.794760 0.785915 0.779121 0.774292 0.771370 0.770319 0.771126 0.773801 0.778376 0.784907 0.793477 0.804195 0.817202 0.832676 0.850836 0.871954 0.896360 0.924464 0.956767 0.993890 1.000000 0.956962 0.919600 0.887103 0.858823 0.834237 0.812924 0.794539 0.778802 0.765485 0.754402 0.745406 0.738379 0.733234 0.729907 0.728356 0.728563 0.730530 0.734282 0.739865 0.747347 0.756824 0.768419 0.782289 0.782612 0.780624 0.780521 0.782303 0.785990 0.791629 0.799289 0.809066 0.821088 0.835516 0.852551 0.872440 0.895489 0.903073 0.879568 0.859273 0.841875 0.827122 0.814806 0.804761 0.796857 0.790994 0.787099 0.785125 0.785047 0.786864 0.790599 3225.500000 1.011896 0.880996
0.735433 0.783502 0.840461 0.869874 0.860244 0.852856 0.847618 0.844467 0.843363 0.844293 0.847269 0.852327 0.859528 0.868963 0.880753 0.895054 0.912059 0.932013 0.955211 0.982020 0.903186 0.833770 0.775998 0.727352 0.686001 0.650581 0.620060 0.593641 0.570699 0.550742 0.533375 0.518281 0.505200 0.493925 0.484283 0.476135 0.469369 0.463894 0.459641 0.456554 0.454596 0.453744 0.453986 0.455327 0.457781 0.461379 0.466166 0.472204 0.479570 0.488880 0.499991 0.512884 0.527765 0.544886 0.564562 0.587179 0.613223 0.643306 0.678211 0.718953 0.766868 0.807199 0.793332 0.781786 0.772405 0.765068 0.759681 0.756179 0.754519 0.754680 0.756664 0.760496 0.766222 0.773913 0.783667 0.795612 0.809908 0.826755 0.846400 0.869146 0.895365 0.925514 0.960159 1.000000 0.952273 0.882596 0.824270 0.774927 0.732823 0.696651 0.665409 0.638321 0.614775 0.594285 0.576461 0.560987 0.547607 0.536112 0.526331 0.518126 0.511387 0.506024 0.501969 0.493235 0.485376 0.478900 0.473720 0.469771 0.467003 0.465382 0.464889 0.465516 0.467273 0.470180 0.474273 0.479603 0.486239 0.494269 0.503803 0.514977 0.527958 0.542953 0.560213 0.580050 0.602849 0.629091 0.659383 0.694497 4015.000000 1.551259 0.728585
0.547607 0.536112 0.526331 0.518126 0.511387 0.506024 0.501969 0.493235 0.485376 0.478900 0.473720 0.469771 0.467003 0.465382 0.464889 0.465516 0.467273 0.470180 0.474273 0.479603 0.486239 0.494269 0.503803 0.514977 0.527958 0.542953 0.560213 0.580050 0.602849 0.629091 0.659383 0.694497 0.735433 0.783502 0.840461 0.869874 0.860244 0.852856 0.847618 0.844467 0.843363 0.844293 0.847269 0.852327 0.859528 0.868963 0.880753 0.895054 0.912059 0.932013 0.955211 0.982020 0.903186 0.833770 0.775998 0.727352 0.686001 0.650581 0.620060 0.593641 0.570699 0.550742 0.533375 0.518281 0.505200 0.493925 0.484283 0.476135 0.469369 0.463894 0.459641 0.456554 0.454596 0.453744 0.453986 0.455327 0.457781 0.461379 0.466166 0.472204 0.479570 0.488880 0.499991 0.512884 0.527765 0.544886 0.564562 0.587179 0.613223 0.643306 0.678211 0.718953 0.766868 0.807199 0.793332 0.781786 0.772405 0.765068 0.759681 0.756179 0.754519 0.754680 0.756664 0.760496 0.766222 0.773913 0.783667 0.795612 0.809908 0.826755 0.846400 0.869146 0.895365 0.925514 0.960159 1.000000 0.952273 0.882596 0.824270 0.774927 0.732823 0.696651 0.665409 0.638321 0.614775 0.594285 0.576461 0.560987 4015.000000 1.551259 0.728585
0.772405 0.765068 0.759681 0.756179 0.754519 0.754680 0.756664 0.760496 0.766222 0.773913 0.783667 0.795612 0.809908 0.826755 0.846400 0.869146 0.895365 0.925514 0.960159 1.000000 0.952273 0.882596 0.824270 0.774927 0.732823 0.696651 0.665409 0.638321 0.614775 0.594285 0.576461 0.560987 0.547607 0.536112 0.526331 0.518126 0.511387 0.506024 0.501969 0.493235 0.485376 0.478900 0.473720 0.469771 0.467003 0.465382 0.464889 0.465516 0.467273 0.470180 0.474273 0.479603 0.486239 0.494269 0.503803 0.514977 0.527958 0.542953 0.560213 0.580050 0.602849 0.629091 0.659383 0.694497 0.735433 0.783502 0.840461 0.869874 0.860244 0.852856 0.847618 0.844467 0.843363 0.844293 0.847269 0.852327 0.859528 0.868963 0.880753 0.895054 0.912059 0.932013 0.955211 0.982020 0.903186 0.833770 0.775998 0.727352 0.686001 0.650581 0.620060 0.593641 0.570699 0.550742 0.533375 0.518281 0.505200 0.493925 0.484283 0.476135 0.469369 0.463894 0.459641 0.456554 0.454596 0.453744 0.453986 0.455327 0.457781 0.461379 0.466166 0.472204 0.479570 0.488880 0.499991 0.512884 0.527765 0.544886 0.564562 0.587179 0.613223 0.643306 0.678211 0.718953 0.766868 0.807199 0.793332 0.781786 4015.000000 1.551259 0.728585
0.505200 0.493925 0.484283 0.476135 0.469369 0.463894 0.459641 0.456554 0.454596 0.453744 0.453986 0.455327 0.457781 0.461379 0.466166 0.472204 0.479570 0.488880 0.499991 0.512884 0.527765 0.544886 0.564562 0.587179 0.613223 0.643306 0.678211 0.718953 0.766868 0.807199 0.793332 0.781786 0.772405 0.765068 0.759681 0.756179 0.754519 0.754680 0.756664 0.760496 0.766222 0.773913 0.783667 0.795612 0.809908 0.826755 0.846400 0.869146 0.895365 0.925514 0.960159 1.000000 0.952273 0.882596 0.824270 0.774927 0.732823 0.696651 0.665409 0.638321 0.614775 0.594285 0.576461 0.560987 0.547607 0.536112 0.526331 0.518126 0.511387 0.506024 0.501969 0.493235 0.485376 0.478900 0.473720 0.469771 0.467003 0.465382 0.464889 0.465516 0.467273 0.470180 0.474273 0.479603 0.486239 0.494269 0.503803 0.514977 0.527958 0.542953 0.560213 0.580050 0.602849 0.629091 0.659383 0.694497 0.735433 0.783502 0.840461 0.869874 0.860244 0.852856 0.847618 0.844467 0.843363 0.844293 0.847269 0.852327 0.859528 0.868963 0.880753 0.895054 0.912059 0.932013 0.955211 0.982020 0.903186 0.833770 0.775998 0.727352 0.686001 0.650581 0.620060 0.593641 0.570699 0.550742 0.533375 0.518281 4015.000000 1.551259 0.728585
0.857119 0.821817 0.791138 0.764443 0.741217 0.721048 0.703597 0.688590 0.675804 0.665058 0.656204 0.649126 0.643733 0.639958 0.637754 0.637095 0.637973 0.640399 0.644401 0.650029 0.657354 0.666470 0.677497 0.690587 0.705927 0.723747 0.744330 0.768022 0.795251 0.826546 0.862568 0.904150 0.903936 0.868907 0.838435 0.811919 0.788870 0.768895 0.751673 0.736941 0.724488 0.714141 0.705761 0.699241 0.694498 0.691473 0.690130 0.690453 0.692444 0.696129 0.701553 0.708782 0.717910 0.729055 0.742368 0.758037 0.776292 0.797416 0.821757 0.849743 0.881901 0.918890 0.961535 0.951900 0.906306 0.866873 0.832650 0.802888 0.776987 0.754466 0.734934 0.718075 0.703628 0.691385 0.681172 0.672855 0.666324 0.661497 0.658314 0.656736 0.656744 0.658338 0.661537 0.666381 0.672929 0.681265 0.691496 0.703761 0.718231 0.735115 0.754675 0.777228 0.803165 0.832968 0.867239 0.864776 0.834831 0.808773 0.786130 0.766516 0.749619 0.735184 0.723004 0.712909 0.704767 0.698473 0.693947 0.691134 0.689999 0.690529 0.692729 0.696627 0.702271 0.709730 0.719101 0.730506 0.744100 0.760075 0.778669 0.800171 0.824938 0.853408 0.886125 0.923765 0.967178 1.000000 0.945036 0.897850 7533.000000 1.122716 0.779891
0.834831 0.808773 0.786130 0.766516 0.749619 0.735184 0.723004 0.712909 0.704767 0.698473 0.693947 0.691134 0.689999 0.690529 0.692729 0.696627 0.702271 0.709730 0.719101 0.730506 0.744100 0.760075 0.778669 0.800171 0.824938 0.853408 0.886125 0.923765 0.967178 1.000000 0.945036 0.897850 0.857119 0.821817 0.791138 0.764443 0.741217 0.721048 0.703597 0.688590 0.675804 0.665058 0.656204 0.649126 0.643733 0.639958 0.637754 0.637095 0.637973 0.640399 0.644401 0.650029 0.657354 0.666470 0.677497 0.690587 0.705927 0.723747 0.744330 0.768022 0.795251 0.826546 0.862568 0.904150 0.903936 0.868907 0.838435 0.811919 0.788870 0.768895 0.751673 0.736941 0.724488 0.714141 0.705761 0.699241 0.694498 0.691473 0.690130 0.690453 0.692444 0.696129 0.701553 0.708782 0.717910 0.729055 0.742368 0.758037 0.776292 0.797416 0.821757 0.849743 0.881901 0.918890 0.961535 0.951900 0.906306 0.866873 0.832650 0.802888 0.776987 0.754466 0.734934 0.718075 0.703628 0.691385 0.681172 0.672855 0.666324 0.661497 0.658314 0.656736 0.656744 0.658338 0.661537 0.666381 0.672929 0.681265 0.691496 0.703761 0.718231 0.735115 0.754675 0.777228 0.803165 0.832968 0.867239 0.864776 7533.000000 1.122716 0.779891
0.906306 0.866873 0.832650 0.802888 0.776987 0.754466 0.734934 0.718075 0.703628 0.691385 0.681172 0.672855 0.666324 0.661497 0.658314 0.656736 0.656744 0.658338 0.661537 0.666381 0.672929 0.681265 0.691496 0.703761 0.718231 0.735115 0.754675 0.777228 0.803165 0.832968 0.867239 0.864776 0.834831 0.808773 0.786130 0.766516 0.749619 0.735184 0.723004 0.712909 0.704767 0.698473 0.693947 0.691134 0.689999 0.690529 0.692729 0.696627 0.702271 0.709730 0.719101 0.730506 0.744100 0.760075 0.778669 0.800171 0.824938 0.853408 0.886125 0.923765 0.967178 1.000000 0.945036 0.897850 0.857119 0.821817 0.791138 0.764443 0.741217 0.721048 0.703597 0.688590 0.675804 0.665058 0.656204 0.649126 0.643733 0.639958 0.637754 0.637095 0.637973 0.640399 0.644401 0.650029 0.657354 0.666470 0.677497 0.690587 0.705927 0.723747 0.744330 0.768022 0.795251 0.826546 0.862568 0.904150 0.903936 0.868907 0.838435 0.811919 0.788870 0.768895 0.751673 0.736941 0.724488 0.714141 0.705761 0.699241 0.694498 0.691473 0.690130 0.690453 0.692444 0.696129 0.701553 0.708782 0.717910 0.729055 0.742368 0.758037 0.776292 0.797416 0.821757 0.849743 0.881901 0.918890 0.961535 0.951900 7533.000000 1.122716 0.779891
0.903936 0.868907 0.838435 0.811919 0.788870 0.768895 0.751673 0.736941 0.724488 0.714141 0.705761 0.699241 0.694498 0.691473 0.690130 0.690453 0.692444 0.696129 0.701553 0.708782 0.717910 0.729055 0.742368 0.758037 0.776292 0.797416 0.821757 0.849743 0.881901 0.918890 0.961535 0.951900 0.906306 0.866873 0.832650 0.802888 0.776987 0.754466 0.734934 0.718075 0.703628 0.691385 0.681172 0.672855 0.666324 0.661497 0.658314 0.656736 0.656744 0.658338 0.661537 0.666381 0.672929 0.681265 0.691496 0.703761 0.718231 0.735115 0.754675 0.777228 0.803165 0.832968 0.867239 0.864776 0.834831 0.808773 0.786130 0.766516 0.749619 0.735184 0.723004 0.712909 0.704767 0.698473 0.693947 0.691134 0.689999 0.690529 0.692729 0.696627 0.702271 0.709730 0.719101 0.730506 0.744100 0.760075 0.778669 0.800171 0.824938 0.853408 0.886125 0.923765 0.967178 1.000000 0.945036 0.897850 0.857119 0.821817 0.791138 0.764443 0.741217 0.721048 0.703597 0.688590 0.675804 0.665058 0.656204 0.649126 0.643733 0.639958 0.637754 0.637095 0.637973 0.640399 0.644401 0.650029 0.657354 0.666470 0.677497 0.690587 0.705927 0.723747 0.744330 0.768022 0.795251 0.826546 0.862568 0.904150 7533.000000 1.122716 0.779891
0.790697 0.793236 0.788055 0.784819 0.783490 0.784050 0.786508 0.790892 0.797257 0.805682 0.816275 0.829173 0.844554 0.862633 0.883678 0.908018 0.936056 0.968288 0.987181 0.965317 0.946632 0.930856 0.917772 0.907207 0.899023 0.893117 0.889418 0.887879 0.888482 0.891234 0.896169 0.903348 0.912859 0.924825 0.939401 0.956786 0.929025 0.877919 0.834048 0.796179 0.763359 0.734838 0.710020 0.688428 0.669676 0.653451 0.639498 0.627609 0.617614 0.609378 0.602792 0.597771 0.594253 0.592194 0.591570 0.591737 0.593087 0.595883 0.600158 0.605965 0.613377 0.622492 0.633430 0.646345 0.661424 0.678897 0.699049 0.722227 0.748860 0.779483 0.814764 0.855548 0.902921 0.958291 0.995856 0.974285 0.955882 0.940385 0.927581 0.917302 0.909415 0.903821 0.900451 0.899265 0.900248 0.903412 0.908795 0.916464 0.926514 0.939075 0.954312 0.972432 0.993694 1.000000 0.950207 0.907219 0.869958 0.837575 0.809396 0.784881 0.763592 0.745176 0.729343 0.715858 0.704528 0.695200 0.687751 0.682086 0.678134 0.674078 0.664454 0.656661 0.650597 0.646187 0.643376 0.642129 0.642432 0.644288 0.647720 0.652770 0.659500 0.667997 0.678370 0.690762 0.705345 0.722335 0.741996 0.764650 6616.000000 1.286368 0.836178
0.869958 0.837575 0.809396 0.784881 0.763592 0.745176 0.729343 0.715858 0.704528 0.695200 0.687751 0.682086 0.678134 0.674078 0.664454 0.656661 0.650597 0.646187 0.643376 0.642129 0.642432 0.644288 0.647720 0.652770 0.659500 0.667997 0.678370 0.690762 0.705345 0.722335 0.741996 0.764650 0.790697 0.793236 0.788055 0.784819 0.783490 0.784050 0.786508 0.790892 0.797257 0.805682 0.816275 0.829173 0.844554 0.862633 0.883678 0.908018 0.936056 0.968288 0.987181 0.965317 0.946632 0.930856 0.917772 0.907207 0.899023 0.893117 0.889418 0.887879 0.888482 0.891234 0.896169 0.903348 0.912859 0.924825 0.939401 0.956786 0.929025 0.877919 0.834048 0.796179 0.763359 0.734838 0.710020 0.688428 0.669676 0.653451 0.639498 0.627609 0.617614 0.609378 0.602792 0.597771 0.594253 0.592194 0.591570 0.591737 0.593087 0.595883 0.600158 0.605965 0.613377 0.622492 0.633430 0.646345 0.661424 0.678897 0.699049 0.722227 0.748860 0.779483 0.814764 0.855548 0.902921 0.958291 0.995856 0.974285 0.955882 0.940385 0.927581 0.917302 0.909415 0.903821 0.900451 0.899265 0.900248 0.903412 0.908795 0.916464 0.926514 0.939075 0.954312 0.972432 0.993694 1.000000 0.950207 0.907219 6616.000000 1.286368 0.836178
0.661424 0.678897 0.699049 0.722227 0.748860 0.779483 0.814764 0.855548 0.902921 0.958291 0.995856 0.974285 0.955882 0.940385 0.927581 0.917302 0.909415 0.903821 0.900451 0.899265 0.900248 0.903412 0.908795 0.916464 0.926514 0.939075 0.954312 0.972432 0.993694 1.000000 0.950207 0.907219 0.869958 0.837575 0.809396 0.784881 0.763592 0.745176 0.729343 0.715858 0.704528 0.695200 0.687751 0.682086 0.678134 0.674078 0.664454 0.656661 0.650597 0.646187 0.643376 0.642129 0.642432 0.644288 0.647720 0.652770 0.659500 0.667997 0.678370 0.690762 0.705345 0.722335 0.741996 0.764650 0.790697 0.793236 0.788055 0.784819 0.783490 0.784050 0.786508 0.790892 0.797257 0.805682 0.816275 0.829173 0.844554 0.862633 0.883678 0.908018 0.936056 0.968288 0.987181 0.965317 0.946632 0.930856 0.917772 0.907207 0.899023 0.893117 0.889418 0.887879 0.888482 0.891234 0.896169 0.903348 0.912859 0.924825 0.939401 0.956786 0.929025 0.877919 0.834048 0.796179 0.763359 0.734838 0.710020 0.688428 0.669676 0.653451 0.639498 0.627609 0.617614 0.609378 0.602792 0.597771 0.594253 0.592194 0.591570 0.591737 0.593087 0.595883 0.600158 0.605965 0.613377 0.622492 0.633430 0.646345 6616.000000 1.286368 0.836178
0.912859 0.924825 0.939401 0.956786 0.929025 0.877919 0.834048 0.796179 0.763359 0.734838 0.710020 0.688428 0.669676 0.653451 0.639498 0.627609 0.617614 0.609378 0.602792 0.597771 0.594253 0.592194 0.591570 0.591737 0.593087 0.595883 0.600158 0.605965 0.613377 0.622492 0.633430 0.646345 0.661424 0.678897 0.699049 0.722227 0.748860 0.779483 0.814764 0.855548 0.902921 0.958291 0.995856 0.974285 0.955882 0.940385 0.927581 0.917302 0.909415 0.903821 0.900451 0.899265 0.900248 0.903412 0.908795 0.916464 0.926514 0.939075 0.954312 0.972432 0.993694 1.000000 0.950207 0.907219 0.869958 0.837575 0.809396 0.784881 0.763592 0.745176 0.729343 0.715858 0.704528 0.695200 0.687751 0.682086 0.678134 0.674078 0.664454 0.656661 0.650597 0.646187 0.643376 0.642129 0.642432 0.644288 0.647720 0.652770 0.659500 0.667997 0.678370 0.690762 0.705345 0.722335 0.741996 0.764650 0.790697 0.793236 0.788055 0.784819 0.783490 0.784050 0.786508 0.790892 0.797257 0.805682 0.816275 0.829173 0.844554 0.862633 0.883678 0.908018 0.936056 0.968288 0.987181 0.965317 0.946632 0.930856 0.917772 0.907207 0.899023 0.893117 0.889418 0.887879 0.888482 0.891234 0.896169 0.903348 6616.000000 1.286368 0.836178
0.892296 0.936723 0.988311 0.971871 0.928552 0.890985 0.858326 0.829906 0.805185 0.783728 0.765180 0.749253 0.735712 0.724365 0.715060 0.707674 0.702114 0.698309 0.696213 0.695801 0.697068 0.700029 0.704720 0.711200 0.719549 0.729876 0.742318 0.757047 0.774275 0.794264 0.817333 0.843876 0.874379 0.909442 0.929611 0.891367 0.858131 0.829210 0.804048 0.782198 0.763294 0.747040 0.733192 0.721556 0.711971 0.704313 0.698482 0.694405 0.692034 0.691339 0.692311 0.694963 0.699326 0.705455 0.713425 0.723341 0.735332 0.749564 0.766241 0.785611 0.807984 0.833735 0.863330 0.897345 0.935096 0.897127 0.864121 0.835399 0.810414 0.788726 0.769974 0.753868 0.740168 0.728681 0.719252 0.711756 0.706098 0.702208 0.700038 0.699561 0.700772 0.703686 0.708337 0.714784 0.723107 0.733414 0.745841 0.760561 0.777786 0.797774 0.820848 0.847397 0.877907 0.912978 0.953360 1.000000 0.947207 0.901344 0.861697 0.827301 0.797392 0.771364 0.748728 0.729089 0.712125 0.697576 0.685226 0.674904 0.666470 0.659815 0.654852 0.651522 0.649783 0.649614 0.651013 0.653997 0.658602 0.664886 0.672928 0.682832 0.694730 0.708788 0.725210 0.744247 0.766205 0.791463 0.820487 0.853857 7207.000000 1.047075 0.781397
0.947207 0.901344 0.861697 0.827301 0.797392 0.771364 0.748728 0.729089 0.712125 0.697576 0.685226 0.674904 0.666470 0.659815 0.654852 0.651522 0.649783 0.649614 0.651013 0.653997 0.658602 0.664886 0.672928 0.682832 0.694730 0.708788 0.725210 0.744247 0.766205 0.791463 0.820487 0.853857 0.892296 0.936723 0.988311 0.971871 0.928552 0.890985 0.858326 0.829906 0.805185 0.783728 0.765180 0.749253 0.735712 0.724365 0.715060 0.707674 0.702114 0.698309 0.696213 0.695801 0.697068 0.700029 0.704720 0.711200 0.719549 0.729876 0.742318 0.757047 0.774275 0.794264 0.817333 0.843876 0.874379 0.909442 0.929611 0.891367 0.858131 0.829210 0.804048 0.782198 0.763294 0.747040 0.733192 0.721556 0.711971 0.704313 0.698482 0.694405 0.692034 0.691339 0.692311 0.694963 0.699326 0.705455 0.713425 0.723341 0.735332 0.749564 0.766241 0.785611 0.807984 0.833735 0.863330 0.897345 0.935096 0.897127 0.864121 0.835399 0.810414 0.788726 0.769974 0.753868 0.740168 0.728681 0.719252 0.711756 0.706098 0.702208 0.700038 0.699561 0.700772 0.703686 0.708337 0.714784 0.723107 0.733414 0.745841 0.760561 0.777786 0.797774 0.820848 0.847397 0.877907 0.912978 0.953360 1.000000 7207.000000 1.047075 0.781397
0.935096 0.897127 0.864121 0.835399 0.810414 0.788726 0.769974 0.753868 0.740168 0.728681 0.719252 0.711756 0.706098 0.702208 0.700038 0.699561 0.700772 0.703686 0.708337 0.714784 0.723107 0.733414 0.745841 0.760561 0.777786 0.797774 0.820848 0.847397 0.877907 0.912978 0.953360 1.000000 0.947207 0.901344 0.861697 0.827301 0.797392 0.771364 0.748728 0.729089 0.712125 0.697576 0.685226 0.674904 0.666470 0.659815 0.654852 0.651522 0.649783 0.649614 0.651013 0.653997 0.658602 0.664886 0.672928 0.682832 0.694730 0.708788 0.725210 0.744247 0.766205 0.791463 0.820487 0.853857 0.892296 0.936723 0.988311 0.971871 0.928552 0.890985 0.858326 0.829906 0.805185 0.783728 0.765180 0.749253 0.735712 0.724365 0.715060 0.707674 0.702114 0.698309 0.696213 0.695801 0.697068 0.700029 0.704720 0.711200 0.719549 0.729876 0.742318 0.757047 0.774275 0.794264 0.817333 0.843876 0.874379 0.909442 0.929611 0.891367 0.858131 0.829210 0.804048 0.782198 0.763294 0.747040 0.733192 0.721556 0.711971 0.704313 0.698482 0.694405 0.692034 0.691339 0.692311 0.694963 0.699326 0.705455 0.713425 0.723341 0.735332 0.749564 0.766241 0.785611 0.807984 0.833735 0.863330 0.897345 7207.000000 1.047075 0.781397
0.874379 0.909442 0.929611 0.891367 0.858131 0.829210 0.804048 0.782198 0.763294 0.747040 0.733192 0.721556 0.711971 0.704313 0.698482 0.694405 0.692034 0.691339 0.692311 0.694963 0.699326 0.705455 0.713425 0.723341 0.735332 0.749564 0.766241 0.785611 0.807984 0.833735 0.863330 0.897345 0.935096 0.897127 0.864121 0.835399 0.810414 0.788726 0.769974 0.753868 0.740168 0.728681 0.719252 0.711756 0.706098 0.702208 0.700038 0.699561 0.700772 0.703686 0.708337 0.714784 0.723107 0.733414 0.745841 0.760561 0.777786 0.797774 0.820848 0.847397 0.877907 0.912978 0.953360 1.000000 0.947207 0.901344 0.861697 0.827301 0.797392 0.771364 0.748728 0.729089 0.712125 0.697576 0.685226 0.674904 0.666470 0.659815 0.654852 0.651522 0.649783 0.649614 0.651013 0.653997 0.658602 0.664886 0.672928 0.682832 0.694730 0.708788 0.725210 0.744247 0.766205 0.791463 0.820487 0.853857 0.892296 0.936723 0.988311 0.971871 0.928552 0.890985 0.858326 0.829906 0.805185 0.783728 0.765180 0.749253 0.735712 0.724365 0.715060 0.707674 0.702114 0.698309 0.696213 0.695801 0.697068 0.700029 0.704720 0.711200 0.719549 0.729876 0.742318 0.757047 0.774275 0.794264 0.817333 0.843876 7207.000000 1.047075 0.781397
0.904273 0.944631 0.991258 1.000000 0.980589 0.964195 0.950594 0.939602 0.931080 0.924918 0.921042 0.919404 0.919985 0.922790 0.927855 0.909806 0.864068 0.824600 0.790401 0.760685 0.734829 0.712333 0.692792 0.675880 0.661329 0.648921 0.638481 0.629864 0.622958 0.618274 0.616714 0.616643 0.618062 0.620986 0.625452 0.631516 0.639253 0.648764 0.660177 0.673651 0.689382 0.707610 0.728632 0.752809 0.778198 0.778506 0.780695 0.784793 0.790849 0.798939 0.809166 0.821663 0.836599 0.854184 0.874677 0.898395 0.925727 0.957152 0.950008 0.917585 0.889375 0.864868 0.843654 0.825397 0.809822 0.796709 0.785876 0.777181 0.770513 0.765787 0.762945 0.761953 0.762799 0.765493 0.770068 0.776580 0.785111 0.795770 0.808697 0.824069 0.842104 0.860052 0.848024 0.838319 0.830813 0.825411 0.822046 0.820677 0.821289 0.823887 0.828504 0.835197 0.844049 0.855172 0.862681 0.827790 0.797458 0.771062 0.748102 0.728173 0.710947 0.696155 0.683580 0.673043 0.664403 0.657546 0.652384 0.648854 0.646912 0.646534 0.647716 0.650473 0.654837 0.660863 0.668627 0.678229 0.689797 0.699502 0.706024 0.714407 0.724758 0.737216 0.751953 0.769181 0.789164 0.812221 0.838748 0.869230 1361.500000 1.161070 0.857741
0.797458 0.771062 0.748102 0.728173 0.710947 0.696155 0.683580 0.673043 0.664403 0.657546 0.652384 0.648854 0.646912 0.646534 0.647716 0.650473 0.654837 0.660863 0.668627 0.678229 0.689797 0.699502 0.706024 0.714407 0.724758 0.737216 0.751953 0.769181 0.789164 0.812221 0.838748 0.869230 0.904273 0.944631 0.991258 1.000000 0.980589 0.964195 0.950594 0.939602 0.931080 0.924918 0.921042 0.919404 0.919985 0.922790 0.927855 0.909806 0.864068 0.824600 0.790401 0.760685 0.734829 0.712333 0.692792 0.675880 0.661329 0.648921 0.638481 0.629864 0.622958 0.618274 0.616714 0.616643 0.618062 0.620986 0.625452 0.631516 0.639253 0.648764 0.660177 0.673651 0.689382 0.707610 0.728632 0.752809 0.778198 0.778506 0.780695 0.784793 0.790849 0.798939 0.809166 0.821663 0.836599 0.854184 0.874677 0.898395 0.925727 0.957152 0.950008 0.917585 0.889375 0.864868 0.843654 0.825397 0.809822 0.796709 0.785876 0.777181 0.770513 0.765787 0.762945 0.761953 0.762799 0.765493 0.770068 0.776580 0.785111 0.795770 0.808697 0.824069 0.842104 0.860052 0.848024 0.838319 0.830813 0.825411 0.822046 0.820677 0.821289 0.823887 0.828504 0.835197 0.844049 0.855172 0.862681 0.827790 1361.500000 1.161070 0.857741
0.809822 0.796709 0.785876 0.777181 0.770513 0.765787 0.762945 0.761953 0.762799 0.765493 0.770068 0.776580 0.785111 0.795770 0.808697 0.824069 0.842104 0.860052 0.848024 0.838319 0.830813 0.825411 0.822046 0.820677 0.821289 0.823887 0.828504 0.835197 0.844049 0.855172 0.862681 0.827790 0.797458 0.771062 0.748102 0.728173 0.710947 0.696155 0.683580 0.673043 0.664403 0.657546 0.652384 0.648854 0.646912 0.646534 0.647716 0.650473 0.654837 0.660863 0.668627 0.678229 0.689797 0.699502 0.706024 0.714407 0.724758 0.737216 0.751953 0.769181 0.789164 0.812221 0.838748 0.869230 0.904273 0.944631 0.991258 1.000000 0.980589 0.964195 0.950594 0.939602 0.931080 0.924918 0.921042 0.919404 0.919985 0.922790 0.927855 0.909806 0.864068 0.824600 0.790401 0.760685 0.734829 0.712333 0.692792 0.675880 0.661329 0.648921 0.638481 0.629864 0.622958 0.618274 0.616714 0.616643 0.618062 0.620986 0.625452 0.631516 0.639253 0.648764 0.660177 0.673651 0.689382 0.707610 0.728632 0.752809 0.778198 0.778506 0.780695 0.784793 0.790849 0.798939 0.809166 0.821663 0.836599 0.854184 0.874677 0.898395 0.925727 0.957152 0.950008 0.917585 0.889375 0.864868 0.843654 0.825397 1361.500000 1.161070 0.857741
0.618062 0.620986 0.625452 0.631516 0.639253 0.648764 0.660177 0.673651 0.689382 0.707610 0.728632 0.752809 0.778198 0.778506 0.780695 0.784793 0.790849 0.798939 0.809166 0.821663 0.836599 0.854184 0.874677 0.898395 0.925727 0.957152 0.950008 0.917585 0.889375 0.864868 0.843654 0.825397 0.809822 0.796709 0.785876 0.777181 0.770513 0.765787 0.762945 0.761953 0.762799 0.765493 0.770068 0.776580 0.785111 0.795770 0.808697 0.824069 0.842104 0.860052 0.848024 0.838319 0.830813 0.825411 0.822046 0.820677 0.821289 0.823887 0.828504 0.835197 0.844049 0.855172 0.862681 0.827790 0.797458 0.771062 0.748102 0.728173 0.710947 0.696155 0.683580 0.673043 0.664403 0.657546 0.652384 0.648854 0.646912 0.646534 0.647716 0.650473 0.654837 0.660863 0.668627 0.678229 0.689797 0.699502 0.706024 0.714407 0.724758 0.737216 0.751953 0.769181 0.789164 0.812221 0.838748 0.869230 0.904273 0.944631 0.991258 1.000000 0.980589 0.964195 0.950594 0.939602 0.931080 0.924918 0.921042 0.919404 0.919985 0.922790 0.927855 0.909806 0.864068 0.824600 0.790401 0.760685 0.734829 0.712333 0.692792 0.675880 0.661329 0.648921 0.638481 0.629864 0.622958 0.618274 0.616714 0.616643 1361.500000 1.161070 0.857741
0.800739 0.785624 0.772896 0.762381 0.753940 0.747465 0.742875 0.740113 0.739146 0.739961 0.742569 0.747001 0.753313 0.761582 0.771915 0.784448 0.799353 0.816840 0.837172 0.860668 0.887722 0.862082 0.834395 0.810322 0.789448 0.771434 0.756004 0.742934 0.732042 0.723182 0.716239 0.711124 0.707775 0.706151 0.706232 0.708018 0.711532 0.716817 0.723937 0.732985 0.744076 0.757361 0.773025 0.791297 0.802023 0.789963 0.780112 0.772342 0.766553 0.762674 0.760657 0.760478 0.762135 0.765647 0.771058 0.778435 0.787871 0.799488 0.813442 0.829926 0.849181 0.871499 0.897242 0.926853 0.960880 1.000000 0.959179 0.916441 0.879377 0.847156 0.819116 0.794726 0.773556 0.755257 0.739544 0.726186 0.714993 0.705815 0.698531 0.693048 0.689299 0.687236 0.686836 0.688092 0.691021 0.688445 0.681428 0.676165 0.672591 0.670661 0.670353 0.671662 0.674605 0.679217 0.685556 0.693701 0.703757 0.715860 0.730176 0.746912 0.766323 0.788720 0.814488 0.844098 0.878137 0.917340 0.962635 0.934444 0.905081 0.879562 0.857452 0.838396 0.822106 0.808348 0.796931 0.787702 0.780545 0.775367 0.772105 0.770719 0.771193 0.773532 0.777765 0.783943 0.792144 0.802472 0.815063 0.818458 1735.000000 1.099541 0.858485
0.703757 0.715860 0.730176 0.746912 0.766323 0.788720 0.814488 0.844098 0.878137 0.917340 0.962635 0.934444 0.905081 0.879562 0.857452 0.838396 0.822106 0.808348 0.796931 0.787702 0.780545 0.775367 0.772105 0.770719 0.771193 0.773532 0.777765 0.783943 0.792144 0.802472 0.815063 0.818458 0.800739 0.785624 0.772896 0.762381 0.753940 0.747465 0.742875 0.740113 0.739146 0.739961 0.742569 0.747001 0.753313 0.761582 0.771915 0.784448 0.799353 0.816840 0.837172 0.860668 0.887722 0.862082 0.834395 0.810322 0.789448 0.771434 0.756004 0.742934 0.732042 0.723182 0.716239 0.711124 0.707775 0.706151 0.706232 0.708018 0.711532 0.716817 0.723937 0.732985 0.744076 0.757361 0.773025 0.791297 0.802023 0.789963 0.780112 0.772342 0.766553 0.762674 0.760657 0.760478 0.762135 0.765647 0.771058 0.778435 0.787871 0.799488 0.813442 0.829926 0.849181 0.871499 0.897242 0.926853 0.960880 1.000000 0.959179 0.916441 0.879377 0.847156 0.819116 0.794726 0.773556 0.755257 0.739544 0.726186 0.714993 0.705815 0.698531 0.693048 0.689299 0.687236 0.686836 0.688092 0.691021 0.688445 0.681428 0.676165 0.672591 0.670661 0.670353 0.671662 0.674605 0.679217 0.685556 0.693701 1735.000000 1.099541 0.858485
0.960880 1.000000 0.959179 0.916441 0.879377 0.847156 0.819116 0.794726 0.773556 0.755257 0.739544 0.726186 0.714993 0.705815 0.698531 0.693048 0.689299 0.687236 0.686836 0.688092 0.691021 0.688445 0.681428 0.676165 0.672591 0.670661 0.670353 0.671662 0.674605 0.679217 0.685556 0.693701 0.703757 0.715860 0.730176 0.746912 0.766323 0.788720 0.814488 0.844098 0.878137 0.917340 0.962635 0.934444 0.905081 0.879562 0.857452 0.838396 0.822106 0.808348 0.796931 0.787702 0.780545 0.775367 0.772105 0.770719 0.771193 0.773532 0.777765 0.783943 0.792144 0.802472 0.815063 0.818458 0.800739 0.785624 0.772896 0.762381 0.753940 0.747465 0.742875 0.740113 0.739146 0.739961 0.742569 0.747001 0.753313 0.761582 0.771915 0.784448 0.799353 0.816840 0.837172 0.860668 0.887722 0.862082 0.834395 0.810322 0.789448 0.771434 0.756004 0.742934 0.732042 0.723182 0.716239 0.711124 0.707775 0.706151 0.706232 0.708018 0.711532 0.716817 0.723937 0.732985 0.744076 0.757361 0.773025 0.791297 0.802023 0.789963 0.780112 0.772342 0.766553 0.762674 0.760657 0.760478 0.762135 0.765647 0.771058 0.778435 0.787871 0.799488 0.813442 0.829926 0.849181 0.871499 0.897242 0.926853 1735.000000 1.099541 0.858485
0.707775 0.706151 0.706232 0.708018 0.711532 0.716817 0.723937 0.732985 0.744076 0.757361 0.773025 0.791297 0.802023 0.789963 0.780112 0.772342 0.766553 0.762674 0.760657 0.760478 0.762135 0.765647 0.771058 0.778435 0.787871 0.799488 0.813442 0.829926 0.849181 0.871499 0.897242 0.926853 0.960880 1.000000 0.959179 0.916441 0.879377 0.847156 0.819116 0.794726 0.773556 0.755257 0.739544 0.726186 0.714993 0.705815 0.698531 0.693048 0.689299 0.687236 0.686836 0.688092 0.691021 0.688445 0.681428 0.676165 0.672591 0.670661 0.670353 0.671662 0.674605 0.679217 0.685556 0.693701 0.703757 0.715860 0.730176 0.746912 0.766323 0.788720 0.814488 0.844098 0.878137 0.917340 0.962635 0.934444 0.905081 0.879562 0.857452 0.838396 0.822106 0.808348 0.796931 0.787702 0.780545 0.775367 0.772105 0.770719 0.771193 0.773532 0.777765 0.783943 0.792144 0.802472 0.815063 0.818458 0.800739 0.785624 0.772896 0.762381 0.753940 0.747465 0.742875 0.740113 0.739146 0.739961 0.742569 0.747001 0.753313 0.761582 0.771915 0.784448 0.799353 0.816840 0.837172 0.860668 0.887722 0.862082 0.834395 0.810322 0.789448 0.771434 0.756004 0.742934 0.732042 0.723182 0.716239 0.711124 1735.000000 1.099541 0.858485
0.912357 0.874996 0.842525 0.814269 0.789687 0.768343 0.749881 0.734012 0.720501 0.709156 0.699823 0.692378 0.686727 0.682799 0.680546 0.679940 0.680974 0.683662 0.688034 0.694146 0.702074 0.711920 0.723815 0.737921 0.754443 0.773627 0.795780 0.821275 0.850575 0.884253 0.923022 0.967785 0.998793 0.953171 0.913640 0.879291 0.849403 0.823399 0.800812 0.781263 0.764443 0.750101 0.738033 0.728073 0.720089 0.713981 0.709670 0.707105 0.706253 0.707105 0.709670 0.713981 0.720089 0.728073 0.738033 0.750101 0.764443 0.781263 0.800812 0.823399 0.849403 0.879291 0.913526 0.878411 0.847862 0.821279 0.798177 0.778162 0.760914 0.746173 0.733727 0.723403 0.715064 0.708603 0.703938 0.701012 0.699789 0.700255 0.702414 0.706294 0.711941 0.719426 0.728845 0.740321 0.754010 0.770105 0.788844 0.810518 0.835487 0.864192 0.897177 0.935123 0.978882 1.000000 0.950938 0.908551 0.871792 0.839837 0.812028 0.787839 0.766844 0.748695 0.733111 0.719861 0.708759 0.699654 0.692427 0.686986 0.683262 0.681212 0.680808 0.682048 0.684945 0.689534 0.695874 0.704043 0.714147 0.726321 0.740732 0.757588 0.777146 0.799718 0.825688 0.855533 0.889839 0.929345 0.974979 0.955455 582.000000 1.056536 0.781215
0.871792 0.839837 0.812028 0.787839 0.766844 0.748695 0.733111 0.719861 0.708759 0.699654 0.692427 0.686986 0.683262 0.681212 0.680808 0.682048 0.684945 0.689534 0.695874 0.704043 0.714147 0.726321 0.740732 0.757588 0.777146 0.799718 0.825688 0.855533 0.889839 0.929345 0.974979 0.955455 0.912357 0.874996 0.842525 0.814269 0.789687 0.768343 0.749881 0.734012 0.720501 0.709156 0.699823 0.692378 0.686727 0.682799 0.680546 0.679940 0.680974 0.683662 0.688034 0.694146 0.702074 0.711920 0.723815 0.737921 0.754443 0.773627 0.795780 0.821275 0.850575 0.884253 0.923022 0.967785 0.998793 0.953171 0.913640 0.879291 0.849403 0.823399 0.800812 0.781263 0.764443 0.750101 0.738033 0.728073 0.720089 0.713981 0.709670 0.707105 0.706253 0.707105 0.709670 0.713981 0.720089 0.728073 0.738033 0.750101 0.764443 0.781263 0.800812 0.823399 0.849403 0.879291 0.913526 0.878411 0.847862 0.821279 0.798177 0.778162 0.760914 0.746173 0.733727 0.723403 0.715064 0.708603 0.703938 0.701012 0.699789 0.700255 0.702414 0.706294 0.711941 0.719426 0.728845 0.740321 0.754010 0.770105 0.788844 0.810518 0.835487 0.864192 0.897177 0.935123 0.978882 1.000000 0.950938 0.908551 582.000000 1.056536 0.781215
0.847862 0.821279 0.798177 0.778162 0.760914 0.746173 0.733727 0.723403 0.715064 0.708603 0.703938 0.701012 0.699789 0.700255 0.702414 0.706294 0.711941 0.719426 0.728845 0.740321 0.754010 0.770105 0.788844 0.810518 0.835487 0.864192 0.897177 0.935123 0.978882 1.000000 0.950938 0.908551 0.871792 0.839837 0.812028 0.787839 0.766844 0.748695 0.733111 0.719861 0.708759 0.699654 0.692427 0.686986 0.683262 0.681212 0.680808 0.682048 0.684945 0.689534 0.695874 0.704043 0.714147 0.726321 0.740732 0.757588 0.777146 0.799718 0.825688 0.855533 0.889839 0.929345 0.974979 0.955455 0.912357 0.874996 0.842525 0.814269 0.789687 0.768343 0.749881 0.734012 0.720501 0.709156 0.699823 0.692378 0.686727 0.682799 0.680546 0.679940 0.680974 0.683662 0.688034 0.694146 0.702074 0.711920 0.723815 0.737921 0.754443 0.773627 0.795780 0.821275 0.850575 0.884253 0.923022 0.967785 0.998793 0.953171 0.913640 0.879291 0.849403 0.823399 0.800812 0.781263 0.764443 0.750101 0.738033 0.728073 0.720089 0.713981 0.709670 0.707105 0.706253 0.707105 0.709670 0.713981 0.720089 0.728073 0.738033 0.750101 0.764443 0.781263 0.800812 0.823399 0.849403 0.879291 0.913526 0.878411 582.000000 1.056536 0.781215
0.998793 0.953171 0.913640 0.879291 0.849403 0.823399 0.800812 0.781263 0.764443 0.750101 0.738033 0.728073 0.720089 0.713981 0.709670 0.707105 0.706253 0.707105 0.709670 0.713981 0.720089 0.728073 0.738033 0.750101 0.764443 0.781263 0.800812 0.823399 0.849403 0.879291 0.913526 0.878411 0.847862 0.821279 0.798177 0.778162 0.760914 0.746173 0.733727 0.723403 0.715064 0.708603 0.703938 0.701012 0.699789 0.700255 0.702414 0.706294 0.711941 0.719426 0.728845 0.740321 0.754010 0.770105 0.788844 0.810518 0.835487 0.864192 0.897177 0.935123 0.978882 1.000000 0.950938 0.908551 0.871792 0.839837 0.812028 0.787839 0.766844 0.748695 0.733111 0.719861 0.708759 0.699654 0.692427 0.686986 0.683262 0.681212 0.680808 0.682048 0.684945 0.689534 0.695874 0.704043 0.714147 0.726321 0.740732 0.757588 0.777146 0.799718 0.825688 0.855533 0.889839 0.929345 0.974979 0.955455 0.912357 0.874996 0.842525 0.814269 0.789687 0.768343 0.749881 0.734012 0.720501 0.709156 0.699823 0.692378 0.686727 0.682799 0.680546 0.679940 0.680974 0.683662 0.688034 0.694146 0.702074 0.711920 0.723815 0.737921 0.754443 0.773627 0.795780 0.821275 0.850575 0.884253 0.923022 0.967785 582.000000 1.056536 0.781215
0.924026 1.000000 0.954094 0.900245 0.854097 0.814316 0.779872 0.749956 0.723930 0.701283 0.681601 0.664552 0.649862 0.637310 0.626715 0.617930 0.610840 0.605352 0.601398 0.598929 0.597914 0.598342 0.600217 0.603563 0.608421 0.614850 0.622934 0.632777 0.644514 0.658311 0.674372 0.684483 0.660406 0.639455 0.621242 0.605456 0.591843 0.580195 0.570345 0.562155 0.555517 0.550344 0.546571 0.544151 0.543055 0.543270 0.544797 0.547657 0.551883 0.557528 0.564665 0.573386 0.583809 0.596081 0.610381 0.626932 0.646006 0.667935 0.693135 0.722119 0.755531 0.794192 0.839154 0.891789 0.910031 0.868463 0.832445 0.801149 0.773917 0.750224 0.729644 0.711832 0.696507 0.683440 0.672444 0.663369 0.656096 0.650530 0.646602 0.644265 0.643489 0.644265 0.646602 0.650530 0.656096 0.663369 0.672444 0.683440 0.696507 0.711832 0.729644 0.748100 0.711096 0.679138 0.651431 0.627349 0.606392 0.588161 0.572333 0.558645 0.546884 0.536874 0.528474 0.521570 0.516071 0.511908 0.509027 0.507395 0.506990 0.507808 0.509860 0.513169 0.517777 0.523741 0.531139 0.540069 0.550654 0.563045 0.577429 0.594037 0.613149 0.635113 0.660358 0.689424 0.722988 0.761916 0.807331 0.860707 985.000000 1.424858 0.740980
0.606392 0.588161 0.572333 0.558645 0.546884 0.536874 0.528474 0.521570 0.516071 0.511908 0.509027 0.507395 0.506990 0.507808 0.509860 0.513169 0.517777 0.523741 0.531139 0.540069 0.550654 0.563045 0.577429 0.594037 0.613149 0.635113 0.660358 0.689424 0.722988 0.761916 0.807331 0.860707 0.924026 1.000000 0.954094 0.900245 0.854097 0.814316 0.779872 0.749956 0.723930 0.701283 0.681601 0.664552 0.649862 0.637310 0.626715 0.617930 0.610840 0.605352 0.601398 0.598929 0.597914 0.598342 0.600217 0.603563 0.608421 0.614850 0.622934 0.632777 0.644514 0.658311 0.674372 0.684483 0.660406 0.639455 0.621242 0.605456 0.591843 0.580195 0.570345 0.562155 0.555517 0.550344 0.546571 0.544151 0.543055 0.543270 0.544797 0.547657 0.551883 0.557528 0.564665 0.573386 0.583809 0.596081 0.610381 0.626932 0.646006 0.667935 0.693135 0.722119 0.755531 0.794192 0.839154 0.891789 0.910031 0.868463 0.832445 0.801149 0.773917 0.750224 0.729644 0.711832 0.696507 0.683440 0.672444 0.663369 0.656096 0.650530 0.646602 0.644265 0.643489 0.644265 0.646602 0.650530 0.656096 0.663369 0.672444 0.683440 0.696507 0.711832 0.729644 0.748100 0.711096 0.679138 0.651431 0.627349 985.000000 1.424858 0.740980
0.910031 0.868463 0.832445 0.801149 0.773917 0.750224 0.729644 0.711832 0.696507 0.683440 0.672444 0.663369 0.656096 0.650530 0.646602 0.644265 0.643489 0.644265 0.646602 0.650530 0.656096 0.663369 0.672444 0.683440 0.696507 0.711832 0.729644 0.748100 0.711096 0.679138 0.651431 0.627349 0.606392 0.588161 0.572333 0.558645 0.546884 0.536874 0.528474 0.521570 0.516071 0.511908 0.509027 0.507395 0.506990 0.507808 0.509860 0.513169 0.517777 0.523741 0.531139 0.540069 0.550654 0.563045 0.577429 0.594037 0.613149 0.635113 0.660358 0.689424 0.722988 0.761916 0.807331 0.860707 0.924026 1.000000 0.954094 0.900245 0.854097 0.814316 0.779872 0.749956 0.723930 0.701283 0.681601 0.664552 0.649862 0.637310 0.626715 0.617930 0.610840 0.605352 0.601398 0.598929 0.597914 0.598342 0.600217 0.603563 0.608421 0.614850 0.622934 0.632777 0.644514 0.658311 0.674372 0.684483 0.660406 0.639455 0.621242 0.605456 0.591843 0.580195 0.570345 0.562155 0.555517 0.550344 0.546571 0.544151 0.543055 0.543270 0.544797 0.547657 0.551883 0.557528 0.564665 0.573386 0.583809 0.596081 0.610381 0.626932 0.646006 0.667935 0.693135 0.722119 0.755531 0.794192 0.839154 0.891789 985.000000 1.424858 0.740980
0.660406 0.639455 0.621242 0.605456 0.591843 0.580195 0.570345 0.562155 0.555517 0.550344 0.546571 0.544151 0.543055 0.543270 0.544797 0.547657 0.551883 0.557528 0.564665 0.573386 0.583809 0.596081 0.610381 0.626932 0.646006 0.667935 0.693135 0.722119 0.755531 0.794192 0.839154 0.891789 0.910031 0.868463 0.832445 0.801149 0.773917 0.750224 0.729644 0.711832 0.696507 0.683440 0.672444 0.663369 0.656096 0.650530 0.646602 0.644265 0.643489 0.644265 0.646602 0.650530 0.656096 0.663369 0.672444 0.683440 0.696507 0.711832 0.729644 0.748100 0.711096 0.679138 0.651431 0.627349 0.606392 0.588161 0.572333 0.558645 0.546884 0.536874 0.528474 0.521570 0.516071 0.511908 0.509027 0.507395 0.506990 0.507808 0.509860 0.513169 0.517777 0.523741 0.531139 0.540069 0.550654 0.563045 0.577429 0.594037 0.613149 0.635113 0.660358 0.689424 0.722988 0.761916 0.807331 0.860707 0.924026 1.000000 0.954094 0.900245 0.854097 0.814316 0.779872 0.749956 0.723930 0.701283 0.681601 0.664552 0.649862 0.637310 0.626715 0.617930 0.610840 0.605352 0.601398 0.598929 0.597914 0.598342 0.600217 0.603563 0.608421 0.614850 0.622934 0.632777 0.644514 0.658311 0.674372 0.684483 985.000000 1.424858 0.740980
0.950220 1.000000 0.917727 0.849855 0.793109 0.745150 0.704260 0.669152 0.638845 0.612576 0.589746 0.569881 0.552598 0.537589 0.524605 0.513441 0.503930 0.495939 0.489358 0.484100 0.480098 0.477302 0.475678 0.475206 0.475880 0.477708 0.480714 0.484932 0.490418 0.497240 0.505490 0.515281 0.526752 0.540077 0.555466 0.573179 0.593536 0.616934 0.643866 0.674958 0.711004 0.753034 0.802401 0.860913 0.931049 0.868664 0.814552 0.768529 0.729091 0.695096 0.665662 0.640099 0.617860 0.598508 0.581690 0.567120 0.554566 0.543837 0.534780 0.527268 0.521203 0.516506 0.513118 0.510998 0.510118 0.510469 0.512056 0.514896 0.519025 0.524495 0.531375 0.539756 0.549751 0.561501 0.575181 0.591003 0.609229 0.630182 0.654259 0.681958 0.713901 0.750882 0.793921 0.844351 0.903948 0.934930 0.862091 0.801572 0.750683 0.707472 0.670493 0.638649 0.611098 0.587182 0.566381 0.548279 0.532541 0.518897 0.507125 0.497047 0.488515 0.481412 0.475641 0.471129 0.467818 0.465667 0.464651 0.464755 0.465983 0.468349 0.471881 0.476624 0.482637 0.490000 0.498812 0.509195 0.521302 0.535320 0.551479 0.570059 0.591408 0.615962 0.644261 0.676996 0.715049 0.759575 0.812100 0.874693 4348.000000 1.116862 0.601858
0.532541 0.518897 0.507125 0.497047 0.488515 0.481412 0.475641 0.471129 0.467818 0.465667 0.464651 0.464755 0.465983 0.468349 0.471881 0.476624 0.482637 0.490000 0.498812 0.509195 0.521302 0.535320 0.551479 0.570059 0.591408 0.615962 0.644261 0.676996 0.715049 0.759575 0.812100 0.874693 0.950220 1.000000 0.917727 0.849855 0.793109 0.745150 0.704260 0.669152 0.638845 0.612576 0.589746 0.569881 0.552598 0.537589 0.524605 0.513441 0.503930 0.495939 0.489358 0.484100 0.480098 0.477302 0.475678 0.475206 0.475880 0.477708 0.480714 0.484932 0.490418 0.497240 0.505490 0.515281 0.526752 0.540077 0.555466 0.573179 0.593536 0.616934 0.643866 0.674958 0.711004 0.753034 0.802401 0.860913 0.931049 0.868664 0.814552 0.768529 0.729091 0.695096 0.665662 0.640099 0.617860 0.598508 0.581690 0.567120 0.554566 0.543837 0.534780 0.527268 0.521203 0.516506 0.513118 0.510998 0.510118 0.510469 0.512056 0.514896 0.519025 0.524495 0.531375 0.539756 0.549751 0.561501 0.575181 0.591003 0.609229 0.630182 0.654259 0.681958 0.713901 0.750882 0.793921 0.844351 0.903948 0.934930 0.862091 0.801572 0.750683 0.707472 0.670493 0.638649 0.611098 0.587182 0.566381 0.548279 4348.000000 1.116862 0.601858
0.510118 0.510469 0.512056 0.514896 0.519025 0.524495 0.531375 0.539756 0.549751 0.561501 0.575181 0.591003 0.609229 0.630182 0.654259 0.681958 0.713901 0.750882 0.793921 0.844351 0.903948 0.934930 0.862091 0.801572 0.750683 0.707472 0.670493 0.638649 0.611098 0.587182 0.566381 0.548279 0.532541 0.518897 0.507125 0.497047 0.488515 0.481412 0.475641 0.471129 0.467818 0.465667 0.464651 0.464755 0.465983 0.468349 0.471881 0.476624 0.482637 0.490000 0.498812 0.509195 0.521302 0.535320 0.551479 0.570059 0.591408 0.615962 0.644261 0.676996 0.715049 0.759575 0.812100 0.874693 0.950220 1.000000 0.917727 0.849855 0.793109 0.745150 0.704260 0.669152 0.638845 0.612576 0.589746 0.569881 0.552598 0.537589 0.524605 0.513441 0.503930 0.495939 0.489358 0.484100 0.480098 0.477302 0.475678 0.475206 0.475880 0.477708 0.480714 0.484932 0.490418 0.497240 0.505490 0.515281 0.526752 0.540077 0.555466 0.573179 0.593536 0.616934 0.643866 0.674958 0.711004 0.753034 0.802401 0.860913 0.931049 0.868664 0.814552 0.768529 0.729091 0.695096 0.665662 0.640099 0.617860 0.598508 0.581690 0.567120 0.554566 0.543837 0.534780 0.527268 0.521203 0.516506 0.513118 0.510998 4348.000000 1.116862 0.601858
0.526752 0.540077 0.555466 0.573179 0.593536 0.616934 0.643866 0.674958 0.711004 0.753034 0.802401 0.860913 0.931049 0.868664 0.814552 0.768529 0.729091 0.695096 0.665662 0.640099 0.617860 0.598508 0.581690 0.567120 0.554566 0.543837 0.534780 0.527268 0.521203 0.516506 0.513118 0.510998 0.510118 0.510469 0.512056 0.514896 0.519025 0.524495 0.531375 0.539756 0.549751 0.561501 0.575181 0.591003 0.609229 0.630182 0.654259 0.681958 0.713901 0.750882 0.793921 0.844351 0.903948 0.934930 0.862091 0.801572 0.750683 0.707472 0.670493 0.638649 0.611098 0.587182 0.566381 0.548279 0.532541 0.518897 0.507125 0.497047 0.488515 0.481412 0.475641 0.471129 0.467818 0.465667 0.464651 0.464755 0.465983 0.468349 0.471881 0.476624 0.482637 0.490000 0.498812 0.509195 0.521302 0.535320 0.551479 0.570059 0.591408 0.615962 0.644261 0.676996 0.715049 0.759575 0.812100 0.874693 0.950220 1.000000 0.917727 0.849855 0.793109 0.745150 0.704260 0.669152 0.638845 0.612576 0.589746 0.569881 0.552598 0.537589 0.524605 0.513441 0.503930 0.495939 0.489358 0.484100 0.480098 0.477302 0.475678 0.475206 0.475880 0.477708 0.480714 0.484932 0.490418 0.497240 0.505490 0.515281 4348.000000 1.116862 0.601858
1.000000 0.964748 0.934071 0.907403 0.884287 0.864350 0.847288 0.832854 0.820849 0.811110 0.803514 0.797962 0.794388 0.792746 0.793018 0.795207 0.799338 0.805463 0.813659 0.824028 0.836707 0.851866 0.869718 0.890526 0.871634 0.846730 0.825143 0.806523 0.790588 0.777106 0.765891 0.756792 0.749691 0.744499 0.741152 0.739609 0.739851 0.741881 0.745723 0.751425 0.759058 0.768718 0.780532 0.794659 0.811297 0.830691 0.853141 0.879014 0.908763 0.942948 0.982263 0.966999 0.934130 0.905532 0.880691 0.859192 0.840695 0.824922 0.811650 0.800696 0.791917 0.785199 0.780459 0.777637 0.776700 0.777637 0.780459 0.785199 0.791917 0.800696 0.811650 0.824922 0.840695 0.859192 0.880691 0.905532 0.934130 0.966999 0.954321 0.921852 0.893602 0.869063 0.847824 0.829549 0.813964 0.800848 0.790022 0.781341 0.774695 0.770000 0.767199 0.766258 0.767164 0.769930 0.774589 0.781198 0.789840 0.800626 0.813697 0.829234 0.847456 0.868638 0.880489 0.856839 0.836389 0.818819 0.803868 0.791326 0.781022 0.772820 0.766617 0.762334 0.759920 0.759344 0.760600 0.763703 0.768691 0.775626 0.784594 0.795711 0.809125 0.825021 0.843627 0.865224 0.890156 0.918848 0.951820 0.989719 526.000000 1.075652 0.856787
0.789840 0.800626 0.813697 0.829234 0.847456 0.868638 0.880489 0.856839 0.836389 0.818819 0.803868 0.791326 0.781022 0.772820 0.766617 0.762334 0.759920 0.759344 0.760600 0.763703 0.768691 0.775626 0.784594 0.795711 0.809125 0.825021 0.843627 0.865224 0.890156 0.918848 0.951820 0.989719 1.000000 0.964748 0.934071 0.907403 0.884287 0.864350 0.847288 0.832854 0.820849 0.811110 0.803514 0.797962 0.794388 0.792746 0.793018 0.795207 0.799338 0.805463 0.813659 0.824028 0.836707 0.851866 0.869718 0.890526 0.871634 0.846730 0.825143 0.806523 0.790588 0.777106 0.765891 0.756792 0.749691 0.744499 0.741152 0.739609 0.739851 0.741881 0.745723 0.751425 0.759058 0.768718 0.780532 0.794659 0.811297 0.830691 0.853141 0.879014 0.908763 0.942948 0.982263 0.966999 0.934130 0.905532 0.880691 0.859192 0.840695 0.824922 0.811650 0.800696 0.791917 0.785199 0.780459 0.777637 0.776700 0.777637 0.780459 0.785199 0.791917 0.800696 0.811650 0.824922 0.840695 0.859192 0.880691 0.905532 0.934130 0.966999 0.954321 0.921852 0.893602 0.869063 0.847824 0.829549 0.813964 0.800848 0.790022 0.781341 0.774695 0.770000 0.767199 0.766258 0.767164 0.769930 0.774589 0.781198 526.000000 1.075652 0.856787
0.776700 0.777637 0.780459 0.785199 0.791917 0.800696 0.811650 0.824922 0.840695 0.859192 0.880691 0.905532 0.934130 0.966999 0.954321 0.921852 0.893602 0.869063 0.847824 0.829549 0.813964 0.800848 0.790022 0.781341 0.774695 0.770000 0.767199 0.766258 0.767164 0.769930 0.774589 0.781198 0.789840 0.800626 0.813697 0.829234 0.847456 0.868638 0.880489 0.856839 0.836389 0.818819 0.803868 0.791326 0.781022 0.772820 0.766617 0.762334 0.759920 0.759344 0.760600 0.763703 0.768691 0.775626 0.784594 0.795711 0.809125 0.825021 0.843627 0.865224 0.890156 0.918848 0.951820 0.989719 1.000000 0.964748 0.934071 0.907403 0.884287 0.864350 0.847288 0.832854 0.820849 0.811110 0.803514 0.797962 0.794388 0.792746 0.793018 0.795207 0.799338 0.805463 0.813659 0.824028 0.836707 0.851866 0.869718 0.890526 0.871634 0.846730 0.825143 0.806523 0.790588 0.777106 0.765891 0.756792 0.749691 0.744499 0.741152 0.739609 0.739851 0.741881 0.745723 0.751425 0.759058 0.768718 0.780532 0.794659 0.811297 0.830691 0.853141 0.879014 0.908763 0.942948 0.982263 0.966999 0.934130 0.905532 0.880691 0.859192 0.840695 0.824922 0.811650 0.800696 0.791917 0.785199 0.780459 0.777637 526.000000 1.075652 0.856787
0.749691 0.744499 0.741152 0.739609 0.739851 0.741881 0.745723 0.751425 0.759058 0.768718 0.780532 0.794659 0.811297 0.830691 0.853141 0.879014 0.908763 0.942948 0.982263 0.966999 0.934130 0.905532 0.880691 0.859192 0.840695 0.824922 0.811650 0.800696 0.791917 0.785199 0.780459 0.777637 0.776700 0.777637 0.780459 0.785199 0.791917 0.800696 0.811650 0.824922 0.840695 0.859192 0.880691 0.905532 0.934130 0.966999 0.954321 0.921852 0.893602 0.869063 0.847824 0.829549 0.813964 0.800848 0.790022 0.781341 0.774695 0.770000 0.767199 0.766258 0.767164 0.769930 0.774589 0.781198 0.789840 0.800626 0.813697 0.829234 0.847456 0.868638 0.880489 0.856839 0.836389 0.818819 0.803868 0.791326 0.781022 0.772820 0.766617 0.762334 0.759920 0.759344 0.760600 0.763703 0.768691 0.775626 0.784594 0.795711 0.809125 0.825021 0.843627 0.865224 0.890156 0.918848 0.951820 0.989719 1.000000 0.964748 0.934071 0.907403 0.884287 0.864350 0.847288 0.832854 0.820849 0.811110 0.803514 0.797962 0.794388 0.792746 0.793018 0.795207 0.799338 0.805463 0.813659 0.824028 0.836707 0.851866 0.869718 0.890526 0.871634 0.846730 0.825143 0.806523 0.790588 0.777106 0.765891 0.756792 526.000000 1.075652 0.856787
0.603328 0.603129 0.602368 0.597350 0.593835 0.591777 0.591154 0.591956 0.594194 0.597894 0.603103 0.609886 0.618329 0.628545 0.640674 0.654889 0.671403 0.690478 0.712435 0.721544 0.722304 0.724813 0.729103 0.735225 0.743257 0.753301 0.765490 0.779989 0.797006 0.816793 0.839662 0.865994 0.896261 0.927746 0.919422 0.913427 0.909687 0.908156 0.908816 0.911675 0.916768 0.924156 0.933933 0.946223 0.961187 0.979029 1.000000 0.941764 0.891339 0.847978 0.810502 0.777994 0.749729 0.725131 0.703738 0.685174 0.669135 0.655373 0.643685 0.633906 0.625906 0.619579 0.614845 0.611645 0.609940 0.608757 0.603230 0.599232 0.596715 0.595649 0.596019 0.597831 0.601106 0.605885 0.612228 0.620215 0.629950 0.641566 0.655227 0.671135 0.689536 0.703319 0.700720 0.699820 0.700608 0.703094 0.707307 0.713300 0.721147 0.730949 0.742836 0.756970 0.773551 0.792828 0.815104 0.840752 0.870231 0.904110 0.943098 0.953809 0.946049 0.940662 0.937583 0.936772 0.938222 0.941949 0.947998 0.956445 0.967395 0.980989 0.988678 0.930481 0.880758 0.837996 0.801035 0.768970 0.741091 0.716828 0.695727 0.677418 0.661601 0.648031 0.636510 0.626874 0.618995 0.612770 0.608119 0.604984 2731.500000 1.446325 0.851980
0.870231 0.904110 0.943098 0.953809 0.946049 0.940662 0.937583 0.936772 0.938222 0.941949 0.947998 0.956445 0.967395 0.980989 0.988678 0.930481 0.880758 0.837996 0.801035 0.768970 0.741091 0.716828 0.695727 0.677418 0.661601 0.648031 0.636510 0.626874 0.618995 0.612770 0.608119 0.604984 0.603328 0.603129 0.602368 0.597350 0.593835 0.591777 0.591154 0.591956 0.594194 0.597894 0.603103 0.609886 0.618329 0.628545 0.640674 0.654889 0.671403 0.690478 0.712435 0.721544 0.722304 0.724813 0.729103 0.735225 0.743257 0.753301 0.765490 0.779989 0.797006 0.816793 0.839662 0.865994 0.896261 0.927746 0.919422 0.913427 0.909687 0.908156 0.908816 0.911675 0.916768 0.924156 0.933933 0.946223 0.961187 0.979029 1.000000 0.941764 0.891339 0.847978 0.810502 0.777994 0.749729 0.725131 0.703738 0.685174 0.669135 0.655373 0.643685 0.633906 0.625906 0.619579 0.614845 0.611645 0.609940 0.608757 0.603230 0.599232 0.596715 0.595649 0.596019 0.597831 0.601106 0.605885 0.612228 0.620215 0.629950 0.641566 0.655227 0.671135 0.689536 0.703319 0.700720 0.699820 0.700608 0.703094 0.707307 0.713300 0.721147 0.730949 0.742836 0.756970 0.773551 0.792828 0.815104 0.840752 2731.500000 1.446325 0.851980
0.609940 0.608757 0.603230 0.599232 0.596715 0.595649 0.596019 0.597831 0.601106 0.605885 0.612228 0.620215 0.629950 0.641566 0.655227 0.671135 0.689536 0.703319 0.700720 0.699820 0.700608 0.703094 0.707307 0.713300 0.721147 0.730949 0.742836 0.756970 0.773551 0.792828 0.815104 0.840752 0.870231 0.904110 0.943098 0.953809 0.946049 0.940662 0.937583 0.936772 0.938222 0.941949 0.947998 0.956445 0.967395 0.980989 0.988678 0.930481 0.880758 0.837996 0.801035 0.768970 0.741091 0.716828 0.695727 0.677418 0.661601 0.648031 0.636510 0.626874 0.618995 0.612770 0.608119 0.604984 0.603328 0.603129 0.602368 0.597350 0.593835 0.591777 0.591154 0.591956 0.594194 0.597894 0.603103 0.609886 0.618329 0.628545 0.640674 0.654889 0.671403 0.690478 0.712435 0.721544 0.722304 0.724813 0.729103 0.735225 0.743257 0.753301 0.765490 0.779989 0.797006 0.816793 0.839662 0.865994 0.896261 0.927746 0.919422 0.913427 0.909687 0.908156 0.908816 0.911675 0.916768 0.924156 0.933933 0.946223 0.961187 0.979029 1.000000 0.941764 0.891339 0.847978 0.810502 0.777994 0.749729 0.725131 0.703738 0.685174 0.669135 0.655373 0.643685 0.633906 0.625906 0.619579 0.614845 0.611645 2731.500000 1.446325 0.851980
0.896261 0.927746 0.919422 0.913427 0.909687 0.908156 0.908816 0.911675 0.916768 0.924156 0.933933 0.946223 0.961187 0.979029 1.000000 0.941764 0.891339 0.847978 0.810502 0.777994 0.749729 0.725131 0.703738 0.685174 0.669135 0.655373 0.643685 0.633906 0.625906 0.619579 0.614845 0.611645 0.609940 0.608757 0.603230 0.599232 0.596715 0.595649 0.596019 0.597831 0.601106 0.605885 0.612228 0.620215 0.629950 0.641566 0.655227 0.671135 0.689536 0.703319 0.700720 0.699820 0.700608 0.703094 0.707307 0.713300 0.721147 0.730949 0.742836 0.756970 0.773551 0.792828 0.815104 0.840752 0.870231 0.904110 0.943098 0.953809 0.946049 0.940662 0.937583 0.936772 0.938222 0.941949 0.947998 0.956445 0.967395 0.980989 0.988678 0.930481 0.880758 0.837996 0.801035 0.768970 0.741091 0.716828 0.695727 0.677418 0.661601 0.648031 0.636510 0.626874 0.618995 0.612770 0.608119 0.604984 0.603328 0.603129 0.602368 0.597350 0.593835 0.591777 0.591154 0.591956 0.594194 0.597894 0.603103 0.609886 0.618329 0.628545 0.640674 0.654889 0.671403 0.690478 0.712435 0.721544 0.722304 0.724813 0.729103 0.735225 0.743257 0.753301 0.765490 0.779989 0.797006 0.816793 0.839662 0.865994 2731.500000 1.446325 0.851980
1.000000 0.935548 0.880895 0.834173 0.793975 0.759217 0.729058 0.702832 0.680008 0.660161 0.642944 0.628077 0.615331 0.604519 0.595491 0.588124 0.582323 0.578014 0.575144 0.573678 0.573597 0.574901 0.577606 0.581744 0.587368 0.587554 0.572575 0.559654 0.548597 0.539242 0.531459 0.525145 0.520218 0.516616 0.514293 0.513222 0.513390 0.514798 0.517465 0.521421 0.526718 0.533421 0.541619 0.551422 0.562967 0.576425 0.592003 0.609956 0.630600 0.654321 0.681602 0.674076 0.661413 0.650755 0.641957 0.634903 0.629503 0.625688 0.623412 0.622647 0.623384 0.625632 0.629417 0.634788 0.641810 0.650574 0.661196 0.673820 0.688628 0.705839 0.725726 0.748622 0.774937 0.805181 0.839986 0.880153 0.926698 0.927363 0.852309 0.790256 0.738283 0.694294 0.656745 0.624476 0.596600 0.572427 0.551412 0.533125 0.517218 0.503411 0.491474 0.481223 0.472506 0.465200 0.459206 0.454445 0.450857 0.448397 0.447034 0.446753 0.447550 0.449434 0.450595 0.448213 0.446927 0.446721 0.447593 0.449553 0.452627 0.456850 0.462277 0.468979 0.477043 0.486583 0.497735 0.510669 0.525594 0.542765 0.562495 0.585178 0.611301 0.641484 0.676515 0.717423 0.765559 0.822743 0.891481 0.975316 722.000000 1.486352 0.700961
0.450857 0.448397 0.447034 0.446753 0.447550 0.449434 0.450595 0.448213 0.446927 0.446721 0.447593 0.449553 0.452627 0.456850 0.462277 0.468979 0.477043 0.486583 0.497735 0.510669 0.525594 0.542765 0.562495 0.585178 0.611301 0.641484 0.676515 0.717423 0.765559 0.822743 0.891481 0.975316 1.000000 0.935548 0.880895 0.834173 0.793975 0.759217 0.729058 0.702832 0.680008 0.660161 0.642944 0.628077 0.615331 0.604519 0.595491 0.588124 0.582323 0.578014 0.575144 0.573678 0.573597 0.574901 0.577606 0.581744 0.587368 0.587554 0.572575 0.559654 0.548597 0.539242 0.531459 0.525145 0.520218 0.516616 0.514293 0.513222 0.513390 0.514798 0.517465 0.521421 0.526718 0.533421 0.541619 0.551422 0.562967 0.576425 0.592003 0.609956 0.630600 0.654321 0.681602 0.674076 0.661413 0.650755 0.641957 0.634903 0.629503 0.625688 0.623412 0.622647 0.623384 0.625632 0.629417 0.634788 0.641810 0.650574 0.661196 0.673820 0.688628 0.705839 0.725726 0.748622 0.774937 0.805181 0.839986 0.880153 0.926698 0.927363 0.852309 0.790256 0.738283 0.694294 0.656745 0.624476 0.596600 0.572427 0.551412 0.533125 0.517218 0.503411 0.491474 0.481223 0.472506 0.465200 0.459206 0.454445 722.000000 1.486352 0.700961
0.641810 0.650574 0.661196 0.673820 0.688628 0.705839 0.725726 0.748622 0.774937 0.805181 0.839986 0.880153 0.926698 0.927363 0.852309 0.790256 0.738283 0.694294 0.656745 0.624476 0.596600 0.572427 0.551412 0.533125 0.517218 0.503411 0.491474 0.481223 0.472506 0.465200 0.459206 0.454445 0.450857 0.448397 0.447034 0.446753 0.447550 0.449434 0.450595 0.448213 0.446927 0.446721 0.447593 0.449553 0.452627 0.456850 0.462277 0.468979 0.477043 0.486583 0.497735 0.510669 0.525594 0.542765 0.562495 0.585178 0.611301 0.641484 0.676515 0.717423 0.765559 0.822743 0.891481 0.975316 1.000000 0.935548 0.880895 0.834173 0.793975 0.759217 0.729058 0.702832 0.680008 0.660161 0.642944 0.628077 0.615331 0.604519 0.595491 0.588124 0.582323 0.578014 0.575144 0.573678 0.573597 0.574901 0.577606 0.581744 0.587368 0.587554 0.572575 0.559654 0.548597 0.539242 0.531459 0.525145 0.520218 0.516616 0.514293 0.513222 0.513390 0.514798 0.517465 0.521421 0.526718 0.533421 0.541619 0.551422 0.562967 0.576425 0.592003 0.609956 0.630600 0.654321 0.681602 0.674076 0.661413 0.650755 0.641957 0.634903 0.629503 0.625688 0.623412 0.622647 0.623384 0.625632 0.629417 0.634788 722.000000 1.486352 0.700961
0.520218 0.516616 0.514293 0.513222 0.513390 0.514798 0.517465 0.521421 0.526718 0.533421 0.541619 0.551422 0.562967 0.576425 0.592003 0.609956 0.630600 0.654321 0.681602 0.674076 0.661413 0.650755 0.641957 0.634903 0.629503 0.625688 0.623412 0.622647 0.623384 0.625632 0.629417 0.634788 0.641810 0.650574 0.661196 0.673820 0.688628 0.705839 0.725726 0.748622 0.774937 0.805181 0.839986 0.880153 0.926698 0.927363 0.852309 0.790256 0.738283 0.694294 0.656745 0.624476 0.596600 0.572427 0.551412 0.533125 0.517218 0.503411 0.491474 0.481223 0.472506 0.465200 0.459206 0.454445 0.450857 0.448397 0.447034 0.446753 0.447550 0.449434 0.450595 0.448213 0.446927 0.446721 0.447593 0.449553 0.452627 0.456850 0.462277 0.468979 0.477043 0.486583 0.497735 0.510669 0.525594 0.542765 0.562495 0.585178 0.611301 0.641484 0.676515 0.717423 0.765559 0.822743 0.891481 0.975316 1.000000 0.935548 0.880895 0.834173 0.793975 0.759217 0.729058 0.702832 0.680008 0.660161 0.642944 0.628077 0.615331 0.604519 0.595491 0.588124 0.582323 0.578014 0.575144 0.573678 0.573597 0.574901 0.577606 0.581744 0.587368 0.587554 0.572575 0.559654 0.548597 0.539242 0.531459 0.525145 722.000000 1.486352 0.700961
0.924272 0.898018 0.872441 0.850272 0.831155 0.814798 0.800964 0.789463 0.780140 0.772875 0.767577 0.764178 0.762639 0.762941 0.765086 0.769102 0.775037 0.782965 0.792987 0.798769 0.795414 0.793992 0.794486 0.796901 0.801267 0.807638 0.816092 0.826739 0.839716 0.855200 0.873410 0.894614 0.919143 0.947401 0.977886 0.950729 0.927213 0.906964 0.889678 0.875108 0.863053 0.853354 0.845885 0.840553 0.837292 0.836063 0.836851 0.839665 0.844539 0.851534 0.860737 0.872264 0.886269 0.902942 0.922519 0.945291 0.940822 0.919354 0.900966 0.885390 0.872410 0.861850 0.853576 0.847481 0.843489 0.841554 0.841650 0.843779 0.847966 0.854264 0.862750 0.869265 0.850551 0.834593 0.821166 0.810084 0.801201 0.794405 0.789608 0.786754 0.785806 0.786754 0.789608 0.794405 0.801201 0.810084 0.821166 0.834593 0.850551 0.869265 0.857431 0.843475 0.831938 0.822667 0.815544 0.810479 0.807410 0.806299 0.807133 0.809921 0.814699 0.821524 0.830482 0.841688 0.855288 0.871470 0.890462 0.912548 0.938074 0.967468 1.000000 0.973517 0.950631 0.930989 0.914299 0.900328 0.888887 0.879826 0.873030 0.868414 0.865921 0.865522 0.867212 0.871011 0.876965 0.885148 0.895664 0.908647 967.500000 1.055498 0.912794
0.807410 0.806299 0.807133 0.809921 0.814699 0.821524 0.830482 0.841688 0.855288 0.871470 0.890462 0.912548 0.938074 0.967468 1.000000 0.973517 0.950631 0.930989 0.914299 0.900328 0.888887 0.879826 0.873030 0.868414 0.865921 0.865522 0.867212 0.871011 0.876965 0.885148 0.895664 0.908647 0.924272 0.898018 0.872441 0.850272 0.831155 0.814798 0.800964 0.789463 0.780140 0.772875 0.767577 0.764178 0.762639 0.762941 0.765086 0.769102 0.775037 0.782965 0.792987 0.798769 0.795414 0.793992 0.794486 0.796901 0.801267 0.807638 0.816092 0.826739 0.839716 0.855200 0.873410 0.894614 0.919143 0.947401 0.977886 0.950729 0.927213 0.906964 0.889678 0.875108 0.863053 0.853354 0.845885 0.840553 0.837292 0.836063 0.836851 0.839665 0.844539 0.851534 0.860737 0.872264 0.886269 0.902942 0.922519 0.945291 0.940822 0.919354 0.900966 0.885390 0.872410 0.861850 0.853576 0.847481 0.843489 0.841554 0.841650 0.843779 0.847966 0.854264 0.862750 0.869265 0.850551 0.834593 0.821166 0.810084 0.801201 0.794405 0.789608 0.786754 0.785806 0.786754 0.789608 0.794405 0.801201 0.810084 0.821166 0.834593 0.850551 0.869265 0.857431 0.843475 0.831938 0.822667 0.815544 0.810479 967.500000 1.055498 0.912794
0.843489 0.841554 0.841650 0.843779 0.847966 0.854264 0.862750 0.869265 0.850551 0.834593 0.821166 0.810084 0.801201 0.794405 0.789608 0.786754 0.785806 0.786754 0.789608 0.794405 0.801201 0.810084 0.821166 0.834593 0.850551 0.869265 0.857431 0.843475 0.831938 0.822667 0.815544 0.810479 0.807410 0.806299 0.807133 0.809921 0.814699 0.821524 0.830482 0.841688 0.855288 0.871470 0.890462 0.912548 0.938074 0.967468 1.000000 0.973517 0.950631 0.930989 0.914299 0.900328 0.888887 0.879826 0.873030 0.868414 0.865921 0.865522 0.867212 0.871011 0.876965 0.885148 0.895664 0.908647 0.924272 0.898018 0.872441 0.850272 0.831155 0.814798 0.800964 0.789463 0.780140 0.772875 0.767577 0.764178 0.762639 0.762941 0.765086 0.769102 0.775037 0.782965 0.792987 0.798769 0.795414 0.793992 0.794486 0.796901 0.801267 0.807638 0.816092 0.826739 0.839716 0.855200 0.873410 0.894614 0.919143 0.947401 0.977886 0.950729 0.927213 0.906964 0.889678 0.875108 0.863053 0.853354 0.845885 0.840553 0.837292 0.836063 0.836851 0.839665 0.844539 0.851534 0.860737 0.872264 0.886269 0.902942 0.922519 0.945291 0.940822 0.919354 0.900966 0.885390 0.872410 0.861850 0.853576 0.847481 967.500000 1.055498 0.912794
0.919143 0.947401 0.977886 0.950729 0.927213 0.906964 0.889678 0.875108 0.863053 0.853354 0.845885 0.840553 0.837292 0.836063 0.836851 0.839665 0.844539 0.851534 0.860737 0.872264 0.886269 0.902942 0.922519 0.945291 0.940822 0.919354 0.900966 0.885390 0.872410 0.861850 0.853576 0.847481 0.843489 0.841554 0.841650 0.843779 0.847966 0.854264 0.862750 0.869265 0.850551 0.834593 0.821166 0.810084 0.801201 0.794405 0.789608 0.786754 0.785806 0.786754 0.789608 0.794405 0.801201 0.810084 0.821166 0.834593 0.850551 0.869265 0.857431 0.843475 0.831938 0.822667 0.815544 0.810479 0.807410 0.806299 0.807133 0.809921 0.814699 0.821524 0.830482 0.841688 0.855288 0.871470 0.890462 0.912548 0.938074 0.967468 1.000000 0.973517 0.950631 0.930989 0.914299 0.900328 0.888887 0.879826 0.873030 0.868414 0.865921 0.865522 0.867212 0.871011 0.876965 0.885148 0.895664 0.908647 0.924272 0.898018 0.872441 0.850272 0.831155 0.814798 0.800964 0.789463 0.780140 0.772875 0.767577 0.764178 0.762639 0.762941 0.765086 0.769102 0.775037 0.782965 0.792987 0.798769 0.795414 0.793992 0.794486 0.796901 0.801267 0.807638 0.816092 0.826739 0.839716 0.855200 0.873410 0.894614 967.500000 1.055498 0.912794
0.612701 0.621927 0.632983 0.646024 0.661240 0.650845 0.637723 0.626600 0.617319 0.609757 0.603815 0.599418 0.596511 0.595058 0.595043 0.596464 0.599340 0.603705 0.609614 0.617140 0.626383 0.637466 0.650544 0.665807 0.668640 0.658952 0.651086 0.644942 0.640440 0.637527 0.636165 0.636339 0.638051 0.641321 0.646189 0.652716 0.660986 0.671105 0.683210 0.697470 0.714096 0.733344 0.755529 0.781038 0.810350 0.844061 0.882918 0.927868 0.951162 0.891026 0.839945 0.796218 0.758555 0.725965 0.697671 0.673060 0.651643 0.633025 0.616886 0.602966 0.591052 0.580973 0.572588 0.565786 0.560477 0.556596 0.554094 0.552940 0.553121 0.554638 0.557511 0.561774 0.567480 0.574702 0.583534 0.591993 0.581153 0.572057 0.564580 0.558624 0.554114 0.550992 0.549222 0.548780 0.549662 0.551879 0.555458 0.560442 0.566894 0.574898 0.584559 0.596011 0.609419 0.624983 0.642953 0.663633 0.687399 0.714716 0.746166 0.782482 0.824603 0.873742 0.931494 1.000000 0.958369 0.902806 0.855280 0.814372 0.778989 0.748280 0.721573 0.698331 0.678123 0.660598 0.645471 0.632512 0.621530 0.612374 0.604919 0.599070 0.594751 0.591910 0.590513 0.590541 0.591995 0.594893 0.599270 0.605182 6128.000000 1.356625 0.767080
0.687399 0.714716 0.746166 0.782482 0.824603 0.873742 0.931494 1.000000 0.958369 0.902806 0.855280 0.814372 0.778989 0.748280 0.721573 0.698331 0.678123 0.660598 0.645471 0.632512 0.621530 0.612374 0.604919 0.599070 0.594751 0.591910 0.590513 0.590541 0.591995 0.594893 0.599270 0.605182 0.612701 0.621927 0.632983 0.646024 0.661240 0.650845 0.637723 0.626600 0.617319 0.609757 0.603815 0.599418 0.596511 0.595058 0.595043 0.596464 0.599340 0.603705 0.609614 0.617140 0.626383 0.637466 0.650544 0.665807 0.668640 0.658952 0.651086 0.644942 0.640440 0.637527 0.636165 0.636339 0.638051 0.641321 0.646189 0.652716 0.660986 0.671105 0.683210 0.697470 0.714096 0.733344 0.755529 0.781038 0.810350 0.844061 0.882918 0.927868 0.951162 0.891026 0.839945 0.796218 0.758555 0.725965 0.697671 0.673060 0.651643 0.633025 0.616886 0.602966 0.591052 0.580973 0.572588 0.565786 0.560477 0.556596 0.554094 0.552940 0.553121 0.554638 0.557511 0.561774 0.567480 0.574702 0.583534 0.591993 0.581153 0.572057 0.564580 0.558624 0.554114 0.550992 0.549222 0.548780 0.549662 0.551879 0.555458 0.560442 0.566894 0.574898 0.584559 0.596011 0.609419 0.624983 0.642953 0.663633 6128.000000 1.356625 0.767080
0.560477 0.556596 0.554094 0.552940 0.553121 0.554638 0.557511 0.561774 0.567480 0.574702 0.583534 0.591993 0.581153 0.572057 0.564580 0.558624 0.554114 0.550992 0.549222 0.548780 0.549662 0.551879 0.555458 0.560442 0.566894 0.574898 0.584559 0.596011 0.609419 0.624983 0.642953 0.663633 0.687399 0.714716 0.746166 0.782482 0.824603 0.873742 0.931494 1.000000 0.958369 0.902806 0.855280 0.814372 0.778989 0.748280 0.721573 0.698331 0.678123 0.660598 0.645471 0.632512 0.621530 0.612374 0.604919 0.599070 0.594751 0.591910 0.590513 0.590541 0.591995 0.594893 0.599270 0.605182 0.612701 0.621927 0.632983 0.646024 0.661240 0.650845 0.637723 0.626600 0.617319 0.609757 0.603815 0.599418 0.596511 0.595058 0.595043 0.596464 0.599340 0.603705 0.609614 0.617140 0.626383 0.637466 0.650544 0.665807 0.668640 0.658952 0.651086 0.644942 0.640440 0.637527 0.636165 0.636339 0.638051 0.641321 0.646189 0.652716 0.660986 0.671105 0.683210 0.697470 0.714096 0.733344 0.755529 0.781038 0.810350 0.844061 0.882918 0.927868 0.951162 0.891026 0.839945 0.796218 0.758555 0.725965 0.697671 0.673060 0.651643 0.633025 0.616886 0.602966 0.591052 0.580973 0.572588 0.565786 6128.000000 1.356625 0.767080
0.638051 0.641321 0.646189 0.652716 0.660986 0.671105 0.683210 0.697470 0.714096 0.733344 0.755529 0.781038 0.810350 0.844061 0.882918 0.927868 0.951162 0.891026 0.839945 0.796218 0.758555 0.725965 0.697671 0.673060 0.651643 0.633025 0.616886 0.602966 0.591052 0.580973 0.572588 0.565786 0.560477 0.556596 0.554094 0.552940 0.553121 0.554638 0.557511 0.561774 0.567480 0.574702 0.583534 0.591993 0.581153 0.572057 0.564580 0.558624 0.554114 0.550992 0.549222 0.548780 0.549662 0.551879 0.555458 0.560442 0.566894 0.574898 0.584559 0.596011 0.609419 0.624983 0.642953 0.663633 0.687399 0.714716 0.746166 0.782482 0.824603 0.873742 0.931494 1.000000 0.958369 0.902806 0.855280 0.814372 0.778989 0.748280 0.721573 0.698331 0.678123 0.660598 0.645471 0.632512 0.621530 0.612374 0.604919 0.599070 0.594751 0.591910 0.590513 0.590541 0.591995 0.594893 0.599270 0.605182 0.612701 0.621927 0.632983 0.646024 0.661240 0.650845 0.637723 0.626600 0.617319 0.609757 0.603815 0.599418 0.596511 0.595058 0.595043 0.596464 0.599340 0.603705 0.609614 0.617140 0.626383 0.637466 0.650544 0.665807 0.668640 0.658952 0.651086 0.644942 0.640440 0.637527 0.636165 0.636339 6128.000000 1.356625 0.767080
0.736857 0.721211 0.707886 0.696692 0.687477 0.680120 0.674526 0.670626 0.668372 0.667736 0.668711 0.671308 0.675559 0.681517 0.689256 0.698876 0.710504 0.724300 0.740462 0.759232 0.780908 0.805857 0.834530 0.867486 0.905422 0.949219 1.000000 0.974614 0.939084 0.908165 0.881271 0.857933 0.837764 0.820454 0.805746 0.793433 0.783351 0.775365 0.769376 0.765308 0.763112 0.762760 0.764249 0.767597 0.772844 0.760171 0.738260 0.719261 0.702865 0.688824 0.676931 0.667021 0.658962 0.652649 0.648002 0.644964 0.643496 0.643583 0.645224 0.648439 0.653269 0.659772 0.668032 0.673617 0.665919 0.659968 0.655687 0.653025 0.651949 0.652445 0.654520 0.658199 0.663527 0.670571 0.679420 0.690191 0.703030 0.718118 0.735680 0.755988 0.779381 0.806272 0.837174 0.872725 0.907354 0.889922 0.875215 0.863032 0.853211 0.845625 0.840179 0.836806 0.835464 0.836138 0.838835 0.843588 0.850457 0.859525 0.870910 0.884761 0.901265 0.872429 0.835526 0.803475 0.775592 0.751329 0.730243 0.711977 0.696239 0.682791 0.671439 0.662028 0.654431 0.648552 0.644316 0.641670 0.640583 0.641042 0.643051 0.646636 0.651840 0.658728 0.667388 0.677934 0.690509 0.705291 0.722498 0.742398 1612.000000 1.330785 0.859246
0.850457 0.859525 0.870910 0.884761 0.901265 0.872429 0.835526 0.803475 0.775592 0.751329 0.730243 0.711977 0.696239 0.682791 0.671439 0.662028 0.654431 0.648552 0.644316 0.641670 0.640583 0.641042 0.643051 0.646636 0.651840 0.658728 0.667388 0.677934 0.690509 0.705291 0.722498 0.742398 0.736857 0.721211 0.707886 0.696692 0.687477 0.680120 0.674526 0.670626 0.668372 0.667736 0.668711 0.671308 0.675559 0.681517 0.689256 0.698876 0.710504 0.724300 0.740462 0.759232 0.780908 0.805857 0.834530 0.867486 0.905422 0.949219 1.000000 0.974614 0.939084 0.908165 0.881271 0.857933 0.837764 0.820454 0.805746 0.793433 0.783351 0.775365 0.769376 0.765308 0.763112 0.762760 0.764249 0.767597 0.772844 0.760171 0.738260 0.719261 0.702865 0.688824 0.676931 0.667021 0.658962 0.652649 0.648002 0.644964 0.643496 0.643583 0.645224 0.648439 0.653269 0.659772 0.668032 0.673617 0.665919 0.659968 0.655687 0.653025 0.651949 0.652445 0.654520 0.658199 0.663527 0.670571 0.679420 0.690191 0.703030 0.718118 0.735680 0.755988 0.779381 0.806272 0.837174 0.872725 0.907354 0.889922 0.875215 0.863032 0.853211 0.845625 0.840179 0.836806 0.835464 0.836138 0.838835 0.843588 1612.000000 1.330785 0.859246
0.665919 0.659968 0.655687 0.653025 0.651949 0.652445 0.654520 0.658199 0.663527 0.670571 0.679420 0.690191 0.703030 0.718118 0.735680 0.755988 0.779381 0.806272 0.837174 0.872725 0.907354 0.889922 0.875215 0.863032 0.853211 0.845625 0.840179 0.836806 0.835464 0.836138 0.838835 0.843588 0.850457 0.859525 0.870910 0.884761 0.901265 0.872429 0.835526 0.803475 0.775592 0.751329 0.730243 0.711977 0.696239 0.682791 0.671439 0.662028 0.654431 0.648552 0.644316 0.641670 0.640583 0.641042 0.643051 0.646636 0.651840 0.658728 0.667388 0.677934 0.690509 0.705291 0.722498 0.742398 0.736857 0.721211 0.707886 0.696692 0.687477 0.680120 0.674526 0.670626 0.668372 0.667736 0.668711 0.671308 0.675559 0.681517 0.689256 0.698876 0.710504 0.724300 0.740462 0.759232 0.780908 0.805857 0.834530 0.867486 0.905422 0.949219 1.000000 0.974614 0.939084 0.908165 0.881271 0.857933 0.837764 0.820454 0.805746 0.793433 0.783351 0.775365 0.769376 0.765308 0.763112 0.762760 0.764249 0.767597 0.772844 0.760171 0.738260 0.719261 0.702865 0.688824 0.676931 0.667021 0.658962 0.652649 0.648002 0.644964 0.643496 0.643583 0.645224 0.648439 0.653269 0.659772 0.668032 0.673617 1612.000000 1.330785 0.859246
0.837764 0.820454 0.805746 0.793433 0.783351 0.775365 0.769376 0.765308 0.763112 0.762760 0.764249 0.767597 0.772844 0.760171 0.738260 0.719261 0.702865 0.688824 0.676931 0.667021 0.658962 0.652649 0.648002 0.644964 0.643496 0.643583 0.645224 0.648439 0.653269 0.659772 0.668032 0.673617 0.665919 0.659968 0.655687 0.653025 0.651949 0.652445 0.654520 0.658199 0.663527 0.670571 0.679420 0.690191 0.703030 0.718118 0.735680 0.755988 0.779381 0.806272 0.837174 0.872725 0.907354 0.889922 0.875215 0.863032 0.853211 0.845625 0.840179 0.836806 0.835464 0.836138 0.838835 0.843588 0.850457 0.859525 0.870910 0.884761 0.901265 0.872429 0.835526 0.803475 0.775592 0.751329 0.730243 0.711977 0.696239 0.682791 0.671439 0.662028 0.654431 0.648552 0.644316 0.641670 0.640583 0.641042 0.643051 0.646636 0.651840 0.658728 0.667388 0.677934 0.690509 0.705291 0.722498 0.742398 0.736857 0.721211 0.707886 0.696692 0.687477 0.680120 0.674526 0.670626 0.668372 0.667736 0.668711 0.671308 0.675559 0.681517 0.689256 0.698876 0.710504 0.724300 0.740462 0.759232 0.780908 0.805857 0.834530 0.867486 0.905422 0.949219 1.000000 0.974614 0.939084 0.908165 0.881271 0.857933 1612.000000 1.330785 0.859246
0.871969 0.897745 0.927394 0.961464 1.000000 0.975882 0.955147 0.937486 0.922649 0.910433 0.900678 0.893259 0.888084 0.885087 0.884234 0.885514 0.888942 0.894561 0.902438 0.912674 0.925400 0.887937 0.849945 0.816957 0.788263 0.763292 0.741587 0.722775 0.706553 0.692676 0.680943 0.671190 0.663288 0.657135 0.652652 0.649785 0.648499 0.648778 0.650625 0.654063 0.659133 0.661808 0.659158 0.658108 0.658646 0.660778 0.664530 0.669948 0.677100 0.686077 0.696996 0.710007 0.725294 0.743082 0.763652 0.787343 0.814576 0.845872 0.881877 0.923408 0.971500 0.985431 0.961713 0.941325 0.923963 0.909380 0.897379 0.887802 0.880526 0.875460 0.872542 0.871736 0.873033 0.876449 0.882025 0.889829 0.899961 0.912549 0.927761 0.945807 0.966944 0.971313 0.922340 0.880087 0.843479 0.811672 0.783997 0.759917 0.738999 0.720893 0.705311 0.692020 0.680830 0.671589 0.664174 0.658490 0.654466 0.652052 0.651219 0.651956 0.654274 0.658199 0.663780 0.671087 0.680214 0.691280 0.704438 0.719875 0.737820 0.758557 0.782433 0.802223 0.790174 0.780334 0.772574 0.766795 0.762927 0.760922 0.760755 0.762425 0.765951 0.771377 0.778769 0.788223 0.799859 0.813833 0.830341 0.849621 13880.000000 1.338438 0.853544
0.654466 0.652052 0.651219 0.651956 0.654274 0.658199 0.663780 0.671087 0.680214 0.691280 0.704438 0.719875 0.737820 0.758557 0.782433 0.802223 0.790174 0.780334 0.772574 0.766795 0.762927 0.760922 0.760755 0.762425 0.765951 0.771377 0.778769 0.788223 0.799859 0.813833 0.830341 0.849621 0.871969 0.897745 0.927394 0.961464 1.000000 0.975882 0.955147 0.937486 0.922649 0.910433 0.900678 0.893259 0.888084 0.885087 0.884234 0.885514 0.888942 0.894561 0.902438 0.912674 0.925400 0.887937 0.849945 0.816957 0.788263 0.763292 0.741587 0.722775 0.706553 0.692676 0.680943 0.671190 0.663288 0.657135 0.652652 0.649785 0.648499 0.648778 0.650625 0.654063 0.659133 0.661808 0.659158 0.658108 0.658646 0.660778 0.664530 0.669948 0.677100 0.686077 0.696996 0.710007 0.725294 0.743082 0.763652 0.787343 0.814576 0.845872 0.881877 0.923408 0.971500 0.985431 0.961713 0.941325 0.923963 0.909380 0.897379 0.887802 0.880526 0.875460 0.872542 0.871736 0.873033 0.876449 0.882025 0.889829 0.899961 0.912549 0.927761 0.945807 0.966944 0.971313 0.922340 0.880087 0.843479 0.811672 0.783997 0.759917 0.738999 0.720893 0.705311 0.692020 0.680830 0.671589 0.664174 0.658490 13880.000000 1.338438 0.853544
0.923963 0.909380 0.897379 0.887802 0.880526 0.875460 0.872542 0.871736 0.873033 0.876449 0.882025 0.889829 0.899961 0.912549 0.927761 0.945807 0.966944 0.971313 0.922340 0.880087 0.843479 0.811672 0.783997 0.759917 0.738999 0.720893 0.705311 0.692020 0.680830 0.671589 0.664174 0.658490 0.654466 0.652052 0.651219 0.651956 0.654274 0.658199 0.663780 0.671087 0.680214 0.691280 0.704438 0.719875 0.737820 0.758557 0.782433 0.802223 0.790174 0.780334 0.772574 0.766795 0.762927 0.760922 0.760755 0.762425 0.765951 0.771377 0.778769 0.788223 0.799859 0.813833 0.830341 0.849621 0.871969 0.897745 0.927394 0.961464 1.000000 0.975882 0.955147 0.937486 0.922649 0.910433 0.900678 0.893259 0.888084 0.885087 0.884234 0.885514 0.888942 0.894561 0.902438 0.912674 0.925400 0.887937 0.849945 0.816957 0.788263 0.763292 0.741587 0.722775 0.706553 0.692676 0.680943 0.671190 0.663288 0.657135 0.652652 0.649785 0.648499 0.648778 0.650625 0.654063 0.659133 0.661808 0.659158 0.658108 0.658646 0.660778 0.664530 0.669948 0.677100 0.686077 0.696996 0.710007 0.725294 0.743082 0.763652 0.787343 0.814576 0.845872 0.881877 0.923408 0.971500 0.985431 0.961713 0.941325 13880.000000 1.338438 0.853544
0.663288 0.657135 0.652652 0.649785 0.648499 0.648778 0.650625 0.654063 0.659133 0.661808 0.659158 0.658108 0.658646 0.660778 0.664530 0.669948 0.677100 0.686077 0.696996 0.710007 0.725294 0.743082 0.763652 0.787343 0.814576 0.845872 0.881877 0.923408 0.971500 0.985431 0.961713 0.941325 0.923963 0.909380 0.897379 0.887802 0.880526 0.875460 0.872542 0.871736 0.873033 0.876449 0.882025 0.889829 0.899961 0.912549 0.927761 0.945807 0.966944 0.971313 0.922340 0.880087 0.843479 0.811672 0.783997 0.759917 0.738999 0.720893 0.705311 0.692020 0.680830 0.671589 0.664174 0.658490 0.654466 0.652052 0.651219 0.651956 0.654274 0.658199 0.663780 0.671087 0.680214 0.691280 0.704438 0.719875 0.737820 0.758557 0.782433 0.802223 0.790174 0.780334 0.772574 0.766795 0.762927 0.760922 0.760755 0.762425 0.765951 0.771377 0.778769 0.788223 0.799859 0.813833 0.830341 0.849621 0.871969 0.897745 0.927394 0.961464 1.000000 0.975882 0.955147 0.937486 0.922649 0.910433 0.900678 0.893259 0.888084 0.885087 0.884234 0.885514 0.888942 0.894561 0.902438 0.912674 0.925400 0.887937 0.849945 0.816957 0.788263 0.763292 0.741587 0.722775 0.706553 0.692676 0.680943 0.671190 13880.000000 1.338438 0.853544
0.838794 0.890556 0.951569 0.928485 0.865271 0.811947 0.766554 0.727627 0.694054 0.664974 0.639712 0.617733 0.598608 0.581992 0.567604 0.555215 0.544640 0.535726 0.528352 0.522420 0.517853 0.514594 0.512603 0.511856 0.512343 0.514071 0.517061 0.521348 0.526988 0.534052 0.542632 0.552847 0.561546 0.550875 0.541882 0.534445 0.528466 0.523867 0.520590 0.518596 0.517860 0.518373 0.520141 0.523186 0.527546 0.533274 0.540444 0.549151 0.559512 0.571676 0.585824 0.602176 0.621007 0.642652 0.667526 0.696149 0.729171 0.767422 0.811973 0.864227 0.926052 1.000000 0.933019 0.869529 0.815970 0.770374 0.731273 0.697548 0.668337 0.642960 0.620880 0.601669 0.584977 0.570524 0.558080 0.547458 0.538506 0.531100 0.525144 0.520560 0.517290 0.515295 0.514551 0.515047 0.516791 0.519803 0.524120 0.529796 0.536905 0.545539 0.555816 0.567882 0.581917 0.598140 0.616822 0.638297 0.662975 0.691371 0.669733 0.648130 0.629347 0.613057 0.598995 0.586946 0.576735 0.568218 0.561282 0.555836 0.551811 0.549157 0.547843 0.547851 0.549182 0.551853 0.555895 0.561360 0.568315 0.576852 0.587086 0.599159 0.613247 0.629566 0.648383 0.670023 0.694889 0.723483 0.756430 0.794528 1189.000000 1.532514 0.698642
0.662975 0.691371 0.669733 0.648130 0.629347 0.613057 0.598995 0.586946 0.576735 0.568218 0.561282 0.555836 0.551811 0.549157 0.547843 0.547851 0.549182 0.551853 0.555895 0.561360 0.568315 0.576852 0.587086 0.599159 0.613247 0.629566 0.648383 0.670023 0.694889 0.723483 0.756430 0.794528 0.838794 0.890556 0.951569 0.928485 0.865271 0.811947 0.766554 0.727627 0.694054 0.664974 0.639712 0.617733 0.598608 0.581992 0.567604 0.555215 0.544640 0.535726 0.528352 0.522420 0.517853 0.514594 0.512603 0.511856 0.512343 0.514071 0.517061 0.521348 0.526988 0.534052 0.542632 0.552847 0.561546 0.550875 0.541882 0.534445 0.528466 0.523867 0.520590 0.518596 0.517860 0.518373 0.520141 0.523186 0.527546 0.533274 0.540444 0.549151 0.559512 0.571676 0.585824 0.602176 0.621007 0.642652 0.667526 0.696149 0.729171 0.767422 0.811973 0.864227 0.926052 1.000000 0.933019 0.869529 0.815970 0.770374 0.731273 0.697548 0.668337 0.642960 0.620880 0.601669 0.584977 0.570524 0.558080 0.547458 0.538506 0.531100 0.525144 0.520560 0.517290 0.515295 0.514551 0.515047 0.516791 0.519803 0.524120 0.529796 0.536905 0.545539 0.555816 0.567882 0.581917 0.598140 0.616822 0.638297 1189.000000 1.532514 0.698642
0.815970 0.770374 0.731273 0.697548 0.668337 0.642960 0.620880 0.601669 0.584977 0.570524 0.558080 0.547458 0.538506 0.531100 0.525144 0.520560 0.517290 0.515295 0.514551 0.515047 0.516791 0.519803 0.524120 0.529796 0.536905 0.545539 0.555816 0.567882 0.581917 0.598140 0.616822 0.638297 0.662975 0.691371 0.669733 0.648130 0.629347 0.613057 0.598995 0.586946 0.576735 0.568218 0.561282 0.555836 0.551811 0.549157 0.547843 0.547851 0.549182 0.551853 0.555895 0.561360 0.568315 0.576852 0.587086 0.599159 0.613247 0.629566 0.648383 0.670023 0.694889 0.723483 0.756430 0.794528 0.838794 0.890556 0.951569 0.928485 0.865271 0.811947 0.766554 0.727627 0.694054 0.664974 0.639712 0.617733 0.598608 0.581992 0.567604 0.555215 0.544640 0.535726 0.528352 0.522420 0.517853 0.514594 0.512603 0.511856 0.512343 0.514071 0.517061 0.521348 0.526988 0.534052 0.542632 0.552847 0.561546 0.550875 0.541882 0.534445 0.528466 0.523867 0.520590 0.518596 0.517860 0.518373 0.520141 0.523186 0.527546 0.533274 0.540444 0.549151 0.559512 0.571676 0.585824 0.602176 0.621007 0.642652 0.667526 0.696149 0.729171 0.767422 0.811973 0.864227 0.926052 1.000000 0.933019 0.869529 1189.000000 1.532514 0.698642
0.561546 0.550875 0.541882 0.534445 0.528466 0.523867 0.520590 0.518596 0.517860 0.518373 0.520141 0.523186 0.527546 0.533274 0.540444 0.549151 0.559512 0.571676 0.585824 0.602176 0.621007 0.642652 0.667526 0.696149 0.729171 0.767422 0.811973 0.864227 0.926052 1.000000 0.933019 0.869529 0.815970 0.770374 0.731273 0.697548 0.668337 0.642960 0.620880 0.601669 0.584977 0.570524 0.558080 0.547458 0.538506 0.531100 0.525144 0.520560 0.517290 0.515295 0.514551 0.515047 0.516791 0.519803 0.524120 0.529796 0.536905 0.545539 0.555816 0.567882 0.581917 0.598140 0.616822 0.638297 0.662975 0.691371 0.669733 0.648130 0.629347 0.613057 0.598995 0.586946 0.576735 0.568218 0.561282 0.555836 0.551811 0.549157 0.547843 0.547851 0.549182 0.551853 0.555895 0.561360 0.568315 0.576852 0.587086 0.599159 0.613247 0.629566 0.648383 0.670023 0.694889 0.723483 0.756430 0.794528 0.838794 0.890556 0.951569 0.928485 0.865271 0.811947 0.766554 0.727627 0.694054 0.664974 0.639712 0.617733 0.598608 0.581992 0.567604 0.555215 0.544640 0.535726 0.528352 0.522420 0.517853 0.514594 0.512603 0.511856 0.512343 0.514071 0.517061 0.521348 0.526988 0.534052 0.542632 0.552847 1189.000000 1.532514 0.698642
0.871731 0.851858 0.834837 0.820421 0.808408 0.798639 0.790985 0.785351 0.781667 0.779886 0.779989 0.781976 0.785871 0.791722 0.799601 0.809609 0.821876 0.836566 0.853886 0.874089 0.897484 0.924456 0.955471 0.991111 1.000000 0.957266 0.920161 0.887884 0.859796 0.835381 0.814222 0.795978 0.780373 0.767181 0.756219 0.747340 0.740431 0.735404 0.732197 0.730770 0.731107 0.733211 0.737109 0.742847 0.750497 0.760157 0.771953 0.786044 0.802629 0.821951 0.844311 0.870076 0.899699 0.933739 0.916756 0.888496 0.863945 0.842690 0.824393 0.808782 0.795632 0.784763 0.776031 0.769324 0.764559 0.761676 0.760640 0.761438 0.764081 0.768601 0.775052 0.783517 0.794102 0.806948 0.822230 0.840165 0.861021 0.885124 0.912879 0.944780 0.931886 0.908059 0.887504 0.869909 0.855017 0.842623 0.832559 0.824697 0.818936 0.815206 0.813460 0.813677 0.815861 0.820037 0.826257 0.834598 0.845166 0.858099 0.873571 0.891799 0.911827 0.881608 0.855323 0.832507 0.812784 0.795846 0.781444 0.769375 0.759475 0.751614 0.745692 0.741635 0.739394 0.738941 0.740271 0.743400 0.748366 0.755231 0.764080 0.775029 0.788222 0.803842 0.822115 0.843316 0.867786 0.895942 0.921320 0.894761 5866.000000 1.096462 0.857791
0.845166 0.858099 0.873571 0.891799 0.911827 0.881608 0.855323 0.832507 0.812784 0.795846 0.781444 0.769375 0.759475 0.751614 0.745692 0.741635 0.739394 0.738941 0.740271 0.743400 0.748366 0.755231 0.764080 0.775029 0.788222 0.803842 0.822115 0.843316 0.867786 0.895942 0.921320 0.894761 0.871731 0.851858 0.834837 0.820421 0.808408 0.798639 0.790985 0.785351 0.781667 0.779886 0.779989 0.781976 0.785871 0.791722 0.799601 0.809609 0.821876 0.836566 0.853886 0.874089 0.897484 0.924456 0.955471 0.991111 1.000000 0.957266 0.920161 0.887884 0.859796 0.835381 0.814222 0.795978 0.780373 0.767181 0.756219 0.747340 0.740431 0.735404 0.732197 0.730770 0.731107 0.733211 0.737109 0.742847 0.750497 0.760157 0.771953 0.786044 0.802629 0.821951 0.844311 0.870076 0.899699 0.933739 0.916756 0.888496 0.863945 0.842690 0.824393 0.808782 0.795632 0.784763 0.776031 0.769324 0.764559 0.761676 0.760640 0.761438 0.764081 0.768601 0.775052 0.783517 0.794102 0.806948 0.822230 0.840165 0.861021 0.885124 0.912879 0.944780 0.931886 0.908059 0.887504 0.869909 0.855017 0.842623 0.832559 0.824697 0.818936 0.815206 0.813460 0.813677 0.815861 0.820037 0.826257 0.834598 5866.000000 1.096462 0.857791
0.764559 0.761676 0.760640 0.761438 0.764081 0.768601 0.775052 0.783517 0.794102 0.806948 0.822230 0.840165 0.861021 0.885124 0.912879 0.944780 0.931886 0.908059 0.887504 0.869909 0.855017 0.842623 0.832559 0.824697 0.818936 0.815206 0.813460 0.813677 0.815861 0.820037 0.826257 0.834598 0.845166 0.858099 0.873571 0.891799 0.911827 0.881608 0.855323 0.832507 0.812784 0.795846 0.781444 0.769375 0.759475 0.751614 0.745692 0.741635 0.739394 0.738941 0.740271 0.743400 0.748366 0.755231 0.764080 0.775029 0.788222 0.803842 0.822115 0.843316 0.867786 0.895942 0.921320 0.894761 0.871731 0.851858 0.834837 0.820421 0.808408 0.798639 0.790985 0.785351 0.781667 0.779886 0.779989 0.781976 0.785871 0.791722 0.799601 0.809609 0.821876 0.836566 0.853886 0.874089 0.897484 0.924456 0.955471 0.991111 1.000000 0.957266 0.920161 0.887884 0.859796 0.835381 0.814222 0.795978 0.780373 0.767181 0.756219 0.747340 0.740431 0.735404 0.732197 0.730770 0.731107 0.733211 0.737109 0.742847 0.750497 0.760157 0.771953 0.786044 0.802629 0.821951 0.844311 0.870076 0.899699 0.933739 0.916756 0.888496 0.863945 0.842690 0.824393 0.808782 0.795632 0.784763 0.776031 0.769324 5866.000000 1.096462 0.857791
0.780373 0.767181 0.756219 0.747340 0.740431 0.735404 0.732197 0.730770 0.731107 0.733211 0.737109 0.742847 0.750497 0.760157 0.771953 0.786044 0.802629 0.821951 0.844311 0.870076 0.899699 0.933739 0.916756 0.888496 0.863945 0.842690 0.824393 0.808782 0.795632 0.784763 0.776031 0.769324 0.764559 0.761676 0.760640 0.761438 0.764081 0.768601 0.775052 0.783517 0.794102 0.806948 0.822230 0.840165 0.861021 0.885124 0.912879 0.944780 0.931886 0.908059 0.887504 0.869909 0.855017 0.842623 0.832559 0.824697 0.818936 0.815206 0.813460 0.813677 0.815861 0.820037 0.826257 0.834598 0.845166 0.858099 0.873571 0.891799 0.911827 0.881608 0.855323 0.832507 0.812784 0.795846 0.781444 0.769375 0.759475 0.751614 0.745692 0.741635 0.739394 0.738941 0.740271 0.743400 0.748366 0.755231 0.764080 0.775029 0.788222 0.803842 0.822115 0.843316 0.867786 0.895942 0.921320 0.894761 0.871731 0.851858 0.834837 0.820421 0.808408 0.798639 0.790985 0.785351 0.781667 0.779886 0.779989 0.781976 0.785871 0.791722 0.799601 0.809609 0.821876 0.836566 0.853886 0.874089 0.897484 0.924456 0.955471 0.991111 1.000000 0.957266 0.920161 0.887884 0.859796 0.835381 0.814222 0.795978 5866.000000 1.096462 0.857791
0.451241 0.448051 0.456834 0.467116 0.479052 0.492832 0.508691 0.526915 0.547863 0.571981 0.599831 0.632132 0.669817 0.714108 0.766650 0.829694 0.906416 0.934645 0.925738 0.919192 0.914927 0.912890 0.913057 0.915430 0.920038 0.926936 0.936212 0.947981 0.962398 0.979658 1.000000 0.973094 0.906812 0.850903 0.803310 0.762499 0.727301 0.696815 0.670331 0.647289 0.627239 0.609819 0.594734 0.581746 0.570657 0.561311 0.553578 0.547356 0.542641 0.539509 0.537701 0.537195 0.537984 0.540079 0.543505 0.548304 0.554536 0.562282 0.571644 0.582750 0.595761 0.610870 0.628320 0.648403 0.671484 0.698012 0.728550 0.758114 0.756068 0.755848 0.757454 0.760903 0.766237 0.773524 0.782855 0.794351 0.808165 0.824490 0.843562 0.865673 0.891178 0.877779 0.853758 0.832969 0.815086 0.799842 0.787018 0.776440 0.767968 0.761493 0.756935 0.754238 0.753368 0.754315 0.757091 0.761729 0.768287 0.776846 0.787517 0.800440 0.815793 0.830835 0.819603 0.810597 0.803702 0.798832 0.795926 0.794949 0.795890 0.798760 0.803593 0.810449 0.819415 0.821817 0.762547 0.712852 0.670756 0.634798 0.603880 0.577160 0.553982 0.533830 0.516293 0.501040 0.487804 0.476368 0.466553 0.458217 979.000000 1.251038 0.769423
0.768287 0.776846 0.787517 0.800440 0.815793 0.830835 0.819603 0.810597 0.803702 0.798832 0.795926 0.794949 0.795890 0.798760 0.803593 0.810449 0.819415 0.821817 0.762547 0.712852 0.670756 0.634798 0.603880 0.577160 0.553982 0.533830 0.516293 0.501040 0.487804 0.476368 0.466553 0.458217 0.451241 0.448051 0.456834 0.467116 0.479052 0.492832 0.508691 0.526915 0.547863 0.571981 0.599831 0.632132 0.669817 0.714108 0.766650 0.829694 0.906416 0.934645 0.925738 0.919192 0.914927 0.912890 0.913057 0.915430 0.920038 0.926936 0.936212 0.947981 0.962398 0.979658 1.000000 0.973094 0.906812 0.850903 0.803310 0.762499 0.727301 0.696815 0.670331 0.647289 0.627239 0.609819 0.594734 0.581746 0.570657 0.561311 0.553578 0.547356 0.542641 0.539509 0.537701 0.537195 0.537984 0.540079 0.543505 0.548304 0.554536 0.562282 0.571644 0.582750 0.595761 0.610870 0.628320 0.648403 0.671484 0.698012 0.728550 0.758114 0.756068 0.755848 0.757454 0.760903 0.766237 0.773524 0.782855 0.794351 0.808165 0.824490 0.843562 0.865673 0.891178 0.877779 0.853758 0.832969 0.815086 0.799842 0.787018 0.776440 0.767968 0.761493 0.756935 0.754238 0.753368 0.754315 0.757091 0.761729 979.000000 1.251038 0.769423
0.671484 0.698012 0.728550 0.758114 0.756068 0.755848 0.757454 0.760903 0.766237 0.773524 0.782855 0.794351 0.808165 0.824490 0.843562 0.865673 0.891178 0.877779 0.853758 0.832969 0.815086 0.799842 0.787018 0.776440 0.767968 0.761493 0.756935 0.754238 0.753368 0.754315 0.757091 0.761729 0.768287 0.776846 0.787517 0.800440 0.815793 0.830835 0.819603 0.810597 0.803702 0.798832 0.795926 0.794949 0.795890 0.798760 0.803593 0.810449 0.819415 0.821817 0.762547 0.712852 0.670756 0.634798 0.603880 0.577160 0.553982 0.533830 0.516293 0.501040 0.487804 0.476368 0.466553 0.458217 0.451241 0.448051 0.456834 0.467116 0.479052 0.492832 0.508691 0.526915 0.547863 0.571981 0.599831 0.632132 0.669817 0.714108 0.766650 0.829694 0.906416 0.934645 0.925738 0.919192 0.914927 0.912890 0.913057 0.915430 0.920038 0.926936 0.936212 0.947981 0.962398 0.979658 1.000000 0.973094 0.906812 0.850903 0.803310 0.762499 0.727301 0.696815 0.670331 0.647289 0.627239 0.609819 0.594734 0.581746 0.570657 0.561311 0.553578 0.547356 0.542641 0.539509 0.537701 0.537195 0.537984 0.540079 0.543505 0.548304 0.554536 0.562282 0.571644 0.582750 0.595761 0.610870 0.628320 0.648403 979.000000 1.251038 0.769423
0.906812 0.850903 0.803310 0.762499 0.727301 0.696815 0.670331 0.647289 0.627239 0.609819 0.594734 0.581746 0.570657 0.561311 0.553578 0.547356 0.542641 0.539509 0.537701 0.537195 0.537984 0.540079 0.543505 0.548304 0.554536 0.562282 0.571644 0.582750 0.595761 0.610870 0.628320 0.648403 0.671484 0.698012 0.728550 0.758114 0.756068 0.755848 0.757454 0.760903 0.766237 0.773524 0.782855 0.794351 0.808165 0.824490 0.843562 0.865673 0.891178 0.877779 0.853758 0.832969 0.815086 0.799842 0.787018 0.776440 0.767968 0.761493 0.756935 0.754238 0.753368 0.754315 0.757091 0.761729 0.768287 0.776846 0.787517 0.800440 0.815793 0.830835 0.819603 0.810597 0.803702 0.798832 0.795926 0.794949 0.795890 0.798760 0.803593 0.810449 0.819415 0.821817 0.762547 0.712852 0.670756 0.634798 0.603880 0.577160 0.553982 0.533830 0.516293 0.501040 0.487804 0.476368 0.466553 0.458217 0.451241 0.448051 0.456834 0.467116 0.479052 0.492832 0.508691 0.526915 0.547863 0.571981 0.599831 0.632132 0.669817 0.714108 0.766650 0.829694 0.906416 0.934645 0.925738 0.919192 0.914927 0.912890 0.913057 0.915430 0.920038 0.926936 0.936212 0.947981 0.962398 0.979658 1.000000 0.973094 979.000000 1.251038 0.769423
0.916111 0.941479 0.938227 0.919626 0.903883 0.890780 0.880142 0.871830 0.865740 0.861796 0.859950 0.860180 0.862489 0.866904 0.873479 0.882297 0.893469 0.907141 0.923497 0.942767 0.965233 0.935989 0.903338 0.874925 0.850231 0.828834 0.810392 0.794626 0.781307 0.770253 0.761316 0.754380 0.749359 0.746189 0.744833 0.745275 0.747518 0.740239 0.733862 0.729335 0.726604 0.725635 0.726416 0.728957 0.733289 0.739464 0.747560 0.757682 0.769961 0.784566 0.801705 0.821633 0.844663 0.871181 0.901661 0.936689 0.976998 1.000000 0.975086 0.953624 0.935292 0.919826 0.907012 0.896680 0.888699 0.882966 0.879412 0.877993 0.878692 0.881518 0.886504 0.887727 0.874036 0.862808 0.853895 0.847185 0.842594 0.840065 0.839568 0.841096 0.844668 0.850329 0.858147 0.868221 0.880681 0.895693 0.899692 0.872666 0.849202 0.828912 0.811478 0.796642 0.784194 0.773965 0.765820 0.759656 0.755396 0.752987 0.752401 0.753629 0.756687 0.761613 0.768467 0.777334 0.788330 0.801601 0.817328 0.835739 0.857111 0.881784 0.880955 0.864048 0.849787 0.837974 0.828455 0.821105 0.815832 0.812571 0.811284 0.811953 0.814588 0.819219 0.825905 0.834728 0.845801 0.859270 0.875318 0.894172 13954.500000 1.172968 0.898575
0.755396 0.752987 0.752401 0.753629 0.756687 0.761613 0.768467 0.777334 0.788330 0.801601 0.817328 0.835739 0.857111 0.881784 0.880955 0.864048 0.849787 0.837974 0.828455 0.821105 0.815832 0.812571 0.811284 0.811953 0.814588 0.819219 0.825905 0.834728 0.845801 0.859270 0.875318 0.894172 0.916111 0.941479 0.938227 0.919626 0.903883 0.890780 0.880142 0.871830 0.865740 0.861796 0.859950 0.860180 0.862489 0.866904 0.873479 0.882297 0.893469 0.907141 0.923497 0.942767 0.965233 0.935989 0.903338 0.874925 0.850231 0.828834 0.810392 0.794626 0.781307 0.770253 0.761316 0.754380 0.749359 0.746189 0.744833 0.745275 0.747518 0.740239 0.733862 0.729335 0.726604 0.725635 0.726416 0.728957 0.733289 0.739464 0.747560 0.757682 0.769961 0.784566 0.801705 0.821633 0.844663 0.871181 0.901661 0.936689 0.976998 1.000000 0.975086 0.953624 0.935292 0.919826 0.907012 0.896680 0.888699 0.882966 0.879412 0.877993 0.878692 0.881518 0.886504 0.887727 0.874036 0.862808 0.853895 0.847185 0.842594 0.840065 0.839568 0.841096 0.844668 0.850329 0.858147 0.868221 0.880681 0.895693 0.899692 0.872666 0.849202 0.828912 0.811478 0.796642 0.784194 0.773965 0.765820 0.759656 13954.500000 1.172968 0.898575
0.888699 0.882966 0.879412 0.877993 0.878692 0.881518 0.886504 0.887727 0.874036 0.862808 0.853895 0.847185 0.842594 0.840065 0.839568 0.841096 0.844668 0.850329 0.858147 0.868221 0.880681 0.895693 0.899692 0.872666 0.849202 0.828912 0.811478 0.796642 0.784194 0.773965 0.765820 0.759656 0.755396 0.752987 0.752401 0.753629 0.756687 0.761613 0.768467 0.777334 0.788330 0.801601 0.817328 0.835739 0.857111 0.881784 0.880955 0.864048 0.849787 0.837974 0.828455 0.821105 0.815832 0.812571 0.811284 0.811953 0.814588 0.819219 0.825905 0.834728 0.845801 0.859270 0.875318 0.894172 0.916111 0.941479 0.938227 0.919626 0.903883 0.890780 0.880142 0.871830 0.865740 0.861796 0.859950 0.860180 0.862489 0.866904 0.873479 0.882297 0.893469 0.907141 0.923497 0.942767 0.965233 0.935989 0.903338 0.874925 0.850231 0.828834 0.810392 0.794626 0.781307 0.770253 0.761316 0.754380 0.749359 0.746189 0.744833 0.745275 0.747518 0.740239 0.733862 0.729335 0.726604 0.725635 0.726416 0.728957 0.733289 0.739464 0.747560 0.757682 0.769961 0.784566 0.801705 0.821633 0.844663 0.871181 0.901661 0.936689 0.976998 1.000000 0.975086 0.953624 0.935292 0.919826 0.907012 0.896680 13954.500000 1.172968 0.898575
0.749359 0.746189 0.744833 0.745275 0.747518 0.740239 0.733862 0.729335 0.726604 0.725635 0.726416 0.728957 0.733289 0.739464 0.747560 0.757682 0.769961 0.784566 0.801705 0.821633 0.844663 0.871181 0.901661 0.936689 0.976998 1.000000 0.975086 0.953624 0.935292 0.919826 0.907012 0.896680 0.888699 0.882966 0.879412 0.877993 0.878692 0.881518 0.886504 0.887727 0.874036 0.862808 0.853895 0.847185 0.842594 0.840065 0.839568 0.841096 0.844668 0.850329 0.858147 0.868221 0.880681 0.895693 0.899692 0.872666 0.849202 0.828912 0.811478 0.796642 0.784194 0.773965 0.765820 0.759656 0.755396 0.752987 0.752401 0.753629 0.756687 0.761613 0.768467 0.777334 0.788330 0.801601 0.817328 0.835739 0.857111 0.881784 0.880955 0.864048 0.849787 0.837974 0.828455 0.821105 0.815832 0.812571 0.811284 0.811953 0.814588 0.819219 0.825905 0.834728 0.845801 0.859270 0.875318 0.894172 0.916111 0.941479 0.938227 0.919626 0.903883 0.890780 0.880142 0.871830 0.865740 0.861796 0.859950 0.860180 0.862489 0.866904 0.873479 0.882297 0.893469 0.907141 0.923497 0.942767 0.965233 0.935989 0.903338 0.874925 0.850231 0.828834 0.810392 0.794626 0.781307 0.770253 0.761316 0.754380 13954.500000 1.172968 0.898575
0.883353 0.930112 0.937551 0.908493 0.883246 0.861384 0.842558 0.826487 0.812938 0.801727 0.792705 0.785755 0.780791 0.777751 0.776599 0.777319 0.779922 0.784438 0.790923 0.799459 0.810153 0.823148 0.838620 0.856788 0.877922 0.902354 0.930491 0.962833 1.000000 0.973882 0.918876 0.871739 0.831107 0.795926 0.765372 0.738790 0.715659 0.695558 0.678144 0.663139 0.650316 0.639492 0.630516 0.623269 0.617658 0.613612 0.611081 0.610035 0.610460 0.612362 0.615764 0.620708 0.627255 0.635490 0.645519 0.657479 0.671538 0.687906 0.706837 0.728644 0.753714 0.782522 0.815663 0.853884 0.898132 0.949630 0.990936 0.953681 0.921265 0.893061 0.868562 0.847359 0.829116 0.813561 0.800472 0.789669 0.781011 0.774385 0.769710 0.766927 0.766004 0.766927 0.769710 0.774385 0.781011 0.789669 0.800472 0.813561 0.829116 0.847359 0.868562 0.893061 0.921265 0.953681 0.984602 0.930112 0.883353 0.843004 0.808042 0.777663 0.751230 0.728232 0.708255 0.690965 0.676089 0.663405 0.652731 0.643923 0.636862 0.631460 0.627647 0.625378 0.624625 0.625378 0.627647 0.631460 0.636862 0.643923 0.652731 0.663405 0.676089 0.690965 0.708255 0.728232 0.751230 0.777663 0.808042 0.843004 6199.500000 1.252388 0.774543
0.883353 0.843004 0.808042 0.777663 0.751230 0.728232 0.708255 0.690965 0.676089 0.663405 0.652731 0.643923 0.636862 0.631460 0.627647 0.625378 0.624625 0.625378 0.627647 0.631460 0.636862 0.643923 0.652731 0.663405 0.676089 0.690965 0.708255 0.728232 0.751230 0.777663 0.808042 0.843004 0.883353 0.930112 0.937551 0.908493 0.883246 0.861384 0.842558 0.826487 0.812938 0.801727 0.792705 0.785755 0.780791 0.777751 0.776599 0.777319 0.779922 0.784438 0.790923 0.799459 0.810153 0.823148 0.838620 0.856788 0.877922 0.902354 0.930491 0.962833 1.000000 0.973882 0.918876 0.871739 0.831107 0.795926 0.765372 0.738790 0.715659 0.695558 0.678144 0.663139 0.650316 0.639492 0.630516 0.623269 0.617658 0.613612 0.611081 0.610035 0.610460 0.612362 0.615764 0.620708 0.627255 0.635490 0.645519 0.657479 0.671538 0.687906 0.706837 0.728644 0.753714 0.782522 0.815663 0.853884 0.898132 0.949630 0.990936 0.953681 0.921265 0.893061 0.868562 0.847359 0.829116 0.813561 0.800472 0.789669 0.781011 0.774385 0.769710 0.766927 0.766004 0.766927 0.769710 0.774385 0.781011 0.789669 0.800472 0.813561 0.829116 0.847359 0.868562 0.893061 0.921265 0.953681 0.984602 0.930112 6199.500000 1.252388 0.774543
0.898132 0.949630 0.990936 0.953681 0.921265 0.893061 0.868562 0.847359 0.829116 0.813561 0.800472 0.789669 0.781011 0.774385 0.769710 0.766927 0.766004 0.766927 0.769710 0.774385 0.781011 0.789669 0.800472 0.813561 0.829116 0.847359 0.868562 0.893061 0.921265 0.953681 0.984602 0.930112 0.883353 0.843004 0.808042 0.777663 0.751230 0.728232 0.708255 0.690965 0.676089 0.663405 0.652731 0.643923 0.636862 0.631460 0.627647 0.625378 0.624625 0.625378 0.627647 0.631460 0.636862 0.643923 0.652731 0.663405 0.676089 0.690965 0.708255 0.728232 0.751230 0.777663 0.808042 0.843004 0.883353 0.930112 0.937551 0.908493 0.883246 0.861384 0.842558 0.826487 0.812938 0.801727 0.792705 0.785755 0.780791 0.777751 0.776599 0.777319 0.779922 0.784438 0.790923 0.799459 0.810153 0.823148 0.838620 0.856788 0.877922 0.902354 0.930491 0.962833 1.000000 0.973882 0.918876 0.871739 0.831107 0.795926 0.765372 0.738790 0.715659 0.695558 0.678144 0.663139 0.650316 0.639492 0.630516 0.623269 0.617658 0.613612 0.611081 0.610035 0.610460 0.612362 0.615764 0.620708 0.627255 0.635490 0.645519 0.657479 0.671538 0.687906 0.706837 0.728644 0.753714 0.782522 0.815663 0.853884 6199.500000 1.252388 0.774543
0.831107 0.795926 0.765372 0.738790 0.715659 0.695558 0.678144 0.663139 0.650316 0.639492 0.630516 0.623269 0.617658 0.613612 0.611081 0.610035 0.610460 0.612362 0.615764 0.620708 0.627255 0.635490 0.645519 0.657479 0.671538 0.687906 0.706837 0.728644 0.753714 0.782522 0.815663 0.853884 0.898132 0.949630 0.990936 0.953681 0.921265 0.893061 0.868562 0.847359 0.829116 0.813561 0.800472 0.789669 0.781011 0.774385 0.769710 0.766927 0.766004 0.766927 0.769710 0.774385 0.781011 0.789669 0.800472 0.813561 0.829116 0.847359 0.868562 0.893061 0.921265 0.953681 0.984602 0.930112 0.883353 0.843004 0.808042 0.777663 0.751230 0.728232 0.708255 0.690965 0.676089 0.663405 0.652731 0.643923 0.636862 0.631460 0.627647 0.625378 0.624625 0.625378 0.627647 0.631460 0.636862 0.643923 0.652731 0.663405 0.676089 0.690965 0.708255 0.728232 0.751230 0.777663 0.808042 0.843004 0.883353 0.930112 0.937551 0.908493 0.883246 0.861384 0.842558 0.826487 0.812938 0.801727 0.792705 0.785755 0.780791 0.777751 0.776599 0.777319 0.779922 0.784438 0.790923 0.799459 0.810153 0.823148 0.838620 0.856788 0.877922 0.902354 0.930491 0.962833 1.000000 0.973882 0.918876 0.871739 6199.500000 1.252388 0.774543
0.971098 0.997336 0.981956 0.956116 0.933794 0.914644 0.898384 0.884786 0.873667 0.864882 0.858319 0.853896 0.851560 0.851282 0.853058 0.856911 0.854312 0.835707 0.819828 0.806448 0.795383 0.786486 0.779644 0.774770 0.771805 0.770711 0.771477 0.774111 0.778646 0.785136 0.793664 0.804337 0.817298 0.832722 0.850829 0.871888 0.896229 0.924259 0.956478 0.993504 0.996468 0.970784 0.948619 0.929634 0.913551 0.900146 0.889241 0.880693 0.874394 0.870266 0.868259 0.868348 0.870535 0.874846 0.881333 0.890078 0.901191 0.914816 0.931137 0.946633 0.921050 0.898922 0.879902 0.863709 0.850111 0.838925 0.830003 0.823231 0.818524 0.815826 0.815102 0.816345 0.819568 0.824812 0.832142 0.841648 0.853454 0.867716 0.884631 0.904440 0.927441 0.954002 0.984571 1.000000 0.963670 0.932053 0.904555 0.880694 0.860078 0.842389 0.827365 0.814796 0.804513 0.796381 0.790296 0.786183 0.783991 0.783695 0.785290 0.788795 0.794254 0.801734 0.811330 0.823165 0.837397 0.854225 0.873891 0.896695 0.923004 0.953270 0.942917 0.924282 0.908517 0.895401 0.884759 0.876455 0.870381 0.866465 0.864657 0.864937 0.867306 0.871795 0.878457 0.887376 0.898666 0.912473 0.928984 0.948430 6453.500000 1.105465 0.888259
0.783991 0.783695 0.785290 0.788795 0.794254 0.801734 0.811330 0.823165 0.837397 0.854225 0.873891 0.896695 0.923004 0.953270 0.942917 0.924282 0.908517 0.895401 0.884759 0.876455 0.870381 0.866465 0.864657 0.864937 0.867306 0.871795 0.878457 0.887376 0.898666 0.912473 0.928984 0.948430 0.971098 0.997336 0.981956 0.956116 0.933794 0.914644 0.898384 0.884786 0.873667 0.864882 0.858319 0.853896 0.851560 0.851282 0.853058 0.856911 0.854312 0.835707 0.819828 0.806448 0.795383 0.786486 0.779644 0.774770 0.771805 0.770711 0.771477 0.774111 0.778646 0.785136 0.793664 0.804337 0.817298 0.832722 0.850829 0.871888 0.896229 0.924259 0.956478 0.993504 0.996468 0.970784 0.948619 0.929634 0.913551 0.900146 0.889241 0.880693 0.874394 0.870266 0.868259 0.868348 0.870535 0.874846 0.881333 0.890078 0.901191 0.914816 0.931137 0.946633 0.921050 0.898922 0.879902 0.863709 0.850111 0.838925 0.830003 0.823231 0.818524 0.815826 0.815102 0.816345 0.819568 0.824812 0.832142 0.841648 0.853454 0.867716 0.884631 0.904440 0.927441 0.954002 0.984571 1.000000 0.963670 0.932053 0.904555 0.880694 0.860078 0.842389 0.827365 0.814796 0.804513 0.796381 0.790296 0.786183 6453.500000 1.105465 0.888259
0.850111 0.838925 0.830003 0.823231 0.818524 0.815826 0.815102 0.816345 0.819568 0.824812 0.832142 0.841648 0.853454 0.867716 0.884631 0.904440 0.927441 0.954002 0.984571 1.000000 0.963670 0.932053 0.904555 0.880694 0.860078 0.842389 0.827365 0.814796 0.804513 0.796381 0.790296 0.786183 0.783991 0.783695 0.785290 0.788795 0.794254 0.801734 0.811330 0.823165 0.837397 0.854225 0.873891 0.896695 0.923004 0.953270 0.942917 0.924282 0.908517 0.895401 0.884759 0.876455 0.870381 0.866465 0.864657 0.864937 0.867306 0.871795 0.878457 0.887376 0.898666 0.912473 0.928984 0.948430 0.971098 0.997336 0.981956 0.956116 0.933794 0.914644 0.898384 0.884786 0.873667 0.864882 0.858319 0.853896 0.851560 0.851282 0.853058 0.856911 0.854312 0.835707 0.819828 0.806448 0.795383 0.786486 0.779644 0.774770 0.771805 0.770711 0.771477 0.774111 0.778646 0.785136 0.793664 0.804337 0.817298 0.832722 0.850829 0.871888 0.896229 0.924259 0.956478 0.993504 0.996468 0.970784 0.948619 0.929634 0.913551 0.900146 0.889241 0.880693 0.874394 0.870266 0.868259 0.868348 0.870535 0.874846 0.881333 0.890078 0.901191 0.914816 0.931137 0.946633 0.921050 0.898922 0.879902 0.863709 6453.500000 1.105465 0.888259
0.817298 0.832722 0.850829 0.871888 0.896229 0.924259 0.956478 0.993504 0.996468 0.970784 0.948619 0.929634 0.913551 0.900146 0.889241 0.880693 0.874394 0.870266 0.868259 0.868348 0.870535 0.874846 0.881333 0.890078 0.901191 0.914816 0.931137 0.946633 0.921050 0.898922 0.879902 0.863709 0.850111 0.838925 0.830003 0.823231 0.818524 0.815826 0.815102 0.816345 0.819568 0.824812 0.832142 0.841648 0.853454 0.867716 0.884631 0.904440 0.927441 0.954002 0.984571 1.000000 0.963670 0.932053 0.904555 0.880694 0.860078 0.842389 0.827365 0.814796 0.804513 0.796381 0.790296 0.786183 0.783991 0.783695 0.785290 0.788795 0.794254 0.801734 0.811330 0.823165 0.837397 0.854225 0.873891 0.896695 0.923004 0.953270 0.942917 0.924282 0.908517 0.895401 0.884759 0.876455 0.870381 0.866465 0.864657 0.864937 0.867306 0.871795 0.878457 0.887376 0.898666 0.912473 0.928984 0.948430 0.971098 0.997336 0.981956 0.956116 0.933794 0.914644 0.898384 0.884786 0.873667 0.864882 0.858319 0.853896 0.851560 0.851282 0.853058 0.856911 0.854312 0.835707 0.819828 0.806448 0.795383 0.786486 0.779644 0.774770 0.771805 0.770711 0.771477 0.774111 0.778646 0.785136 0.793664 0.804337 6453.500000 1.105465 0.888259
0.953608 0.919554 0.853704 0.798451 0.751616 0.711590 0.677160 0.647396 0.621572 0.599118 0.579577 0.562583 0.547840 0.535105 0.524183 0.514914 0.507168 0.500840 0.495847 0.492127 0.489634 0.488336 0.488217 0.489278 0.491529 0.495000 0.499732 0.505786 0.513240 0.522194 0.532772 0.545128 0.559450 0.575970 0.594973 0.616809 0.641914 0.670834 0.704259 0.743074 0.788428 0.841837 0.905348 0.981782 1.000000 0.919993 0.853744 0.798189 0.751122 0.710914 0.676338 0.646455 0.620532 0.597993 0.578379 0.561320 0.546517 0.533728 0.522754 0.513434 0.505637 0.499259 0.494215 0.490442 0.487893 0.486535 0.486354 0.487347 0.489525 0.492916 0.497561 0.503519 0.510867 0.519703 0.530150 0.542359 0.556516 0.572849 0.591638 0.613228 0.638050 0.666639 0.699675 0.738027 0.782822 0.835550 0.898213 0.973574 0.912430 0.852788 0.802280 0.759146 0.722064 0.690022 0.662230 0.638067 0.617040 0.598752 0.582879 0.569163 0.557389 0.547384 0.539007 0.532146 0.526711 0.522631 0.519857 0.518354 0.518105 0.519106 0.521369 0.524922 0.529809 0.536092 0.543851 0.553190 0.564239 0.577157 0.592140 0.609429 0.629320 0.652177 0.678453 0.708715 0.743677 0.784255 0.831636 0.887385 3078.000000 1.083739 0.603146
0.617040 0.598752 0.582879 0.569163 0.557389 0.547384 0.539007 0.532146 0.526711 0.522631 0.519857 0.518354 0.518105 0.519106 0.521369 0.524922 0.529809 0.536092 0.543851 0.553190 0.564239 0.577157 0.592140 0.609429 0.629320 0.652177 0.678453 0.708715 0.743677 0.784255 0.831636 0.887385 0.953608 0.919554 0.853704 0.798451 0.751616 0.711590 0.677160 0.647396 0.621572 0.599118 0.579577 0.562583 0.547840 0.535105 0.524183 0.514914 0.507168 0.500840 0.495847 0.492127 0.489634 0.488336 0.488217 0.489278 0.491529 0.495000 0.499732 0.505786 0.513240 0.522194 0.532772 0.545128 0.559450 0.575970 0.594973 0.616809 0.641914 0.670834 0.704259 0.743074 0.788428 0.841837 0.905348 0.981782 1.000000 0.919993 0.853744 0.798189 0.751122 0.710914 0.676338 0.646455 0.620532 0.597993 0.578379 0.561320 0.546517 0.533728 0.522754 0.513434 0.505637 0.499259 0.494215 0.490442 0.487893 0.486535 0.486354 0.487347 0.489525 0.492916 0.497561 0.503519 0.510867 0.519703 0.530150 0.542359 0.556516 0.572849 0.591638 0.613228 0.638050 0.666639 0.699675 0.738027 0.782822 0.835550 0.898213 0.973574 0.912430 0.852788 0.802280 0.759146 0.722064 0.690022 0.662230 0.638067 3078.000000 1.083739 0.603146
0.487893 0.486535 0.486354 0.487347 0.489525 0.492916 0.497561 0.503519 0.510867 0.519703 0.530150 0.542359 0.556516 0.572849 0.591638 0.613228 0.638050 0.666639 0.699675 0.738027 0.782822 0.835550 0.898213 0.973574 0.912430 0.852788 0.802280 0.759146 0.722064 0.690022 0.662230 0.638067 0.617040 0.598752 0.582879 0.569163 0.557389 0.547384 0.539007 0.532146 0.526711 0.522631 0.519857 0.518354 0.518105 0.519106 0.521369 0.524922 0.529809 0.536092 0.543851 0.553190 0.564239 0.577157 0.592140 0.609429 0.629320 0.652177 0.678453 0.708715 0.743677 0.784255 0.831636 0.887385 0.953608 0.919554 0.853704 0.798451 0.751616 0.711590 0.677160 0.647396 0.621572 0.599118 0.579577 0.562583 0.547840 0.535105 0.524183 0.514914 0.507168 0.500840 0.495847 0.492127 0.489634 0.488336 0.488217 0.489278 0.491529 0.495000 0.499732 0.505786 0.513240 0.522194 0.532772 0.545128 0.559450 0.575970 0.594973 0.616809 0.641914 0.670834 0.704259 0.743074 0.788428 0.841837 0.905348 0.981782 1.000000 0.919993 0.853744 0.798189 0.751122 0.710914 0.676338 0.646455 0.620532 0.597993 0.578379 0.561320 0.546517 0.533728 0.522754 0.513434 0.505637 0.499259 0.494215 0.490442 3078.000000 1.083739 0.603146
0.559450 0.575970 0.594973 0.616809 0.641914 0.670834 0.704259 0.743074 0.788428 0.841837 0.905348 0.981782 1.000000 0.919993 0.853744 0.798189 0.751122 0.710914 0.676338 0.646455 0.620532 0.597993 0.578379 0.561320 0.546517 0.533728 0.522754 0.513434 0.505637 0.499259 0.494215 0.490442 0.487893 0.486535 0.486354 0.487347 0.489525 0.492916 0.497561 0.503519 0.510867 0.519703 0.530150 0.542359 0.556516 0.572849 0.591638 0.613228 0.638050 0.666639 0.699675 0.738027 0.782822 0.835550 0.898213 0.973574 0.912430 0.852788 0.802280 0.759146 0.722064 0.690022 0.662230 0.638067 0.617040 0.598752 0.582879 0.569163 0.557389 0.547384 0.539007 0.532146 0.526711 0.522631 0.519857 0.518354 0.518105 0.519106 0.521369 0.524922 0.529809 0.536092 0.543851 0.553190 0.564239 0.577157 0.592140 0.609429 0.629320 0.652177 0.678453 0.708715 0.743677 0.784255 0.831636 0.887385 0.953608 0.919554 0.853704 0.798451 0.751616 0.711590 0.677160 0.647396 0.621572 0.599118 0.579577 0.562583 0.547840 0.535105 0.524183 0.514914 0.507168 0.500840 0.495847 0.492127 0.489634 0.488336 0.488217 0.489278 0.491529 0.495000 0.499732 0.505786 0.513240 0.522194 0.532772 0.545128 3078.000000 1.083739 0.603146
0.937289 0.872448 0.817840 0.771415 0.731645 0.697372 0.667703 0.641939 0.619527 0.600023 0.583072 0.568384 0.555723 0.544899 0.535754 0.528162 0.522022 0.517256 0.513802 0.511618 0.510678 0.510970 0.512498 0.515280 0.519351 0.524760 0.531578 0.539892 0.549817 0.561491 0.575087 0.590817 0.608940 0.629774 0.653716 0.681256 0.713012 0.749767 0.792531 0.842621 0.836060 0.782066 0.736290 0.697162 0.663501 0.634399 0.609149 0.587191 0.568083 0.551466 0.537050 0.524601 0.513925 0.504868 0.497301 0.491124 0.486255 0.482633 0.480213 0.478965 0.478875 0.479940 0.482175 0.485605 0.490274 0.496242 0.503584 0.512400 0.522811 0.534971 0.549063 0.565317 0.584013 0.605495 0.630195 0.658650 0.691541 0.729740 0.774380 0.826960 0.889499 0.964785 1.000000 0.908421 0.834048 0.772653 0.721294 0.677870 0.640833 0.609025 0.581560 0.557751 0.537057 0.519050 0.503385 0.489783 0.478018 0.467905 0.459295 0.452066 0.446119 0.441376 0.437776 0.435275 0.433841 0.433457 0.434119 0.435835 0.438625 0.442524 0.447581 0.453860 0.461446 0.470443 0.480979 0.493213 0.507340 0.523599 0.542284 0.563760 0.588483 0.617029 0.650132 0.688742 0.734107 0.787901 0.852418 0.930887 17500.500000 1.216150 0.595942
0.478018 0.467905 0.459295 0.452066 0.446119 0.441376 0.437776 0.435275 0.433841 0.433457 0.434119 0.435835 0.438625 0.442524 0.447581 0.453860 0.461446 0.470443 0.480979 0.493213 0.507340 0.523599 0.542284 0.563760 0.588483 0.617029 0.650132 0.688742 0.734107 0.787901 0.852418 0.930887 0.937289 0.872448 0.817840 0.771415 0.731645 0.697372 0.667703 0.641939 0.619527 0.600023 0.583072 0.568384 0.555723 0.544899 0.535754 0.528162 0.522022 0.517256 0.513802 0.511618 0.510678 0.510970 0.512498 0.515280 0.519351 0.524760 0.531578 0.539892 0.549817 0.561491 0.575087 0.590817 0.608940 0.629774 0.653716 0.681256 0.713012 0.749767 0.792531 0.842621 0.836060 0.782066 0.736290 0.697162 0.663501 0.634399 0.609149 0.587191 0.568083 0.551466 0.537050 0.524601 0.513925 0.504868 0.497301 0.491124 0.486255 0.482633 0.480213 0.478965 0.478875 0.479940 0.482175 0.485605 0.490274 0.496242 0.503584 0.512400 0.522811 0.534971 0.549063 0.565317 0.584013 0.605495 0.630195 0.658650 0.691541 0.729740 0.774380 0.826960 0.889499 0.964785 1.000000 0.908421 0.834048 0.772653 0.721294 0.677870 0.640833 0.609025 0.581560 0.557751 0.537057 0.519050 0.503385 0.489783 17500.500000 1.216150 0.595942
0.490274 0.496242 0.503584 0.512400 0.522811 0.534971 0.549063 0.565317 0.584013 0.605495 0.630195 0.658650 0.691541 0.729740 0.774380 0.826960 0.889499 0.964785 1.000000 0.908421 0.834048 0.772653 0.721294 0.677870 0.640833 0.609025 0.581560 0.557751 0.537057 0.519050 0.503385 0.489783 0.478018 0.467905 0.459295 0.452066 0.446119 0.441376 0.437776 0.435275 0.433841 0.433457 0.434119 0.435835 0.438625 0.442524 0.447581 0.453860 0.461446 0.470443 0.480979 0.493213 0.507340 0.523599 0.542284 0.563760 0.588483 0.617029 0.650132 0.688742 0.734107 0.787901 0.852418 0.930887 0.937289 0.872448 0.817840 0.771415 0.731645 0.697372 0.667703 0.641939 0.619527 0.600023 0.583072 0.568384 0.555723 0.544899 0.535754 0.528162 0.522022 0.517256 0.513802 0.511618 0.510678 0.510970 0.512498 0.515280 0.519351 0.524760 0.531578 0.539892 0.549817 0.561491 0.575087 0.590817 0.608940 0.629774 0.653716 0.681256 0.713012 0.749767 0.792531 0.842621 0.836060 0.782066 0.736290 0.697162 0.663501 0.634399 0.609149 0.587191 0.568083 0.551466 0.537050 0.524601 0.513925 0.504868 0.497301 0.491124 0.486255 0.482633 0.480213 0.478965 0.478875 0.479940 0.482175 0.485605 17500.500000 1.216150 0.595942
0.608940 0.629774 0.653716 0.681256 0.713012 0.749767 0.792531 0.842621 0.836060 0.782066 0.736290 0.697162 0.663501 0.634399 0.609149 0.587191 0.568083 0.551466 0.537050 0.524601 0.513925 0.504868 0.497301 0.491124 0.486255 0.482633 0.480213 0.478965 0.478875 0.479940 0.482175 0.485605 0.490274 0.496242 0.503584 0.512400 0.522811 0.534971 0.549063 0.565317 0.584013 0.605495 0.630195 0.658650 0.691541 0.729740 0.774380 0.826960 0.889499 0.964785 1.000000 0.908421 0.834048 0.772653 0.721294 0.677870 0.640833 0.609025 0.581560 0.557751 0.537057 0.519050 0.503385 0.489783 0.478018 0.467905 0.459295 0.452066 0.446119 0.441376 0.437776 0.435275 0.433841 0.433457 0.434119 0.435835 0.438625 0.442524 0.447581 0.453860 0.461446 0.470443 0.480979 0.493213 0.507340 0.523599 0.542284 0.563760 0.588483 0.617029 0.650132 0.688742 0.734107 0.787901 0.852418 0.930887 0.937289 0.872448 0.817840 0.771415 0.731645 0.697372 0.667703 0.641939 0.619527 0.600023 0.583072 0.568384 0.555723 0.544899 0.535754 0.528162 0.522022 0.517256 0.513802 0.511618 0.510678 0.510970 0.512498 0.515280 0.519351 0.524760 0.531578 0.539892 0.549817 0.561491 0.575087 0.590817 17500.500000 1.216150 0.595942
0.835716 0.873506 0.917190 0.955066 0.913868 0.878105 0.847000 0.819931 0.796397 0.775994 0.758391 0.743321 0.730563 0.719941 0.711313 0.704566 0.699616 0.696401 0.694881 0.695039 0.696876 0.700415 0.697874 0.693512 0.690857 0.689879 0.690564 0.692922 0.696981 0.702790 0.710424 0.716620 0.711850 0.708839 0.707551 0.707970 0.710102 0.713971 0.719626 0.727137 0.736600 0.748138 0.761908 0.778105 0.796966 0.791160 0.783564 0.777969 0.774305 0.772528 0.772616 0.774570 0.778415 0.784196 0.791986 0.801884 0.814018 0.828551 0.845687 0.865677 0.888828 0.915517 0.901557 0.859767 0.823575 0.792139 0.764789 0.740991 0.720311 0.702401 0.686974 0.673800 0.662687 0.653483 0.646067 0.640343 0.636238 0.633703 0.632706 0.633235 0.631664 0.631038 0.631933 0.634362 0.638353 0.643956 0.651241 0.660302 0.671258 0.684261 0.699495 0.717190 0.737627 0.761150 0.788185 0.819256 0.855023 0.896313 0.944183 1.000000 0.982061 0.921302 0.869596 0.825268 0.787044 0.753940 0.725185 0.700167 0.678398 0.659483 0.644358 0.639582 0.636397 0.634766 0.634668 0.636102 0.639086 0.643656 0.649869 0.657803 0.667561 0.679274 0.693105 0.709255 0.727972 0.749557 0.774385 0.802914 5316.500000 1.103882 0.792498
0.855023 0.896313 0.944183 1.000000 0.982061 0.921302 0.869596 0.825268 0.787044 0.753940 0.725185 0.700167 0.678398 0.659483 0.644358 0.639582 0.636397 0.634766 0.634668 0.636102 0.639086 0.643656 0.649869 0.657803 0.667561 0.679274 0.693105 0.709255 0.727972 0.749557 0.774385 0.802914 0.835716 0.873506 0.917190 0.955066 0.913868 0.878105 0.847000 0.819931 0.796397 0.775994 0.758391 0.743321 0.730563 0.719941 0.711313 0.704566 0.699616 0.696401 0.694881 0.695039 0.696876 0.700415 0.697874 0.693512 0.690857 0.689879 0.690564 0.692922 0.696981 0.702790 0.710424 0.716620 0.711850 0.708839 0.707551 0.707970 0.710102 0.713971 0.719626 0.727137 0.736600 0.748138 0.761908 0.778105 0.796966 0.791160 0.783564 0.777969 0.774305 0.772528 0.772616 0.774570 0.778415 0.784196 0.791986 0.801884 0.814018 0.828551 0.845687 0.865677 0.888828 0.915517 0.901557 0.859767 0.823575 0.792139 0.764789 0.740991 0.720311 0.702401 0.686974 0.673800 0.662687 0.653483 0.646067 0.640343 0.636238 0.633703 0.632706 0.633235 0.631664 0.631038 0.631933 0.634362 0.638353 0.643956 0.651241 0.660302 0.671258 0.684261 0.699495 0.717190 0.737627 0.761150 0.788185 0.819256 5316.500000 1.103882 0.792498
0.823575 0.792139 0.764789 0.740991 0.720311 0.702401 0.686974 0.673800 0.662687 0.653483 0.646067 0.640343 0.636238 0.633703 0.632706 0.633235 0.631664 0.631038 0.631933 0.634362 0.638353 0.643956 0.651241 0.660302 0.671258 0.684261 0.699495 0.717190 0.737627 0.761150 0.788185 0.819256 0.855023 0.896313 0.944183 1.000000 0.982061 0.921302 0.869596 0.825268 0.787044 0.753940 0.725185 0.700167 0.678398 0.659483 0.644358 0.639582 0.636397 0.634766 0.634668 0.636102 0.639086 0.643656 0.649869 0.657803 0.667561 0.679274 0.693105 0.709255 0.727972 0.749557 0.774385 0.802914 0.835716 0.873506 0.917190 0.955066 0.913868 0.878105 0.847000 0.819931 0.796397 0.775994 0.758391 0.743321 0.730563 0.719941 0.711313 0.704566 0.699616 0.696401 0.694881 0.695039 0.696876 0.700415 0.697874 0.693512 0.690857 0.689879 0.690564 0.692922 0.696981 0.702790 0.710424 0.716620 0.711850 0.708839 0.707551 0.707970 0.710102 0.713971 0.719626 0.727137 0.736600 0.748138 0.761908 0.778105 0.796966 0.791160 0.783564 0.777969 0.774305 0.772528 0.772616 0.774570 0.778415 0.784196 0.791986 0.801884 0.814018 0.828551 0.845687 0.865677 0.888828 0.915517 0.901557 0.859767 5316.500000 1.103882 0.792498
0.711850 0.708839 0.707551 0.707970 0.710102 0.713971 0.719626 0.727137 0.736600 0.748138 0.761908 0.778105 0.796966 0.791160 0.783564 0.777969 0.774305 0.772528 0.772616 0.774570 0.778415 0.784196 0.791986 0.801884 0.814018 0.828551 0.845687 0.865677 0.888828 0.915517 0.901557 0.859767 0.823575 0.792139 0.764789 0.740991 0.720311 0.702401 0.686974 0.673800 0.662687 0.653483 0.646067 0.640343 0.636238 0.633703 0.632706 0.633235 0.631664 0.631038 0.631933 0.634362 0.638353 0.643956 0.651241 0.660302 0.671258 0.684261 0.699495 0.717190 0.737627 0.761150 0.788185 0.819256 0.855023 0.896313 0.944183 1.000000 0.982061 0.921302 0.869596 0.825268 0.787044 0.753940 0.725185 0.700167 0.678398 0.659483 0.644358 0.639582 0.636397 0.634766 0.634668 0.636102 0.639086 0.643656 0.649869 0.657803 0.667561 0.679274 0.693105 0.709255 0.727972 0.749557 0.774385 0.802914 0.835716 0.873506 0.917190 0.955066 0.913868 0.878105 0.847000 0.819931 0.796397 0.775994 0.758391 0.743321 0.730563 0.719941 0.711313 0.704566 0.699616 0.696401 0.694881 0.695039 0.696876 0.700415 0.697874 0.693512 0.690857 0.689879 0.690564 0.692922 0.696981 0.702790 0.710424 0.716620 5316.500000 1.103882 0.792498
0.936054 0.971908 0.974248 0.913392 0.861646 0.817312 0.779101 0.746022 0.717294 0.692303 0.670555 0.651655 0.635279 0.621166 0.609101 0.598912 0.590457 0.583624 0.579072 0.577596 0.577515 0.578828 0.581551 0.585717 0.591379 0.598608 0.607497 0.618165 0.630762 0.645470 0.662515 0.682172 0.704781 0.730761 0.760632 0.795046 0.804767 0.780129 0.758729 0.740207 0.724271 0.710683 0.699248 0.689812 0.682248 0.676461 0.672377 0.669946 0.669139 0.669946 0.671302 0.673788 0.677932 0.683784 0.691418 0.700932 0.712452 0.726136 0.742179 0.760821 0.782356 0.807148 0.835641 0.868388 0.906078 0.949580 1.000000 0.994265 0.933991 0.882613 0.838507 0.800435 0.767440 0.738766 0.713816 0.692108 0.673256 0.656945 0.642917 0.630964 0.620916 0.612636 0.606014 0.600967 0.599228 0.599920 0.602066 0.605691 0.610841 0.617580 0.625993 0.636194 0.648319 0.662543 0.679078 0.693641 0.681461 0.671290 0.662992 0.656459 0.651607 0.648378 0.646730 0.646645 0.648121 0.651176 0.655848 0.662194 0.670294 0.680254 0.692208 0.706320 0.722798 0.741894 0.758315 0.757054 0.757619 0.760018 0.764278 0.770454 0.778621 0.788884 0.801377 0.816271 0.833775 0.854150 0.877712 0.904854 611.000000 1.201129 0.781955
0.681461 0.671290 0.662992 0.656459 0.651607 0.648378 0.646730 0.646645 0.648121 0.651176 0.655848 0.662194 0.670294 0.680254 0.692208 0.706320 0.722798 0.741894 0.758315 0.757054 0.757619 0.760018 0.764278 0.770454 0.778621 0.788884 0.801377 0.816271 0.833775 0.854150 0.877712 0.904854 0.936054 0.971908 0.974248 0.913392 0.861646 0.817312 0.779101 0.746022 0.717294 0.692303 0.670555 0.651655 0.635279 0.621166 0.609101 0.598912 0.590457 0.583624 0.579072 0.577596 0.577515 0.578828 0.581551 0.585717 0.591379 0.598608 0.607497 0.618165 0.630762 0.645470 0.662515 0.682172 0.704781 0.730761 0.760632 0.795046 0.804767 0.780129 0.758729 0.740207 0.724271 0.710683 0.699248 0.689812 0.682248 0.676461 0.672377 0.669946 0.669139 0.669946 0.671302 0.673788 0.677932 0.683784 0.691418 0.700932 0.712452 0.726136 0.742179 0.760821 0.782356 0.807148 0.835641 0.868388 0.906078 0.949580 1.000000 0.994265 0.933991 0.882613 0.838507 0.800435 0.767440 0.738766 0.713816 0.692108 0.673256 0.656945 0.642917 0.630964 0.620916 0.612636 0.606014 0.600967 0.599228 0.599920 0.602066 0.605691 0.610841 0.617580 0.625993 0.636194 0.648319 0.662543 0.679078 0.693641 611.000000 1.201129 0.781955
0.906078 0.949580 1.000000 0.994265 0.933991 0.882613 0.838507 0.800435 0.767440 0.738766 0.713816 0.692108 0.673256 0.656945 0.642917 0.630964 0.620916 0.612636 0.606014 0.600967 0.599228 0.599920 0.602066 0.605691 0.610841 0.617580 0.625993 0.636194 0.648319 0.662543 0.679078 0.693641 0.681461 0.671290 0.662992 0.656459 0.651607 0.648378 0.646730 0.646645 0.648121 0.651176 0.655848 0.662194 0.670294 0.680254 0.692208 0.706320 0.722798 0.741894 0.758315 0.757054 0.757619 0.760018 0.764278 0.770454 0.778621 0.788884 0.801377 0.816271 0.833775 0.854150 0.877712 0.904854 0.936054 0.971908 0.974248 0.913392 0.861646 0.817312 0.779101 0.746022 0.717294 0.692303 0.670555 0.651655 0.635279 0.621166 0.609101 0.598912 0.590457 0.583624 0.579072 0.577596 0.577515 0.578828 0.581551 0.585717 0.591379 0.598608 0.607497 0.618165 0.630762 0.645470 0.662515 0.682172 0.704781 0.730761 0.760632 0.795046 0.804767 0.780129 0.758729 0.740207 0.724271 0.710683 0.699248 0.689812 0.682248 0.676461 0.672377 0.669946 0.669139 0.669946 0.671302 0.673788 0.677932 0.683784 0.691418 0.700932 0.712452 0.726136 0.742179 0.760821 0.782356 0.807148 0.835641 0.868388 611.000000 1.201129 0.781955
0.704781 0.730761 0.760632 0.795046 0.804767 0.780129 0.758729 0.740207 0.724271 0.710683 0.699248 0.689812 0.682248 0.676461 0.672377 0.669946 0.669139 0.669946 0.671302 0.673788 0.677932 0.683784 0.691418 0.700932 0.712452 0.726136 0.742179 0.760821 0.782356 0.807148 0.835641 0.868388 0.906078 0.949580 1.000000 0.994265 0.933991 0.882613 0.838507 0.800435 0.767440 0.738766 0.713816 0.692108 0.673256 0.656945 0.642917 0.630964 0.620916 0.612636 0.606014 0.600967 0.599228 0.599920 0.602066 0.605691 0.610841 0.617580 0.625993 0.636194 0.648319 0.662543 0.679078 0.693641 0.681461 0.671290 0.662992 0.656459 0.651607 0.648378 0.646730 0.646645 0.648121 0.651176 0.655848 0.662194 0.670294 0.680254 0.692208 0.706320 0.722798 0.741894 0.758315 0.757054 0.757619 0.760018 0.764278 0.770454 0.778621 0.788884 0.801377 0.816271 0.833775 0.854150 0.877712 0.904854 0.936054 0.971908 0.974248 0.913392 0.861646 0.817312 0.779101 0.746022 0.717294 0.692303 0.670555 0.651655 0.635279 0.621166 0.609101 0.598912 0.590457 0.583624 0.579072 0.577596 0.577515 0.578828 0.581551 0.585717 0.591379 0.598608 0.607497 0.618165 0.630762 0.645470 0.662515 0.682172 611.000000 1.201129 0.781955
0.847102 0.878328 0.858802 0.841914 0.827633 0.815761 0.806139 0.798643 0.793178 0.789677 0.788097 0.788419 0.790647 0.794808 0.800952 0.809156 0.819526 0.832195 0.847335 0.865160 0.885930 0.881000 0.850267 0.823524 0.800280 0.780140 0.762782 0.747942 0.735406 0.725001 0.716589 0.710061 0.705334 0.702351 0.701075 0.701490 0.703602 0.707436 0.713039 0.720481 0.729857 0.741290 0.754934 0.770982 0.789671 0.811292 0.836201 0.864837 0.847664 0.819314 0.794652 0.773239 0.754721 0.738807 0.725262 0.713893 0.704546 0.697098 0.691455 0.687545 0.685321 0.684756 0.685842 0.688593 0.693043 0.699247 0.707281 0.717251 0.729287 0.743556 0.760263 0.779660 0.802054 0.827827 0.857445 0.891489 0.930682 0.975939 1.000000 0.955082 0.916139 0.882289 0.852832 0.827208 0.804961 0.785722 0.769192 0.755124 0.743320 0.733620 0.725896 0.720049 0.716007 0.713720 0.713160 0.714321 0.717216 0.721880 0.728372 0.736773 0.747191 0.759764 0.774666 0.792111 0.812361 0.798891 0.778056 0.760065 0.744640 0.731557 0.720631 0.711716 0.704696 0.699482 0.696008 0.694234 0.694136 0.695714 0.698987 0.703995 0.710800 0.719489 0.730173 0.742995 0.758136 0.775814 0.796301 0.819927 1188.500000 1.153496 0.847896
0.717216 0.721880 0.728372 0.736773 0.747191 0.759764 0.774666 0.792111 0.812361 0.798891 0.778056 0.760065 0.744640 0.731557 0.720631 0.711716 0.704696 0.699482 0.696008 0.694234 0.694136 0.695714 0.698987 0.703995 0.710800 0.719489 0.730173 0.742995 0.758136 0.775814 0.796301 0.819927 0.847102 0.878328 0.858802 0.841914 0.827633 0.815761 0.806139 0.798643 0.793178 0.789677 0.788097 0.788419 0.790647 0.794808 0.800952 0.809156 0.819526 0.832195 0.847335 0.865160 0.885930 0.881000 0.850267 0.823524 0.800280 0.780140 0.762782 0.747942 0.735406 0.725001 0.716589 0.710061 0.705334 0.702351 0.701075 0.701490 0.703602 0.707436 0.713039 0.720481 0.729857 0.741290 0.754934 0.770982 0.789671 0.811292 0.836201 0.864837 0.847664 0.819314 0.794652 0.773239 0.754721 0.738807 0.725262 0.713893 0.704546 0.697098 0.691455 0.687545 0.685321 0.684756 0.685842 0.688593 0.693043 0.699247 0.707281 0.717251 0.729287 0.743556 0.760263 0.779660 0.802054 0.827827 0.857445 0.891489 0.930682 0.975939 1.000000 0.955082 0.916139 0.882289 0.852832 0.827208 0.804961 0.785722 0.769192 0.755124 0.743320 0.733620 0.725896 0.720049 0.716007 0.713720 0.713160 0.714321 1188.500000 1.153496 0.847896
0.693043 0.699247 0.707281 0.717251 0.729287 0.743556 0.760263 0.779660 0.802054 0.827827 0.857445 0.891489 0.930682 0.975939 1.000000 0.955082 0.916139 0.882289 0.852832 0.827208 0.804961 0.785722 0.769192 0.755124 0.743320 0.733620 0.725896 0.720049 0.716007 0.713720 0.713160 0.714321 0.717216 0.721880 0.728372 0.736773 0.747191 0.759764 0.774666 0.792111 0.812361 0.798891 0.778056 0.760065 0.744640 0.731557 0.720631 0.711716 0.704696 0.699482 0.696008 0.694234 0.694136 0.695714 0.698987 0.703995 0.710800 0.719489 0.730173 0.742995 0.758136 0.775814 0.796301 0.819927 0.847102 0.878328 0.858802 0.841914 0.827633 0.815761 0.806139 0.798643 0.793178 0.789677 0.788097 0.788419 0.790647 0.794808 0.800952 0.809156 0.819526 0.832195 0.847335 0.865160 0.885930 0.881000 0.850267 0.823524 0.800280 0.780140 0.762782 0.747942 0.735406 0.725001 0.716589 0.710061 0.705334 0.702351 0.701075 0.701490 0.703602 0.707436 0.713039 0.720481 0.729857 0.741290 0.754934 0.770982 0.789671 0.811292 0.836201 0.864837 0.847664 0.819314 0.794652 0.773239 0.754721 0.738807 0.725262 0.713893 0.704546 0.697098 0.691455 0.687545 0.685321 0.684756 0.685842 0.688593 1188.500000 1.153496 0.847896
0.705334 0.702351 0.701075 0.701490 0.703602 0.707436 0.713039 0.720481 0.729857 0.741290 0.754934 0.770982 0.789671 0.811292 0.836201 0.864837 0.847664 0.819314 0.794652 0.773239 0.754721 0.738807 0.725262 0.713893 0.704546 0.697098 0.691455 0.687545 0.685321 0.684756 0.685842 0.688593 0.693043 0.699247 0.707281 0.717251 0.729287 0.743556 0.760263 0.779660 0.802054 0.827827 0.857445 0.891489 0.930682 0.975939 1.000000 0.955082 0.916139 0.882289 0.852832 0.827208 0.804961 0.785722 0.769192 0.755124 0.743320 0.733620 0.725896 0.720049 0.716007 0.713720 0.713160 0.714321 0.717216 0.721880 0.728372 0.736773 0.747191 0.759764 0.774666 0.792111 0.812361 0.798891 0.778056 0.760065 0.744640 0.731557 0.720631 0.711716 0.704696 0.699482 0.696008 0.694234 0.694136 0.695714 0.698987 0.703995 0.710800 0.719489 0.730173 0.742995 0.758136 0.775814 0.796301 0.819927 0.847102 0.878328 0.858802 0.841914 0.827633 0.815761 0.806139 0.798643 0.793178 0.789677 0.788097 0.788419 0.790647 0.794808 0.800952 0.809156 0.819526 0.832195 0.847335 0.865160 0.885930 0.881000 0.850267 0.823524 0.800280 0.780140 0.762782 0.747942 0.735406 0.725001 0.716589 0.710061 1188.500000 1.153496 0.847896
