0.593081 0.572262 0.554146 0.538398 0.524750 0.512982 0.502915 0.494404 0.487331 0.481601 0.477140 0.473892 0.471818 0.470890 0.471100 0.472448 0.474951 0.478640 0.483561 0.489776 0.497367 0.506436 0.517111 0.529549 0.543943 0.560529 0.579599 0.601512 0.626717 0.655774 0.689399 0.728509 0.774300 0.828363 0.892855 0.970773 1.000000 0.944083 0.896133 0.854777 0.818957 0.787839 0.760765 0.737208 0.716740 0.699016 0.683756 0.670728 0.659748 0.650663 0.643355 0.637727 0.633711 0.631257 0.630334 0.630931 0.633056 0.636735 0.642012 0.648954 0.657649 0.668212 0.680787 0.695552 0.712727 0.732581 0.726016 0.699878 0.677131 0.657349 0.640190 0.625371 0.612666 0.601887 0.592885 0.585538 0.579751 0.575450 0.572581 0.571109 0.571018 0.572304 0.574986 0.579093 0.584679 0.591813 0.600588 0.611122 0.623561 0.638085 0.654918 0.674332 0.696661 0.722320 0.751821 0.751023 0.735147 0.721632 0.710284 0.700951 0.693509 0.687862 0.683942 0.681699 0.681105 0.682155 0.684861 0.689255 0.695392 0.703349 0.713228 0.725161 0.739311 0.755881 0.775121 0.797338 0.822906 0.852291 0.886064 0.924946 0.940263 0.867710 0.807358 0.756559 0.713391 0.676425 0.644577 0.617014 1628.000000 1.369889 0.727522
0.735147 0.721632 0.710284 0.700951 0.693509 0.687862 0.683942 0.681699 0.681105 0.682155 0.684861 0.689255 0.695392 0.703349 0.713228 0.725161 0.739311 0.755881 0.775121 0.797338 0.822906 0.852291 0.886064 0.924946 0.940263 0.867710 0.807358 0.756559 0.713391 0.676425 0.644577 0.617014 0.593081 0.572262 0.554146 0.538398 0.524750 0.512982 0.502915 0.494404 0.487331 0.481601 0.477140 0.473892 0.471818 0.470890 0.471100 0.472448 0.474951 0.478640 0.483561 0.489776 0.497367 0.506436 0.517111 0.529549 0.543943 0.560529 0.579599 0.601512 0.626717 0.655774 0.689399 0.728509 0.774300 0.828363 0.892855 0.970773 1.000000 0.944083 0.896133 0.854777 0.818957 0.787839 0.760765 0.737208 0.716740 0.699016 0.683756 0.670728 0.659748 0.650663 0.643355 0.637727 0.633711 0.631257 0.630334 0.630931 0.633056 0.636735 0.642012 0.648954 0.657649 0.668212 0.680787 0.695552 0.712727 0.732581 0.726016 0.699878 0.677131 0.657349 0.640190 0.625371 0.612666 0.601887 0.592885 0.585538 0.579751 0.575450 0.572581 0.571109 0.571018 0.572304 0.574986 0.579093 0.584679 0.591813 0.600588 0.611122 0.623561 0.638085 0.654918 0.674332 0.696661 0.722320 0.751821 0.751023 1628.000000 1.369889 0.727522
0.712727 0.732581 0.726016 0.699878 0.677131 0.657349 0.640190 0.625371 0.612666 0.601887 0.592885 0.585538 0.579751 0.575450 0.572581 0.571109 0.571018 0.572304 0.574986 0.579093 0.584679 0.591813 0.600588 0.611122 0.623561 0.638085 0.654918 0.674332 0.696661 0.722320 0.751821 0.751023 0.735147 0.721632 0.710284 0.700951 0.693509 0.687862 0.683942 0.681699 0.681105 0.682155 0.684861 0.689255 0.695392 0.703349 0.713228 0.725161 0.739311 0.755881 0.775121 0.797338 0.822906 0.852291 0.886064 0.924946 0.940263 0.867710 0.807358 0.756559 0.713391 0.676425 0.644577 0.617014 0.593081 0.572262 0.554146 0.538398 0.524750 0.512982 0.502915 0.494404 0.487331 0.481601 0.477140 0.473892 0.471818 0.470890 0.471100 0.472448 0.474951 0.478640 0.483561 0.489776 0.497367 0.506436 0.517111 0.529549 0.543943 0.560529 0.579599 0.601512 0.626717 0.655774 0.689399 0.728509 0.774300 0.828363 0.892855 0.970773 1.000000 0.944083 0.896133 0.854777 0.818957 0.787839 0.760765 0.737208 0.716740 0.699016 0.683756 0.670728 0.659748 0.650663 0.643355 0.637727 0.633711 0.631257 0.630334 0.630931 0.633056 0.636735 0.642012 0.648954 0.657649 0.668212 0.680787 0.695552 1628.000000 1.369889 0.727522
0.774300 0.828363 0.892855 0.970773 1.000000 0.944083 0.896133 0.854777 0.818957 0.787839 0.760765 0.737208 0.716740 0.699016 0.683756 0.670728 0.659748 0.650663 0.643355 0.637727 0.633711 0.631257 0.630334 0.630931 0.633056 0.636735 0.642012 0.648954 0.657649 0.668212 0.680787 0.695552 0.712727 0.732581 0.726016 0.699878 0.677131 0.657349 0.640190 0.625371 0.612666 0.601887 0.592885 0.585538 0.579751 0.575450 0.572581 0.571109 0.571018 0.572304 0.574986 0.579093 0.584679 0.591813 0.600588 0.611122 0.623561 0.638085 0.654918 0.674332 0.696661 0.722320 0.751821 0.751023 0.735147 0.721632 0.710284 0.700951 0.693509 0.687862 0.683942 0.681699 0.681105 0.682155 0.684861 0.689255 0.695392 0.703349 0.713228 0.725161 0.739311 0.755881 0.775121 0.797338 0.822906 0.852291 0.886064 0.924946 0.940263 0.867710 0.807358 0.756559 0.713391 0.676425 0.644577 0.617014 0.593081 0.572262 0.554146 0.538398 0.524750 0.512982 0.502915 0.494404 0.487331 0.481601 0.477140 0.473892 0.471818 0.470890 0.471100 0.472448 0.474951 0.478640 0.483561 0.489776 0.497367 0.506436 0.517111 0.529549 0.543943 0.560529 0.579599 0.601512 0.626717 0.655774 0.689399 0.728509 1628.000000 1.369889 0.727522
0.940806 1.000000 0.980475 0.945824 0.915669 0.889454 0.866728 0.847124 0.830343 0.816143 0.804325 0.794732 0.787239 0.781752 0.778202 0.776547 0.776766 0.778863 0.782861 0.788812 0.796787 0.806889 0.819250 0.834035 0.851453 0.871759 0.895267 0.888564 0.851344 0.819011 0.790880 0.766402 0.745135 0.726719 0.710864 0.697329 0.685922 0.676485 0.668894 0.663051 0.658883 0.656339 0.655386 0.656015 0.658232 0.662065 0.667560 0.674786 0.683836 0.694828 0.707913 0.723276 0.741146 0.761803 0.785591 0.812935 0.796587 0.782361 0.770457 0.760715 0.753008 0.747238 0.743333 0.741244 0.740948 0.742439 0.745737 0.750881 0.757935 0.766989 0.778158 0.791593 0.807479 0.826047 0.847579 0.872421 0.901000 0.933840 0.971594 0.954970 0.926691 0.902150 0.880942 0.862740 0.847274 0.834328 0.823726 0.815329 0.809031 0.804754 0.802444 0.802075 0.803641 0.807162 0.812680 0.820263 0.796067 0.765218 0.738383 0.715030 0.694732 0.677141 0.661974 0.649000 0.638033 0.628921 0.621541 0.615799 0.611622 0.608958 0.607775 0.608059 0.609813 0.613058 0.617835 0.624202 0.632240 0.642055 0.653780 0.667579 0.683655 0.702259 0.723695 0.748341 0.776662 0.809236 0.846793 0.890254 7308.500000 1.291184 0.832635
0.796067 0.765218 0.738383 0.715030 0.694732 0.677141 0.661974 0.649000 0.638033 0.628921 0.621541 0.615799 0.611622 0.608958 0.607775 0.608059 0.609813 0.613058 0.617835 0.624202 0.632240 0.642055 0.653780 0.667579 0.683655 0.702259 0.723695 0.748341 0.776662 0.809236 0.846793 0.890254 0.940806 1.000000 0.980475 0.945824 0.915669 0.889454 0.866728 0.847124 0.830343 0.816143 0.804325 0.794732 0.787239 0.781752 0.778202 0.776547 0.776766 0.778863 0.782861 0.788812 0.796787 0.806889 0.819250 0.834035 0.851453 0.871759 0.895267 0.888564 0.851344 0.819011 0.790880 0.766402 0.745135 0.726719 0.710864 0.697329 0.685922 0.676485 0.668894 0.663051 0.658883 0.656339 0.655386 0.656015 0.658232 0.662065 0.667560 0.674786 0.683836 0.694828 0.707913 0.723276 0.741146 0.761803 0.785591 0.812935 0.796587 0.782361 0.770457 0.760715 0.753008 0.747238 0.743333 0.741244 0.740948 0.742439 0.745737 0.750881 0.757935 0.766989 0.778158 0.791593 0.807479 0.826047 0.847579 0.872421 0.901000 0.933840 0.971594 0.954970 0.926691 0.902150 0.880942 0.862740 0.847274 0.834328 0.823726 0.815329 0.809031 0.804754 0.802444 0.802075 0.803641 0.807162 0.812680 0.820263 7308.500000 1.291184 0.832635
0.740948 0.742439 0.745737 0.750881 0.757935 0.766989 0.778158 0.791593 0.807479 0.826047 0.847579 0.872421 0.901000 0.933840 0.971594 0.954970 0.926691 0.902150 0.880942 0.862740 0.847274 0.834328 0.823726 0.815329 0.809031 0.804754 0.802444 0.802075 0.803641 0.807162 0.812680 0.820263 0.796067 0.765218 0.738383 0.715030 0.694732 0.677141 0.661974 0.649000 0.638033 0.628921 0.621541 0.615799 0.611622 0.608958 0.607775 0.608059 0.609813 0.613058 0.617835 0.624202 0.632240 0.642055 0.653780 0.667579 0.683655 0.702259 0.723695 0.748341 0.776662 0.809236 0.846793 0.890254 0.940806 1.000000 0.980475 0.945824 0.915669 0.889454 0.866728 0.847124 0.830343 0.816143 0.804325 0.794732 0.787239 0.781752 0.778202 0.776547 0.776766 0.778863 0.782861 0.788812 0.796787 0.806889 0.819250 0.834035 0.851453 0.871759 0.895267 0.888564 0.851344 0.819011 0.790880 0.766402 0.745135 0.726719 0.710864 0.697329 0.685922 0.676485 0.668894 0.663051 0.658883 0.656339 0.655386 0.656015 0.658232 0.662065 0.667560 0.674786 0.683836 0.694828 0.707913 0.723276 0.741146 0.761803 0.785591 0.812935 0.796587 0.782361 0.770457 0.760715 0.753008 0.747238 0.743333 0.741244 7308.500000 1.291184 0.832635
0.745135 0.726719 0.710864 0.697329 0.685922 0.676485 0.668894 0.663051 0.658883 0.656339 0.655386 0.656015 0.658232 0.662065 0.667560 0.674786 0.683836 0.694828 0.707913 0.723276 0.741146 0.761803 0.785591 0.812935 0.796587 0.782361 0.770457 0.760715 0.753008 0.747238 0.743333 0.741244 0.740948 0.742439 0.745737 0.750881 0.757935 0.766989 0.778158 0.791593 0.807479 0.826047 0.847579 0.872421 0.901000 0.933840 0.971594 0.954970 0.926691 0.902150 0.880942 0.862740 0.847274 0.834328 0.823726 0.815329 0.809031 0.804754 0.802444 0.802075 0.803641 0.807162 0.812680 0.820263 0.796067 0.765218 0.738383 0.715030 0.694732 0.677141 0.661974 0.649000 0.638033 0.628921 0.621541 0.615799 0.611622 0.608958 0.607775 0.608059 0.609813 0.613058 0.617835 0.624202 0.632240 0.642055 0.653780 0.667579 0.683655 0.702259 0.723695 0.748341 0.776662 0.809236 0.846793 0.890254 0.940806 1.000000 0.980475 0.945824 0.915669 0.889454 0.866728 0.847124 0.830343 0.816143 0.804325 0.794732 0.787239 0.781752 0.778202 0.776547 0.776766 0.778863 0.782861 0.788812 0.796787 0.806889 0.819250 0.834035 0.851453 0.871759 0.895267 0.888564 0.851344 0.819011 0.790880 0.766402 7308.500000 1.291184 0.832635
0.974126 0.898090 0.834931 0.781831 0.736750 0.698175 0.664960 0.636226 0.611283 0.589589 0.570710 0.554297 0.540066 0.527787 0.517272 0.508369 0.500953 0.494926 0.490210 0.486744 0.484485 0.483407 0.483495 0.484752 0.487191 0.490844 0.495756 0.501988 0.509623 0.518762 0.529534 0.542097 0.556643 0.573412 0.592694 0.614851 0.640331 0.669698 0.703665 0.743147 0.789337 0.843818 0.853676 0.802335 0.758543 0.720931 0.688453 0.660297 0.635826 0.614530 0.596005 0.579920 0.566008 0.554051 0.543872 0.535327 0.528299 0.522697 0.518447 0.515498 0.513814 0.513373 0.514170 0.516215 0.519534 0.524166 0.530170 0.537624 0.546626 0.557300 0.569799 0.584311 0.601068 0.620353 0.642516 0.667990 0.697316 0.731178 0.770448 0.816253 0.870077 0.933910 0.952099 0.870809 0.804093 0.748547 0.701761 0.661980 0.627899 0.598526 0.573098 0.551016 0.531806 0.515089 0.500560 0.487972 0.477123 0.467848 0.460014 0.453513 0.448257 0.444180 0.441230 0.439370 0.438578 0.438844 0.440171 0.442576 0.446088 0.450751 0.456624 0.463783 0.472328 0.482376 0.494078 0.507615 0.523210 0.541139 0.561742 0.585442 0.612771 0.644405 0.681213 0.724331 0.775271 0.836085 0.909629 1.000000 1029.000000 1.207300 0.596570
0.477123 0.467848 0.460014 0.453513 0.448257 0.444180 0.441230 0.439370 0.438578 0.438844 0.440171 0.442576 0.446088 0.450751 0.456624 0.463783 0.472328 0.482376 0.494078 0.507615 0.523210 0.541139 0.561742 0.585442 0.612771 0.644405 0.681213 0.724331 0.775271 0.836085 0.909629 1.000000 0.974126 0.898090 0.834931 0.781831 0.736750 0.698175 0.664960 0.636226 0.611283 0.589589 0.570710 0.554297 0.540066 0.527787 0.517272 0.508369 0.500953 0.494926 0.490210 0.486744 0.484485 0.483407 0.483495 0.484752 0.487191 0.490844 0.495756 0.501988 0.509623 0.518762 0.529534 0.542097 0.556643 0.573412 0.592694 0.614851 0.640331 0.669698 0.703665 0.743147 0.789337 0.843818 0.853676 0.802335 0.758543 0.720931 0.688453 0.660297 0.635826 0.614530 0.596005 0.579920 0.566008 0.554051 0.543872 0.535327 0.528299 0.522697 0.518447 0.515498 0.513814 0.513373 0.514170 0.516215 0.519534 0.524166 0.530170 0.537624 0.546626 0.557300 0.569799 0.584311 0.601068 0.620353 0.642516 0.667990 0.697316 0.731178 0.770448 0.816253 0.870077 0.933910 0.952099 0.870809 0.804093 0.748547 0.701761 0.661980 0.627899 0.598526 0.573098 0.551016 0.531806 0.515089 0.500560 0.487972 1029.000000 1.207300 0.596570
0.519534 0.524166 0.530170 0.537624 0.546626 0.557300 0.569799 0.584311 0.601068 0.620353 0.642516 0.667990 0.697316 0.731178 0.770448 0.816253 0.870077 0.933910 0.952099 0.870809 0.804093 0.748547 0.701761 0.661980 0.627899 0.598526 0.573098 0.551016 0.531806 0.515089 0.500560 0.487972 0.477123 0.467848 0.460014 0.453513 0.448257 0.444180 0.441230 0.439370 0.438578 0.438844 0.440171 0.442576 0.446088 0.450751 0.456624 0.463783 0.472328 0.482376 0.494078 0.507615 0.523210 0.541139 0.561742 0.585442 0.612771 0.644405 0.681213 0.724331 0.775271 0.836085 0.909629 1.000000 0.974126 0.898090 0.834931 0.781831 0.736750 0.698175 0.664960 0.636226 0.611283 0.589589 0.570710 0.554297 0.540066 0.527787 0.517272 0.508369 0.500953 0.494926 0.490210 0.486744 0.484485 0.483407 0.483495 0.484752 0.487191 0.490844 0.495756 0.501988 0.509623 0.518762 0.529534 0.542097 0.556643 0.573412 0.592694 0.614851 0.640331 0.669698 0.703665 0.743147 0.789337 0.843818 0.853676 0.802335 0.758543 0.720931 0.688453 0.660297 0.635826 0.614530 0.596005 0.579920 0.566008 0.554051 0.543872 0.535327 0.528299 0.522697 0.518447 0.515498 0.513814 0.513373 0.514170 0.516215 1029.000000 1.207300 0.596570
0.556643 0.573412 0.592694 0.614851 0.640331 0.669698 0.703665 0.743147 0.789337 0.843818 0.853676 0.802335 0.758543 0.720931 0.688453 0.660297 0.635826 0.614530 0.596005 0.579920 0.566008 0.554051 0.543872 0.535327 0.528299 0.522697 0.518447 0.515498 0.513814 0.513373 0.514170 0.516215 0.519534 0.524166 0.530170 0.537624 0.546626 0.557300 0.569799 0.584311 0.601068 0.620353 0.642516 0.667990 0.697316 0.731178 0.770448 0.816253 0.870077 0.933910 0.952099 0.870809 0.804093 0.748547 0.701761 0.661980 0.627899 0.598526 0.573098 0.551016 0.531806 0.515089 0.500560 0.487972 0.477123 0.467848 0.460014 0.453513 0.448257 0.444180 0.441230 0.439370 0.438578 0.438844 0.440171 0.442576 0.446088 0.450751 0.456624 0.463783 0.472328 0.482376 0.494078 0.507615 0.523210 0.541139 0.561742 0.585442 0.612771 0.644405 0.681213 0.724331 0.775271 0.836085 0.909629 1.000000 0.974126 0.898090 0.834931 0.781831 0.736750 0.698175 0.664960 0.636226 0.611283 0.589589 0.570710 0.554297 0.540066 0.527787 0.517272 0.508369 0.500953 0.494926 0.490210 0.486744 0.484485 0.483407 0.483495 0.484752 0.487191 0.490844 0.495756 0.501988 0.509623 0.518762 0.529534 0.542097 1029.000000 1.207300 0.596570
1.000000 0.876262 0.781449 0.706687 0.646403 0.596920 0.555718 0.521011 0.491498 0.466213 0.444420 0.425554 0.409169 0.394915 0.382512 0.371732 0.362392 0.354343 0.347462 0.341651 0.336830 0.332933 0.329911 0.327726 0.326351 0.325769 0.325972 0.326964 0.328757 0.331372 0.334842 0.339212 0.344538 0.350893 0.358366 0.367068 0.377134 0.388730 0.402062 0.417382 0.435006 0.455328 0.478852 0.506226 0.538294 0.576182 0.621418 0.676130 0.743369 0.779025 0.736939 0.700769 0.669521 0.642423 0.618866 0.598365 0.580533 0.565055 0.551676 0.540186 0.530417 0.522231 0.515517 0.510187 0.506173 0.503425 0.501909 0.501607 0.502515 0.504644 0.508021 0.512687 0.518700 0.526139 0.535101 0.545712 0.558125 0.572526 0.589147 0.608271 0.630247 0.655510 0.684600 0.651637 0.606725 0.568887 0.536708 0.509136 0.485370 0.464794 0.446924 0.431378 0.417851 0.406094 0.395909 0.387131 0.379630 0.373295 0.368041 0.363797 0.360508 0.358133 0.356643 0.356019 0.356254 0.357351 0.359323 0.362195 0.366001 0.370791 0.376628 0.383590 0.391775 0.401306 0.412330 0.425030 0.439629 0.456406 0.475706 0.497962 0.523727 0.553711 0.588841 0.630351 0.679920 0.739886 0.813601 0.906055 4594.000000 1.638518 0.554106
0.379630 0.373295 0.368041 0.363797 0.360508 0.358133 0.356643 0.356019 0.356254 0.357351 0.359323 0.362195 0.366001 0.370791 0.376628 0.383590 0.391775 0.401306 0.412330 0.425030 0.439629 0.456406 0.475706 0.497962 0.523727 0.553711 0.588841 0.630351 0.679920 0.739886 0.813601 0.906055 1.000000 0.876262 0.781449 0.706687 0.646403 0.596920 0.555718 0.521011 0.491498 0.466213 0.444420 0.425554 0.409169 0.394915 0.382512 0.371732 0.362392 0.354343 0.347462 0.341651 0.336830 0.332933 0.329911 0.327726 0.326351 0.325769 0.325972 0.326964 0.328757 0.331372 0.334842 0.339212 0.344538 0.350893 0.358366 0.367068 0.377134 0.388730 0.402062 0.417382 0.435006 0.455328 0.478852 0.506226 0.538294 0.576182 0.621418 0.676130 0.743369 0.779025 0.736939 0.700769 0.669521 0.642423 0.618866 0.598365 0.580533 0.565055 0.551676 0.540186 0.530417 0.522231 0.515517 0.510187 0.506173 0.503425 0.501909 0.501607 0.502515 0.504644 0.508021 0.512687 0.518700 0.526139 0.535101 0.545712 0.558125 0.572526 0.589147 0.608271 0.630247 0.655510 0.684600 0.651637 0.606725 0.568887 0.536708 0.509136 0.485370 0.464794 0.446924 0.431378 0.417851 0.406094 0.395909 0.387131 4594.000000 1.638518 0.554106
0.506173 0.503425 0.501909 0.501607 0.502515 0.504644 0.508021 0.512687 0.518700 0.526139 0.535101 0.545712 0.558125 0.572526 0.589147 0.608271 0.630247 0.655510 0.684600 0.651637 0.606725 0.568887 0.536708 0.509136 0.485370 0.464794 0.446924 0.431378 0.417851 0.406094 0.395909 0.387131 0.379630 0.373295 0.368041 0.363797 0.360508 0.358133 0.356643 0.356019 0.356254 0.357351 0.359323 0.362195 0.366001 0.370791 0.376628 0.383590 0.391775 0.401306 0.412330 0.425030 0.439629 0.456406 0.475706 0.497962 0.523727 0.553711 0.588841 0.630351 0.679920 0.739886 0.813601 0.906055 1.000000 0.876262 0.781449 0.706687 0.646403 0.596920 0.555718 0.521011 0.491498 0.466213 0.444420 0.425554 0.409169 0.394915 0.382512 0.371732 0.362392 0.354343 0.347462 0.341651 0.336830 0.332933 0.329911 0.327726 0.326351 0.325769 0.325972 0.326964 0.328757 0.331372 0.334842 0.339212 0.344538 0.350893 0.358366 0.367068 0.377134 0.388730 0.402062 0.417382 0.435006 0.455328 0.478852 0.506226 0.538294 0.576182 0.621418 0.676130 0.743369 0.779025 0.736939 0.700769 0.669521 0.642423 0.618866 0.598365 0.580533 0.565055 0.551676 0.540186 0.530417 0.522231 0.515517 0.510187 4594.000000 1.638518 0.554106
0.344538 0.350893 0.358366 0.367068 0.377134 0.388730 0.402062 0.417382 0.435006 0.455328 0.478852 0.506226 0.538294 0.576182 0.621418 0.676130 0.743369 0.779025 0.736939 0.700769 0.669521 0.642423 0.618866 0.598365 0.580533 0.565055 0.551676 0.540186 0.530417 0.522231 0.515517 0.510187 0.506173 0.503425 0.501909 0.501607 0.502515 0.504644 0.508021 0.512687 0.518700 0.526139 0.535101 0.545712 0.558125 0.572526 0.589147 0.608271 0.630247 0.655510 0.684600 0.651637 0.606725 0.568887 0.536708 0.509136 0.485370 0.464794 0.446924 0.431378 0.417851 0.406094 0.395909 0.387131 0.379630 0.373295 0.368041 0.363797 0.360508 0.358133 0.356643 0.356019 0.356254 0.357351 0.359323 0.362195 0.366001 0.370791 0.376628 0.383590 0.391775 0.401306 0.412330 0.425030 0.439629 0.456406 0.475706 0.497962 0.523727 0.553711 0.588841 0.630351 0.679920 0.739886 0.813601 0.906055 1.000000 0.876262 0.781449 0.706687 0.646403 0.596920 0.555718 0.521011 0.491498 0.466213 0.444420 0.425554 0.409169 0.394915 0.382512 0.371732 0.362392 0.354343 0.347462 0.341651 0.336830 0.332933 0.329911 0.327726 0.326351 0.325769 0.325972 0.326964 0.328757 0.331372 0.334842 0.339212 4594.000000 1.638518 0.554106
0.808302 0.773393 0.743091 0.716735 0.693799 0.673859 0.656570 0.641653 0.628881 0.618066 0.609060 0.601742 0.596016 0.591810 0.589073 0.587770 0.587886 0.589422 0.592397 0.596848 0.602829 0.610417 0.619710 0.630834 0.643944 0.659232 0.676935 0.697340 0.720805 0.747768 0.778776 0.814513 0.855849 0.903899 0.960116 1.000000 0.957881 0.921297 0.889468 0.861772 0.837706 0.816861 0.798907 0.783572 0.770637 0.759922 0.751287 0.744619 0.739835 0.736876 0.735706 0.736311 0.738698 0.742896 0.748956 0.756955 0.766994 0.779206 0.793755 0.810849 0.830741 0.821850 0.790644 0.763494 0.739869 0.719344 0.701571 0.686269 0.673207 0.662199 0.653093 0.645768 0.640131 0.636111 0.633658 0.632742 0.633353 0.635497 0.639201 0.644510 0.651491 0.660232 0.670849 0.683487 0.698325 0.715584 0.735534 0.758508 0.784915 0.815263 0.850182 0.890467 0.937130 0.928002 0.890095 0.857148 0.828477 0.803535 0.781880 0.763152 0.747057 0.733357 0.721859 0.712405 0.704872 0.699164 0.695208 0.692957 0.692383 0.693479 0.696259 0.700756 0.707026 0.715148 0.725225 0.737393 0.751818 0.768707 0.788316 0.810956 0.837011 0.866953 0.901369 0.940992 0.986744 0.950275 0.895513 0.848652 1627.500000 1.184113 0.765925
0.828477 0.803535 0.781880 0.763152 0.747057 0.733357 0.721859 0.712405 0.704872 0.699164 0.695208 0.692957 0.692383 0.693479 0.696259 0.700756 0.707026 0.715148 0.725225 0.737393 0.751818 0.768707 0.788316 0.810956 0.837011 0.866953 0.901369 0.940992 0.986744 0.950275 0.895513 0.848652 0.808302 0.773393 0.743091 0.716735 0.693799 0.673859 0.656570 0.641653 0.628881 0.618066 0.609060 0.601742 0.596016 0.591810 0.589073 0.587770 0.587886 0.589422 0.592397 0.596848 0.602829 0.610417 0.619710 0.630834 0.643944 0.659232 0.676935 0.697340 0.720805 0.747768 0.778776 0.814513 0.855849 0.903899 0.960116 1.000000 0.957881 0.921297 0.889468 0.861772 0.837706 0.816861 0.798907 0.783572 0.770637 0.759922 0.751287 0.744619 0.739835 0.736876 0.735706 0.736311 0.738698 0.742896 0.748956 0.756955 0.766994 0.779206 0.793755 0.810849 0.830741 0.821850 0.790644 0.763494 0.739869 0.719344 0.701571 0.686269 0.673207 0.662199 0.653093 0.645768 0.640131 0.636111 0.633658 0.632742 0.633353 0.635497 0.639201 0.644510 0.651491 0.660232 0.670849 0.683487 0.698325 0.715584 0.735534 0.758508 0.784915 0.815263 0.850182 0.890467 0.937130 0.928002 0.890095 0.857148 1627.500000 1.184113 0.765925
0.739869 0.719344 0.701571 0.686269 0.673207 0.662199 0.653093 0.645768 0.640131 0.636111 0.633658 0.632742 0.633353 0.635497 0.639201 0.644510 0.651491 0.660232 0.670849 0.683487 0.698325 0.715584 0.735534 0.758508 0.784915 0.815263 0.850182 0.890467 0.937130 0.928002 0.890095 0.857148 0.828477 0.803535 0.781880 0.763152 0.747057 0.733357 0.721859 0.712405 0.704872 0.699164 0.695208 0.692957 0.692383 0.693479 0.696259 0.700756 0.707026 0.715148 0.725225 0.737393 0.751818 0.768707 0.788316 0.810956 0.837011 0.866953 0.901369 0.940992 0.986744 0.950275 0.895513 0.848652 0.808302 0.773393 0.743091 0.716735 0.693799 0.673859 0.656570 0.641653 0.628881 0.618066 0.609060 0.601742 0.596016 0.591810 0.589073 0.587770 0.587886 0.589422 0.592397 0.596848 0.602829 0.610417 0.619710 0.630834 0.643944 0.659232 0.676935 0.697340 0.720805 0.747768 0.778776 0.814513 0.855849 0.903899 0.960116 1.000000 0.957881 0.921297 0.889468 0.861772 0.837706 0.816861 0.798907 0.783572 0.770637 0.759922 0.751287 0.744619 0.739835 0.736876 0.735706 0.736311 0.738698 0.742896 0.748956 0.756955 0.766994 0.779206 0.793755 0.810849 0.830741 0.821850 0.790644 0.763494 1627.500000 1.184113 0.765925
0.855849 0.903899 0.960116 1.000000 0.957881 0.921297 0.889468 0.861772 0.837706 0.816861 0.798907 0.783572 0.770637 0.759922 0.751287 0.744619 0.739835 0.736876 0.735706 0.736311 0.738698 0.742896 0.748956 0.756955 0.766994 0.779206 0.793755 0.810849 0.830741 0.821850 0.790644 0.763494 0.739869 0.719344 0.701571 0.686269 0.673207 0.662199 0.653093 0.645768 0.640131 0.636111 0.633658 0.632742 0.633353 0.635497 0.639201 0.644510 0.651491 0.660232 0.670849 0.683487 0.698325 0.715584 0.735534 0.758508 0.784915 0.815263 0.850182 0.890467 0.937130 0.928002 0.890095 0.857148 0.828477 0.803535 0.781880 0.763152 0.747057 0.733357 0.721859 0.712405 0.704872 0.699164 0.695208 0.692957 0.692383 0.693479 0.696259 0.700756 0.707026 0.715148 0.725225 0.737393 0.751818 0.768707 0.788316 0.810956 0.837011 0.866953 0.901369 0.940992 0.986744 0.950275 0.895513 0.848652 0.808302 0.773393 0.743091 0.716735 0.693799 0.673859 0.656570 0.641653 0.628881 0.618066 0.609060 0.601742 0.596016 0.591810 0.589073 0.587770 0.587886 0.589422 0.592397 0.596848 0.602829 0.610417 0.619710 0.630834 0.643944 0.659232 0.676935 0.697340 0.720805 0.747768 0.778776 0.814513 1627.500000 1.184113 0.765925
0.927998 1.000000 0.951394 0.909383 0.872940 0.841254 0.813678 0.789696 0.768886 0.750907 0.735481 0.722381 0.711424 0.702461 0.695375 0.690077 0.686500 0.674530 0.658045 0.643860 0.631764 0.621584 0.613181 0.606443 0.601285 0.597641 0.595467 0.594737 0.595440 0.597587 0.601203 0.606333 0.613040 0.621412 0.627192 0.601368 0.578927 0.559399 0.542409 0.527655 0.514890 0.503913 0.494561 0.486701 0.480226 0.475050 0.471108 0.468349 0.466740 0.471952 0.485400 0.500879 0.518668 0.539114 0.562649 0.589819 0.621319 0.658047 0.701186 0.752318 0.806347 0.790296 0.776706 0.765388 0.756191 0.748996 0.743711 0.740270 0.738633 0.738779 0.740709 0.744448 0.750041 0.757558 0.767093 0.778771 0.792750 0.809225 0.828438 0.850684 0.876327 0.831184 0.783811 0.743241 0.708286 0.678031 0.651761 0.628910 0.609024 0.591739 0.576759 0.563843 0.552796 0.543458 0.535699 0.529415 0.524527 0.520971 0.518705 0.517700 0.517944 0.512201 0.499175 0.487941 0.478329 0.470200 0.463439 0.457958 0.453686 0.450567 0.448565 0.447654 0.447823 0.450870 0.459998 0.470660 0.483020 0.497277 0.513676 0.532520 0.554185 0.579142 0.607987 0.641483 0.680619 0.726705 0.781506 0.847453 7400.500000 1.321642 0.732749
0.524527 0.520971 0.518705 0.517700 0.517944 0.512201 0.499175 0.487941 0.478329 0.470200 0.463439 0.457958 0.453686 0.450567 0.448565 0.447654 0.447823 0.450870 0.459998 0.470660 0.483020 0.497277 0.513676 0.532520 0.554185 0.579142 0.607987 0.641483 0.680619 0.726705 0.781506 0.847453 0.927998 1.000000 0.951394 0.909383 0.872940 0.841254 0.813678 0.789696 0.768886 0.750907 0.735481 0.722381 0.711424 0.702461 0.695375 0.690077 0.686500 0.674530 0.658045 0.643860 0.631764 0.621584 0.613181 0.606443 0.601285 0.597641 0.595467 0.594737 0.595440 0.597587 0.601203 0.606333 0.613040 0.621412 0.627192 0.601368 0.578927 0.559399 0.542409 0.527655 0.514890 0.503913 0.494561 0.486701 0.480226 0.475050 0.471108 0.468349 0.466740 0.471952 0.485400 0.500879 0.518668 0.539114 0.562649 0.589819 0.621319 0.658047 0.701186 0.752318 0.806347 0.790296 0.776706 0.765388 0.756191 0.748996 0.743711 0.740270 0.738633 0.738779 0.740709 0.744448 0.750041 0.757558 0.767093 0.778771 0.792750 0.809225 0.828438 0.850684 0.876327 0.831184 0.783811 0.743241 0.708286 0.678031 0.651761 0.628910 0.609024 0.591739 0.576759 0.563843 0.552796 0.543458 0.535699 0.529415 7400.500000 1.321642 0.732749
0.756191 0.748996 0.743711 0.740270 0.738633 0.738779 0.740709 0.744448 0.750041 0.757558 0.767093 0.778771 0.792750 0.809225 0.828438 0.850684 0.876327 0.831184 0.783811 0.743241 0.708286 0.678031 0.651761 0.628910 0.609024 0.591739 0.576759 0.563843 0.552796 0.543458 0.535699 0.529415 0.524527 0.520971 0.518705 0.517700 0.517944 0.512201 0.499175 0.487941 0.478329 0.470200 0.463439 0.457958 0.453686 0.450567 0.448565 0.447654 0.447823 0.450870 0.459998 0.470660 0.483020 0.497277 0.513676 0.532520 0.554185 0.579142 0.607987 0.641483 0.680619 0.726705 0.781506 0.847453 0.927998 1.000000 0.951394 0.909383 0.872940 0.841254 0.813678 0.789696 0.768886 0.750907 0.735481 0.722381 0.711424 0.702461 0.695375 0.690077 0.686500 0.674530 0.658045 0.643860 0.631764 0.621584 0.613181 0.606443 0.601285 0.597641 0.595467 0.594737 0.595440 0.597587 0.601203 0.606333 0.613040 0.621412 0.627192 0.601368 0.578927 0.559399 0.542409 0.527655 0.514890 0.503913 0.494561 0.486701 0.480226 0.475050 0.471108 0.468349 0.466740 0.471952 0.485400 0.500879 0.518668 0.539114 0.562649 0.589819 0.621319 0.658047 0.701186 0.752318 0.806347 0.790296 0.776706 0.765388 7400.500000 1.321642 0.732749
0.613040 0.621412 0.627192 0.601368 0.578927 0.559399 0.542409 0.527655 0.514890 0.503913 0.494561 0.486701 0.480226 0.475050 0.471108 0.468349 0.466740 0.471952 0.485400 0.500879 0.518668 0.539114 0.562649 0.589819 0.621319 0.658047 0.701186 0.752318 0.806347 0.790296 0.776706 0.765388 0.756191 0.748996 0.743711 0.740270 0.738633 0.738779 0.740709 0.744448 0.750041 0.757558 0.767093 0.778771 0.792750 0.809225 0.828438 0.850684 0.876327 0.831184 0.783811 0.743241 0.708286 0.678031 0.651761 0.628910 0.609024 0.591739 0.576759 0.563843 0.552796 0.543458 0.535699 0.529415 0.524527 0.520971 0.518705 0.517700 0.517944 0.512201 0.499175 0.487941 0.478329 0.470200 0.463439 0.457958 0.453686 0.450567 0.448565 0.447654 0.447823 0.450870 0.459998 0.470660 0.483020 0.497277 0.513676 0.532520 0.554185 0.579142 0.607987 0.641483 0.680619 0.726705 0.781506 0.847453 0.927998 1.000000 0.951394 0.909383 0.872940 0.841254 0.813678 0.789696 0.768886 0.750907 0.735481 0.722381 0.711424 0.702461 0.695375 0.690077 0.686500 0.674530 0.658045 0.643860 0.631764 0.621584 0.613181 0.606443 0.601285 0.597641 0.595467 0.594737 0.595440 0.597587 0.601203 0.606333 7400.500000 1.321642 0.732749
0.592849 0.580327 0.569667 0.560719 0.553359 0.547493 0.543043 0.539956 0.538193 0.537733 0.538570 0.540714 0.544191 0.549045 0.555336 0.563145 0.572576 0.583759 0.596853 0.612057 0.629612 0.649816 0.673034 0.699721 0.730444 0.765920 0.807060 0.782420 0.756497 0.733948 0.714375 0.697456 0.682927 0.670573 0.660221 0.651730 0.644988 0.639910 0.636433 0.634514 0.634129 0.635274 0.637963 0.641120 0.640029 0.640482 0.642485 0.646061 0.651256 0.658133 0.666780 0.677311 0.689868 0.704630 0.721814 0.741688 0.764583 0.790901 0.821145 0.855937 0.896063 0.869899 0.813112 0.765015 0.723938 0.688621 0.658101 0.631629 0.608613 0.588585 0.571164 0.556046 0.542982 0.531770 0.522244 0.514270 0.507741 0.502571 0.498695 0.496064 0.494646 0.494424 0.495395 0.497571 0.500978 0.505658 0.507251 0.508765 0.511524 0.515561 0.520928 0.527693 0.535943 0.545791 0.557376 0.570868 0.586478 0.604463 0.625139 0.648898 0.676229 0.707742 0.744217 0.786654 0.836360 0.895072 0.965152 1.000000 0.938612 0.886337 0.841497 0.802817 0.769309 0.740197 0.714867 0.692828 0.673682 0.657105 0.642836 0.630661 0.620405 0.611929 0.605118 0.599887 0.596170 0.593920 0.593111 0.593732 6925.000000 1.337580 0.733860
0.586478 0.604463 0.625139 0.648898 0.676229 0.707742 0.744217 0.786654 0.836360 0.895072 0.965152 1.000000 0.938612 0.886337 0.841497 0.802817 0.769309 0.740197 0.714867 0.692828 0.673682 0.657105 0.642836 0.630661 0.620405 0.611929 0.605118 0.599887 0.596170 0.593920 0.593111 0.593732 0.592849 0.580327 0.569667 0.560719 0.553359 0.547493 0.543043 0.539956 0.538193 0.537733 0.538570 0.540714 0.544191 0.549045 0.555336 0.563145 0.572576 0.583759 0.596853 0.612057 0.629612 0.649816 0.673034 0.699721 0.730444 0.765920 0.807060 0.782420 0.756497 0.733948 0.714375 0.697456 0.682927 0.670573 0.660221 0.651730 0.644988 0.639910 0.636433 0.634514 0.634129 0.635274 0.637963 0.641120 0.640029 0.640482 0.642485 0.646061 0.651256 0.658133 0.666780 0.677311 0.689868 0.704630 0.721814 0.741688 0.764583 0.790901 0.821145 0.855937 0.896063 0.869899 0.813112 0.765015 0.723938 0.688621 0.658101 0.631629 0.608613 0.588585 0.571164 0.556046 0.542982 0.531770 0.522244 0.514270 0.507741 0.502571 0.498695 0.496064 0.494646 0.494424 0.495395 0.497571 0.500978 0.505658 0.507251 0.508765 0.511524 0.515561 0.520928 0.527693 0.535943 0.545791 0.557376 0.570868 6925.000000 1.337580 0.733860
0.723938 0.688621 0.658101 0.631629 0.608613 0.588585 0.571164 0.556046 0.542982 0.531770 0.522244 0.514270 0.507741 0.502571 0.498695 0.496064 0.494646 0.494424 0.495395 0.497571 0.500978 0.505658 0.507251 0.508765 0.511524 0.515561 0.520928 0.527693 0.535943 0.545791 0.557376 0.570868 0.586478 0.604463 0.625139 0.648898 0.676229 0.707742 0.744217 0.786654 0.836360 0.895072 0.965152 1.000000 0.938612 0.886337 0.841497 0.802817 0.769309 0.740197 0.714867 0.692828 0.673682 0.657105 0.642836 0.630661 0.620405 0.611929 0.605118 0.599887 0.596170 0.593920 0.593111 0.593732 0.592849 0.580327 0.569667 0.560719 0.553359 0.547493 0.543043 0.539956 0.538193 0.537733 0.538570 0.540714 0.544191 0.549045 0.555336 0.563145 0.572576 0.583759 0.596853 0.612057 0.629612 0.649816 0.673034 0.699721 0.730444 0.765920 0.807060 0.782420 0.756497 0.733948 0.714375 0.697456 0.682927 0.670573 0.660221 0.651730 0.644988 0.639910 0.636433 0.634514 0.634129 0.635274 0.637963 0.641120 0.640029 0.640482 0.642485 0.646061 0.651256 0.658133 0.666780 0.677311 0.689868 0.704630 0.721814 0.741688 0.764583 0.790901 0.821145 0.855937 0.896063 0.869899 0.813112 0.765015 6925.000000 1.337580 0.733860
0.682927 0.670573 0.660221 0.651730 0.644988 0.639910 0.636433 0.634514 0.634129 0.635274 0.637963 0.641120 0.640029 0.640482 0.642485 0.646061 0.651256 0.658133 0.666780 0.677311 0.689868 0.704630 0.721814 0.741688 0.764583 0.790901 0.821145 0.855937 0.896063 0.869899 0.813112 0.765015 0.723938 0.688621 0.658101 0.631629 0.608613 0.588585 0.571164 0.556046 0.542982 0.531770 0.522244 0.514270 0.507741 0.502571 0.498695 0.496064 0.494646 0.494424 0.495395 0.497571 0.500978 0.505658 0.507251 0.508765 0.511524 0.515561 0.520928 0.527693 0.535943 0.545791 0.557376 0.570868 0.586478 0.604463 0.625139 0.648898 0.676229 0.707742 0.744217 0.786654 0.836360 0.895072 0.965152 1.000000 0.938612 0.886337 0.841497 0.802817 0.769309 0.740197 0.714867 0.692828 0.673682 0.657105 0.642836 0.630661 0.620405 0.611929 0.605118 0.599887 0.596170 0.593920 0.593111 0.593732 0.592849 0.580327 0.569667 0.560719 0.553359 0.547493 0.543043 0.539956 0.538193 0.537733 0.538570 0.540714 0.544191 0.549045 0.555336 0.563145 0.572576 0.583759 0.596853 0.612057 0.629612 0.649816 0.673034 0.699721 0.730444 0.765920 0.807060 0.782420 0.756497 0.733948 0.714375 0.697456 6925.000000 1.337580 0.733860
0.649310 0.685386 0.727564 0.777268 0.777172 0.737883 0.703991 0.674628 0.649119 0.626923 0.607611 0.590833 0.576308 0.563806 0.553140 0.544156 0.536731 0.530768 0.526189 0.522938 0.520974 0.520274 0.520828 0.522644 0.525744 0.530166 0.535964 0.543214 0.552012 0.562476 0.574755 0.589034 0.605536 0.624537 0.646377 0.671477 0.700359 0.733685 0.772294 0.817271 0.870036 0.932486 0.864412 0.790186 0.729318 0.678675 0.636041 0.599807 0.568775 0.542037 0.518894 0.498800 0.481319 0.466108 0.452886 0.441427 0.431548 0.423099 0.415957 0.410023 0.405219 0.401482 0.398765 0.397035 0.396270 0.396461 0.397611 0.399734 0.402855 0.407013 0.412262 0.418669 0.426323 0.435329 0.445821 0.457963 0.471952 0.488036 0.506519 0.527778 0.552288 0.580653 0.613648 0.652284 0.697907 0.752340 0.818121 0.898879 1.000000 0.998892 0.910963 0.839119 0.779519 0.729465 0.687007 0.650701 0.619456 0.592437 0.568990 0.548599 0.530854 0.515423 0.502040 0.490486 0.480583 0.472187 0.465181 0.459471 0.454982 0.451657 0.449456 0.448351 0.448328 0.449388 0.451544 0.454821 0.459261 0.464919 0.471870 0.480206 0.490043 0.501525 0.514829 0.530169 0.547812 0.568086 0.591397 0.618256 5999.000000 1.375037 0.582191
0.619456 0.592437 0.568990 0.548599 0.530854 0.515423 0.502040 0.490486 0.480583 0.472187 0.465181 0.459471 0.454982 0.451657 0.449456 0.448351 0.448328 0.449388 0.451544 0.454821 0.459261 0.464919 0.471870 0.480206 0.490043 0.501525 0.514829 0.530169 0.547812 0.568086 0.591397 0.618256 0.649310 0.685386 0.727564 0.777268 0.777172 0.737883 0.703991 0.674628 0.649119 0.626923 0.607611 0.590833 0.576308 0.563806 0.553140 0.544156 0.536731 0.530768 0.526189 0.522938 0.520974 0.520274 0.520828 0.522644 0.525744 0.530166 0.535964 0.543214 0.552012 0.562476 0.574755 0.589034 0.605536 0.624537 0.646377 0.671477 0.700359 0.733685 0.772294 0.817271 0.870036 0.932486 0.864412 0.790186 0.729318 0.678675 0.636041 0.599807 0.568775 0.542037 0.518894 0.498800 0.481319 0.466108 0.452886 0.441427 0.431548 0.423099 0.415957 0.410023 0.405219 0.401482 0.398765 0.397035 0.396270 0.396461 0.397611 0.399734 0.402855 0.407013 0.412262 0.418669 0.426323 0.435329 0.445821 0.457963 0.471952 0.488036 0.506519 0.527778 0.552288 0.580653 0.613648 0.652284 0.697907 0.752340 0.818121 0.898879 1.000000 0.998892 0.910963 0.839119 0.779519 0.729465 0.687007 0.650701 5999.000000 1.375037 0.582191
0.396270 0.396461 0.397611 0.399734 0.402855 0.407013 0.412262 0.418669 0.426323 0.435329 0.445821 0.457963 0.471952 0.488036 0.506519 0.527778 0.552288 0.580653 0.613648 0.652284 0.697907 0.752340 0.818121 0.898879 1.000000 0.998892 0.910963 0.839119 0.779519 0.729465 0.687007 0.650701 0.619456 0.592437 0.568990 0.548599 0.530854 0.515423 0.502040 0.490486 0.480583 0.472187 0.465181 0.459471 0.454982 0.451657 0.449456 0.448351 0.448328 0.449388 0.451544 0.454821 0.459261 0.464919 0.471870 0.480206 0.490043 0.501525 0.514829 0.530169 0.547812 0.568086 0.591397 0.618256 0.649310 0.685386 0.727564 0.777268 0.777172 0.737883 0.703991 0.674628 0.649119 0.626923 0.607611 0.590833 0.576308 0.563806 0.553140 0.544156 0.536731 0.530768 0.526189 0.522938 0.520974 0.520274 0.520828 0.522644 0.525744 0.530166 0.535964 0.543214 0.552012 0.562476 0.574755 0.589034 0.605536 0.624537 0.646377 0.671477 0.700359 0.733685 0.772294 0.817271 0.870036 0.932486 0.864412 0.790186 0.729318 0.678675 0.636041 0.599807 0.568775 0.542037 0.518894 0.498800 0.481319 0.466108 0.452886 0.441427 0.431548 0.423099 0.415957 0.410023 0.405219 0.401482 0.398765 0.397035 5999.000000 1.375037 0.582191
0.605536 0.624537 0.646377 0.671477 0.700359 0.733685 0.772294 0.817271 0.870036 0.932486 0.864412 0.790186 0.729318 0.678675 0.636041 0.599807 0.568775 0.542037 0.518894 0.498800 0.481319 0.466108 0.452886 0.441427 0.431548 0.423099 0.415957 0.410023 0.405219 0.401482 0.398765 0.397035 0.396270 0.396461 0.397611 0.399734 0.402855 0.407013 0.412262 0.418669 0.426323 0.435329 0.445821 0.457963 0.471952 0.488036 0.506519 0.527778 0.552288 0.580653 0.613648 0.652284 0.697907 0.752340 0.818121 0.898879 1.000000 0.998892 0.910963 0.839119 0.779519 0.729465 0.687007 0.650701 0.619456 0.592437 0.568990 0.548599 0.530854 0.515423 0.502040 0.490486 0.480583 0.472187 0.465181 0.459471 0.454982 0.451657 0.449456 0.448351 0.448328 0.449388 0.451544 0.454821 0.459261 0.464919 0.471870 0.480206 0.490043 0.501525 0.514829 0.530169 0.547812 0.568086 0.591397 0.618256 0.649310 0.685386 0.727564 0.777268 0.777172 0.737883 0.703991 0.674628 0.649119 0.626923 0.607611 0.590833 0.576308 0.563806 0.553140 0.544156 0.536731 0.530768 0.526189 0.522938 0.520974 0.520274 0.520828 0.522644 0.525744 0.530166 0.535964 0.543214 0.552012 0.562476 0.574755 0.589034 5999.000000 1.375037 0.582191
0.938221 0.993383 1.000000 0.931743 0.874180 0.825189 0.783183 0.746960 0.715586 0.688334 0.664623 0.643991 0.626065 0.610540 0.597171 0.585755 0.576130 0.568162 0.561747 0.556801 0.553263 0.551089 0.550252 0.550743 0.552566 0.555746 0.560319 0.566345 0.573898 0.583080 0.594015 0.606857 0.621799 0.639072 0.658966 0.681834 0.708113 0.738349 0.773228 0.813624 0.860660 0.856754 0.839846 0.825543 0.813646 0.803996 0.796469 0.790970 0.787430 0.785805 0.786078 0.788250 0.792349 0.798424 0.806551 0.816833 0.829404 0.844435 0.862136 0.862754 0.820078 0.783223 0.751269 0.723496 0.699327 0.678303 0.660049 0.644263 0.630699 0.619155 0.609468 0.601506 0.595164 0.590363 0.587041 0.585158 0.584691 0.585635 0.588001 0.591817 0.597131 0.604010 0.612542 0.622840 0.635047 0.649337 0.665926 0.685079 0.707120 0.732450 0.761565 0.795085 0.833793 0.878687 0.931062 0.887843 0.847426 0.812399 0.781963 0.755478 0.732436 0.712423 0.695105 0.680209 0.667512 0.656833 0.648028 0.640979 0.635597 0.631814 0.629583 0.628878 0.629689 0.632027 0.635921 0.641417 0.648585 0.657518 0.668332 0.681176 0.696235 0.713732 0.733945 0.757213 0.783956 0.814691 0.850066 0.890896 1234.000000 1.215251 0.745229
0.847426 0.812399 0.781963 0.755478 0.732436 0.712423 0.695105 0.680209 0.667512 0.656833 0.648028 0.640979 0.635597 0.631814 0.629583 0.628878 0.629689 0.632027 0.635921 0.641417 0.648585 0.657518 0.668332 0.681176 0.696235 0.713732 0.733945 0.757213 0.783956 0.814691 0.850066 0.890896 0.938221 0.993383 1.000000 0.931743 0.874180 0.825189 0.783183 0.746960 0.715586 0.688334 0.664623 0.643991 0.626065 0.610540 0.597171 0.585755 0.576130 0.568162 0.561747 0.556801 0.553263 0.551089 0.550252 0.550743 0.552566 0.555746 0.560319 0.566345 0.573898 0.583080 0.594015 0.606857 0.621799 0.639072 0.658966 0.681834 0.708113 0.738349 0.773228 0.813624 0.860660 0.856754 0.839846 0.825543 0.813646 0.803996 0.796469 0.790970 0.787430 0.785805 0.786078 0.788250 0.792349 0.798424 0.806551 0.816833 0.829404 0.844435 0.862136 0.862754 0.820078 0.783223 0.751269 0.723496 0.699327 0.678303 0.660049 0.644263 0.630699 0.619155 0.609468 0.601506 0.595164 0.590363 0.587041 0.585158 0.584691 0.585635 0.588001 0.591817 0.597131 0.604010 0.612542 0.622840 0.635047 0.649337 0.665926 0.685079 0.707120 0.732450 0.761565 0.795085 0.833793 0.878687 0.931062 0.887843 1234.000000 1.215251 0.745229
0.699327 0.678303 0.660049 0.644263 0.630699 0.619155 0.609468 0.601506 0.595164 0.590363 0.587041 0.585158 0.584691 0.585635 0.588001 0.591817 0.597131 0.604010 0.612542 0.622840 0.635047 0.649337 0.665926 0.685079 0.707120 0.732450 0.761565 0.795085 0.833793 0.878687 0.931062 0.887843 0.847426 0.812399 0.781963 0.755478 0.732436 0.712423 0.695105 0.680209 0.667512 0.656833 0.648028 0.640979 0.635597 0.631814 0.629583 0.628878 0.629689 0.632027 0.635921 0.641417 0.648585 0.657518 0.668332 0.681176 0.696235 0.713732 0.733945 0.757213 0.783956 0.814691 0.850066 0.890896 0.938221 0.993383 1.000000 0.931743 0.874180 0.825189 0.783183 0.746960 0.715586 0.688334 0.664623 0.643991 0.626065 0.610540 0.597171 0.585755 0.576130 0.568162 0.561747 0.556801 0.553263 0.551089 0.550252 0.550743 0.552566 0.555746 0.560319 0.566345 0.573898 0.583080 0.594015 0.606857 0.621799 0.639072 0.658966 0.681834 0.708113 0.738349 0.773228 0.813624 0.860660 0.856754 0.839846 0.825543 0.813646 0.803996 0.796469 0.790970 0.787430 0.785805 0.786078 0.788250 0.792349 0.798424 0.806551 0.816833 0.829404 0.844435 0.862136 0.862754 0.820078 0.783223 0.751269 0.723496 1234.000000 1.215251 0.745229
0.621799 0.639072 0.658966 0.681834 0.708113 0.738349 0.773228 0.813624 0.860660 0.856754 0.839846 0.825543 0.813646 0.803996 0.796469 0.790970 0.787430 0.785805 0.786078 0.788250 0.792349 0.798424 0.806551 0.816833 0.829404 0.844435 0.862136 0.862754 0.820078 0.783223 0.751269 0.723496 0.699327 0.678303 0.660049 0.644263 0.630699 0.619155 0.609468 0.601506 0.595164 0.590363 0.587041 0.585158 0.584691 0.585635 0.588001 0.591817 0.597131 0.604010 0.612542 0.622840 0.635047 0.649337 0.665926 0.685079 0.707120 0.732450 0.761565 0.795085 0.833793 0.878687 0.931062 0.887843 0.847426 0.812399 0.781963 0.755478 0.732436 0.712423 0.695105 0.680209 0.667512 0.656833 0.648028 0.640979 0.635597 0.631814 0.629583 0.628878 0.629689 0.632027 0.635921 0.641417 0.648585 0.657518 0.668332 0.681176 0.696235 0.713732 0.733945 0.757213 0.783956 0.814691 0.850066 0.890896 0.938221 0.993383 1.000000 0.931743 0.874180 0.825189 0.783183 0.746960 0.715586 0.688334 0.664623 0.643991 0.626065 0.610540 0.597171 0.585755 0.576130 0.568162 0.561747 0.556801 0.553263 0.551089 0.550252 0.550743 0.552566 0.555746 0.560319 0.566345 0.573898 0.583080 0.594015 0.606857 1234.000000 1.215251 0.745229
0.658303 0.642879 0.629643 0.618401 0.608995 0.601297 0.595208 0.590649 0.587565 0.585916 0.585684 0.586865 0.589475 0.593543 0.599122 0.606281 0.615113 0.625735 0.638296 0.652977 0.670001 0.689642 0.712237 0.738202 0.768051 0.802431 0.842157 0.888273 0.942133 1.000000 0.944663 0.897178 0.856202 0.820696 0.789845 0.763001 0.739645 0.719357 0.701799 0.686692 0.673811 0.662972 0.654026 0.646857 0.641371 0.637501 0.635198 0.634435 0.635201 0.637508 0.641382 0.646871 0.654044 0.662993 0.673836 0.686722 0.701834 0.719398 0.739692 0.763055 0.789908 0.820768 0.856285 0.897274 0.893751 0.848669 0.809774 0.776076 0.746798 0.721322 0.699157 0.679902 0.663234 0.648890 0.636654 0.626353 0.617844 0.611015 0.605779 0.602070 0.599843 0.599070 0.599742 0.601867 0.605471 0.610598 0.617313 0.625701 0.635873 0.647968 0.662158 0.678656 0.697720 0.719670 0.744899 0.773893 0.807259 0.845761 0.890373 0.904711 0.873960 0.847204 0.823964 0.803849 0.786543 0.771786 0.759369 0.749121 0.740907 0.734622 0.730187 0.727547 0.726671 0.727547 0.730187 0.734622 0.740907 0.749121 0.759369 0.771786 0.786543 0.803849 0.814857 0.778819 0.747559 0.720379 0.696726 0.676155 1457.500000 1.162845 0.763963
0.807259 0.845761 0.890373 0.904711 0.873960 0.847204 0.823964 0.803849 0.786543 0.771786 0.759369 0.749121 0.740907 0.734622 0.730187 0.727547 0.726671 0.727547 0.730187 0.734622 0.740907 0.749121 0.759369 0.771786 0.786543 0.803849 0.814857 0.778819 0.747559 0.720379 0.696726 0.676155 0.658303 0.642879 0.629643 0.618401 0.608995 0.601297 0.595208 0.590649 0.587565 0.585916 0.585684 0.586865 0.589475 0.593543 0.599122 0.606281 0.615113 0.625735 0.638296 0.652977 0.670001 0.689642 0.712237 0.738202 0.768051 0.802431 0.842157 0.888273 0.942133 1.000000 0.944663 0.897178 0.856202 0.820696 0.789845 0.763001 0.739645 0.719357 0.701799 0.686692 0.673811 0.662972 0.654026 0.646857 0.641371 0.637501 0.635198 0.634435 0.635201 0.637508 0.641382 0.646871 0.654044 0.662993 0.673836 0.686722 0.701834 0.719398 0.739692 0.763055 0.789908 0.820768 0.856285 0.897274 0.893751 0.848669 0.809774 0.776076 0.746798 0.721322 0.699157 0.679902 0.663234 0.648890 0.636654 0.626353 0.617844 0.611015 0.605779 0.602070 0.599843 0.599070 0.599742 0.601867 0.605471 0.610598 0.617313 0.625701 0.635873 0.647968 0.662158 0.678656 0.697720 0.719670 0.744899 0.773893 1457.500000 1.162845 0.763963
0.893751 0.848669 0.809774 0.776076 0.746798 0.721322 0.699157 0.679902 0.663234 0.648890 0.636654 0.626353 0.617844 0.611015 0.605779 0.602070 0.599843 0.599070 0.599742 0.601867 0.605471 0.610598 0.617313 0.625701 0.635873 0.647968 0.662158 0.678656 0.697720 0.719670 0.744899 0.773893 0.807259 0.845761 0.890373 0.904711 0.873960 0.847204 0.823964 0.803849 0.786543 0.771786 0.759369 0.749121 0.740907 0.734622 0.730187 0.727547 0.726671 0.727547 0.730187 0.734622 0.740907 0.749121 0.759369 0.771786 0.786543 0.803849 0.814857 0.778819 0.747559 0.720379 0.696726 0.676155 0.658303 0.642879 0.629643 0.618401 0.608995 0.601297 0.595208 0.590649 0.587565 0.585916 0.585684 0.586865 0.589475 0.593543 0.599122 0.606281 0.615113 0.625735 0.638296 0.652977 0.670001 0.689642 0.712237 0.738202 0.768051 0.802431 0.842157 0.888273 0.942133 1.000000 0.944663 0.897178 0.856202 0.820696 0.789845 0.763001 0.739645 0.719357 0.701799 0.686692 0.673811 0.662972 0.654026 0.646857 0.641371 0.637501 0.635198 0.634435 0.635201 0.637508 0.641382 0.646871 0.654044 0.662993 0.673836 0.686722 0.701834 0.719398 0.739692 0.763055 0.789908 0.820768 0.856285 0.897274 1457.500000 1.162845 0.763963
0.856202 0.820696 0.789845 0.763001 0.739645 0.719357 0.701799 0.686692 0.673811 0.662972 0.654026 0.646857 0.641371 0.637501 0.635198 0.634435 0.635201 0.637508 0.641382 0.646871 0.654044 0.662993 0.673836 0.686722 0.701834 0.719398 0.739692 0.763055 0.789908 0.820768 0.856285 0.897274 0.893751 0.848669 0.809774 0.776076 0.746798 0.721322 0.699157 0.679902 0.663234 0.648890 0.636654 0.626353 0.617844 0.611015 0.605779 0.602070 0.599843 0.599070 0.599742 0.601867 0.605471 0.610598 0.617313 0.625701 0.635873 0.647968 0.662158 0.678656 0.697720 0.719670 0.744899 0.773893 0.807259 0.845761 0.890373 0.904711 0.873960 0.847204 0.823964 0.803849 0.786543 0.771786 0.759369 0.749121 0.740907 0.734622 0.730187 0.727547 0.726671 0.727547 0.730187 0.734622 0.740907 0.749121 0.759369 0.771786 0.786543 0.803849 0.814857 0.778819 0.747559 0.720379 0.696726 0.676155 0.658303 0.642879 0.629643 0.618401 0.608995 0.601297 0.595208 0.590649 0.587565 0.585916 0.585684 0.586865 0.589475 0.593543 0.599122 0.606281 0.615113 0.625735 0.638296 0.652977 0.670001 0.689642 0.712237 0.738202 0.768051 0.802431 0.842157 0.888273 0.942133 1.000000 0.944663 0.897178 1457.500000 1.162845 0.763963
0.830560 0.816140 0.804117 0.794329 0.786649 0.780979 0.777250 0.775414 0.775452 0.777362 0.781168 0.786917 0.794679 0.804554 0.816670 0.831189 0.831524 0.828007 0.826502 0.826992 0.829482 0.834002 0.840607 0.849381 0.860435 0.873913 0.889998 0.908917 0.930950 0.944520 0.911316 0.882420 0.857303 0.835533 0.816760 0.800699 0.787117 0.775825 0.766675 0.759545 0.754348 0.751019 0.749516 0.749822 0.751941 0.755898 0.761741 0.769544 0.779406 0.791455 0.805854 0.822806 0.824811 0.799560 0.777627 0.758643 0.742311 0.728384 0.716665 0.706993 0.699241 0.693310 0.689124 0.686633 0.685806 0.686633 0.689124 0.693310 0.699241 0.706993 0.711575 0.717858 0.726017 0.736158 0.748415 0.762956 0.779990 0.799772 0.822617 0.848911 0.879129 0.913860 0.953841 1.000000 0.991588 0.966094 0.944095 0.925256 0.909301 0.896009 0.885202 0.876740 0.870515 0.866450 0.864497 0.864630 0.866852 0.844481 0.818324 0.795598 0.775919 0.758974 0.744509 0.732317 0.722229 0.714112 0.707861 0.703400 0.700671 0.699643 0.700302 0.702657 0.706736 0.712589 0.720290 0.721227 0.720321 0.721153 0.723732 0.728090 0.734280 0.742381 0.752495 0.764756 0.779332 0.796431 0.816307 0.839274 927.000000 1.198117 0.891295
0.866852 0.844481 0.818324 0.795598 0.775919 0.758974 0.744509 0.732317 0.722229 0.714112 0.707861 0.703400 0.700671 0.699643 0.700302 0.702657 0.706736 0.712589 0.720290 0.721227 0.720321 0.721153 0.723732 0.728090 0.734280 0.742381 0.752495 0.764756 0.779332 0.796431 0.816307 0.839274 0.830560 0.816140 0.804117 0.794329 0.786649 0.780979 0.777250 0.775414 0.775452 0.777362 0.781168 0.786917 0.794679 0.804554 0.816670 0.831189 0.831524 0.828007 0.826502 0.826992 0.829482 0.834002 0.840607 0.849381 0.860435 0.873913 0.889998 0.908917 0.930950 0.944520 0.911316 0.882420 0.857303 0.835533 0.816760 0.800699 0.787117 0.775825 0.766675 0.759545 0.754348 0.751019 0.749516 0.749822 0.751941 0.755898 0.761741 0.769544 0.779406 0.791455 0.805854 0.822806 0.824811 0.799560 0.777627 0.758643 0.742311 0.728384 0.716665 0.706993 0.699241 0.693310 0.689124 0.686633 0.685806 0.686633 0.689124 0.693310 0.699241 0.706993 0.711575 0.717858 0.726017 0.736158 0.748415 0.762956 0.779990 0.799772 0.822617 0.848911 0.879129 0.913860 0.953841 1.000000 0.991588 0.966094 0.944095 0.925256 0.909301 0.896009 0.885202 0.876740 0.870515 0.866450 0.864497 0.864630 927.000000 1.198117 0.891295
0.685806 0.686633 0.689124 0.693310 0.699241 0.706993 0.711575 0.717858 0.726017 0.736158 0.748415 0.762956 0.779990 0.799772 0.822617 0.848911 0.879129 0.913860 0.953841 1.000000 0.991588 0.966094 0.944095 0.925256 0.909301 0.896009 0.885202 0.876740 0.870515 0.866450 0.864497 0.864630 0.866852 0.844481 0.818324 0.795598 0.775919 0.758974 0.744509 0.732317 0.722229 0.714112 0.707861 0.703400 0.700671 0.699643 0.700302 0.702657 0.706736 0.712589 0.720290 0.721227 0.720321 0.721153 0.723732 0.728090 0.734280 0.742381 0.752495 0.764756 0.779332 0.796431 0.816307 0.839274 0.830560 0.816140 0.804117 0.794329 0.786649 0.780979 0.777250 0.775414 0.775452 0.777362 0.781168 0.786917 0.794679 0.804554 0.816670 0.831189 0.831524 0.828007 0.826502 0.826992 0.829482 0.834002 0.840607 0.849381 0.860435 0.873913 0.889998 0.908917 0.930950 0.944520 0.911316 0.882420 0.857303 0.835533 0.816760 0.800699 0.787117 0.775825 0.766675 0.759545 0.754348 0.751019 0.749516 0.749822 0.751941 0.755898 0.761741 0.769544 0.779406 0.791455 0.805854 0.822806 0.824811 0.799560 0.777627 0.758643 0.742311 0.728384 0.716665 0.706993 0.699241 0.693310 0.689124 0.686633 927.000000 1.198117 0.891295
0.857303 0.835533 0.816760 0.800699 0.787117 0.775825 0.766675 0.759545 0.754348 0.751019 0.749516 0.749822 0.751941 0.755898 0.761741 0.769544 0.779406 0.791455 0.805854 0.822806 0.824811 0.799560 0.777627 0.758643 0.742311 0.728384 0.716665 0.706993 0.699241 0.693310 0.689124 0.686633 0.685806 0.686633 0.689124 0.693310 0.699241 0.706993 0.711575 0.717858 0.726017 0.736158 0.748415 0.762956 0.779990 0.799772 0.822617 0.848911 0.879129 0.913860 0.953841 1.000000 0.991588 0.966094 0.944095 0.925256 0.909301 0.896009 0.885202 0.876740 0.870515 0.866450 0.864497 0.864630 0.866852 0.844481 0.818324 0.795598 0.775919 0.758974 0.744509 0.732317 0.722229 0.714112 0.707861 0.703400 0.700671 0.699643 0.700302 0.702657 0.706736 0.712589 0.720290 0.721227 0.720321 0.721153 0.723732 0.728090 0.734280 0.742381 0.752495 0.764756 0.779332 0.796431 0.816307 0.839274 0.830560 0.816140 0.804117 0.794329 0.786649 0.780979 0.777250 0.775414 0.775452 0.777362 0.781168 0.786917 0.794679 0.804554 0.816670 0.831189 0.831524 0.828007 0.826502 0.826992 0.829482 0.834002 0.840607 0.849381 0.860435 0.873913 0.889998 0.908917 0.930950 0.944520 0.911316 0.882420 927.000000 1.198117 0.891295
0.826140 0.835375 0.832363 0.831368 0.832378 0.835405 0.840487 0.847686 0.857092 0.868825 0.883041 0.899934 0.919745 0.942770 0.969373 1.000000 0.988319 0.951035 0.918594 0.890367 0.865847 0.844622 0.826355 0.810774 0.797655 0.786820 0.778124 0.771457 0.766735 0.763899 0.762915 0.763771 0.766478 0.771068 0.756652 0.743586 0.732699 0.723844 0.716907 0.711801 0.708461 0.706848 0.706941 0.708742 0.712272 0.717575 0.724717 0.733787 0.744905 0.758220 0.773918 0.792228 0.813433 0.837878 0.865989 0.873686 0.850541 0.830541 0.813373 0.798787 0.786575 0.776575 0.768654 0.762711 0.758674 0.756492 0.756139 0.757610 0.760924 0.766121 0.773265 0.782446 0.793783 0.807427 0.823567 0.842437 0.864322 0.873751 0.865120 0.858707 0.854432 0.852241 0.852110 0.854036 0.858042 0.864178 0.872519 0.883171 0.896272 0.911999 0.930568 0.952252 0.977380 0.932681 0.892860 0.858283 0.828205 0.802031 0.779280 0.759564 0.742565 0.728026 0.715737 0.705527 0.697260 0.690830 0.686156 0.683179 0.681863 0.682192 0.684171 0.687824 0.693194 0.700350 0.703889 0.700452 0.698724 0.698683 0.700329 0.703682 0.708784 0.715696 0.724508 0.735332 0.748315 0.763637 0.781523 0.802245 3206.500000 1.204965 0.884284
0.828205 0.802031 0.779280 0.759564 0.742565 0.728026 0.715737 0.705527 0.697260 0.690830 0.686156 0.683179 0.681863 0.682192 0.684171 0.687824 0.693194 0.700350 0.703889 0.700452 0.698724 0.698683 0.700329 0.703682 0.708784 0.715696 0.724508 0.735332 0.748315 0.763637 0.781523 0.802245 0.826140 0.835375 0.832363 0.831368 0.832378 0.835405 0.840487 0.847686 0.857092 0.868825 0.883041 0.899934 0.919745 0.942770 0.969373 1.000000 0.988319 0.951035 0.918594 0.890367 0.865847 0.844622 0.826355 0.810774 0.797655 0.786820 0.778124 0.771457 0.766735 0.763899 0.762915 0.763771 0.766478 0.771068 0.756652 0.743586 0.732699 0.723844 0.716907 0.711801 0.708461 0.706848 0.706941 0.708742 0.712272 0.717575 0.724717 0.733787 0.744905 0.758220 0.773918 0.792228 0.813433 0.837878 0.865989 0.873686 0.850541 0.830541 0.813373 0.798787 0.786575 0.776575 0.768654 0.762711 0.758674 0.756492 0.756139 0.757610 0.760924 0.766121 0.773265 0.782446 0.793783 0.807427 0.823567 0.842437 0.864322 0.873751 0.865120 0.858707 0.854432 0.852241 0.852110 0.854036 0.858042 0.864178 0.872519 0.883171 0.896272 0.911999 0.930568 0.952252 0.977380 0.932681 0.892860 0.858283 3206.500000 1.204965 0.884284
0.758674 0.756492 0.756139 0.757610 0.760924 0.766121 0.773265 0.782446 0.793783 0.807427 0.823567 0.842437 0.864322 0.873751 0.865120 0.858707 0.854432 0.852241 0.852110 0.854036 0.858042 0.864178 0.872519 0.883171 0.896272 0.911999 0.930568 0.952252 0.977380 0.932681 0.892860 0.858283 0.828205 0.802031 0.779280 0.759564 0.742565 0.728026 0.715737 0.705527 0.697260 0.690830 0.686156 0.683179 0.681863 0.682192 0.684171 0.687824 0.693194 0.700350 0.703889 0.700452 0.698724 0.698683 0.700329 0.703682 0.708784 0.715696 0.724508 0.735332 0.748315 0.763637 0.781523 0.802245 0.826140 0.835375 0.832363 0.831368 0.832378 0.835405 0.840487 0.847686 0.857092 0.868825 0.883041 0.899934 0.919745 0.942770 0.969373 1.000000 0.988319 0.951035 0.918594 0.890367 0.865847 0.844622 0.826355 0.810774 0.797655 0.786820 0.778124 0.771457 0.766735 0.763899 0.762915 0.763771 0.766478 0.771068 0.756652 0.743586 0.732699 0.723844 0.716907 0.711801 0.708461 0.706848 0.706941 0.708742 0.712272 0.717575 0.724717 0.733787 0.744905 0.758220 0.773918 0.792228 0.813433 0.837878 0.865989 0.873686 0.850541 0.830541 0.813373 0.798787 0.786575 0.776575 0.768654 0.762711 3206.500000 1.204965 0.884284
0.766478 0.771068 0.756652 0.743586 0.732699 0.723844 0.716907 0.711801 0.708461 0.706848 0.706941 0.708742 0.712272 0.717575 0.724717 0.733787 0.744905 0.758220 0.773918 0.792228 0.813433 0.837878 0.865989 0.873686 0.850541 0.830541 0.813373 0.798787 0.786575 0.776575 0.768654 0.762711 0.758674 0.756492 0.756139 0.757610 0.760924 0.766121 0.773265 0.782446 0.793783 0.807427 0.823567 0.842437 0.864322 0.873751 0.865120 0.858707 0.854432 0.852241 0.852110 0.854036 0.858042 0.864178 0.872519 0.883171 0.896272 0.911999 0.930568 0.952252 0.977380 0.932681 0.892860 0.858283 0.828205 0.802031 0.779280 0.759564 0.742565 0.728026 0.715737 0.705527 0.697260 0.690830 0.686156 0.683179 0.681863 0.682192 0.684171 0.687824 0.693194 0.700350 0.703889 0.700452 0.698724 0.698683 0.700329 0.703682 0.708784 0.715696 0.724508 0.735332 0.748315 0.763637 0.781523 0.802245 0.826140 0.835375 0.832363 0.831368 0.832378 0.835405 0.840487 0.847686 0.857092 0.868825 0.883041 0.899934 0.919745 0.942770 0.969373 1.000000 0.988319 0.951035 0.918594 0.890367 0.865847 0.844622 0.826355 0.810774 0.797655 0.786820 0.778124 0.771457 0.766735 0.763899 0.762915 0.763771 3206.500000 1.204965 0.884284
0.870674 0.893675 0.920202 0.925376 0.899551 0.877184 0.857919 0.841465 0.827587 0.816094 0.806832 0.799684 0.794558 0.791391 0.790146 0.790807 0.793382 0.797903 0.791832 0.777412 0.765319 0.755388 0.747490 0.741523 0.737412 0.735109 0.734583 0.735830 0.738864 0.743723 0.750466 0.759177 0.769970 0.782988 0.798410 0.816458 0.837405 0.837556 0.817218 0.799725 0.784816 0.772280 0.761944 0.753673 0.747361 0.742928 0.740321 0.739507 0.740478 0.743243 0.747838 0.754318 0.762765 0.773287 0.786025 0.801150 0.818881 0.839483 0.863282 0.890677 0.922163 0.958350 1.000000 0.993510 0.949923 0.912104 0.879219 0.850600 0.825712 0.804121 0.785475 0.769485 0.755918 0.744584 0.735330 0.728036 0.722609 0.718981 0.717109 0.716969 0.718560 0.721900 0.727032 0.734018 0.742947 0.753935 0.767128 0.782710 0.800908 0.822000 0.846327 0.874308 0.859730 0.838153 0.819559 0.803666 0.790245 0.779111 0.770116 0.763144 0.758107 0.754942 0.753613 0.754101 0.756413 0.760577 0.766645 0.774692 0.784820 0.797162 0.811886 0.829199 0.820879 0.808627 0.798631 0.790762 0.784918 0.781027 0.779043 0.778940 0.780718 0.784398 0.790026 0.797670 0.807428 0.819425 0.833824 0.850825 4869.000000 1.074313 0.876474
0.790245 0.779111 0.770116 0.763144 0.758107 0.754942 0.753613 0.754101 0.756413 0.760577 0.766645 0.774692 0.784820 0.797162 0.811886 0.829199 0.820879 0.808627 0.798631 0.790762 0.784918 0.781027 0.779043 0.778940 0.780718 0.784398 0.790026 0.797670 0.807428 0.819425 0.833824 0.850825 0.870674 0.893675 0.920202 0.925376 0.899551 0.877184 0.857919 0.841465 0.827587 0.816094 0.806832 0.799684 0.794558 0.791391 0.790146 0.790807 0.793382 0.797903 0.791832 0.777412 0.765319 0.755388 0.747490 0.741523 0.737412 0.735109 0.734583 0.735830 0.738864 0.743723 0.750466 0.759177 0.769970 0.782988 0.798410 0.816458 0.837405 0.837556 0.817218 0.799725 0.784816 0.772280 0.761944 0.753673 0.747361 0.742928 0.740321 0.739507 0.740478 0.743243 0.747838 0.754318 0.762765 0.773287 0.786025 0.801150 0.818881 0.839483 0.863282 0.890677 0.922163 0.958350 1.000000 0.993510 0.949923 0.912104 0.879219 0.850600 0.825712 0.804121 0.785475 0.769485 0.755918 0.744584 0.735330 0.728036 0.722609 0.718981 0.717109 0.716969 0.718560 0.721900 0.727032 0.734018 0.742947 0.753935 0.767128 0.782710 0.800908 0.822000 0.846327 0.874308 0.859730 0.838153 0.819559 0.803666 4869.000000 1.074313 0.876474
0.949923 0.912104 0.879219 0.850600 0.825712 0.804121 0.785475 0.769485 0.755918 0.744584 0.735330 0.728036 0.722609 0.718981 0.717109 0.716969 0.718560 0.721900 0.727032 0.734018 0.742947 0.753935 0.767128 0.782710 0.800908 0.822000 0.846327 0.874308 0.859730 0.838153 0.819559 0.803666 0.790245 0.779111 0.770116 0.763144 0.758107 0.754942 0.753613 0.754101 0.756413 0.760577 0.766645 0.774692 0.784820 0.797162 0.811886 0.829199 0.820879 0.808627 0.798631 0.790762 0.784918 0.781027 0.779043 0.778940 0.780718 0.784398 0.790026 0.797670 0.807428 0.819425 0.833824 0.850825 0.870674 0.893675 0.920202 0.925376 0.899551 0.877184 0.857919 0.841465 0.827587 0.816094 0.806832 0.799684 0.794558 0.791391 0.790146 0.790807 0.793382 0.797903 0.791832 0.777412 0.765319 0.755388 0.747490 0.741523 0.737412 0.735109 0.734583 0.735830 0.738864 0.743723 0.750466 0.759177 0.769970 0.782988 0.798410 0.816458 0.837405 0.837556 0.817218 0.799725 0.784816 0.772280 0.761944 0.753673 0.747361 0.742928 0.740321 0.739507 0.740478 0.743243 0.747838 0.754318 0.762765 0.773287 0.786025 0.801150 0.818881 0.839483 0.863282 0.890677 0.922163 0.958350 1.000000 0.993510 4869.000000 1.074313 0.876474
0.769970 0.782988 0.798410 0.816458 0.837405 0.837556 0.817218 0.799725 0.784816 0.772280 0.761944 0.753673 0.747361 0.742928 0.740321 0.739507 0.740478 0.743243 0.747838 0.754318 0.762765 0.773287 0.786025 0.801150 0.818881 0.839483 0.863282 0.890677 0.922163 0.958350 1.000000 0.993510 0.949923 0.912104 0.879219 0.850600 0.825712 0.804121 0.785475 0.769485 0.755918 0.744584 0.735330 0.728036 0.722609 0.718981 0.717109 0.716969 0.718560 0.721900 0.727032 0.734018 0.742947 0.753935 0.767128 0.782710 0.800908 0.822000 0.846327 0.874308 0.859730 0.838153 0.819559 0.803666 0.790245 0.779111 0.770116 0.763144 0.758107 0.754942 0.753613 0.754101 0.756413 0.760577 0.766645 0.774692 0.784820 0.797162 0.811886 0.829199 0.820879 0.808627 0.798631 0.790762 0.784918 0.781027 0.779043 0.778940 0.780718 0.784398 0.790026 0.797670 0.807428 0.819425 0.833824 0.850825 0.870674 0.893675 0.920202 0.925376 0.899551 0.877184 0.857919 0.841465 0.827587 0.816094 0.806832 0.799684 0.794558 0.791391 0.790146 0.790807 0.793382 0.797903 0.791832 0.777412 0.765319 0.755388 0.747490 0.741523 0.737412 0.735109 0.734583 0.735830 0.738864 0.743723 0.750466 0.759177 4869.000000 1.074313 0.876474
1.000000 0.962518 0.929903 0.901527 0.876882 0.855554 0.837208 0.821570 0.808418 0.797571 0.788886 0.782253 0.777589 0.774835 0.773958 0.774948 0.777817 0.782600 0.789355 0.798168 0.809151 0.822449 0.838245 0.856764 0.847115 0.820460 0.797292 0.777219 0.759917 0.745124 0.732628 0.722255 0.713868 0.707357 0.702642 0.699664 0.698386 0.698793 0.700890 0.704702 0.710277 0.717684 0.727016 0.738397 0.751979 0.767956 0.786563 0.808088 0.832888 0.861399 0.894162 0.931849 0.975305 0.996904 0.966987 0.941013 0.918554 0.899258 0.882838 0.869064 0.857748 0.848741 0.841928 0.837224 0.834573 0.833940 0.835320 0.838728 0.844206 0.851822 0.861671 0.873880 0.888612 0.902911 0.870443 0.842187 0.817617 0.796303 0.777898 0.762120 0.748737 0.737562 0.728444 0.721266 0.715936 0.712387 0.710577 0.710484 0.712105 0.715462 0.720595 0.727567 0.736467 0.747411 0.760544 0.776050 0.794155 0.815135 0.839331 0.867160 0.899138 0.910542 0.883008 0.859098 0.838416 0.820637 0.805496 0.792779 0.782313 0.773960 0.767613 0.763193 0.760646 0.759940 0.761067 0.764041 0.768898 0.775698 0.784525 0.795495 0.808752 0.824478 0.842898 0.864291 0.888994 0.917427 0.950103 0.987660 1546.000000 1.185197 0.851575
0.794155 0.815135 0.839331 0.867160 0.899138 0.910542 0.883008 0.859098 0.838416 0.820637 0.805496 0.792779 0.782313 0.773960 0.767613 0.763193 0.760646 0.759940 0.761067 0.764041 0.768898 0.775698 0.784525 0.795495 0.808752 0.824478 0.842898 0.864291 0.888994 0.917427 0.950103 0.987660 1.000000 0.962518 0.929903 0.901527 0.876882 0.855554 0.837208 0.821570 0.808418 0.797571 0.788886 0.782253 0.777589 0.774835 0.773958 0.774948 0.777817 0.782600 0.789355 0.798168 0.809151 0.822449 0.838245 0.856764 0.847115 0.820460 0.797292 0.777219 0.759917 0.745124 0.732628 0.722255 0.713868 0.707357 0.702642 0.699664 0.698386 0.698793 0.700890 0.704702 0.710277 0.717684 0.727016 0.738397 0.751979 0.767956 0.786563 0.808088 0.832888 0.861399 0.894162 0.931849 0.975305 0.996904 0.966987 0.941013 0.918554 0.899258 0.882838 0.869064 0.857748 0.848741 0.841928 0.837224 0.834573 0.833940 0.835320 0.838728 0.844206 0.851822 0.861671 0.873880 0.888612 0.902911 0.870443 0.842187 0.817617 0.796303 0.777898 0.762120 0.748737 0.737562 0.728444 0.721266 0.715936 0.712387 0.710577 0.710484 0.712105 0.715462 0.720595 0.727567 0.736467 0.747411 0.760544 0.776050 1546.000000 1.185197 0.851575
0.834573 0.833940 0.835320 0.838728 0.844206 0.851822 0.861671 0.873880 0.888612 0.902911 0.870443 0.842187 0.817617 0.796303 0.777898 0.762120 0.748737 0.737562 0.728444 0.721266 0.715936 0.712387 0.710577 0.710484 0.712105 0.715462 0.720595 0.727567 0.736467 0.747411 0.760544 0.776050 0.794155 0.815135 0.839331 0.867160 0.899138 0.910542 0.883008 0.859098 0.838416 0.820637 0.805496 0.792779 0.782313 0.773960 0.767613 0.763193 0.760646 0.759940 0.761067 0.764041 0.768898 0.775698 0.784525 0.795495 0.808752 0.824478 0.842898 0.864291 0.888994 0.917427 0.950103 0.987660 1.000000 0.962518 0.929903 0.901527 0.876882 0.855554 0.837208 0.821570 0.808418 0.797571 0.788886 0.782253 0.777589 0.774835 0.773958 0.774948 0.777817 0.782600 0.789355 0.798168 0.809151 0.822449 0.838245 0.856764 0.847115 0.820460 0.797292 0.777219 0.759917 0.745124 0.732628 0.722255 0.713868 0.707357 0.702642 0.699664 0.698386 0.698793 0.700890 0.704702 0.710277 0.717684 0.727016 0.738397 0.751979 0.767956 0.786563 0.808088 0.832888 0.861399 0.894162 0.931849 0.975305 0.996904 0.966987 0.941013 0.918554 0.899258 0.882838 0.869064 0.857748 0.848741 0.841928 0.837224 1546.000000 1.185197 0.851575
0.713868 0.707357 0.702642 0.699664 0.698386 0.698793 0.700890 0.704702 0.710277 0.717684 0.727016 0.738397 0.751979 0.767956 0.786563 0.808088 0.832888 0.861399 0.894162 0.931849 0.975305 0.996904 0.966987 0.941013 0.918554 0.899258 0.882838 0.869064 0.857748 0.848741 0.841928 0.837224 0.834573 0.833940 0.835320 0.838728 0.844206 0.851822 0.861671 0.873880 0.888612 0.902911 0.870443 0.842187 0.817617 0.796303 0.777898 0.762120 0.748737 0.737562 0.728444 0.721266 0.715936 0.712387 0.710577 0.710484 0.712105 0.715462 0.720595 0.727567 0.736467 0.747411 0.760544 0.776050 0.794155 0.815135 0.839331 0.867160 0.899138 0.910542 0.883008 0.859098 0.838416 0.820637 0.805496 0.792779 0.782313 0.773960 0.767613 0.763193 0.760646 0.759940 0.761067 0.764041 0.768898 0.775698 0.784525 0.795495 0.808752 0.824478 0.842898 0.864291 0.888994 0.917427 0.950103 0.987660 1.000000 0.962518 0.929903 0.901527 0.876882 0.855554 0.837208 0.821570 0.808418 0.797571 0.788886 0.782253 0.777589 0.774835 0.773958 0.774948 0.777817 0.782600 0.789355 0.798168 0.809151 0.822449 0.838245 0.856764 0.847115 0.820460 0.797292 0.777219 0.759917 0.745124 0.732628 0.722255 1546.000000 1.185197 0.851575
0.828764 0.794494 0.764715 0.738804 0.716260 0.696679 0.679735 0.665159 0.652735 0.642286 0.633669 0.626769 0.621499 0.617793 0.615606 0.614910 0.615697 0.617976 0.621776 0.627144 0.634146 0.642872 0.653438 0.665988 0.680701 0.697799 0.717551 0.714647 0.702443 0.692290 0.684050 0.677617 0.672909 0.669870 0.668461 0.668665 0.670486 0.673944 0.679083 0.685965 0.694680 0.705339 0.718088 0.733105 0.750610 0.770875 0.794230 0.821084 0.851942 0.887432 0.928341 0.975667 0.948454 0.905517 0.868300 0.835956 0.807811 0.783326 0.762062 0.743667 0.727852 0.714380 0.703060 0.693739 0.686294 0.680629 0.676673 0.674379 0.673718 0.674681 0.677282 0.681551 0.687540 0.695326 0.705009 0.716715 0.730607 0.746883 0.765787 0.772697 0.751947 0.734005 0.718589 0.705473 0.694470 0.685430 0.678236 0.672796 0.669041 0.666925 0.666423 0.667529 0.670255 0.674637 0.680726 0.688601 0.698361 0.710138 0.724093 0.740428 0.739747 0.726839 0.716069 0.707293 0.700396 0.695291 0.691915 0.690226 0.690204 0.691849 0.695181 0.700239 0.707088 0.715814 0.726530 0.739380 0.754543 0.772240 0.792743 0.816385 0.843575 0.874819 0.910745 0.952139 1.000000 0.967517 0.914130 0.868309 14900.000000 1.214346 0.816942
0.698361 0.710138 0.724093 0.740428 0.739747 0.726839 0.716069 0.707293 0.700396 0.695291 0.691915 0.690226 0.690204 0.691849 0.695181 0.700239 0.707088 0.715814 0.726530 0.739380 0.754543 0.772240 0.792743 0.816385 0.843575 0.874819 0.910745 0.952139 1.000000 0.967517 0.914130 0.868309 0.828764 0.794494 0.764715 0.738804 0.716260 0.696679 0.679735 0.665159 0.652735 0.642286 0.633669 0.626769 0.621499 0.617793 0.615606 0.614910 0.615697 0.617976 0.621776 0.627144 0.634146 0.642872 0.653438 0.665988 0.680701 0.697799 0.717551 0.714647 0.702443 0.692290 0.684050 0.677617 0.672909 0.669870 0.668461 0.668665 0.670486 0.673944 0.679083 0.685965 0.694680 0.705339 0.718088 0.733105 0.750610 0.770875 0.794230 0.821084 0.851942 0.887432 0.928341 0.975667 0.948454 0.905517 0.868300 0.835956 0.807811 0.783326 0.762062 0.743667 0.727852 0.714380 0.703060 0.693739 0.686294 0.680629 0.676673 0.674379 0.673718 0.674681 0.677282 0.681551 0.687540 0.695326 0.705009 0.716715 0.730607 0.746883 0.765787 0.772697 0.751947 0.734005 0.718589 0.705473 0.694470 0.685430 0.678236 0.672796 0.669041 0.666925 0.666423 0.667529 0.670255 0.674637 0.680726 0.688601 14900.000000 1.214346 0.816942
0.686294 0.680629 0.676673 0.674379 0.673718 0.674681 0.677282 0.681551 0.687540 0.695326 0.705009 0.716715 0.730607 0.746883 0.765787 0.772697 0.751947 0.734005 0.718589 0.705473 0.694470 0.685430 0.678236 0.672796 0.669041 0.666925 0.666423 0.667529 0.670255 0.674637 0.680726 0.688601 0.698361 0.710138 0.724093 0.740428 0.739747 0.726839 0.716069 0.707293 0.700396 0.695291 0.691915 0.690226 0.690204 0.691849 0.695181 0.700239 0.707088 0.715814 0.726530 0.739380 0.754543 0.772240 0.792743 0.816385 0.843575 0.874819 0.910745 0.952139 1.000000 0.967517 0.914130 0.868309 0.828764 0.794494 0.764715 0.738804 0.716260 0.696679 0.679735 0.665159 0.652735 0.642286 0.633669 0.626769 0.621499 0.617793 0.615606 0.614910 0.615697 0.617976 0.621776 0.627144 0.634146 0.642872 0.653438 0.665988 0.680701 0.697799 0.717551 0.714647 0.702443 0.692290 0.684050 0.677617 0.672909 0.669870 0.668461 0.668665 0.670486 0.673944 0.679083 0.685965 0.694680 0.705339 0.718088 0.733105 0.750610 0.770875 0.794230 0.821084 0.851942 0.887432 0.928341 0.975667 0.948454 0.905517 0.868300 0.835956 0.807811 0.783326 0.762062 0.743667 0.727852 0.714380 0.703060 0.693739 14900.000000 1.214346 0.816942
0.672909 0.669870 0.668461 0.668665 0.670486 0.673944 0.679083 0.685965 0.694680 0.705339 0.718088 0.733105 0.750610 0.770875 0.794230 0.821084 0.851942 0.887432 0.928341 0.975667 0.948454 0.905517 0.868300 0.835956 0.807811 0.783326 0.762062 0.743667 0.727852 0.714380 0.703060 0.693739 0.686294 0.680629 0.676673 0.674379 0.673718 0.674681 0.677282 0.681551 0.687540 0.695326 0.705009 0.716715 0.730607 0.746883 0.765787 0.772697 0.751947 0.734005 0.718589 0.705473 0.694470 0.685430 0.678236 0.672796 0.669041 0.666925 0.666423 0.667529 0.670255 0.674637 0.680726 0.688601 0.698361 0.710138 0.724093 0.740428 0.739747 0.726839 0.716069 0.707293 0.700396 0.695291 0.691915 0.690226 0.690204 0.691849 0.695181 0.700239 0.707088 0.715814 0.726530 0.739380 0.754543 0.772240 0.792743 0.816385 0.843575 0.874819 0.910745 0.952139 1.000000 0.967517 0.914130 0.868309 0.828764 0.794494 0.764715 0.738804 0.716260 0.696679 0.679735 0.665159 0.652735 0.642286 0.633669 0.626769 0.621499 0.617793 0.615606 0.614910 0.615697 0.617976 0.621776 0.627144 0.634146 0.642872 0.653438 0.665988 0.680701 0.697799 0.717551 0.714647 0.702443 0.692290 0.684050 0.677617 14900.000000 1.214346 0.816942
0.763672 0.765829 0.754886 0.746023 0.739126 0.734108 0.730906 0.729482 0.729818 0.731919 0.735809 0.741538 0.749174 0.758817 0.770592 0.784659 0.801214 0.820503 0.842823 0.868543 0.898113 0.932093 0.971177 1.000000 0.965297 0.935099 0.908856 0.886122 0.866534 0.849797 0.835669 0.823955 0.814501 0.807184 0.801911 0.798618 0.797266 0.797836 0.800337 0.804798 0.811275 0.819848 0.830627 0.843753 0.859403 0.869121 0.849781 0.833246 0.819279 0.807686 0.798312 0.791038 0.785771 0.782446 0.781023 0.781484 0.783835 0.788105 0.794345 0.802635 0.813078 0.825813 0.815236 0.795928 0.779348 0.765250 0.753436 0.743746 0.736052 0.730258 0.726289 0.724099 0.723660 0.724967 0.728036 0.732904 0.739631 0.748303 0.759030 0.771957 0.787260 0.805162 0.825933 0.849905 0.877488 0.905697 0.887393 0.871874 0.858922 0.848363 0.840059 0.833906 0.829827 0.827772 0.827717 0.829660 0.833625 0.839661 0.847842 0.858272 0.871087 0.886458 0.904600 0.925777 0.950313 0.978607 0.961741 0.922414 0.888232 0.858487 0.832610 0.810143 0.790711 0.774010 0.759792 0.747857 0.738042 0.730217 0.724283 0.720165 0.717814 0.717200 0.718316 0.721175 0.725813 0.732287 0.740678 0.751093 4213.500000 1.131932 0.881326
0.833625 0.839661 0.847842 0.858272 0.871087 0.886458 0.904600 0.925777 0.950313 0.978607 0.961741 0.922414 0.888232 0.858487 0.832610 0.810143 0.790711 0.774010 0.759792 0.747857 0.738042 0.730217 0.724283 0.720165 0.717814 0.717200 0.718316 0.721175 0.725813 0.732287 0.740678 0.751093 0.763672 0.765829 0.754886 0.746023 0.739126 0.734108 0.730906 0.729482 0.729818 0.731919 0.735809 0.741538 0.749174 0.758817 0.770592 0.784659 0.801214 0.820503 0.842823 0.868543 0.898113 0.932093 0.971177 1.000000 0.965297 0.935099 0.908856 0.886122 0.866534 0.849797 0.835669 0.823955 0.814501 0.807184 0.801911 0.798618 0.797266 0.797836 0.800337 0.804798 0.811275 0.819848 0.830627 0.843753 0.859403 0.869121 0.849781 0.833246 0.819279 0.807686 0.798312 0.791038 0.785771 0.782446 0.781023 0.781484 0.783835 0.788105 0.794345 0.802635 0.813078 0.825813 0.815236 0.795928 0.779348 0.765250 0.753436 0.743746 0.736052 0.730258 0.726289 0.724099 0.723660 0.724967 0.728036 0.732904 0.739631 0.748303 0.759030 0.771957 0.787260 0.805162 0.825933 0.849905 0.877488 0.905697 0.887393 0.871874 0.858922 0.848363 0.840059 0.833906 0.829827 0.827772 0.827717 0.829660 4213.500000 1.131932 0.881326
0.779348 0.765250 0.753436 0.743746 0.736052 0.730258 0.726289 0.724099 0.723660 0.724967 0.728036 0.732904 0.739631 0.748303 0.759030 0.771957 0.787260 0.805162 0.825933 0.849905 0.877488 0.905697 0.887393 0.871874 0.858922 0.848363 0.840059 0.833906 0.829827 0.827772 0.827717 0.829660 0.833625 0.839661 0.847842 0.858272 0.871087 0.886458 0.904600 0.925777 0.950313 0.978607 0.961741 0.922414 0.888232 0.858487 0.832610 0.810143 0.790711 0.774010 0.759792 0.747857 0.738042 0.730217 0.724283 0.720165 0.717814 0.717200 0.718316 0.721175 0.725813 0.732287 0.740678 0.751093 0.763672 0.765829 0.754886 0.746023 0.739126 0.734108 0.730906 0.729482 0.729818 0.731919 0.735809 0.741538 0.749174 0.758817 0.770592 0.784659 0.801214 0.820503 0.842823 0.868543 0.898113 0.932093 0.971177 1.000000 0.965297 0.935099 0.908856 0.886122 0.866534 0.849797 0.835669 0.823955 0.814501 0.807184 0.801911 0.798618 0.797266 0.797836 0.800337 0.804798 0.811275 0.819848 0.830627 0.843753 0.859403 0.869121 0.849781 0.833246 0.819279 0.807686 0.798312 0.791038 0.785771 0.782446 0.781023 0.781484 0.783835 0.788105 0.794345 0.802635 0.813078 0.825813 0.815236 0.795928 4213.500000 1.131932 0.881326
0.814501 0.807184 0.801911 0.798618 0.797266 0.797836 0.800337 0.804798 0.811275 0.819848 0.830627 0.843753 0.859403 0.869121 0.849781 0.833246 0.819279 0.807686 0.798312 0.791038 0.785771 0.782446 0.781023 0.781484 0.783835 0.788105 0.794345 0.802635 0.813078 0.825813 0.815236 0.795928 0.779348 0.765250 0.753436 0.743746 0.736052 0.730258 0.726289 0.724099 0.723660 0.724967 0.728036 0.732904 0.739631 0.748303 0.759030 0.771957 0.787260 0.805162 0.825933 0.849905 0.877488 0.905697 0.887393 0.871874 0.858922 0.848363 0.840059 0.833906 0.829827 0.827772 0.827717 0.829660 0.833625 0.839661 0.847842 0.858272 0.871087 0.886458 0.904600 0.925777 0.950313 0.978607 0.961741 0.922414 0.888232 0.858487 0.832610 0.810143 0.790711 0.774010 0.759792 0.747857 0.738042 0.730217 0.724283 0.720165 0.717814 0.717200 0.718316 0.721175 0.725813 0.732287 0.740678 0.751093 0.763672 0.765829 0.754886 0.746023 0.739126 0.734108 0.730906 0.729482 0.729818 0.731919 0.735809 0.741538 0.749174 0.758817 0.770592 0.784659 0.801214 0.820503 0.842823 0.868543 0.898113 0.932093 0.971177 1.000000 0.965297 0.935099 0.908856 0.886122 0.866534 0.849797 0.835669 0.823955 4213.500000 1.131932 0.881326
0.919973 0.998538 0.978241 0.908518 0.849984 0.800348 0.757914 0.721403 0.689834 0.662441 0.638620 0.617890 0.599863 0.584225 0.570723 0.559146 0.549327 0.541129 0.534440 0.529173 0.525262 0.522659 0.521331 0.521262 0.522452 0.524915 0.528681 0.533796 0.540326 0.548355 0.557990 0.569367 0.582650 0.598042 0.615794 0.636212 0.659673 0.686649 0.717728 0.753655 0.795385 0.844161 0.901623 0.969988 0.925361 0.863024 0.810385 0.765536 0.727051 0.693842 0.665066 0.640062 0.618306 0.599377 0.582935 0.568704 0.556461 0.546021 0.537236 0.529986 0.524175 0.519728 0.516590 0.514723 0.514103 0.514723 0.516590 0.519728 0.524175 0.529986 0.537236 0.546021 0.556461 0.568704 0.582935 0.599377 0.618306 0.640062 0.665066 0.693842 0.727051 0.765536 0.810385 0.863024 0.925361 1.000000 0.998765 0.920161 0.854935 0.800145 0.753660 0.713906 0.679691 0.650099 0.624419 0.602086 0.582650 0.565750 0.551093 0.538441 0.527599 0.518409 0.510744 0.504499 0.499594 0.495967 0.493573 0.492383 0.492381 0.493569 0.495960 0.499583 0.504484 0.510725 0.518387 0.527573 0.538410 0.551057 0.565709 0.582602 0.602031 0.624356 0.650027 0.679607 0.713809 0.753548 0.800013 0.854779 510.000000 1.072317 0.603491
0.582650 0.565750 0.551093 0.538441 0.527599 0.518409 0.510744 0.504499 0.499594 0.495967 0.493573 0.492383 0.492381 0.493569 0.495960 0.499583 0.504484 0.510725 0.518387 0.527573 0.538410 0.551057 0.565709 0.582602 0.602031 0.624356 0.650027 0.679607 0.713809 0.753548 0.800013 0.854779 0.919973 0.998538 0.978241 0.908518 0.849984 0.800348 0.757914 0.721403 0.689834 0.662441 0.638620 0.617890 0.599863 0.584225 0.570723 0.559146 0.549327 0.541129 0.534440 0.529173 0.525262 0.522659 0.521331 0.521262 0.522452 0.524915 0.528681 0.533796 0.540326 0.548355 0.557990 0.569367 0.582650 0.598042 0.615794 0.636212 0.659673 0.686649 0.717728 0.753655 0.795385 0.844161 0.901623 0.969988 0.925361 0.863024 0.810385 0.765536 0.727051 0.693842 0.665066 0.640062 0.618306 0.599377 0.582935 0.568704 0.556461 0.546021 0.537236 0.529986 0.524175 0.519728 0.516590 0.514723 0.514103 0.514723 0.516590 0.519728 0.524175 0.529986 0.537236 0.546021 0.556461 0.568704 0.582935 0.599377 0.618306 0.640062 0.665066 0.693842 0.727051 0.765536 0.810385 0.863024 0.925361 1.000000 0.998765 0.920161 0.854935 0.800145 0.753660 0.713906 0.679691 0.650099 0.624419 0.602086 510.000000 1.072317 0.603491
0.514103 0.514723 0.516590 0.519728 0.524175 0.529986 0.537236 0.546021 0.556461 0.568704 0.582935 0.599377 0.618306 0.640062 0.665066 0.693842 0.727051 0.765536 0.810385 0.863024 0.925361 1.000000 0.998765 0.920161 0.854935 0.800145 0.753660 0.713906 0.679691 0.650099 0.624419 0.602086 0.582650 0.565750 0.551093 0.538441 0.527599 0.518409 0.510744 0.504499 0.499594 0.495967 0.493573 0.492383 0.492381 0.493569 0.495960 0.499583 0.504484 0.510725 0.518387 0.527573 0.538410 0.551057 0.565709 0.582602 0.602031 0.624356 0.650027 0.679607 0.713809 0.753548 0.800013 0.854779 0.919973 0.998538 0.978241 0.908518 0.849984 0.800348 0.757914 0.721403 0.689834 0.662441 0.638620 0.617890 0.599863 0.584225 0.570723 0.559146 0.549327 0.541129 0.534440 0.529173 0.525262 0.522659 0.521331 0.521262 0.522452 0.524915 0.528681 0.533796 0.540326 0.548355 0.557990 0.569367 0.582650 0.598042 0.615794 0.636212 0.659673 0.686649 0.717728 0.753655 0.795385 0.844161 0.901623 0.969988 0.925361 0.863024 0.810385 0.765536 0.727051 0.693842 0.665066 0.640062 0.618306 0.599377 0.582935 0.568704 0.556461 0.546021 0.537236 0.529986 0.524175 0.519728 0.516590 0.514723 510.000000 1.072317 0.603491
0.582650 0.598042 0.615794 0.636212 0.659673 0.686649 0.717728 0.753655 0.795385 0.844161 0.901623 0.969988 0.925361 0.863024 0.810385 0.765536 0.727051 0.693842 0.665066 0.640062 0.618306 0.599377 0.582935 0.568704 0.556461 0.546021 0.537236 0.529986 0.524175 0.519728 0.516590 0.514723 0.514103 0.514723 0.516590 0.519728 0.524175 0.529986 0.537236 0.546021 0.556461 0.568704 0.582935 0.599377 0.618306 0.640062 0.665066 0.693842 0.727051 0.765536 0.810385 0.863024 0.925361 1.000000 0.998765 0.920161 0.854935 0.800145 0.753660 0.713906 0.679691 0.650099 0.624419 0.602086 0.582650 0.565750 0.551093 0.538441 0.527599 0.518409 0.510744 0.504499 0.499594 0.495967 0.493573 0.492383 0.492381 0.493569 0.495960 0.499583 0.504484 0.510725 0.518387 0.527573 0.538410 0.551057 0.565709 0.582602 0.602031 0.624356 0.650027 0.679607 0.713809 0.753548 0.800013 0.854779 0.919973 0.998538 0.978241 0.908518 0.849984 0.800348 0.757914 0.721403 0.689834 0.662441 0.638620 0.617890 0.599863 0.584225 0.570723 0.559146 0.549327 0.541129 0.534440 0.529173 0.525262 0.522659 0.521331 0.521262 0.522452 0.524915 0.528681 0.533796 0.540326 0.548355 0.557990 0.569367 510.000000 1.072317 0.603491
0.722406 0.699706 0.679978 0.662884 0.648153 0.635559 0.624923 0.616096 0.608962 0.603428 0.599425 0.596903 0.595832 0.596198 0.598007 0.601279 0.606055 0.612395 0.620380 0.624402 0.622433 0.621971 0.623009 0.625561 0.629656 0.635346 0.642702 0.651819 0.662819 0.675852 0.691106 0.708812 0.729252 0.752773 0.779803 0.810873 0.846646 0.887959 0.935880 0.991795 1.000000 0.946970 0.901343 0.861892 0.827660 0.797892 0.771986 0.749458 0.729917 0.713042 0.698575 0.686304 0.676057 0.667697 0.661114 0.656225 0.652969 0.651307 0.651218 0.652701 0.655775 0.650604 0.632911 0.617602 0.604438 0.593223 0.583798 0.576033 0.569827 0.565100 0.561793 0.559865 0.559294 0.560071 0.562207 0.565728 0.570676 0.577114 0.585125 0.594814 0.606315 0.619792 0.635448 0.653530 0.674343 0.698263 0.725756 0.757401 0.793932 0.836282 0.865585 0.845095 0.827501 0.812542 0.800007 0.789726 0.781566 0.775421 0.771216 0.768898 0.768440 0.769836 0.773103 0.778281 0.785433 0.794650 0.806051 0.798682 0.776787 0.757838 0.741535 0.727635 0.715939 0.706288 0.698555 0.692639 0.688467 0.685988 0.685171 0.686008 0.688506 0.692698 0.698635 0.706391 0.716065 0.727786 0.741713 0.748492 6573.000000 1.339961 0.826186
0.781566 0.775421 0.771216 0.768898 0.768440 0.769836 0.773103 0.778281 0.785433 0.794650 0.806051 0.798682 0.776787 0.757838 0.741535 0.727635 0.715939 0.706288 0.698555 0.692639 0.688467 0.685988 0.685171 0.686008 0.688506 0.692698 0.698635 0.706391 0.716065 0.727786 0.741713 0.748492 0.722406 0.699706 0.679978 0.662884 0.648153 0.635559 0.624923 0.616096 0.608962 0.603428 0.599425 0.596903 0.595832 0.596198 0.598007 0.601279 0.606055 0.612395 0.620380 0.624402 0.622433 0.621971 0.623009 0.625561 0.629656 0.635346 0.642702 0.651819 0.662819 0.675852 0.691106 0.708812 0.729252 0.752773 0.779803 0.810873 0.846646 0.887959 0.935880 0.991795 1.000000 0.946970 0.901343 0.861892 0.827660 0.797892 0.771986 0.749458 0.729917 0.713042 0.698575 0.686304 0.676057 0.667697 0.661114 0.656225 0.652969 0.651307 0.651218 0.652701 0.655775 0.650604 0.632911 0.617602 0.604438 0.593223 0.583798 0.576033 0.569827 0.565100 0.561793 0.559865 0.559294 0.560071 0.562207 0.565728 0.570676 0.577114 0.585125 0.594814 0.606315 0.619792 0.635448 0.653530 0.674343 0.698263 0.725756 0.757401 0.793932 0.836282 0.865585 0.845095 0.827501 0.812542 0.800007 0.789726 6573.000000 1.339961 0.826186
0.604438 0.593223 0.583798 0.576033 0.569827 0.565100 0.561793 0.559865 0.559294 0.560071 0.562207 0.565728 0.570676 0.577114 0.585125 0.594814 0.606315 0.619792 0.635448 0.653530 0.674343 0.698263 0.725756 0.757401 0.793932 0.836282 0.865585 0.845095 0.827501 0.812542 0.800007 0.789726 0.781566 0.775421 0.771216 0.768898 0.768440 0.769836 0.773103 0.778281 0.785433 0.794650 0.806051 0.798682 0.776787 0.757838 0.741535 0.727635 0.715939 0.706288 0.698555 0.692639 0.688467 0.685988 0.685171 0.686008 0.688506 0.692698 0.698635 0.706391 0.716065 0.727786 0.741713 0.748492 0.722406 0.699706 0.679978 0.662884 0.648153 0.635559 0.624923 0.616096 0.608962 0.603428 0.599425 0.596903 0.595832 0.596198 0.598007 0.601279 0.606055 0.612395 0.620380 0.624402 0.622433 0.621971 0.623009 0.625561 0.629656 0.635346 0.642702 0.651819 0.662819 0.675852 0.691106 0.708812 0.729252 0.752773 0.779803 0.810873 0.846646 0.887959 0.935880 0.991795 1.000000 0.946970 0.901343 0.861892 0.827660 0.797892 0.771986 0.749458 0.729917 0.713042 0.698575 0.686304 0.676057 0.667697 0.661114 0.656225 0.652969 0.651307 0.651218 0.652701 0.655775 0.650604 0.632911 0.617602 6573.000000 1.339961 0.826186
0.729252 0.752773 0.779803 0.810873 0.846646 0.887959 0.935880 0.991795 1.000000 0.946970 0.901343 0.861892 0.827660 0.797892 0.771986 0.749458 0.729917 0.713042 0.698575 0.686304 0.676057 0.667697 0.661114 0.656225 0.652969 0.651307 0.651218 0.652701 0.655775 0.650604 0.632911 0.617602 0.604438 0.593223 0.583798 0.576033 0.569827 0.565100 0.561793 0.559865 0.559294 0.560071 0.562207 0.565728 0.570676 0.577114 0.585125 0.594814 0.606315 0.619792 0.635448 0.653530 0.674343 0.698263 0.725756 0.757401 0.793932 0.836282 0.865585 0.845095 0.827501 0.812542 0.800007 0.789726 0.781566 0.775421 0.771216 0.768898 0.768440 0.769836 0.773103 0.778281 0.785433 0.794650 0.806051 0.798682 0.776787 0.757838 0.741535 0.727635 0.715939 0.706288 0.698555 0.692639 0.688467 0.685988 0.685171 0.686008 0.688506 0.692698 0.698635 0.706391 0.716065 0.727786 0.741713 0.748492 0.722406 0.699706 0.679978 0.662884 0.648153 0.635559 0.624923 0.616096 0.608962 0.603428 0.599425 0.596903 0.595832 0.596198 0.598007 0.601279 0.606055 0.612395 0.620380 0.624402 0.622433 0.621971 0.623009 0.625561 0.629656 0.635346 0.642702 0.651819 0.662819 0.675852 0.691106 0.708812 6573.000000 1.339961 0.826186
0.988987 0.961588 0.937864 0.917439 0.900007 0.885318 0.873171 0.863404 0.855893 0.850542 0.847287 0.846087 0.846927 0.849819 0.854797 0.861922 0.871284 0.883001 0.897229 0.914162 0.934040 0.941601 0.918892 0.899368 0.882739 0.868769 0.857267 0.848082 0.841097 0.836223 0.833402 0.832600 0.833805 0.837033 0.842324 0.849742 0.859380 0.871363 0.885849 0.903037 0.884002 0.856877 0.833315 0.812920 0.795369 0.780401 0.767802 0.757398 0.749053 0.742659 0.738137 0.735431 0.734507 0.735355 0.737985 0.742429 0.748741 0.757001 0.767314 0.779817 0.794680 0.812116 0.832383 0.855803 0.882767 0.913759 0.949375 0.986371 0.969187 0.954852 0.943175 0.934002 0.927218 0.922740 0.920511 0.920505 0.922722 0.927188 0.933960 0.943119 0.954783 0.969103 0.986271 1.000000 0.961057 0.927184 0.897706 0.872081 0.849869 0.830712 0.814317 0.800449 0.788914 0.779557 0.772259 0.766927 0.763494 0.761920 0.762184 0.764290 0.768264 0.774154 0.782034 0.792004 0.804193 0.818767 0.833159 0.818969 0.807167 0.797594 0.790127 0.784672 0.781160 0.779548 0.779819 0.781974 0.786040 0.792066 0.800129 0.810329 0.822800 0.837711 0.855271 0.875737 0.899427 0.926729 0.958121 0.994194 4700.500000 1.185174 0.889747
0.763494 0.761920 0.762184 0.764290 0.768264 0.774154 0.782034 0.792004 0.804193 0.818767 0.833159 0.818969 0.807167 0.797594 0.790127 0.784672 0.781160 0.779548 0.779819 0.781974 0.786040 0.792066 0.800129 0.810329 0.822800 0.837711 0.855271 0.875737 0.899427 0.926729 0.958121 0.994194 0.988987 0.961588 0.937864 0.917439 0.900007 0.885318 0.873171 0.863404 0.855893 0.850542 0.847287 0.846087 0.846927 0.849819 0.854797 0.861922 0.871284 0.883001 0.897229 0.914162 0.934040 0.941601 0.918892 0.899368 0.882739 0.868769 0.857267 0.848082 0.841097 0.836223 0.833402 0.832600 0.833805 0.837033 0.842324 0.849742 0.859380 0.871363 0.885849 0.903037 0.884002 0.856877 0.833315 0.812920 0.795369 0.780401 0.767802 0.757398 0.749053 0.742659 0.738137 0.735431 0.734507 0.735355 0.737985 0.742429 0.748741 0.757001 0.767314 0.779817 0.794680 0.812116 0.832383 0.855803 0.882767 0.913759 0.949375 0.986371 0.969187 0.954852 0.943175 0.934002 0.927218 0.922740 0.920511 0.920505 0.922722 0.927188 0.933960 0.943119 0.954783 0.969103 0.986271 1.000000 0.961057 0.927184 0.897706 0.872081 0.849869 0.830712 0.814317 0.800449 0.788914 0.779557 0.772259 0.766927 4700.500000 1.185174 0.889747
0.882767 0.913759 0.949375 0.986371 0.969187 0.954852 0.943175 0.934002 0.927218 0.922740 0.920511 0.920505 0.922722 0.927188 0.933960 0.943119 0.954783 0.969103 0.986271 1.000000 0.961057 0.927184 0.897706 0.872081 0.849869 0.830712 0.814317 0.800449 0.788914 0.779557 0.772259 0.766927 0.763494 0.761920 0.762184 0.764290 0.768264 0.774154 0.782034 0.792004 0.804193 0.818767 0.833159 0.818969 0.807167 0.797594 0.790127 0.784672 0.781160 0.779548 0.779819 0.781974 0.786040 0.792066 0.800129 0.810329 0.822800 0.837711 0.855271 0.875737 0.899427 0.926729 0.958121 0.994194 0.988987 0.961588 0.937864 0.917439 0.900007 0.885318 0.873171 0.863404 0.855893 0.850542 0.847287 0.846087 0.846927 0.849819 0.854797 0.861922 0.871284 0.883001 0.897229 0.914162 0.934040 0.941601 0.918892 0.899368 0.882739 0.868769 0.857267 0.848082 0.841097 0.836223 0.833402 0.832600 0.833805 0.837033 0.842324 0.849742 0.859380 0.871363 0.885849 0.903037 0.884002 0.856877 0.833315 0.812920 0.795369 0.780401 0.767802 0.757398 0.749053 0.742659 0.738137 0.735431 0.734507 0.735355 0.737985 0.742429 0.748741 0.757001 0.767314 0.779817 0.794680 0.812116 0.832383 0.855803 4700.500000 1.185174 0.889747
0.833805 0.837033 0.842324 0.849742 0.859380 0.871363 0.885849 0.903037 0.884002 0.856877 0.833315 0.812920 0.795369 0.780401 0.767802 0.757398 0.749053 0.742659 0.738137 0.735431 0.734507 0.735355 0.737985 0.742429 0.748741 0.757001 0.767314 0.779817 0.794680 0.812116 0.832383 0.855803 0.882767 0.913759 0.949375 0.986371 0.969187 0.954852 0.943175 0.934002 0.927218 0.922740 0.920511 0.920505 0.922722 0.927188 0.933960 0.943119 0.954783 0.969103 0.986271 1.000000 0.961057 0.927184 0.897706 0.872081 0.849869 0.830712 0.814317 0.800449 0.788914 0.779557 0.772259 0.766927 0.763494 0.761920 0.762184 0.764290 0.768264 0.774154 0.782034 0.792004 0.804193 0.818767 0.833159 0.818969 0.807167 0.797594 0.790127 0.784672 0.781160 0.779548 0.779819 0.781974 0.786040 0.792066 0.800129 0.810329 0.822800 0.837711 0.855271 0.875737 0.899427 0.926729 0.958121 0.994194 0.988987 0.961588 0.937864 0.917439 0.900007 0.885318 0.873171 0.863404 0.855893 0.850542 0.847287 0.846087 0.846927 0.849819 0.854797 0.861922 0.871284 0.883001 0.897229 0.914162 0.934040 0.941601 0.918892 0.899368 0.882739 0.868769 0.857267 0.848082 0.841097 0.836223 0.833402 0.832600 4700.500000 1.185174 0.889747
0.963886 0.895158 0.837462 0.788537 0.746713 0.710728 0.679614 0.652616 0.629139 0.608708 0.590941 0.575529 0.562220 0.550810 0.541131 0.533049 0.526455 0.521261 0.517404 0.514835 0.513521 0.513449 0.514616 0.517036 0.520740 0.525774 0.532200 0.540102 0.549587 0.560786 0.573861 0.589015 0.606490 0.626590 0.649687 0.676244 0.706839 0.742207 0.783286 0.831300 0.887863 0.932596 0.864518 0.807516 0.759282 0.718118 0.682748 0.652196 0.625704 0.602676 0.582636 0.565204 0.550071 0.536987 0.525749 0.516189 0.508173 0.501593 0.496360 0.492410 0.489693 0.488175 0.487839 0.488679 0.490706 0.493945 0.498436 0.504235 0.511417 0.520078 0.530336 0.542341 0.556272 0.572354 0.590859 0.612124 0.636568 0.664713 0.697219 0.734930 0.778938 0.830680 0.892087 0.965811 1.000000 0.916910 0.848457 0.791288 0.743013 0.701884 0.666591 0.636137 0.609748 0.586819 0.566869 0.549510 0.534432 0.521382 0.510154 0.500580 0.492523 0.485873 0.480543 0.476464 0.473585 0.471870 0.471299 0.471865 0.473574 0.476448 0.480522 0.485846 0.492490 0.500540 0.510107 0.521327 0.534369 0.549437 0.566785 0.586723 0.609638 0.636009 0.666444 0.701713 0.742813 0.791051 0.848175 0.916572 5231.000000 1.103704 0.602403
0.534432 0.521382 0.510154 0.500580 0.492523 0.485873 0.480543 0.476464 0.473585 0.471870 0.471299 0.471865 0.473574 0.476448 0.480522 0.485846 0.492490 0.500540 0.510107 0.521327 0.534369 0.549437 0.566785 0.586723 0.609638 0.636009 0.666444 0.701713 0.742813 0.791051 0.848175 0.916572 0.963886 0.895158 0.837462 0.788537 0.746713 0.710728 0.679614 0.652616 0.629139 0.608708 0.590941 0.575529 0.562220 0.550810 0.541131 0.533049 0.526455 0.521261 0.517404 0.514835 0.513521 0.513449 0.514616 0.517036 0.520740 0.525774 0.532200 0.540102 0.549587 0.560786 0.573861 0.589015 0.606490 0.626590 0.649687 0.676244 0.706839 0.742207 0.783286 0.831300 0.887863 0.932596 0.864518 0.807516 0.759282 0.718118 0.682748 0.652196 0.625704 0.602676 0.582636 0.565204 0.550071 0.536987 0.525749 0.516189 0.508173 0.501593 0.496360 0.492410 0.489693 0.488175 0.487839 0.488679 0.490706 0.493945 0.498436 0.504235 0.511417 0.520078 0.530336 0.542341 0.556272 0.572354 0.590859 0.612124 0.636568 0.664713 0.697219 0.734930 0.778938 0.830680 0.892087 0.965811 1.000000 0.916910 0.848457 0.791288 0.743013 0.701884 0.666591 0.636137 0.609748 0.586819 0.566869 0.549510 5231.000000 1.103704 0.602403
0.490706 0.493945 0.498436 0.504235 0.511417 0.520078 0.530336 0.542341 0.556272 0.572354 0.590859 0.612124 0.636568 0.664713 0.697219 0.734930 0.778938 0.830680 0.892087 0.965811 1.000000 0.916910 0.848457 0.791288 0.743013 0.701884 0.666591 0.636137 0.609748 0.586819 0.566869 0.549510 0.534432 0.521382 0.510154 0.500580 0.492523 0.485873 0.480543 0.476464 0.473585 0.471870 0.471299 0.471865 0.473574 0.476448 0.480522 0.485846 0.492490 0.500540 0.510107 0.521327 0.534369 0.549437 0.566785 0.586723 0.609638 0.636009 0.666444 0.701713 0.742813 0.791051 0.848175 0.916572 0.963886 0.895158 0.837462 0.788537 0.746713 0.710728 0.679614 0.652616 0.629139 0.608708 0.590941 0.575529 0.562220 0.550810 0.541131 0.533049 0.526455 0.521261 0.517404 0.514835 0.513521 0.513449 0.514616 0.517036 0.520740 0.525774 0.532200 0.540102 0.549587 0.560786 0.573861 0.589015 0.606490 0.626590 0.649687 0.676244 0.706839 0.742207 0.783286 0.831300 0.887863 0.932596 0.864518 0.807516 0.759282 0.718118 0.682748 0.652196 0.625704 0.602676 0.582636 0.565204 0.550071 0.536987 0.525749 0.516189 0.508173 0.501593 0.496360 0.492410 0.489693 0.488175 0.487839 0.488679 5231.000000 1.103704 0.602403
0.606490 0.626590 0.649687 0.676244 0.706839 0.742207 0.783286 0.831300 0.887863 0.932596 0.864518 0.807516 0.759282 0.718118 0.682748 0.652196 0.625704 0.602676 0.582636 0.565204 0.550071 0.536987 0.525749 0.516189 0.508173 0.501593 0.496360 0.492410 0.489693 0.488175 0.487839 0.488679 0.490706 0.493945 0.498436 0.504235 0.511417 0.520078 0.530336 0.542341 0.556272 0.572354 0.590859 0.612124 0.636568 0.664713 0.697219 0.734930 0.778938 0.830680 0.892087 0.965811 1.000000 0.916910 0.848457 0.791288 0.743013 0.701884 0.666591 0.636137 0.609748 0.586819 0.566869 0.549510 0.534432 0.521382 0.510154 0.500580 0.492523 0.485873 0.480543 0.476464 0.473585 0.471870 0.471299 0.471865 0.473574 0.476448 0.480522 0.485846 0.492490 0.500540 0.510107 0.521327 0.534369 0.549437 0.566785 0.586723 0.609638 0.636009 0.666444 0.701713 0.742813 0.791051 0.848175 0.916572 0.963886 0.895158 0.837462 0.788537 0.746713 0.710728 0.679614 0.652616 0.629139 0.608708 0.590941 0.575529 0.562220 0.550810 0.541131 0.533049 0.526455 0.521261 0.517404 0.514835 0.513521 0.513449 0.514616 0.517036 0.520740 0.525774 0.532200 0.540102 0.549587 0.560786 0.573861 0.589015 5231.000000 1.103704 0.602403
0.813391 0.799641 0.788215 0.778961 0.771759 0.766519 0.763176 0.761689 0.762040 0.764234 0.768296 0.774277 0.782251 0.792319 0.804614 0.819302 0.836588 0.856728 0.880034 0.885915 0.858458 0.834603 0.813946 0.796158 0.780972 0.768171 0.757578 0.749053 0.742487 0.737797 0.734925 0.733837 0.734518 0.736978 0.741247 0.747375 0.755442 0.760616 0.743579 0.729006 0.716687 0.706451 0.698162 0.691712 0.687020 0.684027 0.682699 0.683018 0.684988 0.688633 0.693998 0.701150 0.710180 0.721205 0.734375 0.749875 0.767933 0.788830 0.812909 0.840593 0.872405 0.908995 0.951181 1.000000 0.970565 0.942492 0.918148 0.897136 0.879135 0.863882 0.851165 0.840813 0.832692 0.826699 0.822760 0.820826 0.820874 0.822904 0.826942 0.827291 0.807066 0.789664 0.774823 0.762332 0.752021 0.743753 0.737422 0.732948 0.730277 0.729377 0.730235 0.732223 0.721488 0.712756 0.705912 0.700872 0.697571 0.695970 0.696049 0.697810 0.701274 0.706482 0.713500 0.722417 0.725469 0.721836 0.719965 0.719833 0.721439 0.724802 0.729964 0.736987 0.745962 0.757004 0.770262 0.785919 0.804203 0.825395 0.849836 0.877948 0.910252 0.947394 0.959093 0.925450 0.896174 0.870726 0.848672 0.829656 1941.500000 1.108127 0.876729
0.697571 0.695970 0.696049 0.697810 0.701274 0.706482 0.713500 0.722417 0.725469 0.721836 0.719965 0.719833 0.721439 0.724802 0.729964 0.736987 0.745962 0.757004 0.770262 0.785919 0.804203 0.825395 0.849836 0.877948 0.910252 0.947394 0.959093 0.925450 0.896174 0.870726 0.848672 0.829656 0.813391 0.799641 0.788215 0.778961 0.771759 0.766519 0.763176 0.761689 0.762040 0.764234 0.768296 0.774277 0.782251 0.792319 0.804614 0.819302 0.836588 0.856728 0.880034 0.885915 0.858458 0.834603 0.813946 0.796158 0.780972 0.768171 0.757578 0.749053 0.742487 0.737797 0.734925 0.733837 0.734518 0.736978 0.741247 0.747375 0.755442 0.760616 0.743579 0.729006 0.716687 0.706451 0.698162 0.691712 0.687020 0.684027 0.682699 0.683018 0.684988 0.688633 0.693998 0.701150 0.710180 0.721205 0.734375 0.749875 0.767933 0.788830 0.812909 0.840593 0.872405 0.908995 0.951181 1.000000 0.970565 0.942492 0.918148 0.897136 0.879135 0.863882 0.851165 0.840813 0.832692 0.826699 0.822760 0.820826 0.820874 0.822904 0.826942 0.827291 0.807066 0.789664 0.774823 0.762332 0.752021 0.743753 0.737422 0.732948 0.730277 0.729377 0.730235 0.732223 0.721488 0.712756 0.705912 0.700872 1941.500000 1.108127 0.876729
0.970565 0.942492 0.918148 0.897136 0.879135 0.863882 0.851165 0.840813 0.832692 0.826699 0.822760 0.820826 0.820874 0.822904 0.826942 0.827291 0.807066 0.789664 0.774823 0.762332 0.752021 0.743753 0.737422 0.732948 0.730277 0.729377 0.730235 0.732223 0.721488 0.712756 0.705912 0.700872 0.697571 0.695970 0.696049 0.697810 0.701274 0.706482 0.713500 0.722417 0.725469 0.721836 0.719965 0.719833 0.721439 0.724802 0.729964 0.736987 0.745962 0.757004 0.770262 0.785919 0.804203 0.825395 0.849836 0.877948 0.910252 0.947394 0.959093 0.925450 0.896174 0.870726 0.848672 0.829656 0.813391 0.799641 0.788215 0.778961 0.771759 0.766519 0.763176 0.761689 0.762040 0.764234 0.768296 0.774277 0.782251 0.792319 0.804614 0.819302 0.836588 0.856728 0.880034 0.885915 0.858458 0.834603 0.813946 0.796158 0.780972 0.768171 0.757578 0.749053 0.742487 0.737797 0.734925 0.733837 0.734518 0.736978 0.741247 0.747375 0.755442 0.760616 0.743579 0.729006 0.716687 0.706451 0.698162 0.691712 0.687020 0.684027 0.682699 0.683018 0.684988 0.688633 0.693998 0.701150 0.710180 0.721205 0.734375 0.749875 0.767933 0.788830 0.812909 0.840593 0.872405 0.908995 0.951181 1.000000 1941.500000 1.108127 0.876729
0.734518 0.736978 0.741247 0.747375 0.755442 0.760616 0.743579 0.729006 0.716687 0.706451 0.698162 0.691712 0.687020 0.684027 0.682699 0.683018 0.684988 0.688633 0.693998 0.701150 0.710180 0.721205 0.734375 0.749875 0.767933 0.788830 0.812909 0.840593 0.872405 0.908995 0.951181 1.000000 0.970565 0.942492 0.918148 0.897136 0.879135 0.863882 0.851165 0.840813 0.832692 0.826699 0.822760 0.820826 0.820874 0.822904 0.826942 0.827291 0.807066 0.789664 0.774823 0.762332 0.752021 0.743753 0.737422 0.732948 0.730277 0.729377 0.730235 0.732223 0.721488 0.712756 0.705912 0.700872 0.697571 0.695970 0.696049 0.697810 0.701274 0.706482 0.713500 0.722417 0.725469 0.721836 0.719965 0.719833 0.721439 0.724802 0.729964 0.736987 0.745962 0.757004 0.770262 0.785919 0.804203 0.825395 0.849836 0.877948 0.910252 0.947394 0.959093 0.925450 0.896174 0.870726 0.848672 0.829656 0.813391 0.799641 0.788215 0.778961 0.771759 0.766519 0.763176 0.761689 0.762040 0.764234 0.768296 0.774277 0.782251 0.792319 0.804614 0.819302 0.836588 0.856728 0.880034 0.885915 0.858458 0.834603 0.813946 0.796158 0.780972 0.768171 0.757578 0.749053 0.742487 0.737797 0.734925 0.733837 1941.500000 1.108127 0.876729
0.920692 0.957554 1.000000 0.963476 0.930727 0.902233 0.877483 0.856062 0.837632 0.821917 0.808693 0.797779 0.789032 0.782339 0.777615 0.774804 0.773871 0.774804 0.777615 0.782339 0.789032 0.797779 0.808693 0.821917 0.837632 0.856062 0.851213 0.835780 0.822843 0.812228 0.803795 0.797437 0.793074 0.790653 0.790144 0.791542 0.794862 0.800147 0.807461 0.816895 0.828573 0.842648 0.859316 0.878817 0.901445 0.927563 0.957616 0.959042 0.921003 0.887925 0.859138 0.834105 0.812391 0.793643 0.777572 0.763942 0.752564 0.743284 0.735982 0.730564 0.726964 0.725138 0.725064 0.726740 0.730187 0.735447 0.742585 0.751692 0.762886 0.776316 0.792171 0.810680 0.832128 0.856861 0.885309 0.917997 0.955582 0.980195 0.947154 0.918407 0.893444 0.871846 0.853275 0.837454 0.824158 0.813206 0.804455 0.797791 0.793131 0.790419 0.789621 0.790728 0.793752 0.798732 0.805728 0.814827 0.826148 0.839839 0.856089 0.875130 0.897248 0.922794 0.904804 0.874797 0.848695 0.826038 0.806452 0.789631 0.775328 0.763339 0.753503 0.745691 0.739804 0.735767 0.733532 0.733070 0.734378 0.737470 0.742384 0.749181 0.757946 0.768793 0.781866 0.797345 0.815454 0.836466 0.860719 0.888624 1334.500000 1.062204 0.850883
0.826148 0.839839 0.856089 0.875130 0.897248 0.922794 0.904804 0.874797 0.848695 0.826038 0.806452 0.789631 0.775328 0.763339 0.753503 0.745691 0.739804 0.735767 0.733532 0.733070 0.734378 0.737470 0.742384 0.749181 0.757946 0.768793 0.781866 0.797345 0.815454 0.836466 0.860719 0.888624 0.920692 0.957554 1.000000 0.963476 0.930727 0.902233 0.877483 0.856062 0.837632 0.821917 0.808693 0.797779 0.789032 0.782339 0.777615 0.774804 0.773871 0.774804 0.777615 0.782339 0.789032 0.797779 0.808693 0.821917 0.837632 0.856062 0.851213 0.835780 0.822843 0.812228 0.803795 0.797437 0.793074 0.790653 0.790144 0.791542 0.794862 0.800147 0.807461 0.816895 0.828573 0.842648 0.859316 0.878817 0.901445 0.927563 0.957616 0.959042 0.921003 0.887925 0.859138 0.834105 0.812391 0.793643 0.777572 0.763942 0.752564 0.743284 0.735982 0.730564 0.726964 0.725138 0.725064 0.726740 0.730187 0.735447 0.742585 0.751692 0.762886 0.776316 0.792171 0.810680 0.832128 0.856861 0.885309 0.917997 0.955582 0.980195 0.947154 0.918407 0.893444 0.871846 0.853275 0.837454 0.824158 0.813206 0.804455 0.797791 0.793131 0.790419 0.789621 0.790728 0.793752 0.798732 0.805728 0.814827 1334.500000 1.062204 0.850883
0.730187 0.735447 0.742585 0.751692 0.762886 0.776316 0.792171 0.810680 0.832128 0.856861 0.885309 0.917997 0.955582 0.980195 0.947154 0.918407 0.893444 0.871846 0.853275 0.837454 0.824158 0.813206 0.804455 0.797791 0.793131 0.790419 0.789621 0.790728 0.793752 0.798732 0.805728 0.814827 0.826148 0.839839 0.856089 0.875130 0.897248 0.922794 0.904804 0.874797 0.848695 0.826038 0.806452 0.789631 0.775328 0.763339 0.753503 0.745691 0.739804 0.735767 0.733532 0.733070 0.734378 0.737470 0.742384 0.749181 0.757946 0.768793 0.781866 0.797345 0.815454 0.836466 0.860719 0.888624 0.920692 0.957554 1.000000 0.963476 0.930727 0.902233 0.877483 0.856062 0.837632 0.821917 0.808693 0.797779 0.789032 0.782339 0.777615 0.774804 0.773871 0.774804 0.777615 0.782339 0.789032 0.797779 0.808693 0.821917 0.837632 0.856062 0.851213 0.835780 0.822843 0.812228 0.803795 0.797437 0.793074 0.790653 0.790144 0.791542 0.794862 0.800147 0.807461 0.816895 0.828573 0.842648 0.859316 0.878817 0.901445 0.927563 0.957616 0.959042 0.921003 0.887925 0.859138 0.834105 0.812391 0.793643 0.777572 0.763942 0.752564 0.743284 0.735982 0.730564 0.726964 0.725138 0.725064 0.726740 1334.500000 1.062204 0.850883
0.793074 0.790653 0.790144 0.791542 0.794862 0.800147 0.807461 0.816895 0.828573 0.842648 0.859316 0.878817 0.901445 0.927563 0.957616 0.959042 0.921003 0.887925 0.859138 0.834105 0.812391 0.793643 0.777572 0.763942 0.752564 0.743284 0.735982 0.730564 0.726964 0.725138 0.725064 0.726740 0.730187 0.735447 0.742585 0.751692 0.762886 0.776316 0.792171 0.810680 0.832128 0.856861 0.885309 0.917997 0.955582 0.980195 0.947154 0.918407 0.893444 0.871846 0.853275 0.837454 0.824158 0.813206 0.804455 0.797791 0.793131 0.790419 0.789621 0.790728 0.793752 0.798732 0.805728 0.814827 0.826148 0.839839 0.856089 0.875130 0.897248 0.922794 0.904804 0.874797 0.848695 0.826038 0.806452 0.789631 0.775328 0.763339 0.753503 0.745691 0.739804 0.735767 0.733532 0.733070 0.734378 0.737470 0.742384 0.749181 0.757946 0.768793 0.781866 0.797345 0.815454 0.836466 0.860719 0.888624 0.920692 0.957554 1.000000 0.963476 0.930727 0.902233 0.877483 0.856062 0.837632 0.821917 0.808693 0.797779 0.789032 0.782339 0.777615 0.774804 0.773871 0.774804 0.777615 0.782339 0.789032 0.797779 0.808693 0.821917 0.837632 0.856062 0.851213 0.835780 0.822843 0.812228 0.803795 0.797437 1334.500000 1.062204 0.850883
0.815658 0.819888 0.795967 0.775216 0.757298 0.741937 0.728907 0.718027 0.709150 0.702161 0.696972 0.693516 0.691754 0.691662 0.693240 0.696507 0.701503 0.708290 0.716953 0.727606 0.740390 0.755485 0.773108 0.793532 0.817085 0.844175 0.875304 0.911096 0.952331 1.000000 0.963295 0.930083 0.901183 0.876073 0.854326 0.835597 0.819603 0.806116 0.794950 0.785956 0.779020 0.774053 0.770994 0.769808 0.770477 0.773013 0.777443 0.783824 0.792235 0.802784 0.815609 0.830884 0.848826 0.869702 0.880298 0.847132 0.818275 0.793167 0.771357 0.752478 0.736232 0.722377 0.710714 0.701084 0.693360 0.687441 0.683255 0.680750 0.679895 0.680680 0.683115 0.687228 0.693071 0.700717 0.710263 0.721837 0.735595 0.751734 0.770494 0.792173 0.817132 0.804397 0.793652 0.785057 0.778500 0.773902 0.771204 0.770375 0.771404 0.774303 0.779109 0.785879 0.794700 0.805683 0.818976 0.834758 0.853257 0.874750 0.899577 0.928155 0.961000 0.998749 0.987275 0.943880 0.906231 0.873493 0.845003 0.820226 0.798730 0.780164 0.764241 0.750727 0.739433 0.730206 0.722928 0.717504 0.713868 0.711976 0.711804 0.713350 0.716632 0.721692 0.728592 0.737418 0.748286 0.761340 0.776762 0.794777 1202.500000 1.202932 0.844781
0.853257 0.874750 0.899577 0.928155 0.961000 0.998749 0.987275 0.943880 0.906231 0.873493 0.845003 0.820226 0.798730 0.780164 0.764241 0.750727 0.739433 0.730206 0.722928 0.717504 0.713868 0.711976 0.711804 0.713350 0.716632 0.721692 0.728592 0.737418 0.748286 0.761340 0.776762 0.794777 0.815658 0.819888 0.795967 0.775216 0.757298 0.741937 0.728907 0.718027 0.709150 0.702161 0.696972 0.693516 0.691754 0.691662 0.693240 0.696507 0.701503 0.708290 0.716953 0.727606 0.740390 0.755485 0.773108 0.793532 0.817085 0.844175 0.875304 0.911096 0.952331 1.000000 0.963295 0.930083 0.901183 0.876073 0.854326 0.835597 0.819603 0.806116 0.794950 0.785956 0.779020 0.774053 0.770994 0.769808 0.770477 0.773013 0.777443 0.783824 0.792235 0.802784 0.815609 0.830884 0.848826 0.869702 0.880298 0.847132 0.818275 0.793167 0.771357 0.752478 0.736232 0.722377 0.710714 0.701084 0.693360 0.687441 0.683255 0.680750 0.679895 0.680680 0.683115 0.687228 0.693071 0.700717 0.710263 0.721837 0.735595 0.751734 0.770494 0.792173 0.817132 0.804397 0.793652 0.785057 0.778500 0.773902 0.771204 0.770375 0.771404 0.774303 0.779109 0.785879 0.794700 0.805683 0.818976 0.834758 1202.500000 1.202932 0.844781
0.693360 0.687441 0.683255 0.680750 0.679895 0.680680 0.683115 0.687228 0.693071 0.700717 0.710263 0.721837 0.735595 0.751734 0.770494 0.792173 0.817132 0.804397 0.793652 0.785057 0.778500 0.773902 0.771204 0.770375 0.771404 0.774303 0.779109 0.785879 0.794700 0.805683 0.818976 0.834758 0.853257 0.874750 0.899577 0.928155 0.961000 0.998749 0.987275 0.943880 0.906231 0.873493 0.845003 0.820226 0.798730 0.780164 0.764241 0.750727 0.739433 0.730206 0.722928 0.717504 0.713868 0.711976 0.711804 0.713350 0.716632 0.721692 0.728592 0.737418 0.748286 0.761340 0.776762 0.794777 0.815658 0.819888 0.795967 0.775216 0.757298 0.741937 0.728907 0.718027 0.709150 0.702161 0.696972 0.693516 0.691754 0.691662 0.693240 0.696507 0.701503 0.708290 0.716953 0.727606 0.740390 0.755485 0.773108 0.793532 0.817085 0.844175 0.875304 0.911096 0.952331 1.000000 0.963295 0.930083 0.901183 0.876073 0.854326 0.835597 0.819603 0.806116 0.794950 0.785956 0.779020 0.774053 0.770994 0.769808 0.770477 0.773013 0.777443 0.783824 0.792235 0.802784 0.815609 0.830884 0.848826 0.869702 0.880298 0.847132 0.818275 0.793167 0.771357 0.752478 0.736232 0.722377 0.710714 0.701084 1202.500000 1.202932 0.844781
0.901183 0.876073 0.854326 0.835597 0.819603 0.806116 0.794950 0.785956 0.779020 0.774053 0.770994 0.769808 0.770477 0.773013 0.777443 0.783824 0.792235 0.802784 0.815609 0.830884 0.848826 0.869702 0.880298 0.847132 0.818275 0.793167 0.771357 0.752478 0.736232 0.722377 0.710714 0.701084 0.693360 0.687441 0.683255 0.680750 0.679895 0.680680 0.683115 0.687228 0.693071 0.700717 0.710263 0.721837 0.735595 0.751734 0.770494 0.792173 0.817132 0.804397 0.793652 0.785057 0.778500 0.773902 0.771204 0.770375 0.771404 0.774303 0.779109 0.785879 0.794700 0.805683 0.818976 0.834758 0.853257 0.874750 0.899577 0.928155 0.961000 0.998749 0.987275 0.943880 0.906231 0.873493 0.845003 0.820226 0.798730 0.780164 0.764241 0.750727 0.739433 0.730206 0.722928 0.717504 0.713868 0.711976 0.711804 0.713350 0.716632 0.721692 0.728592 0.737418 0.748286 0.761340 0.776762 0.794777 0.815658 0.819888 0.795967 0.775216 0.757298 0.741937 0.728907 0.718027 0.709150 0.702161 0.696972 0.693516 0.691754 0.691662 0.693240 0.696507 0.701503 0.708290 0.716953 0.727606 0.740390 0.755485 0.773108 0.793532 0.817085 0.844175 0.875304 0.911096 0.952331 1.000000 0.963295 0.930083 1202.500000 1.202932 0.844781
0.648447 0.684416 0.726463 0.716498 0.683110 0.654201 0.629093 0.607251 0.588243 0.571725 0.557416 0.545086 0.534550 0.525656 0.518281 0.512328 0.507719 0.504396 0.502319 0.501462 0.501815 0.503382 0.506181 0.510249 0.515634 0.522407 0.530655 0.540490 0.552052 0.565512 0.581079 0.599012 0.619627 0.643317 0.670569 0.701999 0.738386 0.780735 0.830360 0.889008 0.959057 0.861879 0.781721 0.716784 0.663284 0.618602 0.580871 0.548724 0.521139 0.497335 0.476709 0.458786 0.443192 0.429624 0.417839 0.407638 0.398862 0.391379 0.385082 0.379885 0.375720 0.372533 0.370284 0.368945 0.368501 0.368945 0.370284 0.372533 0.375720 0.379885 0.385082 0.391379 0.398862 0.407638 0.417839 0.429624 0.443192 0.458786 0.476709 0.497335 0.521139 0.548724 0.580871 0.618602 0.663284 0.716784 0.781721 0.861879 0.962939 1.000000 0.911810 0.839774 0.780028 0.729860 0.687311 0.650931 0.619627 0.592558 0.569068 0.548641 0.530864 0.515406 0.501997 0.490420 0.480497 0.472082 0.465057 0.459329 0.454823 0.451481 0.449263 0.448140 0.448100 0.449142 0.451279 0.454536 0.458954 0.464589 0.471514 0.479823 0.489630 0.501078 0.514344 0.529642 0.547236 0.567453 0.590700 0.617483 15322.500000 1.473163 0.571305
0.619627 0.592558 0.569068 0.548641 0.530864 0.515406 0.501997 0.490420 0.480497 0.472082 0.465057 0.459329 0.454823 0.451481 0.449263 0.448140 0.448100 0.449142 0.451279 0.454536 0.458954 0.464589 0.471514 0.479823 0.489630 0.501078 0.514344 0.529642 0.547236 0.567453 0.590700 0.617483 0.648447 0.684416 0.726463 0.716498 0.683110 0.654201 0.629093 0.607251 0.588243 0.571725 0.557416 0.545086 0.534550 0.525656 0.518281 0.512328 0.507719 0.504396 0.502319 0.501462 0.501815 0.503382 0.506181 0.510249 0.515634 0.522407 0.530655 0.540490 0.552052 0.565512 0.581079 0.599012 0.619627 0.643317 0.670569 0.701999 0.738386 0.780735 0.830360 0.889008 0.959057 0.861879 0.781721 0.716784 0.663284 0.618602 0.580871 0.548724 0.521139 0.497335 0.476709 0.458786 0.443192 0.429624 0.417839 0.407638 0.398862 0.391379 0.385082 0.379885 0.375720 0.372533 0.370284 0.368945 0.368501 0.368945 0.370284 0.372533 0.375720 0.379885 0.385082 0.391379 0.398862 0.407638 0.417839 0.429624 0.443192 0.458786 0.476709 0.497335 0.521139 0.548724 0.580871 0.618602 0.663284 0.716784 0.781721 0.861879 0.962939 1.000000 0.911810 0.839774 0.780028 0.729860 0.687311 0.650931 15322.500000 1.473163 0.571305
0.368501 0.368945 0.370284 0.372533 0.375720 0.379885 0.385082 0.391379 0.398862 0.407638 0.417839 0.429624 0.443192 0.458786 0.476709 0.497335 0.521139 0.548724 0.580871 0.618602 0.663284 0.716784 0.781721 0.861879 0.962939 1.000000 0.911810 0.839774 0.780028 0.729860 0.687311 0.650931 0.619627 0.592558 0.569068 0.548641 0.530864 0.515406 0.501997 0.490420 0.480497 0.472082 0.465057 0.459329 0.454823 0.451481 0.449263 0.448140 0.448100 0.449142 0.451279 0.454536 0.458954 0.464589 0.471514 0.479823 0.489630 0.501078 0.514344 0.529642 0.547236 0.567453 0.590700 0.617483 0.648447 0.684416 0.726463 0.716498 0.683110 0.654201 0.629093 0.607251 0.588243 0.571725 0.557416 0.545086 0.534550 0.525656 0.518281 0.512328 0.507719 0.504396 0.502319 0.501462 0.501815 0.503382 0.506181 0.510249 0.515634 0.522407 0.530655 0.540490 0.552052 0.565512 0.581079 0.599012 0.619627 0.643317 0.670569 0.701999 0.738386 0.780735 0.830360 0.889008 0.959057 0.861879 0.781721 0.716784 0.663284 0.618602 0.580871 0.548724 0.521139 0.497335 0.476709 0.458786 0.443192 0.429624 0.417839 0.407638 0.398862 0.391379 0.385082 0.379885 0.375720 0.372533 0.370284 0.368945 15322.500000 1.473163 0.571305
0.619627 0.643317 0.670569 0.701999 0.738386 0.780735 0.830360 0.889008 0.959057 0.861879 0.781721 0.716784 0.663284 0.618602 0.580871 0.548724 0.521139 0.497335 0.476709 0.458786 0.443192 0.429624 0.417839 0.407638 0.398862 0.391379 0.385082 0.379885 0.375720 0.372533 0.370284 0.368945 0.368501 0.368945 0.370284 0.372533 0.375720 0.379885 0.385082 0.391379 0.398862 0.407638 0.417839 0.429624 0.443192 0.458786 0.476709 0.497335 0.521139 0.548724 0.580871 0.618602 0.663284 0.716784 0.781721 0.861879 0.962939 1.000000 0.911810 0.839774 0.780028 0.729860 0.687311 0.650931 0.619627 0.592558 0.569068 0.548641 0.530864 0.515406 0.501997 0.490420 0.480497 0.472082 0.465057 0.459329 0.454823 0.451481 0.449263 0.448140 0.448100 0.449142 0.451279 0.454536 0.458954 0.464589 0.471514 0.479823 0.489630 0.501078 0.514344 0.529642 0.547236 0.567453 0.590700 0.617483 0.648447 0.684416 0.726463 0.716498 0.683110 0.654201 0.629093 0.607251 0.588243 0.571725 0.557416 0.545086 0.534550 0.525656 0.518281 0.512328 0.507719 0.504396 0.502319 0.501462 0.501815 0.503382 0.506181 0.510249 0.515634 0.522407 0.530655 0.540490 0.552052 0.565512 0.581079 0.599012 15322.500000 1.473163 0.571305
0.561692 0.599297 0.643960 0.697632 0.763070 0.734257 0.698290 0.667214 0.640263 0.616833 0.596443 0.578708 0.563315 0.550010 0.538587 0.528876 0.520743 0.514075 0.508786 0.504808 0.502093 0.500605 0.500329 0.501260 0.503409 0.506803 0.511483 0.517510 0.524959 0.533931 0.544551 0.556970 0.571377 0.588003 0.607133 0.629116 0.654386 0.683487 0.717104 0.724817 0.668058 0.620930 0.581321 0.547703 0.518942 0.494182 0.472765 0.454175 0.438008 0.423938 0.411705 0.401097 0.391942 0.384101 0.377459 0.371924 0.367421 0.363891 0.361291 0.359588 0.358762 0.358801 0.359707 0.361491 0.364174 0.367790 0.372385 0.378018 0.384765 0.392721 0.402002 0.412751 0.425142 0.439392 0.455766 0.474595 0.496294 0.521389 0.550554 0.584667 0.624891 0.672800 0.730570 0.801306 0.889580 1.000000 0.884915 0.795303 0.723755 0.665489 0.617281 0.576882 0.542673 0.513462 0.488352 0.466654 0.447836 0.431476 0.417238 0.404855 0.394107 0.384819 0.376845 0.370068 0.364393 0.359743 0.356057 0.353288 0.351402 0.350376 0.350197 0.350863 0.352382 0.354773 0.358065 0.362299 0.367531 0.373830 0.381283 0.389998 0.400107 0.411773 0.425194 0.440617 0.458347 0.478765 0.502354 0.529730 2895.000000 1.527151 0.567099
0.447836 0.431476 0.417238 0.404855 0.394107 0.384819 0.376845 0.370068 0.364393 0.359743 0.356057 0.353288 0.351402 0.350376 0.350197 0.350863 0.352382 0.354773 0.358065 0.362299 0.367531 0.373830 0.381283 0.389998 0.400107 0.411773 0.425194 0.440617 0.458347 0.478765 0.502354 0.529730 0.561692 0.599297 0.643960 0.697632 0.763070 0.734257 0.698290 0.667214 0.640263 0.616833 0.596443 0.578708 0.563315 0.550010 0.538587 0.528876 0.520743 0.514075 0.508786 0.504808 0.502093 0.500605 0.500329 0.501260 0.503409 0.506803 0.511483 0.517510 0.524959 0.533931 0.544551 0.556970 0.571377 0.588003 0.607133 0.629116 0.654386 0.683487 0.717104 0.724817 0.668058 0.620930 0.581321 0.547703 0.518942 0.494182 0.472765 0.454175 0.438008 0.423938 0.411705 0.401097 0.391942 0.384101 0.377459 0.371924 0.367421 0.363891 0.361291 0.359588 0.358762 0.358801 0.359707 0.361491 0.364174 0.367790 0.372385 0.378018 0.384765 0.392721 0.402002 0.412751 0.425142 0.439392 0.455766 0.474595 0.496294 0.521389 0.550554 0.584667 0.624891 0.672800 0.730570 0.801306 0.889580 1.000000 0.884915 0.795303 0.723755 0.665489 0.617281 0.576882 0.542673 0.513462 0.488352 0.466654 2895.000000 1.527151 0.567099
0.364174 0.367790 0.372385 0.378018 0.384765 0.392721 0.402002 0.412751 0.425142 0.439392 0.455766 0.474595 0.496294 0.521389 0.550554 0.584667 0.624891 0.672800 0.730570 0.801306 0.889580 1.000000 0.884915 0.795303 0.723755 0.665489 0.617281 0.576882 0.542673 0.513462 0.488352 0.466654 0.447836 0.431476 0.417238 0.404855 0.394107 0.384819 0.376845 0.370068 0.364393 0.359743 0.356057 0.353288 0.351402 0.350376 0.350197 0.350863 0.352382 0.354773 0.358065 0.362299 0.367531 0.373830 0.381283 0.389998 0.400107 0.411773 0.425194 0.440617 0.458347 0.478765 0.502354 0.529730 0.561692 0.599297 0.643960 0.697632 0.763070 0.734257 0.698290 0.667214 0.640263 0.616833 0.596443 0.578708 0.563315 0.550010 0.538587 0.528876 0.520743 0.514075 0.508786 0.504808 0.502093 0.500605 0.500329 0.501260 0.503409 0.506803 0.511483 0.517510 0.524959 0.533931 0.544551 0.556970 0.571377 0.588003 0.607133 0.629116 0.654386 0.683487 0.717104 0.724817 0.668058 0.620930 0.581321 0.547703 0.518942 0.494182 0.472765 0.454175 0.438008 0.423938 0.411705 0.401097 0.391942 0.384101 0.377459 0.371924 0.367421 0.363891 0.361291 0.359588 0.358762 0.358801 0.359707 0.361491 2895.000000 1.527151 0.567099
0.571377 0.588003 0.607133 0.629116 0.654386 0.683487 0.717104 0.724817 0.668058 0.620930 0.581321 0.547703 0.518942 0.494182 0.472765 0.454175 0.438008 0.423938 0.411705 0.401097 0.391942 0.384101 0.377459 0.371924 0.367421 0.363891 0.361291 0.359588 0.358762 0.358801 0.359707 0.361491 0.364174 0.367790 0.372385 0.378018 0.384765 0.392721 0.402002 0.412751 0.425142 0.439392 0.455766 0.474595 0.496294 0.521389 0.550554 0.584667 0.624891 0.672800 0.730570 0.801306 0.889580 1.000000 0.884915 0.795303 0.723755 0.665489 0.617281 0.576882 0.542673 0.513462 0.488352 0.466654 0.447836 0.431476 0.417238 0.404855 0.394107 0.384819 0.376845 0.370068 0.364393 0.359743 0.356057 0.353288 0.351402 0.350376 0.350197 0.350863 0.352382 0.354773 0.358065 0.362299 0.367531 0.373830 0.381283 0.389998 0.400107 0.411773 0.425194 0.440617 0.458347 0.478765 0.502354 0.529730 0.561692 0.599297 0.643960 0.697632 0.763070 0.734257 0.698290 0.667214 0.640263 0.616833 0.596443 0.578708 0.563315 0.550010 0.538587 0.528876 0.520743 0.514075 0.508786 0.504808 0.502093 0.500605 0.500329 0.501260 0.503409 0.506803 0.511483 0.517510 0.524959 0.533931 0.544551 0.556970 2895.000000 1.527151 0.567099
0.765219 0.828247 0.904964 1.000000 0.948188 0.872366 0.809577 0.756922 0.712308 0.674195 0.641421 0.613093 0.588520 0.567154 0.548560 0.532389 0.518357 0.506234 0.495832 0.486998 0.479609 0.473565 0.468787 0.465213 0.462800 0.461518 0.461352 0.462298 0.464370 0.467592 0.472004 0.477662 0.484639 0.493028 0.502945 0.514535 0.527974 0.543477 0.561312 0.581806 0.605367 0.632505 0.663865 0.700271 0.742796 0.792852 0.834964 0.785459 0.743186 0.706847 0.675448 0.648214 0.624538 0.603934 0.586012 0.570459 0.557017 0.545477 0.535670 0.527458 0.520730 0.515397 0.511391 0.508664 0.507180 0.506923 0.507889 0.510090 0.513553 0.518320 0.524452 0.532028 0.541149 0.551941 0.564559 0.579196 0.596087 0.615519 0.637850 0.663521 0.693084 0.727238 0.766876 0.813156 0.867605 0.932277 0.874843 0.803618 0.744776 0.695525 0.653861 0.618312 0.587772 0.561396 0.538527 0.518649 0.501351 0.486303 0.473239 0.461942 0.452236 0.443978 0.437049 0.431357 0.426826 0.423398 0.421032 0.419697 0.419378 0.420070 0.421782 0.424536 0.428364 0.433316 0.439454 0.446861 0.455638 0.465912 0.477838 0.491605 0.507448 0.525655 0.546583 0.570678 0.598503 0.630779 0.668437 0.712702 3826.500000 1.247995 0.593587
0.501351 0.486303 0.473239 0.461942 0.452236 0.443978 0.437049 0.431357 0.426826 0.423398 0.421032 0.419697 0.419378 0.420070 0.421782 0.424536 0.428364 0.433316 0.439454 0.446861 0.455638 0.465912 0.477838 0.491605 0.507448 0.525655 0.546583 0.570678 0.598503 0.630779 0.668437 0.712702 0.765219 0.828247 0.904964 1.000000 0.948188 0.872366 0.809577 0.756922 0.712308 0.674195 0.641421 0.613093 0.588520 0.567154 0.548560 0.532389 0.518357 0.506234 0.495832 0.486998 0.479609 0.473565 0.468787 0.465213 0.462800 0.461518 0.461352 0.462298 0.464370 0.467592 0.472004 0.477662 0.484639 0.493028 0.502945 0.514535 0.527974 0.543477 0.561312 0.581806 0.605367 0.632505 0.663865 0.700271 0.742796 0.792852 0.834964 0.785459 0.743186 0.706847 0.675448 0.648214 0.624538 0.603934 0.586012 0.570459 0.557017 0.545477 0.535670 0.527458 0.520730 0.515397 0.511391 0.508664 0.507180 0.506923 0.507889 0.510090 0.513553 0.518320 0.524452 0.532028 0.541149 0.551941 0.564559 0.579196 0.596087 0.615519 0.637850 0.663521 0.693084 0.727238 0.766876 0.813156 0.867605 0.932277 0.874843 0.803618 0.744776 0.695525 0.653861 0.618312 0.587772 0.561396 0.538527 0.518649 3826.500000 1.247995 0.593587
0.507180 0.506923 0.507889 0.510090 0.513553 0.518320 0.524452 0.532028 0.541149 0.551941 0.564559 0.579196 0.596087 0.615519 0.637850 0.663521 0.693084 0.727238 0.766876 0.813156 0.867605 0.932277 0.874843 0.803618 0.744776 0.695525 0.653861 0.618312 0.587772 0.561396 0.538527 0.518649 0.501351 0.486303 0.473239 0.461942 0.452236 0.443978 0.437049 0.431357 0.426826 0.423398 0.421032 0.419697 0.419378 0.420070 0.421782 0.424536 0.428364 0.433316 0.439454 0.446861 0.455638 0.465912 0.477838 0.491605 0.507448 0.525655 0.546583 0.570678 0.598503 0.630779 0.668437 0.712702 0.765219 0.828247 0.904964 1.000000 0.948188 0.872366 0.809577 0.756922 0.712308 0.674195 0.641421 0.613093 0.588520 0.567154 0.548560 0.532389 0.518357 0.506234 0.495832 0.486998 0.479609 0.473565 0.468787 0.465213 0.462800 0.461518 0.461352 0.462298 0.464370 0.467592 0.472004 0.477662 0.484639 0.493028 0.502945 0.514535 0.527974 0.543477 0.561312 0.581806 0.605367 0.632505 0.663865 0.700271 0.742796 0.792852 0.834964 0.785459 0.743186 0.706847 0.675448 0.648214 0.624538 0.603934 0.586012 0.570459 0.557017 0.545477 0.535670 0.527458 0.520730 0.515397 0.511391 0.508664 3826.500000 1.247995 0.593587
0.484639 0.493028 0.502945 0.514535 0.527974 0.543477 0.561312 0.581806 0.605367 0.632505 0.663865 0.700271 0.742796 0.792852 0.834964 0.785459 0.743186 0.706847 0.675448 0.648214 0.624538 0.603934 0.586012 0.570459 0.557017 0.545477 0.535670 0.527458 0.520730 0.515397 0.511391 0.508664 0.507180 0.506923 0.507889 0.510090 0.513553 0.518320 0.524452 0.532028 0.541149 0.551941 0.564559 0.579196 0.596087 0.615519 0.637850 0.663521 0.693084 0.727238 0.766876 0.813156 0.867605 0.932277 0.874843 0.803618 0.744776 0.695525 0.653861 0.618312 0.587772 0.561396 0.538527 0.518649 0.501351 0.486303 0.473239 0.461942 0.452236 0.443978 0.437049 0.431357 0.426826 0.423398 0.421032 0.419697 0.419378 0.420070 0.421782 0.424536 0.428364 0.433316 0.439454 0.446861 0.455638 0.465912 0.477838 0.491605 0.507448 0.525655 0.546583 0.570678 0.598503 0.630779 0.668437 0.712702 0.765219 0.828247 0.904964 1.000000 0.948188 0.872366 0.809577 0.756922 0.712308 0.674195 0.641421 0.613093 0.588520 0.567154 0.548560 0.532389 0.518357 0.506234 0.495832 0.486998 0.479609 0.473565 0.468787 0.465213 0.462800 0.461518 0.461352 0.462298 0.464370 0.467592 0.472004 0.477662 3826.500000 1.247995 0.593587
0.763065 0.816838 0.865592 0.810763 0.764198 0.724341 0.690015 0.660315 0.634531 0.612104 0.592588 0.575621 0.560913 0.548225 0.537365 0.528174 0.520525 0.514316 0.509466 0.505914 0.503616 0.502544 0.502686 0.504041 0.506628 0.510478 0.515639 0.522176 0.530174 0.539741 0.551012 0.564152 0.579364 0.596897 0.617057 0.640222 0.666864 0.697573 0.733098 0.774402 0.822737 0.879769 0.921778 0.845207 0.782121 0.729434 0.684943 0.647036 0.614509 0.586440 0.562118 0.540985 0.522597 0.506597 0.492701 0.480673 0.470324 0.461501 0.454075 0.447948 0.443036 0.439278 0.436626 0.435047 0.434523 0.435047 0.436626 0.439278 0.443036 0.447948 0.454075 0.461501 0.470324 0.480673 0.492701 0.506597 0.522597 0.540985 0.562118 0.586440 0.614509 0.647036 0.684943 0.729434 0.782121 0.845207 0.921778 1.000000 0.914800 0.844853 0.786603 0.737530 0.695798 0.660041 0.629221 0.602538 0.579364 0.559205 0.541662 0.526416 0.513207 0.501824 0.492095 0.483880 0.477065 0.471559 0.467292 0.464210 0.462274 0.461462 0.461763 0.463181 0.465733 0.469450 0.474380 0.480584 0.488144 0.497163 0.507767 0.520114 0.534396 0.550849 0.569763 0.591498 0.616502 0.645336 0.678714 0.717557 1944.000000 1.182446 0.598296
0.579364 0.559205 0.541662 0.526416 0.513207 0.501824 0.492095 0.483880 0.477065 0.471559 0.467292 0.464210 0.462274 0.461462 0.461763 0.463181 0.465733 0.469450 0.474380 0.480584 0.488144 0.497163 0.507767 0.520114 0.534396 0.550849 0.569763 0.591498 0.616502 0.645336 0.678714 0.717557 0.763065 0.816838 0.865592 0.810763 0.764198 0.724341 0.690015 0.660315 0.634531 0.612104 0.592588 0.575621 0.560913 0.548225 0.537365 0.528174 0.520525 0.514316 0.509466 0.505914 0.503616 0.502544 0.502686 0.504041 0.506628 0.510478 0.515639 0.522176 0.530174 0.539741 0.551012 0.564152 0.579364 0.596897 0.617057 0.640222 0.666864 0.697573 0.733098 0.774402 0.822737 0.879769 0.921778 0.845207 0.782121 0.729434 0.684943 0.647036 0.614509 0.586440 0.562118 0.540985 0.522597 0.506597 0.492701 0.480673 0.470324 0.461501 0.454075 0.447948 0.443036 0.439278 0.436626 0.435047 0.434523 0.435047 0.436626 0.439278 0.443036 0.447948 0.454075 0.461501 0.470324 0.480673 0.492701 0.506597 0.522597 0.540985 0.562118 0.586440 0.614509 0.647036 0.684943 0.729434 0.782121 0.845207 0.921778 1.000000 0.914800 0.844853 0.786603 0.737530 0.695798 0.660041 0.629221 0.602538 1944.000000 1.182446 0.598296
0.434523 0.435047 0.436626 0.439278 0.443036 0.447948 0.454075 0.461501 0.470324 0.480673 0.492701 0.506597 0.522597 0.540985 0.562118 0.586440 0.614509 0.647036 0.684943 0.729434 0.782121 0.845207 0.921778 1.000000 0.914800 0.844853 0.786603 0.737530 0.695798 0.660041 0.629221 0.602538 0.579364 0.559205 0.541662 0.526416 0.513207 0.501824 0.492095 0.483880 0.477065 0.471559 0.467292 0.464210 0.462274 0.461462 0.461763 0.463181 0.465733 0.469450 0.474380 0.480584 0.488144 0.497163 0.507767 0.520114 0.534396 0.550849 0.569763 0.591498 0.616502 0.645336 0.678714 0.717557 0.763065 0.816838 0.865592 0.810763 0.764198 0.724341 0.690015 0.660315 0.634531 0.612104 0.592588 0.575621 0.560913 0.548225 0.537365 0.528174 0.520525 0.514316 0.509466 0.505914 0.503616 0.502544 0.502686 0.504041 0.506628 0.510478 0.515639 0.522176 0.530174 0.539741 0.551012 0.564152 0.579364 0.596897 0.617057 0.640222 0.666864 0.697573 0.733098 0.774402 0.822737 0.879769 0.921778 0.845207 0.782121 0.729434 0.684943 0.647036 0.614509 0.586440 0.562118 0.540985 0.522597 0.506597 0.492701 0.480673 0.470324 0.461501 0.454075 0.447948 0.443036 0.439278 0.436626 0.435047 1944.000000 1.182446 0.598296
0.579364 0.596897 0.617057 0.640222 0.666864 0.697573 0.733098 0.774402 0.822737 0.879769 0.921778 0.845207 0.782121 0.729434 0.684943 0.647036 0.614509 0.586440 0.562118 0.540985 0.522597 0.506597 0.492701 0.480673 0.470324 0.461501 0.454075 0.447948 0.443036 0.439278 0.436626 0.435047 0.434523 0.435047 0.436626 0.439278 0.443036 0.447948 0.454075 0.461501 0.470324 0.480673 0.492701 0.506597 0.522597 0.540985 0.562118 0.586440 0.614509 0.647036 0.684943 0.729434 0.782121 0.845207 0.921778 1.000000 0.914800 0.844853 0.786603 0.737530 0.695798 0.660041 0.629221 0.602538 0.579364 0.559205 0.541662 0.526416 0.513207 0.501824 0.492095 0.483880 0.477065 0.471559 0.467292 0.464210 0.462274 0.461462 0.461763 0.463181 0.465733 0.469450 0.474380 0.480584 0.488144 0.497163 0.507767 0.520114 0.534396 0.550849 0.569763 0.591498 0.616502 0.645336 0.678714 0.717557 0.763065 0.816838 0.865592 0.810763 0.764198 0.724341 0.690015 0.660315 0.634531 0.612104 0.592588 0.575621 0.560913 0.548225 0.537365 0.528174 0.520525 0.514316 0.509466 0.505914 0.503616 0.502544 0.502686 0.504041 0.506628 0.510478 0.515639 0.522176 0.530174 0.539741 0.551012 0.564152 1944.000000 1.182446 0.598296
0.669467 0.658717 0.649847 0.642741 0.637308 0.633479 0.631207 0.630465 0.631243 0.633552 0.637419 0.642892 0.650039 0.658951 0.669748 0.682576 0.697619 0.715101 0.735299 0.758552 0.785276 0.815990 0.851339 0.892136 0.939417 0.994520 0.970241 0.910424 0.859504 0.815840 0.778182 0.745564 0.717229 0.692575 0.671124 0.652486 0.636347 0.622450 0.610587 0.600587 0.592314 0.585657 0.580531 0.576872 0.574634 0.573791 0.574332 0.576263 0.573823 0.566272 0.560249 0.555678 0.552502 0.550680 0.550192 0.551030 0.553206 0.556746 0.561693 0.568110 0.576079 0.585706 0.597123 0.610494 0.626020 0.643949 0.664582 0.688295 0.715550 0.746927 0.783154 0.825165 0.874163 0.931733 1.000000 0.970442 0.919297 0.875277 0.837205 0.804163 0.775427 0.750420 0.728675 0.709818 0.693540 0.679593 0.667772 0.657914 0.649885 0.643582 0.638924 0.635854 0.634334 0.634346 0.635890 0.638985 0.643668 0.649998 0.658054 0.667942 0.679794 0.693777 0.710093 0.728993 0.750786 0.743015 0.724458 0.708471 0.694812 0.683284 0.673729 0.666020 0.660058 0.655767 0.653095 0.652009 0.652496 0.654562 0.658232 0.663550 0.670584 0.679423 0.690183 0.703010 0.718086 0.714652 0.697231 0.682244 2267.500000 1.186560 0.762466
0.643668 0.649998 0.658054 0.667942 0.679794 0.693777 0.710093 0.728993 0.750786 0.743015 0.724458 0.708471 0.694812 0.683284 0.673729 0.666020 0.660058 0.655767 0.653095 0.652009 0.652496 0.654562 0.658232 0.663550 0.670584 0.679423 0.690183 0.703010 0.718086 0.714652 0.697231 0.682244 0.669467 0.658717 0.649847 0.642741 0.637308 0.633479 0.631207 0.630465 0.631243 0.633552 0.637419 0.642892 0.650039 0.658951 0.669748 0.682576 0.697619 0.715101 0.735299 0.758552 0.785276 0.815990 0.851339 0.892136 0.939417 0.994520 0.970241 0.910424 0.859504 0.815840 0.778182 0.745564 0.717229 0.692575 0.671124 0.652486 0.636347 0.622450 0.610587 0.600587 0.592314 0.585657 0.580531 0.576872 0.574634 0.573791 0.574332 0.576263 0.573823 0.566272 0.560249 0.555678 0.552502 0.550680 0.550192 0.551030 0.553206 0.556746 0.561693 0.568110 0.576079 0.585706 0.597123 0.610494 0.626020 0.643949 0.664582 0.688295 0.715550 0.746927 0.783154 0.825165 0.874163 0.931733 1.000000 0.970442 0.919297 0.875277 0.837205 0.804163 0.775427 0.750420 0.728675 0.709818 0.693540 0.679593 0.667772 0.657914 0.649885 0.643582 0.638924 0.635854 0.634334 0.634346 0.635890 0.638985 2267.500000 1.186560 0.762466
0.626020 0.643949 0.664582 0.688295 0.715550 0.746927 0.783154 0.825165 0.874163 0.931733 1.000000 0.970442 0.919297 0.875277 0.837205 0.804163 0.775427 0.750420 0.728675 0.709818 0.693540 0.679593 0.667772 0.657914 0.649885 0.643582 0.638924 0.635854 0.634334 0.634346 0.635890 0.638985 0.643668 0.649998 0.658054 0.667942 0.679794 0.693777 0.710093 0.728993 0.750786 0.743015 0.724458 0.708471 0.694812 0.683284 0.673729 0.666020 0.660058 0.655767 0.653095 0.652009 0.652496 0.654562 0.658232 0.663550 0.670584 0.679423 0.690183 0.703010 0.718086 0.714652 0.697231 0.682244 0.669467 0.658717 0.649847 0.642741 0.637308 0.633479 0.631207 0.630465 0.631243 0.633552 0.637419 0.642892 0.650039 0.658951 0.669748 0.682576 0.697619 0.715101 0.735299 0.758552 0.785276 0.815990 0.851339 0.892136 0.939417 0.994520 0.970241 0.910424 0.859504 0.815840 0.778182 0.745564 0.717229 0.692575 0.671124 0.652486 0.636347 0.622450 0.610587 0.600587 0.592314 0.585657 0.580531 0.576872 0.574634 0.573791 0.574332 0.576263 0.573823 0.566272 0.560249 0.555678 0.552502 0.550680 0.550192 0.551030 0.553206 0.556746 0.561693 0.568110 0.576079 0.585706 0.597123 0.610494 2267.500000 1.186560 0.762466
0.717229 0.692575 0.671124 0.652486 0.636347 0.622450 0.610587 0.600587 0.592314 0.585657 0.580531 0.576872 0.574634 0.573791 0.574332 0.576263 0.573823 0.566272 0.560249 0.555678 0.552502 0.550680 0.550192 0.551030 0.553206 0.556746 0.561693 0.568110 0.576079 0.585706 0.597123 0.610494 0.626020 0.643949 0.664582 0.688295 0.715550 0.746927 0.783154 0.825165 0.874163 0.931733 1.000000 0.970442 0.919297 0.875277 0.837205 0.804163 0.775427 0.750420 0.728675 0.709818 0.693540 0.679593 0.667772 0.657914 0.649885 0.643582 0.638924 0.635854 0.634334 0.634346 0.635890 0.638985 0.643668 0.649998 0.658054 0.667942 0.679794 0.693777 0.710093 0.728993 0.750786 0.743015 0.724458 0.708471 0.694812 0.683284 0.673729 0.666020 0.660058 0.655767 0.653095 0.652009 0.652496 0.654562 0.658232 0.663550 0.670584 0.679423 0.690183 0.703010 0.718086 0.714652 0.697231 0.682244 0.669467 0.658717 0.649847 0.642741 0.637308 0.633479 0.631207 0.630465 0.631243 0.633552 0.637419 0.642892 0.650039 0.658951 0.669748 0.682576 0.697619 0.715101 0.735299 0.758552 0.785276 0.815990 0.851339 0.892136 0.939417 0.994520 0.970241 0.910424 0.859504 0.815840 0.778182 0.745564 2267.500000 1.186560 0.762466
0.824713 0.794483 0.768176 0.745294 0.725432 0.708264 0.693521 0.680987 0.670484 0.661871 0.655034 0.649886 0.646364 0.644424 0.644043 0.645215 0.647956 0.652298 0.658295 0.666023 0.675581 0.687097 0.700730 0.716677 0.735178 0.756531 0.781099 0.789070 0.769416 0.752485 0.738024 0.725823 0.715715 0.707567 0.701272 0.696751 0.693950 0.692834 0.693389 0.695622 0.699560 0.705252 0.712768 0.722205 0.733686 0.747368 0.763444 0.782152 0.803786 0.828703 0.857346 0.890262 0.928131 0.971810 0.933257 0.898097 0.867503 0.840884 0.817762 0.797747 0.780525 0.765836 0.753471 0.743262 0.735072 0.728798 0.724361 0.721705 0.720798 0.721630 0.724211 0.728572 0.734767 0.742872 0.752993 0.765263 0.779849 0.789208 0.766106 0.746064 0.728755 0.713912 0.701317 0.690794 0.682202 0.675428 0.670386 0.667014 0.665270 0.665134 0.666603 0.669696 0.674450 0.680924 0.689199 0.699385 0.711615 0.726062 0.742934 0.762489 0.785044 0.785241 0.771282 0.759608 0.750062 0.742520 0.736885 0.733088 0.731083 0.730844 0.732369 0.735676 0.740806 0.747823 0.756814 0.767896 0.781218 0.796965 0.815363 0.836695 0.861303 0.889611 0.922140 0.959538 1.000000 0.945997 0.899585 0.859487 1191.500000 1.210687 0.837827
0.711615 0.726062 0.742934 0.762489 0.785044 0.785241 0.771282 0.759608 0.750062 0.742520 0.736885 0.733088 0.731083 0.730844 0.732369 0.735676 0.740806 0.747823 0.756814 0.767896 0.781218 0.796965 0.815363 0.836695 0.861303 0.889611 0.922140 0.959538 1.000000 0.945997 0.899585 0.859487 0.824713 0.794483 0.768176 0.745294 0.725432 0.708264 0.693521 0.680987 0.670484 0.661871 0.655034 0.649886 0.646364 0.644424 0.644043 0.645215 0.647956 0.652298 0.658295 0.666023 0.675581 0.687097 0.700730 0.716677 0.735178 0.756531 0.781099 0.789070 0.769416 0.752485 0.738024 0.725823 0.715715 0.707567 0.701272 0.696751 0.693950 0.692834 0.693389 0.695622 0.699560 0.705252 0.712768 0.722205 0.733686 0.747368 0.763444 0.782152 0.803786 0.828703 0.857346 0.890262 0.928131 0.971810 0.933257 0.898097 0.867503 0.840884 0.817762 0.797747 0.780525 0.765836 0.753471 0.743262 0.735072 0.728798 0.724361 0.721705 0.720798 0.721630 0.724211 0.728572 0.734767 0.742872 0.752993 0.765263 0.779849 0.789208 0.766106 0.746064 0.728755 0.713912 0.701317 0.690794 0.682202 0.675428 0.670386 0.667014 0.665270 0.665134 0.666603 0.669696 0.674450 0.680924 0.689199 0.699385 1191.500000 1.210687 0.837827
0.735072 0.728798 0.724361 0.721705 0.720798 0.721630 0.724211 0.728572 0.734767 0.742872 0.752993 0.765263 0.779849 0.789208 0.766106 0.746064 0.728755 0.713912 0.701317 0.690794 0.682202 0.675428 0.670386 0.667014 0.665270 0.665134 0.666603 0.669696 0.674450 0.680924 0.689199 0.699385 0.711615 0.726062 0.742934 0.762489 0.785044 0.785241 0.771282 0.759608 0.750062 0.742520 0.736885 0.733088 0.731083 0.730844 0.732369 0.735676 0.740806 0.747823 0.756814 0.767896 0.781218 0.796965 0.815363 0.836695 0.861303 0.889611 0.922140 0.959538 1.000000 0.945997 0.899585 0.859487 0.824713 0.794483 0.768176 0.745294 0.725432 0.708264 0.693521 0.680987 0.670484 0.661871 0.655034 0.649886 0.646364 0.644424 0.644043 0.645215 0.647956 0.652298 0.658295 0.666023 0.675581 0.687097 0.700730 0.716677 0.735178 0.756531 0.781099 0.789070 0.769416 0.752485 0.738024 0.725823 0.715715 0.707567 0.701272 0.696751 0.693950 0.692834 0.693389 0.695622 0.699560 0.705252 0.712768 0.722205 0.733686 0.747368 0.763444 0.782152 0.803786 0.828703 0.857346 0.890262 0.928131 0.971810 0.933257 0.898097 0.867503 0.840884 0.817762 0.797747 0.780525 0.765836 0.753471 0.743262 1191.500000 1.210687 0.837827
0.715715 0.707567 0.701272 0.696751 0.693950 0.692834 0.693389 0.695622 0.699560 0.705252 0.712768 0.722205 0.733686 0.747368 0.763444 0.782152 0.803786 0.828703 0.857346 0.890262 0.928131 0.971810 0.933257 0.898097 0.867503 0.840884 0.817762 0.797747 0.780525 0.765836 0.753471 0.743262 0.735072 0.728798 0.724361 0.721705 0.720798 0.721630 0.724211 0.728572 0.734767 0.742872 0.752993 0.765263 0.779849 0.789208 0.766106 0.746064 0.728755 0.713912 0.701317 0.690794 0.682202 0.675428 0.670386 0.667014 0.665270 0.665134 0.666603 0.669696 0.674450 0.680924 0.689199 0.699385 0.711615 0.726062 0.742934 0.762489 0.785044 0.785241 0.771282 0.759608 0.750062 0.742520 0.736885 0.733088 0.731083 0.730844 0.732369 0.735676 0.740806 0.747823 0.756814 0.767896 0.781218 0.796965 0.815363 0.836695 0.861303 0.889611 0.922140 0.959538 1.000000 0.945997 0.899585 0.859487 0.824713 0.794483 0.768176 0.745294 0.725432 0.708264 0.693521 0.680987 0.670484 0.661871 0.655034 0.649886 0.646364 0.644424 0.644043 0.645215 0.647956 0.652298 0.658295 0.666023 0.675581 0.687097 0.700730 0.716677 0.735178 0.756531 0.781099 0.789070 0.769416 0.752485 0.738024 0.725823 1191.500000 1.210687 0.837827
0.863483 0.822068 0.786251 0.755168 0.728137 0.704613 0.684158 0.666417 0.651102 0.637977 0.626852 0.617570 0.610007 0.604065 0.599668 0.596761 0.595311 0.595297 0.596722 0.599601 0.603970 0.609883 0.617416 0.626665 0.637755 0.650842 0.653122 0.653389 0.655235 0.658683 0.663775 0.670574 0.679168 0.689667 0.702214 0.716986 0.734199 0.754121 0.777078 0.803473 0.833804 0.824779 0.810701 0.798988 0.789484 0.782065 0.776637 0.773135 0.771514 0.771755 0.773861 0.777858 0.783794 0.791743 0.801807 0.814117 0.828838 0.846178 0.866390 0.861991 0.827594 0.797685 0.771657 0.749020 0.729382 0.712419 0.697870 0.685522 0.675201 0.666770 0.660116 0.655158 0.651831 0.650097 0.649933 0.651338 0.654329 0.658942 0.665235 0.673287 0.683202 0.695113 0.709186 0.725625 0.744680 0.766659 0.791942 0.820994 0.803337 0.775745 0.751736 0.730877 0.712814 0.697263 0.683987 0.672799 0.663544 0.656098 0.650368 0.646280 0.643784 0.642851 0.643468 0.645643 0.649403 0.654793 0.661881 0.670759 0.681541 0.694377 0.709447 0.725171 0.728745 0.734132 0.741399 0.750637 0.761968 0.775542 0.791551 0.810227 0.831859 0.856798 0.885478 0.918433 0.956329 1.000000 0.967878 0.911606 4486.500000 1.272041 0.831200
0.663544 0.656098 0.650368 0.646280 0.643784 0.642851 0.643468 0.645643 0.649403 0.654793 0.661881 0.670759 0.681541 0.694377 0.709447 0.725171 0.728745 0.734132 0.741399 0.750637 0.761968 0.775542 0.791551 0.810227 0.831859 0.856798 0.885478 0.918433 0.956329 1.000000 0.967878 0.911606 0.863483 0.822068 0.786251 0.755168 0.728137 0.704613 0.684158 0.666417 0.651102 0.637977 0.626852 0.617570 0.610007 0.604065 0.599668 0.596761 0.595311 0.595297 0.596722 0.599601 0.603970 0.609883 0.617416 0.626665 0.637755 0.650842 0.653122 0.653389 0.655235 0.658683 0.663775 0.670574 0.679168 0.689667 0.702214 0.716986 0.734199 0.754121 0.777078 0.803473 0.833804 0.824779 0.810701 0.798988 0.789484 0.782065 0.776637 0.773135 0.771514 0.771755 0.773861 0.777858 0.783794 0.791743 0.801807 0.814117 0.828838 0.846178 0.866390 0.861991 0.827594 0.797685 0.771657 0.749020 0.729382 0.712419 0.697870 0.685522 0.675201 0.666770 0.660116 0.655158 0.651831 0.650097 0.649933 0.651338 0.654329 0.658942 0.665235 0.673287 0.683202 0.695113 0.709186 0.725625 0.744680 0.766659 0.791942 0.820994 0.803337 0.775745 0.751736 0.730877 0.712814 0.697263 0.683987 0.672799 4486.500000 1.272041 0.831200
0.729382 0.712419 0.697870 0.685522 0.675201 0.666770 0.660116 0.655158 0.651831 0.650097 0.649933 0.651338 0.654329 0.658942 0.665235 0.673287 0.683202 0.695113 0.709186 0.725625 0.744680 0.766659 0.791942 0.820994 0.803337 0.775745 0.751736 0.730877 0.712814 0.697263 0.683987 0.672799 0.663544 0.656098 0.650368 0.646280 0.643784 0.642851 0.643468 0.645643 0.649403 0.654793 0.661881 0.670759 0.681541 0.694377 0.709447 0.725171 0.728745 0.734132 0.741399 0.750637 0.761968 0.775542 0.791551 0.810227 0.831859 0.856798 0.885478 0.918433 0.956329 1.000000 0.967878 0.911606 0.863483 0.822068 0.786251 0.755168 0.728137 0.704613 0.684158 0.666417 0.651102 0.637977 0.626852 0.617570 0.610007 0.604065 0.599668 0.596761 0.595311 0.595297 0.596722 0.599601 0.603970 0.609883 0.617416 0.626665 0.637755 0.650842 0.653122 0.653389 0.655235 0.658683 0.663775 0.670574 0.679168 0.689667 0.702214 0.716986 0.734199 0.754121 0.777078 0.803473 0.833804 0.824779 0.810701 0.798988 0.789484 0.782065 0.776637 0.773135 0.771514 0.771755 0.773861 0.777858 0.783794 0.791743 0.801807 0.814117 0.828838 0.846178 0.866390 0.861991 0.827594 0.797685 0.771657 0.749020 4486.500000 1.272041 0.831200
0.679168 0.689667 0.702214 0.716986 0.734199 0.754121 0.777078 0.803473 0.833804 0.824779 0.810701 0.798988 0.789484 0.782065 0.776637 0.773135 0.771514 0.771755 0.773861 0.777858 0.783794 0.791743 0.801807 0.814117 0.828838 0.846178 0.866390 0.861991 0.827594 0.797685 0.771657 0.749020 0.729382 0.712419 0.697870 0.685522 0.675201 0.666770 0.660116 0.655158 0.651831 0.650097 0.649933 0.651338 0.654329 0.658942 0.665235 0.673287 0.683202 0.695113 0.709186 0.725625 0.744680 0.766659 0.791942 0.820994 0.803337 0.775745 0.751736 0.730877 0.712814 0.697263 0.683987 0.672799 0.663544 0.656098 0.650368 0.646280 0.643784 0.642851 0.643468 0.645643 0.649403 0.654793 0.661881 0.670759 0.681541 0.694377 0.709447 0.725171 0.728745 0.734132 0.741399 0.750637 0.761968 0.775542 0.791551 0.810227 0.831859 0.856798 0.885478 0.918433 0.956329 1.000000 0.967878 0.911606 0.863483 0.822068 0.786251 0.755168 0.728137 0.704613 0.684158 0.666417 0.651102 0.637977 0.626852 0.617570 0.610007 0.604065 0.599668 0.596761 0.595311 0.595297 0.596722 0.599601 0.603970 0.609883 0.617416 0.626665 0.637755 0.650842 0.653122 0.653389 0.655235 0.658683 0.663775 0.670574 4486.500000 1.272041 0.831200
1.000000 0.945809 0.893145 0.847971 0.809002 0.775243 0.745913 0.720394 0.698190 0.678900 0.662200 0.647825 0.635560 0.625228 0.616689 0.609829 0.604561 0.600818 0.598554 0.597742 0.598371 0.600450 0.604003 0.609075 0.615729 0.624050 0.634147 0.646159 0.660255 0.676648 0.695593 0.708546 0.696995 0.687444 0.679767 0.673865 0.669664 0.667112 0.666178 0.666852 0.669140 0.673071 0.678693 0.686077 0.695316 0.706533 0.719881 0.735549 0.753770 0.774831 0.794458 0.773553 0.755493 0.739999 0.726844 0.715842 0.706847 0.699739 0.694429 0.690851 0.688961 0.688736 0.690173 0.693290 0.698124 0.704736 0.713210 0.723654 0.736208 0.751047 0.768386 0.788488 0.811679 0.838356 0.857836 0.821954 0.790781 0.763659 0.740059 0.719556 0.701803 0.686520 0.673475 0.662484 0.653394 0.646085 0.640465 0.636461 0.634025 0.633127 0.633756 0.635920 0.639645 0.644976 0.651982 0.660750 0.671397 0.684068 0.698942 0.704956 0.686766 0.671067 0.657619 0.646226 0.636728 0.628999 0.622938 0.618469 0.615535 0.614102 0.614151 0.615684 0.618718 0.623292 0.629462 0.637305 0.646925 0.658450 0.672042 0.687898 0.706264 0.727438 0.751787 0.779767 0.811942 0.849019 0.891896 0.941724 605.000000 1.179572 0.820118
0.671397 0.684068 0.698942 0.704956 0.686766 0.671067 0.657619 0.646226 0.636728 0.628999 0.622938 0.618469 0.615535 0.614102 0.614151 0.615684 0.618718 0.623292 0.629462 0.637305 0.646925 0.658450 0.672042 0.687898 0.706264 0.727438 0.751787 0.779767 0.811942 0.849019 0.891896 0.941724 1.000000 0.945809 0.893145 0.847971 0.809002 0.775243 0.745913 0.720394 0.698190 0.678900 0.662200 0.647825 0.635560 0.625228 0.616689 0.609829 0.604561 0.600818 0.598554 0.597742 0.598371 0.600450 0.604003 0.609075 0.615729 0.624050 0.634147 0.646159 0.660255 0.676648 0.695593 0.708546 0.696995 0.687444 0.679767 0.673865 0.669664 0.667112 0.666178 0.666852 0.669140 0.673071 0.678693 0.686077 0.695316 0.706533 0.719881 0.735549 0.753770 0.774831 0.794458 0.773553 0.755493 0.739999 0.726844 0.715842 0.706847 0.699739 0.694429 0.690851 0.688961 0.688736 0.690173 0.693290 0.698124 0.704736 0.713210 0.723654 0.736208 0.751047 0.768386 0.788488 0.811679 0.838356 0.857836 0.821954 0.790781 0.763659 0.740059 0.719556 0.701803 0.686520 0.673475 0.662484 0.653394 0.646085 0.640465 0.636461 0.634025 0.633127 0.633756 0.635920 0.639645 0.644976 0.651982 0.660750 605.000000 1.179572 0.820118
0.698124 0.704736 0.713210 0.723654 0.736208 0.751047 0.768386 0.788488 0.811679 0.838356 0.857836 0.821954 0.790781 0.763659 0.740059 0.719556 0.701803 0.686520 0.673475 0.662484 0.653394 0.646085 0.640465 0.636461 0.634025 0.633127 0.633756 0.635920 0.639645 0.644976 0.651982 0.660750 0.671397 0.684068 0.698942 0.704956 0.686766 0.671067 0.657619 0.646226 0.636728 0.628999 0.622938 0.618469 0.615535 0.614102 0.614151 0.615684 0.618718 0.623292 0.629462 0.637305 0.646925 0.658450 0.672042 0.687898 0.706264 0.727438 0.751787 0.779767 0.811942 0.849019 0.891896 0.941724 1.000000 0.945809 0.893145 0.847971 0.809002 0.775243 0.745913 0.720394 0.698190 0.678900 0.662200 0.647825 0.635560 0.625228 0.616689 0.609829 0.604561 0.600818 0.598554 0.597742 0.598371 0.600450 0.604003 0.609075 0.615729 0.624050 0.634147 0.646159 0.660255 0.676648 0.695593 0.708546 0.696995 0.687444 0.679767 0.673865 0.669664 0.667112 0.666178 0.666852 0.669140 0.673071 0.678693 0.686077 0.695316 0.706533 0.719881 0.735549 0.753770 0.774831 0.794458 0.773553 0.755493 0.739999 0.726844 0.715842 0.706847 0.699739 0.694429 0.690851 0.688961 0.688736 0.690173 0.693290 605.000000 1.179572 0.820118
0.696995 0.687444 0.679767 0.673865 0.669664 0.667112 0.666178 0.666852 0.669140 0.673071 0.678693 0.686077 0.695316 0.706533 0.719881 0.735549 0.753770 0.774831 0.794458 0.773553 0.755493 0.739999 0.726844 0.715842 0.706847 0.699739 0.694429 0.690851 0.688961 0.688736 0.690173 0.693290 0.698124 0.704736 0.713210 0.723654 0.736208 0.751047 0.768386 0.788488 0.811679 0.838356 0.857836 0.821954 0.790781 0.763659 0.740059 0.719556 0.701803 0.686520 0.673475 0.662484 0.653394 0.646085 0.640465 0.636461 0.634025 0.633127 0.633756 0.635920 0.639645 0.644976 0.651982 0.660750 0.671397 0.684068 0.698942 0.704956 0.686766 0.671067 0.657619 0.646226 0.636728 0.628999 0.622938 0.618469 0.615535 0.614102 0.614151 0.615684 0.618718 0.623292 0.629462 0.637305 0.646925 0.658450 0.672042 0.687898 0.706264 0.727438 0.751787 0.779767 0.811942 0.849019 0.891896 0.941724 1.000000 0.945809 0.893145 0.847971 0.809002 0.775243 0.745913 0.720394 0.698190 0.678900 0.662200 0.647825 0.635560 0.625228 0.616689 0.609829 0.604561 0.600818 0.598554 0.597742 0.598371 0.600450 0.604003 0.609075 0.615729 0.624050 0.634147 0.646159 0.660255 0.676648 0.695593 0.708546 605.000000 1.179572 0.820118
0.728607 0.767175 0.812119 0.864871 0.927341 1.000000 0.945773 0.899179 0.858933 0.824035 0.793700 0.767302 0.744338 0.724404 0.707169 0.692364 0.679770 0.669210 0.660539 0.653645 0.648440 0.644858 0.642855 0.642408 0.643510 0.646176 0.650437 0.656347 0.663979 0.673432 0.684832 0.698336 0.692186 0.669459 0.649692 0.632539 0.617719 0.605001 0.594199 0.585161 0.577765 0.571914 0.567534 0.564570 0.562986 0.562763 0.563898 0.566405 0.570315 0.575675 0.582554 0.591040 0.601247 0.613317 0.627423 0.643781 0.662653 0.684364 0.709313 0.737995 0.771029 0.809201 0.853512 0.887816 0.850335 0.817782 0.789460 0.764816 0.743400 0.724850 0.708869 0.695216 0.683695 0.674148 0.666446 0.660492 0.656211 0.653548 0.652473 0.652972 0.655051 0.658735 0.664069 0.671121 0.679980 0.690762 0.703614 0.718718 0.736297 0.756626 0.780042 0.806959 0.837892 0.864871 0.812119 0.767175 0.728607 0.695326 0.666489 0.641432 0.619629 0.600660 0.584182 0.569921 0.557652 0.547189 0.538386 0.531120 0.525296 0.520840 0.517696 0.515824 0.515203 0.515824 0.517696 0.520840 0.525296 0.531120 0.538386 0.547189 0.557652 0.569921 0.584182 0.600660 0.619629 0.641432 0.666489 0.695326 7800.500000 1.300993 0.747559
0.728607 0.695326 0.666489 0.641432 0.619629 0.600660 0.584182 0.569921 0.557652 0.547189 0.538386 0.531120 0.525296 0.520840 0.517696 0.515824 0.515203 0.515824 0.517696 0.520840 0.525296 0.531120 0.538386 0.547189 0.557652 0.569921 0.584182 0.600660 0.619629 0.641432 0.666489 0.695326 0.728607 0.767175 0.812119 0.864871 0.927341 1.000000 0.945773 0.899179 0.858933 0.824035 0.793700 0.767302 0.744338 0.724404 0.707169 0.692364 0.679770 0.669210 0.660539 0.653645 0.648440 0.644858 0.642855 0.642408 0.643510 0.646176 0.650437 0.656347 0.663979 0.673432 0.684832 0.698336 0.692186 0.669459 0.649692 0.632539 0.617719 0.605001 0.594199 0.585161 0.577765 0.571914 0.567534 0.564570 0.562986 0.562763 0.563898 0.566405 0.570315 0.575675 0.582554 0.591040 0.601247 0.613317 0.627423 0.643781 0.662653 0.684364 0.709313 0.737995 0.771029 0.809201 0.853512 0.887816 0.850335 0.817782 0.789460 0.764816 0.743400 0.724850 0.708869 0.695216 0.683695 0.674148 0.666446 0.660492 0.656211 0.653548 0.652473 0.652972 0.655051 0.658735 0.664069 0.671121 0.679980 0.690762 0.703614 0.718718 0.736297 0.756626 0.780042 0.806959 0.837892 0.864871 0.812119 0.767175 7800.500000 1.300993 0.747559
0.850335 0.817782 0.789460 0.764816 0.743400 0.724850 0.708869 0.695216 0.683695 0.674148 0.666446 0.660492 0.656211 0.653548 0.652473 0.652972 0.655051 0.658735 0.664069 0.671121 0.679980 0.690762 0.703614 0.718718 0.736297 0.756626 0.780042 0.806959 0.837892 0.864871 0.812119 0.767175 0.728607 0.695326 0.666489 0.641432 0.619629 0.600660 0.584182 0.569921 0.557652 0.547189 0.538386 0.531120 0.525296 0.520840 0.517696 0.515824 0.515203 0.515824 0.517696 0.520840 0.525296 0.531120 0.538386 0.547189 0.557652 0.569921 0.584182 0.600660 0.619629 0.641432 0.666489 0.695326 0.728607 0.767175 0.812119 0.864871 0.927341 1.000000 0.945773 0.899179 0.858933 0.824035 0.793700 0.767302 0.744338 0.724404 0.707169 0.692364 0.679770 0.669210 0.660539 0.653645 0.648440 0.644858 0.642855 0.642408 0.643510 0.646176 0.650437 0.656347 0.663979 0.673432 0.684832 0.698336 0.692186 0.669459 0.649692 0.632539 0.617719 0.605001 0.594199 0.585161 0.577765 0.571914 0.567534 0.564570 0.562986 0.562763 0.563898 0.566405 0.570315 0.575675 0.582554 0.591040 0.601247 0.613317 0.627423 0.643781 0.662653 0.684364 0.709313 0.737995 0.771029 0.809201 0.853512 0.887816 7800.500000 1.300993 0.747559
0.692186 0.669459 0.649692 0.632539 0.617719 0.605001 0.594199 0.585161 0.577765 0.571914 0.567534 0.564570 0.562986 0.562763 0.563898 0.566405 0.570315 0.575675 0.582554 0.591040 0.601247 0.613317 0.627423 0.643781 0.662653 0.684364 0.709313 0.737995 0.771029 0.809201 0.853512 0.887816 0.850335 0.817782 0.789460 0.764816 0.743400 0.724850 0.708869 0.695216 0.683695 0.674148 0.666446 0.660492 0.656211 0.653548 0.652473 0.652972 0.655051 0.658735 0.664069 0.671121 0.679980 0.690762 0.703614 0.718718 0.736297 0.756626 0.780042 0.806959 0.837892 0.864871 0.812119 0.767175 0.728607 0.695326 0.666489 0.641432 0.619629 0.600660 0.584182 0.569921 0.557652 0.547189 0.538386 0.531120 0.525296 0.520840 0.517696 0.515824 0.515203 0.515824 0.517696 0.520840 0.525296 0.531120 0.538386 0.547189 0.557652 0.569921 0.584182 0.600660 0.619629 0.641432 0.666489 0.695326 0.728607 0.767175 0.812119 0.864871 0.927341 1.000000 0.945773 0.899179 0.858933 0.824035 0.793700 0.767302 0.744338 0.724404 0.707169 0.692364 0.679770 0.669210 0.660539 0.653645 0.648440 0.644858 0.642855 0.642408 0.643510 0.646176 0.650437 0.656347 0.663979 0.673432 0.684832 0.698336 7800.500000 1.300993 0.747559
0.673046 0.663611 0.655996 0.650102 0.645855 0.643203 0.642113 0.642572 0.644586 0.648179 0.653395 0.660299 0.668980 0.679551 0.692155 0.706971 0.724219 0.744166 0.767144 0.793559 0.823913 0.858833 0.899106 0.945732 1.000000 0.976801 0.929249 0.888152 0.852503 0.821508 0.794535 0.771075 0.750717 0.733128 0.718034 0.705214 0.694487 0.685709 0.678765 0.673566 0.670048 0.668169 0.667904 0.669251 0.672227 0.676866 0.683228 0.691392 0.701464 0.713578 0.727902 0.744643 0.764057 0.786455 0.812223 0.841832 0.875872 0.915079 0.956150 0.912213 0.874150 0.841082 0.812309 0.787274 0.765525 0.746696 0.730489 0.716660 0.705011 0.695384 0.687651 0.681711 0.677492 0.674941 0.674026 0.674737 0.677083 0.681091 0.686812 0.694316 0.703701 0.715088 0.728635 0.744533 0.758143 0.749562 0.742942 0.738201 0.735281 0.734145 0.734780 0.737193 0.741415 0.747496 0.755513 0.765568 0.777794 0.792356 0.809461 0.829363 0.852373 0.878875 0.909338 0.890382 0.866053 0.844999 0.826890 0.811454 0.798473 0.787768 0.779198 0.772655 0.768055 0.765343 0.764485 0.765471 0.768313 0.773045 0.779726 0.788439 0.799297 0.805402 0.777451 0.753129 0.731992 0.713682 0.697905 0.684425 1483.000000 1.095344 0.817079
0.777794 0.792356 0.809461 0.829363 0.852373 0.878875 0.909338 0.890382 0.866053 0.844999 0.826890 0.811454 0.798473 0.787768 0.779198 0.772655 0.768055 0.765343 0.764485 0.765471 0.768313 0.773045 0.779726 0.788439 0.799297 0.805402 0.777451 0.753129 0.731992 0.713682 0.697905 0.684425 0.673046 0.663611 0.655996 0.650102 0.645855 0.643203 0.642113 0.642572 0.644586 0.648179 0.653395 0.660299 0.668980 0.679551 0.692155 0.706971 0.724219 0.744166 0.767144 0.793559 0.823913 0.858833 0.899106 0.945732 1.000000 0.976801 0.929249 0.888152 0.852503 0.821508 0.794535 0.771075 0.750717 0.733128 0.718034 0.705214 0.694487 0.685709 0.678765 0.673566 0.670048 0.668169 0.667904 0.669251 0.672227 0.676866 0.683228 0.691392 0.701464 0.713578 0.727902 0.744643 0.764057 0.786455 0.812223 0.841832 0.875872 0.915079 0.956150 0.912213 0.874150 0.841082 0.812309 0.787274 0.765525 0.746696 0.730489 0.716660 0.705011 0.695384 0.687651 0.681711 0.677492 0.674941 0.674026 0.674737 0.677083 0.681091 0.686812 0.694316 0.703701 0.715088 0.728635 0.744533 0.758143 0.749562 0.742942 0.738201 0.735281 0.734145 0.734780 0.737193 0.741415 0.747496 0.755513 0.765568 1483.000000 1.095344 0.817079
0.765525 0.746696 0.730489 0.716660 0.705011 0.695384 0.687651 0.681711 0.677492 0.674941 0.674026 0.674737 0.677083 0.681091 0.686812 0.694316 0.703701 0.715088 0.728635 0.744533 0.758143 0.749562 0.742942 0.738201 0.735281 0.734145 0.734780 0.737193 0.741415 0.747496 0.755513 0.765568 0.777794 0.792356 0.809461 0.829363 0.852373 0.878875 0.909338 0.890382 0.866053 0.844999 0.826890 0.811454 0.798473 0.787768 0.779198 0.772655 0.768055 0.765343 0.764485 0.765471 0.768313 0.773045 0.779726 0.788439 0.799297 0.805402 0.777451 0.753129 0.731992 0.713682 0.697905 0.684425 0.673046 0.663611 0.655996 0.650102 0.645855 0.643203 0.642113 0.642572 0.644586 0.648179 0.653395 0.660299 0.668980 0.679551 0.692155 0.706971 0.724219 0.744166 0.767144 0.793559 0.823913 0.858833 0.899106 0.945732 1.000000 0.976801 0.929249 0.888152 0.852503 0.821508 0.794535 0.771075 0.750717 0.733128 0.718034 0.705214 0.694487 0.685709 0.678765 0.673566 0.670048 0.668169 0.667904 0.669251 0.672227 0.676866 0.683228 0.691392 0.701464 0.713578 0.727902 0.744643 0.764057 0.786455 0.812223 0.841832 0.875872 0.915079 0.956150 0.912213 0.874150 0.841082 0.812309 0.787274 1483.000000 1.095344 0.817079
0.750717 0.733128 0.718034 0.705214 0.694487 0.685709 0.678765 0.673566 0.670048 0.668169 0.667904 0.669251 0.672227 0.676866 0.683228 0.691392 0.701464 0.713578 0.727902 0.744643 0.764057 0.786455 0.812223 0.841832 0.875872 0.915079 0.956150 0.912213 0.874150 0.841082 0.812309 0.787274 0.765525 0.746696 0.730489 0.716660 0.705011 0.695384 0.687651 0.681711 0.677492 0.674941 0.674026 0.674737 0.677083 0.681091 0.686812 0.694316 0.703701 0.715088 0.728635 0.744533 0.758143 0.749562 0.742942 0.738201 0.735281 0.734145 0.734780 0.737193 0.741415 0.747496 0.755513 0.765568 0.777794 0.792356 0.809461 0.829363 0.852373 0.878875 0.909338 0.890382 0.866053 0.844999 0.826890 0.811454 0.798473 0.787768 0.779198 0.772655 0.768055 0.765343 0.764485 0.765471 0.768313 0.773045 0.779726 0.788439 0.799297 0.805402 0.777451 0.753129 0.731992 0.713682 0.697905 0.684425 0.673046 0.663611 0.655996 0.650102 0.645855 0.643203 0.642113 0.642572 0.644586 0.648179 0.653395 0.660299 0.668980 0.679551 0.692155 0.706971 0.724219 0.744166 0.767144 0.793559 0.823913 0.858833 0.899106 0.945732 1.000000 0.976801 0.929249 0.888152 0.852503 0.821508 0.794535 0.771075 1483.000000 1.095344 0.817079
0.604219 0.590445 0.578647 0.568655 0.560329 0.553557 0.548252 0.544347 0.541793 0.540559 0.540631 0.542008 0.544708 0.548763 0.554224 0.561161 0.569664 0.579846 0.591851 0.605853 0.622070 0.640764 0.662262 0.686964 0.715372 0.748109 0.785972 0.829976 0.881451 0.942152 0.986109 0.915978 0.857089 0.807141 0.764434 0.727685 0.695906 0.668330 0.644348 0.623479 0.605331 0.589590 0.575999 0.564350 0.554472 0.546227 0.539505 0.534217 0.530297 0.527696 0.526382 0.526340 0.527568 0.530083 0.533913 0.539108 0.545733 0.553873 0.563638 0.575164 0.588619 0.604210 0.622188 0.638143 0.619711 0.603728 0.589934 0.578117 0.568107 0.559762 0.552973 0.547649 0.543725 0.541150 0.539895 0.539943 0.541295 0.543968 0.547994 0.553423 0.560324 0.568787 0.578926 0.590882 0.604830 0.620984 0.639609 0.661027 0.685638 0.713939 0.746553 0.784269 0.828099 0.879363 0.939806 1.000000 0.926175 0.864441 0.812256 0.767758 0.729548 0.696560 0.667965 0.643114 0.621489 0.602676 0.586340 0.572207 0.560058 0.549710 0.541018 0.533862 0.528149 0.523805 0.520777 0.519027 0.518533 0.519290 0.521307 0.524609 0.529235 0.535245 0.542716 0.551746 0.562459 0.575010 0.589586 0.606419 1768.500000 1.600243 0.705183
0.926175 0.864441 0.812256 0.767758 0.729548 0.696560 0.667965 0.643114 0.621489 0.602676 0.586340 0.572207 0.560058 0.549710 0.541018 0.533862 0.528149 0.523805 0.520777 0.519027 0.518533 0.519290 0.521307 0.524609 0.529235 0.535245 0.542716 0.551746 0.562459 0.575010 0.589586 0.606419 0.604219 0.590445 0.578647 0.568655 0.560329 0.553557 0.548252 0.544347 0.541793 0.540559 0.540631 0.542008 0.544708 0.548763 0.554224 0.561161 0.569664 0.579846 0.591851 0.605853 0.622070 0.640764 0.662262 0.686964 0.715372 0.748109 0.785972 0.829976 0.881451 0.942152 0.986109 0.915978 0.857089 0.807141 0.764434 0.727685 0.695906 0.668330 0.644348 0.623479 0.605331 0.589590 0.575999 0.564350 0.554472 0.546227 0.539505 0.534217 0.530297 0.527696 0.526382 0.526340 0.527568 0.530083 0.533913 0.539108 0.545733 0.553873 0.563638 0.575164 0.588619 0.604210 0.622188 0.638143 0.619711 0.603728 0.589934 0.578117 0.568107 0.559762 0.552973 0.547649 0.543725 0.541150 0.539895 0.539943 0.541295 0.543968 0.547994 0.553423 0.560324 0.568787 0.578926 0.590882 0.604830 0.620984 0.639609 0.661027 0.685638 0.713939 0.746553 0.784269 0.828099 0.879363 0.939806 1.000000 1768.500000 1.600243 0.705183
0.619711 0.603728 0.589934 0.578117 0.568107 0.559762 0.552973 0.547649 0.543725 0.541150 0.539895 0.539943 0.541295 0.543968 0.547994 0.553423 0.560324 0.568787 0.578926 0.590882 0.604830 0.620984 0.639609 0.661027 0.685638 0.713939 0.746553 0.784269 0.828099 0.879363 0.939806 1.000000 0.926175 0.864441 0.812256 0.767758 0.729548 0.696560 0.667965 0.643114 0.621489 0.602676 0.586340 0.572207 0.560058 0.549710 0.541018 0.533862 0.528149 0.523805 0.520777 0.519027 0.518533 0.519290 0.521307 0.524609 0.529235 0.535245 0.542716 0.551746 0.562459 0.575010 0.589586 0.606419 0.604219 0.590445 0.578647 0.568655 0.560329 0.553557 0.548252 0.544347 0.541793 0.540559 0.540631 0.542008 0.544708 0.548763 0.554224 0.561161 0.569664 0.579846 0.591851 0.605853 0.622070 0.640764 0.662262 0.686964 0.715372 0.748109 0.785972 0.829976 0.881451 0.942152 0.986109 0.915978 0.857089 0.807141 0.764434 0.727685 0.695906 0.668330 0.644348 0.623479 0.605331 0.589590 0.575999 0.564350 0.554472 0.546227 0.539505 0.534217 0.530297 0.527696 0.526382 0.526340 0.527568 0.530083 0.533913 0.539108 0.545733 0.553873 0.563638 0.575164 0.588619 0.604210 0.622188 0.638143 1768.500000 1.600243 0.705183
0.857089 0.807141 0.764434 0.727685 0.695906 0.668330 0.644348 0.623479 0.605331 0.589590 0.575999 0.564350 0.554472 0.546227 0.539505 0.534217 0.530297 0.527696 0.526382 0.526340 0.527568 0.530083 0.533913 0.539108 0.545733 0.553873 0.563638 0.575164 0.588619 0.604210 0.622188 0.638143 0.619711 0.603728 0.589934 0.578117 0.568107 0.559762 0.552973 0.547649 0.543725 0.541150 0.539895 0.539943 0.541295 0.543968 0.547994 0.553423 0.560324 0.568787 0.578926 0.590882 0.604830 0.620984 0.639609 0.661027 0.685638 0.713939 0.746553 0.784269 0.828099 0.879363 0.939806 1.000000 0.926175 0.864441 0.812256 0.767758 0.729548 0.696560 0.667965 0.643114 0.621489 0.602676 0.586340 0.572207 0.560058 0.549710 0.541018 0.533862 0.528149 0.523805 0.520777 0.519027 0.518533 0.519290 0.521307 0.524609 0.529235 0.535245 0.542716 0.551746 0.562459 0.575010 0.589586 0.606419 0.604219 0.590445 0.578647 0.568655 0.560329 0.553557 0.548252 0.544347 0.541793 0.540559 0.540631 0.542008 0.544708 0.548763 0.554224 0.561161 0.569664 0.579846 0.591851 0.605853 0.622070 0.640764 0.662262 0.686964 0.715372 0.748109 0.785972 0.829976 0.881451 0.942152 0.986109 0.915978 1768.500000 1.600243 0.705183
0.962094 1.000000 0.944068 0.896106 0.854741 0.818912 0.787788 0.760708 0.737145 0.716673 0.698945 0.683680 0.670650 0.659665 0.650577 0.643265 0.637634 0.633615 0.631156 0.630229 0.630822 0.632942 0.636616 0.641888 0.648824 0.657513 0.664192 0.655994 0.649541 0.644753 0.641568 0.639950 0.639876 0.641348 0.644383 0.649017 0.655309 0.663338 0.673207 0.685050 0.699032 0.715355 0.734270 0.756083 0.781172 0.810001 0.843149 0.881339 0.870570 0.853070 0.838240 0.825872 0.815800 0.807894 0.802053 0.798206 0.796304 0.796325 0.798269 0.802160 0.808046 0.815998 0.826119 0.838539 0.853426 0.870988 0.891480 0.908389 0.872064 0.840478 0.812991 0.789086 0.768344 0.750427 0.735056 0.722007 0.711097 0.702177 0.695133 0.689874 0.686335 0.684473 0.684264 0.675579 0.661548 0.649621 0.639630 0.631440 0.624943 0.620058 0.616722 0.614895 0.614556 0.615699 0.618339 0.622507 0.628256 0.635658 0.644809 0.655829 0.668873 0.684127 0.701823 0.722246 0.745743 0.772744 0.803783 0.820647 0.805993 0.793732 0.783698 0.775760 0.769817 0.765795 0.763645 0.763341 0.764879 0.768278 0.773580 0.780849 0.790177 0.801686 0.815529 0.831898 0.851030 0.873215 0.898811 0.928257 5530.000000 1.261878 0.851315
0.628256 0.635658 0.644809 0.655829 0.668873 0.684127 0.701823 0.722246 0.745743 0.772744 0.803783 0.820647 0.805993 0.793732 0.783698 0.775760 0.769817 0.765795 0.763645 0.763341 0.764879 0.768278 0.773580 0.780849 0.790177 0.801686 0.815529 0.831898 0.851030 0.873215 0.898811 0.928257 0.962094 1.000000 0.944068 0.896106 0.854741 0.818912 0.787788 0.760708 0.737145 0.716673 0.698945 0.683680 0.670650 0.659665 0.650577 0.643265 0.637634 0.633615 0.631156 0.630229 0.630822 0.632942 0.636616 0.641888 0.648824 0.657513 0.664192 0.655994 0.649541 0.644753 0.641568 0.639950 0.639876 0.641348 0.644383 0.649017 0.655309 0.663338 0.673207 0.685050 0.699032 0.715355 0.734270 0.756083 0.781172 0.810001 0.843149 0.881339 0.870570 0.853070 0.838240 0.825872 0.815800 0.807894 0.802053 0.798206 0.796304 0.796325 0.798269 0.802160 0.808046 0.815998 0.826119 0.838539 0.853426 0.870988 0.891480 0.908389 0.872064 0.840478 0.812991 0.789086 0.768344 0.750427 0.735056 0.722007 0.711097 0.702177 0.695133 0.689874 0.686335 0.684473 0.684264 0.675579 0.661548 0.649621 0.639630 0.631440 0.624943 0.620058 0.616722 0.614895 0.614556 0.615699 0.618339 0.622507 5530.000000 1.261878 0.851315
0.853426 0.870988 0.891480 0.908389 0.872064 0.840478 0.812991 0.789086 0.768344 0.750427 0.735056 0.722007 0.711097 0.702177 0.695133 0.689874 0.686335 0.684473 0.684264 0.675579 0.661548 0.649621 0.639630 0.631440 0.624943 0.620058 0.616722 0.614895 0.614556 0.615699 0.618339 0.622507 0.628256 0.635658 0.644809 0.655829 0.668873 0.684127 0.701823 0.722246 0.745743 0.772744 0.803783 0.820647 0.805993 0.793732 0.783698 0.775760 0.769817 0.765795 0.763645 0.763341 0.764879 0.768278 0.773580 0.780849 0.790177 0.801686 0.815529 0.831898 0.851030 0.873215 0.898811 0.928257 0.962094 1.000000 0.944068 0.896106 0.854741 0.818912 0.787788 0.760708 0.737145 0.716673 0.698945 0.683680 0.670650 0.659665 0.650577 0.643265 0.637634 0.633615 0.631156 0.630229 0.630822 0.632942 0.636616 0.641888 0.648824 0.657513 0.664192 0.655994 0.649541 0.644753 0.641568 0.639950 0.639876 0.641348 0.644383 0.649017 0.655309 0.663338 0.673207 0.685050 0.699032 0.715355 0.734270 0.756083 0.781172 0.810001 0.843149 0.881339 0.870570 0.853070 0.838240 0.825872 0.815800 0.807894 0.802053 0.798206 0.796304 0.796325 0.798269 0.802160 0.808046 0.815998 0.826119 0.838539 5530.000000 1.261878 0.851315
0.639876 0.641348 0.644383 0.649017 0.655309 0.663338 0.673207 0.685050 0.699032 0.715355 0.734270 0.756083 0.781172 0.810001 0.843149 0.881339 0.870570 0.853070 0.838240 0.825872 0.815800 0.807894 0.802053 0.798206 0.796304 0.796325 0.798269 0.802160 0.808046 0.815998 0.826119 0.838539 0.853426 0.870988 0.891480 0.908389 0.872064 0.840478 0.812991 0.789086 0.768344 0.750427 0.735056 0.722007 0.711097 0.702177 0.695133 0.689874 0.686335 0.684473 0.684264 0.675579 0.661548 0.649621 0.639630 0.631440 0.624943 0.620058 0.616722 0.614895 0.614556 0.615699 0.618339 0.622507 0.628256 0.635658 0.644809 0.655829 0.668873 0.684127 0.701823 0.722246 0.745743 0.772744 0.803783 0.820647 0.805993 0.793732 0.783698 0.775760 0.769817 0.765795 0.763645 0.763341 0.764879 0.768278 0.773580 0.780849 0.790177 0.801686 0.815529 0.831898 0.851030 0.873215 0.898811 0.928257 0.962094 1.000000 0.944068 0.896106 0.854741 0.818912 0.787788 0.760708 0.737145 0.716673 0.698945 0.683680 0.670650 0.659665 0.650577 0.643265 0.637634 0.633615 0.631156 0.630229 0.630822 0.632942 0.636616 0.641888 0.648824 0.657513 0.664192 0.655994 0.649541 0.644753 0.641568 0.639950 5530.000000 1.261878 0.851315
0.878048 0.917416 0.962909 0.966691 0.913644 0.868099 0.828780 0.794701 0.765084 0.739312 0.716891 0.697420 0.680575 0.666092 0.653754 0.643387 0.634849 0.628028 0.622836 0.619209 0.617102 0.616490 0.617364 0.619736 0.623635 0.629108 0.636224 0.632494 0.621006 0.611375 0.603469 0.597186 0.592445 0.589186 0.587371 0.586977 0.587998 0.590448 0.594357 0.599772 0.606761 0.615416 0.625851 0.638210 0.652670 0.669452 0.688822 0.711111 0.736724 0.766167 0.800068 0.839224 0.884651 0.937665 1.000000 0.994498 0.943554 0.899637 0.861610 0.828582 0.799848 0.774845 0.753117 0.734295 0.718078 0.704223 0.692528 0.682834 0.675011 0.668959 0.664601 0.661884 0.660774 0.661258 0.663342 0.667052 0.672432 0.679550 0.688497 0.699390 0.712377 0.725738 0.708293 0.693298 0.680531 0.669809 0.660988 0.653951 0.648608 0.644893 0.642760 0.642183 0.643155 0.645688 0.649813 0.655580 0.663062 0.672355 0.683583 0.696899 0.712495 0.730606 0.751519 0.772112 0.751765 0.734187 0.719104 0.706296 0.695583 0.686819 0.679892 0.674712 0.671215 0.669358 0.669119 0.670495 0.673502 0.678178 0.684580 0.692788 0.702910 0.715080 0.729468 0.746281 0.765776 0.788266 0.814138 0.843868 3504.000000 1.238448 0.793199
0.663062 0.672355 0.683583 0.696899 0.712495 0.730606 0.751519 0.772112 0.751765 0.734187 0.719104 0.706296 0.695583 0.686819 0.679892 0.674712 0.671215 0.669358 0.669119 0.670495 0.673502 0.678178 0.684580 0.692788 0.702910 0.715080 0.729468 0.746281 0.765776 0.788266 0.814138 0.843868 0.878048 0.917416 0.962909 0.966691 0.913644 0.868099 0.828780 0.794701 0.765084 0.739312 0.716891 0.697420 0.680575 0.666092 0.653754 0.643387 0.634849 0.628028 0.622836 0.619209 0.617102 0.616490 0.617364 0.619736 0.623635 0.629108 0.636224 0.632494 0.621006 0.611375 0.603469 0.597186 0.592445 0.589186 0.587371 0.586977 0.587998 0.590448 0.594357 0.599772 0.606761 0.615416 0.625851 0.638210 0.652670 0.669452 0.688822 0.711111 0.736724 0.766167 0.800068 0.839224 0.884651 0.937665 1.000000 0.994498 0.943554 0.899637 0.861610 0.828582 0.799848 0.774845 0.753117 0.734295 0.718078 0.704223 0.692528 0.682834 0.675011 0.668959 0.664601 0.661884 0.660774 0.661258 0.663342 0.667052 0.672432 0.679550 0.688497 0.699390 0.712377 0.725738 0.708293 0.693298 0.680531 0.669809 0.660988 0.653951 0.648608 0.644893 0.642760 0.642183 0.643155 0.645688 0.649813 0.655580 3504.000000 1.238448 0.793199
0.718078 0.704223 0.692528 0.682834 0.675011 0.668959 0.664601 0.661884 0.660774 0.661258 0.663342 0.667052 0.672432 0.679550 0.688497 0.699390 0.712377 0.725738 0.708293 0.693298 0.680531 0.669809 0.660988 0.653951 0.648608 0.644893 0.642760 0.642183 0.643155 0.645688 0.649813 0.655580 0.663062 0.672355 0.683583 0.696899 0.712495 0.730606 0.751519 0.772112 0.751765 0.734187 0.719104 0.706296 0.695583 0.686819 0.679892 0.674712 0.671215 0.669358 0.669119 0.670495 0.673502 0.678178 0.684580 0.692788 0.702910 0.715080 0.729468 0.746281 0.765776 0.788266 0.814138 0.843868 0.878048 0.917416 0.962909 0.966691 0.913644 0.868099 0.828780 0.794701 0.765084 0.739312 0.716891 0.697420 0.680575 0.666092 0.653754 0.643387 0.634849 0.628028 0.622836 0.619209 0.617102 0.616490 0.617364 0.619736 0.623635 0.629108 0.636224 0.632494 0.621006 0.611375 0.603469 0.597186 0.592445 0.589186 0.587371 0.586977 0.587998 0.590448 0.594357 0.599772 0.606761 0.615416 0.625851 0.638210 0.652670 0.669452 0.688822 0.711111 0.736724 0.766167 0.800068 0.839224 0.884651 0.937665 1.000000 0.994498 0.943554 0.899637 0.861610 0.828582 0.799848 0.774845 0.753117 0.734295 3504.000000 1.238448 0.793199
0.592445 0.589186 0.587371 0.586977 0.587998 0.590448 0.594357 0.599772 0.606761 0.615416 0.625851 0.638210 0.652670 0.669452 0.688822 0.711111 0.736724 0.766167 0.800068 0.839224 0.884651 0.937665 1.000000 0.994498 0.943554 0.899637 0.861610 0.828582 0.799848 0.774845 0.753117 0.734295 0.718078 0.704223 0.692528 0.682834 0.675011 0.668959 0.664601 0.661884 0.660774 0.661258 0.663342 0.667052 0.672432 0.679550 0.688497 0.699390 0.712377 0.725738 0.708293 0.693298 0.680531 0.669809 0.660988 0.653951 0.648608 0.644893 0.642760 0.642183 0.643155 0.645688 0.649813 0.655580 0.663062 0.672355 0.683583 0.696899 0.712495 0.730606 0.751519 0.772112 0.751765 0.734187 0.719104 0.706296 0.695583 0.686819 0.679892 0.674712 0.671215 0.669358 0.669119 0.670495 0.673502 0.678178 0.684580 0.692788 0.702910 0.715080 0.729468 0.746281 0.765776 0.788266 0.814138 0.843868 0.878048 0.917416 0.962909 0.966691 0.913644 0.868099 0.828780 0.794701 0.765084 0.739312 0.716891 0.697420 0.680575 0.666092 0.653754 0.643387 0.634849 0.628028 0.622836 0.619209 0.617102 0.616490 0.617364 0.619736 0.623635 0.629108 0.636224 0.632494 0.621006 0.611375 0.603469 0.597186 3504.000000 1.238448 0.793199
0.595765 0.601502 0.608831 0.617847 0.628672 0.641456 0.652562 0.663233 0.675914 0.690786 0.708071 0.728042 0.751035 0.777461 0.807832 0.842785 0.883124 0.886165 0.863602 0.844142 0.827490 0.813404 0.801688 0.792187 0.784776 0.779363 0.775880 0.774286 0.774560 0.776706 0.780750 0.786742 0.794756 0.804894 0.785888 0.761108 0.739570 0.720906 0.704818 0.691060 0.679435 0.669781 0.661970 0.655901 0.651498 0.648705 0.647490 0.647851 0.649961 0.653664 0.659006 0.666054 0.674898 0.685654 0.698469 0.713523 0.731040 0.751295 0.774623 0.801439 0.832255 0.867710 0.837504 0.798481 0.764693 0.735348 0.709819 0.687604 0.668298 0.651574 0.637164 0.624850 0.614455 0.605836 0.598878 0.593492 0.590364 0.592418 0.595928 0.600935 0.607504 0.615717 0.625684 0.637539 0.651453 0.667631 0.686329 0.707859 0.732605 0.761045 0.793771 0.831531 0.875277 0.926237 0.986019 1.000000 0.952732 0.911828 0.876316 0.845427 0.818547 0.795179 0.774924 0.757454 0.742504 0.729857 0.719338 0.710805 0.704149 0.699286 0.696155 0.694718 0.694957 0.696810 0.676439 0.658767 0.643506 0.630420 0.619318 0.610045 0.602475 0.596510 0.592074 0.589113 0.587590 0.587486 0.588800 0.591549 11374.000000 1.120636 0.798057
0.952732 0.911828 0.876316 0.845427 0.818547 0.795179 0.774924 0.757454 0.742504 0.729857 0.719338 0.710805 0.704149 0.699286 0.696155 0.694718 0.694957 0.696810 0.676439 0.658767 0.643506 0.630420 0.619318 0.610045 0.602475 0.596510 0.592074 0.589113 0.587590 0.587486 0.588800 0.591549 0.595765 0.601502 0.608831 0.617847 0.628672 0.641456 0.652562 0.663233 0.675914 0.690786 0.708071 0.728042 0.751035 0.777461 0.807832 0.842785 0.883124 0.886165 0.863602 0.844142 0.827490 0.813404 0.801688 0.792187 0.784776 0.779363 0.775880 0.774286 0.774560 0.776706 0.780750 0.786742 0.794756 0.804894 0.785888 0.761108 0.739570 0.720906 0.704818 0.691060 0.679435 0.669781 0.661970 0.655901 0.651498 0.648705 0.647490 0.647851 0.649961 0.653664 0.659006 0.666054 0.674898 0.685654 0.698469 0.713523 0.731040 0.751295 0.774623 0.801439 0.832255 0.867710 0.837504 0.798481 0.764693 0.735348 0.709819 0.687604 0.668298 0.651574 0.637164 0.624850 0.614455 0.605836 0.598878 0.593492 0.590364 0.592418 0.595928 0.600935 0.607504 0.615717 0.625684 0.637539 0.651453 0.667631 0.686329 0.707859 0.732605 0.761045 0.793771 0.831531 0.875277 0.926237 0.986019 1.000000 11374.000000 1.120636 0.798057
0.764693 0.735348 0.709819 0.687604 0.668298 0.651574 0.637164 0.624850 0.614455 0.605836 0.598878 0.593492 0.590364 0.592418 0.595928 0.600935 0.607504 0.615717 0.625684 0.637539 0.651453 0.667631 0.686329 0.707859 0.732605 0.761045 0.793771 0.831531 0.875277 0.926237 0.986019 1.000000 0.952732 0.911828 0.876316 0.845427 0.818547 0.795179 0.774924 0.757454 0.742504 0.729857 0.719338 0.710805 0.704149 0.699286 0.696155 0.694718 0.694957 0.696810 0.676439 0.658767 0.643506 0.630420 0.619318 0.610045 0.602475 0.596510 0.592074 0.589113 0.587590 0.587486 0.588800 0.591549 0.595765 0.601502 0.608831 0.617847 0.628672 0.641456 0.652562 0.663233 0.675914 0.690786 0.708071 0.728042 0.751035 0.777461 0.807832 0.842785 0.883124 0.886165 0.863602 0.844142 0.827490 0.813404 0.801688 0.792187 0.784776 0.779363 0.775880 0.774286 0.774560 0.776706 0.780750 0.786742 0.794756 0.804894 0.785888 0.761108 0.739570 0.720906 0.704818 0.691060 0.679435 0.669781 0.661970 0.655901 0.651498 0.648705 0.647490 0.647851 0.649961 0.653664 0.659006 0.666054 0.674898 0.685654 0.698469 0.713523 0.731040 0.751295 0.774623 0.801439 0.832255 0.867710 0.837504 0.798481 11374.000000 1.120636 0.798057
0.794756 0.804894 0.785888 0.761108 0.739570 0.720906 0.704818 0.691060 0.679435 0.669781 0.661970 0.655901 0.651498 0.648705 0.647490 0.647851 0.649961 0.653664 0.659006 0.666054 0.674898 0.685654 0.698469 0.713523 0.731040 0.751295 0.774623 0.801439 0.832255 0.867710 0.837504 0.798481 0.764693 0.735348 0.709819 0.687604 0.668298 0.651574 0.637164 0.624850 0.614455 0.605836 0.598878 0.593492 0.590364 0.592418 0.595928 0.600935 0.607504 0.615717 0.625684 0.637539 0.651453 0.667631 0.686329 0.707859 0.732605 0.761045 0.793771 0.831531 0.875277 0.926237 0.986019 1.000000 0.952732 0.911828 0.876316 0.845427 0.818547 0.795179 0.774924 0.757454 0.742504 0.729857 0.719338 0.710805 0.704149 0.699286 0.696155 0.694718 0.694957 0.696810 0.676439 0.658767 0.643506 0.630420 0.619318 0.610045 0.602475 0.596510 0.592074 0.589113 0.587590 0.587486 0.588800 0.591549 0.595765 0.601502 0.608831 0.617847 0.628672 0.641456 0.652562 0.663233 0.675914 0.690786 0.708071 0.728042 0.751035 0.777461 0.807832 0.842785 0.883124 0.886165 0.863602 0.844142 0.827490 0.813404 0.801688 0.792187 0.784776 0.779363 0.775880 0.774286 0.774560 0.776706 0.780750 0.786742 11374.000000 1.120636 0.798057
0.759250 0.702522 0.655151 0.615152 0.581076 0.551837 0.526607 0.504746 0.485752 0.469224 0.454844 0.442353 0.431542 0.422239 0.414306 0.407630 0.402119 0.397700 0.394316 0.391926 0.390500 0.390021 0.390482 0.391889 0.394260 0.397624 0.402022 0.407511 0.414164 0.422072 0.431346 0.442127 0.454583 0.468924 0.485407 0.504350 0.526150 0.551309 0.580462 0.614435 0.654305 0.701516 0.758038 0.826632 0.911289 1.000000 0.904691 0.827789 0.764634 0.712027 0.667698 0.629993 0.597682 0.569830 0.545714 0.524769 0.506548 0.490692 0.476913 0.464976 0.454690 0.445901 0.438481 0.432329 0.427362 0.423517 0.420745 0.419012 0.418297 0.418591 0.419897 0.422232 0.425625 0.430117 0.435765 0.442645 0.450849 0.460493 0.471720 0.484704 0.499662 0.516857 0.536617 0.559348 0.585564 0.615915 0.651238 0.692630 0.741548 0.790575 0.746887 0.709394 0.677039 0.649001 0.624639 0.603440 0.584996 0.568976 0.555112 0.543185 0.533017 0.524462 0.517405 0.511751 0.507429 0.504385 0.502580 0.501993 0.502617 0.504459 0.507542 0.511904 0.517599 0.524700 0.533302 0.543522 0.555505 0.569431 0.585521 0.604044 0.625332 0.649799 0.677958 0.710457 0.748121 0.792018 0.843546 0.828115 11464.500000 1.337581 0.586098
0.584996 0.568976 0.555112 0.543185 0.533017 0.524462 0.517405 0.511751 0.507429 0.504385 0.502580 0.501993 0.502617 0.504459 0.507542 0.511904 0.517599 0.524700 0.533302 0.543522 0.555505 0.569431 0.585521 0.604044 0.625332 0.649799 0.677958 0.710457 0.748121 0.792018 0.843546 0.828115 0.759250 0.702522 0.655151 0.615152 0.581076 0.551837 0.526607 0.504746 0.485752 0.469224 0.454844 0.442353 0.431542 0.422239 0.414306 0.407630 0.402119 0.397700 0.394316 0.391926 0.390500 0.390021 0.390482 0.391889 0.394260 0.397624 0.402022 0.407511 0.414164 0.422072 0.431346 0.442127 0.454583 0.468924 0.485407 0.504350 0.526150 0.551309 0.580462 0.614435 0.654305 0.701516 0.758038 0.826632 0.911289 1.000000 0.904691 0.827789 0.764634 0.712027 0.667698 0.629993 0.597682 0.569830 0.545714 0.524769 0.506548 0.490692 0.476913 0.464976 0.454690 0.445901 0.438481 0.432329 0.427362 0.423517 0.420745 0.419012 0.418297 0.418591 0.419897 0.422232 0.425625 0.430117 0.435765 0.442645 0.450849 0.460493 0.471720 0.484704 0.499662 0.516857 0.536617 0.559348 0.585564 0.615915 0.651238 0.692630 0.741548 0.790575 0.746887 0.709394 0.677039 0.649001 0.624639 0.603440 11464.500000 1.337581 0.586098
0.427362 0.423517 0.420745 0.419012 0.418297 0.418591 0.419897 0.422232 0.425625 0.430117 0.435765 0.442645 0.450849 0.460493 0.471720 0.484704 0.499662 0.516857 0.536617 0.559348 0.585564 0.615915 0.651238 0.692630 0.741548 0.790575 0.746887 0.709394 0.677039 0.649001 0.624639 0.603440 0.584996 0.568976 0.555112 0.543185 0.533017 0.524462 0.517405 0.511751 0.507429 0.504385 0.502580 0.501993 0.502617 0.504459 0.507542 0.511904 0.517599 0.524700 0.533302 0.543522 0.555505 0.569431 0.585521 0.604044 0.625332 0.649799 0.677958 0.710457 0.748121 0.792018 0.843546 0.828115 0.759250 0.702522 0.655151 0.615152 0.581076 0.551837 0.526607 0.504746 0.485752 0.469224 0.454844 0.442353 0.431542 0.422239 0.414306 0.407630 0.402119 0.397700 0.394316 0.391926 0.390500 0.390021 0.390482 0.391889 0.394260 0.397624 0.402022 0.407511 0.414164 0.422072 0.431346 0.442127 0.454583 0.468924 0.485407 0.504350 0.526150 0.551309 0.580462 0.614435 0.654305 0.701516 0.758038 0.826632 0.911289 1.000000 0.904691 0.827789 0.764634 0.712027 0.667698 0.629993 0.597682 0.569830 0.545714 0.524769 0.506548 0.490692 0.476913 0.464976 0.454690 0.445901 0.438481 0.432329 11464.500000 1.337581 0.586098
0.454583 0.468924 0.485407 0.504350 0.526150 0.551309 0.580462 0.614435 0.654305 0.701516 0.758038 0.826632 0.911289 1.000000 0.904691 0.827789 0.764634 0.712027 0.667698 0.629993 0.597682 0.569830 0.545714 0.524769 0.506548 0.490692 0.476913 0.464976 0.454690 0.445901 0.438481 0.432329 0.427362 0.423517 0.420745 0.419012 0.418297 0.418591 0.419897 0.422232 0.425625 0.430117 0.435765 0.442645 0.450849 0.460493 0.471720 0.484704 0.499662 0.516857 0.536617 0.559348 0.585564 0.615915 0.651238 0.692630 0.741548 0.790575 0.746887 0.709394 0.677039 0.649001 0.624639 0.603440 0.584996 0.568976 0.555112 0.543185 0.533017 0.524462 0.517405 0.511751 0.507429 0.504385 0.502580 0.501993 0.502617 0.504459 0.507542 0.511904 0.517599 0.524700 0.533302 0.543522 0.555505 0.569431 0.585521 0.604044 0.625332 0.649799 0.677958 0.710457 0.748121 0.792018 0.843546 0.828115 0.759250 0.702522 0.655151 0.615152 0.581076 0.551837 0.526607 0.504746 0.485752 0.469224 0.454844 0.442353 0.431542 0.422239 0.414306 0.407630 0.402119 0.397700 0.394316 0.391926 0.390500 0.390021 0.390482 0.391889 0.394260 0.397624 0.402022 0.407511 0.414164 0.422072 0.431346 0.442127 11464.500000 1.337581 0.586098
0.911764 0.924819 0.913737 0.889396 0.868356 0.850289 0.834930 0.822060 0.811507 0.803131 0.796827 0.792515 0.790143 0.789682 0.791126 0.794493 0.799823 0.807184 0.816667 0.828394 0.842523 0.853691 0.841187 0.831017 0.823049 0.817182 0.813344 0.811488 0.811591 0.813654 0.817703 0.823787 0.831981 0.842390 0.855149 0.870429 0.888445 0.909460 0.933796 0.961852 0.981420 0.952444 0.927299 0.905573 0.886930 0.871096 0.857847 0.847005 0.838428 0.832007 0.827663 0.825342 0.825016 0.822928 0.812711 0.804659 0.798671 0.794671 0.792611 0.792466 0.794234 0.797936 0.803619 0.811351 0.821231 0.833388 0.847983 0.865220 0.885349 0.908679 0.935586 0.966536 1.000000 0.969316 0.942662 0.919590 0.899737 0.882805 0.868552 0.856783 0.847343 0.840110 0.834995 0.831933 0.830888 0.831848 0.834823 0.839850 0.846990 0.856334 0.862317 0.841947 0.824458 0.809592 0.797138 0.786929 0.778831 0.772740 0.768581 0.766302 0.765877 0.767300 0.770588 0.775781 0.782943 0.792166 0.803567 0.817298 0.833551 0.852558 0.874608 0.900055 0.929334 0.962979 0.970007 0.949783 0.932586 0.918173 0.906350 0.896960 0.889885 0.885036 0.882354 0.881806 0.883385 0.887111 0.893029 0.901212 1662.500000 1.086574 0.902830
0.778831 0.772740 0.768581 0.766302 0.765877 0.767300 0.770588 0.775781 0.782943 0.792166 0.803567 0.817298 0.833551 0.852558 0.874608 0.900055 0.929334 0.962979 0.970007 0.949783 0.932586 0.918173 0.906350 0.896960 0.889885 0.885036 0.882354 0.881806 0.883385 0.887111 0.893029 0.901212 0.911764 0.924819 0.913737 0.889396 0.868356 0.850289 0.834930 0.822060 0.811507 0.803131 0.796827 0.792515 0.790143 0.789682 0.791126 0.794493 0.799823 0.807184 0.816667 0.828394 0.842523 0.853691 0.841187 0.831017 0.823049 0.817182 0.813344 0.811488 0.811591 0.813654 0.817703 0.823787 0.831981 0.842390 0.855149 0.870429 0.888445 0.909460 0.933796 0.961852 0.981420 0.952444 0.927299 0.905573 0.886930 0.871096 0.857847 0.847005 0.838428 0.832007 0.827663 0.825342 0.825016 0.822928 0.812711 0.804659 0.798671 0.794671 0.792611 0.792466 0.794234 0.797936 0.803619 0.811351 0.821231 0.833388 0.847983 0.865220 0.885349 0.908679 0.935586 0.966536 1.000000 0.969316 0.942662 0.919590 0.899737 0.882805 0.868552 0.856783 0.847343 0.840110 0.834995 0.831933 0.830888 0.831848 0.834823 0.839850 0.846990 0.856334 0.862317 0.841947 0.824458 0.809592 0.797138 0.786929 1662.500000 1.086574 0.902830
0.821231 0.833388 0.847983 0.865220 0.885349 0.908679 0.935586 0.966536 1.000000 0.969316 0.942662 0.919590 0.899737 0.882805 0.868552 0.856783 0.847343 0.840110 0.834995 0.831933 0.830888 0.831848 0.834823 0.839850 0.846990 0.856334 0.862317 0.841947 0.824458 0.809592 0.797138 0.786929 0.778831 0.772740 0.768581 0.766302 0.765877 0.767300 0.770588 0.775781 0.782943 0.792166 0.803567 0.817298 0.833551 0.852558 0.874608 0.900055 0.929334 0.962979 0.970007 0.949783 0.932586 0.918173 0.906350 0.896960 0.889885 0.885036 0.882354 0.881806 0.883385 0.887111 0.893029 0.901212 0.911764 0.924819 0.913737 0.889396 0.868356 0.850289 0.834930 0.822060 0.811507 0.803131 0.796827 0.792515 0.790143 0.789682 0.791126 0.794493 0.799823 0.807184 0.816667 0.828394 0.842523 0.853691 0.841187 0.831017 0.823049 0.817182 0.813344 0.811488 0.811591 0.813654 0.817703 0.823787 0.831981 0.842390 0.855149 0.870429 0.888445 0.909460 0.933796 0.961852 0.981420 0.952444 0.927299 0.905573 0.886930 0.871096 0.857847 0.847005 0.838428 0.832007 0.827663 0.825342 0.825016 0.822928 0.812711 0.804659 0.798671 0.794671 0.792611 0.792466 0.794234 0.797936 0.803619 0.811351 1662.500000 1.086574 0.902830
0.831981 0.842390 0.855149 0.870429 0.888445 0.909460 0.933796 0.961852 0.981420 0.952444 0.927299 0.905573 0.886930 0.871096 0.857847 0.847005 0.838428 0.832007 0.827663 0.825342 0.825016 0.822928 0.812711 0.804659 0.798671 0.794671 0.792611 0.792466 0.794234 0.797936 0.803619 0.811351 0.821231 0.833388 0.847983 0.865220 0.885349 0.908679 0.935586 0.966536 1.000000 0.969316 0.942662 0.919590 0.899737 0.882805 0.868552 0.856783 0.847343 0.840110 0.834995 0.831933 0.830888 0.831848 0.834823 0.839850 0.846990 0.856334 0.862317 0.841947 0.824458 0.809592 0.797138 0.786929 0.778831 0.772740 0.768581 0.766302 0.765877 0.767300 0.770588 0.775781 0.782943 0.792166 0.803567 0.817298 0.833551 0.852558 0.874608 0.900055 0.929334 0.962979 0.970007 0.949783 0.932586 0.918173 0.906350 0.896960 0.889885 0.885036 0.882354 0.881806 0.883385 0.887111 0.893029 0.901212 0.911764 0.924819 0.913737 0.889396 0.868356 0.850289 0.834930 0.822060 0.811507 0.803131 0.796827 0.792515 0.790143 0.789682 0.791126 0.794493 0.799823 0.807184 0.816667 0.828394 0.842523 0.853691 0.841187 0.831017 0.823049 0.817182 0.813344 0.811488 0.811591 0.813654 0.817703 0.823787 1662.500000 1.086574 0.902830
0.963865 0.975325 0.914051 0.861974 0.817375 0.778948 0.745688 0.716808 0.691685 0.669823 0.650821 0.634353 0.620155 0.608011 0.597746 0.589218 0.582313 0.576942 0.573037 0.570549 0.569449 0.569723 0.571375 0.574424 0.578907 0.584882 0.592423 0.601629 0.612626 0.625567 0.640643 0.658088 0.678189 0.701300 0.711804 0.693209 0.677149 0.663379 0.651697 0.641939 0.633973 0.627696 0.623029 0.619913 0.618310 0.618201 0.619584 0.622476 0.626913 0.632949 0.640661 0.650149 0.661540 0.674992 0.690701 0.708908 0.729906 0.754058 0.781811 0.813720 0.850481 0.892973 0.942325 1.000000 0.979218 0.915625 0.861738 0.815697 0.776101 0.741875 0.712184 0.686368 0.663902 0.644363 0.627409 0.612763 0.600198 0.589530 0.580609 0.573314 0.567551 0.563245 0.560345 0.558813 0.558632 0.559799 0.562328 0.566251 0.571616 0.578490 0.586963 0.597148 0.609186 0.623251 0.639559 0.658372 0.680013 0.704880 0.733470 0.744772 0.723187 0.704468 0.688310 0.674465 0.662731 0.652944 0.644974 0.638715 0.634090 0.631041 0.629530 0.629540 0.631070 0.634139 0.638784 0.645063 0.653055 0.662866 0.674625 0.688498 0.704687 0.723440 0.745062 0.769929 0.798503 0.831360 0.869220 0.912998 1527.500000 1.399134 0.743961
0.680013 0.704880 0.733470 0.744772 0.723187 0.704468 0.688310 0.674465 0.662731 0.652944 0.644974 0.638715 0.634090 0.631041 0.629530 0.629540 0.631070 0.634139 0.638784 0.645063 0.653055 0.662866 0.674625 0.688498 0.704687 0.723440 0.745062 0.769929 0.798503 0.831360 0.869220 0.912998 0.963865 0.975325 0.914051 0.861974 0.817375 0.778948 0.745688 0.716808 0.691685 0.669823 0.650821 0.634353 0.620155 0.608011 0.597746 0.589218 0.582313 0.576942 0.573037 0.570549 0.569449 0.569723 0.571375 0.574424 0.578907 0.584882 0.592423 0.601629 0.612626 0.625567 0.640643 0.658088 0.678189 0.701300 0.711804 0.693209 0.677149 0.663379 0.651697 0.641939 0.633973 0.627696 0.623029 0.619913 0.618310 0.618201 0.619584 0.622476 0.626913 0.632949 0.640661 0.650149 0.661540 0.674992 0.690701 0.708908 0.729906 0.754058 0.781811 0.813720 0.850481 0.892973 0.942325 1.000000 0.979218 0.915625 0.861738 0.815697 0.776101 0.741875 0.712184 0.686368 0.663902 0.644363 0.627409 0.612763 0.600198 0.589530 0.580609 0.573314 0.567551 0.563245 0.560345 0.558813 0.558632 0.559799 0.562328 0.566251 0.571616 0.578490 0.586963 0.597148 0.609186 0.623251 0.639559 0.658372 1527.500000 1.399134 0.743961
0.979218 0.915625 0.861738 0.815697 0.776101 0.741875 0.712184 0.686368 0.663902 0.644363 0.627409 0.612763 0.600198 0.589530 0.580609 0.573314 0.567551 0.563245 0.560345 0.558813 0.558632 0.559799 0.562328 0.566251 0.571616 0.578490 0.586963 0.597148 0.609186 0.623251 0.639559 0.658372 0.680013 0.704880 0.733470 0.744772 0.723187 0.704468 0.688310 0.674465 0.662731 0.652944 0.644974 0.638715 0.634090 0.631041 0.629530 0.629540 0.631070 0.634139 0.638784 0.645063 0.653055 0.662866 0.674625 0.688498 0.704687 0.723440 0.745062 0.769929 0.798503 0.831360 0.869220 0.912998 0.963865 0.975325 0.914051 0.861974 0.817375 0.778948 0.745688 0.716808 0.691685 0.669823 0.650821 0.634353 0.620155 0.608011 0.597746 0.589218 0.582313 0.576942 0.573037 0.570549 0.569449 0.569723 0.571375 0.574424 0.578907 0.584882 0.592423 0.601629 0.612626 0.625567 0.640643 0.658088 0.678189 0.701300 0.711804 0.693209 0.677149 0.663379 0.651697 0.641939 0.633973 0.627696 0.623029 0.619913 0.618310 0.618201 0.619584 0.622476 0.626913 0.632949 0.640661 0.650149 0.661540 0.674992 0.690701 0.708908 0.729906 0.754058 0.781811 0.813720 0.850481 0.892973 0.942325 1.000000 1527.500000 1.399134 0.743961
0.678189 0.701300 0.711804 0.693209 0.677149 0.663379 0.651697 0.641939 0.633973 0.627696 0.623029 0.619913 0.618310 0.618201 0.619584 0.622476 0.626913 0.632949 0.640661 0.650149 0.661540 0.674992 0.690701 0.708908 0.729906 0.754058 0.781811 0.813720 0.850481 0.892973 0.942325 1.000000 0.979218 0.915625 0.861738 0.815697 0.776101 0.741875 0.712184 0.686368 0.663902 0.644363 0.627409 0.612763 0.600198 0.589530 0.580609 0.573314 0.567551 0.563245 0.560345 0.558813 0.558632 0.559799 0.562328 0.566251 0.571616 0.578490 0.586963 0.597148 0.609186 0.623251 0.639559 0.658372 0.680013 0.704880 0.733470 0.744772 0.723187 0.704468 0.688310 0.674465 0.662731 0.652944 0.644974 0.638715 0.634090 0.631041 0.629530 0.629540 0.631070 0.634139 0.638784 0.645063 0.653055 0.662866 0.674625 0.688498 0.704687 0.723440 0.745062 0.769929 0.798503 0.831360 0.869220 0.912998 0.963865 0.975325 0.914051 0.861974 0.817375 0.778948 0.745688 0.716808 0.691685 0.669823 0.650821 0.634353 0.620155 0.608011 0.597746 0.589218 0.582313 0.576942 0.573037 0.570549 0.569449 0.569723 0.571375 0.574424 0.578907 0.584882 0.592423 0.601629 0.612626 0.625567 0.640643 0.658088 1527.500000 1.399134 0.743961
0.698241 0.752632 0.818351 0.899018 1.000000 0.948004 0.876781 0.817344 0.767184 0.724470 0.687830 0.656223 0.628842 0.605053 0.584355 0.566345 0.550700 0.537154 0.525495 0.515547 0.507167 0.500242 0.494679 0.490406 0.487371 0.485535 0.484877 0.485389 0.487076 0.489960 0.494075 0.499474 0.506225 0.514417 0.524162 0.535598 0.548897 0.564267 0.581964 0.602306 0.625683 0.652584 0.683623 0.719582 0.761471 0.777907 0.734826 0.697860 0.665962 0.638324 0.614309 0.593413 0.575232 0.559440 0.545772 0.534011 0.523982 0.515542 0.508575 0.502990 0.498714 0.495695 0.493894 0.493291 0.493878 0.495661 0.498663 0.502921 0.508487 0.515434 0.523852 0.533858 0.545593 0.559234 0.574994 0.593139 0.613994 0.637962 0.665545 0.697378 0.734266 0.777252 0.827702 0.887441 0.958966 0.958957 0.866445 0.791952 0.730875 0.680065 0.637297 0.600951 0.569826 0.543010 0.519801 0.499649 0.482119 0.466864 0.453604 0.442112 0.432203 0.423728 0.416562 0.410608 0.405785 0.402032 0.399300 0.397557 0.396780 0.396961 0.398102 0.400216 0.403329 0.407481 0.412724 0.419126 0.426774 0.435776 0.446265 0.458402 0.472387 0.488467 0.506944 0.528197 0.552699 0.581052 0.614032 0.652647 832.000000 1.356275 0.583582
0.482119 0.466864 0.453604 0.442112 0.432203 0.423728 0.416562 0.410608 0.405785 0.402032 0.399300 0.397557 0.396780 0.396961 0.398102 0.400216 0.403329 0.407481 0.412724 0.419126 0.426774 0.435776 0.446265 0.458402 0.472387 0.488467 0.506944 0.528197 0.552699 0.581052 0.614032 0.652647 0.698241 0.752632 0.818351 0.899018 1.000000 0.948004 0.876781 0.817344 0.767184 0.724470 0.687830 0.656223 0.628842 0.605053 0.584355 0.566345 0.550700 0.537154 0.525495 0.515547 0.507167 0.500242 0.494679 0.490406 0.487371 0.485535 0.484877 0.485389 0.487076 0.489960 0.494075 0.499474 0.506225 0.514417 0.524162 0.535598 0.548897 0.564267 0.581964 0.602306 0.625683 0.652584 0.683623 0.719582 0.761471 0.777907 0.734826 0.697860 0.665962 0.638324 0.614309 0.593413 0.575232 0.559440 0.545772 0.534011 0.523982 0.515542 0.508575 0.502990 0.498714 0.495695 0.493894 0.493291 0.493878 0.495661 0.498663 0.502921 0.508487 0.515434 0.523852 0.533858 0.545593 0.559234 0.574994 0.593139 0.613994 0.637962 0.665545 0.697378 0.734266 0.777252 0.827702 0.887441 0.958966 0.958957 0.866445 0.791952 0.730875 0.680065 0.637297 0.600951 0.569826 0.543010 0.519801 0.499649 832.000000 1.356275 0.583582
0.493878 0.495661 0.498663 0.502921 0.508487 0.515434 0.523852 0.533858 0.545593 0.559234 0.574994 0.593139 0.613994 0.637962 0.665545 0.697378 0.734266 0.777252 0.827702 0.887441 0.958966 0.958957 0.866445 0.791952 0.730875 0.680065 0.637297 0.600951 0.569826 0.543010 0.519801 0.499649 0.482119 0.466864 0.453604 0.442112 0.432203 0.423728 0.416562 0.410608 0.405785 0.402032 0.399300 0.397557 0.396780 0.396961 0.398102 0.400216 0.403329 0.407481 0.412724 0.419126 0.426774 0.435776 0.446265 0.458402 0.472387 0.488467 0.506944 0.528197 0.552699 0.581052 0.614032 0.652647 0.698241 0.752632 0.818351 0.899018 1.000000 0.948004 0.876781 0.817344 0.767184 0.724470 0.687830 0.656223 0.628842 0.605053 0.584355 0.566345 0.550700 0.537154 0.525495 0.515547 0.507167 0.500242 0.494679 0.490406 0.487371 0.485535 0.484877 0.485389 0.487076 0.489960 0.494075 0.499474 0.506225 0.514417 0.524162 0.535598 0.548897 0.564267 0.581964 0.602306 0.625683 0.652584 0.683623 0.719582 0.761471 0.777907 0.734826 0.697860 0.665962 0.638324 0.614309 0.593413 0.575232 0.559440 0.545772 0.534011 0.523982 0.515542 0.508575 0.502990 0.498714 0.495695 0.493894 0.493291 832.000000 1.356275 0.583582
0.506225 0.514417 0.524162 0.535598 0.548897 0.564267 0.581964 0.602306 0.625683 0.652584 0.683623 0.719582 0.761471 0.777907 0.734826 0.697860 0.665962 0.638324 0.614309 0.593413 0.575232 0.559440 0.545772 0.534011 0.523982 0.515542 0.508575 0.502990 0.498714 0.495695 0.493894 0.493291 0.493878 0.495661 0.498663 0.502921 0.508487 0.515434 0.523852 0.533858 0.545593 0.559234 0.574994 0.593139 0.613994 0.637962 0.665545 0.697378 0.734266 0.777252 0.827702 0.887441 0.958966 0.958957 0.866445 0.791952 0.730875 0.680065 0.637297 0.600951 0.569826 0.543010 0.519801 0.499649 0.482119 0.466864 0.453604 0.442112 0.432203 0.423728 0.416562 0.410608 0.405785 0.402032 0.399300 0.397557 0.396780 0.396961 0.398102 0.400216 0.403329 0.407481 0.412724 0.419126 0.426774 0.435776 0.446265 0.458402 0.472387 0.488467 0.506944 0.528197 0.552699 0.581052 0.614032 0.652647 0.698241 0.752632 0.818351 0.899018 1.000000 0.948004 0.876781 0.817344 0.767184 0.724470 0.687830 0.656223 0.628842 0.605053 0.584355 0.566345 0.550700 0.537154 0.525495 0.515547 0.507167 0.500242 0.494679 0.490406 0.487371 0.485535 0.484877 0.485389 0.487076 0.489960 0.494075 0.499474 832.000000 1.356275 0.583582
0.658543 0.668556 0.680544 0.694674 0.711152 0.730233 0.752228 0.777520 0.806584 0.840006 0.812835 0.787082 0.764696 0.745295 0.728565 0.714253 0.702151 0.692092 0.683942 0.677594 0.672970 0.670012 0.668683 0.668968 0.670870 0.674413 0.679639 0.686614 0.695425 0.706190 0.719052 0.734194 0.751444 0.751773 0.753920 0.757910 0.763792 0.771640 0.781553 0.793661 0.808127 0.825155 0.844997 0.867958 0.894416 0.924837 0.959793 1.000000 0.974601 0.922430 0.877567 0.838793 0.805157 0.775912 0.750462 0.728328 0.709121 0.692526 0.678287 0.666194 0.656078 0.647802 0.641258 0.636362 0.633054 0.631293 0.631058 0.632346 0.635172 0.639572 0.645599 0.645538 0.645742 0.647506 0.650852 0.655822 0.662475 0.670898 0.681200 0.693521 0.708032 0.724947 0.744528 0.750709 0.745900 0.742931 0.741766 0.742389 0.744810 0.749057 0.755182 0.763262 0.773401 0.785730 0.800419 0.817675 0.814107 0.806422 0.800793 0.797148 0.795444 0.795661 0.797799 0.801887 0.807973 0.816133 0.826471 0.839122 0.854256 0.872086 0.892872 0.916937 0.934389 0.873242 0.821464 0.777251 0.739243 0.706402 0.677918 0.653155 0.638556 0.635592 0.634175 0.634290 0.635937 0.639136 0.643927 0.650369 14953.000000 1.180519 0.825504
0.814107 0.806422 0.800793 0.797148 0.795444 0.795661 0.797799 0.801887 0.807973 0.816133 0.826471 0.839122 0.854256 0.872086 0.892872 0.916937 0.934389 0.873242 0.821464 0.777251 0.739243 0.706402 0.677918 0.653155 0.638556 0.635592 0.634175 0.634290 0.635937 0.639136 0.643927 0.650369 0.658543 0.668556 0.680544 0.694674 0.711152 0.730233 0.752228 0.777520 0.806584 0.840006 0.812835 0.787082 0.764696 0.745295 0.728565 0.714253 0.702151 0.692092 0.683942 0.677594 0.672970 0.670012 0.668683 0.668968 0.670870 0.674413 0.679639 0.686614 0.695425 0.706190 0.719052 0.734194 0.751444 0.751773 0.753920 0.757910 0.763792 0.771640 0.781553 0.793661 0.808127 0.825155 0.844997 0.867958 0.894416 0.924837 0.959793 1.000000 0.974601 0.922430 0.877567 0.838793 0.805157 0.775912 0.750462 0.728328 0.709121 0.692526 0.678287 0.666194 0.656078 0.647802 0.641258 0.636362 0.633054 0.631293 0.631058 0.632346 0.635172 0.639572 0.645599 0.645538 0.645742 0.647506 0.650852 0.655822 0.662475 0.670898 0.681200 0.693521 0.708032 0.724947 0.744528 0.750709 0.745900 0.742931 0.741766 0.742389 0.744810 0.749057 0.755182 0.763262 0.773401 0.785730 0.800419 0.817675 14953.000000 1.180519 0.825504
0.633054 0.631293 0.631058 0.632346 0.635172 0.639572 0.645599 0.645538 0.645742 0.647506 0.650852 0.655822 0.662475 0.670898 0.681200 0.693521 0.708032 0.724947 0.744528 0.750709 0.745900 0.742931 0.741766 0.742389 0.744810 0.749057 0.755182 0.763262 0.773401 0.785730 0.800419 0.817675 0.814107 0.806422 0.800793 0.797148 0.795444 0.795661 0.797799 0.801887 0.807973 0.816133 0.826471 0.839122 0.854256 0.872086 0.892872 0.916937 0.934389 0.873242 0.821464 0.777251 0.739243 0.706402 0.677918 0.653155 0.638556 0.635592 0.634175 0.634290 0.635937 0.639136 0.643927 0.650369 0.658543 0.668556 0.680544 0.694674 0.711152 0.730233 0.752228 0.777520 0.806584 0.840006 0.812835 0.787082 0.764696 0.745295 0.728565 0.714253 0.702151 0.692092 0.683942 0.677594 0.672970 0.670012 0.668683 0.668968 0.670870 0.674413 0.679639 0.686614 0.695425 0.706190 0.719052 0.734194 0.751444 0.751773 0.753920 0.757910 0.763792 0.771640 0.781553 0.793661 0.808127 0.825155 0.844997 0.867958 0.894416 0.924837 0.959793 1.000000 0.974601 0.922430 0.877567 0.838793 0.805157 0.775912 0.750462 0.728328 0.709121 0.692526 0.678287 0.666194 0.656078 0.647802 0.641258 0.636362 14953.000000 1.180519 0.825504
0.751444 0.751773 0.753920 0.757910 0.763792 0.771640 0.781553 0.793661 0.808127 0.825155 0.844997 0.867958 0.894416 0.924837 0.959793 1.000000 0.974601 0.922430 0.877567 0.838793 0.805157 0.775912 0.750462 0.728328 0.709121 0.692526 0.678287 0.666194 0.656078 0.647802 0.641258 0.636362 0.633054 0.631293 0.631058 0.632346 0.635172 0.639572 0.645599 0.645538 0.645742 0.647506 0.650852 0.655822 0.662475 0.670898 0.681200 0.693521 0.708032 0.724947 0.744528 0.750709 0.745900 0.742931 0.741766 0.742389 0.744810 0.749057 0.755182 0.763262 0.773401 0.785730 0.800419 0.817675 0.814107 0.806422 0.800793 0.797148 0.795444 0.795661 0.797799 0.801887 0.807973 0.816133 0.826471 0.839122 0.854256 0.872086 0.892872 0.916937 0.934389 0.873242 0.821464 0.777251 0.739243 0.706402 0.677918 0.653155 0.638556 0.635592 0.634175 0.634290 0.635937 0.639136 0.643927 0.650369 0.658543 0.668556 0.680544 0.694674 0.711152 0.730233 0.752228 0.777520 0.806584 0.840006 0.812835 0.787082 0.764696 0.745295 0.728565 0.714253 0.702151 0.692092 0.683942 0.677594 0.672970 0.670012 0.668683 0.668968 0.670870 0.674413 0.679639 0.686614 0.695425 0.706190 0.719052 0.734194 14953.000000 1.180519 0.825504
0.870355 0.835087 0.804429 0.777749 0.754541 0.734397 0.716982 0.702027 0.689309 0.678649 0.669904 0.662958 0.657722 0.654132 0.652144 0.651733 0.652895 0.655643 0.660011 0.666053 0.673845 0.683487 0.695108 0.708869 0.724967 0.743646 0.764927 0.759357 0.755674 0.753834 0.753815 0.755616 0.759259 0.764789 0.772274 0.781809 0.793518 0.807558 0.824125 0.843460 0.865861 0.891690 0.921397 0.955532 0.941049 0.923097 0.907964 0.895442 0.885364 0.877601 0.872056 0.868660 0.867372 0.868176 0.871081 0.876125 0.883367 0.892899 0.904843 0.919355 0.927489 0.885780 0.849619 0.818189 0.790838 0.767045 0.746388 0.728523 0.713171 0.700105 0.689139 0.680124 0.672943 0.667503 0.663736 0.661597 0.661058 0.662115 0.664778 0.669082 0.675079 0.682844 0.692477 0.704107 0.717893 0.734034 0.747636 0.738765 0.731845 0.726788 0.723532 0.722036 0.722283 0.724275 0.728038 0.733616 0.741079 0.750523 0.762070 0.775876 0.792135 0.811086 0.833022 0.858302 0.887370 0.920771 0.959187 1.000000 0.969600 0.943200 0.920357 0.900713 0.883976 0.869906 0.858313 0.849043 0.841978 0.837030 0.834137 0.833264 0.834401 0.837562 0.842785 0.850135 0.859703 0.871613 0.886021 0.903127 12365.000000 1.327113 0.873334
0.741079 0.750523 0.762070 0.775876 0.792135 0.811086 0.833022 0.858302 0.887370 0.920771 0.959187 1.000000 0.969600 0.943200 0.920357 0.900713 0.883976 0.869906 0.858313 0.849043 0.841978 0.837030 0.834137 0.833264 0.834401 0.837562 0.842785 0.850135 0.859703 0.871613 0.886021 0.903127 0.870355 0.835087 0.804429 0.777749 0.754541 0.734397 0.716982 0.702027 0.689309 0.678649 0.669904 0.662958 0.657722 0.654132 0.652144 0.651733 0.652895 0.655643 0.660011 0.666053 0.673845 0.683487 0.695108 0.708869 0.724967 0.743646 0.764927 0.759357 0.755674 0.753834 0.753815 0.755616 0.759259 0.764789 0.772274 0.781809 0.793518 0.807558 0.824125 0.843460 0.865861 0.891690 0.921397 0.955532 0.941049 0.923097 0.907964 0.895442 0.885364 0.877601 0.872056 0.868660 0.867372 0.868176 0.871081 0.876125 0.883367 0.892899 0.904843 0.919355 0.927489 0.885780 0.849619 0.818189 0.790838 0.767045 0.746388 0.728523 0.713171 0.700105 0.689139 0.680124 0.672943 0.667503 0.663736 0.661597 0.661058 0.662115 0.664778 0.669082 0.675079 0.682844 0.692477 0.704107 0.717893 0.734034 0.747636 0.738765 0.731845 0.726788 0.723532 0.722036 0.722283 0.724275 0.728038 0.733616 12365.000000 1.327113 0.873334
0.790838 0.767045 0.746388 0.728523 0.713171 0.700105 0.689139 0.680124 0.672943 0.667503 0.663736 0.661597 0.661058 0.662115 0.664778 0.669082 0.675079 0.682844 0.692477 0.704107 0.717893 0.734034 0.747636 0.738765 0.731845 0.726788 0.723532 0.722036 0.722283 0.724275 0.728038 0.733616 0.741079 0.750523 0.762070 0.775876 0.792135 0.811086 0.833022 0.858302 0.887370 0.920771 0.959187 1.000000 0.969600 0.943200 0.920357 0.900713 0.883976 0.869906 0.858313 0.849043 0.841978 0.837030 0.834137 0.833264 0.834401 0.837562 0.842785 0.850135 0.859703 0.871613 0.886021 0.903127 0.870355 0.835087 0.804429 0.777749 0.754541 0.734397 0.716982 0.702027 0.689309 0.678649 0.669904 0.662958 0.657722 0.654132 0.652144 0.651733 0.652895 0.655643 0.660011 0.666053 0.673845 0.683487 0.695108 0.708869 0.724967 0.743646 0.764927 0.759357 0.755674 0.753834 0.753815 0.755616 0.759259 0.764789 0.772274 0.781809 0.793518 0.807558 0.824125 0.843460 0.865861 0.891690 0.921397 0.955532 0.941049 0.923097 0.907964 0.895442 0.885364 0.877601 0.872056 0.868660 0.867372 0.868176 0.871081 0.876125 0.883367 0.892899 0.904843 0.919355 0.927489 0.885780 0.849619 0.818189 12365.000000 1.327113 0.873334
0.759259 0.764789 0.772274 0.781809 0.793518 0.807558 0.824125 0.843460 0.865861 0.891690 0.921397 0.955532 0.941049 0.923097 0.907964 0.895442 0.885364 0.877601 0.872056 0.868660 0.867372 0.868176 0.871081 0.876125 0.883367 0.892899 0.904843 0.919355 0.927489 0.885780 0.849619 0.818189 0.790838 0.767045 0.746388 0.728523 0.713171 0.700105 0.689139 0.680124 0.672943 0.667503 0.663736 0.661597 0.661058 0.662115 0.664778 0.669082 0.675079 0.682844 0.692477 0.704107 0.717893 0.734034 0.747636 0.738765 0.731845 0.726788 0.723532 0.722036 0.722283 0.724275 0.728038 0.733616 0.741079 0.750523 0.762070 0.775876 0.792135 0.811086 0.833022 0.858302 0.887370 0.920771 0.959187 1.000000 0.969600 0.943200 0.920357 0.900713 0.883976 0.869906 0.858313 0.849043 0.841978 0.837030 0.834137 0.833264 0.834401 0.837562 0.842785 0.850135 0.859703 0.871613 0.886021 0.903127 0.870355 0.835087 0.804429 0.777749 0.754541 0.734397 0.716982 0.702027 0.689309 0.678649 0.669904 0.662958 0.657722 0.654132 0.652144 0.651733 0.652895 0.655643 0.660011 0.666053 0.673845 0.683487 0.695108 0.708869 0.724967 0.743646 0.764927 0.759357 0.755674 0.753834 0.753815 0.755616 12365.000000 1.327113 0.873334
0.820503 0.792300 0.767760 0.746438 0.727975 0.712078 0.698506 0.687067 0.677602 0.669987 0.664123 0.659937 0.657377 0.656412 0.657031 0.659240 0.654686 0.639347 0.626183 0.615003 0.605649 0.597993 0.591937 0.587404 0.584336 0.582697 0.582466 0.583641 0.586236 0.590282 0.595830 0.602949 0.611733 0.622297 0.634789 0.649389 0.666319 0.685852 0.708324 0.734146 0.763831 0.798022 0.837530 0.883392 0.936956 1.000000 0.989170 0.924075 0.868983 0.821960 0.781550 0.746642 0.716371 0.690056 0.667157 0.647238 0.629947 0.614999 0.602161 0.591243 0.582092 0.574583 0.568617 0.564119 0.561032 0.559320 0.558960 0.559948 0.559225 0.556891 0.555910 0.556270 0.557976 0.561048 0.565524 0.571459 0.578930 0.588035 0.598896 0.611667 0.626537 0.643737 0.663553 0.686332 0.712509 0.742622 0.777348 0.817548 0.864327 0.895103 0.860408 0.830227 0.803962 0.781133 0.761348 0.744289 0.729698 0.717362 0.707112 0.698810 0.692349 0.687649 0.684650 0.683316 0.683631 0.685598 0.685602 0.673750 0.663872 0.655837 0.649540 0.644902 0.641865 0.640392 0.640465 0.642085 0.645272 0.650064 0.656522 0.664726 0.674785 0.686832 0.701038 0.717608 0.736799 0.758923 0.784365 0.813600 951.500000 1.106369 0.773139
0.729698 0.717362 0.707112 0.698810 0.692349 0.687649 0.684650 0.683316 0.683631 0.685598 0.685602 0.673750 0.663872 0.655837 0.649540 0.644902 0.641865 0.640392 0.640465 0.642085 0.645272 0.650064 0.656522 0.664726 0.674785 0.686832 0.701038 0.717608 0.736799 0.758923 0.784365 0.813600 0.820503 0.792300 0.767760 0.746438 0.727975 0.712078 0.698506 0.687067 0.677602 0.669987 0.664123 0.659937 0.657377 0.656412 0.657031 0.659240 0.654686 0.639347 0.626183 0.615003 0.605649 0.597993 0.591937 0.587404 0.584336 0.582697 0.582466 0.583641 0.586236 0.590282 0.595830 0.602949 0.611733 0.622297 0.634789 0.649389 0.666319 0.685852 0.708324 0.734146 0.763831 0.798022 0.837530 0.883392 0.936956 1.000000 0.989170 0.924075 0.868983 0.821960 0.781550 0.746642 0.716371 0.690056 0.667157 0.647238 0.629947 0.614999 0.602161 0.591243 0.582092 0.574583 0.568617 0.564119 0.561032 0.559320 0.558960 0.559948 0.559225 0.556891 0.555910 0.556270 0.557976 0.561048 0.565524 0.571459 0.578930 0.588035 0.598896 0.611667 0.626537 0.643737 0.663553 0.686332 0.712509 0.742622 0.777348 0.817548 0.864327 0.895103 0.860408 0.830227 0.803962 0.781133 0.761348 0.744289 951.500000 1.106369 0.773139
0.561032 0.559320 0.558960 0.559948 0.559225 0.556891 0.555910 0.556270 0.557976 0.561048 0.565524 0.571459 0.578930 0.588035 0.598896 0.611667 0.626537 0.643737 0.663553 0.686332 0.712509 0.742622 0.777348 0.817548 0.864327 0.895103 0.860408 0.830227 0.803962 0.781133 0.761348 0.744289 0.729698 0.717362 0.707112 0.698810 0.692349 0.687649 0.684650 0.683316 0.683631 0.685598 0.685602 0.673750 0.663872 0.655837 0.649540 0.644902 0.641865 0.640392 0.640465 0.642085 0.645272 0.650064 0.656522 0.664726 0.674785 0.686832 0.701038 0.717608 0.736799 0.758923 0.784365 0.813600 0.820503 0.792300 0.767760 0.746438 0.727975 0.712078 0.698506 0.687067 0.677602 0.669987 0.664123 0.659937 0.657377 0.656412 0.657031 0.659240 0.654686 0.639347 0.626183 0.615003 0.605649 0.597993 0.591937 0.587404 0.584336 0.582697 0.582466 0.583641 0.586236 0.590282 0.595830 0.602949 0.611733 0.622297 0.634789 0.649389 0.666319 0.685852 0.708324 0.734146 0.763831 0.798022 0.837530 0.883392 0.936956 1.000000 0.989170 0.924075 0.868983 0.821960 0.781550 0.746642 0.716371 0.690056 0.667157 0.647238 0.629947 0.614999 0.602161 0.591243 0.582092 0.574583 0.568617 0.564119 951.500000 1.106369 0.773139
0.611733 0.622297 0.634789 0.649389 0.666319 0.685852 0.708324 0.734146 0.763831 0.798022 0.837530 0.883392 0.936956 1.000000 0.989170 0.924075 0.868983 0.821960 0.781550 0.746642 0.716371 0.690056 0.667157 0.647238 0.629947 0.614999 0.602161 0.591243 0.582092 0.574583 0.568617 0.564119 0.561032 0.559320 0.558960 0.559948 0.559225 0.556891 0.555910 0.556270 0.557976 0.561048 0.565524 0.571459 0.578930 0.588035 0.598896 0.611667 0.626537 0.643737 0.663553 0.686332 0.712509 0.742622 0.777348 0.817548 0.864327 0.895103 0.860408 0.830227 0.803962 0.781133 0.761348 0.744289 0.729698 0.717362 0.707112 0.698810 0.692349 0.687649 0.684650 0.683316 0.683631 0.685598 0.685602 0.673750 0.663872 0.655837 0.649540 0.644902 0.641865 0.640392 0.640465 0.642085 0.645272 0.650064 0.656522 0.664726 0.674785 0.686832 0.701038 0.717608 0.736799 0.758923 0.784365 0.813600 0.820503 0.792300 0.767760 0.746438 0.727975 0.712078 0.698506 0.687067 0.677602 0.669987 0.664123 0.659937 0.657377 0.656412 0.657031 0.659240 0.654686 0.639347 0.626183 0.615003 0.605649 0.597993 0.591937 0.587404 0.584336 0.582697 0.582466 0.583641 0.586236 0.590282 0.595830 0.602949 951.500000 1.106369 0.773139
0.652132 0.613209 0.579988 0.551442 0.526784 0.505402 0.486816 0.470641 0.456571 0.444358 0.433798 0.424729 0.417015 0.410547 0.405238 0.401019 0.397835 0.395647 0.394428 0.394163 0.394849 0.396495 0.399119 0.402755 0.407449 0.413261 0.420268 0.428567 0.438278 0.449547 0.462554 0.477521 0.494721 0.514492 0.537257 0.563551 0.594056 0.629655 0.671515 0.721197 0.780849 0.853501 0.943566 1.000000 0.893725 0.809632 0.741637 0.685701 0.639042 0.599682 0.566174 0.537438 0.512654 0.491186 0.472536 0.456310 0.442191 0.429924 0.419303 0.410158 0.402351 0.395772 0.390330 0.385953 0.382584 0.380182 0.378716 0.378169 0.378534 0.379816 0.382030 0.385204 0.389376 0.394601 0.400947 0.408501 0.417369 0.427685 0.439609 0.453340 0.469124 0.487262 0.508133 0.532211 0.560102 0.592583 0.630677 0.675745 0.729642 0.794964 0.808302 0.763660 0.725348 0.692284 0.663632 0.638735 0.617072 0.598223 0.581852 0.567685 0.555497 0.545108 0.536368 0.529159 0.523385 0.518972 0.515866 0.514028 0.513435 0.514080 0.515972 0.519133 0.523603 0.529436 0.536708 0.545516 0.555979 0.568247 0.582503 0.598974 0.617935 0.639727 0.664772 0.693598 0.726867 0.765425 0.753057 0.698128 7688.000000 1.431060 0.577173
0.617072 0.598223 0.581852 0.567685 0.555497 0.545108 0.536368 0.529159 0.523385 0.518972 0.515866 0.514028 0.513435 0.514080 0.515972 0.519133 0.523603 0.529436 0.536708 0.545516 0.555979 0.568247 0.582503 0.598974 0.617935 0.639727 0.664772 0.693598 0.726867 0.765425 0.753057 0.698128 0.652132 0.613209 0.579988 0.551442 0.526784 0.505402 0.486816 0.470641 0.456571 0.444358 0.433798 0.424729 0.417015 0.410547 0.405238 0.401019 0.397835 0.395647 0.394428 0.394163 0.394849 0.396495 0.399119 0.402755 0.407449 0.413261 0.420268 0.428567 0.438278 0.449547 0.462554 0.477521 0.494721 0.514492 0.537257 0.563551 0.594056 0.629655 0.671515 0.721197 0.780849 0.853501 0.943566 1.000000 0.893725 0.809632 0.741637 0.685701 0.639042 0.599682 0.566174 0.537438 0.512654 0.491186 0.472536 0.456310 0.442191 0.429924 0.419303 0.410158 0.402351 0.395772 0.390330 0.385953 0.382584 0.380182 0.378716 0.378169 0.378534 0.379816 0.382030 0.385204 0.389376 0.394601 0.400947 0.408501 0.417369 0.427685 0.439609 0.453340 0.469124 0.487262 0.508133 0.532211 0.560102 0.592583 0.630677 0.675745 0.729642 0.794964 0.808302 0.763660 0.725348 0.692284 0.663632 0.638735 7688.000000 1.431060 0.577173
0.382584 0.380182 0.378716 0.378169 0.378534 0.379816 0.382030 0.385204 0.389376 0.394601 0.400947 0.408501 0.417369 0.427685 0.439609 0.453340 0.469124 0.487262 0.508133 0.532211 0.560102 0.592583 0.630677 0.675745 0.729642 0.794964 0.808302 0.763660 0.725348 0.692284 0.663632 0.638735 0.617072 0.598223 0.581852 0.567685 0.555497 0.545108 0.536368 0.529159 0.523385 0.518972 0.515866 0.514028 0.513435 0.514080 0.515972 0.519133 0.523603 0.529436 0.536708 0.545516 0.555979 0.568247 0.582503 0.598974 0.617935 0.639727 0.664772 0.693598 0.726867 0.765425 0.753057 0.698128 0.652132 0.613209 0.579988 0.551442 0.526784 0.505402 0.486816 0.470641 0.456571 0.444358 0.433798 0.424729 0.417015 0.410547 0.405238 0.401019 0.397835 0.395647 0.394428 0.394163 0.394849 0.396495 0.399119 0.402755 0.407449 0.413261 0.420268 0.428567 0.438278 0.449547 0.462554 0.477521 0.494721 0.514492 0.537257 0.563551 0.594056 0.629655 0.671515 0.721197 0.780849 0.853501 0.943566 1.000000 0.893725 0.809632 0.741637 0.685701 0.639042 0.599682 0.566174 0.537438 0.512654 0.491186 0.472536 0.456310 0.442191 0.429924 0.419303 0.410158 0.402351 0.395772 0.390330 0.385953 7688.000000 1.431060 0.577173
0.494721 0.514492 0.537257 0.563551 0.594056 0.629655 0.671515 0.721197 0.780849 0.853501 0.943566 1.000000 0.893725 0.809632 0.741637 0.685701 0.639042 0.599682 0.566174 0.537438 0.512654 0.491186 0.472536 0.456310 0.442191 0.429924 0.419303 0.410158 0.402351 0.395772 0.390330 0.385953 0.382584 0.380182 0.378716 0.378169 0.378534 0.379816 0.382030 0.385204 0.389376 0.394601 0.400947 0.408501 0.417369 0.427685 0.439609 0.453340 0.469124 0.487262 0.508133 0.532211 0.560102 0.592583 0.630677 0.675745 0.729642 0.794964 0.808302 0.763660 0.725348 0.692284 0.663632 0.638735 0.617072 0.598223 0.581852 0.567685 0.555497 0.545108 0.536368 0.529159 0.523385 0.518972 0.515866 0.514028 0.513435 0.514080 0.515972 0.519133 0.523603 0.529436 0.536708 0.545516 0.555979 0.568247 0.582503 0.598974 0.617935 0.639727 0.664772 0.693598 0.726867 0.765425 0.753057 0.698128 0.652132 0.613209 0.579988 0.551442 0.526784 0.505402 0.486816 0.470641 0.456571 0.444358 0.433798 0.424729 0.417015 0.410547 0.405238 0.401019 0.397835 0.395647 0.394428 0.394163 0.394849 0.396495 0.399119 0.402755 0.407449 0.413261 0.420268 0.428567 0.438278 0.449547 0.462554 0.477521 7688.000000 1.431060 0.577173
